journal_name,issn_print,issn_online,first_seen,last_seen,esac_id
Blue-Green Systems,NA,2617-4782,2026-01-09,NA,iwa2024eifl
H2Open Journal,NA,2616-6518,2026-01-09,NA,iwa2024eifl
Hydrology Research,NA,2224-7955,2026-01-09,NA,iwa2024eifl
Ingeneria del Agua,NA,1886-4996,2026-01-09,NA,iwa2024eifl
Journal of Hydroinformatics,NA,1465-1734,2026-01-09,NA,iwa2024eifl
Journal of Water and Climate Change,NA,2408-9354,2026-01-09,NA,iwa2024eifl
Journal of Water and Health,NA,1996-7829,2026-01-09,NA,iwa2024eifl
Water Reuse,NA,2709-6106,2026-01-09,NA,iwa2024eifl
"AQUA - Water Infrastructure, Ecosystems and Society",NA,2709-8036,2026-01-09,NA,iwa2024eifl
"Journal of Water, Sanitation and Hygiene for Development",NA,2408-9362,2026-01-09,NA,iwa2024eifl
Water Policy,NA,1996-9759,2026-01-09,NA,iwa2024eifl
Water Practice & Technology,NA,1751-231X,2026-01-09,NA,iwa2024eifl
Water Quality Research Journal,NA,2709-8052,2026-01-09,NA,iwa2024eifl
Water Science & Technology,NA,1996-9732,2026-01-09,NA,iwa2024eifl
Water Supply,NA,1607-0798,2026-01-09,NA,iwa2024eifl
AACE Endocrinology and Diabetes,NA,3050-9157,2026-05-21,NA,eme2025ukb
aBIOTECH,NA,2662-1738,2026-05-21,NA,eme2025ukb
Academic Pathology,NA,2374-2895,2026-05-21,NA,eme2025ukb
Academic Pediatrics,NA,1876-2859,2026-05-21,NA,eme2025ukb
Academic Radiology,NA,1076-6332,2026-05-21,NA,eme2025ukb
Accident Analysis & Prevention,NA,0001-4575,2026-05-21,NA,eme2025ukb
Accounting Open,NA,3050-5461,2026-05-21,NA,eme2025ukb
"Accounting, Organizations and Society",NA,0361-3682,2026-05-21,NA,eme2025ukb
Acta Astronautica,NA,0094-5765,2026-05-21,NA,eme2025ukb
Acta Biomaterialia,NA,1742-7061,2026-05-21,NA,eme2025ukb
Acta Colombiana de Cuidado Intensivo,NA,0122-7262,2026-05-21,NA,eme2025ukb
Acta Histochemica,NA,0065-1281,2026-05-21,NA,eme2025ukb
Acta Materialia,NA,1359-6454,2026-05-21,NA,eme2025ukb
Acta Oecologica,NA,1146-609X,2026-05-21,NA,eme2025ukb
Acta Otorrinolaringológica (English Edition),NA,2173-5735,2026-05-21,NA,eme2025ukb
Acta Otorrinolaringológica Española,NA,0001-6519,2026-05-21,NA,eme2025ukb
Acta Pharmaceutica Sinica B,NA,2211-3835,2026-05-21,NA,eme2025ukb
Acta Physico-Chimica Sinica,NA,1000-6818,2026-05-21,NA,eme2025ukb
Acta Psychologica,NA,0001-6918,2026-05-21,NA,eme2025ukb
Acta Tropica,NA,0001-706X,2026-05-21,NA,eme2025ukb
Actas Urológicas Españolas,NA,0210-4806,2026-05-21,NA,eme2025ukb
Actas Urológicas Españolas (English Edition),NA,2173-5786,2026-05-21,NA,eme2025ukb
Ad Hoc Networks,NA,1570-8705,2026-05-21,NA,eme2025ukb
Addiction Neuroscience,NA,2772-3925,2026-05-21,NA,eme2025ukb
Addictive Behaviors,NA,0306-4603,2026-05-21,NA,eme2025ukb
Addictive Behaviors Reports,NA,2352-8532,2026-05-21,NA,eme2025ukb
Additive Manufacturing,NA,2214-8604,2026-05-21,NA,eme2025ukb
Additive Manufacturing Letters,NA,2772-3690,2026-05-21,NA,eme2025ukb
Advanced Drug Delivery Reviews,NA,0169-409X,2026-05-21,NA,eme2025ukb
Advanced Engineering Informatics,NA,1474-0346,2026-05-21,NA,eme2025ukb
Advanced Powder Technology,NA,0921-8831,2026-05-21,NA,eme2025ukb
Advanced Sensor and Energy Materials,NA,2773-045X,2026-05-21,NA,eme2025ukb
Advances in Accounting,NA,0882-6110,2026-05-21,NA,eme2025ukb
Advances in Applied Energy,NA,2666-7924,2026-05-21,NA,eme2025ukb
Advances in Applied Mathematics,NA,0196-8858,2026-05-21,NA,eme2025ukb
Advances in Bamboo Science,NA,2773-1391,2026-05-21,NA,eme2025ukb
Advances in Biological Regulation,NA,2212-4926,2026-05-21,NA,eme2025ukb
Advances in Business and Management Research,NA,3051-0511,2026-05-21,NA,eme2025ukb
Advances in Cancer Biology - Metastasis,NA,2667-3940,2026-05-21,NA,eme2025ukb
Advances in Colloid and Interface Science,NA,0001-8686,2026-05-21,NA,eme2025ukb
Advances in Engineering Software,NA,0965-9978,2026-05-21,NA,eme2025ukb
Advances in Industrial and Manufacturing Engineering,NA,2666-9129,2026-05-21,NA,eme2025ukb
Advances in Integrative Medicine,NA,2212-9588,2026-05-21,NA,eme2025ukb
Advances in Kidney Disease and Health,NA,2949-8139,2026-05-21,NA,eme2025ukb
Advances in Life Course Research,NA,1569-4909,2026-05-21,NA,eme2025ukb
Advances in Mathematics,NA,0001-8708,2026-05-21,NA,eme2025ukb
Advances in Medical Sciences,NA,1896-1126,2026-05-21,NA,eme2025ukb
Advances in Nutrition,NA,2161-8313,2026-05-21,NA,eme2025ukb
Advances in Ophthalmology Practice and Research,NA,2667-3762,2026-05-21,NA,eme2025ukb
Advances in Oral and Maxillofacial Surgery,NA,2667-1476,2026-05-21,NA,eme2025ukb
Advances in Patient-Reported Outcomes,NA,3050-6964,2026-05-21,NA,eme2025ukb
Advances in Radiation Oncology,NA,2452-1094,2026-05-21,NA,eme2025ukb
Advances in Redox Research,NA,2667-1379,2026-05-21,NA,eme2025ukb
Advances in Sample Preparation,NA,2772-5820,2026-05-21,NA,eme2025ukb
Advances in Space Research,NA,0273-1177,2026-05-21,NA,eme2025ukb
Advances in Water Resources,NA,0309-1708,2026-05-21,NA,eme2025ukb
Advancing Medical-Surgical Nursing,NA,3050-8592,2026-05-21,NA,eme2025ukb
Aeolian Research,NA,1875-9637,2026-05-21,NA,eme2025ukb
Aerospace Science and Technology,NA,1270-9638,2026-05-21,NA,eme2025ukb
AEÜ - International Journal of Electronics and Communications,NA,1434-8411,2026-05-21,NA,eme2025ukb
African Journal of Emergency Medicine,NA,2211-419X,2026-05-21,NA,eme2025ukb
African Transport Studies,NA,2950-1962,2026-05-21,NA,eme2025ukb
Ageing Research Reviews,NA,1568-1637,2026-05-21,NA,eme2025ukb
Aggression and Violent Behavior,NA,1359-1789,2026-05-21,NA,eme2025ukb
Aging and Health Research,NA,2667-0321,2026-05-21,NA,eme2025ukb
Aging Brain,NA,2589-9589,2026-05-21,NA,eme2025ukb
Agricultural and Forest Meteorology,NA,0168-1923,2026-05-21,NA,eme2025ukb
Agricultural Systems,NA,0308-521X,2026-05-21,NA,eme2025ukb
Agricultural Water Management,NA,0378-3774,2026-05-21,NA,eme2025ukb
"Agriculture, Ecosystems & Environment",NA,0167-8809,2026-05-21,NA,eme2025ukb
AI Thermal Fluids,NA,3050-5852,2026-05-21,NA,eme2025ukb
Ain Shams Engineering Journal,NA,2090-4479,2026-05-21,NA,eme2025ukb
Air Medical Journal,NA,1067-991X,2026-05-21,NA,eme2025ukb
AJO International,NA,2950-2535,2026-05-21,NA,eme2025ukb
AJO-DO Clinical Companion,NA,2666-4305,2026-05-21,NA,eme2025ukb
AJOG Global Reports,NA,2666-5778,2026-05-21,NA,eme2025ukb
AJPM Focus,NA,2773-0654,2026-05-21,NA,eme2025ukb
Alcohol,NA,0741-8329,2026-05-21,NA,eme2025ukb
Alexandria Engineering Journal,NA,1110-0168,2026-05-21,NA,eme2025ukb
Algal Research,NA,2211-9264,2026-05-21,NA,eme2025ukb
American Heart Journal,NA,0002-8703,2026-05-21,NA,eme2025ukb
American Heart Journal Plus: Cardiology Research and Practice,NA,2666-6022,2026-05-21,NA,eme2025ukb
American Journal of Emergency Medicine,NA,0735-6757,2026-05-21,NA,eme2025ukb
American Journal of Infection Control,NA,0196-6553,2026-05-21,NA,eme2025ukb
American Journal of Kidney Diseases,NA,0272-6386,2026-05-21,NA,eme2025ukb
American Journal of Medicine Open,NA,2667-0364,2026-05-21,NA,eme2025ukb
American Journal of Obstetrics & Gynecology,NA,0002-9378,2026-05-21,NA,eme2025ukb
American Journal of Obstetrics & Gynecology MFM,NA,2589-9333,2026-05-21,NA,eme2025ukb
American Journal of Ophthalmology,NA,0002-9394,2026-05-21,NA,eme2025ukb
American Journal of Ophthalmology Case Reports,NA,2451-9936,2026-05-21,NA,eme2025ukb
American Journal of Orthodontics and Dentofacial Orthopedics,NA,0889-5406,2026-05-21,NA,eme2025ukb
American Journal of Otolaryngology,NA,0196-0709,2026-05-21,NA,eme2025ukb
American Journal of Pharmaceutical Education,NA,0002-9459,2026-05-21,NA,eme2025ukb
American Journal of Preventive Cardiology,NA,2666-6677,2026-05-21,NA,eme2025ukb
American Journal of Preventive Medicine,NA,0749-3797,2026-05-21,NA,eme2025ukb
American Journal of Transplantation,NA,1600-6135,2026-05-21,NA,eme2025ukb
Ampersand,NA,2215-0390,2026-05-21,NA,eme2025ukb
Anaerobe,NA,1075-9964,2026-05-21,NA,eme2025ukb
Anaesthesia Critical Care & Pain Medicine,NA,2352-5568,2026-05-21,NA,eme2025ukb
Analytic Methods in Accident Research,NA,2213-6657,2026-05-21,NA,eme2025ukb
Analytica Chimica Acta,NA,0003-2670,2026-05-21,NA,eme2025ukb
Analytical Biochemistry,NA,0003-2697,2026-05-21,NA,eme2025ukb
Anesthésie & Réanimation,NA,2352-5800,2026-05-21,NA,eme2025ukb
animal,NA,1751-7311,2026-05-21,NA,eme2025ukb
animal - open space,NA,2772-6940,2026-05-21,NA,eme2025ukb
Animal Behaviour,NA,0003-3472,2026-05-21,NA,eme2025ukb
Animal Feed Science and Technology,NA,0377-8401,2026-05-21,NA,eme2025ukb
Animal Reproduction Science,NA,0378-4320,2026-05-21,NA,eme2025ukb
Annales de Chirurgie Plastique Esthétique,NA,0294-1260,2026-05-21,NA,eme2025ukb
Annales de Dermatologie et de Vénéréologie,NA,0151-9638,2026-05-21,NA,eme2025ukb
Annales de Paléontologie,NA,0753-3969,2026-05-21,NA,eme2025ukb
Annales de Pathologie,NA,0242-6498,2026-05-21,NA,eme2025ukb
Annales d'Endocrinologie,NA,0003-4266,2026-05-21,NA,eme2025ukb
Annales Françaises d'Oto-Rhino-Laryngologie et de Pathologie Cervico-Faciale,NA,1879-7261,2026-05-21,NA,eme2025ukb
Annales Médico-Psychologiques,NA,0003-4487,2026-05-21,NA,eme2025ukb
Annals of 3D Printed Medicine,NA,2666-9641,2026-05-21,NA,eme2025ukb
Annals of Agricultural Sciences,NA,0570-1783,2026-05-21,NA,eme2025ukb
"Annals of Allergy, Asthma & Immunology",NA,1081-1206,2026-05-21,NA,eme2025ukb
Annals of Anatomy,NA,0940-9602,2026-05-21,NA,eme2025ukb
Annals of Diagnostic Pathology,NA,1092-9134,2026-05-21,NA,eme2025ukb
Annals of Emergency Medicine,NA,0196-0644,2026-05-21,NA,eme2025ukb
Annals of Epidemiology,NA,1047-2797,2026-05-21,NA,eme2025ukb
Annals of Hepatology,NA,1665-2681,2026-05-21,NA,eme2025ukb
Annals of Intensive Care,NA,2110-5820,2026-05-21,NA,eme2025ukb
Annals of Nuclear Energy,NA,0306-4549,2026-05-21,NA,eme2025ukb
Annals of Oncology,NA,0923-7534,2026-05-21,NA,eme2025ukb
Annals of Physical and Rehabilitation Medicine,NA,1877-0657,2026-05-21,NA,eme2025ukb
Annals of Physics,NA,0003-4916,2026-05-21,NA,eme2025ukb
Annals of Pure and Applied Logic,NA,0168-0072,2026-05-21,NA,eme2025ukb
Annals of the Rheumatic Diseases,NA,0003-4967,2026-05-21,NA,eme2025ukb
Annals of Thoracic Surgery Short Reports,NA,2772-9931,2026-05-21,NA,eme2025ukb
Annals of Tourism Research,NA,0160-7383,2026-05-21,NA,eme2025ukb
Annals of Tourism Research Empirical Insights,NA,2666-9579,2026-05-21,NA,eme2025ukb
Annals of Vascular Surgery,NA,0890-5096,2026-05-21,NA,eme2025ukb
Annals of Vascular Surgery - Brief Reports and Innovations,NA,2772-6878,2026-05-21,NA,eme2025ukb
Annual Reviews in Control,NA,1367-5788,2026-05-21,NA,eme2025ukb
Anthropocene,NA,2213-3054,2026-05-21,NA,eme2025ukb
Antiviral Research,NA,0166-3542,2026-05-21,NA,eme2025ukb
Appetite,NA,0195-6663,2026-05-21,NA,eme2025ukb
Appetite: Disordered Eating,NA,3117-3950,2026-05-21,NA,eme2025ukb
Applications in Energy and Combustion Science,NA,2666-352X,2026-05-21,NA,eme2025ukb
Applications in Engineering Science,NA,2666-4968,2026-05-21,NA,eme2025ukb
Applied Acoustics,NA,0003-682X,2026-05-21,NA,eme2025ukb
Applied and Computational Harmonic Analysis,NA,1063-5203,2026-05-21,NA,eme2025ukb
Applied Animal Behaviour Science,NA,0168-1591,2026-05-21,NA,eme2025ukb
Applied Animal Science,NA,2590-2865,2026-05-21,NA,eme2025ukb
Applied Biomolecules: Bioactive Materials,NA,3117-5031,2026-05-21,NA,eme2025ukb
Applied Catalysis A: General,NA,0926-860X,2026-05-21,NA,eme2025ukb
Applied Catalysis B: Environment and Energy,NA,0926-3373,2026-05-21,NA,eme2025ukb
Applied Catalysis O: Open,NA,2950-6484,2026-05-21,NA,eme2025ukb
Applied Clay Science,NA,0169-1317,2026-05-21,NA,eme2025ukb
Applied Computing and Geosciences,NA,2590-1974,2026-05-21,NA,eme2025ukb
Applied Corpus Linguistics,NA,2666-7991,2026-05-21,NA,eme2025ukb
Applied Energy,NA,0306-2619,2026-05-21,NA,eme2025ukb
Applied Ergonomics,NA,0003-6870,2026-05-21,NA,eme2025ukb
Applied Food Research,NA,2772-5022,2026-05-21,NA,eme2025ukb
Applied Geochemistry,NA,0883-2927,2026-05-21,NA,eme2025ukb
Applied Geography,NA,0143-6228,2026-05-21,NA,eme2025ukb
Applied Materials Today,NA,2352-9407,2026-05-21,NA,eme2025ukb
Applied Mathematical Modelling,NA,0307-904X,2026-05-21,NA,eme2025ukb
Applied Mathematics and Computation,NA,0096-3003,2026-05-21,NA,eme2025ukb
Applied Mathematics Letters,NA,0893-9659,2026-05-21,NA,eme2025ukb
Applied Numerical Mathematics,NA,0168-9274,2026-05-21,NA,eme2025ukb
Applied Nursing Research,NA,0897-1897,2026-05-21,NA,eme2025ukb
Applied Ocean Research,NA,0141-1187,2026-05-21,NA,eme2025ukb
Applied Radiation and Isotopes,NA,0969-8043,2026-05-21,NA,eme2025ukb
Applied Soft Computing,NA,1568-4946,2026-05-21,NA,eme2025ukb
Applied Soil Ecology,NA,0929-1393,2026-05-21,NA,eme2025ukb
Applied Studies in Innovative Learning and Teaching,NA,3051-3243,2026-05-21,NA,eme2025ukb
Applied Surface Science,NA,0169-4332,2026-05-21,NA,eme2025ukb
Applied Surface Science Advances,NA,2666-5239,2026-05-21,NA,eme2025ukb
Applied Thermal Engineering,NA,1359-4311,2026-05-21,NA,eme2025ukb
Aquacultural Engineering,NA,0144-8609,2026-05-21,NA,eme2025ukb
Aquaculture,NA,0044-8486,2026-05-21,NA,eme2025ukb
Aquaculture Reports,NA,2352-5134,2026-05-21,NA,eme2025ukb
Aquatic Botany,NA,0304-3770,2026-05-21,NA,eme2025ukb
Aquatic Toxicology,NA,0166-445X,2026-05-21,NA,eme2025ukb
Arab Journal of Gastroenterology,NA,1687-1979,2026-05-21,NA,eme2025ukb
Archaeological Research in Asia,NA,2352-2267,2026-05-21,NA,eme2025ukb
Archives de Pédiatrie,NA,0929-693X,2026-05-21,NA,eme2025ukb
Archives des Maladies du Coeur et des Vaisseaux: Pratique,NA,1261-694X,2026-05-21,NA,eme2025ukb
Archives des Maladies Professionnelles et de l'Environnement,NA,1775-8785,2026-05-21,NA,eme2025ukb
Archives of Biochemistry and Biophysics,NA,0003-9861,2026-05-21,NA,eme2025ukb
Archives of Cardiovascular Diseases,NA,1875-2136,2026-05-21,NA,eme2025ukb
Archives of Gerontology and Geriatrics,NA,0167-4943,2026-05-21,NA,eme2025ukb
Archives of Gerontology and Geriatrics Plus,NA,2950-3078,2026-05-21,NA,eme2025ukb
Archives of Legal Medicine,NA,2950-3949,2026-05-21,NA,eme2025ukb
Archives of Medical Research,NA,0188-4409,2026-05-21,NA,eme2025ukb
Archives of Oral Biology,NA,0003-9969,2026-05-21,NA,eme2025ukb
Archives of Physical Medicine and Rehabilitation,NA,0003-9993,2026-05-21,NA,eme2025ukb
Archives of Psychiatric Nursing,NA,0883-9417,2026-05-21,NA,eme2025ukb
Archives of Rehabilitation Research and Clinical Translation,NA,2590-1095,2026-05-21,NA,eme2025ukb
Archivos de Bronconeumología,NA,0300-2896,2026-05-21,NA,eme2025ukb
Archivos de la Sociedad Española de Oftalmología,NA,0365-6691,2026-05-21,NA,eme2025ukb
Archivos de la Sociedad Española de Oftalmología (English Edition),NA,2173-5794,2026-05-21,NA,eme2025ukb
Array,NA,2590-0056,2026-05-21,NA,eme2025ukb
Arthroplasty Today,NA,2352-3441,2026-05-21,NA,eme2025ukb
Arthropod Structure & Development,NA,1467-8039,2026-05-21,NA,eme2025ukb
Artificial Intelligence,NA,0004-3702,2026-05-21,NA,eme2025ukb
Artificial Intelligence Chemistry,NA,2949-7477,2026-05-21,NA,eme2025ukb
Artificial Intelligence for Transportation,NA,3050-8606,2026-05-21,NA,eme2025ukb
Artificial Intelligence in Emergency Medicine,NA,3051-2883,2026-05-21,NA,eme2025ukb
Artificial Intelligence in Medicine,NA,0933-3657,2026-05-21,NA,eme2025ukb
Artificial Intelligence in the Life Sciences,NA,2667-3185,2026-05-21,NA,eme2025ukb
Asia and the Global Economy,NA,2667-1115,2026-05-21,NA,eme2025ukb
Asia Pacific Management Review,NA,1029-3132,2026-05-21,NA,eme2025ukb
Asian Journal of Psychiatry,NA,1876-2018,2026-05-21,NA,eme2025ukb
Asian Journal of Social Science,NA,1568-4849,2026-05-21,NA,eme2025ukb
Asian Transport Studies,NA,2185-5560,2026-05-21,NA,eme2025ukb
Asia-Pacific Journal of Oncology Nursing,NA,2347-5625,2026-05-21,NA,eme2025ukb
Asia-Pacific Journal of Ophthalmology,NA,2162-0989,2026-05-21,NA,eme2025ukb
Aspects of Molecular Medicine,NA,2949-6888,2026-05-21,NA,eme2025ukb
ASPET Discovery,NA,3050-5674,2026-05-21,NA,eme2025ukb
Assessing Writing,NA,1075-2935,2026-05-21,NA,eme2025ukb
Astronomy and Computing,NA,2213-1337,2026-05-21,NA,eme2025ukb
Astroparticle Physics,NA,0927-6505,2026-05-21,NA,eme2025ukb
Atención Primaria,NA,0212-6567,2026-05-21,NA,eme2025ukb
Atherosclerosis,NA,0021-9150,2026-05-21,NA,eme2025ukb
Atherosclerosis Plus,NA,2667-0895,2026-05-21,NA,eme2025ukb
Atmospheric Environment,NA,1352-2310,2026-05-21,NA,eme2025ukb
Atmospheric Environment: X,NA,2590-1621,2026-05-21,NA,eme2025ukb
Atmospheric Pollution Research,NA,1309-1042,2026-05-21,NA,eme2025ukb
Atmospheric Research,NA,0169-8095,2026-05-21,NA,eme2025ukb
Atomic Data and Nuclear Data Tables,NA,0092-640X,2026-05-21,NA,eme2025ukb
Auris Nasus Larynx,NA,0385-8146,2026-05-21,NA,eme2025ukb
Australasian Emergency Care,NA,2588-994X,2026-05-21,NA,eme2025ukb
Australian and New Zealand Journal of Public Health,NA,1326-0200,2026-05-21,NA,eme2025ukb
Australian Critical Care,NA,1036-7314,2026-05-21,NA,eme2025ukb
Autoimmunity Reviews,NA,1568-9972,2026-05-21,NA,eme2025ukb
Automatica,NA,0005-1098,2026-05-21,NA,eme2025ukb
Automation in Construction,NA,0926-5805,2026-05-21,NA,eme2025ukb
Autonomic Neuroscience: Basic and Clinical,NA,1566-0702,2026-05-21,NA,eme2025ukb
Bacteriophage,NA,3051-2697,2026-05-21,NA,eme2025ukb
Basic and Applied Ecology,NA,1439-1791,2026-05-21,NA,eme2025ukb
BBA Advances,NA,2667-1603,2026-05-21,NA,eme2025ukb
Behavior Therapy,NA,0005-7894,2026-05-21,NA,eme2025ukb
Behaviour Research and Therapy,NA,0005-7967,2026-05-21,NA,eme2025ukb
Behavioural Brain Research,NA,0166-4328,2026-05-21,NA,eme2025ukb
Behavioural Processes,NA,0376-6357,2026-05-21,NA,eme2025ukb
Best Practice & Research Clinical Anaesthesiology,NA,1521-6896,2026-05-21,NA,eme2025ukb
Best Practice & Research Clinical Endocrinology & Metabolism,NA,1521-690X,2026-05-21,NA,eme2025ukb
Best Practice & Research Clinical Gastroenterology,NA,1521-6918,2026-05-21,NA,eme2025ukb
Best Practice & Research Clinical Haematology,NA,1521-6926,2026-05-21,NA,eme2025ukb
Best Practice & Research Clinical Obstetrics & Gynaecology,NA,1521-6934,2026-05-21,NA,eme2025ukb
Best Practice & Research Clinical Rheumatology,NA,1521-6942,2026-05-21,NA,eme2025ukb
Big Data Research,NA,2214-5796,2026-05-21,NA,eme2025ukb
Bioactive Carbohydrates and Dietary Fibre,NA,2212-6198,2026-05-21,NA,eme2025ukb
Biocatalysis and Agricultural Biotechnology,NA,1878-8181,2026-05-21,NA,eme2025ukb
Biochemical and Biophysical Research Communications,NA,0006-291X,2026-05-21,NA,eme2025ukb
Biochemical Engineering Journal,NA,1369-703X,2026-05-21,NA,eme2025ukb
Biochemical Pharmacology,NA,0006-2952,2026-05-21,NA,eme2025ukb
Biochemical Systematics and Ecology,NA,0305-1978,2026-05-21,NA,eme2025ukb
Biochemistry and Biophysics Reports,NA,2405-5808,2026-05-21,NA,eme2025ukb
Biochimica et Biophysica Acta: Bioenergetics,NA,0005-2728,2026-05-21,NA,eme2025ukb
Biochimica et Biophysica Acta: Biomembranes,NA,0005-2736,2026-05-21,NA,eme2025ukb
Biochimica et Biophysica Acta: Gene Regulatory Mechanisms,NA,1874-9399,2026-05-21,NA,eme2025ukb
Biochimica et Biophysica Acta: General Subjects,NA,0304-4165,2026-05-21,NA,eme2025ukb
Biochimica et Biophysica Acta: Molecular and Cell Biology of Lipids,NA,1388-1981,2026-05-21,NA,eme2025ukb
Biochimica et Biophysica Acta: Molecular Basis of Disease,NA,0925-4439,2026-05-21,NA,eme2025ukb
Biochimica et Biophysica Acta: Molecular Cell Research,NA,0167-4889,2026-05-21,NA,eme2025ukb
Biochimica et Biophysica Acta: Proteins and Proteomics,NA,1570-9639,2026-05-21,NA,eme2025ukb
Biochimica et Biophysica Acta: Reviews on Cancer,NA,0304-419X,2026-05-21,NA,eme2025ukb
Biochimie,NA,0300-9084,2026-05-21,NA,eme2025ukb
Biocybernetics and Biomedical Engineering,NA,0208-5216,2026-05-21,NA,eme2025ukb
BioDesign Research,NA,2693-1257,2026-05-21,NA,eme2025ukb
Bioelectrochemistry,NA,1567-5394,2026-05-21,NA,eme2025ukb
Biofilm,NA,2590-2075,2026-05-21,NA,eme2025ukb
Biological Conservation,NA,0006-3207,2026-05-21,NA,eme2025ukb
Biological Control,NA,1049-9644,2026-05-21,NA,eme2025ukb
Biological Psychiatry,NA,0006-3223,2026-05-21,NA,eme2025ukb
Biological Psychiatry Global Open Science,NA,2667-1743,2026-05-21,NA,eme2025ukb
Biological Psychiatry: Cognitive Neuroscience and Neuroimaging,NA,2451-9022,2026-05-21,NA,eme2025ukb
Biological Psychology,NA,0301-0511,2026-05-21,NA,eme2025ukb
Biologicals,NA,1045-1056,2026-05-21,NA,eme2025ukb
Biomarkers in Neuropsychiatry,NA,2666-1446,2026-05-21,NA,eme2025ukb
Biomass & Bioenergy,NA,0961-9534,2026-05-21,NA,eme2025ukb
Biomass Futures,NA,3051-4444,2026-05-21,NA,eme2025ukb
Biomaterials,NA,0142-9612,2026-05-21,NA,eme2025ukb
Biomaterials Advances,NA,2772-9508,2026-05-21,NA,eme2025ukb
Biomaterials and Biosystems,NA,2666-5344,2026-05-21,NA,eme2025ukb
Biomaterials and Living Medicine for Pharmaceutics,NA,3117-4663,2026-05-21,NA,eme2025ukb
Biomedical Engineering Advances,NA,2667-0992,2026-05-21,NA,eme2025ukb
Biomedical Journal,NA,2319-4170,2026-05-21,NA,eme2025ukb
Biomedical Signal Processing and Control,NA,1746-8094,2026-05-21,NA,eme2025ukb
Biomedicine & Pharmacotherapy,NA,0753-3322,2026-05-21,NA,eme2025ukb
Bioorganic & Medicinal Chemistry,NA,0968-0896,2026-05-21,NA,eme2025ukb
Bioorganic & Medicinal Chemistry Letters,NA,0960-894X,2026-05-21,NA,eme2025ukb
Bioorganic Chemistry,NA,0045-2068,2026-05-21,NA,eme2025ukb
Biophysical Chemistry,NA,0301-4622,2026-05-21,NA,eme2025ukb
Biophysical Reports,NA,2667-0747,2026-05-21,NA,eme2025ukb
Bioprinting,NA,2405-8866,2026-05-21,NA,eme2025ukb
Bioresource Technology,NA,0960-8524,2026-05-21,NA,eme2025ukb
Bioresource Technology Reports,NA,2589-014X,2026-05-21,NA,eme2025ukb
Biosafety and Health,NA,2590-0536,2026-05-21,NA,eme2025ukb
Biosensors and Bioelectronics,NA,0956-5663,2026-05-21,NA,eme2025ukb
Biosensors and Bioelectronics: X,NA,2590-1370,2026-05-21,NA,eme2025ukb
BioSystems,NA,0303-2647,2026-05-21,NA,eme2025ukb
Biosystems Engineering,NA,1537-5110,2026-05-21,NA,eme2025ukb
Biotechnology Advances,NA,0734-9750,2026-05-21,NA,eme2025ukb
Biotechnology Reports,NA,2215-017X,2026-05-21,NA,eme2025ukb
BJA Education,NA,2058-5349,2026-05-21,NA,eme2025ukb
BJA Open,NA,2772-6096,2026-05-21,NA,eme2025ukb
"Blood Cells, Molecules and Diseases",NA,1079-9796,2026-05-21,NA,eme2025ukb
Blood Reviews,NA,0268-960X,2026-05-21,NA,eme2025ukb
Body Image,NA,1740-1445,2026-05-21,NA,eme2025ukb
Boletín de la Sociedad Española de Cerámica y Vidrio,NA,0366-3175,2026-05-21,NA,eme2025ukb
Bone,NA,8756-3282,2026-05-21,NA,eme2025ukb
Bone Reports,NA,2352-1872,2026-05-21,NA,eme2025ukb
Brachytherapy,NA,1538-4721,2026-05-21,NA,eme2025ukb
Brain & Development,NA,0387-7604,2026-05-21,NA,eme2025ukb
Brain and Cognition,NA,0278-2626,2026-05-21,NA,eme2025ukb
Brain and Development Case Reports,NA,2950-2217,2026-05-21,NA,eme2025ukb
Brain and Environment,NA,3050-5917,2026-05-21,NA,eme2025ukb
Brain and Language,NA,0093-934X,2026-05-21,NA,eme2025ukb
Brain and Spine,NA,2772-5294,2026-05-21,NA,eme2025ukb
Brain Behavior and Immunity Integrative,NA,2949-8341,2026-05-21,NA,eme2025ukb
Brain Disorders,NA,2666-4593,2026-05-21,NA,eme2025ukb
Brain Mechanisms,NA,3050-6425,2026-05-21,NA,eme2025ukb
Brain Organoid and Systems Neuroscience Journal,NA,2949-9216,2026-05-21,NA,eme2025ukb
Brain Research,NA,0006-8993,2026-05-21,NA,eme2025ukb
Brain Research Bulletin,NA,0361-9230,2026-05-21,NA,eme2025ukb
Brain Stimulation,NA,1935-861X,2026-05-21,NA,eme2025ukb
"Brain, Behavior, & Immunity - Health",NA,2666-3546,2026-05-21,NA,eme2025ukb
"Brain, Behavior, and Immunity",NA,0889-1591,2026-05-21,NA,eme2025ukb
Brazilian Journal of Otorhinolaryngology,NA,1808-8694,2026-05-21,NA,eme2025ukb
Brazilian Journal of Physical Therapy,NA,1413-3555,2026-05-21,NA,eme2025ukb
British Journal of Anaesthesia,NA,0007-0912,2026-05-21,NA,eme2025ukb
British Journal of Oral and Maxillofacial Surgery,NA,0266-4356,2026-05-21,NA,eme2025ukb
Building and Environment,NA,0360-1323,2026-05-21,NA,eme2025ukb
Bulletin des Sciences Mathématiques,NA,0007-4497,2026-05-21,NA,eme2025ukb
Bulletin du Cancer,NA,0007-4551,2026-05-21,NA,eme2025ukb
Burns,NA,0305-4179,2026-05-21,NA,eme2025ukb
Burns Open,NA,2468-9122,2026-05-21,NA,eme2025ukb
Business Horizons,NA,0007-6813,2026-05-21,NA,eme2025ukb
Cahiers de Nutrition et de Diététique,NA,0007-9960,2026-05-21,NA,eme2025ukb
Calphad,NA,0364-5916,2026-05-21,NA,eme2025ukb
Canadian Journal of Cardiology,NA,0828-282X,2026-05-21,NA,eme2025ukb
Canadian Journal of Diabetes,NA,1499-2671,2026-05-21,NA,eme2025ukb
Canadian Journal of Ophthalmology,NA,0008-4182,2026-05-21,NA,eme2025ukb
Cancer Epidemiology,NA,1877-7821,2026-05-21,NA,eme2025ukb
Cancer Genetics,NA,2210-7762,2026-05-21,NA,eme2025ukb
Cancer Letters,NA,0304-3835,2026-05-21,NA,eme2025ukb
Cancer Neuroscience,NA,3051-3235,2026-05-21,NA,eme2025ukb
Cancer Pathogenesis and Therapy,NA,2949-7132,2026-05-21,NA,eme2025ukb
Cancer Radiothérapie,NA,1278-3218,2026-05-21,NA,eme2025ukb
Cancer Treatment and Research Communications,NA,2468-2942,2026-05-21,NA,eme2025ukb
Cancer Treatment Reviews,NA,0305-7372,2026-05-21,NA,eme2025ukb
Carbohydrate Polymer Technologies and Applications,NA,2666-8939,2026-05-21,NA,eme2025ukb
Carbohydrate Polymers,NA,0144-8617,2026-05-21,NA,eme2025ukb
Carbohydrate Research,NA,0008-6215,2026-05-21,NA,eme2025ukb
Carbon,NA,0008-6223,2026-05-21,NA,eme2025ukb
Carbon Capture Science & Technology,NA,2772-6568,2026-05-21,NA,eme2025ukb
Carbon Neutral Technologies,NA,3050-6603,2026-05-21,NA,eme2025ukb
Carbon Trends,NA,2667-0569,2026-05-21,NA,eme2025ukb
Cardiovascular Pathology,NA,1054-8807,2026-05-21,NA,eme2025ukb
Cardiovascular Revascularization Medicine,NA,1553-8389,2026-05-21,NA,eme2025ukb
Cardiovascular Revascularization Medicine: Interesting Cases,NA,2950-2756,2026-05-21,NA,eme2025ukb
CASE,NA,2468-6441,2026-05-21,NA,eme2025ukb
Case Reports in Women's Health,NA,2214-9112,2026-05-21,NA,eme2025ukb
Case Studies in Chemical and Environmental Engineering,NA,2666-0164,2026-05-21,NA,eme2025ukb
Case Studies in Construction Materials,NA,2214-5095,2026-05-21,NA,eme2025ukb
Case Studies in Thermal Engineering,NA,2214-157X,2026-05-21,NA,eme2025ukb
Case Studies on Transport Policy,NA,2213-624X,2026-05-21,NA,eme2025ukb
Catalysis Today,NA,0920-5861,2026-05-21,NA,eme2025ukb
CATENA,NA,0341-8162,2026-05-21,NA,eme2025ukb
Cell Calcium,NA,0143-4160,2026-05-21,NA,eme2025ukb
Cell Death,NA,3051-1151,2026-05-21,NA,eme2025ukb
Cell Genomics,NA,2666-979X,2026-05-21,NA,eme2025ukb
Cell Insight,NA,2772-8927,2026-05-21,NA,eme2025ukb
Cell Reports,NA,2211-1247,2026-05-21,NA,eme2025ukb
Cell Reports Medicine,NA,2666-3791,2026-05-21,NA,eme2025ukb
Cell Reports Methods,NA,2667-2375,2026-05-21,NA,eme2025ukb
Cell Reports Physical Science,NA,2666-3864,2026-05-21,NA,eme2025ukb
Cell Reports Sustainability,NA,2949-7906,2026-05-21,NA,eme2025ukb
Cell Stress and Chaperones,NA,1355-8145,2026-05-21,NA,eme2025ukb
Cells & Development,NA,2667-2901,2026-05-21,NA,eme2025ukb
Cellular and Molecular Gastroenterology and Hepatology,NA,2352-345X,2026-05-21,NA,eme2025ukb
Cellular Immunology,NA,0008-8749,2026-05-21,NA,eme2025ukb
Cellular Signalling,NA,0898-6568,2026-05-21,NA,eme2025ukb
Cement,NA,2666-5492,2026-05-21,NA,eme2025ukb
Cement and Concrete Composites,NA,0958-9465,2026-05-21,NA,eme2025ukb
Cement and Concrete Research,NA,0008-8846,2026-05-21,NA,eme2025ukb
Ceramics International,NA,0272-8842,2026-05-21,NA,eme2025ukb
Cerebral Circulation - Cognition and Behavior,NA,2666-2450,2026-05-21,NA,eme2025ukb
"Chaos, Solitons & Fractals",NA,0960-0779,2026-05-21,NA,eme2025ukb
Chemical Data Collections,NA,2405-8300,2026-05-21,NA,eme2025ukb
Chemical Engineering and Processing - Process Intensification,NA,0255-2701,2026-05-21,NA,eme2025ukb
Chemical Engineering Journal,NA,1385-8947,2026-05-21,NA,eme2025ukb
Chemical Engineering Journal Advances,NA,2666-8211,2026-05-21,NA,eme2025ukb
Chemical Engineering Journal: Green and Sustainable,NA,3051-0031,2026-05-21,NA,eme2025ukb
Chemical Engineering Research and Design,NA,0263-8762,2026-05-21,NA,eme2025ukb
Chemical Engineering Science,NA,0009-2509,2026-05-21,NA,eme2025ukb
Chemical Geology,NA,0009-2541,2026-05-21,NA,eme2025ukb
Chemical Physics,NA,0301-0104,2026-05-21,NA,eme2025ukb
Chemical Physics Impact,NA,2667-0224,2026-05-21,NA,eme2025ukb
Chemical Physics Letters,NA,0009-2614,2026-05-21,NA,eme2025ukb
Chemical Thermodynamics and Thermal Analysis,NA,2667-3126,2026-05-21,NA,eme2025ukb
Chemico-Biological Interactions,NA,0009-2797,2026-05-21,NA,eme2025ukb
Chemistry and Physics of Lipids,NA,0009-3084,2026-05-21,NA,eme2025ukb
Chemistry of Inorganic Materials,NA,2949-7469,2026-05-21,NA,eme2025ukb
Chemometrics and Intelligent Laboratory Systems,NA,0169-7439,2026-05-21,NA,eme2025ukb
Chemosphere,NA,0045-6535,2026-05-21,NA,eme2025ukb
CHEST,NA,0012-3692,2026-05-21,NA,eme2025ukb
CHEST Critical Care,NA,2949-7884,2026-05-21,NA,eme2025ukb
CHEST Pulmonary,NA,2949-7892,2026-05-21,NA,eme2025ukb
Child Abuse & Neglect,NA,0145-2134,2026-05-21,NA,eme2025ukb
Child Protection and Practice,NA,2950-1938,2026-05-21,NA,eme2025ukb
Children and Youth Services Review,NA,0190-7409,2026-05-21,NA,eme2025ukb
China Economic Review,NA,1043-951X,2026-05-21,NA,eme2025ukb
Chinese Herbal Medicines,NA,1674-6384,2026-05-21,NA,eme2025ukb
Chinese Journal of Analytical Chemistry,NA,1872-2040,2026-05-21,NA,eme2025ukb
Chinese Journal of Chemical Engineering,NA,1004-9541,2026-05-21,NA,eme2025ukb
Chinese Journal of Physics,NA,0577-9073,2026-05-21,NA,eme2025ukb
Chinese Journal of Structural Chemistry,NA,0254-5861,2026-05-21,NA,eme2025ukb
Chinese Medical Journal Pulmonary and Critical Care Medicine,NA,2772-5588,2026-05-21,NA,eme2025ukb
Chip,NA,2709-4723,2026-05-21,NA,eme2025ukb
CIRP Annals,NA,0007-8506,2026-05-21,NA,eme2025ukb
CIRP Journal of Manufacturing Science and Technology,NA,1755-5817,2026-05-21,NA,eme2025ukb
Cirugía Española,NA,0009-739X,2026-05-21,NA,eme2025ukb
Cirugía Española (English edition),NA,2173-5077,2026-05-21,NA,eme2025ukb
Cities,NA,0264-2751,2026-05-21,NA,eme2025ukb
Cities: Smarter Futures,NA,3117-3764,2026-05-21,NA,eme2025ukb
City and Environment Interactions,NA,2590-2520,2026-05-21,NA,eme2025ukb
"City, Culture and Society",NA,1877-9166,2026-05-21,NA,eme2025ukb
CJC Open,NA,2589-790X,2026-05-21,NA,eme2025ukb
CJC Pediatric and Congenital Heart Disease,NA,2772-8129,2026-05-21,NA,eme2025ukb
Cleaner and Circular Bioeconomy,NA,2772-8013,2026-05-21,NA,eme2025ukb
Cleaner and Responsible Consumption,NA,2666-7843,2026-05-21,NA,eme2025ukb
Cleaner Chemical Engineering,NA,2772-7823,2026-05-21,NA,eme2025ukb
Cleaner Energy Systems,NA,2772-7831,2026-05-21,NA,eme2025ukb
Cleaner Engineering and Technology,NA,2666-7908,2026-05-21,NA,eme2025ukb
Cleaner Environmental Systems,NA,2666-7894,2026-05-21,NA,eme2025ukb
Cleaner Food Systems,NA,3050-8355,2026-05-21,NA,eme2025ukb
Cleaner Logistics and Supply Chain,NA,2772-3909,2026-05-21,NA,eme2025ukb
Cleaner Manufacturing,NA,3050-998X,2026-05-21,NA,eme2025ukb
Cleaner Materials,NA,2772-3976,2026-05-21,NA,eme2025ukb
Cleaner Production Letters,NA,2666-7916,2026-05-21,NA,eme2025ukb
Cleaner Waste Systems,NA,2772-9125,2026-05-21,NA,eme2025ukb
Cleaner Water,NA,2950-2632,2026-05-21,NA,eme2025ukb
Climate Change Ecology,NA,2666-9005,2026-05-21,NA,eme2025ukb
Climate Physics and Atmospheric Science: Scientific Insights and Societal Challenges,NA,3051-4088,2026-05-21,NA,eme2025ukb
Climate Risk Management,NA,2212-0963,2026-05-21,NA,eme2025ukb
Climate Services,NA,2405-8807,2026-05-21,NA,eme2025ukb
Clinica Chimica Acta,NA,0009-8981,2026-05-21,NA,eme2025ukb
Clínica e Investigación en Arteriosclerosis,NA,0214-9168,2026-05-21,NA,eme2025ukb
Clínica e Investigación en Arteriosclerosis (English Edition),NA,2529-9123,2026-05-21,NA,eme2025ukb
Clínica e Investigación en Ginecología y Obstetricia,NA,0210-573X,2026-05-21,NA,eme2025ukb
Clinical and Translational Radiation Oncology,NA,2405-6308,2026-05-21,NA,eme2025ukb
Clinical Biochemistry,NA,0009-9120,2026-05-21,NA,eme2025ukb
Clinical Biomechanics,NA,0268-0033,2026-05-21,NA,eme2025ukb
Clinical Breast Cancer,NA,1526-8209,2026-05-21,NA,eme2025ukb
Clinical Colorectal Cancer,NA,1533-0028,2026-05-21,NA,eme2025ukb
Clinical Dental Journal,NA,3117-4892,2026-05-21,NA,eme2025ukb
Clinical Epidemiology and Global Health,NA,2213-3984,2026-05-21,NA,eme2025ukb
Clinical Gastroenterology and Hepatology,NA,1542-3565,2026-05-21,NA,eme2025ukb
Clinical Genitourinary Cancer,NA,1558-7673,2026-05-21,NA,eme2025ukb
Clinical Imaging,NA,0899-7071,2026-05-21,NA,eme2025ukb
Clinical Immunology,NA,1521-6616,2026-05-21,NA,eme2025ukb
Clinical Immunology Communications,NA,2772-6134,2026-05-21,NA,eme2025ukb
Clinical Infection in Practice,NA,2590-1702,2026-05-21,NA,eme2025ukb
Clinical Lung Cancer,NA,1525-7304,2026-05-21,NA,eme2025ukb
"Clinical Lymphoma, Myeloma & Leukemia",NA,2152-2650,2026-05-21,NA,eme2025ukb
Clinical Medicine,NA,1470-2118,2026-05-21,NA,eme2025ukb
Clinical Microbiology and Infection,NA,1198-743X,2026-05-21,NA,eme2025ukb
Clinical Microbiology Newsletter,NA,0196-4399,2026-05-21,NA,eme2025ukb
Clinical Neurology and Neurosurgery,NA,0303-8467,2026-05-21,NA,eme2025ukb
Clinical Neurophysiology,NA,1388-2457,2026-05-21,NA,eme2025ukb
Clinical Neurophysiology Practice,NA,2467-981X,2026-05-21,NA,eme2025ukb
Clinical Nutrition,NA,0261-5614,2026-05-21,NA,eme2025ukb
Clinical Nutrition ESPEN,NA,2405-4577,2026-05-21,NA,eme2025ukb
Clinical Nutrition Open Science,NA,2667-2685,2026-05-21,NA,eme2025ukb
Clinical Oncology,NA,0936-6555,2026-05-21,NA,eme2025ukb
Clinical Parkinsonism & Related Disorders,NA,2590-1125,2026-05-21,NA,eme2025ukb
Clinical Psychology Review,NA,0272-7358,2026-05-21,NA,eme2025ukb
Clinical Radiology,NA,0009-9260,2026-05-21,NA,eme2025ukb
Clinical Simulation in Nursing,NA,1876-1399,2026-05-21,NA,eme2025ukb
Clinical Surgical Oncology,NA,2773-160X,2026-05-21,NA,eme2025ukb
Clinical Therapeutics,NA,0149-2918,2026-05-21,NA,eme2025ukb
Clinical Traditional Medicine and Pharmacology,NA,2097-3829,2026-05-21,NA,eme2025ukb
Clinics,NA,1807-5932,2026-05-21,NA,eme2025ukb
Clinics and Research in Hepatology and Gastroenterology,NA,2210-7401,2026-05-21,NA,eme2025ukb
Clinics in Dermatology,NA,0738-081X,2026-05-21,NA,eme2025ukb
CMI Communications,NA,2950-5909,2026-05-21,NA,eme2025ukb
Coacervates,NA,3117-6178,2026-05-21,NA,eme2025ukb
Coastal Engineering,NA,0378-3839,2026-05-21,NA,eme2025ukb
Cognition,NA,0010-0277,2026-05-21,NA,eme2025ukb
Cognitive and Behavioral Practice,NA,1077-7229,2026-05-21,NA,eme2025ukb
Cognitive Development,NA,0885-2014,2026-05-21,NA,eme2025ukb
Cognitive Psychology,NA,0010-0285,2026-05-21,NA,eme2025ukb
Cognitive Systems Research,NA,1389-0417,2026-05-21,NA,eme2025ukb
Cold Regions Science and Technology,NA,0165-232X,2026-05-21,NA,eme2025ukb
Collegian,NA,1322-7696,2026-05-21,NA,eme2025ukb
Colloid and Interface Science Communications,NA,2215-0382,2026-05-21,NA,eme2025ukb
Colloids and Surfaces A: Physicochemical and Engineering Aspects,NA,0927-7757,2026-05-21,NA,eme2025ukb
Colloids and Surfaces B: Biointerfaces,NA,0927-7765,2026-05-21,NA,eme2025ukb
Colloids and Surfaces C: Environmental Aspects,NA,2949-7590,2026-05-21,NA,eme2025ukb
Combustion and Flame,NA,0010-2180,2026-05-21,NA,eme2025ukb
Communications in Nonlinear Science and Numerical Simulation,NA,1007-5704,2026-05-21,NA,eme2025ukb
Comparative Biochemistry and Physiology - Part A: Molecular & Integrative Physiology,NA,1095-6433,2026-05-21,NA,eme2025ukb
Comparative Biochemistry and Physiology - Part B: Biochemistry & Molecular Biology,NA,1096-4959,2026-05-21,NA,eme2025ukb
Comparative Biochemistry and Physiology - Part C: Toxicology & Pharmacology,NA,1532-0456,2026-05-21,NA,eme2025ukb
Comparative Biochemistry and Physiology - Part D: Genomics and Proteomics,NA,1744-117X,2026-05-21,NA,eme2025ukb
Comparative Immunology Reports,NA,2950-3116,2026-05-21,NA,eme2025ukb
"Comparative Immunology, Microbiology & Infectious Diseases",NA,0147-9571,2026-05-21,NA,eme2025ukb
Complementary Therapies in Clinical Practice,NA,1744-3881,2026-05-21,NA,eme2025ukb
Complementary Therapies in Medicine,NA,0965-2299,2026-05-21,NA,eme2025ukb
Composite Structures,NA,0263-8223,2026-05-21,NA,eme2025ukb
Composites Communications,NA,2452-2139,2026-05-21,NA,eme2025ukb
Composites Part A: Applied Science and Manufacturing,NA,1359-835X,2026-05-21,NA,eme2025ukb
Composites Part B: Engineering,NA,1359-8368,2026-05-21,NA,eme2025ukb
Composites Part C: Open Access,NA,2666-6820,2026-05-21,NA,eme2025ukb
Composites Science and Technology,NA,0266-3538,2026-05-21,NA,eme2025ukb
Comprehensive Psychiatry,NA,0010-440X,2026-05-21,NA,eme2025ukb
Comprehensive Psychoneuroendocrinology,NA,2666-4976,2026-05-21,NA,eme2025ukb
Computational and Structural Biotechnology Reports,NA,2950-3639,2026-05-21,NA,eme2025ukb
Computational and Theoretical Chemistry,NA,2210-271X,2026-05-21,NA,eme2025ukb
Computational Biology and Chemistry,NA,1476-9271,2026-05-21,NA,eme2025ukb
Computational Condensed Matter,NA,2352-2143,2026-05-21,NA,eme2025ukb
Computational Geometry,NA,0925-7721,2026-05-21,NA,eme2025ukb
Computational Materials Science,NA,0927-0256,2026-05-21,NA,eme2025ukb
Computational Materials Today,NA,2950-4635,2026-05-21,NA,eme2025ukb
Computational Particle Mechanics,NA,2196-4386,2026-05-21,NA,eme2025ukb
Computational Statistics & Data Analysis,NA,0167-9473,2026-05-21,NA,eme2025ukb
Computational Toxicology,NA,2468-1113,2026-05-21,NA,eme2025ukb
Computer Aided Geometric Design,NA,0167-8396,2026-05-21,NA,eme2025ukb
Computer Communications,NA,0140-3664,2026-05-21,NA,eme2025ukb
Computer Law & Security Review,NA,2212-473X,2026-05-21,NA,eme2025ukb
Computer Methods and Programs in Biomedicine,NA,0169-2607,2026-05-21,NA,eme2025ukb
Computer Methods and Programs in Biomedicine Update,NA,2666-9900,2026-05-21,NA,eme2025ukb
Computer Methods in Applied Mechanics and Engineering,NA,0045-7825,2026-05-21,NA,eme2025ukb
Computer Networks,NA,1389-1286,2026-05-21,NA,eme2025ukb
Computer Physics Communications,NA,0010-4655,2026-05-21,NA,eme2025ukb
Computer Science Review,NA,1574-0137,2026-05-21,NA,eme2025ukb
Computer Speech and Language,NA,0885-2308,2026-05-21,NA,eme2025ukb
Computer Standards & Interfaces,NA,0920-5489,2026-05-21,NA,eme2025ukb
Computer Vision and Image Understanding,NA,1077-3142,2026-05-21,NA,eme2025ukb
Computer-Aided Design,NA,0010-4485,2026-05-21,NA,eme2025ukb
Computerized Medical Imaging and Graphics,NA,0895-6111,2026-05-21,NA,eme2025ukb
Computers & Chemical Engineering,NA,0098-1354,2026-05-21,NA,eme2025ukb
Computers & Education,NA,0360-1315,2026-05-21,NA,eme2025ukb
Computers & Education: X Reality,NA,2949-6780,2026-05-21,NA,eme2025ukb
Computers & Electrical Engineering,NA,0045-7906,2026-05-21,NA,eme2025ukb
Computers & Fluids,NA,0045-7930,2026-05-21,NA,eme2025ukb
Computers & Geosciences,NA,0098-3004,2026-05-21,NA,eme2025ukb
Computers & Graphics,NA,0097-8493,2026-05-21,NA,eme2025ukb
Computers & Industrial Engineering,NA,0360-8352,2026-05-21,NA,eme2025ukb
Computers & Mathematics with Applications,NA,0898-1221,2026-05-21,NA,eme2025ukb
Computers & Operations Research,NA,0305-0548,2026-05-21,NA,eme2025ukb
Computers & Security,NA,0167-4048,2026-05-21,NA,eme2025ukb
Computers & Structures,NA,0045-7949,2026-05-21,NA,eme2025ukb
Computers and Composition,NA,8755-4615,2026-05-21,NA,eme2025ukb
Computers and Education Open,NA,2666-5573,2026-05-21,NA,eme2025ukb
Computers and Education: Artificial Intelligence,NA,2666-920X,2026-05-21,NA,eme2025ukb
Computers and Electronics in Agriculture,NA,0168-1699,2026-05-21,NA,eme2025ukb
Computers and Geotechnics,NA,0266-352X,2026-05-21,NA,eme2025ukb
Computers in Biology and Medicine,NA,0010-4825,2026-05-21,NA,eme2025ukb
Computers in Human Behavior,NA,0747-5632,2026-05-21,NA,eme2025ukb
Computers in Human Behavior Reports,NA,2451-9588,2026-05-21,NA,eme2025ukb
Computers in Human Behavior: Artificial Humans,NA,2949-8821,2026-05-21,NA,eme2025ukb
Computers in Industry,NA,0166-3615,2026-05-21,NA,eme2025ukb
"Computers, Environment and Urban Systems",NA,0198-9715,2026-05-21,NA,eme2025ukb
Consciousness and Cognition,NA,1053-8100,2026-05-21,NA,eme2025ukb
Construction and Building Materials,NA,0950-0618,2026-05-21,NA,eme2025ukb
Construction and Building Materials in Transportation,NA,3117-650X,2026-05-21,NA,eme2025ukb
Contact Lens & Anterior Eye,NA,1367-0484,2026-05-21,NA,eme2025ukb
Contemporary Clinical Trials,NA,1551-7144,2026-05-21,NA,eme2025ukb
Contemporary Clinical Trials Communications,NA,2451-8654,2026-05-21,NA,eme2025ukb
Contemporary Educational Psychology,NA,0361-476X,2026-05-21,NA,eme2025ukb
Continence,NA,2772-9737,2026-05-21,NA,eme2025ukb
Continence Reports,NA,2772-9745,2026-05-21,NA,eme2025ukb
Continental Shelf Research,NA,0278-4343,2026-05-21,NA,eme2025ukb
Contraception,NA,0010-7824,2026-05-21,NA,eme2025ukb
Control Engineering Practice,NA,0967-0661,2026-05-21,NA,eme2025ukb
Coordination Chemistry Research,NA,2950-4864,2026-05-21,NA,eme2025ukb
Coordination Chemistry Reviews,NA,0010-8545,2026-05-21,NA,eme2025ukb
Corrosion Science,NA,0010-938X,2026-05-21,NA,eme2025ukb
Cortex,NA,0010-9452,2026-05-21,NA,eme2025ukb
Cretaceous Research,NA,0195-6671,2026-05-21,NA,eme2025ukb
Critical Perspectives on Accounting,NA,1045-2354,2026-05-21,NA,eme2025ukb
Critical Reviews in Oncology/Hematology,NA,1040-8428,2026-05-21,NA,eme2025ukb
Crop and Environment,NA,2773-126X,2026-05-21,NA,eme2025ukb
Crop Protection,NA,0261-2194,2026-05-21,NA,eme2025ukb
Cryobiology,NA,0011-2240,2026-05-21,NA,eme2025ukb
Cryogenics,NA,0011-2275,2026-05-21,NA,eme2025ukb
Current Applied Physics,NA,1567-1739,2026-05-21,NA,eme2025ukb
Current Developments in Nutrition,NA,2475-2991,2026-05-21,NA,eme2025ukb
Current Opinion in Behavioral Sciences,NA,2352-1546,2026-05-21,NA,eme2025ukb
Current Opinion in Biomedical Engineering,NA,2468-4511,2026-05-21,NA,eme2025ukb
Current Opinion in Biotechnology,NA,0958-1669,2026-05-21,NA,eme2025ukb
Current Opinion in Cell Biology,NA,0955-0674,2026-05-21,NA,eme2025ukb
Current Opinion in Chemical Biology,NA,1367-5931,2026-05-21,NA,eme2025ukb
Current Opinion in Chemical Engineering,NA,2211-3398,2026-05-21,NA,eme2025ukb
Current Opinion in Colloid & Interface Science,NA,1359-0294,2026-05-21,NA,eme2025ukb
Current Opinion in Electrochemistry,NA,2451-9103,2026-05-21,NA,eme2025ukb
Current Opinion in Endocrine and Metabolic Research,NA,2451-9650,2026-05-21,NA,eme2025ukb
Current Opinion in Environmental Science & Health,NA,2468-5844,2026-05-21,NA,eme2025ukb
Current Opinion in Environmental Sustainability,NA,1877-3435,2026-05-21,NA,eme2025ukb
Current Opinion in Food Science,NA,2214-7993,2026-05-21,NA,eme2025ukb
Current Opinion in Genetics & Development,NA,0959-437X,2026-05-21,NA,eme2025ukb
Current Opinion in Green and Sustainable Chemistry,NA,2452-2236,2026-05-21,NA,eme2025ukb
Current Opinion in Immunology,NA,0952-7915,2026-05-21,NA,eme2025ukb
Current Opinion in Insect Science,NA,2214-5745,2026-05-21,NA,eme2025ukb
Current Opinion in Microbiology,NA,1369-5274,2026-05-21,NA,eme2025ukb
Current Opinion in Neurobiology,NA,0959-4388,2026-05-21,NA,eme2025ukb
Current Opinion in Pharmacology,NA,1471-4892,2026-05-21,NA,eme2025ukb
Current Opinion in Physiology,NA,2468-8673,2026-05-21,NA,eme2025ukb
Current Opinion in Plant Biology,NA,1369-5266,2026-05-21,NA,eme2025ukb
Current Opinion in Psychology,NA,2352-250X,2026-05-21,NA,eme2025ukb
Current Opinion in Solid State & Materials Science,NA,1359-0286,2026-05-21,NA,eme2025ukb
Current Opinion in Structural Biology,NA,0959-440X,2026-05-21,NA,eme2025ukb
Current Opinion in Systems Biology,NA,2452-3100,2026-05-21,NA,eme2025ukb
Current Opinion in Toxicology,NA,2468-2020,2026-05-21,NA,eme2025ukb
Current Opinion in Virology,NA,1879-6257,2026-05-21,NA,eme2025ukb
Current Plant Biology,NA,2214-6628,2026-05-21,NA,eme2025ukb
Current Problems in Cancer,NA,0147-0272,2026-05-21,NA,eme2025ukb
Current Problems in Cancer: Case Reports,NA,2666-6219,2026-05-21,NA,eme2025ukb
Current Problems in Cardiology,NA,0146-2806,2026-05-21,NA,eme2025ukb
Current Problems in Diagnostic Radiology,NA,0363-0188,2026-05-21,NA,eme2025ukb
Current Problems in Pediatric and Adolescent Health Care,NA,1538-5442,2026-05-21,NA,eme2025ukb
Current Problems in Surgery,NA,0011-3840,2026-05-21,NA,eme2025ukb
Current Research in Behavioral Sciences,NA,2666-5182,2026-05-21,NA,eme2025ukb
Current Research in Biotechnology,NA,2590-2628,2026-05-21,NA,eme2025ukb
Current Research in Ecological and Social Psychology,NA,2666-6227,2026-05-21,NA,eme2025ukb
Current Research in Environmental Sustainability,NA,2666-0490,2026-05-21,NA,eme2025ukb
Current Research in Food Science,NA,2665-9271,2026-05-21,NA,eme2025ukb
Current Research in Green and Sustainable Chemistry,NA,2666-0865,2026-05-21,NA,eme2025ukb
Current Research in Insect Science,NA,2666-5158,2026-05-21,NA,eme2025ukb
Current Research in Microbial Sciences,NA,2666-5174,2026-05-21,NA,eme2025ukb
Current Research in Neurobiology,NA,2665-945X,2026-05-21,NA,eme2025ukb
Current Research in Parasitology and Vector-Borne Diseases,NA,2667-114X,2026-05-21,NA,eme2025ukb
Current Research in Pharmacology and Drug Discovery,NA,2590-2571,2026-05-21,NA,eme2025ukb
Current Research in Physiology,NA,2665-9441,2026-05-21,NA,eme2025ukb
Current Research in Structural Biology,NA,2665-928X,2026-05-21,NA,eme2025ukb
Current Research in Toxicology,NA,2666-027X,2026-05-21,NA,eme2025ukb
Current Research in Translational Medicine,NA,2452-3186,2026-05-21,NA,eme2025ukb
Current Therapeutic Research,NA,0011-393X,2026-05-21,NA,eme2025ukb
Currents in Pharmacy Teaching and Learning,NA,1877-1297,2026-05-21,NA,eme2025ukb
Cytokine,NA,1043-4666,2026-05-21,NA,eme2025ukb
Cytokine & Growth Factor Reviews,NA,1359-6101,2026-05-21,NA,eme2025ukb
Cytotherapy,NA,1465-3249,2026-05-21,NA,eme2025ukb
Data & Knowledge Engineering,NA,0169-023X,2026-05-21,NA,eme2025ukb
Data in Brief,NA,2352-3409,2026-05-21,NA,eme2025ukb
DeCarbon,NA,2949-8813,2026-05-21,NA,eme2025ukb
Decision Analytics Journal,NA,2772-6622,2026-05-21,NA,eme2025ukb
Decision Support Systems,NA,0167-9236,2026-05-21,NA,eme2025ukb
Deep Brain Stimulation,NA,2949-6691,2026-05-21,NA,eme2025ukb
Deep-Sea Research Part I: Oceanographic Research Papers,NA,0967-0637,2026-05-21,NA,eme2025ukb
Deep-Sea Research Part II: Topical Studies in Oceanography,NA,0967-0645,2026-05-21,NA,eme2025ukb
Dendrochronologia,NA,1125-7865,2026-05-21,NA,eme2025ukb
Dental Materials,NA,0109-5641,2026-05-21,NA,eme2025ukb
Dentistry Review,NA,2772-5596,2026-05-21,NA,eme2025ukb
Desalination,NA,0011-9164,2026-05-21,NA,eme2025ukb
Desalination and Water Treatment,NA,1944-3986,2026-05-21,NA,eme2025ukb
Design Studies,NA,0142-694X,2026-05-21,NA,eme2025ukb
Development and Sustainability in Economics and Finance,NA,2950-5240,2026-05-21,NA,eme2025ukb
Developmental & Comparative Immunology,NA,0145-305X,2026-05-21,NA,eme2025ukb
Developmental Biology,NA,0012-1606,2026-05-21,NA,eme2025ukb
Developmental Cognitive Neuroscience,NA,1878-9293,2026-05-21,NA,eme2025ukb
Developmental Review,NA,0273-2297,2026-05-21,NA,eme2025ukb
Developments in the Built Environment,NA,2666-1659,2026-05-21,NA,eme2025ukb
Diabetes & Metabolic Syndrome: Clinical Research & Reviews,NA,1871-4021,2026-05-21,NA,eme2025ukb
Diabetes & Metabolism,NA,1262-3636,2026-05-21,NA,eme2025ukb
Diabetes Epidemiology and Management,NA,2666-9706,2026-05-21,NA,eme2025ukb
Diabetes Research and Clinical Practice,NA,0168-8227,2026-05-21,NA,eme2025ukb
Diagnostic and Interventional Imaging,NA,2211-5684,2026-05-21,NA,eme2025ukb
Diagnostic Microbiology and Infectious Disease,NA,0732-8893,2026-05-21,NA,eme2025ukb
Dialogues in Health,NA,2772-6533,2026-05-21,NA,eme2025ukb
Diamond and Related Materials,NA,0925-9635,2026-05-21,NA,eme2025ukb
Differential Geometry and its Applications,NA,0926-2245,2026-05-21,NA,eme2025ukb
Differentiation,NA,0301-4681,2026-05-21,NA,eme2025ukb
Digestive and Liver Disease,NA,1590-8658,2026-05-21,NA,eme2025ukb
Digital Applications in Archaeology and Cultural Heritage,NA,2212-0548,2026-05-21,NA,eme2025ukb
Digital Business,NA,2666-9544,2026-05-21,NA,eme2025ukb
Digital Chemical Engineering,NA,2772-5081,2026-05-21,NA,eme2025ukb
Digital Dentistry Journal,NA,2950-6433,2026-05-21,NA,eme2025ukb
Digital Engineering,NA,2950-550X,2026-05-21,NA,eme2025ukb
Digital Geography and Society,NA,2666-3783,2026-05-21,NA,eme2025ukb
Digital Signal Processing,NA,1051-2004,2026-05-21,NA,eme2025ukb
Disability and Health Journal,NA,1936-6574,2026-05-21,NA,eme2025ukb
"Discourse, Context & Media",NA,2211-6958,2026-05-21,NA,eme2025ukb
Discrete Applied Mathematics,NA,0166-218X,2026-05-21,NA,eme2025ukb
Discrete Mathematics,NA,0012-365X,2026-05-21,NA,eme2025ukb
Discrete Optimization,NA,1572-5286,2026-05-21,NA,eme2025ukb
Disease and Therapeutics,NA,3050-9998,2026-05-21,NA,eme2025ukb
Disease-A-Month,NA,0011-5029,2026-05-21,NA,eme2025ukb
Displays,NA,0141-9382,2026-05-21,NA,eme2025ukb
DNA Repair,NA,1568-7864,2026-05-21,NA,eme2025ukb
Domestic Animal Endocrinology,NA,0739-7240,2026-05-21,NA,eme2025ukb
Douleurs,NA,1624-5687,2026-05-21,NA,eme2025ukb
Drug and Alcohol Dependence,NA,0376-8716,2026-05-21,NA,eme2025ukb
Drug and Alcohol Dependence Reports,NA,2772-7246,2026-05-21,NA,eme2025ukb
Drug Discovery Today,NA,1359-6446,2026-05-21,NA,eme2025ukb
Drug Metabolism and Disposition,NA,0090-9556,2026-05-21,NA,eme2025ukb
Drug Metabolism and Pharmacokinetics,NA,1347-4367,2026-05-21,NA,eme2025ukb
Drug Resistance Updates,NA,1368-7646,2026-05-21,NA,eme2025ukb
Dyes and Pigments,NA,0143-7208,2026-05-21,NA,eme2025ukb
Dynamics of Atmospheres and Oceans,NA,0377-0265,2026-05-21,NA,eme2025ukb
EANM Innovation,NA,3051-2913,2026-05-21,NA,eme2025ukb
Early Childhood Research Quarterly,NA,0885-2006,2026-05-21,NA,eme2025ukb
Early Human Development,NA,0378-3782,2026-05-21,NA,eme2025ukb
Earth and Planetary Science Letters,NA,0012-821X,2026-05-21,NA,eme2025ukb
Earth History and Biodiversity,NA,2950-4759,2026-05-21,NA,eme2025ukb
Earth System,NA,3051-3111,2026-05-21,NA,eme2025ukb
Earth System Governance,NA,2589-8116,2026-05-21,NA,eme2025ukb
Earth-Science Reviews,NA,0012-8252,2026-05-21,NA,eme2025ukb
Eating Behaviors,NA,1471-0153,2026-05-21,NA,eme2025ukb
eBioMedicine,NA,2352-3964,2026-05-21,NA,eme2025ukb
eClinicalMedicine,NA,2589-5370,2026-05-21,NA,eme2025ukb
Ecohydrology & Hydrobiology,NA,1642-3593,2026-05-21,NA,eme2025ukb
Ecological Complexity,NA,1476-945X,2026-05-21,NA,eme2025ukb
Ecological Economics,NA,0921-8009,2026-05-21,NA,eme2025ukb
Ecological Engineering,NA,0925-8574,2026-05-21,NA,eme2025ukb
Ecological Frontiers,NA,2950-5097,2026-05-21,NA,eme2025ukb
Ecological Genetics and Genomics,NA,2405-9854,2026-05-21,NA,eme2025ukb
Ecological Indicators,NA,1470-160X,2026-05-21,NA,eme2025ukb
Ecological Informatics,NA,1574-9541,2026-05-21,NA,eme2025ukb
Ecological Modelling,NA,0304-3800,2026-05-21,NA,eme2025ukb
Econometrics and Statistics,NA,2452-3062,2026-05-21,NA,eme2025ukb
Economic Analysis and Policy,NA,0313-5926,2026-05-21,NA,eme2025ukb
Economic Modelling,NA,0264-9993,2026-05-21,NA,eme2025ukb
Economic Systems,NA,0939-3625,2026-05-21,NA,eme2025ukb
Economics & Human Biology,NA,1570-677X,2026-05-21,NA,eme2025ukb
Economics Letters,NA,0165-1765,2026-05-21,NA,eme2025ukb
Economics of Education Review,NA,0272-7757,2026-05-21,NA,eme2025ukb
Economics of Transportation,NA,2212-0122,2026-05-21,NA,eme2025ukb
Ecosystem Services,NA,2212-0416,2026-05-21,NA,eme2025ukb
Ecotoxicology and Environmental Safety,NA,0147-6513,2026-05-21,NA,eme2025ukb
Educación Médica,NA,1575-1813,2026-05-21,NA,eme2025ukb
Education for Chemical Engineers,NA,1749-7728,2026-05-21,NA,eme2025ukb
Educational Research Review,NA,1747-938X,2026-05-21,NA,eme2025ukb
Egyptian Informatics Journal,NA,1110-8665,2026-05-21,NA,eme2025ukb
Egyptian Journal of Aquatic Research,NA,1687-4285,2026-05-21,NA,eme2025ukb
EJC Paediatric Oncology,NA,2772-610X,2026-05-21,NA,eme2025ukb
EJC Skin Cancer,NA,2772-6118,2026-05-21,NA,eme2025ukb
EJVES Vascular Forum,NA,2666-688X,2026-05-21,NA,eme2025ukb
Electoral Studies,NA,0261-3794,2026-05-21,NA,eme2025ukb
Electric Power Systems Research,NA,0378-7796,2026-05-21,NA,eme2025ukb
Electrochemistry Communications,NA,1388-2481,2026-05-21,NA,eme2025ukb
Electrochimica Acta,NA,0013-4686,2026-05-21,NA,eme2025ukb
Electronic Commerce Research and Applications,NA,1567-4223,2026-05-21,NA,eme2025ukb
Electronic Journal of Biotechnology,NA,0717-3458,2026-05-21,NA,eme2025ukb
Emerging Markets Review,NA,1566-0141,2026-05-21,NA,eme2025ukb
"Emerging Trends in Drugs, Addictions, and Health",NA,2667-1182,2026-05-21,NA,eme2025ukb
"Emotion, Space and Society",NA,1755-4586,2026-05-21,NA,eme2025ukb
Endeavour,NA,0160-9327,2026-05-21,NA,eme2025ukb
Endocrine and Metabolic Science,NA,2666-3961,2026-05-21,NA,eme2025ukb
Endocrine Practice,NA,1530-891X,2026-05-21,NA,eme2025ukb
"Endocrinología, Diabetes y Nutrición",NA,2530-0164,2026-05-21,NA,eme2025ukb
"Endocrinología, Diabetes y Nutrición (English Edition)",NA,2530-0180,2026-05-21,NA,eme2025ukb
Energy,NA,0360-5442,2026-05-21,NA,eme2025ukb
Energy 360,NA,2950-4872,2026-05-21,NA,eme2025ukb
Energy and AI,NA,2666-5468,2026-05-21,NA,eme2025ukb
Energy and Buildings,NA,0378-7788,2026-05-21,NA,eme2025ukb
Energy and Climate Change,NA,2666-2787,2026-05-21,NA,eme2025ukb
Energy Conversion and Management,NA,0196-8904,2026-05-21,NA,eme2025ukb
Energy Conversion and Management: X,NA,2590-1745,2026-05-21,NA,eme2025ukb
Energy Economics,NA,0140-9883,2026-05-21,NA,eme2025ukb
Energy Efficiency First,NA,2950-1563,2026-05-21,NA,eme2025ukb
Energy for Sustainable Development,NA,0973-0826,2026-05-21,NA,eme2025ukb
Energy Nexus,NA,2772-4271,2026-05-21,NA,eme2025ukb
Energy Policy,NA,0301-4215,2026-05-21,NA,eme2025ukb
Energy Reports,NA,2352-4847,2026-05-21,NA,eme2025ukb
Energy Research & Social Science,NA,2214-6296,2026-05-21,NA,eme2025ukb
Energy Reviews,NA,2772-9702,2026-05-21,NA,eme2025ukb
Energy Storage Materials,NA,2405-8297,2026-05-21,NA,eme2025ukb
Energy Strategy Reviews,NA,2211-467X,2026-05-21,NA,eme2025ukb
EnergyChem,NA,2589-7780,2026-05-21,NA,eme2025ukb
eNeurologicalSci,NA,2405-6502,2026-05-21,NA,eme2025ukb
Enfermedades Infecciosas y Microbiología Clínica,NA,0213-005X,2026-05-21,NA,eme2025ukb
Enfermedades Infecciosas y Microbiología Clínica (English Edition),NA,2529-993X,2026-05-21,NA,eme2025ukb
Enfermería Clínica,NA,1130-8621,2026-05-21,NA,eme2025ukb
Enfermería Clínica (English Edition),NA,2445-1479,2026-05-21,NA,eme2025ukb
Enfermería intensiva,NA,1130-2399,2026-05-21,NA,eme2025ukb
Enfermería Intensiva (English Edition),NA,2529-9840,2026-05-21,NA,eme2025ukb
Engineering,NA,2095-8099,2026-05-21,NA,eme2025ukb
Engineering Analysis with Boundary Elements,NA,0955-7997,2026-05-21,NA,eme2025ukb
Engineering Applications of Artificial Intelligence,NA,0952-1976,2026-05-21,NA,eme2025ukb
Engineering Failure Analysis,NA,1350-6307,2026-05-21,NA,eme2025ukb
Engineering Fracture Mechanics,NA,0013-7944,2026-05-21,NA,eme2025ukb
Engineering Geology,NA,0013-7952,2026-05-21,NA,eme2025ukb
"Engineering Science and Technology, an International Journal",NA,2215-0986,2026-05-21,NA,eme2025ukb
Engineering Structures,NA,0141-0296,2026-05-21,NA,eme2025ukb
English for Specific Purposes,NA,0889-4906,2026-05-21,NA,eme2025ukb
Entertainment Computing,NA,1875-9521,2026-05-21,NA,eme2025ukb
Environment International,NA,0160-4120,2026-05-21,NA,eme2025ukb
Environmental Advances,NA,2666-7657,2026-05-21,NA,eme2025ukb
Environmental and Experimental Botany,NA,0098-8472,2026-05-21,NA,eme2025ukb
Environmental and Sustainability Indicators,NA,2665-9727,2026-05-21,NA,eme2025ukb
Environmental Challenges,NA,2667-0100,2026-05-21,NA,eme2025ukb
Environmental Development,NA,2211-4645,2026-05-21,NA,eme2025ukb
Environmental Impact Assessment Review,NA,0195-9255,2026-05-21,NA,eme2025ukb
Environmental Innovation and Societal Transitions,NA,2210-4224,2026-05-21,NA,eme2025ukb
Environmental Management: Economics and Policy,NA,3117-325X,2026-05-21,NA,eme2025ukb
Environmental Management: Emerging Contaminants,NA,3117-5929,2026-05-21,NA,eme2025ukb
Environmental Management: Engineering and Technology,NA,3117-3268,2026-05-21,NA,eme2025ukb
Environmental Management: Smart Solutions,NA,3117-6496,2026-05-21,NA,eme2025ukb
Environmental Modelling & Software,NA,1364-8152,2026-05-21,NA,eme2025ukb
"Environmental Nanotechnology, Monitoring and Management",NA,2215-1532,2026-05-21,NA,eme2025ukb
Environmental Nexus,NA,3050-9890,2026-05-21,NA,eme2025ukb
Environmental Pollution,NA,0269-7491,2026-05-21,NA,eme2025ukb
Environmental Research,NA,0013-9351,2026-05-21,NA,eme2025ukb
Environmental Science & Policy,NA,1462-9011,2026-05-21,NA,eme2025ukb
Environmental Science and Ecotechnology,NA,2666-4984,2026-05-21,NA,eme2025ukb
Environmental Technology & Innovation,NA,2352-1864,2026-05-21,NA,eme2025ukb
Environmental Toxicology and Pharmacology,NA,1382-6689,2026-05-21,NA,eme2025ukb
Enzyme and Microbial Technology,NA,0141-0229,2026-05-21,NA,eme2025ukb
Epidemics,NA,1755-4365,2026-05-21,NA,eme2025ukb
Epilepsy & Behavior,NA,1525-5050,2026-05-21,NA,eme2025ukb
Epilepsy & Behavior Reports,NA,2589-9864,2026-05-21,NA,eme2025ukb
Epilepsy Research,NA,0920-1211,2026-05-21,NA,eme2025ukb
"e-Prime – Nexus of Electrical, Electronic, and Intelligent Engineering",NA,2772-6711,2026-05-21,NA,eme2025ukb
Equity Neuroscience,NA,3050-8401,2026-05-21,NA,eme2025ukb
ESMO Gastrointestinal Oncology,NA,2949-8198,2026-05-21,NA,eme2025ukb
ESMO Open,NA,2059-7029,2026-05-21,NA,eme2025ukb
ESMO Rare Cancers,NA,3050-4619,2026-05-21,NA,eme2025ukb
ESMO Real World Data and Digital Oncology,NA,2949-8201,2026-05-21,NA,eme2025ukb
"Estuarine, Coastal and Shelf Science",NA,0272-7714,2026-05-21,NA,eme2025ukb
"Ethics, Medicine & Public Health",NA,2352-5525,2026-05-21,NA,eme2025ukb
Éthique & Santé,NA,1765-4629,2026-05-21,NA,eme2025ukb
eTransportation,NA,2590-1168,2026-05-21,NA,eme2025ukb
EULAR Rheumatology Open,NA,3050-7081,2026-05-21,NA,eme2025ukb
EURO Journal on Computational Optimization,NA,2192-4406,2026-05-21,NA,eme2025ukb
EURO Journal on Decision Processes,NA,2193-9438,2026-05-21,NA,eme2025ukb
EURO Journal on Transportation and Logistics,NA,2192-4376,2026-05-21,NA,eme2025ukb
"European Annals of Otorhinolaryngology, Head and Neck Diseases",NA,1879-7296,2026-05-21,NA,eme2025ukb
European Economic Review,NA,0014-2921,2026-05-21,NA,eme2025ukb
European Journal of Agronomy,NA,1161-0301,2026-05-21,NA,eme2025ukb
European Journal of Cancer,NA,0959-8049,2026-05-21,NA,eme2025ukb
European Journal of Cell Biology,NA,0171-9335,2026-05-21,NA,eme2025ukb
European Journal of Combinatorics,NA,0195-6698,2026-05-21,NA,eme2025ukb
European Journal of Control,NA,0947-3580,2026-05-21,NA,eme2025ukb
European Journal of Integrative Medicine,NA,1876-3820,2026-05-21,NA,eme2025ukb
European Journal of Internal Medicine,NA,0953-6205,2026-05-21,NA,eme2025ukb
European Journal of Mechanics - A/Solids,NA,0997-7538,2026-05-21,NA,eme2025ukb
European Journal of Mechanics - B/Fluids,NA,0997-7546,2026-05-21,NA,eme2025ukb
European Journal of Medical Genetics,NA,1769-7212,2026-05-21,NA,eme2025ukb
European Journal of Medicinal Chemistry,NA,0223-5234,2026-05-21,NA,eme2025ukb
European Journal of Medicinal Chemistry Reports,NA,2772-4174,2026-05-21,NA,eme2025ukb
European Journal of Obstetrics & Gynecology and Reproductive Biology,NA,0301-2115,2026-05-21,NA,eme2025ukb
European Journal of Obstetrics & Gynecology and Reproductive Biology: X,NA,2590-1613,2026-05-21,NA,eme2025ukb
European Journal of Oncology Nursing,NA,1462-3889,2026-05-21,NA,eme2025ukb
European Journal of Operational Research,NA,0377-2217,2026-05-21,NA,eme2025ukb
European Journal of Paediatric Neurology,NA,1090-3798,2026-05-21,NA,eme2025ukb
European Journal of Pharmaceutical Sciences,NA,0928-0987,2026-05-21,NA,eme2025ukb
European Journal of Pharmaceutics and Biopharmaceutics,NA,0939-6411,2026-05-21,NA,eme2025ukb
European Journal of Pharmacology,NA,0014-2999,2026-05-21,NA,eme2025ukb
European Journal of Political Economy,NA,0176-2680,2026-05-21,NA,eme2025ukb
European Journal of Protistology,NA,0932-4739,2026-05-21,NA,eme2025ukb
European Journal of Radiology,NA,0720-048X,2026-05-21,NA,eme2025ukb
European Journal of Radiology Artificial Intelligence,NA,3050-5771,2026-05-21,NA,eme2025ukb
European Journal of Radiology Open,NA,2352-0477,2026-05-21,NA,eme2025ukb
European Journal of Soil Biology,NA,1164-5563,2026-05-21,NA,eme2025ukb
European Journal of Surgical Oncology,NA,0748-7983,2026-05-21,NA,eme2025ukb
European Journal of Trauma & Dissociation,NA,2468-7499,2026-05-21,NA,eme2025ukb
European Journal of Vascular and Endovascular Surgery,NA,1078-5884,2026-05-21,NA,eme2025ukb
European Management Journal,NA,0263-2373,2026-05-21,NA,eme2025ukb
European Neuropsychopharmacology,NA,0924-977X,2026-05-21,NA,eme2025ukb
European Polymer Journal,NA,0014-3057,2026-05-21,NA,eme2025ukb
European Poultry Science,NA,0003-9098,2026-05-21,NA,eme2025ukb
European Research on Management and Business Economics,NA,2444-8834,2026-05-21,NA,eme2025ukb
European Review of Applied Psychology,NA,1162-9088,2026-05-21,NA,eme2025ukb
European Transport Studies,NA,2950-2985,2026-05-21,NA,eme2025ukb
European Urology,NA,0302-2838,2026-05-21,NA,eme2025ukb
European Urology Focus,NA,2405-4569,2026-05-21,NA,eme2025ukb
European Urology Oncology,NA,2588-9311,2026-05-21,NA,eme2025ukb
European Urology Open Science,NA,2666-1683,2026-05-21,NA,eme2025ukb
Evaluation and Program Planning,NA,0149-7189,2026-05-21,NA,eme2025ukb
Evolution and Human Behavior,NA,1090-5138,2026-05-21,NA,eme2025ukb
Evolving Earth,NA,2950-1172,2026-05-21,NA,eme2025ukb
Examples and Counterexamples,NA,2666-657X,2026-05-21,NA,eme2025ukb
Experimental and Molecular Pathology,NA,0014-4800,2026-05-21,NA,eme2025ukb
Experimental Cell Research,NA,0014-4827,2026-05-21,NA,eme2025ukb
Experimental Eye Research,NA,0014-4835,2026-05-21,NA,eme2025ukb
Experimental Gerontology,NA,0531-5565,2026-05-21,NA,eme2025ukb
Experimental Hematology,NA,0301-472X,2026-05-21,NA,eme2025ukb
Experimental Neurology,NA,0014-4886,2026-05-21,NA,eme2025ukb
Experimental Parasitology,NA,0014-4894,2026-05-21,NA,eme2025ukb
Experimental Thermal and Fluid Science,NA,0894-1777,2026-05-21,NA,eme2025ukb
Expert Systems with Applications,NA,0957-4174,2026-05-21,NA,eme2025ukb
Explorations in Economic History,NA,0014-4983,2026-05-21,NA,eme2025ukb
Exploratory Research in Clinical and Social Pharmacy,NA,2667-2766,2026-05-21,NA,eme2025ukb
EXPLORE,NA,1550-8307,2026-05-21,NA,eme2025ukb
Expositiones Mathematicae,NA,0723-0869,2026-05-21,NA,eme2025ukb
Extracellular Vesicle,NA,2773-0417,2026-05-21,NA,eme2025ukb
Extreme Mechanics Letters,NA,2352-4316,2026-05-21,NA,eme2025ukb
F&S Reports,NA,2666-3341,2026-05-21,NA,eme2025ukb
F&S Reviews,NA,2666-5719,2026-05-21,NA,eme2025ukb
F&S Science,NA,2666-335X,2026-05-21,NA,eme2025ukb
Farming System,NA,2949-9119,2026-05-21,NA,eme2025ukb
Fermented Foods,NA,3051-231X,2026-05-21,NA,eme2025ukb
Fertility and Sterility,NA,0015-0282,2026-05-21,NA,eme2025ukb
Field Crops Research,NA,0378-4290,2026-05-21,NA,eme2025ukb
Finance Research Letters,NA,1544-6123,2026-05-21,NA,eme2025ukb
Finance Research Open,NA,3050-7006,2026-05-21,NA,eme2025ukb
Finite Elements in Analysis and Design,NA,0168-874X,2026-05-21,NA,eme2025ukb
Finite Fields and Their Applications,NA,1071-5797,2026-05-21,NA,eme2025ukb
Fire Safety Journal,NA,0379-7112,2026-05-21,NA,eme2025ukb
First Nations Health and Wellbeing - The Lowitja Journal,NA,2949-8406,2026-05-21,NA,eme2025ukb
Fish & Shellfish Immunology,NA,1050-4648,2026-05-21,NA,eme2025ukb
Fisheries Research,NA,0165-7836,2026-05-21,NA,eme2025ukb
Fisioterapia,NA,0211-5638,2026-05-21,NA,eme2025ukb
Fitoterapia,NA,0367-326X,2026-05-21,NA,eme2025ukb
FlatChem,NA,2452-2627,2026-05-21,NA,eme2025ukb
Flora,NA,0367-2530,2026-05-21,NA,eme2025ukb
Flow Measurement and Instrumentation,NA,0955-5986,2026-05-21,NA,eme2025ukb
Fluid Phase Equilibria,NA,0378-3812,2026-05-21,NA,eme2025ukb
Food and Bioproducts Processing,NA,0960-3085,2026-05-21,NA,eme2025ukb
Food and Chemical Toxicology,NA,0278-6915,2026-05-21,NA,eme2025ukb
Food and Humanity,NA,2949-8244,2026-05-21,NA,eme2025ukb
Food and Waterborne Parasitology,NA,2405-6766,2026-05-21,NA,eme2025ukb
Food Bioscience,NA,2212-4292,2026-05-21,NA,eme2025ukb
Food Chemistry,NA,0308-8146,2026-05-21,NA,eme2025ukb
Food Chemistry Advances,NA,2772-753X,2026-05-21,NA,eme2025ukb
Food Chemistry: Molecular Sciences,NA,2666-5662,2026-05-21,NA,eme2025ukb
Food Chemistry: X,NA,2590-1575,2026-05-21,NA,eme2025ukb
Food Control,NA,0956-7135,2026-05-21,NA,eme2025ukb
Food Hydrocolloids,NA,0268-005X,2026-05-21,NA,eme2025ukb
Food Hydrocolloids for Health,NA,2667-0259,2026-05-21,NA,eme2025ukb
Food Microbiology,NA,0740-0020,2026-05-21,NA,eme2025ukb
Food Packaging and Shelf Life,NA,2214-2894,2026-05-21,NA,eme2025ukb
Food Policy,NA,0306-9192,2026-05-21,NA,eme2025ukb
Food Quality and Preference,NA,0950-3293,2026-05-21,NA,eme2025ukb
Food Research International,NA,0963-9969,2026-05-21,NA,eme2025ukb
Food Structure,NA,2213-3291,2026-05-21,NA,eme2025ukb
Food Webs,NA,2352-2496,2026-05-21,NA,eme2025ukb
"Foot & Ankle Surgery: Techniques, Reports & Cases",NA,2667-3967,2026-05-21,NA,eme2025ukb
Foot and Ankle Surgery,NA,1268-7731,2026-05-21,NA,eme2025ukb
Football Studies,NA,3051-2689,2026-05-21,NA,eme2025ukb
Forces in Mechanics,NA,2666-3597,2026-05-21,NA,eme2025ukb
Forensic Chemistry,NA,2468-1709,2026-05-21,NA,eme2025ukb
Forensic Imaging,NA,2666-2256,2026-05-21,NA,eme2025ukb
Forensic Science International,NA,0379-0738,2026-05-21,NA,eme2025ukb
Forensic Science International: Digital Investigation,NA,2666-2817,2026-05-21,NA,eme2025ukb
Forensic Science International: Genetics,NA,1872-4973,2026-05-21,NA,eme2025ukb
Forensic Science International: Genetics Supplement Series,NA,1875-1768,2026-05-21,NA,eme2025ukb
Forensic Science International: Reports,NA,2665-9107,2026-05-21,NA,eme2025ukb
Forensic Science International: Synergy,NA,2589-871X,2026-05-21,NA,eme2025ukb
Forest Ecology and Management,NA,0378-1127,2026-05-21,NA,eme2025ukb
Forest Policy and Economics,NA,1389-9341,2026-05-21,NA,eme2025ukb
Franklin Open,NA,2773-1863,2026-05-21,NA,eme2025ukb
Free Radical Biology & Medicine,NA,0891-5849,2026-05-21,NA,eme2025ukb
Frontiers in Neuroendocrinology,NA,0091-3022,2026-05-21,NA,eme2025ukb
Fuel,NA,0016-2361,2026-05-21,NA,eme2025ukb
Fuel Communications,NA,2666-0520,2026-05-21,NA,eme2025ukb
Fuel Processing Technology,NA,0378-3820,2026-05-21,NA,eme2025ukb
Fundamental Plasma Physics,NA,2772-8285,2026-05-21,NA,eme2025ukb
Fungal Biology,NA,1878-6146,2026-05-21,NA,eme2025ukb
Fungal Biology Reviews,NA,1749-4613,2026-05-21,NA,eme2025ukb
Fungal Ecology,NA,1754-5048,2026-05-21,NA,eme2025ukb
Fungal Genetics and Biology,NA,1087-1845,2026-05-21,NA,eme2025ukb
Fusion Engineering and Design,NA,0920-3796,2026-05-21,NA,eme2025ukb
Fuß & Sprunggelenk,NA,1619-9987,2026-05-21,NA,eme2025ukb
Future Batteries,NA,2950-2640,2026-05-21,NA,eme2025ukb
Future Foods,NA,2666-8335,2026-05-21,NA,eme2025ukb
Future Generation Computer Systems,NA,0167-739X,2026-05-21,NA,eme2025ukb
Future Healthcare Journal,NA,2514-6645,2026-05-21,NA,eme2025ukb
Futures,NA,0016-3287,2026-05-21,NA,eme2025ukb
Fuzzy Sets and Systems,NA,0165-0114,2026-05-21,NA,eme2025ukb
Gait & Posture,NA,0966-6362,2026-05-21,NA,eme2025ukb
Games and Economic Behavior,NA,0899-8256,2026-05-21,NA,eme2025ukb
Gas Science and Engineering,NA,2949-9089,2026-05-21,NA,eme2025ukb
Gastro Hep Advances,NA,2772-5723,2026-05-21,NA,eme2025ukb
Gastroenterología y Hepatología,NA,0210-5705,2026-05-21,NA,eme2025ukb
Gastroenterología y Hepatología (English Edition),NA,2444-3824,2026-05-21,NA,eme2025ukb
Gastroenterology,NA,0016-5085,2026-05-21,NA,eme2025ukb
Gastrointestinal Endoscopy,NA,0016-5107,2026-05-21,NA,eme2025ukb
Gene,NA,0378-1119,2026-05-21,NA,eme2025ukb
Gene Expression Patterns,NA,1567-133X,2026-05-21,NA,eme2025ukb
Gene Reports,NA,2452-0144,2026-05-21,NA,eme2025ukb
General and Comparative Endocrinology,NA,0016-6480,2026-05-21,NA,eme2025ukb
General Hospital Psychiatry,NA,0163-8343,2026-05-21,NA,eme2025ukb
Genetics in Medicine,NA,1098-3600,2026-05-21,NA,eme2025ukb
Genetics in Medicine Open,NA,2949-7744,2026-05-21,NA,eme2025ukb
Genomics,NA,0888-7543,2026-05-21,NA,eme2025ukb
Geobios,NA,0016-6995,2026-05-21,NA,eme2025ukb
Geochemistry,NA,0009-2819,2026-05-21,NA,eme2025ukb
Geochimica et Cosmochimica Acta,NA,0016-7037,2026-05-21,NA,eme2025ukb
Geodata and AI,NA,3050-483X,2026-05-21,NA,eme2025ukb
Geoderma,NA,0016-7061,2026-05-21,NA,eme2025ukb
Geoderma Regional,NA,2352-0094,2026-05-21,NA,eme2025ukb
Geoenergy Science and Engineering,NA,2949-8910,2026-05-21,NA,eme2025ukb
Geoforum,NA,0016-7185,2026-05-21,NA,eme2025ukb
Geography and Sustainability,NA,2666-6839,2026-05-21,NA,eme2025ukb
Geomatica,NA,1195-1036,2026-05-21,NA,eme2025ukb
Geomechanics for Energy and the Environment,NA,2352-3808,2026-05-21,NA,eme2025ukb
Geomorphology,NA,0169-555X,2026-05-21,NA,eme2025ukb
Geopsychiatry,NA,3050-7138,2026-05-21,NA,eme2025ukb
Geotextiles and Geomembranes,NA,0266-1144,2026-05-21,NA,eme2025ukb
Geothermics,NA,0375-6505,2026-05-21,NA,eme2025ukb
Geriatric Nursing,NA,0197-4572,2026-05-21,NA,eme2025ukb
Geriatric Nursing: Asia,NA,3051-3146,2026-05-21,NA,eme2025ukb
Giant,NA,2666-5425,2026-05-21,NA,eme2025ukb
Glial Health Research,NA,2950-4074,2026-05-21,NA,eme2025ukb
Global and Earth Surface Processes Change,NA,2950-4740,2026-05-21,NA,eme2025ukb
Global and Planetary Change,NA,0921-8181,2026-05-21,NA,eme2025ukb
Global Challenges & Regional Science,NA,3050-502X,2026-05-21,NA,eme2025ukb
Global Ecology and Conservation,NA,2351-9894,2026-05-21,NA,eme2025ukb
Global Economics Research,NA,3050-8037,2026-05-21,NA,eme2025ukb
Global Environmental Change,NA,0959-3780,2026-05-21,NA,eme2025ukb
Global Environmental Change Advances,NA,2950-1385,2026-05-21,NA,eme2025ukb
Global Epidemiology,NA,2590-1133,2026-05-21,NA,eme2025ukb
Global Finance Journal,NA,1044-0283,2026-05-21,NA,eme2025ukb
Global Food Security,NA,2211-9124,2026-05-21,NA,eme2025ukb
Global Neurological Insights,NA,3051-2484,2026-05-21,NA,eme2025ukb
Global Pediatrics,NA,2667-0097,2026-05-21,NA,eme2025ukb
Gondwana Research,NA,1342-937X,2026-05-21,NA,eme2025ukb
Government Information Quarterly,NA,0740-624X,2026-05-21,NA,eme2025ukb
Graphical Models,NA,1524-0703,2026-05-21,NA,eme2025ukb
Green Analytical Chemistry,NA,2772-5774,2026-05-21,NA,eme2025ukb
Groundwater for Sustainable Development,NA,2352-801X,2026-05-21,NA,eme2025ukb
Growth Hormone & IGF Research,NA,1096-6374,2026-05-21,NA,eme2025ukb
Gut Microbiology,NA,3051-1720,2026-05-21,NA,eme2025ukb
Gut Microbiome and Health,NA,3117-3594,2026-05-21,NA,eme2025ukb
Gynecologic Oncology,NA,0090-8258,2026-05-21,NA,eme2025ukb
Gynecologic Oncology Reports,NA,2352-5789,2026-05-21,NA,eme2025ukb
Gynécologie Obstétrique Fertilité & Sénologie,NA,2468-7189,2026-05-21,NA,eme2025ukb
Habitat International,NA,0197-3975,2026-05-21,NA,eme2025ukb
Hand Surgery & Rehabilitation,NA,2468-1229,2026-05-21,NA,eme2025ukb
HardwareX,NA,2468-0672,2026-05-21,NA,eme2025ukb
Harmful Algae,NA,1568-9883,2026-05-21,NA,eme2025ukb
Health & Place,NA,1353-8292,2026-05-21,NA,eme2025ukb
Health Care Transitions,NA,2949-9232,2026-05-21,NA,eme2025ukb
Health Policy,NA,0168-8510,2026-05-21,NA,eme2025ukb
Health Policy and Technology,NA,2211-8837,2026-05-21,NA,eme2025ukb
Health Policy in Asia,NA,3117-4620,2026-05-21,NA,eme2025ukb
Health Policy OPEN,NA,2590-2296,2026-05-21,NA,eme2025ukb
Health Sciences Review,NA,2772-6320,2026-05-21,NA,eme2025ukb
Healthcare Analytics,NA,2772-4425,2026-05-21,NA,eme2025ukb
Healthcare: The Journal of Delivery Science and Innovation,NA,2213-0764,2026-05-21,NA,eme2025ukb
Hearing Research,NA,0378-5955,2026-05-21,NA,eme2025ukb
Heart & Lung,NA,0147-9563,2026-05-21,NA,eme2025ukb
Heart Rhythm,NA,1547-5271,2026-05-21,NA,eme2025ukb
Heart Rhythm O2,NA,2666-5018,2026-05-21,NA,eme2025ukb
"Heart, Lung and Circulation",NA,1443-9506,2026-05-21,NA,eme2025ukb
HeartRhythm Case Reports,NA,2214-0271,2026-05-21,NA,eme2025ukb
Heavy Rail,NA,3117-3128,2026-05-21,NA,eme2025ukb
Heliyon,NA,2405-8440,2026-05-21,NA,eme2025ukb
High Energy Density Physics,NA,1574-1818,2026-05-21,NA,eme2025ukb
Hipertensión y Riesgo Vascular,NA,1889-1837,2026-05-21,NA,eme2025ukb
Historia Mathematica,NA,0315-0860,2026-05-21,NA,eme2025ukb
Hormones and Behavior,NA,0018-506X,2026-05-21,NA,eme2025ukb
HPB,NA,1365-182X,2026-05-21,NA,eme2025ukb
Human Factors in Healthcare,NA,2772-5014,2026-05-21,NA,eme2025ukb
Human Gene,NA,2773-0441,2026-05-21,NA,eme2025ukb
Human Genetics and Genomics Advances,NA,2666-2477,2026-05-21,NA,eme2025ukb
Human Immunology,NA,0198-8859,2026-05-21,NA,eme2025ukb
Human Movement Science,NA,0167-9457,2026-05-21,NA,eme2025ukb
Human Nutrition & Metabolism,NA,2666-1497,2026-05-21,NA,eme2025ukb
Human Pathology,NA,0046-8177,2026-05-21,NA,eme2025ukb
Human Pathology Reports,NA,2772-736X,2026-05-21,NA,eme2025ukb
Human Resource Management Review,NA,1053-4822,2026-05-21,NA,eme2025ukb
Hybrid Advances,NA,2773-207X,2026-05-21,NA,eme2025ukb
Hydrometallurgy,NA,0304-386X,2026-05-21,NA,eme2025ukb
Hygiene and Environmental Health Advances,NA,2773-0492,2026-05-21,NA,eme2025ukb
IBRO Neuroscience Reports,NA,2667-2421,2026-05-21,NA,eme2025ukb
Icarus,NA,0019-1035,2026-05-21,NA,eme2025ukb
ICT Express,NA,2405-9595,2026-05-21,NA,eme2025ukb
IDCases,NA,2214-2509,2026-05-21,NA,eme2025ukb
IFAC Journal of Systems and Control,NA,2468-6018,2026-05-21,NA,eme2025ukb
iGIE,NA,2949-7086,2026-05-21,NA,eme2025ukb
IJC Heart & Vasculature,NA,2352-9067,2026-05-21,NA,eme2025ukb
IJID One Health,NA,2949-9151,2026-05-21,NA,eme2025ukb
IJID Regions,NA,2772-7076,2026-05-21,NA,eme2025ukb
iLIVER,NA,2772-9478,2026-05-21,NA,eme2025ukb
Image and Vision Computing,NA,0262-8856,2026-05-21,NA,eme2025ukb
Imagerie de la Femme,NA,1776-9817,2026-05-21,NA,eme2025ukb
Immunobiology,NA,0171-2985,2026-05-21,NA,eme2025ukb
ImmunoInformatics,NA,2667-1190,2026-05-21,NA,eme2025ukb
Immunology Letters,NA,0165-2478,2026-05-21,NA,eme2025ukb
Immuno-Oncology and Technology,NA,2590-0188,2026-05-21,NA,eme2025ukb
In Analysis,NA,2542-3606,2026-05-21,NA,eme2025ukb
In Silico Research in Biomedicine,NA,3050-7871,2026-05-21,NA,eme2025ukb
Indagationes Mathematicae,NA,0019-3577,2026-05-21,NA,eme2025ukb
Indian Journal of Medical Microbiology,NA,0255-0857,2026-05-21,NA,eme2025ukb
Indoor Environments,NA,2950-3620,2026-05-21,NA,eme2025ukb
Industrial Crops and Products,NA,0926-6690,2026-05-21,NA,eme2025ukb
Industrial Marketing Management,NA,0019-8501,2026-05-21,NA,eme2025ukb
Infant Behavior and Development,NA,0163-6383,2026-05-21,NA,eme2025ukb
Infection Prevention in Practice,NA,2590-0889,2026-05-21,NA,eme2025ukb
"Infection, Disease & Health",NA,2468-0451,2026-05-21,NA,eme2025ukb
"Infection, Genetics and Evolution",NA,1567-1348,2026-05-21,NA,eme2025ukb
Infectious Diseases Now,NA,2666-9919,2026-05-21,NA,eme2025ukb
Infectious Medicine,NA,2772-431X,2026-05-21,NA,eme2025ukb
Informatics in Medicine Unlocked,NA,2352-9148,2026-05-21,NA,eme2025ukb
Information & Management,NA,0378-7206,2026-05-21,NA,eme2025ukb
Information and Computation,NA,0890-5401,2026-05-21,NA,eme2025ukb
Information and Organization,NA,1471-7727,2026-05-21,NA,eme2025ukb
Information and Software Technology,NA,0950-5849,2026-05-21,NA,eme2025ukb
Information Economics and Policy,NA,0167-6245,2026-05-21,NA,eme2025ukb
Information Fusion,NA,1566-2535,2026-05-21,NA,eme2025ukb
Information Processing & Management,NA,0306-4573,2026-05-21,NA,eme2025ukb
Information Processing in Agriculture,NA,2214-3173,2026-05-21,NA,eme2025ukb
Information Processing Letters,NA,0020-0190,2026-05-21,NA,eme2025ukb
Information Sciences,NA,0020-0255,2026-05-21,NA,eme2025ukb
Information Systems,NA,0306-4379,2026-05-21,NA,eme2025ukb
Infrared Physics & Technology,NA,1350-4495,2026-05-21,NA,eme2025ukb
Injury,NA,0020-1383,2026-05-21,NA,eme2025ukb
Innovative Food Science and Emerging Technologies,NA,1466-8564,2026-05-21,NA,eme2025ukb
Innovative Practice in Breast Health,NA,2950-2128,2026-05-21,NA,eme2025ukb
Inorganic Chemistry Communications,NA,1387-7003,2026-05-21,NA,eme2025ukb
Inorganica Chimica Acta,NA,0020-1693,2026-05-21,NA,eme2025ukb
Insect Biochemistry and Molecular Biology,NA,0965-1748,2026-05-21,NA,eme2025ukb
Insurance: Mathematics and Economics,NA,0167-6687,2026-05-21,NA,eme2025ukb
Integration,NA,0167-9260,2026-05-21,NA,eme2025ukb
Intelligence,NA,0160-2896,2026-05-21,NA,eme2025ukb
Intelligence-Based Medicine,NA,2666-5212,2026-05-21,NA,eme2025ukb
Intelligent Medicine,NA,2667-1026,2026-05-21,NA,eme2025ukb
Intelligent Systems with Applications,NA,2667-3053,2026-05-21,NA,eme2025ukb
Intensive and Critical Care Nursing,NA,0964-3397,2026-05-21,NA,eme2025ukb
Interdisciplinary Neurosurgery,NA,2214-7519,2026-05-21,NA,eme2025ukb
Intermetallics,NA,0966-9795,2026-05-21,NA,eme2025ukb
International Biodeterioration & Biodegradation,NA,0964-8305,2026-05-21,NA,eme2025ukb
International Business Review,NA,0969-5931,2026-05-21,NA,eme2025ukb
International Communications in Heat and Mass Transfer,NA,0735-1933,2026-05-21,NA,eme2025ukb
International Dairy Journal,NA,0958-6946,2026-05-21,NA,eme2025ukb
International Dental Journal,NA,0020-6539,2026-05-21,NA,eme2025ukb
International Economics,NA,2110-7017,2026-05-21,NA,eme2025ukb
International Emergency Nursing,NA,1755-599X,2026-05-21,NA,eme2025ukb
International Immunopharmacology,NA,1567-5769,2026-05-21,NA,eme2025ukb
International Journal for Parasitology,NA,0020-7519,2026-05-21,NA,eme2025ukb
International Journal for Parasitology: Drugs and Drug Resistance,NA,2211-3207,2026-05-21,NA,eme2025ukb
International Journal for Parasitology: Parasites and Wildlife,NA,2213-2244,2026-05-21,NA,eme2025ukb
International Journal of Accounting Information Systems,NA,1467-0895,2026-05-21,NA,eme2025ukb
International Journal of Adhesion and Adhesives,NA,0143-7496,2026-05-21,NA,eme2025ukb
International Journal of Africa Nursing Sciences,NA,2214-1391,2026-05-21,NA,eme2025ukb
International Journal of Antimicrobial Agents,NA,0924-8579,2026-05-21,NA,eme2025ukb
International Journal of Applied Earth Observation and Geoinformation,NA,1569-8432,2026-05-21,NA,eme2025ukb
International Journal of Approximate Reasoning,NA,0888-613X,2026-05-21,NA,eme2025ukb
International Journal of Biological Macromolecules,NA,0141-8130,2026-05-21,NA,eme2025ukb
International Journal of Cardiology,NA,0167-5273,2026-05-21,NA,eme2025ukb
International Journal of Cardiology Cardiovascular Risk and Prevention,NA,2772-4875,2026-05-21,NA,eme2025ukb
International Journal of Cardiology Congenital Heart Disease,NA,2666-6685,2026-05-21,NA,eme2025ukb
International Journal of Cardiology Innovations,NA,3051-4452,2026-05-21,NA,eme2025ukb
International Journal of Child-Computer Interaction,NA,2212-8689,2026-05-21,NA,eme2025ukb
International Journal of Clinical and Health Psychology,NA,1697-2600,2026-05-21,NA,eme2025ukb
International Journal of Coal Geology,NA,0166-5162,2026-05-21,NA,eme2025ukb
International Journal of Critical Infrastructure Protection,NA,1874-5482,2026-05-21,NA,eme2025ukb
International Journal of Disaster Risk Reduction,NA,2212-4209,2026-05-21,NA,eme2025ukb
International Journal of Drug Policy,NA,0955-3959,2026-05-21,NA,eme2025ukb
International Journal of Educational Development,NA,0738-0593,2026-05-21,NA,eme2025ukb
International Journal of Educational Research,NA,0883-0355,2026-05-21,NA,eme2025ukb
International Journal of Educational Research Open,NA,2666-3740,2026-05-21,NA,eme2025ukb
International Journal of Electrical Power & Energy Systems,NA,0142-0615,2026-05-21,NA,eme2025ukb
International Journal of Electrochemical Science,NA,1452-3981,2026-05-21,NA,eme2025ukb
International Journal of Engineering Science,NA,0020-7225,2026-05-21,NA,eme2025ukb
International Journal of Fatigue,NA,0142-1123,2026-05-21,NA,eme2025ukb
International Journal of Food Microbiology,NA,0168-1605,2026-05-21,NA,eme2025ukb
International Journal of Forecasting,NA,0169-2070,2026-05-21,NA,eme2025ukb
International Journal of Gastronomy and Food Science,NA,1878-450X,2026-05-21,NA,eme2025ukb
International Journal of Greenhouse Gas Control,NA,1750-5836,2026-05-21,NA,eme2025ukb
International Journal of Gynecological Cancer,NA,1048-891X,2026-05-21,NA,eme2025ukb
International Journal of Heat and Fluid Flow,NA,0142-727X,2026-05-21,NA,eme2025ukb
International Journal of Heat and Mass Transfer,NA,0017-9310,2026-05-21,NA,eme2025ukb
International Journal of Hospitality Management,NA,0278-4319,2026-05-21,NA,eme2025ukb
International Journal of Human-Computer Studies,NA,1071-5819,2026-05-21,NA,eme2025ukb
International Journal of Hydrogen Energy,NA,0360-3199,2026-05-21,NA,eme2025ukb
International Journal of Hygiene and Environmental Health,NA,1438-4639,2026-05-21,NA,eme2025ukb
International Journal of Impact Engineering,NA,0734-743X,2026-05-21,NA,eme2025ukb
International Journal of Industrial Ergonomics,NA,0169-8141,2026-05-21,NA,eme2025ukb
International Journal of Industrial Organization,NA,0167-7187,2026-05-21,NA,eme2025ukb
International Journal of Infectious Diseases,NA,1201-9712,2026-05-21,NA,eme2025ukb
International Journal of Information Management,NA,0268-4012,2026-05-21,NA,eme2025ukb
International Journal of Information Management Data Insights,NA,2667-0968,2026-05-21,NA,eme2025ukb
International Journal of Intercultural Relations,NA,0147-1767,2026-05-21,NA,eme2025ukb
International Journal of Law and Psychiatry,NA,0160-2527,2026-05-21,NA,eme2025ukb
"International Journal of Law, Crime and Justice",NA,1756-0616,2026-05-21,NA,eme2025ukb
International Journal of Machine Tools and Manufacture,NA,0890-6955,2026-05-21,NA,eme2025ukb
International Journal of Mass Spectrometry,NA,1387-3806,2026-05-21,NA,eme2025ukb
International Journal of Mechanical Sciences,NA,0020-7403,2026-05-21,NA,eme2025ukb
International Journal of Medical Informatics,NA,1386-5056,2026-05-21,NA,eme2025ukb
International Journal of Medical Microbiology,NA,1438-4221,2026-05-21,NA,eme2025ukb
International Journal of Multiphase Flow,NA,0301-9322,2026-05-21,NA,eme2025ukb
International Journal of Naval Architecture and Ocean Engineering,NA,2092-6782,2026-05-21,NA,eme2025ukb
International Journal of Non-Linear Mechanics,NA,0020-7462,2026-05-21,NA,eme2025ukb
International Journal of Nursing Studies,NA,0020-7489,2026-05-21,NA,eme2025ukb
International Journal of Nursing Studies Advances,NA,2666-142X,2026-05-21,NA,eme2025ukb
International Journal of Obstetric Anesthesia,NA,0959-289X,2026-05-21,NA,eme2025ukb
International Journal of Oral and Maxillofacial Surgery,NA,0901-5027,2026-05-21,NA,eme2025ukb
International Journal of Orthopaedic and Trauma Nursing,NA,1878-1241,2026-05-21,NA,eme2025ukb
International Journal of Osteopathic Medicine,NA,1746-0689,2026-05-21,NA,eme2025ukb
International Journal of Paleopathology,NA,1879-9817,2026-05-21,NA,eme2025ukb
International Journal of Particle Therapy,NA,2331-5180,2026-05-21,NA,eme2025ukb
International Journal of Pediatric Otorhinolaryngology,NA,0165-5876,2026-05-21,NA,eme2025ukb
International Journal of Pharmaceutics,NA,0378-5173,2026-05-21,NA,eme2025ukb
International Journal of Pharmaceutics: X,NA,2590-1567,2026-05-21,NA,eme2025ukb
International Journal of Plasticity,NA,0749-6419,2026-05-21,NA,eme2025ukb
International Journal of Pressure Vessels and Piping,NA,0308-0161,2026-05-21,NA,eme2025ukb
International Journal of Production Economics,NA,0925-5273,2026-05-21,NA,eme2025ukb
International Journal of Project Management,NA,0263-7863,2026-05-21,NA,eme2025ukb
International Journal of Psychophysiology,NA,0167-8760,2026-05-21,NA,eme2025ukb
"International Journal of Radiation Oncology, Biology, Physics",NA,0360-3016,2026-05-21,NA,eme2025ukb
International Journal of Refractory Metals and Hard Materials,NA,0263-4368,2026-05-21,NA,eme2025ukb
International Journal of Refrigeration,NA,0140-7007,2026-05-21,NA,eme2025ukb
International Journal of Research in Marketing,NA,0167-8116,2026-05-21,NA,eme2025ukb
International Journal of Rock Mechanics and Mining Sciences,NA,1365-1609,2026-05-21,NA,eme2025ukb
International Journal of Solids and Structures,NA,0020-7683,2026-05-21,NA,eme2025ukb
International Journal of Thermal Sciences,NA,1290-0729,2026-05-21,NA,eme2025ukb
International Journal of Thermofluids,NA,2666-2027,2026-05-21,NA,eme2025ukb
International Orthodontics,NA,1761-7227,2026-05-21,NA,eme2025ukb
International Psychogeriatrics,NA,1041-6102,2026-05-21,NA,eme2025ukb
International Review of Economics & Finance,NA,1059-0560,2026-05-21,NA,eme2025ukb
International Review of Economics Education,NA,1477-3880,2026-05-21,NA,eme2025ukb
International Review of Financial Analysis,NA,1057-5219,2026-05-21,NA,eme2025ukb
International Review of Law and Economics,NA,0144-8188,2026-05-21,NA,eme2025ukb
Internet Interventions,NA,2214-7829,2026-05-21,NA,eme2025ukb
Internet of Things,NA,2542-6605,2026-05-21,NA,eme2025ukb
Intestinal Failure,NA,2950-4562,2026-05-21,NA,eme2025ukb
Invention Disclosure,NA,2772-4441,2026-05-21,NA,eme2025ukb
iPharma,NA,3117-4701,2026-05-21,NA,eme2025ukb
IRBM,NA,1959-0318,2026-05-21,NA,eme2025ukb
ISA Transactions,NA,0019-0578,2026-05-21,NA,eme2025ukb
iScience,NA,2589-0042,2026-05-21,NA,eme2025ukb
ISPRS Journal of Photogrammetry and Remote Sensing,NA,0924-2716,2026-05-21,NA,eme2025ukb
ISPRS Open Journal of Photogrammetry and Remote Sensing,NA,2667-3932,2026-05-21,NA,eme2025ukb
Italian Journal of Agronomy,NA,1125-4718,2026-05-21,NA,eme2025ukb
JAACAP Open,NA,2949-7329,2026-05-21,NA,eme2025ukb
JAAD Case Reports,NA,2352-5126,2026-05-21,NA,eme2025ukb
JAAD International,NA,2666-3287,2026-05-21,NA,eme2025ukb
JAAD Reviews,NA,2950-1989,2026-05-21,NA,eme2025ukb
JACC: Advances,NA,2772-963X,2026-05-21,NA,eme2025ukb
JACC: Asia,NA,2772-3747,2026-05-21,NA,eme2025ukb
JACC: Cardiovascular Imaging,NA,1936-878X,2026-05-21,NA,eme2025ukb
JACC: Cardiovascular Interventions,NA,1936-8798,2026-05-21,NA,eme2025ukb
JACC: Clinical Electrophysiology,NA,2405-500X,2026-05-21,NA,eme2025ukb
JACC: Heart Failure,NA,2213-1779,2026-05-21,NA,eme2025ukb
JACEP Open,NA,2688-1152,2026-05-21,NA,eme2025ukb
JADA Foundational Science,NA,2772-414X,2026-05-21,NA,eme2025ukb
JAND Global Reports,NA,3050-7189,2026-05-21,NA,eme2025ukb
Japan and the World Economy,NA,0922-1425,2026-05-21,NA,eme2025ukb
JAPhA Pharmacotherapy,NA,2949-9623,2026-05-21,NA,eme2025ukb
JAPhA Practice Innovations,NA,2949-9690,2026-05-21,NA,eme2025ukb
JCA Advances,NA,2950-5534,2026-05-21,NA,eme2025ukb
JCIS Open,NA,2666-934X,2026-05-21,NA,eme2025ukb
JEM International,NA,3051-3227,2026-05-21,NA,eme2025ukb
JEM Reports,NA,2773-2320,2026-05-21,NA,eme2025ukb
JFO Open Ophthalmology,NA,2949-8899,2026-05-21,NA,eme2025ukb
JHEP Reports,NA,2589-5559,2026-05-21,NA,eme2025ukb
JHLT Open,NA,2950-1334,2026-05-21,NA,eme2025ukb
JID Innovations,NA,2667-0267,2026-05-21,NA,eme2025ukb
Joint Bone Spine,NA,1297-319X,2026-05-21,NA,eme2025ukb
Jornal de Pediatria,NA,0021-7557,2026-05-21,NA,eme2025ukb
JOS Case Reports,NA,2772-9648,2026-05-21,NA,eme2025ukb
Journal de Chirurgie Viscérale,NA,1878-786X,2026-05-21,NA,eme2025ukb
Journal de Mathématiques Pures et Appliquées,NA,0021-7824,2026-05-21,NA,eme2025ukb
Journal de Pédiatrie et de Puériculture,NA,0987-7983,2026-05-21,NA,eme2025ukb
Journal de Traumatologie du Sport,NA,0762-915X,2026-05-21,NA,eme2025ukb
Journal d'Imagerie Diagnostique et Interventionnelle,NA,2543-3431,2026-05-21,NA,eme2025ukb
Journal for Nature Conservation,NA,1617-1381,2026-05-21,NA,eme2025ukb
Journal Français d'Ophtalmologie,NA,0181-5512,2026-05-21,NA,eme2025ukb
Journal of AAPOS,NA,1091-8531,2026-05-21,NA,eme2025ukb
Journal of Accounting and Economics,NA,0165-4101,2026-05-21,NA,eme2025ukb
Journal of Accounting and Public Policy,NA,0278-4254,2026-05-21,NA,eme2025ukb
Journal of Accounting Education,NA,0748-5751,2026-05-21,NA,eme2025ukb
Journal of Adolescent Health,NA,1054-139X,2026-05-21,NA,eme2025ukb
Journal of Advanced Joining Processes,NA,2666-3309,2026-05-21,NA,eme2025ukb
Journal of Advanced Research,NA,2090-1232,2026-05-21,NA,eme2025ukb
Journal of Aerosol Science,NA,0021-8502,2026-05-21,NA,eme2025ukb
Journal of Affective Disorders,NA,0165-0327,2026-05-21,NA,eme2025ukb
Journal of Affective Disorders Reports,NA,2666-9153,2026-05-21,NA,eme2025ukb
Journal of African Earth Sciences,NA,1464-343X,2026-05-21,NA,eme2025ukb
Journal of Aging Studies,NA,0890-4065,2026-05-21,NA,eme2025ukb
Journal of Agriculture and Food Research,NA,2666-1543,2026-05-21,NA,eme2025ukb
Journal of Air Transport Management,NA,0969-6997,2026-05-21,NA,eme2025ukb
Journal of Algebra,NA,0021-8693,2026-05-21,NA,eme2025ukb
Journal of Allergy and Clinical Immunology,NA,0091-6749,2026-05-21,NA,eme2025ukb
Journal of Allergy and Clinical Immunology: Global,NA,2772-8293,2026-05-21,NA,eme2025ukb
Journal of Allergy and Hypersensitivity Diseases,NA,2950-3124,2026-05-21,NA,eme2025ukb
Journal of Alloys and Compounds,NA,0925-8388,2026-05-21,NA,eme2025ukb
Journal of Alloys and Compounds Communications,NA,2950-2845,2026-05-21,NA,eme2025ukb
Journal of Alloys and Metallurgical Systems,NA,2949-9178,2026-05-21,NA,eme2025ukb
Journal of Analytical and Applied Pyrolysis,NA,0165-2370,2026-05-21,NA,eme2025ukb
Journal of Anthropological Archaeology,NA,0278-4165,2026-05-21,NA,eme2025ukb
Journal of Anxiety Disorders,NA,0887-6185,2026-05-21,NA,eme2025ukb
Journal of Applied Developmental Psychology,NA,0193-3973,2026-05-21,NA,eme2025ukb
Journal of Applied Geophysics,NA,0926-9851,2026-05-21,NA,eme2025ukb
Journal of Applied Poultry Research,NA,1056-6171,2026-05-21,NA,eme2025ukb
Journal of Applied Research on Medicinal and Aromatic Plants,NA,2214-7861,2026-05-21,NA,eme2025ukb
Journal of Approximation Theory,NA,0021-9045,2026-05-21,NA,eme2025ukb
Journal of Aquatic Plants,NA,3051-2301,2026-05-21,NA,eme2025ukb
Journal of Archaeological Science,NA,0305-4403,2026-05-21,NA,eme2025ukb
Journal of Archaeological Science: Reports,NA,2352-409X,2026-05-21,NA,eme2025ukb
Journal of Arid Environments,NA,0140-1963,2026-05-21,NA,eme2025ukb
Journal of Arthroplasty,NA,0883-5403,2026-05-21,NA,eme2025ukb
Journal of Asian Earth Sciences,NA,1367-9120,2026-05-21,NA,eme2025ukb
Journal of Asian Earth Sciences: X,NA,2590-0560,2026-05-21,NA,eme2025ukb
Journal of Asian Economics,NA,1049-0078,2026-05-21,NA,eme2025ukb
Journal of Asia-Pacific Entomology,NA,1226-8615,2026-05-21,NA,eme2025ukb
Journal of Atmospheric and Solar-Terrestrial Physics,NA,1364-6826,2026-05-21,NA,eme2025ukb
Journal of Autoimmunity,NA,0896-8411,2026-05-21,NA,eme2025ukb
Journal of Ayurveda and Integrative Medicine,NA,0975-9476,2026-05-21,NA,eme2025ukb
Journal of Banking & Finance,NA,0378-4266,2026-05-21,NA,eme2025ukb
Journal of Behavior Therapy and Experimental Psychiatry,NA,0005-7916,2026-05-21,NA,eme2025ukb
Journal of Behavioral and Cognitive Therapy,NA,2589-9791,2026-05-21,NA,eme2025ukb
Journal of Behavioral and Experimental Economics,NA,2214-8043,2026-05-21,NA,eme2025ukb
Journal of Behavioral and Experimental Finance,NA,2214-6350,2026-05-21,NA,eme2025ukb
Journal of Biomechanics,NA,0021-9290,2026-05-21,NA,eme2025ukb
Journal of Biomechanics Open,NA,3051-1313,2026-05-21,NA,eme2025ukb
Journal of Biomedical Informatics,NA,1532-0464,2026-05-21,NA,eme2025ukb
Journal of Biotechnology,NA,0168-1656,2026-05-21,NA,eme2025ukb
Journal of Bodywork and Movement Therapies,NA,1360-8592,2026-05-21,NA,eme2025ukb
Journal of Bone Oncology,NA,2212-1374,2026-05-21,NA,eme2025ukb
Journal of Building Engineering,NA,2352-7102,2026-05-21,NA,eme2025ukb
Journal of Business Research,NA,0148-2963,2026-05-21,NA,eme2025ukb
Journal of Business Venturing,NA,0883-9026,2026-05-21,NA,eme2025ukb
Journal of Business Venturing Design,NA,2667-2774,2026-05-21,NA,eme2025ukb
Journal of Business Venturing Insights,NA,2352-6734,2026-05-21,NA,eme2025ukb
Journal of Cancer Policy,NA,2213-5383,2026-05-21,NA,eme2025ukb
Journal of Cardiac Failure,NA,1071-9164,2026-05-21,NA,eme2025ukb
Journal of Cardiac Failure - Intersections,NA,3050-6611,2026-05-21,NA,eme2025ukb
Journal of Cardiology,NA,0914-5087,2026-05-21,NA,eme2025ukb
Journal of Cardiology Cases,NA,1878-5409,2026-05-21,NA,eme2025ukb
Journal of Cardiothoracic and Vascular Anesthesia,NA,1053-0770,2026-05-21,NA,eme2025ukb
Journal of Cardiovascular Computed Tomography,NA,1934-5925,2026-05-21,NA,eme2025ukb
Journal of Cardiovascular Magnetic Resonance,NA,1097-6647,2026-05-21,NA,eme2025ukb
Journal of Cartilage & Joint Preservation,NA,2667-2545,2026-05-21,NA,eme2025ukb
Journal of Catalysis,NA,0021-9517,2026-05-21,NA,eme2025ukb
Journal of Cereal Science,NA,0733-5210,2026-05-21,NA,eme2025ukb
Journal of Chiropractic Humanities,NA,1556-3499,2026-05-21,NA,eme2025ukb
Journal of Chiropractic Medicine,NA,1556-3707,2026-05-21,NA,eme2025ukb
Journal of Choice Modelling,NA,1755-5345,2026-05-21,NA,eme2025ukb
Journal of Chromatography A,NA,0021-9673,2026-05-21,NA,eme2025ukb
Journal of Chromatography B,NA,1570-0232,2026-05-21,NA,eme2025ukb
Journal of Chromatography Open,NA,2772-3917,2026-05-21,NA,eme2025ukb
Journal of Cleaner Production,NA,0959-6526,2026-05-21,NA,eme2025ukb
Journal of Climate Finance,NA,2949-7280,2026-05-21,NA,eme2025ukb
Journal of Clinical and Experimental Hepatology,NA,0973-6883,2026-05-21,NA,eme2025ukb
Journal of Clinical and Translational Endocrinology,NA,2214-6237,2026-05-21,NA,eme2025ukb
Journal of Clinical and Translational Endocrinology: Case Reports,NA,2214-6245,2026-05-21,NA,eme2025ukb
Journal of Clinical Anesthesia,NA,0952-8180,2026-05-21,NA,eme2025ukb
Journal of Clinical Densitometry,NA,1094-6950,2026-05-21,NA,eme2025ukb
Journal of Clinical Epidemiology,NA,0895-4356,2026-05-21,NA,eme2025ukb
Journal of Clinical Lipidology,NA,1933-2874,2026-05-21,NA,eme2025ukb
Journal of Clinical Neuroscience,NA,0967-5868,2026-05-21,NA,eme2025ukb
Journal of Clinical Orthopaedics and Trauma,NA,0976-5662,2026-05-21,NA,eme2025ukb
Journal of Clinical Tuberculosis and Other Mycobacterial Diseases,NA,2405-5794,2026-05-21,NA,eme2025ukb
Journal of Clinical Virology,NA,1386-6532,2026-05-21,NA,eme2025ukb
Journal of Clinical Virology Plus,NA,2667-0380,2026-05-21,NA,eme2025ukb
Journal of CO2 Utilization,NA,2212-9820,2026-05-21,NA,eme2025ukb
Journal of Colloid and Interface Science,NA,0021-9797,2026-05-21,NA,eme2025ukb
"Journal of Combinatorial Theory, Series A",NA,0097-3165,2026-05-21,NA,eme2025ukb
"Journal of Combinatorial Theory, Series B",NA,0095-8956,2026-05-21,NA,eme2025ukb
Journal of Commodity Markets,NA,2405-8513,2026-05-21,NA,eme2025ukb
Journal of Communication Disorders,NA,0021-9924,2026-05-21,NA,eme2025ukb
Journal of Comparative Economics,NA,0147-5967,2026-05-21,NA,eme2025ukb
Journal of Comparative Pathology,NA,0021-9975,2026-05-21,NA,eme2025ukb
Journal of Complexity,NA,0885-064X,2026-05-21,NA,eme2025ukb
Journal of Computational Algebra,NA,2772-8277,2026-05-21,NA,eme2025ukb
Journal of Computational and Applied Mathematics,NA,0377-0427,2026-05-21,NA,eme2025ukb
Journal of Computational Mathematics and Data Science,NA,2772-4158,2026-05-21,NA,eme2025ukb
Journal of Computational Physics,NA,0021-9991,2026-05-21,NA,eme2025ukb
Journal of Computational Science,NA,1877-7503,2026-05-21,NA,eme2025ukb
Journal of Computer and System Sciences,NA,0022-0000,2026-05-21,NA,eme2025ukb
Journal of Computer Languages,NA,2590-1184,2026-05-21,NA,eme2025ukb
Journal of Constructional Steel Research,NA,0143-974X,2026-05-21,NA,eme2025ukb
Journal of Contaminant Hydrology,NA,0169-7722,2026-05-21,NA,eme2025ukb
Journal of Contemporary Accounting & Economics,NA,1815-5669,2026-05-21,NA,eme2025ukb
Journal of Contextual Behavioral Science,NA,2212-1447,2026-05-21,NA,eme2025ukb
Journal of Controlled Release,NA,0168-3659,2026-05-21,NA,eme2025ukb
Journal of Co-operative Organization and Management,NA,2213-297X,2026-05-21,NA,eme2025ukb
Journal of Corporate Finance,NA,0929-1199,2026-05-21,NA,eme2025ukb
Journal of Cranio-Maxillofacial Surgery,NA,1010-5182,2026-05-21,NA,eme2025ukb
Journal of Creativity,NA,2713-3745,2026-05-21,NA,eme2025ukb
Journal of Criminal Justice,NA,0047-2352,2026-05-21,NA,eme2025ukb
Journal of Critical Care,NA,0883-9441,2026-05-21,NA,eme2025ukb
Journal of Crystal Growth,NA,0022-0248,2026-05-21,NA,eme2025ukb
Journal of Cultural Heritage,NA,1296-2074,2026-05-21,NA,eme2025ukb
Journal of Cycling and Micromobility Research,NA,2950-1059,2026-05-21,NA,eme2025ukb
Journal of Cystic Fibrosis,NA,1569-1993,2026-05-21,NA,eme2025ukb
Journal of Dairy Science,NA,0022-0302,2026-05-21,NA,eme2025ukb
Journal of Dentistry,NA,0300-5712,2026-05-21,NA,eme2025ukb
Journal of Dermatological Science,NA,0923-1811,2026-05-21,NA,eme2025ukb
Journal of Destination Marketing & Management,NA,2212-571X,2026-05-21,NA,eme2025ukb
Journal of Development Economics,NA,0304-3878,2026-05-21,NA,eme2025ukb
Journal of Diabetes and its Complications,NA,1056-8727,2026-05-21,NA,eme2025ukb
Journal of Differential Equations,NA,0022-0396,2026-05-21,NA,eme2025ukb
Journal of Drug Delivery Science and Technology,NA,1773-2247,2026-05-21,NA,eme2025ukb
Journal of Econometrics,NA,0304-4076,2026-05-21,NA,eme2025ukb
Journal of Economic Behavior & Organization,NA,0167-2681,2026-05-21,NA,eme2025ukb
Journal of Economic Criminology,NA,2949-7914,2026-05-21,NA,eme2025ukb
Journal of Economic Dynamics and Control,NA,0165-1889,2026-05-21,NA,eme2025ukb
Journal of Economic Psychology,NA,0167-4870,2026-05-21,NA,eme2025ukb
Journal of Economic Theory,NA,0022-0531,2026-05-21,NA,eme2025ukb
Journal of Economics and Business,NA,0148-6195,2026-05-21,NA,eme2025ukb
Journal of Electroanalytical Chemistry,NA,1572-6657,2026-05-21,NA,eme2025ukb
Journal of Electrocardiology,NA,0022-0736,2026-05-21,NA,eme2025ukb
Journal of Electromyography and Kinesiology,NA,1050-6411,2026-05-21,NA,eme2025ukb
Journal of Electron Spectroscopy and Related Phenomena,NA,0368-2048,2026-05-21,NA,eme2025ukb
Journal of Electrostatics,NA,0304-3886,2026-05-21,NA,eme2025ukb
Journal of Emergency Nursing,NA,0099-1767,2026-05-21,NA,eme2025ukb
Journal of Empirical Finance,NA,0927-5398,2026-05-21,NA,eme2025ukb
Journal of Endodontics,NA,0099-2399,2026-05-21,NA,eme2025ukb
Journal of Energy Chemistry,NA,2095-4956,2026-05-21,NA,eme2025ukb
Journal of Energy Storage,NA,2352-152X,2026-05-21,NA,eme2025ukb
Journal of Engineering and Technology Management,NA,0923-4748,2026-05-21,NA,eme2025ukb
Journal of Engineering Research,NA,2307-1877,2026-05-21,NA,eme2025ukb
Journal of English for Academic Purposes,NA,1475-1585,2026-05-21,NA,eme2025ukb
Journal of Environmental Chemical Engineering,NA,2213-3437,2026-05-21,NA,eme2025ukb
Journal of Environmental Economics and Management,NA,0095-0696,2026-05-21,NA,eme2025ukb
Journal of Environmental Management,NA,0301-4797,2026-05-21,NA,eme2025ukb
Journal of Environmental Psychology,NA,0272-4944,2026-05-21,NA,eme2025ukb
Journal of Environmental Radioactivity,NA,0265-931X,2026-05-21,NA,eme2025ukb
Journal of Environmental Sciences,NA,1001-0742,2026-05-21,NA,eme2025ukb
Journal of Epidemiology and Population Health,NA,2950-4333,2026-05-21,NA,eme2025ukb
Journal of Equine Veterinary Science,NA,0737-0806,2026-05-21,NA,eme2025ukb
Journal of Ethnopharmacology,NA,0378-8741,2026-05-21,NA,eme2025ukb
Journal of Evidence-Based Dental Practice,NA,1532-3382,2026-05-21,NA,eme2025ukb
Journal of Exercise Science & Fitness,NA,1728-869X,2026-05-21,NA,eme2025ukb
Journal of Exotic Pet Medicine,NA,1557-5063,2026-05-21,NA,eme2025ukb
Journal of Experimental Child Psychology,NA,0022-0965,2026-05-21,NA,eme2025ukb
Journal of Experimental Horticulture,NA,3051-1186,2026-05-21,NA,eme2025ukb
Journal of Experimental Marine Biology and Ecology,NA,0022-0981,2026-05-21,NA,eme2025ukb
Journal of Experimental Social Psychology,NA,0022-1031,2026-05-21,NA,eme2025ukb
Journal of Family Business Strategy,NA,1877-8585,2026-05-21,NA,eme2025ukb
Journal of Financial Economics,NA,0304-405X,2026-05-21,NA,eme2025ukb
Journal of Financial Intermediation,NA,1042-9573,2026-05-21,NA,eme2025ukb
Journal of Financial Markets,NA,1386-4181,2026-05-21,NA,eme2025ukb
Journal of Financial Stability,NA,1572-3089,2026-05-21,NA,eme2025ukb
Journal of Fluency Disorders,NA,0094-730X,2026-05-21,NA,eme2025ukb
Journal of Fluids and Structures,NA,0889-9746,2026-05-21,NA,eme2025ukb
Journal of Fluorine Chemistry,NA,0022-1139,2026-05-21,NA,eme2025ukb
Journal of Food Composition and Analysis,NA,0889-1575,2026-05-21,NA,eme2025ukb
Journal of Food Engineering,NA,0260-8774,2026-05-21,NA,eme2025ukb
Journal of Food Protection,NA,0362-028X,2026-05-21,NA,eme2025ukb
Journal of Forensic and Legal Medicine,NA,1752-928X,2026-05-21,NA,eme2025ukb
Journal of Functional Analysis,NA,0022-1236,2026-05-21,NA,eme2025ukb
Journal of Functional Foods,NA,1756-4646,2026-05-21,NA,eme2025ukb
Journal of Gastrointestinal Surgery,NA,1091-255X,2026-05-21,NA,eme2025ukb
Journal of Gastrointestinal Surgery Open,NA,3117-3586,2026-05-21,NA,eme2025ukb
Journal of Genetic Engineering and Biotechnology,NA,1687-157X,2026-05-21,NA,eme2025ukb
Journal of Genetics and Genomics,NA,1673-8527,2026-05-21,NA,eme2025ukb
Journal of Geochemical Exploration,NA,0375-6742,2026-05-21,NA,eme2025ukb
Journal of Geodynamics,NA,0264-3707,2026-05-21,NA,eme2025ukb
Journal of Geometry and Physics,NA,0393-0440,2026-05-21,NA,eme2025ukb
Journal of Geriatric Oncology,NA,1879-4068,2026-05-21,NA,eme2025ukb
Journal of Global Antimicrobial Resistance,NA,2213-7165,2026-05-21,NA,eme2025ukb
Journal of Great Lakes Research,NA,0380-1330,2026-05-21,NA,eme2025ukb
Journal of Gynecology Obstetrics and Human Reproduction,NA,2468-7847,2026-05-21,NA,eme2025ukb
Journal of Hand and Microsurgery,NA,0974-3227,2026-05-21,NA,eme2025ukb
Journal of Hand Surgery Global Online,NA,2589-5141,2026-05-21,NA,eme2025ukb
Journal of Hand Therapy,NA,0894-1130,2026-05-21,NA,eme2025ukb
Journal of Hazardous Materials,NA,0304-3894,2026-05-21,NA,eme2025ukb
Journal of Hazardous Materials Advances,NA,2772-4166,2026-05-21,NA,eme2025ukb
Journal of Hazardous Materials Letters,NA,2666-9110,2026-05-21,NA,eme2025ukb
Journal of Hazardous Materials: Organics,NA,3051-0597,2026-05-21,NA,eme2025ukb
Journal of Hazardous Materials: Plastics,NA,3051-0600,2026-05-21,NA,eme2025ukb
Journal of Health Economics,NA,0167-6296,2026-05-21,NA,eme2025ukb
Journal of Healthcare Quality Research,NA,2603-6479,2026-05-21,NA,eme2025ukb
Journal of Hepatology,NA,0168-8278,2026-05-21,NA,eme2025ukb
Journal of Herbal Medicine,NA,2210-8033,2026-05-21,NA,eme2025ukb
Journal of High Energy Astrophysics,NA,2214-4048,2026-05-21,NA,eme2025ukb
Journal of Historical Geography,NA,0305-7488,2026-05-21,NA,eme2025ukb
Journal of Hospital Infection,NA,0195-6701,2026-05-21,NA,eme2025ukb
Journal of Hospitality and Tourism Management,NA,1447-6770,2026-05-21,NA,eme2025ukb
"Journal of Hospitality, Leisure, Sport & Tourism Education",NA,1473-8376,2026-05-21,NA,eme2025ukb
Journal of Housing Economics,NA,1051-1377,2026-05-21,NA,eme2025ukb
Journal of Human Evolution,NA,0047-2484,2026-05-21,NA,eme2025ukb
Journal of Hydro-environment Research,NA,1570-6443,2026-05-21,NA,eme2025ukb
Journal of Hydrology,NA,0022-1694,2026-05-21,NA,eme2025ukb
Journal of Hydrology X,NA,2589-9155,2026-05-21,NA,eme2025ukb
Journal of Hydrology: Regional Studies,NA,2214-5818,2026-05-21,NA,eme2025ukb
Journal of Immunological Methods,NA,0022-1759,2026-05-21,NA,eme2025ukb
Journal of Industrial and Engineering Chemistry,NA,1226-086X,2026-05-21,NA,eme2025ukb
Journal of Industrial Information Integration,NA,2452-414X,2026-05-21,NA,eme2025ukb
Journal of Infection,NA,0163-4453,2026-05-21,NA,eme2025ukb
Journal of Infection and Public Health,NA,1876-0341,2026-05-21,NA,eme2025ukb
Journal of Information Security and Applications,NA,2214-2126,2026-05-21,NA,eme2025ukb
Journal of Informetrics,NA,1751-1577,2026-05-21,NA,eme2025ukb
Journal of Innovation & Knowledge,NA,2444-569X,2026-05-21,NA,eme2025ukb
Journal of Inorganic Biochemistry,NA,0162-0134,2026-05-21,NA,eme2025ukb
Journal of Insect Physiology,NA,0022-1910,2026-05-21,NA,eme2025ukb
Journal of Integrative Medicine,NA,2095-4964,2026-05-21,NA,eme2025ukb
Journal of Intensive Medicine,NA,2667-100X,2026-05-21,NA,eme2025ukb
"Journal of International Accounting, Auditing and Taxation",NA,1061-9518,2026-05-21,NA,eme2025ukb
Journal of International Economics,NA,0022-1996,2026-05-21,NA,eme2025ukb
"Journal of International Financial Markets, Institutions & Money",NA,1042-4431,2026-05-21,NA,eme2025ukb
Journal of International Management,NA,1075-4253,2026-05-21,NA,eme2025ukb
Journal of International Money and Finance,NA,0261-5606,2026-05-21,NA,eme2025ukb
Journal of Interprofessional Education & Practice,NA,2405-4526,2026-05-21,NA,eme2025ukb
Journal of Invertebrate Pathology,NA,0022-2011,2026-05-21,NA,eme2025ukb
Journal of Investigative Dermatology,NA,0022-202X,2026-05-21,NA,eme2025ukb
Journal of Ionic Liquids,NA,2772-4220,2026-05-21,NA,eme2025ukb
Journal of ISAKOS,NA,2059-7754,2026-05-21,NA,eme2025ukb
Journal of Liver Transplantation,NA,2666-9676,2026-05-21,NA,eme2025ukb
Journal of Logical and Algebraic Methods in Programming,NA,2352-2208,2026-05-21,NA,eme2025ukb
Journal of Loss Prevention in the Process Industries,NA,0950-4230,2026-05-21,NA,eme2025ukb
Journal of Luminescence,NA,0022-2313,2026-05-21,NA,eme2025ukb
Journal of Macroeconomics,NA,0164-0704,2026-05-21,NA,eme2025ukb
Journal of Magnetic Resonance,NA,1090-7807,2026-05-21,NA,eme2025ukb
Journal of Magnetic Resonance Open,NA,2666-4410,2026-05-21,NA,eme2025ukb
Journal of Magnetism and Magnetic Materials,NA,0304-8853,2026-05-21,NA,eme2025ukb
Journal of Manufacturing Processes,NA,1526-6125,2026-05-21,NA,eme2025ukb
Journal of Manufacturing Systems,NA,0278-6125,2026-05-21,NA,eme2025ukb
Journal of Marine Systems,NA,0924-7963,2026-05-21,NA,eme2025ukb
Journal of Materials Processing Technology,NA,0924-0136,2026-05-21,NA,eme2025ukb
Journal of Materials Research and Technology,NA,2238-7854,2026-05-21,NA,eme2025ukb
Journal of Materials Science & Technology,NA,1005-0302,2026-05-21,NA,eme2025ukb
Journal of Materiomics,NA,2352-8478,2026-05-21,NA,eme2025ukb
Journal of Mathematical Analysis and Applications,NA,0022-247X,2026-05-21,NA,eme2025ukb
Journal of Mathematical Economics,NA,0304-4068,2026-05-21,NA,eme2025ukb
Journal of Mathematical Psychology,NA,0022-2496,2026-05-21,NA,eme2025ukb
Journal of Medical Imaging and Radiation Sciences,NA,1939-8654,2026-05-21,NA,eme2025ukb
Journal of Medical Mycology,NA,1156-5233,2026-05-21,NA,eme2025ukb
"Journal of Medicine, Surgery, and Public Health",NA,2949-916X,2026-05-21,NA,eme2025ukb
Journal of Membrane Science,NA,0376-7388,2026-05-21,NA,eme2025ukb
Journal of Membrane Science Letters,NA,2772-4212,2026-05-21,NA,eme2025ukb
Journal of Memory and Language,NA,0749-596X,2026-05-21,NA,eme2025ukb
Journal of Microbiological Methods,NA,0167-7012,2026-05-21,NA,eme2025ukb
"Journal of Microbiology, Immunology and Infection",NA,1684-1182,2026-05-21,NA,eme2025ukb
Journal of Migration and Health,NA,2666-6235,2026-05-21,NA,eme2025ukb
Journal of Minimally Invasive Gynecology,NA,1553-4650,2026-05-21,NA,eme2025ukb
Journal of Molecular and Cellular Cardiology,NA,0022-2828,2026-05-21,NA,eme2025ukb
Journal of Molecular and Cellular Cardiology Plus,NA,2772-9761,2026-05-21,NA,eme2025ukb
Journal of Molecular Biology,NA,0022-2836,2026-05-21,NA,eme2025ukb
Journal of Molecular Graphics and Modelling,NA,1093-3263,2026-05-21,NA,eme2025ukb
Journal of Molecular Liquids,NA,0167-7322,2026-05-21,NA,eme2025ukb
Journal of Molecular Spectroscopy,NA,0022-2852,2026-05-21,NA,eme2025ukb
Journal of Molecular Structure,NA,0022-2860,2026-05-21,NA,eme2025ukb
Journal of Monetary Economics,NA,0304-3932,2026-05-21,NA,eme2025ukb
Journal of Mood & Anxiety Disorders,NA,2950-0044,2026-05-21,NA,eme2025ukb
Journal of Multinational Financial Management,NA,1042-444X,2026-05-21,NA,eme2025ukb
Journal of Multivariate Analysis,NA,0047-259X,2026-05-21,NA,eme2025ukb
Journal of Natural Pesticide Research,NA,2773-0786,2026-05-21,NA,eme2025ukb
Journal of Neonatal Nursing,NA,1355-1841,2026-05-21,NA,eme2025ukb
Journal of Network and Computer Applications,NA,1084-8045,2026-05-21,NA,eme2025ukb
Journal of Neuroimmunology,NA,0165-5728,2026-05-21,NA,eme2025ukb
Journal of Neurolinguistics,NA,0911-6044,2026-05-21,NA,eme2025ukb
Journal of Neuroradiology,NA,0150-9861,2026-05-21,NA,eme2025ukb
Journal of Neurorestoratology,NA,2324-2426,2026-05-21,NA,eme2025ukb
Journal of Neuroscience Methods,NA,0165-0270,2026-05-21,NA,eme2025ukb
Journal of Non-Crystalline Solids,NA,0022-3093,2026-05-21,NA,eme2025ukb
Journal of Non-Newtonian Fluid Mechanics,NA,0377-0257,2026-05-21,NA,eme2025ukb
Journal of Nuclear Cardiology,NA,1071-3581,2026-05-21,NA,eme2025ukb
Journal of Nuclear Materials,NA,0022-3115,2026-05-21,NA,eme2025ukb
Journal of Number Theory,NA,0022-314X,2026-05-21,NA,eme2025ukb
Journal of Nursing Regulation,NA,2155-8256,2026-05-21,NA,eme2025ukb
Journal of Nutrition Education and Behavior,NA,1499-4046,2026-05-21,NA,eme2025ukb
Journal of Obsessive-Compulsive and Related Disorders,NA,2211-3649,2026-05-21,NA,eme2025ukb
"Journal of Obstetric, Gynecologic, & Neonatal Nursing",NA,0884-2175,2026-05-21,NA,eme2025ukb
Journal of Obstetrics and Gynaecology Canada,NA,1701-2163,2026-05-21,NA,eme2025ukb
Journal of Ocean Engineering and Science,NA,2468-0133,2026-05-21,NA,eme2025ukb
"Journal of Open Innovation: Technology, Market, and Complexity",NA,2199-8531,2026-05-21,NA,eme2025ukb
Journal of Optometry,NA,1888-4296,2026-05-21,NA,eme2025ukb
Journal of Oral and Maxillofacial Surgery,NA,0278-2391,2026-05-21,NA,eme2025ukb
"Journal of Oral and Maxillofacial Surgery, Medicine, and Pathology",NA,2212-5558,2026-05-21,NA,eme2025ukb
Journal of Oral Biology and Craniofacial Research,NA,2212-4268,2026-05-21,NA,eme2025ukb
Journal of Oral Biosciences,NA,1349-0079,2026-05-21,NA,eme2025ukb
Journal of Organometallic Chemistry,NA,0022-328X,2026-05-21,NA,eme2025ukb
Journal of Orthopaedic Reports,NA,2773-157X,2026-05-21,NA,eme2025ukb
Journal of Orthopaedic Science,NA,0949-2658,2026-05-21,NA,eme2025ukb
Journal of Orthopaedic Translation,NA,2214-031X,2026-05-21,NA,eme2025ukb
Journal of Orthopaedics,NA,0972-978X,2026-05-21,NA,eme2025ukb
Journal of Outdoor Recreation and Tourism,NA,2213-0780,2026-05-21,NA,eme2025ukb
Journal of Pain and Symptom Management,NA,0885-3924,2026-05-21,NA,eme2025ukb
Journal of Parallel and Distributed Computing,NA,0743-7315,2026-05-21,NA,eme2025ukb
Journal of Pathology Informatics,NA,2153-3539,2026-05-21,NA,eme2025ukb
Journal of Pediatric and Adolescent Gynecology,NA,1083-3188,2026-05-21,NA,eme2025ukb
Journal of Pediatric Health Care,NA,0891-5245,2026-05-21,NA,eme2025ukb
Journal of Pediatric Nursing,NA,0882-5963,2026-05-21,NA,eme2025ukb
Journal of Pediatric Surgery,NA,0022-3468,2026-05-21,NA,eme2025ukb
Journal of Pediatric Surgery Case Reports,NA,2213-5766,2026-05-21,NA,eme2025ukb
Journal of Pediatric Surgery Open,NA,2949-7116,2026-05-21,NA,eme2025ukb
Journal of Pediatric Urology,NA,1477-5131,2026-05-21,NA,eme2025ukb
Journal of PeriAnesthesia Nursing,NA,1089-9472,2026-05-21,NA,eme2025ukb
Journal of Pharmaceutical Analysis,NA,2095-1779,2026-05-21,NA,eme2025ukb
Journal of Pharmaceutical and Biomedical Analysis,NA,0731-7085,2026-05-21,NA,eme2025ukb
Journal of Pharmaceutical and Biomedical Analysis Open,NA,2949-771X,2026-05-21,NA,eme2025ukb
Journal of Pharmaceutical Sciences,NA,0022-3549,2026-05-21,NA,eme2025ukb
Journal of Pharmacological and Toxicological Methods,NA,1056-8719,2026-05-21,NA,eme2025ukb
Journal of Pharmacological Sciences,NA,1347-8613,2026-05-21,NA,eme2025ukb
Journal of Phonetics,NA,0095-4470,2026-05-21,NA,eme2025ukb
Journal of Photochemistry and Photobiology,NA,2666-4690,2026-05-21,NA,eme2025ukb
Journal of Photochemistry and Photobiology A: Chemistry,NA,1010-6030,2026-05-21,NA,eme2025ukb
Journal of Photochemistry and Photobiology B: Biology,NA,1011-1344,2026-05-21,NA,eme2025ukb
Journal of Photochemistry and Photobiology C: Photochemistry Reviews,NA,1389-5567,2026-05-21,NA,eme2025ukb
Journal of Physics and Chemistry of Solids,NA,0022-3697,2026-05-21,NA,eme2025ukb
Journal of Plant Physiology,NA,0176-1617,2026-05-21,NA,eme2025ukb
"Journal of Plastic, Reconstructive & Aesthetic Surgery",NA,1748-6815,2026-05-21,NA,eme2025ukb
Journal of Policy Modeling,NA,0161-8938,2026-05-21,NA,eme2025ukb
Journal of Power Sources,NA,0378-7753,2026-05-21,NA,eme2025ukb
Journal of Power Sources Advances,NA,2666-2485,2026-05-21,NA,eme2025ukb
Journal of Pragmatics,NA,0378-2166,2026-05-21,NA,eme2025ukb
Journal of Process Control,NA,0959-1524,2026-05-21,NA,eme2025ukb
Journal of Professional Nursing,NA,8755-7223,2026-05-21,NA,eme2025ukb
Journal of Proteomics,NA,1874-3919,2026-05-21,NA,eme2025ukb
Journal of Psychiatric Research,NA,0022-3956,2026-05-21,NA,eme2025ukb
Journal of Psychosomatic Research,NA,0022-3999,2026-05-21,NA,eme2025ukb
Journal of Public Economics,NA,0047-2727,2026-05-21,NA,eme2025ukb
Journal of Public Transportation,NA,1077-291X,2026-05-21,NA,eme2025ukb
Journal of Purchasing and Supply Management,NA,1478-4092,2026-05-21,NA,eme2025ukb
Journal of Pure and Applied Algebra,NA,0022-4049,2026-05-21,NA,eme2025ukb
Journal of Pyrogeography,NA,3051-0678,2026-05-21,NA,eme2025ukb
Journal of Quantitative Spectroscopy & Radiative Transfer,NA,0022-4073,2026-05-21,NA,eme2025ukb
Journal of Radiation Research and Applied Sciences,NA,1687-8507,2026-05-21,NA,eme2025ukb
Journal of Radiology Nursing,NA,1546-0843,2026-05-21,NA,eme2025ukb
Journal of Rail Transport Planning & Management,NA,2210-9706,2026-05-21,NA,eme2025ukb
Journal of Rare Earths,NA,1002-0721,2026-05-21,NA,eme2025ukb
Journal of Renal Nutrition,NA,1051-2276,2026-05-21,NA,eme2025ukb
Journal of Reproductive Immunology,NA,0165-0378,2026-05-21,NA,eme2025ukb
Journal of Research in Personality,NA,0092-6566,2026-05-21,NA,eme2025ukb
Journal of Responsible Technology,NA,2666-6596,2026-05-21,NA,eme2025ukb
Journal of Retailing,NA,0022-4359,2026-05-21,NA,eme2025ukb
Journal of Retailing and Consumer Services,NA,0969-6989,2026-05-21,NA,eme2025ukb
Journal of Rural Studies,NA,0743-0167,2026-05-21,NA,eme2025ukb
Journal of Safety Research,NA,0022-4375,2026-05-21,NA,eme2025ukb
Journal of School Psychology,NA,0022-4405,2026-05-21,NA,eme2025ukb
Journal of Science and Medicine in Sport,NA,1440-2440,2026-05-21,NA,eme2025ukb
Journal of Science: Advanced Materials and Devices,NA,2468-2179,2026-05-21,NA,eme2025ukb
Journal of Sea Research,NA,1385-1101,2026-05-21,NA,eme2025ukb
Journal of Second Language Writing,NA,1060-3743,2026-05-21,NA,eme2025ukb
Journal of Shoulder and Elbow Arthroplasty,NA,2471-5492,2026-05-21,NA,eme2025ukb
Journal of Shoulder and Elbow Surgery,NA,1058-2746,2026-05-21,NA,eme2025ukb
Journal of Solid State Chemistry,NA,0022-4596,2026-05-21,NA,eme2025ukb
Journal of Sound and Vibration,NA,0022-460X,2026-05-21,NA,eme2025ukb
Journal of South American Earth Sciences,NA,0895-9811,2026-05-21,NA,eme2025ukb
Journal of Space Safety Engineering,NA,2468-8967,2026-05-21,NA,eme2025ukb
"Journal of Sports Medicine, Animal Rehabilitation and Physiotherapy",NA,3117-3918,2026-05-21,NA,eme2025ukb
Journal of Statistical Planning and Inference,NA,0378-3758,2026-05-21,NA,eme2025ukb
"Journal of Stomatology, Oral and Maxillofacial Surgery",NA,2468-7855,2026-05-21,NA,eme2025ukb
Journal of Stored Products Research,NA,0022-474X,2026-05-21,NA,eme2025ukb
Journal of Strategy & Innovation,NA,3050-7901,2026-05-21,NA,eme2025ukb
Journal of Stroke & Cerebrovascular Diseases,NA,1052-3057,2026-05-21,NA,eme2025ukb
Journal of Structural Biology,NA,1047-8477,2026-05-21,NA,eme2025ukb
Journal of Structural Biology: X,NA,2590-1524,2026-05-21,NA,eme2025ukb
Journal of Structural Geology,NA,0191-8141,2026-05-21,NA,eme2025ukb
Journal of Subatomic Particles and Cosmology,NA,3050-4805,2026-05-21,NA,eme2025ukb
Journal of Substance Use and Addiction Treatment,NA,2949-8759,2026-05-21,NA,eme2025ukb
Journal of Surgical Education,NA,1931-7204,2026-05-21,NA,eme2025ukb
Journal of Surgical Research,NA,0022-4804,2026-05-21,NA,eme2025ukb
Journal of Sustainable Finance and Accounting,NA,2950-3701,2026-05-21,NA,eme2025ukb
Journal of Symbolic Computation,NA,0747-7171,2026-05-21,NA,eme2025ukb
Journal of Systems and Software,NA,0164-1212,2026-05-21,NA,eme2025ukb
Journal of Systems Architecture,NA,1383-7621,2026-05-21,NA,eme2025ukb
Journal of the Academy of Consultation-Liaison Psychiatry,NA,2667-2960,2026-05-21,NA,eme2025ukb
Journal of the Academy of Nutrition and Dietetics,NA,2212-2672,2026-05-21,NA,eme2025ukb
Journal of the Air Transport Research Society,NA,2941-198X,2026-05-21,NA,eme2025ukb
Journal of the American Academy of Child & Adolescent Psychiatry,NA,0890-8567,2026-05-21,NA,eme2025ukb
Journal of the American Academy of Dermatology,NA,0190-9622,2026-05-21,NA,eme2025ukb
Journal of the American College of Radiology,NA,1546-1440,2026-05-21,NA,eme2025ukb
Journal of the American Medical Directors Association,NA,1525-8610,2026-05-21,NA,eme2025ukb
Journal of the American Pharmacists Association,NA,1544-3191,2026-05-21,NA,eme2025ukb
Journal of the American Society of Cytopathology,NA,2213-2945,2026-05-21,NA,eme2025ukb
Journal of the American Society of Echocardiography,NA,0894-7317,2026-05-21,NA,eme2025ukb
Journal of the Energy Institute,NA,1743-9671,2026-05-21,NA,eme2025ukb
Journal of the European Ceramic Society,NA,0955-2219,2026-05-21,NA,eme2025ukb
Journal of the European Meteorological Society,NA,2950-6301,2026-05-21,NA,eme2025ukb
Journal of the Franklin Institute,NA,0016-0032,2026-05-21,NA,eme2025ukb
Journal of the Indian Chemical Society,NA,0019-4522,2026-05-21,NA,eme2025ukb
Journal of the Japanese and International Economies,NA,0889-1583,2026-05-21,NA,eme2025ukb
Journal of the Mechanical Behavior of Biomedical Materials,NA,1751-6161,2026-05-21,NA,eme2025ukb
Journal of the Mechanics and Physics of Solids,NA,0022-5096,2026-05-21,NA,eme2025ukb
Journal of the National Cancer Center,NA,2667-0054,2026-05-21,NA,eme2025ukb
Journal of the National Medical Association,NA,0027-9684,2026-05-21,NA,eme2025ukb
Journal of the Neurological Sciences,NA,0022-510X,2026-05-21,NA,eme2025ukb
Journal of the Pediatric Orthopaedic Society of North America,NA,2768-2765,2026-05-21,NA,eme2025ukb
Journal of the Society for Cardiovascular Angiography & Interventions,NA,2772-9303,2026-05-21,NA,eme2025ukb
Journal of the Taiwan Institute of Chemical Engineers,NA,1876-1070,2026-05-21,NA,eme2025ukb
Journal of the World Federation of Orthodontists,NA,2212-4438,2026-05-21,NA,eme2025ukb
Journal of Theoretical Biology,NA,0022-5193,2026-05-21,NA,eme2025ukb
Journal of Thermal Biology,NA,0306-4565,2026-05-21,NA,eme2025ukb
Journal of Thoracic Oncology,NA,1556-0864,2026-05-21,NA,eme2025ukb
Journal of Thrombosis and Haemostasis,NA,1538-7836,2026-05-21,NA,eme2025ukb
Journal of Tissue Viability,NA,0965-206X,2026-05-21,NA,eme2025ukb
Journal of Trace Elements and Minerals,NA,2773-0506,2026-05-21,NA,eme2025ukb
Journal of Trace Elements in Medicine and Biology,NA,0946-672X,2026-05-21,NA,eme2025ukb
Journal of Translational Autoimmunity,NA,2589-9090,2026-05-21,NA,eme2025ukb
Journal of Transport & Health,NA,2214-1405,2026-05-21,NA,eme2025ukb
Journal of Transport Geography,NA,0966-6923,2026-05-21,NA,eme2025ukb
Journal of Urban Economics,NA,0094-1190,2026-05-21,NA,eme2025ukb
Journal of Urban Management,NA,2226-5856,2026-05-21,NA,eme2025ukb
Journal of Urban Mobility,NA,2667-0917,2026-05-21,NA,eme2025ukb
Journal of Vascular and Interventional Radiology,NA,1051-0443,2026-05-21,NA,eme2025ukb
Journal of Vascular Nursing,NA,1062-0303,2026-05-21,NA,eme2025ukb
Journal of Vascular Surgery,NA,0741-5214,2026-05-21,NA,eme2025ukb
"Journal of Vascular Surgery Cases, Innovations and Techniques",NA,2468-4287,2026-05-21,NA,eme2025ukb
Journal of Vascular Surgery: Venous and Lymphatic Disorders,NA,2213-333X,2026-05-21,NA,eme2025ukb
Journal of Veterinary Behavior,NA,1558-7878,2026-05-21,NA,eme2025ukb
Journal of Veterinary Cardiology,NA,1760-2734,2026-05-21,NA,eme2025ukb
Journal of Virological Methods,NA,0166-0934,2026-05-21,NA,eme2025ukb
Journal of Virus Eradication,NA,2055-6640,2026-05-21,NA,eme2025ukb
Journal of Visceral Surgery,NA,1878-7886,2026-05-21,NA,eme2025ukb
Journal of Visual Communication and Image Representation,NA,1047-3203,2026-05-21,NA,eme2025ukb
Journal of Vocational Behavior,NA,0001-8791,2026-05-21,NA,eme2025ukb
Journal of Voice,NA,0892-1997,2026-05-21,NA,eme2025ukb
Journal of Volcanology and Geothermal Research,NA,0377-0273,2026-05-21,NA,eme2025ukb
Journal of Water Process Engineering,NA,2214-7144,2026-05-21,NA,eme2025ukb
Journal of Web Semantics,NA,1570-8268,2026-05-21,NA,eme2025ukb
Journal of Wind Engineering and Industrial Aerodynamics,NA,0167-6105,2026-05-21,NA,eme2025ukb
Journal of World Business,NA,1090-9516,2026-05-21,NA,eme2025ukb
JPRAS Open,NA,2352-5878,2026-05-21,NA,eme2025ukb
JSAMS Plus,NA,2772-6967,2026-05-21,NA,eme2025ukb
JSES International,NA,2666-6383,2026-05-21,NA,eme2025ukb
"JSES Reviews, Reports, and Techniques",NA,2666-6391,2026-05-21,NA,eme2025ukb
JTCVS Open,NA,2666-2736,2026-05-21,NA,eme2025ukb
JTCVS Structural and Endovascular,NA,2950-6050,2026-05-21,NA,eme2025ukb
JTCVS Techniques,NA,2666-2507,2026-05-21,NA,eme2025ukb
JTO Clinical and Research Reports,NA,2666-3643,2026-05-21,NA,eme2025ukb
JVS-Vascular Insights,NA,2949-9127,2026-05-21,NA,eme2025ukb
JVS-Vascular Science,NA,2666-3503,2026-05-21,NA,eme2025ukb
Kidney International,NA,0085-2538,2026-05-21,NA,eme2025ukb
Kidney International Case Reports,NA,3117-471X,2026-05-21,NA,eme2025ukb
Kidney International Reports,NA,2468-0249,2026-05-21,NA,eme2025ukb
Kidney Medicine,NA,2590-0595,2026-05-21,NA,eme2025ukb
"Kinésithérapie, la Revue",NA,1779-0123,2026-05-21,NA,eme2025ukb
Knowledge-Based Systems,NA,0950-7051,2026-05-21,NA,eme2025ukb
KSCE Journal of Civil Engineering,NA,1226-7988,2026-05-21,NA,eme2025ukb
La Presse Médicale,NA,0755-4982,2026-05-21,NA,eme2025ukb
La Presse Médicale Formation,NA,2666-4798,2026-05-21,NA,eme2025ukb
La Revue de Médecine Interne,NA,0248-8663,2026-05-21,NA,eme2025ukb
Laboratory Investigation,NA,0023-6837,2026-05-21,NA,eme2025ukb
Labour Economics,NA,0927-5371,2026-05-21,NA,eme2025ukb
Land Use Policy,NA,0264-8377,2026-05-21,NA,eme2025ukb
Landscape and Urban Planning,NA,0169-2046,2026-05-21,NA,eme2025ukb
Language & Communication,NA,0271-5309,2026-05-21,NA,eme2025ukb
Language Sciences,NA,0388-0001,2026-05-21,NA,eme2025ukb
L'Anthropologie,NA,0003-5521,2026-05-21,NA,eme2025ukb
Latin American Transport Studies,NA,2950-0249,2026-05-21,NA,eme2025ukb
Le Pharmacien Clinicien,NA,2772-9532,2026-05-21,NA,eme2025ukb
Le Praticien en Anesthésie Réanimation,NA,1279-7960,2026-05-21,NA,eme2025ukb
Learning and Individual Differences,NA,1041-6080,2026-05-21,NA,eme2025ukb
Learning and Instruction,NA,0959-4752,2026-05-21,NA,eme2025ukb
Learning and Motivation,NA,0023-9690,2026-05-21,NA,eme2025ukb
Learning in Context,NA,3050-578X,2026-05-21,NA,eme2025ukb
"Learning, Culture and Social Interaction",NA,2210-6561,2026-05-21,NA,eme2025ukb
Legal Medicine,NA,1344-6223,2026-05-21,NA,eme2025ukb
L'Encéphale,NA,0013-7006,2026-05-21,NA,eme2025ukb
Leukemia Research,NA,0145-2126,2026-05-21,NA,eme2025ukb
Leukemia Research Reports,NA,2213-0489,2026-05-21,NA,eme2025ukb
L'Évolution Psychiatrique,NA,0014-3855,2026-05-21,NA,eme2025ukb
Library & Information Science Research,NA,0740-8188,2026-05-21,NA,eme2025ukb
Life Sciences,NA,0024-3205,2026-05-21,NA,eme2025ukb
Life Sciences in Space Research,NA,2214-5524,2026-05-21,NA,eme2025ukb
Limnologica,NA,0075-9511,2026-05-21,NA,eme2025ukb
Linear Algebra and its Applications,NA,0024-3795,2026-05-21,NA,eme2025ukb
Lingua,NA,0024-3841,2026-05-21,NA,eme2025ukb
Linguistics and Education,NA,0898-5898,2026-05-21,NA,eme2025ukb
Lithos,NA,0024-4937,2026-05-21,NA,eme2025ukb
Livestock Science,NA,1871-1413,2026-05-21,NA,eme2025ukb
Long Range Planning,NA,0024-6301,2026-05-21,NA,eme2025ukb
Lung Cancer,NA,0169-5002,2026-05-21,NA,eme2025ukb
LWT,NA,0023-6438,2026-05-21,NA,eme2025ukb
Machine Learning with Applications,NA,2666-8270,2026-05-21,NA,eme2025ukb
Magnetic Resonance Imaging,NA,0730-725X,2026-05-21,NA,eme2025ukb
Management Accounting Research,NA,1044-5005,2026-05-21,NA,eme2025ukb
Manufacturing Letters,NA,2213-8463,2026-05-21,NA,eme2025ukb
Marine Chemistry,NA,0304-4203,2026-05-21,NA,eme2025ukb
Marine Environmental Research,NA,0141-1136,2026-05-21,NA,eme2025ukb
Marine Genomics,NA,1874-7787,2026-05-21,NA,eme2025ukb
Marine Geology,NA,0025-3227,2026-05-21,NA,eme2025ukb
Marine Geoscience and Energy Resources,NA,3117-5775,2026-05-21,NA,eme2025ukb
Marine Micropaleontology,NA,0377-8398,2026-05-21,NA,eme2025ukb
Marine Policy,NA,0308-597X,2026-05-21,NA,eme2025ukb
Marine Pollution Bulletin,NA,0025-326X,2026-05-21,NA,eme2025ukb
Marine Structures,NA,0951-8339,2026-05-21,NA,eme2025ukb
Maritime Transport Research,NA,2666-822X,2026-05-21,NA,eme2025ukb
Marketing Strategy Journal,NA,2950-3086,2026-05-21,NA,eme2025ukb
Mass Gathering Medicine,NA,3050-4562,2026-05-21,NA,eme2025ukb
Materialia,NA,2589-1529,2026-05-21,NA,eme2025ukb
Materials & Design,NA,0264-1275,2026-05-21,NA,eme2025ukb
Materials Characterization,NA,1044-5803,2026-05-21,NA,eme2025ukb
Materials Chemistry and Physics,NA,0254-0584,2026-05-21,NA,eme2025ukb
Materials Chemistry and Physics: Sustainability and Energy,NA,3050-4716,2026-05-21,NA,eme2025ukb
Materials Letters,NA,0167-577X,2026-05-21,NA,eme2025ukb
Materials Letters: X,NA,2590-1508,2026-05-21,NA,eme2025ukb
Materials Research Bulletin,NA,0025-5408,2026-05-21,NA,eme2025ukb
Materials Science and Engineering: A,NA,0921-5093,2026-05-21,NA,eme2025ukb
Materials Science and Engineering: B,NA,0921-5107,2026-05-21,NA,eme2025ukb
Materials Science and Engineering: R: Reports,NA,0927-796X,2026-05-21,NA,eme2025ukb
Materials Science in Semiconductor Processing,NA,1369-8001,2026-05-21,NA,eme2025ukb
Materials Today,NA,1369-7021,2026-05-21,NA,eme2025ukb
Materials Today Advances,NA,2590-0498,2026-05-21,NA,eme2025ukb
Materials Today Bio,NA,2590-0064,2026-05-21,NA,eme2025ukb
Materials Today Catalysis,NA,2949-754X,2026-05-21,NA,eme2025ukb
Materials Today Chemistry,NA,2468-5194,2026-05-21,NA,eme2025ukb
Materials Today Communications,NA,2352-4928,2026-05-21,NA,eme2025ukb
Materials Today Electronics,NA,2772-9494,2026-05-21,NA,eme2025ukb
Materials Today Energy,NA,2468-6069,2026-05-21,NA,eme2025ukb
Materials Today Nano,NA,2588-8420,2026-05-21,NA,eme2025ukb
Materials Today Physics,NA,2542-5293,2026-05-21,NA,eme2025ukb
Materials Today Quantum,NA,2950-2578,2026-05-21,NA,eme2025ukb
Materials Today Sustainability,NA,2589-2347,2026-05-21,NA,eme2025ukb
Mathematical Biosciences,NA,0025-5564,2026-05-21,NA,eme2025ukb
Mathematical Social Sciences,NA,0165-4896,2026-05-21,NA,eme2025ukb
Mathematics and Computers in Simulation,NA,0378-4754,2026-05-21,NA,eme2025ukb
Matrix Biology,NA,0945-053X,2026-05-21,NA,eme2025ukb
Matrix Biology Plus,NA,2590-0285,2026-05-21,NA,eme2025ukb
Maturitas,NA,0378-5122,2026-05-21,NA,eme2025ukb
Mayo Clinic Proceedings,NA,0025-6196,2026-05-21,NA,eme2025ukb
Mayo Clinic Proceedings: Digital Health,NA,2949-7612,2026-05-21,NA,eme2025ukb
"Mayo Clinic Proceedings: Innovations, Quality & Outcomes",NA,2542-4548,2026-05-21,NA,eme2025ukb
Measurement,NA,0263-2241,2026-05-21,NA,eme2025ukb
Measurement and Evaluations in Cancer Care,NA,2949-8775,2026-05-21,NA,eme2025ukb
Measurement: Digitalization,NA,3050-6441,2026-05-21,NA,eme2025ukb
Measurement: Energy,NA,2950-3450,2026-05-21,NA,eme2025ukb
Measurement: Food,NA,2772-2759,2026-05-21,NA,eme2025ukb
Measurement: Sensors,NA,2665-9174,2026-05-21,NA,eme2025ukb
Meat Science,NA,0309-1740,2026-05-21,NA,eme2025ukb
Mechanical Systems and Signal Processing,NA,0888-3270,2026-05-21,NA,eme2025ukb
Mechanics of Materials,NA,0167-6636,2026-05-21,NA,eme2025ukb
Mechanics Research Communications,NA,0093-6413,2026-05-21,NA,eme2025ukb
Mechanism and Machine Theory,NA,0094-114X,2026-05-21,NA,eme2025ukb
Mechanisms of Ageing and Development,NA,0047-6374,2026-05-21,NA,eme2025ukb
Mechanobiology in Medicine,NA,2949-9070,2026-05-21,NA,eme2025ukb
Mechatronics,NA,0957-4158,2026-05-21,NA,eme2025ukb
Médecine & Droit,NA,1246-7391,2026-05-21,NA,eme2025ukb
Médecine de Catastrophe - Urgences Collectives,NA,1279-8479,2026-05-21,NA,eme2025ukb
Médecine des Maladies Métaboliques,NA,1957-2557,2026-05-21,NA,eme2025ukb
Médecine du Sommeil,NA,1769-4493,2026-05-21,NA,eme2025ukb
Médecine Nucléaire,NA,0928-1258,2026-05-21,NA,eme2025ukb
Médecine Palliative,NA,1636-6522,2026-05-21,NA,eme2025ukb
Medical Dosimetry,NA,0958-3947,2026-05-21,NA,eme2025ukb
Medical Hypotheses,NA,0306-9877,2026-05-21,NA,eme2025ukb
Medical Image Analysis,NA,1361-8415,2026-05-21,NA,eme2025ukb
Medical Mycology Case Reports,NA,2211-7539,2026-05-21,NA,eme2025ukb
Medical Reports,NA,2949-9186,2026-05-21,NA,eme2025ukb
Medicina Clínica,NA,0025-7753,2026-05-21,NA,eme2025ukb
Medicina Clínica (English Edition),NA,2387-0206,2026-05-21,NA,eme2025ukb
Medicina Clínica Práctica,NA,2603-9249,2026-05-21,NA,eme2025ukb
Medicina de Familia. SEMERGEN,NA,1138-3593,2026-05-21,NA,eme2025ukb
Medicina Intensiva,NA,0210-5691,2026-05-21,NA,eme2025ukb
Medicina Intensiva (English Edition),NA,2173-5727,2026-05-21,NA,eme2025ukb
Medicine in Drug Discovery,NA,2590-0986,2026-05-21,NA,eme2025ukb
Medicine in Microecology,NA,2590-0978,2026-05-21,NA,eme2025ukb
Medicine in Novel Technology and Devices,NA,2590-0935,2026-05-21,NA,eme2025ukb
Medicine in Omics,NA,2590-1249,2026-05-21,NA,eme2025ukb
"Memories - Materials, Devices, Circuits and Systems",NA,2773-0646,2026-05-21,NA,eme2025ukb
Mental Health & Prevention,NA,2212-6570,2026-05-21,NA,eme2025ukb
Mental Health and Physical Activity,NA,1755-2966,2026-05-21,NA,eme2025ukb
Metabolic Engineering,NA,1096-7176,2026-05-21,NA,eme2025ukb
Metabolic Engineering Communications,NA,2214-0301,2026-05-21,NA,eme2025ukb
Metabolism,NA,0026-0495,2026-05-21,NA,eme2025ukb
Metabolism Open,NA,2589-9368,2026-05-21,NA,eme2025ukb
Methods,NA,1046-2023,2026-05-21,NA,eme2025ukb
Methods in Psychology,NA,2590-2601,2026-05-21,NA,eme2025ukb
MethodsX,NA,2215-0161,2026-05-21,NA,eme2025ukb
Micro and Nano Engineering,NA,2590-0072,2026-05-21,NA,eme2025ukb
Micro and Nanostructures,NA,2773-0123,2026-05-21,NA,eme2025ukb
Microbial Pathogenesis,NA,0882-4010,2026-05-21,NA,eme2025ukb
Microbial Risk Analysis,NA,2352-3522,2026-05-21,NA,eme2025ukb
Microbiological Research,NA,0944-5013,2026-05-21,NA,eme2025ukb
Microchemical Journal,NA,0026-265X,2026-05-21,NA,eme2025ukb
Microelectronic Engineering,NA,0167-9317,2026-05-21,NA,eme2025ukb
Microelectronics Journal,NA,1879-2391,2026-05-21,NA,eme2025ukb
Microelectronics Reliability,NA,0026-2714,2026-05-21,NA,eme2025ukb
Micron,NA,0968-4328,2026-05-21,NA,eme2025ukb
Microporous and Mesoporous Materials,NA,1387-1811,2026-05-21,NA,eme2025ukb
Microprocessors and Microsystems,NA,0141-9331,2026-05-21,NA,eme2025ukb
Microvascular Research,NA,0026-2862,2026-05-21,NA,eme2025ukb
Midwifery,NA,0266-6138,2026-05-21,NA,eme2025ukb
Minerals Engineering,NA,0892-6875,2026-05-21,NA,eme2025ukb
Mitochondrion,NA,1567-7249,2026-05-21,NA,eme2025ukb
Modern Pathology,NA,0893-3952,2026-05-21,NA,eme2025ukb
Molecular and Biochemical Parasitology,NA,0166-6851,2026-05-21,NA,eme2025ukb
Molecular and Cellular Endocrinology,NA,0303-7207,2026-05-21,NA,eme2025ukb
Molecular and Cellular Neuroscience,NA,1044-7431,2026-05-21,NA,eme2025ukb
Molecular and Cellular Probes,NA,0890-8508,2026-05-21,NA,eme2025ukb
Molecular Aspects of Medicine,NA,0098-2997,2026-05-21,NA,eme2025ukb
Molecular Catalysis,NA,2468-8231,2026-05-21,NA,eme2025ukb
Molecular Genetics and Metabolism,NA,1096-7192,2026-05-21,NA,eme2025ukb
Molecular Genetics and Metabolism Reports,NA,2214-4269,2026-05-21,NA,eme2025ukb
Molecular Immunology,NA,0161-5890,2026-05-21,NA,eme2025ukb
Molecular Metabolism,NA,2212-8778,2026-05-21,NA,eme2025ukb
Molecular Pharmacology,NA,0026-895X,2026-05-21,NA,eme2025ukb
Molecular Phylogenetics and Evolution,NA,1055-7903,2026-05-21,NA,eme2025ukb
Molecular Therapy Advances,NA,3117-387X,2026-05-21,NA,eme2025ukb
Molecular Therapy: Nucleic Acids,NA,2162-2531,2026-05-21,NA,eme2025ukb
Molecular Therapy: Oncology,NA,2950-3299,2026-05-21,NA,eme2025ukb
Molecules and Cells,NA,1016-8478,2026-05-21,NA,eme2025ukb
Morphologie,NA,1286-0115,2026-05-21,NA,eme2025ukb
Motricité Cérébrale,NA,0245-5919,2026-05-21,NA,eme2025ukb
Mucosal Immunology,NA,1933-0219,2026-05-21,NA,eme2025ukb
Multimodal Transportation,NA,2772-5863,2026-05-21,NA,eme2025ukb
Multiple Sclerosis and Related Disorders,NA,2211-0348,2026-05-21,NA,eme2025ukb
Musculoskeletal Science and Practice,NA,2468-7812,2026-05-21,NA,eme2025ukb
Mutation Research: Fundamental and Molecular Mechanisms of Mutagenesis,NA,1386-1964,2026-05-21,NA,eme2025ukb
Mutation Research: Genetic Toxicology and Environmental Mutagenesis,NA,1383-5718,2026-05-21,NA,eme2025ukb
Mutation Research: Reviews in Mutation Research,NA,1383-5742,2026-05-21,NA,eme2025ukb
NAM Journal,NA,3050-6204,2026-05-21,NA,eme2025ukb
Nano Communication Networks,NA,1878-7789,2026-05-21,NA,eme2025ukb
Nano Energy,NA,2211-2855,2026-05-21,NA,eme2025ukb
Nano Today,NA,1748-0132,2026-05-21,NA,eme2025ukb
Nano Trends,NA,2666-9781,2026-05-21,NA,eme2025ukb
NanoImpact,NA,2452-0748,2026-05-21,NA,eme2025ukb
"Nanomedicine: Nanotechnology, Biology and Medicine",NA,1549-9634,2026-05-21,NA,eme2025ukb
Nano-Structures & Nano-Objects,NA,2352-507X,2026-05-21,NA,eme2025ukb
Natural Language Processing Journal,NA,2949-7191,2026-05-21,NA,eme2025ukb
Nature-Based Solutions,NA,2772-4115,2026-05-21,NA,eme2025ukb
NDT & E International,NA,0963-8695,2026-05-21,NA,eme2025ukb
Neoplasia,NA,1476-5586,2026-05-21,NA,eme2025ukb
Neural Networks,NA,0893-6080,2026-05-21,NA,eme2025ukb
Neurobiology of Aging,NA,0197-4580,2026-05-21,NA,eme2025ukb
Neurobiology of Disease,NA,0969-9961,2026-05-21,NA,eme2025ukb
Neurobiology of Learning and Memory,NA,1074-7427,2026-05-21,NA,eme2025ukb
Neurobiology of Pain,NA,2452-073X,2026-05-21,NA,eme2025ukb
Neurobiology of Sleep and Circadian Rhythms,NA,2451-9944,2026-05-21,NA,eme2025ukb
Neurobiology of Stress,NA,2352-2895,2026-05-21,NA,eme2025ukb
Neurochemistry International,NA,0197-0186,2026-05-21,NA,eme2025ukb
Neurochirurgie,NA,0028-3770,2026-05-21,NA,eme2025ukb
Neurocirugía,NA,1130-1473,2026-05-21,NA,eme2025ukb
Neurocirugía (English Edition),NA,2529-8496,2026-05-21,NA,eme2025ukb
Neurocomputing,NA,0925-2312,2026-05-21,NA,eme2025ukb
NeuroImage,NA,1053-8119,2026-05-21,NA,eme2025ukb
NeuroImage Stroke,NA,3117-5740,2026-05-21,NA,eme2025ukb
NeuroImage: Clinical,NA,2213-1582,2026-05-21,NA,eme2025ukb
NeuroImage: Reports,NA,2666-9560,2026-05-21,NA,eme2025ukb
Neuroimmunology Reports,NA,2667-257X,2026-05-21,NA,eme2025ukb
Neuromodulation: Technology at the Neural Interface,NA,1094-7159,2026-05-21,NA,eme2025ukb
Neuromuscular Disorders,NA,0960-8966,2026-05-21,NA,eme2025ukb
Neuropeptides,NA,0143-4179,2026-05-21,NA,eme2025ukb
Neuropharmacology,NA,0028-3908,2026-05-21,NA,eme2025ukb
Neurophysiologie Clinique,NA,0987-7053,2026-05-21,NA,eme2025ukb
Neuropsychiatrie de l'Enfance et de l'Adolescence,NA,0222-9617,2026-05-21,NA,eme2025ukb
Neuropsychologia,NA,0028-3932,2026-05-21,NA,eme2025ukb
Neuroscience,NA,0306-4522,2026-05-21,NA,eme2025ukb
Neuroscience & Biobehavioral Reviews,NA,0149-7634,2026-05-21,NA,eme2025ukb
Neuroscience Applied,NA,2772-4085,2026-05-21,NA,eme2025ukb
Neuroscience Informatics,NA,2772-5286,2026-05-21,NA,eme2025ukb
Neuroscience Letters,NA,0304-3940,2026-05-21,NA,eme2025ukb
Neuroscience Research,NA,0168-0102,2026-05-21,NA,eme2025ukb
Neurotherapeutics,NA,1878-7479,2026-05-21,NA,eme2025ukb
NeuroToxicology,NA,0161-813X,2026-05-21,NA,eme2025ukb
Neurotoxicology and Teratology,NA,0892-0362,2026-05-21,NA,eme2025ukb
New Astronomy,NA,1384-1076,2026-05-21,NA,eme2025ukb
New Astronomy Reviews,NA,1387-6473,2026-05-21,NA,eme2025ukb
New Biotechnology,NA,1871-6784,2026-05-21,NA,eme2025ukb
New Ideas in Psychology,NA,0732-118X,2026-05-21,NA,eme2025ukb
New Microbes and New Infections,NA,2052-2975,2026-05-21,NA,eme2025ukb
Next Bioengineering,NA,3050-7235,2026-05-21,NA,eme2025ukb
Next Chemical Engineering,NA,3050-7243,2026-05-21,NA,eme2025ukb
Next Energy,NA,2949-821X,2026-05-21,NA,eme2025ukb
Next Materials,NA,2949-8228,2026-05-21,NA,eme2025ukb
Next Nanotechnology,NA,2949-8295,2026-05-21,NA,eme2025ukb
Next Research,NA,3050-4759,2026-05-21,NA,eme2025ukb
Next Sustainability,NA,2949-8236,2026-05-21,NA,eme2025ukb
Nexus,NA,2950-1601,2026-05-21,NA,eme2025ukb
NFS Journal,NA,2352-3646,2026-05-21,NA,eme2025ukb
Nitric Oxide,NA,1089-8603,2026-05-21,NA,eme2025ukb
Nonlinear Analysis,NA,0362-546X,2026-05-21,NA,eme2025ukb
Nonlinear Analysis: Hybrid Systems,NA,1751-570X,2026-05-21,NA,eme2025ukb
Nonlinear Analysis: Real World Applications,NA,1468-1218,2026-05-21,NA,eme2025ukb
Nonlinear Science,NA,3050-5178,2026-05-21,NA,eme2025ukb
North American Spine Society Journal (NASSJ),NA,2666-5484,2026-05-21,NA,eme2025ukb
NPG Neurologie - Psychiatrie - Gériatrie,NA,1627-4830,2026-05-21,NA,eme2025ukb
Nuclear Data Sheets,NA,0090-3752,2026-05-21,NA,eme2025ukb
Nuclear Engineering and Design,NA,0029-5493,2026-05-21,NA,eme2025ukb
"Nuclear Instruments and Methods in Physics Research Section A: Accelerators, Spectrometers, Detectors and Associated Equipment",NA,0168-9002,2026-05-21,NA,eme2025ukb
Nuclear Instruments and Methods in Physics Research Section B: Beam Interactions with Materials and Atoms,NA,0168-583X,2026-05-21,NA,eme2025ukb
Nuclear Materials and Energy,NA,2352-1791,2026-05-21,NA,eme2025ukb
Nuclear Medicine and Biology,NA,0969-8051,2026-05-21,NA,eme2025ukb
Nuclear Physics A,NA,0375-9474,2026-05-21,NA,eme2025ukb
Nurse Education in Practice,NA,1471-5953,2026-05-21,NA,eme2025ukb
Nurse Education Today,NA,0260-6917,2026-05-21,NA,eme2025ukb
Nurse Leader,NA,1541-4612,2026-05-21,NA,eme2025ukb
Nursing for Women's Health,NA,1751-4851,2026-05-21,NA,eme2025ukb
Nursing Outlook,NA,0029-6554,2026-05-21,NA,eme2025ukb
Nutrition,NA,0899-9007,2026-05-21,NA,eme2025ukb
Nutrition Clinique et Métabolisme,NA,0985-0562,2026-05-21,NA,eme2025ukb
Nutrition Research,NA,0271-5317,2026-05-21,NA,eme2025ukb
"Nutrition, Metabolism & Cardiovascular Diseases",NA,0939-4753,2026-05-21,NA,eme2025ukb
Nutritional Psychiatry,NA,3051-1569,2026-05-21,NA,eme2025ukb
Obesity Medicine,NA,2451-8476,2026-05-21,NA,eme2025ukb
Obesity Pillars,NA,2667-3681,2026-05-21,NA,eme2025ukb
Obesity Research & Clinical Practice,NA,1871-403X,2026-05-21,NA,eme2025ukb
Ocean & Coastal Management,NA,0964-5691,2026-05-21,NA,eme2025ukb
Ocean Engineering,NA,0029-8018,2026-05-21,NA,eme2025ukb
Ocean Modelling,NA,1463-5003,2026-05-21,NA,eme2025ukb
Omega,NA,0305-0483,2026-05-21,NA,eme2025ukb
One Health,NA,2352-7714,2026-05-21,NA,eme2025ukb
Online Social Networks and Media,NA,2468-6964,2026-05-21,NA,eme2025ukb
Open Ceramics,NA,2666-5395,2026-05-21,NA,eme2025ukb
Open Nuclear Energy,NA,3051-2808,2026-05-21,NA,eme2025ukb
Open Respiratory Archives,NA,2659-6636,2026-05-21,NA,eme2025ukb
OpenNano,NA,2352-9520,2026-05-21,NA,eme2025ukb
Operations Research Letters,NA,0167-6377,2026-05-21,NA,eme2025ukb
Operations Research Perspectives,NA,2214-7160,2026-05-21,NA,eme2025ukb
"Operations Research, Data Analytics and Logistics",NA,3050-7847,2026-05-21,NA,eme2025ukb
Operative Techniques in Orthopaedics,NA,1048-6666,2026-05-21,NA,eme2025ukb
Operative Techniques in Otolaryngology - Head and Neck Surgery,NA,1043-1810,2026-05-21,NA,eme2025ukb
Operative Techniques in Sports Medicine,NA,1060-1872,2026-05-21,NA,eme2025ukb
Operative Techniques in Thoracic and Cardiovascular Surgery,NA,1522-2942,2026-05-21,NA,eme2025ukb
Ophthalmology,NA,0161-6420,2026-05-21,NA,eme2025ukb
Ophthalmology Glaucoma,NA,2589-4196,2026-05-21,NA,eme2025ukb
Ophthalmology Retina,NA,2468-6530,2026-05-21,NA,eme2025ukb
Ophthalmology Science,NA,2666-9145,2026-05-21,NA,eme2025ukb
Optical Fiber Technology,NA,1068-5200,2026-05-21,NA,eme2025ukb
Optical Materials,NA,0925-3467,2026-05-21,NA,eme2025ukb
Optical Materials: X,NA,2590-1478,2026-05-21,NA,eme2025ukb
Optical Switching and Networking,NA,1573-4277,2026-05-21,NA,eme2025ukb
Optics & Laser Technology,NA,0030-3992,2026-05-21,NA,eme2025ukb
Optics and Lasers in Engineering,NA,0143-8166,2026-05-21,NA,eme2025ukb
Optics Communications,NA,0030-4018,2026-05-21,NA,eme2025ukb
Optik,NA,0030-4026,2026-05-21,NA,eme2025ukb
Oral and Maxillofacial Surgery Cases,NA,2214-5419,2026-05-21,NA,eme2025ukb
Oral Oncology,NA,1368-8375,2026-05-21,NA,eme2025ukb
Oral Oncology Reports,NA,2772-9060,2026-05-21,NA,eme2025ukb
"Oral Surgery, Oral Medicine, Oral Pathology and Oral Radiology",NA,2212-4403,2026-05-21,NA,eme2025ukb
Ore and Energy Resource Geology,NA,2666-2612,2026-05-21,NA,eme2025ukb
Ore Geology Reviews,NA,0169-1368,2026-05-21,NA,eme2025ukb
Organic Electronics,NA,1566-1199,2026-05-21,NA,eme2025ukb
Organic Geochemistry,NA,0146-6380,2026-05-21,NA,eme2025ukb
Organizational Behavior and Human Decision Processes,NA,0749-5978,2026-05-21,NA,eme2025ukb
Organizational Dynamics,NA,0090-2616,2026-05-21,NA,eme2025ukb
Orthopaedics & Traumatology: Surgery & Research,NA,1877-0568,2026-05-21,NA,eme2025ukb
Osteoarthritis and Cartilage,NA,1063-4584,2026-05-21,NA,eme2025ukb
Osteoarthritis and Cartilage Open,NA,2665-9131,2026-05-21,NA,eme2025ukb
Osteoarthritis Imaging,NA,2772-6541,2026-05-21,NA,eme2025ukb
Osteopathische Medizin,NA,1615-9071,2026-05-21,NA,eme2025ukb
Otolaryngology Case Reports,NA,2468-5488,2026-05-21,NA,eme2025ukb
Pacific-Basin Finance Journal,NA,0927-538X,2026-05-21,NA,eme2025ukb
Paediatric Respiratory Reviews,NA,1526-0542,2026-05-21,NA,eme2025ukb
Pain Management Nursing,NA,1524-9042,2026-05-21,NA,eme2025ukb
"Palaeogeography, Palaeoclimatology, Palaeoecology",NA,0031-0182,2026-05-21,NA,eme2025ukb
Palaeoworld,NA,1871-174X,2026-05-21,NA,eme2025ukb
Pancreatology,NA,1424-3903,2026-05-21,NA,eme2025ukb
Papers in Regional Science,NA,1056-8190,2026-05-21,NA,eme2025ukb
Parallel Computing,NA,0167-8191,2026-05-21,NA,eme2025ukb
Parasite Epidemiology and Control,NA,2405-6731,2026-05-21,NA,eme2025ukb
Parasitology International,NA,1383-5769,2026-05-21,NA,eme2025ukb
Parkinsonism & Related Disorders,NA,1353-8020,2026-05-21,NA,eme2025ukb
Partial Differential Equations in Applied Mathematics,NA,2666-8181,2026-05-21,NA,eme2025ukb
Particuology,NA,1674-2001,2026-05-21,NA,eme2025ukb
Pathology,NA,0031-3025,2026-05-21,NA,eme2025ukb
Pathology - Research and Practice,NA,0344-0338,2026-05-21,NA,eme2025ukb
Patient Education and Counseling,NA,0738-3991,2026-05-21,NA,eme2025ukb
Pattern Recognition,NA,0031-3203,2026-05-21,NA,eme2025ukb
Pattern Recognition Letters,NA,0167-8655,2026-05-21,NA,eme2025ukb
Patterns,NA,2666-3899,2026-05-21,NA,eme2025ukb
Peace and Sustainability,NA,2950-6425,2026-05-21,NA,eme2025ukb
PEC Global,NA,3117-468X,2026-05-21,NA,eme2025ukb
PEC Innovation,NA,2772-6282,2026-05-21,NA,eme2025ukb
Pediatric Dental Journal,NA,0917-2394,2026-05-21,NA,eme2025ukb
Pediatric Neurology,NA,0887-8994,2026-05-21,NA,eme2025ukb
Pedobiologia,NA,0031-4056,2026-05-21,NA,eme2025ukb
Peptides,NA,0196-9781,2026-05-21,NA,eme2025ukb
Perfectionnement en Pédiatrie,NA,2588-932X,2026-05-21,NA,eme2025ukb
Performance Enhancement & Health,NA,2211-2669,2026-05-21,NA,eme2025ukb
Performance Evaluation,NA,0166-5316,2026-05-21,NA,eme2025ukb
Periodontology Journal,NA,3117-3683,2026-05-21,NA,eme2025ukb
Perioperative Care and Operating Room Management,NA,2405-6030,2026-05-21,NA,eme2025ukb
Personality and Individual Differences,NA,0191-8869,2026-05-21,NA,eme2025ukb
Personalized Medicine in Psychiatry,NA,2468-1717,2026-05-21,NA,eme2025ukb
"Perspectives in Plant Ecology, Evolution and Systematics",NA,1433-8319,2026-05-21,NA,eme2025ukb
Pervasive and Mobile Computing,NA,1574-1192,2026-05-21,NA,eme2025ukb
Pesticide Biochemistry and Physiology,NA,0048-3575,2026-05-21,NA,eme2025ukb
Pharmacological Research,NA,1043-6618,2026-05-21,NA,eme2025ukb
Pharmacological Research - Modern Chinese Medicine,NA,2667-1425,2026-05-21,NA,eme2025ukb
Pharmacological Research - Natural Products,NA,2950-1997,2026-05-21,NA,eme2025ukb
Pharmacological Research - Reports,NA,2950-2004,2026-05-21,NA,eme2025ukb
Pharmacological Reviews,NA,0031-6997,2026-05-21,NA,eme2025ukb
Pharmacology & Therapeutics,NA,0163-7258,2026-05-21,NA,eme2025ukb
Pharmacology Biochemistry and Behavior,NA,0091-3057,2026-05-21,NA,eme2025ukb
PharmaNutrition,NA,2213-4344,2026-05-21,NA,eme2025ukb
Photoacoustics,NA,2213-5979,2026-05-21,NA,eme2025ukb
Photodiagnosis and Photodynamic Therapy,NA,1572-1000,2026-05-21,NA,eme2025ukb
Photonics and Nanostructures - Fundamentals and Applications,NA,1569-4410,2026-05-21,NA,eme2025ukb
Physica A: Statistical Mechanics and its Applications,NA,0378-4371,2026-05-21,NA,eme2025ukb
Physica B: Condensed Matter,NA,0921-4526,2026-05-21,NA,eme2025ukb
Physica C: Superconductivity and its Applications,NA,0921-4534,2026-05-21,NA,eme2025ukb
Physica D: Nonlinear Phenomena,NA,0167-2789,2026-05-21,NA,eme2025ukb
Physica E: Low-Dimensional Systems and Nanostructures,NA,1386-9477,2026-05-21,NA,eme2025ukb
Physica Medica,NA,1120-1797,2026-05-21,NA,eme2025ukb
Physical Communication,NA,1874-4907,2026-05-21,NA,eme2025ukb
Physical Therapy in Sport,NA,1466-853X,2026-05-21,NA,eme2025ukb
"Physics and Chemistry of the Earth, Parts A/B/C",NA,1474-7065,2026-05-21,NA,eme2025ukb
Physics and Imaging in Radiation Oncology,NA,2405-6316,2026-05-21,NA,eme2025ukb
Physics Letters A,NA,0375-9601,2026-05-21,NA,eme2025ukb
Physics of Life Reviews,NA,1571-0645,2026-05-21,NA,eme2025ukb
Physics of the Dark Universe,NA,2212-6864,2026-05-21,NA,eme2025ukb
Physics of the Earth and Planetary Interiors,NA,0031-9201,2026-05-21,NA,eme2025ukb
Physics Open,NA,2666-0326,2026-05-21,NA,eme2025ukb
Physics Reports,NA,0370-1573,2026-05-21,NA,eme2025ukb
Physiological and Molecular Plant Pathology,NA,0885-5765,2026-05-21,NA,eme2025ukb
Physiology & Behavior,NA,0031-9384,2026-05-21,NA,eme2025ukb
Physiotherapy,NA,0031-9406,2026-05-21,NA,eme2025ukb
Phytochemistry,NA,0031-9422,2026-05-21,NA,eme2025ukb
Phytochemistry Letters,NA,1874-3900,2026-05-21,NA,eme2025ukb
Phytomedicine,NA,0944-7113,2026-05-21,NA,eme2025ukb
Phytomedicine Plus,NA,2667-0313,2026-05-21,NA,eme2025ukb
Piel,NA,0213-9251,2026-05-21,NA,eme2025ukb
Placenta,NA,0143-4004,2026-05-21,NA,eme2025ukb
Planetary and Space Science,NA,0032-0633,2026-05-21,NA,eme2025ukb
Plant Communications,NA,2590-3462,2026-05-21,NA,eme2025ukb
Plant Gene,NA,2352-4073,2026-05-21,NA,eme2025ukb
Plant Nano Biology,NA,2773-1111,2026-05-21,NA,eme2025ukb
Plant Phenomics,NA,2643-6515,2026-05-21,NA,eme2025ukb
Plant Physiology and Biochemistry,NA,0981-9428,2026-05-21,NA,eme2025ukb
Plant Research,NA,3117-5821,2026-05-21,NA,eme2025ukb
Plant Science,NA,0168-9452,2026-05-21,NA,eme2025ukb
Plant Stress,NA,2667-064X,2026-05-21,NA,eme2025ukb
Plasmid,NA,0147-619X,2026-05-21,NA,eme2025ukb
Poetics,NA,0304-422X,2026-05-21,NA,eme2025ukb
Polar Science,NA,1873-9652,2026-05-21,NA,eme2025ukb
Political Geography,NA,0962-6298,2026-05-21,NA,eme2025ukb
Polyhedron,NA,0277-5387,2026-05-21,NA,eme2025ukb
Polymer,NA,0032-3861,2026-05-21,NA,eme2025ukb
Polymer Degradation and Stability,NA,0141-3910,2026-05-21,NA,eme2025ukb
Polymer Testing,NA,0142-9418,2026-05-21,NA,eme2025ukb
Postharvest Biology and Technology,NA,0925-5214,2026-05-21,NA,eme2025ukb
Poultry Science,NA,0032-5791,2026-05-21,NA,eme2025ukb
Powder Technology,NA,0032-5910,2026-05-21,NA,eme2025ukb
Power Electronic Devices and Components,NA,2772-3704,2026-05-21,NA,eme2025ukb
Practical Laboratory Medicine,NA,2352-5517,2026-05-21,NA,eme2025ukb
Practical Radiation Oncology,NA,1879-8500,2026-05-21,NA,eme2025ukb
Pratique Neurologique - FMC,NA,1878-7762,2026-05-21,NA,eme2025ukb
Pratiques Psychologiques,NA,1269-1763,2026-05-21,NA,eme2025ukb
Precambrian Research,NA,0301-9268,2026-05-21,NA,eme2025ukb
Precision Engineering,NA,0141-6359,2026-05-21,NA,eme2025ukb
Precision Pathology,NA,3117-678X,2026-05-21,NA,eme2025ukb
Pregnancy Hypertension,NA,2210-7789,2026-05-21,NA,eme2025ukb
Preventive Medicine,NA,0091-7435,2026-05-21,NA,eme2025ukb
Preventive Medicine Reports,NA,2211-3355,2026-05-21,NA,eme2025ukb
Preventive Veterinary Medicine,NA,0167-5877,2026-05-21,NA,eme2025ukb
Preventive Veterinary Medicine: Regional Studies and Reports,NA,3051-3081,2026-05-21,NA,eme2025ukb
Primary Care Diabetes,NA,1751-9918,2026-05-21,NA,eme2025ukb
Probabilistic Engineering Mechanics,NA,0266-8920,2026-05-21,NA,eme2025ukb
Proceedings of the Combustion Institute,NA,1540-7489,2026-05-21,NA,eme2025ukb
Proceedings of the Geologists' Association,NA,0016-7878,2026-05-21,NA,eme2025ukb
Process Biochemistry,NA,1359-5113,2026-05-21,NA,eme2025ukb
Process Safety and Environmental Protection,NA,0957-5820,2026-05-21,NA,eme2025ukb
Progress in Aerospace Sciences,NA,0376-0421,2026-05-21,NA,eme2025ukb
Progress in Biophysics & Molecular Biology,NA,0079-6107,2026-05-21,NA,eme2025ukb
Progress in Cardiovascular Diseases,NA,0033-0620,2026-05-21,NA,eme2025ukb
Progress in Disaster Science,NA,2590-0617,2026-05-21,NA,eme2025ukb
Progress in Economic Geography,NA,2949-6942,2026-05-21,NA,eme2025ukb
Progress in Energy and Combustion Science,NA,0360-1285,2026-05-21,NA,eme2025ukb
Progress in Engineering Science,NA,2950-4252,2026-05-21,NA,eme2025ukb
Progress in Lipid Research,NA,0163-7827,2026-05-21,NA,eme2025ukb
Progress in Materials Science,NA,0079-6425,2026-05-21,NA,eme2025ukb
Progress in Natural Science: Materials International,NA,1002-0071,2026-05-21,NA,eme2025ukb
Progress in Neurobiology,NA,0301-0082,2026-05-21,NA,eme2025ukb
Progress in Neuro-Psychopharmacology & Biological Psychiatry,NA,0278-5846,2026-05-21,NA,eme2025ukb
Progress in Nuclear Energy,NA,0149-1970,2026-05-21,NA,eme2025ukb
Progress in Nuclear Magnetic Resonance Spectroscopy,NA,0079-6565,2026-05-21,NA,eme2025ukb
Progress in Oceanography,NA,0079-6611,2026-05-21,NA,eme2025ukb
Progress in Organic Coatings,NA,0300-9440,2026-05-21,NA,eme2025ukb
Progress in Particle and Nuclear Physics,NA,0146-6410,2026-05-21,NA,eme2025ukb
Progress in Pediatric Cardiology,NA,1058-9813,2026-05-21,NA,eme2025ukb
Progress in Planning,NA,0305-9006,2026-05-21,NA,eme2025ukb
Progress in Polymer Science,NA,0079-6700,2026-05-21,NA,eme2025ukb
Progress in Quantum Electronics,NA,0079-6727,2026-05-21,NA,eme2025ukb
Progress in Retinal and Eye Research,NA,1350-9462,2026-05-21,NA,eme2025ukb
Progress in Solid State Chemistry,NA,0079-6786,2026-05-21,NA,eme2025ukb
Progress in Surface Science,NA,0079-6816,2026-05-21,NA,eme2025ukb
Project Leadership and Society,NA,2666-7215,2026-05-21,NA,eme2025ukb
Prostaglandins & Other Lipid Mediators,NA,1098-8823,2026-05-21,NA,eme2025ukb
"Prostaglandins, Leukotrienes & Essential Fatty Acids",NA,0952-3278,2026-05-21,NA,eme2025ukb
Protein Expression and Purification,NA,1046-5928,2026-05-21,NA,eme2025ukb
Protist,NA,1434-4610,2026-05-21,NA,eme2025ukb
Psiquiatría Biológica,NA,1134-5934,2026-05-21,NA,eme2025ukb
Psychedelics,NA,2950-4848,2026-05-21,NA,eme2025ukb
Psychiatry Research,NA,0165-1781,2026-05-21,NA,eme2025ukb
Psychiatry Research Case Reports,NA,2773-0212,2026-05-21,NA,eme2025ukb
Psychiatry Research Communications,NA,2772-5987,2026-05-21,NA,eme2025ukb
Psychiatry Research: Neuroimaging,NA,0925-4927,2026-05-21,NA,eme2025ukb
Psychologie du Travail et des Organisations,NA,1420-2530,2026-05-21,NA,eme2025ukb
Psychology of Sport and Exercise,NA,1469-0292,2026-05-21,NA,eme2025ukb
Psychoneuroendocrinology,NA,0306-4530,2026-05-21,NA,eme2025ukb
Public Health,NA,0033-3506,2026-05-21,NA,eme2025ukb
Public Health in Practice,NA,2666-5352,2026-05-21,NA,eme2025ukb
Public Relations Review,NA,0363-8111,2026-05-21,NA,eme2025ukb
Pulmonary Function Diagnostics,NA,3051-276X,2026-05-21,NA,eme2025ukb
Pulmonary Pharmacology & Therapeutics,NA,1094-5539,2026-05-21,NA,eme2025ukb
Quaternary Environments and Humans,NA,2950-2365,2026-05-21,NA,eme2025ukb
Quaternary Geochronology,NA,1871-1014,2026-05-21,NA,eme2025ukb
Quaternary International,NA,1040-6182,2026-05-21,NA,eme2025ukb
Quaternary Science Advances,NA,2666-0334,2026-05-21,NA,eme2025ukb
Quaternary Science Reviews,NA,0277-3791,2026-05-21,NA,eme2025ukb
Radiation Measurements,NA,1350-4487,2026-05-21,NA,eme2025ukb
Radiation Medicine and Protection,NA,2666-5557,2026-05-21,NA,eme2025ukb
Radiation Physics and Chemistry,NA,0969-806X,2026-05-21,NA,eme2025ukb
Radiography,NA,1078-8174,2026-05-21,NA,eme2025ukb
Radiología,NA,0033-8338,2026-05-21,NA,eme2025ukb
Radiología (English Edition),NA,2173-5107,2026-05-21,NA,eme2025ukb
Radiology Case Reports,NA,1930-0433,2026-05-21,NA,eme2025ukb
Radiotherapy & Oncology,NA,0167-8140,2026-05-21,NA,eme2025ukb
Rangeland Ecology & Management,NA,1550-7424,2026-05-21,NA,eme2025ukb
Rangelands,NA,0190-0528,2026-05-21,NA,eme2025ukb
Rare,NA,2950-0087,2026-05-21,NA,eme2025ukb
Reactive and Functional Polymers,NA,1381-5148,2026-05-21,NA,eme2025ukb
REC: CardioClinics,NA,2605-1532,2026-05-21,NA,eme2025ukb
Redox Biochemistry and Chemistry,NA,2773-1766,2026-05-21,NA,eme2025ukb
Redox Biology,NA,2213-2317,2026-05-21,NA,eme2025ukb
Regenerative Therapy,NA,2352-3204,2026-05-21,NA,eme2025ukb
Regional Science and Urban Economics,NA,0166-0462,2026-05-21,NA,eme2025ukb
Regional Science Policy & Practice,NA,1757-7802,2026-05-21,NA,eme2025ukb
Regional Studies in Marine Science,NA,2352-4855,2026-05-21,NA,eme2025ukb
Regulatory Toxicology and Pharmacology,NA,0273-2300,2026-05-21,NA,eme2025ukb
Rehabilitación,NA,0048-7120,2026-05-21,NA,eme2025ukb
Reliability Engineering & System Safety,NA,0951-8320,2026-05-21,NA,eme2025ukb
Remote Sensing Applications: Society and Environment,NA,2352-9385,2026-05-21,NA,eme2025ukb
Remote Sensing of Environment,NA,0034-4257,2026-05-21,NA,eme2025ukb
Renewable & Sustainable Energy Reviews,NA,1364-0321,2026-05-21,NA,eme2025ukb
Renewable and Sustainable Energy Transition,NA,2667-095X,2026-05-21,NA,eme2025ukb
Renewable Energy,NA,0960-1481,2026-05-21,NA,eme2025ukb
Renewable Energy Focus,NA,1755-0084,2026-05-21,NA,eme2025ukb
Reproductive Biology,NA,1642-431X,2026-05-21,NA,eme2025ukb
Reproductive BioMedicine Online,NA,1472-6483,2026-05-21,NA,eme2025ukb
Reproductive Toxicology,NA,0890-6238,2026-05-21,NA,eme2025ukb
Research and Practice in Thrombosis and Haemostasis,NA,2475-0379,2026-05-21,NA,eme2025ukb
Research in Autism,NA,3050-6565,2026-05-21,NA,eme2025ukb
Research in Developmental Disabilities,NA,0891-4222,2026-05-21,NA,eme2025ukb
Research in Diagnostic and Interventional Imaging,NA,2772-6525,2026-05-21,NA,eme2025ukb
Research in Economics,NA,1090-9443,2026-05-21,NA,eme2025ukb
Research in Globalization,NA,2590-051X,2026-05-21,NA,eme2025ukb
Research in International Business and Finance,NA,0275-5319,2026-05-21,NA,eme2025ukb
Research in Neurodiversity,NA,3050-5798,2026-05-21,NA,eme2025ukb
Research in Organizational Behavior,NA,0191-3085,2026-05-21,NA,eme2025ukb
Research in Social and Administrative Pharmacy,NA,1551-7411,2026-05-21,NA,eme2025ukb
Research in Social Stratification and Mobility,NA,0276-5624,2026-05-21,NA,eme2025ukb
Research in Transportation Business & Management,NA,2210-5395,2026-05-21,NA,eme2025ukb
Research in Transportation Economics,NA,0739-8859,2026-05-21,NA,eme2025ukb
Research in Veterinary Science,NA,0034-5288,2026-05-21,NA,eme2025ukb
Research Methods in Applied Linguistics,NA,2772-7661,2026-05-21,NA,eme2025ukb
Research Policy,NA,0048-7333,2026-05-21,NA,eme2025ukb
Resource and Energy Economics,NA,0928-7655,2026-05-21,NA,eme2025ukb
Resources Policy,NA,0301-4207,2026-05-21,NA,eme2025ukb
"Resources, Conservation & Recycling",NA,0921-3449,2026-05-21,NA,eme2025ukb
"Resources, Conservation & Recycling Advances",NA,2667-3789,2026-05-21,NA,eme2025ukb
"Resources, Environment and Sustainability",NA,2666-9161,2026-05-21,NA,eme2025ukb
Respiratory Investigation,NA,2212-5345,2026-05-21,NA,eme2025ukb
Respiratory Medicine,NA,0954-6111,2026-05-21,NA,eme2025ukb
Respiratory Medicine and Research,NA,2590-0412,2026-05-21,NA,eme2025ukb
Respiratory Medicine Case Reports,NA,2213-0071,2026-05-21,NA,eme2025ukb
Respiratory Physiology & Neurobiology,NA,1569-9048,2026-05-21,NA,eme2025ukb
Results in Applied Mathematics,NA,2590-0374,2026-05-21,NA,eme2025ukb
Results in Chemistry,NA,2211-7156,2026-05-21,NA,eme2025ukb
Results in Control and Optimization,NA,2666-7207,2026-05-21,NA,eme2025ukb
Results in Earth Sciences,NA,2211-7148,2026-05-21,NA,eme2025ukb
Results in Engineering,NA,2590-1230,2026-05-21,NA,eme2025ukb
Results in Materials,NA,2590-048X,2026-05-21,NA,eme2025ukb
Results in Optics,NA,2666-9501,2026-05-21,NA,eme2025ukb
Results in Physics,NA,2211-3797,2026-05-21,NA,eme2025ukb
Results in Surfaces and Interfaces,NA,2666-8459,2026-05-21,NA,eme2025ukb
Resuscitation,NA,0300-9572,2026-05-21,NA,eme2025ukb
Resuscitation Plus,NA,2666-5204,2026-05-21,NA,eme2025ukb
Reumatología Clínica,NA,1699-258X,2026-05-21,NA,eme2025ukb
Reumatología Clínica (English Edition),NA,2173-5743,2026-05-21,NA,eme2025ukb
Review of Economic Dynamics,NA,1094-2025,2026-05-21,NA,eme2025ukb
Review of Palaeobotany and Palynology,NA,0034-6667,2026-05-21,NA,eme2025ukb
Revista Argentina de Microbiología,NA,0325-7541,2026-05-21,NA,eme2025ukb
Revista Clínica Española,NA,0014-2565,2026-05-21,NA,eme2025ukb
Revista Clínica Española (English Edition),NA,2254-8874,2026-05-21,NA,eme2025ukb
Revista Colombiana de Reumatología,NA,0121-8123,2026-05-21,NA,eme2025ukb
Revista Colombiana de Reumatología (English Edition),NA,2444-4405,2026-05-21,NA,eme2025ukb
Revista de Investigación Clínica,NA,0034-8376,2026-05-21,NA,eme2025ukb
"Revista de Logopedia, Foniatría y Audiología",NA,0214-4603,2026-05-21,NA,eme2025ukb
Revista de Psicodidáctica,NA,1136-1034,2026-05-21,NA,eme2025ukb
Revista de Psicodidáctica (English Edition),NA,2530-3805,2026-05-21,NA,eme2025ukb
Revista de Senología y Patología Mamaria,NA,0214-1582,2026-05-21,NA,eme2025ukb
Revista Española de Anestesiología y Reanimación,NA,0034-9356,2026-05-21,NA,eme2025ukb
Revista Española de Anestesiología y Reanimación (English Edition),NA,2341-1929,2026-05-21,NA,eme2025ukb
Revista Española de Cardiología,NA,0300-8932,2026-05-21,NA,eme2025ukb
Revista Española de Cardiología (English Edition),NA,1885-5857,2026-05-21,NA,eme2025ukb
Revista Española de Geriatría y Gerontología,NA,0211-139X,2026-05-21,NA,eme2025ukb
Revista Española de Medicina Legal,NA,0377-4732,2026-05-21,NA,eme2025ukb
Revista Española de Medicina Nuclear e Imagen Molecular,NA,2253-654X,2026-05-21,NA,eme2025ukb
Revista Española de Medicina Nuclear e Imagen Molecular (English Edition),NA,2253-8089,2026-05-21,NA,eme2025ukb
Revista Española de Patología,NA,1699-8855,2026-05-21,NA,eme2025ukb
Revista Iberoamericana de Micología,NA,1130-1406,2026-05-21,NA,eme2025ukb
Revue de Chirurgie Orthopédique et Traumatologique,NA,1877-0517,2026-05-21,NA,eme2025ukb
Revue de Micropaléontologie,NA,0035-1598,2026-05-21,NA,eme2025ukb
Revue du Rhumatisme,NA,1169-8330,2026-05-21,NA,eme2025ukb
Revue Française d'Allergologie,NA,1877-0320,2026-05-21,NA,eme2025ukb
Revue Neurologique,NA,0035-3787,2026-05-21,NA,eme2025ukb
Rhizosphere,NA,2452-2198,2026-05-21,NA,eme2025ukb
Robotics and Autonomous Systems,NA,0921-8890,2026-05-21,NA,eme2025ukb
Robotics and Computer-Integrated Manufacturing,NA,0736-5845,2026-05-21,NA,eme2025ukb
Safety Science,NA,0925-7535,2026-05-21,NA,eme2025ukb
Sages-Femmes,NA,1637-4088,2026-05-21,NA,eme2025ukb
Scandinavian Journal of Management,NA,0956-5221,2026-05-21,NA,eme2025ukb
Schizophrenia Research,NA,0920-9964,2026-05-21,NA,eme2025ukb
Schizophrenia Research: Cognition,NA,2215-0013,2026-05-21,NA,eme2025ukb
Science & Justice,NA,1355-0306,2026-05-21,NA,eme2025ukb
Science & Sports,NA,0765-1597,2026-05-21,NA,eme2025ukb
Science Bulletin,NA,2095-9273,2026-05-21,NA,eme2025ukb
Science of Computer Programming,NA,0167-6423,2026-05-21,NA,eme2025ukb
Science of Remote Sensing,NA,2666-0172,2026-05-21,NA,eme2025ukb
Science of the Total Environment,NA,0048-9697,2026-05-21,NA,eme2025ukb
Scientia Horticulturae,NA,0304-4238,2026-05-21,NA,eme2025ukb
Scientific African,NA,2468-2276,2026-05-21,NA,eme2025ukb
Scripta Materialia,NA,1359-6462,2026-05-21,NA,eme2025ukb
Sedimentary Geology,NA,0037-0738,2026-05-21,NA,eme2025ukb
Seizure: European Journal of Epilepsy,NA,1059-1311,2026-05-21,NA,eme2025ukb
Seminars in Arthritis and Rheumatism,NA,0049-0172,2026-05-21,NA,eme2025ukb
Seminars in Arthroplasty: JSES,NA,1045-4527,2026-05-21,NA,eme2025ukb
Seminars in Cancer Biology,NA,1044-579X,2026-05-21,NA,eme2025ukb
Seminars in Cell and Developmental Biology,NA,1084-9521,2026-05-21,NA,eme2025ukb
Seminars in Colon and Rectal Surgery,NA,1043-1489,2026-05-21,NA,eme2025ukb
Seminars in Diagnostic Pathology,NA,0740-2570,2026-05-21,NA,eme2025ukb
Seminars in Fetal & Neonatal Medicine,NA,1744-165X,2026-05-21,NA,eme2025ukb
Seminars in Hematology,NA,0037-1963,2026-05-21,NA,eme2025ukb
Seminars in Immunology,NA,1044-5323,2026-05-21,NA,eme2025ukb
Seminars in Nephrology,NA,0270-9295,2026-05-21,NA,eme2025ukb
Seminars in Nuclear Medicine,NA,0001-2998,2026-05-21,NA,eme2025ukb
Seminars in Oncology,NA,0093-7754,2026-05-21,NA,eme2025ukb
Seminars in Oncology Nursing,NA,0749-2081,2026-05-21,NA,eme2025ukb
Seminars in Orthodontics,NA,1073-8746,2026-05-21,NA,eme2025ukb
Seminars in Pediatric Neurology,NA,1071-9091,2026-05-21,NA,eme2025ukb
Seminars in Pediatric Surgery,NA,1055-8586,2026-05-21,NA,eme2025ukb
Seminars in Perinatology,NA,0146-0005,2026-05-21,NA,eme2025ukb
Seminars in Radiation Oncology,NA,1053-4296,2026-05-21,NA,eme2025ukb
Seminars in Roentgenology,NA,0037-198X,2026-05-21,NA,eme2025ukb
Seminars in Spine Surgery,NA,1040-7383,2026-05-21,NA,eme2025ukb
Seminars in Thoracic and Cardiovascular Surgery,NA,1043-0679,2026-05-21,NA,eme2025ukb
Seminars in Thoracic and Cardiovascular Surgery: Pediatric Cardiac Surgery Annual,NA,1092-9126,2026-05-21,NA,eme2025ukb
"Seminars in Ultrasound, CT and MRI",NA,0887-2171,2026-05-21,NA,eme2025ukb
Seminars in Vascular Surgery,NA,0895-7967,2026-05-21,NA,eme2025ukb
Sensing and Bio-Sensing Research,NA,2214-1804,2026-05-21,NA,eme2025ukb
Sensors and Actuators A: Physical,NA,0924-4247,2026-05-21,NA,eme2025ukb
Sensors and Actuators B: Chemical,NA,0925-4005,2026-05-21,NA,eme2025ukb
Sensors and Actuators Reports,NA,2666-0539,2026-05-21,NA,eme2025ukb
Separation and Purification Technology,NA,1383-5866,2026-05-21,NA,eme2025ukb
Sexual & Reproductive Healthcare,NA,1877-5756,2026-05-21,NA,eme2025ukb
Signal Processing,NA,0165-1684,2026-05-21,NA,eme2025ukb
Signal Processing: Image Communication,NA,0923-5965,2026-05-21,NA,eme2025ukb
Simulation Modelling Practice and Theory,NA,1569-190X,2026-05-21,NA,eme2025ukb
SLAS Discovery,NA,2472-5552,2026-05-21,NA,eme2025ukb
SLAS Technology,NA,2472-6303,2026-05-21,NA,eme2025ukb
Slavic Literatures,NA,2950-3965,2026-05-21,NA,eme2025ukb
Sleep Epidemiology,NA,2667-3436,2026-05-21,NA,eme2025ukb
Sleep Health,NA,2352-7218,2026-05-21,NA,eme2025ukb
Sleep Medicine,NA,1389-9457,2026-05-21,NA,eme2025ukb
Sleep Medicine Reviews,NA,1087-0792,2026-05-21,NA,eme2025ukb
Sleep Medicine: X,NA,2590-1427,2026-05-21,NA,eme2025ukb
Small Ruminant Research,NA,0921-4488,2026-05-21,NA,eme2025ukb
Smart Agricultural Technology,NA,2772-3755,2026-05-21,NA,eme2025ukb
Smart Energy,NA,2666-9552,2026-05-21,NA,eme2025ukb
Smart Health,NA,2352-6483,2026-05-21,NA,eme2025ukb
"Social and Emotional Learning: Research, Practice, and Policy",NA,2773-2339,2026-05-21,NA,eme2025ukb
Social Networks,NA,0378-8733,2026-05-21,NA,eme2025ukb
Social Science & Medicine,NA,0277-9536,2026-05-21,NA,eme2025ukb
Social Science Research,NA,0049-089X,2026-05-21,NA,eme2025ukb
Social Sciences & Humanities Open,NA,2590-2911,2026-05-21,NA,eme2025ukb
Societal Impacts,NA,2949-6977,2026-05-21,NA,eme2025ukb
Socio-Economic Planning Sciences,NA,0038-0121,2026-05-21,NA,eme2025ukb
Software Impacts,NA,2665-9638,2026-05-21,NA,eme2025ukb
SoftwareX,NA,2352-7110,2026-05-21,NA,eme2025ukb
Soil & Tillage Research,NA,0167-1987,2026-05-21,NA,eme2025ukb
Soil Advances,NA,2950-2896,2026-05-21,NA,eme2025ukb
Soil Biology & Biochemistry,NA,0038-0717,2026-05-21,NA,eme2025ukb
Soil Dynamics and Earthquake Engineering,NA,0267-7261,2026-05-21,NA,eme2025ukb
Soil Security,NA,2667-0062,2026-05-21,NA,eme2025ukb
Soils and Foundations,NA,0038-0806,2026-05-21,NA,eme2025ukb
Solar Compass,NA,2772-9400,2026-05-21,NA,eme2025ukb
Solar Energy,NA,0038-092X,2026-05-21,NA,eme2025ukb
Solar Energy Advances,NA,2667-1131,2026-05-21,NA,eme2025ukb
Solar Energy Materials and Solar Cells,NA,0927-0248,2026-05-21,NA,eme2025ukb
Solid State Communications,NA,0038-1098,2026-05-21,NA,eme2025ukb
Solid State Ionics,NA,0167-2738,2026-05-21,NA,eme2025ukb
Solid State Nuclear Magnetic Resonance,NA,0926-2040,2026-05-21,NA,eme2025ukb
Solid State Sciences,NA,1293-2558,2026-05-21,NA,eme2025ukb
Solid-State Electronics,NA,0038-1101,2026-05-21,NA,eme2025ukb
South African Journal of Botany,NA,0254-6299,2026-05-21,NA,eme2025ukb
South African Journal of Chemical Engineering,NA,1026-9185,2026-05-21,NA,eme2025ukb
Space Policy,NA,0265-9646,2026-05-21,NA,eme2025ukb
Spanish Journal of Legal Medicine,NA,2445-4249,2026-05-21,NA,eme2025ukb
Spanish Journal of Psychiatry and Mental Health,NA,2950-2853,2026-05-21,NA,eme2025ukb
Spatial and Spatio-temporal Epidemiology,NA,1877-5845,2026-05-21,NA,eme2025ukb
Spatial Statistics,NA,2211-6753,2026-05-21,NA,eme2025ukb
Spectrochimica Acta Part A: Molecular and Biomolecular Spectroscopy,NA,1386-1425,2026-05-21,NA,eme2025ukb
Spectrochimica Acta Part B: Atomic Spectroscopy,NA,0584-8547,2026-05-21,NA,eme2025ukb
Speech Communication,NA,0167-6393,2026-05-21,NA,eme2025ukb
Sports Economics Review,NA,2773-1618,2026-05-21,NA,eme2025ukb
Sports Orthopaedics and Traumatology,NA,0949-328X,2026-05-21,NA,eme2025ukb
SSM - Health Systems,NA,2949-8562,2026-05-21,NA,eme2025ukb
SSM - Mental Health,NA,2666-5603,2026-05-21,NA,eme2025ukb
SSM - Population Health,NA,2352-8273,2026-05-21,NA,eme2025ukb
SSM - Qualitative Research in Health,NA,2667-3215,2026-05-21,NA,eme2025ukb
STAR Protocols,NA,2666-1667,2026-05-21,NA,eme2025ukb
Statistics & Probability Letters,NA,0167-7152,2026-05-21,NA,eme2025ukb
Stem Cell Reports,NA,2213-6711,2026-05-21,NA,eme2025ukb
Stem Cell Research,NA,1873-5061,2026-05-21,NA,eme2025ukb
Steroids,NA,0039-128X,2026-05-21,NA,eme2025ukb
Stochastic Processes and their Applications,NA,0304-4149,2026-05-21,NA,eme2025ukb
Strategic Business Research,NA,3051-0643,2026-05-21,NA,eme2025ukb
Structural Change and Economic Dynamics,NA,0954-349X,2026-05-21,NA,eme2025ukb
Structural Heart,NA,2474-8706,2026-05-21,NA,eme2025ukb
Structural Safety,NA,0167-4730,2026-05-21,NA,eme2025ukb
Structures,NA,2352-0124,2026-05-21,NA,eme2025ukb
Studies in Educational Evaluation,NA,0191-491X,2026-05-21,NA,eme2025ukb
Studies in History and Philosophy of Science,NA,0039-3681,2026-05-21,NA,eme2025ukb
Superconductivity,NA,2772-8307,2026-05-21,NA,eme2025ukb
Supply Chain Analytics,NA,2949-8635,2026-05-21,NA,eme2025ukb
Surface and Coatings Technology,NA,0257-8972,2026-05-21,NA,eme2025ukb
Surface Science,NA,0039-6028,2026-05-21,NA,eme2025ukb
Surface Science Reports,NA,0167-5729,2026-05-21,NA,eme2025ukb
Surfaces and Interfaces,NA,2468-0230,2026-05-21,NA,eme2025ukb
Surgery,NA,0039-6060,2026-05-21,NA,eme2025ukb
Surgery Case Reports: Advances and Techniques,NA,2950-1032,2026-05-21,NA,eme2025ukb
Surgery for Obesity and Related Diseases,NA,1550-7289,2026-05-21,NA,eme2025ukb
Surgery in Practice and Science,NA,2666-2620,2026-05-21,NA,eme2025ukb
Surgery Open Digestive Advance,NA,2667-0089,2026-05-21,NA,eme2025ukb
Surgery Open Science,NA,2589-8450,2026-05-21,NA,eme2025ukb
Surgical Oncology,NA,0960-7404,2026-05-21,NA,eme2025ukb
Surgical Oncology Insight,NA,2950-2470,2026-05-21,NA,eme2025ukb
Survey of Ophthalmology,NA,0039-6257,2026-05-21,NA,eme2025ukb
Sustainable Chemistry and Pharmacy,NA,2352-5541,2026-05-21,NA,eme2025ukb
Sustainable Chemistry for Biodiversity,NA,3050-6212,2026-05-21,NA,eme2025ukb
Sustainable Chemistry for Climate Action,NA,2772-8269,2026-05-21,NA,eme2025ukb
Sustainable Chemistry for Energy Materials,NA,2950-4775,2026-05-21,NA,eme2025ukb
Sustainable Chemistry for the Environment,NA,2949-8392,2026-05-21,NA,eme2025ukb
Sustainable Chemistry One World,NA,2950-3574,2026-05-21,NA,eme2025ukb
Sustainable Cities and Society,NA,2210-6707,2026-05-21,NA,eme2025ukb
Sustainable Cities and Society: Advances,NA,3051-052X,2026-05-21,NA,eme2025ukb
Sustainable Computing: Informatics and Systems,NA,2210-5379,2026-05-21,NA,eme2025ukb
Sustainable Energy Technologies and Assessments,NA,2213-1388,2026-05-21,NA,eme2025ukb
"Sustainable Energy, Grids and Networks",NA,2352-4677,2026-05-21,NA,eme2025ukb
Sustainable Futures,NA,2666-1888,2026-05-21,NA,eme2025ukb
"Sustainable Geosciences: People, Planet and Prosperity",NA,2950-4929,2026-05-21,NA,eme2025ukb
Sustainable Materials and Technologies,NA,2214-9937,2026-05-21,NA,eme2025ukb
Sustainable Production and Consumption,NA,2352-5509,2026-05-21,NA,eme2025ukb
Sustainable Technology and Entrepreneurship,NA,2773-0328,2026-05-21,NA,eme2025ukb
Swarm and Evolutionary Computation,NA,2210-6502,2026-05-21,NA,eme2025ukb
Synthetic Metals,NA,0379-6779,2026-05-21,NA,eme2025ukb
System,NA,0346-251X,2026-05-21,NA,eme2025ukb
Systematic and Applied Microbiology,NA,0723-2020,2026-05-21,NA,eme2025ukb
Systems & Control Letters,NA,0167-6911,2026-05-21,NA,eme2025ukb
Systems and Soft Computing,NA,2772-9419,2026-05-21,NA,eme2025ukb
Systems Ethnopharmacology and Sustainable Bioresources,NA,3117-5767,2026-05-21,NA,eme2025ukb
Talanta,NA,0039-9140,2026-05-21,NA,eme2025ukb
Talanta Open,NA,2666-8319,2026-05-21,NA,eme2025ukb
Teaching and Learning in Nursing,NA,1557-3087,2026-05-21,NA,eme2025ukb
Teaching and Teacher Education,NA,0742-051X,2026-05-21,NA,eme2025ukb
Technical Innovations & Patient Support in Radiation Oncology,NA,2405-6324,2026-05-21,NA,eme2025ukb
Techniques and Innovations in Gastrointestinal Endoscopy,NA,2590-0307,2026-05-21,NA,eme2025ukb
Techniques in Vascular and Interventional Radiology,NA,1089-2516,2026-05-21,NA,eme2025ukb
Technological Forecasting and Social Change,NA,0040-1625,2026-05-21,NA,eme2025ukb
Technology in Society,NA,0160-791X,2026-05-21,NA,eme2025ukb
Technovation,NA,0166-4972,2026-05-21,NA,eme2025ukb
Tectonophysics,NA,0040-1951,2026-05-21,NA,eme2025ukb
Telecommunications Policy,NA,0308-5961,2026-05-21,NA,eme2025ukb
Telematics and Informatics,NA,0736-5853,2026-05-21,NA,eme2025ukb
Telematics and Informatics Reports,NA,2772-5030,2026-05-21,NA,eme2025ukb
Tetrahedron,NA,0040-4020,2026-05-21,NA,eme2025ukb
Tetrahedron Chem,NA,2666-951X,2026-05-21,NA,eme2025ukb
Tetrahedron Green Chem,NA,2773-2231,2026-05-21,NA,eme2025ukb
Tetrahedron Letters,NA,0040-4039,2026-05-21,NA,eme2025ukb
The American Journal of Cardiology,NA,0002-9149,2026-05-21,NA,eme2025ukb
The American Journal of Clinical Nutrition,NA,0002-9165,2026-05-21,NA,eme2025ukb
The American Journal of Geriatric Psychiatry,NA,1064-7481,2026-05-21,NA,eme2025ukb
"The American Journal of Geriatric Psychiatry: Open Science, Education, and Practice",NA,2950-3868,2026-05-21,NA,eme2025ukb
The American Journal of Medicine,NA,0002-9343,2026-05-21,NA,eme2025ukb
The American Journal of Pathology,NA,0002-9440,2026-05-21,NA,eme2025ukb
The American Journal of Surgery,NA,0002-9610,2026-05-21,NA,eme2025ukb
The American Journal of the Medical Sciences,NA,0002-9629,2026-05-21,NA,eme2025ukb
The Annals of Thoracic Surgery,NA,0003-4975,2026-05-21,NA,eme2025ukb
The Arts in Psychotherapy,NA,0197-4556,2026-05-21,NA,eme2025ukb
The Asian Journal of Shipping and Logistics,NA,2092-5212,2026-05-21,NA,eme2025ukb
The Brazilian Journal of Infectious Diseases,NA,1413-8670,2026-05-21,NA,eme2025ukb
The Breast,NA,0960-9776,2026-05-21,NA,eme2025ukb
The British Accounting Review,NA,0890-8389,2026-05-21,NA,eme2025ukb
The Cell Surface,NA,2468-2330,2026-05-21,NA,eme2025ukb
The EANM Journal,NA,3051-2921,2026-05-21,NA,eme2025ukb
The Egyptian Journal of Remote Sensing and Space Sciences,NA,1110-9823,2026-05-21,NA,eme2025ukb
The Egyptian Rheumatologist,NA,1110-1164,2026-05-21,NA,eme2025ukb
The Electricity Journal,NA,1040-6190,2026-05-21,NA,eme2025ukb
The European Journal of Psychiatry,NA,0213-6163,2026-05-21,NA,eme2025ukb
The Extractive Industries and Society,NA,2214-790X,2026-05-21,NA,eme2025ukb
The Foot,NA,0958-2592,2026-05-21,NA,eme2025ukb
The French Journal of Urology,NA,2950-3930,2026-05-21,NA,eme2025ukb
The Innovation,NA,2666-6758,2026-05-21,NA,eme2025ukb
The International Journal of Biochemistry & Cell Biology,NA,1357-2725,2026-05-21,NA,eme2025ukb
The International Journal of Management Education,NA,1472-8117,2026-05-21,NA,eme2025ukb
The Internet and Higher Education,NA,1096-7516,2026-05-21,NA,eme2025ukb
The Joint Commission Journal on Quality and Patient Safety,NA,1553-7250,2026-05-21,NA,eme2025ukb
The Journal for Nurse Practitioners,NA,1555-4155,2026-05-21,NA,eme2025ukb
The Journal of Academic Librarianship,NA,0099-1333,2026-05-21,NA,eme2025ukb
The Journal of Aging Research & Lifestyle,NA,2534-773X,2026-05-21,NA,eme2025ukb
The Journal of Allergy and Clinical Immunology: In Practice,NA,2213-2198,2026-05-21,NA,eme2025ukb
The Journal of Chemical Thermodynamics,NA,0021-9614,2026-05-21,NA,eme2025ukb
The Journal of Climate Change and Health,NA,2667-2782,2026-05-21,NA,eme2025ukb
The Journal of Economic Asymmetries,NA,1703-4949,2026-05-21,NA,eme2025ukb
The Journal of Emergency Medicine,NA,0736-4679,2026-05-21,NA,eme2025ukb
The Journal of Foot & Ankle Surgery,NA,1067-2516,2026-05-21,NA,eme2025ukb
The Journal of Frailty & Aging,NA,2260-1341,2026-05-21,NA,eme2025ukb
The Journal of Hand Surgery,NA,0363-5023,2026-05-21,NA,eme2025ukb
The Journal of Heart and Lung Transplantation,NA,1053-2498,2026-05-21,NA,eme2025ukb
The Journal of Liquid Biopsy,NA,2950-1954,2026-05-21,NA,eme2025ukb
The Journal of Mathematical Behavior,NA,0732-3123,2026-05-21,NA,eme2025ukb
The Journal of Molecular Diagnostics,NA,1525-1578,2026-05-21,NA,eme2025ukb
The Journal of Nutrition,NA,0022-3166,2026-05-21,NA,eme2025ukb
"The Journal of nutrition, health and aging",NA,1279-7707,2026-05-21,NA,eme2025ukb
The Journal of Nutritional Biochemistry,NA,0955-2863,2026-05-21,NA,eme2025ukb
The Journal of Nutritional Physiology,NA,3050-6247,2026-05-21,NA,eme2025ukb
The Journal of Pain,NA,1526-5900,2026-05-21,NA,eme2025ukb
The Journal of Pediatrics,NA,0022-3476,2026-05-21,NA,eme2025ukb
The Journal of Pediatrics: Clinical Practice,NA,2950-5410,2026-05-21,NA,eme2025ukb
The Journal of Pharmacology and Experimental Therapeutics,NA,0022-3565,2026-05-21,NA,eme2025ukb
The Journal of Physiological Sciences,NA,1880-6546,2026-05-21,NA,eme2025ukb
The Journal of Precision Medicine: Health and Disease,NA,3050-6328,2026-05-21,NA,eme2025ukb
The Journal of Prevention of Alzheimer's Disease,NA,2274-5807,2026-05-21,NA,eme2025ukb
The Journal of Prosthetic Dentistry,NA,0022-3913,2026-05-21,NA,eme2025ukb
The Journal of Steroid Biochemistry and Molecular Biology,NA,0960-0760,2026-05-21,NA,eme2025ukb
The Journal of Strategic Information Systems,NA,0963-8687,2026-05-21,NA,eme2025ukb
The Journal of Supercritical Fluids,NA,0896-8446,2026-05-21,NA,eme2025ukb
The Journal of the American Dental Association,NA,0002-8177,2026-05-21,NA,eme2025ukb
The Journal of the Economics of Ageing,NA,2212-828X,2026-05-21,NA,eme2025ukb
The Journal of Thoracic and Cardiovascular Surgery,NA,0022-5223,2026-05-21,NA,eme2025ukb
The Knee,NA,0968-0160,2026-05-21,NA,eme2025ukb
The Lancet Digital Health,NA,2589-7500,2026-05-21,NA,eme2025ukb
The Lancet Global Health,NA,2214-109X,2026-05-21,NA,eme2025ukb
The Lancet Healthy Longevity,NA,2666-7568,2026-05-21,NA,eme2025ukb
The Lancet Microbe,NA,2666-5247,2026-05-21,NA,eme2025ukb
The Lancet Planetary Health,NA,2542-5196,2026-05-21,NA,eme2025ukb
The Lancet Primary Care,NA,3050-5143,2026-05-21,NA,eme2025ukb
The Lancet Public Health,NA,2468-2667,2026-05-21,NA,eme2025ukb
The Lancet Regional Health - Africa,NA,3050-5011,2026-05-21,NA,eme2025ukb
The Lancet Regional Health - Americas,NA,2667-193X,2026-05-21,NA,eme2025ukb
The Lancet Regional Health - Europe,NA,2666-7762,2026-05-21,NA,eme2025ukb
The Lancet Regional Health - Southeast Asia,NA,2772-3682,2026-05-21,NA,eme2025ukb
The Lancet Regional Health - Western Pacific,NA,2666-6065,2026-05-21,NA,eme2025ukb
The Leadership Quarterly,NA,1048-9843,2026-05-21,NA,eme2025ukb
The Microbe,NA,2950-1946,2026-05-21,NA,eme2025ukb
The North American Journal of Economics and Finance,NA,1062-9408,2026-05-21,NA,eme2025ukb
The Ocular Surface,NA,1542-0124,2026-05-21,NA,eme2025ukb
The Quarterly Review of Economics and Finance,NA,1062-9769,2026-05-21,NA,eme2025ukb
The Royal College of Radiologists Open,NA,2773-0662,2026-05-21,NA,eme2025ukb
The Spine Journal,NA,1529-9430,2026-05-21,NA,eme2025ukb
The Surgeon,NA,1479-666X,2026-05-21,NA,eme2025ukb
The Swine Journal,NA,3117-4132,2026-05-21,NA,eme2025ukb
The Veterinary Journal,NA,1090-0233,2026-05-21,NA,eme2025ukb
The Veterinary Journal: Pharmacology & Toxicology,NA,3117-5252,2026-05-21,NA,eme2025ukb
Theoretical and Applied Fracture Mechanics,NA,0167-8442,2026-05-21,NA,eme2025ukb
Theoretical and Applied Mechanics Letters,NA,2095-0349,2026-05-21,NA,eme2025ukb
Theoretical Computer Science,NA,0304-3975,2026-05-21,NA,eme2025ukb
Theoretical Population Biology,NA,0040-5809,2026-05-21,NA,eme2025ukb
Therapies,NA,0040-5957,2026-05-21,NA,eme2025ukb
Theriogenology,NA,0093-691X,2026-05-21,NA,eme2025ukb
Theriogenology Wild,NA,2773-093X,2026-05-21,NA,eme2025ukb
Thermal Advances,NA,3050-4635,2026-05-21,NA,eme2025ukb
Thermal Science and Engineering Progress,NA,2451-9049,2026-05-21,NA,eme2025ukb
Thermochimica Acta,NA,0040-6031,2026-05-21,NA,eme2025ukb
Thin Solid Films,NA,0040-6090,2026-05-21,NA,eme2025ukb
Thinking Skills and Creativity,NA,1871-1871,2026-05-21,NA,eme2025ukb
Thin-Walled Structures,NA,0263-8231,2026-05-21,NA,eme2025ukb
Thrombosis Research,NA,0049-3848,2026-05-21,NA,eme2025ukb
Thrombosis Update,NA,2666-5727,2026-05-21,NA,eme2025ukb
Thyroid Science,NA,2950-3000,2026-05-21,NA,eme2025ukb
Ticks and Tick-borne Diseases,NA,1877-959X,2026-05-21,NA,eme2025ukb
Tissue and Cell,NA,0040-8166,2026-05-21,NA,eme2025ukb
Tomography of Materials and Structures,NA,2949-673X,2026-05-21,NA,eme2025ukb
Topics in Companion Animal Medicine,NA,1938-9736,2026-05-21,NA,eme2025ukb
Topology and its Applications,NA,0166-8641,2026-05-21,NA,eme2025ukb
Total Chemistry,NA,3050-581X,2026-05-21,NA,eme2025ukb
Total Environment Advances,NA,2950-3957,2026-05-21,NA,eme2025ukb
Total Environment Engineering,NA,2950-631X,2026-05-21,NA,eme2025ukb
Total Environment Microbiology,NA,3050-6417,2026-05-21,NA,eme2025ukb
Tourism Management,NA,0261-5177,2026-05-21,NA,eme2025ukb
Tourism Management Perspectives,NA,2211-9736,2026-05-21,NA,eme2025ukb
Toxicologie Analytique et Clinique,NA,2352-0078,2026-05-21,NA,eme2025ukb
Toxicology,NA,0300-483X,2026-05-21,NA,eme2025ukb
Toxicology and Applied Pharmacology,NA,0041-008X,2026-05-21,NA,eme2025ukb
Toxicology in Vitro,NA,0887-2333,2026-05-21,NA,eme2025ukb
Toxicology Letters,NA,0378-4274,2026-05-21,NA,eme2025ukb
Toxicology Reports,NA,2214-7500,2026-05-21,NA,eme2025ukb
Toxicon,NA,0041-0101,2026-05-21,NA,eme2025ukb
Toxicon: X,NA,2590-1710,2026-05-21,NA,eme2025ukb
Transcranial Magnetic Stimulation,NA,3050-5291,2026-05-21,NA,eme2025ukb
Transformative Energy,NA,3117-4639,2026-05-21,NA,eme2025ukb
Transfusion and Apheresis Science,NA,1473-0502,2026-05-21,NA,eme2025ukb
Transfusion Clinique et Biologique,NA,1246-7820,2026-05-21,NA,eme2025ukb
Transfusion Medicine Reviews,NA,0887-7963,2026-05-21,NA,eme2025ukb
Translational Oncology,NA,1936-5233,2026-05-21,NA,eme2025ukb
Translational Research,NA,1931-5244,2026-05-21,NA,eme2025ukb
Translational Research in Anatomy,NA,2214-854X,2026-05-21,NA,eme2025ukb
Transnational Mobilities,NA,3117-5511,2026-05-21,NA,eme2025ukb
Transplant Immunology,NA,0966-3274,2026-05-21,NA,eme2025ukb
Transplantation and Cellular Therapy,NA,2666-6367,2026-05-21,NA,eme2025ukb
Transplantation Proceedings,NA,0041-1345,2026-05-21,NA,eme2025ukb
Transplantation Reports,NA,2451-9596,2026-05-21,NA,eme2025ukb
Transplantation Reviews,NA,0955-470X,2026-05-21,NA,eme2025ukb
Transport Economics and Management,NA,2949-8996,2026-05-21,NA,eme2025ukb
Transport Policy,NA,0967-070X,2026-05-21,NA,eme2025ukb
Transportation Engineering,NA,2666-691X,2026-05-21,NA,eme2025ukb
Transportation Geotechnics,NA,2214-3912,2026-05-21,NA,eme2025ukb
Transportation Research Interdisciplinary Perspectives,NA,2590-1982,2026-05-21,NA,eme2025ukb
Transportation Research Part A: Policy and Practice,NA,0965-8564,2026-05-21,NA,eme2025ukb
Transportation Research Part B: Methodological,NA,0191-2615,2026-05-21,NA,eme2025ukb
Transportation Research Part C: Emerging Technologies,NA,0968-090X,2026-05-21,NA,eme2025ukb
Transportation Research Part D: Transport and Environment,NA,1361-9209,2026-05-21,NA,eme2025ukb
Transportation Research Part E: Logistics and Transportation Review,NA,1366-5545,2026-05-21,NA,eme2025ukb
Transportation Research Part F: Traffic Psychology and Behaviour,NA,1369-8478,2026-05-21,NA,eme2025ukb
Transportation Research Today,NA,3051-360X,2026-05-21,NA,eme2025ukb
Trauma Case Reports,NA,2352-6440,2026-05-21,NA,eme2025ukb
Travel Behaviour and Society,NA,2214-367X,2026-05-21,NA,eme2025ukb
Travel Medicine and Infectious Disease,NA,1477-8939,2026-05-21,NA,eme2025ukb
"Trees, Forests and People",NA,2666-7193,2026-05-21,NA,eme2025ukb
Trends in Anaesthesia and Critical Care,NA,2210-8440,2026-05-21,NA,eme2025ukb
Trends in Analytical Chemistry,NA,0165-9936,2026-05-21,NA,eme2025ukb
Trends in Cardiovascular Medicine,NA,1050-1738,2026-05-21,NA,eme2025ukb
Trends in Environmental Analytical Chemistry,NA,2214-1588,2026-05-21,NA,eme2025ukb
Trends in Food Science & Technology,NA,0924-2244,2026-05-21,NA,eme2025ukb
Trends in Neuroscience and Education,NA,2211-9493,2026-05-21,NA,eme2025ukb
Trends Open,NA,3117-3470,2026-05-21,NA,eme2025ukb
Tribology and Interfaces,NA,3117-3136,2026-05-21,NA,eme2025ukb
Tribology International,NA,0301-679X,2026-05-21,NA,eme2025ukb
Tuberculosis,NA,1472-9792,2026-05-21,NA,eme2025ukb
Tumour Virus Research,NA,2666-6790,2026-05-21,NA,eme2025ukb
Tunnelling and Underground Space Technology,NA,0886-7798,2026-05-21,NA,eme2025ukb
Ultramicroscopy,NA,0304-3991,2026-05-21,NA,eme2025ukb
Ultrasonics,NA,0041-624X,2026-05-21,NA,eme2025ukb
Ultrasonics Sonochemistry,NA,1350-4177,2026-05-21,NA,eme2025ukb
Ultrasound in Medicine & Biology,NA,0301-5629,2026-05-21,NA,eme2025ukb
Urban Climate,NA,2212-0955,2026-05-21,NA,eme2025ukb
Urban Forestry & Urban Greening,NA,1618-8667,2026-05-21,NA,eme2025ukb
Urban Transitions,NA,3050-6972,2026-05-21,NA,eme2025ukb
Urologic Oncology: Seminars and Original Investigations,NA,1078-1439,2026-05-21,NA,eme2025ukb
Urology,NA,0090-4295,2026-05-21,NA,eme2025ukb
Urology Case Reports,NA,2214-4420,2026-05-21,NA,eme2025ukb
Urology Horizons,NA,3117-3500,2026-05-21,NA,eme2025ukb
Urology Video Journal,NA,2590-0897,2026-05-21,NA,eme2025ukb
Utilities Policy,NA,0957-1787,2026-05-21,NA,eme2025ukb
Vaccine,NA,0264-410X,2026-05-21,NA,eme2025ukb
Vaccine: X,NA,2590-1362,2026-05-21,NA,eme2025ukb
Vacunas,NA,1576-9887,2026-05-21,NA,eme2025ukb
Vacunas (English Edition),NA,2445-1460,2026-05-21,NA,eme2025ukb
Vacuum,NA,0042-207X,2026-05-21,NA,eme2025ukb
Value in Health,NA,1098-3015,2026-05-21,NA,eme2025ukb
Value in Health Regional Issues,NA,2212-1099,2026-05-21,NA,eme2025ukb
Vascular Diseases,NA,3050-6581,2026-05-21,NA,eme2025ukb
Vascular Pharmacology,NA,1537-1891,2026-05-21,NA,eme2025ukb
Vehicular Communications,NA,2214-2096,2026-05-21,NA,eme2025ukb
Veterinary Anaesthesia and Analgesia,NA,1467-2987,2026-05-21,NA,eme2025ukb
Veterinary and Animal Science,NA,2451-943X,2026-05-21,NA,eme2025ukb
Veterinary Immunology and Immunopathology,NA,0165-2427,2026-05-21,NA,eme2025ukb
Veterinary Microbiology,NA,0378-1135,2026-05-21,NA,eme2025ukb
Veterinary Parasitology,NA,0304-4017,2026-05-21,NA,eme2025ukb
Veterinary Parasitology: Regional Studies and Reports,NA,2405-9390,2026-05-21,NA,eme2025ukb
Vibrational Spectroscopy,NA,0924-2031,2026-05-21,NA,eme2025ukb
VideoGIE,NA,2468-4481,2026-05-21,NA,eme2025ukb
Virology,NA,0042-6822,2026-05-21,NA,eme2025ukb
Virus Research,NA,0168-1702,2026-05-21,NA,eme2025ukb
Vision Research,NA,0042-6989,2026-05-21,NA,eme2025ukb
Visual Journal of Emergency Medicine,NA,2405-4690,2026-05-21,NA,eme2025ukb
Waste Management,NA,0956-053X,2026-05-21,NA,eme2025ukb
Waste Management Bulletin,NA,2949-7507,2026-05-21,NA,eme2025ukb
Water Research,NA,0043-1354,2026-05-21,NA,eme2025ukb
Water Research X,NA,2589-9147,2026-05-21,NA,eme2025ukb
Water Resources and Industry,NA,2212-3717,2026-05-21,NA,eme2025ukb
Water Security,NA,2468-3124,2026-05-21,NA,eme2025ukb
Wave Motion,NA,0165-2125,2026-05-21,NA,eme2025ukb
Wear,NA,0043-1648,2026-05-21,NA,eme2025ukb
Weather and Climate Extremes,NA,2212-0947,2026-05-21,NA,eme2025ukb
"Wellbeing, Space and Society",NA,2666-5581,2026-05-21,NA,eme2025ukb
WFUMB Ultrasound Open,NA,2949-6683,2026-05-21,NA,eme2025ukb
Wind Energy and Engineering Research,NA,2950-3604,2026-05-21,NA,eme2025ukb
Women and Birth,NA,1871-5192,2026-05-21,NA,eme2025ukb
Women's Health Issues,NA,1049-3867,2026-05-21,NA,eme2025ukb
Women's Studies International Forum,NA,0277-5395,2026-05-21,NA,eme2025ukb
World Allergy Organization Journal,NA,1939-4551,2026-05-21,NA,eme2025ukb
World Development,NA,0305-750X,2026-05-21,NA,eme2025ukb
World Development Perspectives,NA,2452-2929,2026-05-21,NA,eme2025ukb
World Development Sustainability,NA,2772-655X,2026-05-21,NA,eme2025ukb
World Neurosurgery,NA,1878-8750,2026-05-21,NA,eme2025ukb
World Neurosurgery: X,NA,2590-1397,2026-05-21,NA,eme2025ukb
World Patent Information,NA,0172-2190,2026-05-21,NA,eme2025ukb
"Zeitschrift für Evidenz, Fortbildung und Qualität im Gesundheitswesen",NA,1865-9217,2026-05-21,NA,eme2025ukb
Zeitschrift für Medizinische Physik,NA,0939-3889,2026-05-21,NA,eme2025ukb
Zoologischer Anzeiger,NA,0044-5231,2026-05-21,NA,eme2025ukb
Zoology,NA,0944-2006,2026-05-21,NA,eme2025ukb
Nature,NA,1476-4687,2026-05-20,NA,sn2025gac
Nature Aging,NA,2662-8465,2026-05-20,NA,sn2025gac
Nature Astronomy,NA,2397-3366,2026-05-20,NA,sn2025gac
Nature Biomedical Engineering,NA,2157-846X,2026-05-20,NA,sn2025gac
Nature Biotechnology,NA,1546-1696,2026-05-20,NA,sn2025gac
Nature Cancer,NA,2662-1347,2026-05-20,NA,sn2025gac
Nature Cardiovascular Research,NA,2731-0590,2026-05-20,NA,sn2025gac
Nature Catalysis,NA,2520-1158,2026-05-20,NA,sn2025gac
Nature Cell Biology,NA,1476-4679,2026-05-20,NA,sn2025gac
Nature Chemical Biology,NA,1552-4469,2026-05-20,NA,sn2025gac
Nature Chemical Engineering,NA,2948-1198,2026-05-20,NA,sn2025gac
Nature Chemistry,NA,1755-4349,2026-05-20,NA,sn2025gac
Nature Cities,NA,2731-9997,2026-05-20,NA,sn2025gac
Nature Climate Change,NA,1758-6798,2026-05-20,NA,sn2025gac
Nature Computational Science,NA,2662-8457,2026-05-20,NA,sn2025gac
Nature Ecology & Evolution,NA,2397-334X,2026-05-20,NA,sn2025gac
Nature Electronics,NA,2520-1131,2026-05-20,NA,sn2025gac
Nature Energy,NA,2058-7546,2026-05-20,NA,sn2025gac
Nature Food,NA,2662-1355,2026-05-20,NA,sn2025gac
Nature Genetics,NA,1546-1718,2026-05-20,NA,sn2025gac
Nature Geoscience,NA,1752-0908,2026-05-20,NA,sn2025gac
Nature Human Behaviour,NA,2397-3374,2026-05-20,NA,sn2025gac
Nature Immunology,NA,1529-2916,2026-05-20,NA,sn2025gac
Nature Machine Intelligence,NA,2522-5839,2026-05-20,NA,sn2025gac
Nature Materials,NA,1476-4660,2026-05-20,NA,sn2025gac
Nature Medicine,NA,1546-170X,2026-05-20,NA,sn2025gac
Nature Mental Health,NA,2731-6076,2026-05-20,NA,sn2025gac
Nature Metabolism,NA,2522-5812,2026-05-20,NA,sn2025gac
Nature Methods,NA,1548-7105,2026-05-20,NA,sn2025gac
Nature Microbiology,NA,2058-5276,2026-05-20,NA,sn2025gac
Nature Nanotechnology,NA,1748-3395,2026-05-20,NA,sn2025gac
Nature Neuroscience,NA,1546-1726,2026-05-20,NA,sn2025gac
Nature Photonics,NA,1749-4893,2026-05-20,NA,sn2025gac
Nature Physics,NA,1745-2481,2026-05-20,NA,sn2025gac
Nature Plants,NA,2055-0278,2026-05-20,NA,sn2025gac
Nature Structural & Molecular Biology,NA,1545-9985,2026-05-20,NA,sn2025gac
Nature Sustainability,NA,2398-9629,2026-05-20,NA,sn2025gac
Nature Synthesis,NA,2731-0582,2026-05-20,NA,sn2025gac
Nature Water,NA,2731-6084,2026-05-20,NA,sn2025gac
Nature Health,NA,3005-0693,2026-05-20,NA,sn2025gac
Nature Sensors,NA,3059-4499,2026-05-20,NA,sn2025gac
ABI Technik,NA,2191-4664,2026-06-12,NA,degruy2021bibsam
"Accounting, Economics, and Law: A Convivium",NA,2152-2820,2026-04-16,NA,degruy2021bibsam
Advanced Optical Technologies,NA,2192-8584,2026-04-16,NA,degruy2021bibsam
Advances in Calculus of Variations,NA,1864-8266,2026-04-16,NA,degruy2021bibsam
Advances in Geometry,NA,1615-7168,2026-04-16,NA,degruy2021bibsam
Altorientalische Forschungen,NA,2196-6761,2026-04-16,NA,degruy2021bibsam
Analyse & Kritik,NA,2365-9858,2026-04-16,NA,degruy2021bibsam
Analysis,NA,2196-6753,2026-04-16,NA,degruy2021bibsam
Angermion,NA,1868-9426,2026-04-16,NA,degruy2021bibsam
Anglia,NA,1865-8938,2026-04-16,NA,degruy2021bibsam
Antike und Abendland,NA,1613-0421,2026-04-16,NA,degruy2021bibsam
Apeiron,NA,2156-7093,2026-04-16,NA,degruy2021bibsam
Applied Linguistics Review,NA,1868-6311,2026-04-16,NA,degruy2021bibsam
Arbeit,NA,2365-984X,2026-04-16,NA,degruy2021bibsam
Arbitrium,NA,1865-8849,2026-04-16,NA,degruy2021bibsam
arcadia,NA,1613-0642,2026-04-16,NA,degruy2021bibsam
Archiv für Geschichte der Philosophie,NA,1613-0650,2026-04-16,NA,degruy2021bibsam
Archiv für Papyrusforschung und verwandte Gebiete,NA,1867-1551,2026-04-16,NA,degruy2021bibsam
Archiv für Religionsgeschichte,NA,1868-8888,2026-04-16,NA,degruy2021bibsam
Aschkenas,NA,1865-9438,2026-04-16,NA,degruy2021bibsam
Asia-Pacific Journal of Risk and Insurance,NA,2153-3792,2026-04-16,NA,degruy2021bibsam
Asian Journal of Law and Economics,NA,2154-4611,2026-04-16,NA,degruy2021bibsam
at - Automatisierungstechnik,NA,2196-677X,2026-04-16,NA,degruy2021bibsam
Basic Income Studies,NA,1932-0183,2026-04-16,NA,degruy2021bibsam
Beiträge zur Geschichte der deutschen Sprache und Literatur,NA,1865-9373,2026-04-16,NA,degruy2021bibsam
Berliner Theologische Zeitschrift,NA,2699-3414,2026-04-16,NA,degruy2021bibsam
Bibliotheksdienst,NA,2194-9646,2026-04-16,NA,degruy2021bibsam
Bio-Algorithms and Med-Systems,NA,1896-530X,2026-04-16,NA,degruy2021bibsam
Biological Chemistry,NA,1437-4315,2026-04-16,NA,degruy2021bibsam
Biomedical Engineering / Biomedizinische Technik,NA,1862-278X,2026-04-16,NA,degruy2021bibsam
Botanica Marina,NA,1437-4323,2026-04-16,NA,degruy2021bibsam
Byzantinische Zeitschrift,NA,1868-9027,2026-04-16,NA,degruy2021bibsam
Case Reports in Perinatal Medicine,NA,2192-8959,2026-04-16,NA,degruy2021bibsam
Chemical Product and Process Modeling,NA,1934-2659,2026-04-16,NA,degruy2021bibsam
Chemistry International,NA,1365-2192,2026-04-16,NA,degruy2021bibsam
Chinese as a Second Language Research,NA,2193-2271,2026-04-16,NA,degruy2021bibsam
Chinese Journal of Applied Linguistics,NA,2192-9513,2026-04-16,NA,degruy2021bibsam
Chinese Semiotic Studies,NA,2198-9613,2026-04-16,NA,degruy2021bibsam
Clinical Chemistry and Laboratory Medicine (CCLM),NA,1437-4331,2026-04-16,NA,degruy2021bibsam
Cognitive Linguistics,NA,1613-3641,2026-04-16,NA,degruy2021bibsam
Cognitive Semiotics,NA,2235-2066,2026-04-16,NA,degruy2021bibsam
Communications,NA,1613-4087,2026-04-16,NA,degruy2021bibsam
Computational Methods in Applied Mathematics,NA,1609-9389,2026-04-16,NA,degruy2021bibsam
Corpus Linguistics and Linguistic Theory,NA,1613-7035,2026-04-16,NA,degruy2021bibsam
Corrosion Reviews,NA,2191-0316,2026-04-16,NA,degruy2021bibsam
Das Mittelalter,NA,2196-6869,2026-04-16,NA,degruy2021bibsam
Der Islam,NA,1613-0928,2026-04-16,NA,degruy2021bibsam
Deutsche Zeitschrift für Philosophie,NA,2192-1482,2026-04-16,NA,degruy2021bibsam
Deutsche Zeitschrift für Wirtschafts- und Insolvenzrecht,NA,1612-7056,2026-04-16,NA,degruy2021bibsam
Deutsches Dante-Jahrbuch,NA,2194-4059,2026-04-16,NA,degruy2021bibsam
Diagnosis,NA,2194-802X,2026-04-16,NA,degruy2021bibsam
Dialectologia et Geolinguistica,NA,1867-0903,2026-04-16,NA,degruy2021bibsam
Discrete Mathematics and Applications,NA,1569-3929,2026-04-16,NA,degruy2021bibsam
Drug Metabolism and Personalized Therapy,NA,2363-8915,2026-04-16,NA,degruy2021bibsam
editio,NA,1865-9446,2026-04-16,NA,degruy2021bibsam
Elenchos,NA,2037-7177,2026-04-16,NA,degruy2021bibsam
Energy Harvesting and Systems,NA,2329-8766,2026-04-16,NA,degruy2021bibsam
Entrepreneurship Research Journal,NA,2157-5665,2026-04-16,NA,degruy2021bibsam
Epidemiologic Methods,NA,2161-962X,2026-04-16,NA,degruy2021bibsam
Etruscan and Italic Studies,NA,2566-9109,2026-04-16,NA,degruy2021bibsam
European Company and Financial Law Review,NA,1613-2556,2026-04-16,NA,degruy2021bibsam
European Journal of Applied Linguistics,NA,2192-953X,2026-04-16,NA,degruy2021bibsam
European Journal of Scandinavian Studies,NA,2191-9402,2026-04-16,NA,degruy2021bibsam
European Property Law Journal,NA,2190-8362,2026-04-16,NA,degruy2021bibsam
European Review of Contract Law,NA,1614-9939,2026-04-16,NA,degruy2021bibsam
European Tort Law Yearbook,NA,2190-7781,2026-04-16,NA,degruy2021bibsam
Fabula,NA,1613-0464,2026-04-16,NA,degruy2021bibsam
Feministische Studien,NA,2365-9920,2026-04-16,NA,degruy2021bibsam
Folia Linguistica,NA,1614-7308,2026-04-16,NA,degruy2021bibsam
Forschungsjournal Soziale Bewegungen,NA,2365-9890,2026-04-16,NA,degruy2021bibsam
Forum for Health Economics & Policy,NA,1558-9544,2026-04-16,NA,degruy2021bibsam
Forum Mathematicum,NA,1435-5337,2026-04-16,NA,degruy2021bibsam
Fractional Calculus and Applied Analysis,NA,1314-2224,2026-04-16,NA,degruy2021bibsam
Frequenz,NA,2191-6349,2026-04-16,NA,degruy2021bibsam
Frühmittelalterliche Studien,NA,1613-0812,2026-04-16,NA,degruy2021bibsam
Georgian Mathematical Journal,NA,1572-9176,2026-04-16,NA,degruy2021bibsam
German Economic Review,NA,1468-0475,2026-04-16,NA,degruy2021bibsam
Global Chinese,NA,2199-4382,2026-04-16,NA,degruy2021bibsam
Global Jurist,NA,1934-2640,2026-04-16,NA,degruy2021bibsam
Glottotheory,NA,2196-6907,2026-04-16,NA,degruy2021bibsam
Helia,NA,2197-0483,2026-04-16,NA,degruy2021bibsam
Historische Zeitschrift,NA,2196-680X,2026-04-16,NA,degruy2021bibsam
Holzforschung,NA,1437-434X,2026-04-16,NA,degruy2021bibsam
Hormone Molecular Biology and Clinical Investigation,NA,1868-1891,2026-04-16,NA,degruy2021bibsam
Human Affairs,NA,1337-401X,2026-04-16,NA,degruy2021bibsam
HUMOR,NA,1613-3722,2026-04-16,NA,degruy2021bibsam
i-com,NA,2196-6826,2026-04-16,NA,degruy2021bibsam
Iberoromania,NA,1865-9039,2026-04-16,NA,degruy2021bibsam
ICL Journal,NA,1995-5855,2026-04-16,NA,degruy2021bibsam
Indogermanische Forschungen,NA,1613-0405,2026-04-16,NA,degruy2021bibsam
Information - Wissenschaft & Praxis,NA,1619-4292,2026-04-16,NA,degruy2021bibsam
Informationen Deutsch als Fremdsprache,NA,2511-0853,2026-04-16,NA,degruy2021bibsam
Intercultural Pragmatics,NA,1613-365X,2026-04-16,NA,degruy2021bibsam
International Journal of Adolescent Medicine and Health,NA,2191-0278,2026-04-16,NA,degruy2021bibsam
International Journal of Chemical Reactor Engineering,NA,1542-6580,2026-04-16,NA,degruy2021bibsam
International Journal of Emerging Electric Power Systems,NA,1553-779X,2026-04-16,NA,degruy2021bibsam
International Journal of Food Engineering,NA,1556-3758,2026-04-16,NA,degruy2021bibsam
International Journal of Legal Discourse,NA,2364-883X,2026-04-16,NA,degruy2021bibsam
International Journal of Nonlinear Sciences and Numerical Simulation,NA,2191-0294,2026-04-16,NA,degruy2021bibsam
International Journal of Nursing Education Scholarship,NA,1548-923X,2026-04-16,NA,degruy2021bibsam
International Journal of Practical Theology,NA,1612-9768,2026-04-16,NA,degruy2021bibsam
International Journal of the Sociology of Language,NA,1613-3668,2026-04-16,NA,degruy2021bibsam
International Journal of Turbo & Jet-Engines,NA,2191-0332,2026-04-16,NA,degruy2021bibsam
International Public History,NA,2567-1111,2026-04-16,NA,degruy2021bibsam
International Review of Applied Linguistics in Language Teaching,NA,1613-4141,2026-04-16,NA,degruy2021bibsam
Internationales Archiv für Sozialgeschichte der deutschen Literatur,NA,1865-9128,2026-04-16,NA,degruy2021bibsam
Internationales Jahrbuch für Medienphilosophie,NA,2196-6834,2026-04-16,NA,degruy2021bibsam
Internationales Jahrbuch für philosophische Anthropologie,NA,2192-4287,2026-04-16,NA,degruy2021bibsam
it - Information Technology,NA,2196-7032,2026-04-16,NA,degruy2021bibsam
Jahrbuch der Juristischen Zeitgeschichte,NA,1869-6902,2026-04-16,NA,degruy2021bibsam
Jahrbuch der Raabe-Gesellschaft,NA,1865-8857,2026-04-16,NA,degruy2021bibsam
Jahrbuch für die Geschichte Mittel- und Ostdeutschlands,NA,2191-9909,2026-04-16,NA,degruy2021bibsam
Jahrbuch für Germanistische Sprachgeschichte,NA,1869-7046,2026-04-16,NA,degruy2021bibsam
Jahrbuch für Wirtschaftsgeschichte / Economic History Yearbook,NA,2196-6842,2026-04-16,NA,degruy2021bibsam
Jahrbuch für Wissenschaft und Ethik,NA,1613-1142,2026-04-16,NA,degruy2021bibsam
Jahrbücher für Nationalökonomie und Statistik,NA,2366-049X,2026-04-16,NA,degruy2021bibsam
Journal der Juristischen Zeitgeschichte,NA,1868-8810,2026-04-16,NA,degruy2021bibsam
Journal des Économistes et des Études Humaines,NA,2153-1552,2026-04-16,NA,degruy2021bibsam
Journal for the History of Modern Theology / Zeitschrift für Neuere Theologieges-chichte,NA,1612-9776,2026-04-16,NA,degruy2021bibsam
Journal für die reine und angewandte Mathematik,NA,1435-5345,2026-04-16,NA,degruy2021bibsam
Journal of African Languages and Linguistics,NA,1613-3811,2026-04-16,NA,degruy2021bibsam
Journal of Agricultural & Food Industrial Organization,NA,1542-0485,2026-04-16,NA,degruy2021bibsam
Journal of Ancient History,NA,2324-8114,2026-04-16,NA,degruy2021bibsam
Journal of Ancient Near Eastern History,NA,2328-9562,2026-04-16,NA,degruy2021bibsam
Journal of Applied Analysis,NA,1869-6082,2026-04-16,NA,degruy2021bibsam
Journal of Applied Geodesy,NA,1862-9024,2026-04-16,NA,degruy2021bibsam
Journal of Basic and Clinical Physiology and Pharmacology,NA,2191-0286,2026-04-16,NA,degruy2021bibsam
"Journal of Biosecurity, Biosafety and Biodefense Law",NA,2154-3186,2026-04-16,NA,degruy2021bibsam
Journal of Business Valuation and Economic Loss Analysis,NA,1932-9156,2026-04-16,NA,degruy2021bibsam
Journal of Complementary and Integrative Medicine,NA,1553-3840,2026-04-16,NA,degruy2021bibsam
Journal of Contemporary Drama in English,NA,2195-0164,2026-04-16,NA,degruy2021bibsam
Journal of Drug Policy Analysis,NA,1941-2851,2026-04-16,NA,degruy2021bibsam
Journal of Early Modern Christianity,NA,2196-6656,2026-04-16,NA,degruy2021bibsam
Journal of Econometric Methods,NA,2156-6674,2026-04-16,NA,degruy2021bibsam
Journal of English as a Lingua Franca,NA,2191-933X,2026-04-16,NA,degruy2021bibsam
Journal of European Tort Law,NA,1868-9620,2026-04-16,NA,degruy2021bibsam
Journal of Globalization and Development,NA,1948-1837,2026-04-16,NA,degruy2021bibsam
Journal of Group Theory,NA,1435-4446,2026-04-16,NA,degruy2021bibsam
Journal of Historical Sociolinguistics,NA,2199-2908,2026-04-16,NA,degruy2021bibsam
Journal of Homeland Security and Emergency Management,NA,1547-7355,2026-04-16,NA,degruy2021bibsam
Journal of Imagery Research in Sport and Physical Activity,NA,1932-0191,2026-04-16,NA,degruy2021bibsam
Journal of Inverse and Ill-posed Problems,NA,1569-3945,2026-04-16,NA,degruy2021bibsam
Journal of Japanese Linguistics,NA,2512-1413,2026-04-16,NA,degruy2021bibsam
Journal of Latin Linguistics,NA,2194-8747,2026-04-16,NA,degruy2021bibsam
Journal of Literary Semantics,NA,1613-3838,2026-04-16,NA,degruy2021bibsam
Journal of Literary Theory,NA,1862-8990,2026-04-16,NA,degruy2021bibsam
Journal of Non-Equilibrium Thermodynamics,NA,1437-4358,2026-04-16,NA,degruy2021bibsam
Journal of Numerical Mathematics,NA,1569-3953,2026-04-16,NA,degruy2021bibsam
Journal of Optical Communications,NA,2191-6322,2026-04-16,NA,degruy2021bibsam
Journal of Pediatric Endocrinology and Metabolism,NA,2191-0251,2026-04-16,NA,degruy2021bibsam
Journal of Perinatal Medicine,NA,1619-3997,2026-04-16,NA,degruy2021bibsam
Journal of Politeness Research,NA,1613-4877,2026-04-16,NA,degruy2021bibsam
Journal of Polymer Engineering,NA,2191-0340,2026-04-16,NA,degruy2021bibsam
Journal of Quantitative Analysis in Sports,NA,1559-0410,2026-04-16,NA,degruy2021bibsam
Journal of South Asian Languages and Linguistics,NA,2196-078X,2026-04-16,NA,degruy2021bibsam
Journal of the Bible and its Reception,NA,2329-4434,2026-04-16,NA,degruy2021bibsam
Journal of the International Arthurian Society,NA,2196-9361,2026-04-16,NA,degruy2021bibsam
Journal of Time Series Econometrics,NA,1941-1928,2026-04-16,NA,degruy2021bibsam
Journal of Tort Law,NA,1932-9148,2026-04-16,NA,degruy2021bibsam
Journal of Transcendental Philosophy,NA,2626-8329,2026-04-16,NA,degruy2021bibsam
JURA - Juristische Ausbildung,NA,1612-7021,2026-04-16,NA,degruy2021bibsam
Juristische Rundschau,NA,1612-7064,2026-04-16,NA,degruy2021bibsam
Kant Yearbook,NA,1868-4602,2026-04-16,NA,degruy2021bibsam
Kant-Studien,NA,1613-1134,2026-04-16,NA,degruy2021bibsam
Kierkegaard Studies Yearbook,NA,1612-9792,2026-04-16,NA,degruy2021bibsam
Klio,NA,2192-7669,2026-04-16,NA,degruy2021bibsam
Kritikon Litterarum,NA,1865-7249,2026-04-16,NA,degruy2021bibsam
Language Learning in Higher Education,NA,2191-6128,2026-04-16,NA,degruy2021bibsam
Law & Ethics of Human Rights,NA,1938-2545,2026-04-16,NA,degruy2021bibsam
Lebende Sprachen,NA,1868-0267,2026-04-16,NA,degruy2021bibsam
Lexicographica,NA,1865-9403,2026-04-16,NA,degruy2021bibsam
Libri,NA,1865-8423,2026-04-16,NA,degruy2021bibsam
Linguistic Typology,NA,1613-415X,2026-04-16,NA,degruy2021bibsam
Linguistics,NA,1613-396X,2026-04-16,NA,degruy2021bibsam
Linguistics Vanguard,NA,2199-174X,2026-04-16,NA,degruy2021bibsam
Lodz Papers in Pragmatics,NA,1898-4436,2026-04-16,NA,degruy2021bibsam
Mammalia,NA,1864-1547,2026-04-16,NA,degruy2021bibsam
Man and the Economy,NA,2196-9647,2026-04-16,NA,degruy2021bibsam
Mathematica Slovaca medizinische genetik,NA,1337-2211,2026-04-16,NA,degruy2021bibsam
Metaphysica,NA,1874-6373,2026-04-16,NA,degruy2021bibsam
Militärgeschichtliche Zeitschrift,NA,2196-6850,2026-04-16,NA,degruy2021bibsam
Millennium,NA,1867-0318,2026-04-16,NA,degruy2021bibsam
Monatsschrift für Kriminologie und Strafrechtsreform,NA,2366-1968,2026-04-16,NA,degruy2021bibsam
Monte Carlo Methods and Applications,NA,1569-3961,2026-04-16,NA,degruy2021bibsam
Moral Philosophy and Politics,NA,2194-5624,2026-04-16,NA,degruy2021bibsam
Multicultural Learning and Teaching,NA,2161-2412,2026-04-16,NA,degruy2021bibsam
Multilingua,NA,1613-3684,2026-04-16,NA,degruy2021bibsam
Multimodal Communication,NA,2230-6587,2026-04-16,NA,degruy2021bibsam
Muslim World Journal of Human Rights,NA,1554-4419,2026-04-16,NA,degruy2021bibsam
Naharaim,NA,1862-9156,2026-04-16,NA,degruy2021bibsam
Neue Zeitschrift für Systematische Theologie und Religionsphilosophie,NA,1612-9520,2026-04-16,NA,degruy2021bibsam
Neuroforum,NA,2363-7013,2026-04-16,NA,degruy2021bibsam
New Global Studies,NA,1940-0004,2026-04-16,NA,degruy2021bibsam
Nietzsche-Studien,NA,1613-0790,2026-04-16,NA,degruy2021bibsam
Nietzscheforschung,NA,2191-9259,2026-04-16,NA,degruy2021bibsam
Nordic Pulp & Paper Research Journal,NA,2000-0669,2026-04-16,NA,degruy2021bibsam
Oceanological and Hydrobiological Studies,NA,1897-3191,2026-04-16,NA,degruy2021bibsam
ORDO,NA,2366-0481,2026-04-16,NA,degruy2021bibsam
Orientalistische Literaturzeitung,NA,2196-6877,2026-04-16,NA,degruy2021bibsam
"Peace Economics, Peace Science and Public Policy",NA,1554-8597,2026-04-16,NA,degruy2021bibsam
Perspektiven der Wirtschaftspolitik,NA,1468-2516,2026-04-16,NA,degruy2021bibsam
Philologus,NA,2196-7008,2026-04-16,NA,degruy2021bibsam
Physical Sciences Reviews,NA,2365-659X,2026-04-16,NA,degruy2021bibsam
Pólemos,NA,2036-4601,2026-04-16,NA,degruy2021bibsam
Poznan Studies in Contemporary Linguistics,NA,1897-7499,2026-04-16,NA,degruy2021bibsam
Praehistorische Zeitschrift,NA,1613-0804,2026-04-16,NA,degruy2021bibsam
"Preservation, Digital Technology & Culture (PDT&C)",NA,2195-2965,2026-04-16,NA,degruy2021bibsam
Probus,NA,1613-4079,2026-04-16,NA,degruy2021bibsam
Public Health Forum,NA,1876-4851,2026-04-16,NA,degruy2021bibsam
Pure and Applied Chemistry,NA,1365-3075,2026-04-16,NA,degruy2021bibsam
Quellen und Forschungen aus italienischen Archiven und Bibliotheken,NA,1865-8865,2026-04-16,NA,degruy2021bibsam
Radiochimica Acta,NA,2193-3405,2026-04-16,NA,degruy2021bibsam
Random Operators and Stochastic Equations,NA,1569-397X,2026-04-16,NA,degruy2021bibsam
Restaurator. International Journal for the Preservation of Library and Archival Ma-terial,NA,1865-8431,2026-04-16,NA,degruy2021bibsam
Review of Economics,NA,2366-035X,2026-04-16,NA,degruy2021bibsam
Review of Law & Economics,NA,1555-5879,2026-04-16,NA,degruy2021bibsam
Review of Marketing Science,NA,1546-5616,2026-04-16,NA,degruy2021bibsam
Review of Middle East Economics and Finance,NA,1475-3693,2026-04-16,NA,degruy2021bibsam
Review of Network Economics,NA,1446-9022,2026-04-16,NA,degruy2021bibsam
Reviews in Chemical Engineering,NA,2191-0235,2026-04-16,NA,degruy2021bibsam
Reviews in Inorganic Chemistry,NA,2191-0227,2026-04-16,NA,degruy2021bibsam
Reviews in the Neurosciences,NA,2191-0200,2026-04-16,NA,degruy2021bibsam
Reviews on Environmental Health,NA,2191-0308,2026-04-16,NA,degruy2021bibsam
Rhetorik,NA,1865-9160,2026-04-16,NA,degruy2021bibsam
Romanische Bibliographie,NA,1865-9055,2026-04-16,NA,degruy2021bibsam
Romanistisches Jahrbuch,NA,1613-0413,2026-04-16,NA,degruy2021bibsam
Russian Journal of Numerical Analysis and Mathematical Modelling,NA,1569-3988,2026-04-16,NA,degruy2021bibsam
SATS,NA,1869-7577,2026-04-16,NA,degruy2021bibsam
Scandinavian Journal of Pain,NA,1877-8879,2026-04-16,NA,degruy2021bibsam
Scientia Poetica,NA,1868-9418,2026-04-16,NA,degruy2021bibsam
Semiotica,NA,1613-3692,2026-04-16,NA,degruy2021bibsam
SIRIUS – Zeitschrift für Strategische Analysen,NA,2510-2648,2026-04-16,NA,degruy2021bibsam
Sociolinguistica,NA,1865-939X,2026-04-16,NA,degruy2021bibsam
Soziale Systeme,NA,2366-0473,2026-04-16,NA,degruy2021bibsam
Sozialer Sinn,NA,2366-0228,2026-04-16,NA,degruy2021bibsam
Soziologische Revue,NA,2196-7024,2026-04-16,NA,degruy2021bibsam
Spiritual Care,NA,2365-8185,2026-04-16,NA,degruy2021bibsam
Sport und Gesellschaft,NA,2366-0465,2026-04-16,NA,degruy2021bibsam
Statistical Applications in Genetics and Molecular Biology,NA,1544-6115,2026-04-16,NA,degruy2021bibsam
Statistical Communications in Infectious Diseases,NA,1948-4690,2026-04-16,NA,degruy2021bibsam
Statistics & Risk Modeling,NA,2196-7040,2026-04-16,NA,degruy2021bibsam
"Statistics, Politics and Policy",NA,2151-7509,2026-04-16,NA,degruy2021bibsam
Stochastics and Quality Control,NA,2367-2404,2026-04-16,NA,degruy2021bibsam
Studies in Hispanic and Lusophone Linguistics,NA,2199-3386,2026-04-16,NA,degruy2021bibsam
Studies in Nonlinear Dynamics & Econometrics,NA,1558-3708,2026-04-16,NA,degruy2021bibsam
STUF - Language Typology and Universals,NA,2196-7148,2026-04-16,NA,degruy2021bibsam
Südost-Forschungen,NA,2364-9321,2026-04-16,NA,degruy2021bibsam
Text & Talk,NA,1860-7349,2026-04-16,NA,degruy2021bibsam
The African Book Publishing Record,NA,1865-8717,2026-04-16,NA,degruy2021bibsam
The B.E. Journal of Economic Analysis & Policy,NA,1935-1682,2026-04-16,NA,degruy2021bibsam
The B.E. Journal of Macroeconomics,NA,1935-1690,2026-04-16,NA,degruy2021bibsam
The B.E. Journal of Theoretical Economics,NA,1935-1704,2026-04-16,NA,degruy2021bibsam
The Economists’ Voice,NA,1553-3832,2026-04-16,NA,degruy2021bibsam
The Forum,NA,1540-8884,2026-04-16,NA,degruy2021bibsam
The International Journal of Biostatistics,NA,1557-4679,2026-04-16,NA,degruy2021bibsam
The Linguistic Review,NA,1613-3676,2026-04-16,NA,degruy2021bibsam
Theoretical Inquiries in Law,NA,1565-3404,2026-04-16,NA,degruy2021bibsam
Theoretical Linguistics,NA,1613-4060,2026-04-16,NA,degruy2021bibsam
tm - Technisches Messen,NA,2196-7113,2026-04-16,NA,degruy2021bibsam
Trends in Classics,NA,1866-7481,2026-04-16,NA,degruy2021bibsam
Wittgenstein-Studien,NA,1868-7458,2026-04-16,NA,degruy2021bibsam
Yearbook for Eastern and Western Philosophy,NA,2196-5897,2026-04-16,NA,degruy2021bibsam
Yearbook for European Jewish Literature Studies,NA,2196-6257,2026-04-16,NA,degruy2021bibsam
Yearbook of Phraseology,NA,1868-6338,2026-04-16,NA,degruy2021bibsam
Yearbook of the German Cognitive Linguistics Association,NA,2197-2796,2026-04-16,NA,degruy2021bibsam
Zeitschrift für Ägyptische Sprache und Altertumskunde,NA,2196-713X,2026-04-16,NA,degruy2021bibsam
Zeitschrift für Angewandte Linguistik,NA,2190-0191,2026-04-16,NA,degruy2021bibsam
Zeitschrift für Anglistik und Amerikanistik,NA,2196-4726,2026-04-16,NA,degruy2021bibsam
Zeitschrift für Antikes Christentum / Journal of Ancient Christianity,NA,1612-961X,2026-04-16,NA,degruy2021bibsam
Zeitschrift für Assyriologie und Vorderasiatische Archäologie,NA,1613-1150,2026-04-16,NA,degruy2021bibsam
Zeitschrift für celtische Philologie,NA,1865-889X,2026-04-16,NA,degruy2021bibsam
Zeitschrift für das gesamte Genossenschaftswesen,NA,2366-0414,2026-04-16,NA,degruy2021bibsam
Zeitschrift für die alttestamentliche Wissenschaft,NA,1613-0103,2026-04-16,NA,degruy2021bibsam
Zeitschrift für die gesamte Strafrechtswissenschaft,NA,1612-703X,2026-04-16,NA,degruy2021bibsam
Zeitschrift für die neutestamentliche Wissenschaft,NA,1613-009X,2026-04-16,NA,degruy2021bibsam
Zeitschrift für germanistische Linguistik,NA,1613-0626,2026-04-16,NA,degruy2021bibsam
Zeitschrift für Kristallographie - Crystalline Materials,NA,2196-7105,2026-04-16,NA,degruy2021bibsam
Zeitschrift für Naturforschung A,NA,1865-7109,2026-04-16,NA,degruy2021bibsam
Zeitschrift für Naturforschung B,NA,1865-7117,2026-04-16,NA,degruy2021bibsam
Zeitschrift für Naturforschung C,NA,1865-7125,2026-04-16,NA,degruy2021bibsam
Zeitschrift für Pädagogik und Theologie,NA,2366-7796,2026-04-16,NA,degruy2021bibsam
Zeitschrift für Physikalische Chemie,NA,2196-7156,2026-04-16,NA,degruy2021bibsam
Zeitschrift für Rechtssoziologie,NA,2366-0392,2026-04-16,NA,degruy2021bibsam
Zeitschrift für Religionswissenschaft,NA,2194-508X,2026-04-16,NA,degruy2021bibsam
Zeitschrift für romanische Philologie,NA,1865-9063,2026-04-16,NA,degruy2021bibsam
Zeitschrift für Slawistik,NA,2196-7016,2026-04-16,NA,degruy2021bibsam
Zeitschrift für Sozialreform,NA,2366-0295,2026-04-16,NA,degruy2021bibsam
Zeitschrift für Soziologie,NA,2366-0325,2026-04-16,NA,degruy2021bibsam
Zeitschrift für Tourismuswissenschaft,NA,2366-0406,2026-04-16,NA,degruy2021bibsam
Zeitschrift für Unternehmensgeschichte,NA,2367-2293,2026-04-16,NA,degruy2021bibsam
Zeitschrift für Wirtschaftsgeographie,NA,2365-7693,2026-04-16,NA,degruy2021bibsam
Zeitschrift für Wirtschaftspolitik,NA,2366-0317,2026-04-16,NA,degruy2021bibsam
Abstracts in Anthropology,0001-3455,1557-5136,2026-04-17,NA,sage2026czelib
Acta Sociologica,0001-6993,1502-3869,2026-04-17,NA,sage2026czelib
Administrative Science Quarterly,0001-8392,1930-3815,2026-04-17,NA,sage2026czelib
The ANNALS of the American Academy of Political and Social Science,0002-7162,1552-3349,2026-04-17,NA,sage2026czelib
American Behavioral Scientist,0002-7642,1552-3381,2026-04-17,NA,sage2026czelib
American Educational Research Journal,0002-8312,1935-1011,2026-04-17,NA,sage2026czelib
Journal of the American Psychoanalytic Association,0003-0651,1941-2460,2026-04-17,NA,sage2026czelib
American Sociological Review,0003-1224,1939-8271,2026-04-17,NA,sage2026czelib
American String Teacher,0003-1313,2515-4842,2026-04-17,NA,sage2026czelib
Anglican Theological Review,0003-3286,2163-6214,2026-04-17,NA,sage2026czelib
The Antitrust Bulletin,0003-603X,1930-7969,2026-04-17,NA,sage2026czelib
Australian Journal of Education,0004-9441,2050-5884,2026-04-17,NA,sage2026czelib
Business & Society,0007-6503,1552-4205,2026-04-17,NA,sage2026czelib
Calcutta Statistical Association Bulletin,0008-0683,2456-6462,2026-04-17,NA,sage2026czelib
California Management Review,0008-1256,2162-8564,2026-04-17,NA,sage2026czelib
Studies in Religion/Sciences Religieuses,0008-4298,2042-0587,2026-04-17,NA,sage2026czelib
China Report,0009-4455,0973-063X,2026-04-17,NA,sage2026czelib
Comparative Political Studies,0010-4140,1552-3829,2026-04-17,NA,sage2026czelib
Cooperation and Conflict,0010-8367,1460-3691,2026-04-17,NA,sage2026czelib
The Counseling Psychologist,0011-0000,1552-3861,2026-04-17,NA,sage2026czelib
Crime & Delinquency,0011-1287,1552-387X,2026-04-17,NA,sage2026czelib
A Current Bibliography on African Affairs,0011-3255,2376-6662,2026-04-17,NA,sage2026czelib
Current Sociology,0011-3921,1461-7064,2026-04-17,NA,sage2026czelib
The Downside Review,0012-5806,2397-3498,2026-04-17,NA,sage2026czelib
Education and Urban Society,0013-1245,1552-3535,2026-04-17,NA,sage2026czelib
Educational Administration Quarterly,0013-161X,1552-3519,2026-04-17,NA,sage2026czelib
Educational and Psychological Measurement,0013-1644,1552-3888,2026-04-17,NA,sage2026czelib
Educational Researcher,0013-189X,1935-102X,2026-04-17,NA,sage2026czelib
Environment and Behavior,0013-9165,1552-390X,2026-04-17,NA,sage2026czelib
Exceptional Children,0014-4029,2163-5560,2026-04-17,NA,sage2026czelib
The Expository Times,0014-5246,1745-5308,2026-04-17,NA,sage2026czelib
Forum Italicum,0014-5858,2168-989X,2026-04-17,NA,sage2026czelib
Foreign Trade Review,0015-7325,0971-7625,2026-04-17,NA,sage2026czelib
Gifted Child Quarterly,0016-9862,1934-9041,2026-04-17,NA,sage2026czelib
Health Education Journal,0017-8969,1748-8176,2026-04-17,NA,sage2026czelib
Human Factors,0018-7208,1547-8181,2026-04-17,NA,sage2026czelib
Human Relations,0018-7267,1741-282X,2026-04-17,NA,sage2026czelib
The Indian Economic and Social History Review,0019-4646,0973-0893,2026-04-17,NA,sage2026czelib
The Indian Economic Journal,0019-4662,2631-617X,2026-04-17,NA,sage2026czelib
Indian Journal of Public Administration,0019-5561,2457-0222,2026-04-17,NA,sage2026czelib
ILR Review,0019-7939,2162-271X,2026-04-17,NA,sage2026czelib
International Journal,0020-7020,2052-465X,2026-04-17,NA,sage2026czelib
International Journal of Comparative Sociology,0020-7152,1745-2554,2026-04-17,NA,sage2026czelib
International Journal of Social Psychiatry,0020-7640,1741-2854,2026-04-17,NA,sage2026czelib
International Political Science Abstracts,0020-8345,1751-9292,2026-04-17,NA,sage2026czelib
International Review of Administrative Sciences,0020-8523,1461-7226,2026-04-17,NA,sage2026czelib
International Social Work,0020-8728,1461-7234,2026-04-17,NA,sage2026czelib
International Studies,0020-8817,0973-0702,2026-04-17,NA,sage2026czelib
Interpretation,0020-9643,2159-340X,2026-04-17,NA,sage2026czelib
Irish Theological Quarterly,0021-1400,1752-4989,2026-04-17,NA,sage2026czelib
Journal for the History of Astronomy,0021-8286,1753-8556,2026-04-17,NA,sage2026czelib
The Journal of Applied Behavioral Science,0021-8863,1552-6879,2026-04-17,NA,sage2026czelib
Journal of Asian and African Studies,0021-9096,1745-2538,2026-04-17,NA,sage2026czelib
Journal of Black Studies,0021-9347,1552-4566,2026-04-17,NA,sage2026czelib
Journal of Conflict Resolution,0022-0027,1552-8766,2026-04-17,NA,sage2026czelib
Journal of Contemporary History,0022-0094,1461-7250,2026-04-17,NA,sage2026czelib
The Journal of Criminal Law,0022-0183,1740-5580,2026-04-17,NA,sage2026czelib
Journal of Cross-Cultural Psychology,0022-0221,1552-5422,2026-04-17,NA,sage2026czelib
Journal of Education,0022-0574,2515-5741,2026-04-17,NA,sage2026czelib
Journal of Health and Social Behavior,0022-1465,2150-6000,2026-04-17,NA,sage2026czelib
Journal of Humanistic Psychology,0022-1678,1552-650X,2026-04-17,NA,sage2026czelib
Journal of Industrial Relations,0022-1856,1472-9296,2026-04-17,NA,sage2026czelib
Journal of Learning Disabilities,0022-2194,1538-4780,2026-04-17,NA,sage2026czelib
Journal of Marketing,0022-2429,1547-7185,2026-04-17,NA,sage2026czelib
Journal of Marketing Research,0022-2437,1547-7193,2026-04-17,NA,sage2026czelib
Journal of Research in Crime and Delinquency,0022-4278,1552-731X,2026-04-17,NA,sage2026czelib
Journal of Research in Music Education,0022-4294,1945-0095,2026-04-17,NA,sage2026czelib
The Journal of Special Education,0022-4669,1538-4764,2026-04-17,NA,sage2026czelib
Journal of Teacher Education,0022-4871,1552-7816,2026-04-17,NA,sage2026czelib
The Journal of Transport History,0022-5266,1759-3999,2026-04-17,NA,sage2026czelib
Language and Speech,0023-8309,1756-6053,2026-04-17,NA,sage2026czelib
The Linacre Quarterly,0024-3639,2050-8549,2026-04-17,NA,sage2026czelib
Margin: The Journal of Applied Economic Research,0025-2921,0973-8029,2026-04-17,NA,sage2026czelib
"Medicine, Science and the Law",0025-8024,2042-1818,2026-04-17,NA,sage2026czelib
Medico-Legal Journal,0025-8172,2042-1834,2026-04-17,NA,sage2026czelib
Music Educators Journal,0027-4321,1945-0087,2026-04-17,NA,sage2026czelib
OMEGA - Journal of Death and Dying,0030-2228,1541-3764,2026-04-17,NA,sage2026czelib
Outlook on Agriculture,0030-7270,2043-6866,2026-04-17,NA,sage2026czelib
Perceptual and Motor Skills,0031-5125,1558-688X,2026-04-17,NA,sage2026czelib
Phi Delta Kappan,0031-7217,1940-6487,2026-04-17,NA,sage2026czelib
The Police Journal,0032-258X,1740-5599,2026-04-17,NA,sage2026czelib
Political Studies,0032-3217,1467-9248,2026-04-17,NA,sage2026czelib
Politics & Society,0032-3292,1552-7514,2026-04-17,NA,sage2026czelib
The Prison Journal,0032-8855,1552-7522,2026-04-17,NA,sage2026czelib
Psychological Reports,0033-2941,1558-691X,2026-04-17,NA,sage2026czelib
RELC Journal,0033-6882,1745-526X,2026-04-17,NA,sage2026czelib
Rehabilitation Counseling Bulletin,0034-3552,1538-4853,2026-04-17,NA,sage2026czelib
Research in Education,0034-5237,2050-4608,2026-04-17,NA,sage2026czelib
Review & Expositor,0034-6373,2052-9449,2026-04-17,NA,sage2026czelib
The Review of Black Political Economy,0034-6446,1936-4814,2026-04-17,NA,sage2026czelib
Review of Educational Research,0034-6543,1935-1046,2026-04-17,NA,sage2026czelib
Review of Religious Research,0034-673X,2211-4866,2026-04-17,NA,sage2026czelib
Science & Society,0036-8237,1943-2801,2026-04-17,NA,sage2026czelib
Social Compass,0037-7686,1461-7404,2026-04-17,NA,sage2026czelib
Sociological Bulletin,0038-0229,2457-0257,2026-04-17,NA,sage2026czelib
The Sociological Review,0038-0261,1467-954X,2026-04-17,NA,sage2026czelib
Sociology,0038-0385,1469-8684,2026-04-17,NA,sage2026czelib
Sociology of Education,0038-0407,1939-8573,2026-04-17,NA,sage2026czelib
Studia Liturgica,0039-3207,2517-4797,2026-04-17,NA,sage2026czelib
TEACHING Exceptional Children,0040-0599,2163-5684,2026-04-17,NA,sage2026czelib
Textile Research Journal,0040-5175,1746-7748,2026-04-17,NA,sage2026czelib
Theological Studies,0040-5639,2169-1304,2026-04-17,NA,sage2026czelib
Theology,0040-571X,2044-2696,2026-04-17,NA,sage2026czelib
Theology Today,0040-5736,2044-2556,2026-04-17,NA,sage2026czelib
Urban Education,0042-0859,1552-8340,2026-04-17,NA,sage2026czelib
Urban Studies,0042-0980,1360-063X,2026-04-17,NA,sage2026czelib
Youth & Society,0044-118X,1552-8499,2026-04-17,NA,sage2026czelib
International Relations,0047-1178,1741-2862,2026-04-17,NA,sage2026czelib
Journal of Drug Education,0047-2379,1541-4159,2026-04-17,NA,sage2026czelib
Journal of Educational Technology Systems,0047-2395,1541-3810,2026-04-17,NA,sage2026czelib
Journal of European Studies,0047-2441,1740-2379,2026-04-17,NA,sage2026czelib
Journal of Technical Writing and Communication,0047-2816,1541-3780,2026-04-17,NA,sage2026czelib
Journal of Travel Research,0047-2875,1552-6763,2026-04-17,NA,sage2026czelib
Philosophy of the Social Sciences,0048-3931,1552-7441,2026-04-17,NA,sage2026czelib
Social Change,0049-0857,0976-3538,2026-04-17,NA,sage2026czelib
Sociological Methods & Research,0049-1241,1552-8294,2026-04-17,NA,sage2026czelib
Contributions to Indian Sociology,0069-9659,0973-0648,2026-04-17,NA,sage2026czelib
History of Science,0073-2753,1753-8564,2026-04-17,NA,sage2026czelib
Journal of English Linguistics,0075-4242,1552-5457,2026-04-17,NA,sage2026czelib
Sociological Methodology,0081-1750,1467-9531,2026-04-17,NA,sage2026czelib
South African Journal of Psychology,0081-2463,2078-8208,2026-04-17,NA,sage2026czelib
Archive for the Psychology of Religion,0084-6724,1573-6121,2026-04-17,NA,sage2026czelib
Political Theory,0090-5917,1552-7476,2026-04-17,NA,sage2026czelib
Public Personnel Management,0091-0260,1945-7421,2026-04-17,NA,sage2026czelib
The International Journal of Psychiatry in Medicine,0091-2174,1541-3527,2026-04-17,NA,sage2026czelib
The International Journal of Aging and Human Development,0091-4150,1541-3535,2026-04-17,NA,sage2026czelib
Contemporary Drug Problems,0091-4509,2163-1808,2026-04-17,NA,sage2026czelib
Community College Review,0091-5521,1940-2325,2026-04-17,NA,sage2026czelib
Journal of Psychology and Theology,0091-6471,2328-1162,2026-04-17,NA,sage2026czelib
Review of Research in Education,0091-732X,1935-1038,2026-04-17,NA,sage2026czelib
Missiology,0091-8296,2051-3623,2026-04-17,NA,sage2026czelib
Teaching Sociology,0092-055X,1939-862X,2026-04-17,NA,sage2026czelib
Communication Research,0093-6502,1552-3810,2026-04-17,NA,sage2026czelib
Criminal Justice and Behavior,0093-8548,1552-3594,2026-04-17,NA,sage2026czelib
Contemporary Sociology,0094-3061,1939-8638,2026-04-17,NA,sage2026czelib
Latin American Perspectives,0094-582X,1552-678X,2026-04-17,NA,sage2026czelib
Armed Forces & Society,0095-327X,1556-0848,2026-04-17,NA,sage2026czelib
Administration & Society,0095-3997,1552-3039,2026-04-17,NA,sage2026czelib
Journal of Black Psychology,0095-7984,1552-4558,2026-04-17,NA,sage2026czelib
Journal of Urban History,0096-1442,1552-6771,2026-04-17,NA,sage2026czelib
Modern China,0097-7004,1552-6836,2026-04-17,NA,sage2026czelib
Teaching of Psychology,0098-6283,1532-8023,2026-04-17,NA,sage2026czelib
Asian and Pacific Migration Journal,0117-1968,2057-049X,2026-04-17,NA,sage2026czelib
Feminist Review,0141-7789,1466-4380,2026-04-17,NA,sage2026czelib
Journal for the Study of the New Testament,0142-064X,1745-5294,2026-04-17,NA,sage2026czelib
First Language,0142-7237,1740-2344,2026-04-17,NA,sage2026czelib
School Psychology International,0143-0343,1461-7374,2026-04-17,NA,sage2026czelib
Economic and Industrial Democracy,0143-831X,1461-7099,2026-04-17,NA,sage2026czelib
Teaching Public Administration,0144-7394,2047-8720,2026-04-17,NA,sage2026czelib
Behavior Modification,0145-4455,1552-4167,2026-04-17,NA,sage2026czelib
Journal of Visual Impairment & Blindness,0145-482X,1559-1476,2026-04-17,NA,sage2026czelib
Biblical Theology Bulletin,0146-1079,1945-7596,2026-04-17,NA,sage2026czelib
Personality and Social Psychology Bulletin,0146-1672,1552-7433,2026-04-17,NA,sage2026czelib
Applied Psychological Measurement,0146-6216,1552-3497,2026-04-17,NA,sage2026czelib
"Journal of Accounting, Auditing & Finance",0148-558X,2160-4061,2026-04-17,NA,sage2026czelib
Journal of Management,0149-2063,1557-1211,2026-04-17,NA,sage2026czelib
International Regional Science Review,0160-0176,1552-6925,2026-04-17,NA,sage2026czelib
State and Local Government Review,0160-323X,1943-3409,2026-04-17,NA,sage2026czelib
Labor Studies Journal,0160-449X,1538-9758,2026-04-17,NA,sage2026czelib
Humanity & Society,0160-5976,2372-9708,2026-04-17,NA,sage2026czelib
Teachers College Record,0161-4681,1467-9620,2026-04-17,NA,sage2026czelib
"Science, Technology, & Human Values",0162-2439,1552-8251,2026-04-17,NA,sage2026czelib
Journal for the Education of the Gifted,0162-3532,2162-9501,2026-04-17,NA,sage2026czelib
Educational Evaluation and Policy Analysis,0162-3737,1935-1062,2026-04-17,NA,sage2026czelib
Journal of Special Education Technology,0162-6434,2381-3121,2026-04-17,NA,sage2026czelib
Evaluation & the Health Professions,0163-2787,1552-3918,2026-04-17,NA,sage2026czelib
"Media, Culture & Society",0163-4437,1460-3675,2026-04-17,NA,sage2026czelib
Research on Aging,0164-0275,1552-7573,2026-04-17,NA,sage2026czelib
International Journal of Behavioral Development,0165-0254,1464-0651,2026-04-17,NA,sage2026czelib
Journal of Information Science,0165-5515,1741-6485,2026-04-17,NA,sage2026czelib
Education for Information,0167-8329,1875-8649,2026-04-17,NA,sage2026czelib
Journal of Developing Societies,0169-796X,1745-2546,2026-04-17,NA,sage2026czelib
Organization Studies,0170-8406,1741-3044,2026-04-17,NA,sage2026czelib
Cahiers Élisabéthains,0184-7678,2054-4715,2026-04-17,NA,sage2026czelib
Social Psychology Quarterly,0190-2725,1939-8999,2026-04-17,NA,sage2026czelib
Philosophy & Social Criticism,0191-4537,1461-734X,2026-04-17,NA,sage2026czelib
International Political Science Review,0192-5121,1460-373X,2026-04-17,NA,sage2026czelib
Journal of Family Issues,0192-513X,1552-5481,2026-04-17,NA,sage2026czelib
Journal of Sport and Social Issues,0193-7235,1552-7638,2026-04-17,NA,sage2026czelib
Evaluation Review,0193-841X,1552-3926,2026-04-17,NA,sage2026czelib
The Energy Journal,0195-6574,1944-9089,2026-04-17,NA,sage2026czelib
Journal of Communication Inquiry,0196-8599,1552-4612,2026-04-17,NA,sage2026czelib
North American Archaeologist,0197-6931,1541-3543,2026-04-17,NA,sage2026czelib
International Migration Review,0197-9183,1747-7379,2026-04-17,NA,sage2026czelib
Behavioral Disorders,0198-7429,2163-5307,2026-04-17,NA,sage2026czelib
Journal for the Study of Education and Development,0210-3702,1578-4126,2026-04-17,NA,sage2026czelib
Studies in Psychology,0210-9395,1579-3699,2026-04-17,NA,sage2026czelib
International Journal of Social Psychology,0213-4748,1579-3680,2026-04-17,NA,sage2026czelib
International Journal of Music Education,0255-7614,1744-795X,2026-04-17,NA,sage2026czelib
Studies in History,0257-6430,0973-080X,2026-04-17,NA,sage2026czelib
Management and Labour Studies,0258-042X,2321-0710,2026-04-17,NA,sage2026czelib
Journal of Interdisciplinary Economics,0260-1079,2321-5305,2026-04-17,NA,sage2026czelib
Critical Social Policy,0261-0183,1461-703X,2026-04-17,NA,sage2026czelib
Gifted Education International,0261-4294,2047-9077,2026-04-17,NA,sage2026czelib
Journal of Language and Social Psychology,0261-927X,1552-6526,2026-04-17,NA,sage2026czelib
South Asia Research,0262-7280,1741-3141,2026-04-17,NA,sage2026czelib
"Theory, Culture & Society",0263-2764,1460-3616,2026-04-17,NA,sage2026czelib
Politics,0263-3957,1467-9256,2026-04-17,NA,sage2026czelib
Environment and Planning D: Society and Space,0263-7758,1472-3433,2026-04-17,NA,sage2026czelib
Probation Journal,0264-5505,1741-3079,2026-04-17,NA,sage2026czelib
British Journal of Visual Impairment,0264-6196,1744-5809,2026-04-17,NA,sage2026czelib
Transformation,0265-3788,1759-8931,2026-04-17,NA,sage2026czelib
Journal of Social and Personal Relationships,0265-4075,1460-3608,2026-04-17,NA,sage2026czelib
Language Testing,0265-5322,1477-0946,2026-04-17,NA,sage2026czelib
Child Language Teaching and Therapy,0265-6590,1477-0865,2026-04-17,NA,sage2026czelib
European History Quarterly,0265-6914,1461-7110,2026-04-17,NA,sage2026czelib
International Small Business Journal,0266-2426,1741-2870,2026-04-17,NA,sage2026czelib
Business Information Review,0266-3821,1741-6450,2026-04-17,NA,sage2026czelib
Information Development,0266-6669,1741-6469,2026-04-17,NA,sage2026czelib
European Journal of Communication,0267-3231,1460-3705,2026-04-17,NA,sage2026czelib
Second Language Research,0267-6583,1477-0326,2026-04-17,NA,sage2026czelib
Journal of Information Technology,0268-3962,1466-4437,2026-04-17,NA,sage2026czelib
International Sociology,0268-5809,1461-7242,2026-04-17,NA,sage2026czelib
Local Economy,0269-0942,1470-9325,2026-04-17,NA,sage2026czelib
International Review of Victimology,0269-7580,2047-9433,2026-04-17,NA,sage2026czelib
"Bulletin of Science, Technology & Society",0270-4676,1552-4183,2026-04-17,NA,sage2026czelib
Topics in Early Childhood Special Education,0271-1214,1538-4845,2026-04-17,NA,sage2026czelib
The Journal of Early Adolescence,0272-4316,1552-5449,2026-04-17,NA,sage2026czelib
Journal of Marketing Education,0273-4753,1552-6550,2026-04-17,NA,sage2026czelib
The American Review of Public Administration,0275-0740,1552-3357,2026-04-17,NA,sage2026czelib
Journal of Macromarketing,0276-1467,1552-6534,2026-04-17,NA,sage2026czelib
"Imagination, Cognition and Personality",0276-2366,1541-4477,2026-04-17,NA,sage2026czelib
Empirical Studies of the Arts,0276-2374,1541-4493,2026-04-17,NA,sage2026czelib
Journal of Ethnobiology,0278-0771,2162-4496,2026-04-17,NA,sage2026czelib
International Journal of Mass Emergencies & Disasters,0280-7270,2753-5703,2026-04-17,NA,sage2026czelib
Perception,0301-0066,1468-4233,2026-04-17,NA,sage2026czelib
Alternatives,0304-3754,2163-3150,2026-04-17,NA,sage2026czelib
Psychology of Music,0305-7356,1741-3087,2026-04-17,NA,sage2026czelib
Millennium,0305-8298,1477-9021,2026-04-17,NA,sage2026czelib
Literature & History,0306-1973,2050-4594,2026-04-17,NA,sage2026czelib
Journal of General Management,0306-3070,1759-6106,2026-04-17,NA,sage2026czelib
Social Studies of Science,0306-3127,1460-3659,2026-04-17,NA,sage2026czelib
Race & Class,0306-3968,1741-3125,2026-04-17,NA,sage2026czelib
Index on Censorship,0306-4220,1746-6067,2026-04-17,NA,sage2026czelib
International Journal of Offender Therapy and Comparative Criminology,0306-624X,1552-6933,2026-04-17,NA,sage2026czelib
The Journal of Egyptian Archaeology,0307-5133,2514-0582,2026-04-17,NA,sage2026czelib
British Journal of Occupational Therapy,0308-0226,1477-6006,2026-04-17,NA,sage2026czelib
Critique of Anthropology,0308-275X,1460-3721,2026-04-17,NA,sage2026czelib
Environment and Planning A: Economy and Space,0308-518X,1472-3409,2026-04-17,NA,sage2026czelib
Adoption & Fostering,0308-5759,1740-469X,2026-04-17,NA,sage2026czelib
Journal for the Study of the Old Testament,0309-0892,1476-6728,2026-04-17,NA,sage2026czelib
Progress in Human Geography,0309-1325,1477-0288,2026-04-17,NA,sage2026czelib
Progress in Physical Geography: Earth and Environment,0309-1333,1477-0296,2026-04-17,NA,sage2026czelib
Capital & Class,0309-8168,2041-0980,2026-04-17,NA,sage2026czelib
Australian Journal of Management,0312-8962,1327-2020,2026-04-17,NA,sage2026czelib
Irish Economic and Social History,0332-4893,2050-4918,2026-04-17,NA,sage2026czelib
IFLA Journal,0340-0352,1745-2651,2026-04-17,NA,sage2026czelib
Transportation Research Record,0361-1981,2169-4052,2026-04-17,NA,sage2026czelib
Psychology of Women Quarterly,0361-6843,1471-6402,2026-04-17,NA,sage2026czelib
Journal of Family History,0363-1990,1552-5473,2026-04-17,NA,sage2026czelib
Indian Historical Review,0376-9836,0975-5977,2026-04-17,NA,sage2026czelib
Environmental Policy and Law,0378-777X,1878-5395,2026-04-17,NA,sage2026czelib
Review of Radical Political Economics,0486-6134,1552-8502,2026-04-17,NA,sage2026czelib
Group Analysis,0533-3164,1461-717X,2026-04-17,NA,sage2026czelib
Social Science Information,0539-0184,1461-7412,2026-04-17,NA,sage2026czelib
The American Economist,0569-4345,2328-1235,2026-04-17,NA,sage2026czelib
Thesis Eleven,0725-5136,1461-7455,2026-04-17,NA,sage2026czelib
Work and Occupations,0730-8884,1552-8464,2026-04-17,NA,sage2026czelib
Sociological Perspectives,0731-1214,1533-8673,2026-04-17,NA,sage2026czelib
Learning Disability Quarterly,0731-9487,2168-376X,2026-04-17,NA,sage2026czelib
Journal of Applied Gerontology,0733-4648,1552-4523,2026-04-17,NA,sage2026czelib
Criminal Justice Review,0734-0168,1556-3839,2026-04-17,NA,sage2026czelib
Journal of Psychoeducational Assessment,0734-2829,1557-5144,2026-04-17,NA,sage2026czelib
Review of Public Personnel Administration,0734-371X,1552-759X,2026-04-17,NA,sage2026czelib
Public Administration Quarterly,0734-9149,2327-4433,2026-04-17,NA,sage2026czelib
Sociological Theory,0735-2751,1467-9558,2026-04-17,NA,sage2026czelib
Journal of Educational Computing Research,0735-6331,1541-4140,2026-04-17,NA,sage2026czelib
Conflict Management and Peace Science,0738-8942,1549-9219,2026-04-17,NA,sage2026czelib
Journal of Planning Education and Research,0739-456X,1552-6577,2026-04-17,NA,sage2026czelib
Christian Education Journal,0739-8913,2378-525X,2026-04-17,NA,sage2026czelib
Hispanic Journal of Behavioral Sciences,0739-9863,1552-6364,2026-04-17,NA,sage2026czelib
Written Communication,0741-0883,1552-8472,2026-04-17,NA,sage2026czelib
Adult Education Quarterly,0741-7136,1552-3047,2026-04-17,NA,sage2026czelib
Remedial and Special Education,0741-9325,1538-4756,2026-04-17,NA,sage2026czelib
Journal of Adolescent Research,0743-5584,1552-6895,2026-04-17,NA,sage2026czelib
Journal of Public Policy & Marketing,0743-9156,1547-7207,2026-04-17,NA,sage2026czelib
Journal of Economic and Social Measurement,0747-9662,1875-8932,2026-04-17,NA,sage2026czelib
Bulletin of Sociological Methodology/Bulletin de Méthodologie Sociologique,0759-1063,2070-2779,2026-04-17,NA,sage2026czelib
Recherche et Applications en Marketing (French Edition),0767-3701,2051-2821,2026-04-17,NA,sage2026czelib
Irish Journal of Sociology,0791-6035,2050-5280,2026-04-17,NA,sage2026czelib
Canadian Journal of School Psychology,0829-5735,2154-3984,2026-04-17,NA,sage2026czelib
Healthcare Management Forum,0840-4704,2352-3883,2026-04-17,NA,sage2026czelib
International Journal of Maritime History,0843-8714,2052-7756,2026-04-17,NA,sage2026czelib
Journal of Planning Literature,0885-4122,1552-6593,2026-04-17,NA,sage2026czelib
The Journal of Social Studies Research,0885-985X,2352-2798,2026-04-17,NA,sage2026czelib
Affilia,0886-1099,1552-3020,2026-04-17,NA,sage2026czelib
Journal of Interpersonal Violence,0886-2605,1552-6518,2026-04-17,NA,sage2026czelib
Compensation & Benefits Review,0886-3687,1552-3837,2026-04-17,NA,sage2026czelib
Clothing and Textiles Research Journal,0887-302X,1940-2473,2026-04-17,NA,sage2026czelib
Criminal Justice Policy Review,0887-4034,1552-3586,2026-04-17,NA,sage2026czelib
East European Politics and Societies,0888-3254,1533-8371,2026-04-17,NA,sage2026czelib
Teacher Education and Special Education,0888-4064,1944-4931,2026-04-17,NA,sage2026czelib
American Journal of Health Promotion,0890-1171,2168-6602,2026-04-17,NA,sage2026czelib
European Journal of Personality,0890-2070,1099-0984,2026-04-17,NA,sage2026czelib
Journal of Contemporary Ethnography,0891-2416,1552-5414,2026-04-17,NA,sage2026czelib
Economic Development Quarterly,0891-2424,1552-3543,2026-04-17,NA,sage2026czelib
Gender & Society,0891-2432,1552-3977,2026-04-17,NA,sage2026czelib
Management in Education,0892-0206,1741-9883,2026-04-17,NA,sage2026czelib
Management Communication Quarterly,0893-3189,1552-6798,2026-04-17,NA,sage2026czelib
Social Science Computer Review,0894-4393,1552-8286,2026-04-17,NA,sage2026czelib
Family Business Review,0894-4865,1741-6248,2026-04-17,NA,sage2026czelib
Journal of Career Development,0894-8453,1556-0856,2026-04-17,NA,sage2026czelib
Educational Policy,0895-9048,1552-3896,2026-04-17,NA,sage2026czelib
Critical Sociology,0896-9205,1569-1632,2026-04-17,NA,sage2026czelib
Journal of Aging and Health,0898-2643,1552-6887,2026-04-17,NA,sage2026czelib
Nonprofit and Voluntary Sector Quarterly,0899-7640,1552-7395,2026-04-17,NA,sage2026czelib
Childhood,0907-5682,1461-7013,2026-04-17,NA,sage2026czelib
China Information,0920-203X,1741-590X,2026-04-17,NA,sage2026czelib
Cultural Dynamics,0921-3740,1461-7048,2026-04-17,NA,sage2026czelib
Netherlands Quarterly of Human Rights,0924-0519,2214-7357,2026-04-17,NA,sage2026czelib
Learning Disabilities Research & Practice,0938-8982,1540-5826,2026-04-17,NA,sage2026czelib
"Work, Employment and Society",0950-0170,1469-8722,2026-04-17,NA,sage2026czelib
Industry and Higher Education,0950-4222,2043-6858,2026-04-17,NA,sage2026czelib
Journal of Theoretical Politics,0951-6298,1460-3667,2026-04-17,NA,sage2026czelib
Journal for the Study of the Pseudepigrapha,0951-8207,1745-5286,2026-04-17,NA,sage2026czelib
Public Policy and Administration,0952-0767,1749-4192,2026-04-17,NA,sage2026czelib
History of the Human Sciences,0952-6951,1461-720X,2026-04-17,NA,sage2026czelib
Studies in Christian Ethics,0953-9468,1745-5235,2026-04-17,NA,sage2026czelib
Alexandria,0955-7490,2050-4551,2026-04-17,NA,sage2026czelib
Environment & Urbanization,0956-2478,1746-0301,2026-04-17,NA,sage2026czelib
British Journalism Review,0956-4748,1741-2668,2026-04-17,NA,sage2026czelib
Psychological Science,0956-7976,1467-9280,2026-04-17,NA,sage2026czelib
History of Psychiatry,0957-154X,1740-2360,2026-04-17,NA,sage2026czelib
French Cultural Studies,0957-1558,1740-2352,2026-04-17,NA,sage2026czelib
Discourse & Society,0957-9265,1460-3624,2026-04-17,NA,sage2026czelib
Energy & Environment,0958-305X,2048-4070,2026-04-17,NA,sage2026czelib
Journal of European Social Policy,0958-9287,1461-7269,2026-04-17,NA,sage2026czelib
Feminism & Psychology,0959-3535,1461-7161,2026-04-17,NA,sage2026czelib
Theory & Psychology,0959-3543,1461-7447,2026-04-17,NA,sage2026czelib
European Journal of Industrial Relations,0959-6801,1461-7129,2026-04-17,NA,sage2026czelib
The Holocene,0959-6836,1477-0911,2026-04-17,NA,sage2026czelib
Journal of Librarianship and Information Science,0961-0006,1741-6477,2026-04-17,NA,sage2026czelib
Time & Society,0961-463X,1461-7463,2026-04-17,NA,sage2026czelib
Environmental Values,0963-2719,1752-7015,2026-04-17,NA,sage2026czelib
Public Understanding of Science,0963-6625,1361-6609,2026-04-17,NA,sage2026czelib
Current Directions in Psychological Science,0963-7214,1467-8721,2026-04-17,NA,sage2026czelib
Language and Literature,0963-9470,1461-7293,2026-04-17,NA,sage2026czelib
Social & Legal Studies,0964-6639,1461-7390,2026-04-17,NA,sage2026czelib
Feminist Theology,0966-7350,1745-5189,2026-04-17,NA,sage2026czelib
War in History,0968-3445,1477-0385,2026-04-17,NA,sage2026czelib
Medical Law International,0968-5332,2047-9441,2026-04-17,NA,sage2026czelib
Nursing Ethics,0969-7330,1477-0989,2026-04-17,NA,sage2026czelib
European Urban and Regional Studies,0969-7764,1461-7145,2026-04-17,NA,sage2026czelib
Abhigyan,0970-2385,2583-1445,2026-04-17,NA,sage2026czelib
Prajnan,0970-8448,2978-431X,2026-04-17,NA,sage2026czelib
"SEDME (Small Enterprises Development, Management & Extension Journal)",0970-8464,2456-1223,2026-04-17,NA,sage2026czelib
Psychology and Developing Societies,0971-3336,0973-0761,2026-04-17,NA,sage2026czelib
The Journal of Entrepreneurship,0971-3557,0973-0745,2026-04-17,NA,sage2026czelib
Indian Journal of Gender Studies,0971-5215,0973-0672,2026-04-17,NA,sage2026czelib
South Asian Survey,0971-5231,0973-0788,2026-04-17,NA,sage2026czelib
Journal of Human Values,0971-6858,0973-0737,2026-04-17,NA,sage2026czelib
"Science, Technology and Society",0971-7218,0973-0796,2026-04-17,NA,sage2026czelib
Paradigm,0971-8907,2394-6083,2026-04-17,NA,sage2026czelib
The Medieval History Journal,0971-9458,0973-0753,2026-04-17,NA,sage2026czelib
Journal of Health Management,0972-0634,0973-0729,2026-04-17,NA,sage2026czelib
Global Business Review,0972-1509,0973-0664,2026-04-17,NA,sage2026czelib
Vision,0972-2629,2249-5304,2026-04-17,NA,sage2026czelib
Review of Development and Change,0972-2661,2632-055X,2026-04-17,NA,sage2026czelib
The Oriental Anthropologist,0972-558X,0976-3430,2026-04-17,NA,sage2026czelib
Metamorphosis,0972-6225,2348-9324,2026-04-17,NA,sage2026czelib
Journal of Emerging Market Finance,0972-6527,0973-0710,2026-04-17,NA,sage2026czelib
Asian Journal of Management Cases,0972-8201,0973-0621,2026-04-17,NA,sage2026czelib
International Journal of Rural Management,0973-0052,0973-0680,2026-04-17,NA,sage2026czelib
Journal of South Asian Development,0973-1741,0973-1733,2026-04-17,NA,sage2026czelib
Contemporary Education Dialogue,0973-1849,2249-5320,2026-04-17,NA,sage2026czelib
Journal of Creative Communications,0973-2586,0973-2594,2026-04-17,NA,sage2026czelib
Journal of Education for Sustainable Development,0973-4082,0973-4074,2026-04-17,NA,sage2026czelib
Jadavpur Journal of International Relations,0973-5984,2349-0047,2026-04-17,NA,sage2026czelib
Indian Journal of Human Development,0973-7030,2456-480X,2026-04-17,NA,sage2026czelib
Indian Journal of Corporate Governance,0974-6862,2454-2482,2026-04-17,NA,sage2026czelib
Global Journal of Emerging Market Economies,0974-9101,0975-2730,2026-04-17,NA,sage2026czelib
BioScope: South Asian Screen Studies,0974-9276,0976-352X,2026-04-17,NA,sage2026czelib
India Quarterly,0974-9284,0975-2684,2026-04-17,NA,sage2026czelib
Review of Market Integration,0974-9292,0975-4709,2026-04-17,NA,sage2026czelib
Journal of Infrastructure Development,0974-9306,0975-5969,2026-04-17,NA,sage2026czelib
Insight on Africa,0975-0878,0976-3465,2026-04-17,NA,sage2026czelib
Environment and Urbanization ASIA,0975-4253,0976-3546,2026-04-17,NA,sage2026czelib
Media Watch,0976-0911,2249-8818,2026-04-17,NA,sage2026czelib
Millennial Asia,0976-3996,2321-7081,2026-04-17,NA,sage2026czelib
Arthaniti: Journal of Economic Theory and Practice,0976-7479,2517-2654,2026-04-17,NA,sage2026czelib
International Review for the Sociology of Sport,1012-6902,1461-7218,2026-04-17,NA,sage2026czelib
Asia-Pacific Journal of Rural Development,1018-5291,2074-0131,2026-04-17,NA,sage2026czelib
Maastricht Journal of European and Comparative Law,1023-263X,2399-5548,2026-04-17,NA,sage2026czelib
Transfer: European Review of Labour and Research,1024-2589,1996-7284,2026-04-17,NA,sage2026czelib
Competition & Change,1024-5294,1477-2221,2026-04-17,NA,sage2026czelib
Journal of Studies in International Education,1028-3153,1552-7808,2026-04-17,NA,sage2026czelib
Musicae Scientiae,1029-8649,2045-4147,2026-04-17,NA,sage2026czelib
Accounting History,1032-3732,1749-3374,2026-04-17,NA,sage2026czelib
Evaluation Journal of Australasia,1035-719X,2515-9372,2026-04-17,NA,sage2026czelib
Alternative Law Journal,1037-969X,2398-9084,2026-04-17,NA,sage2026czelib
Australian Journal of Career Development,1038-4162,2200-6974,2026-04-17,NA,sage2026czelib
Entrepreneurship Theory and Practice,1042-2587,1540-6520,2026-04-17,NA,sage2026czelib
Rationality and Society,1043-4631,1461-7358,2026-04-17,NA,sage2026czelib
Journal of Contemporary Criminal Justice,1043-9862,1552-5406,2026-04-17,NA,sage2026czelib
Journal of Disability Policy Studies,1044-2073,1538-4802,2026-04-17,NA,sage2026czelib
Families in Society,1044-3894,1945-1350,2026-04-17,NA,sage2026czelib
Adult Learning,1045-1595,2162-4070,2026-04-17,NA,sage2026czelib
Small Group Research,1046-4964,1552-8278,2026-04-17,NA,sage2026czelib
Simulation & Gaming,1046-8781,1552-826X,2026-04-17,NA,sage2026czelib
NEW SOLUTIONS: A Journal of Environmental and Occupational Health Policy,1048-2911,1541-3772,2026-04-17,NA,sage2026czelib
Word of Mouth,1048-3950,2154-3941,2026-04-17,NA,sage2026czelib
Research on Social Work Practice,1049-7315,1552-7581,2026-04-17,NA,sage2026czelib
Qualitative Health Research,1049-7323,1552-7557,2026-04-17,NA,sage2026czelib
Journal of Business and Technical Communication,1050-6519,1552-4574,2026-04-17,NA,sage2026czelib
WORK,1051-9815,1875-9270,2026-04-17,NA,sage2026czelib
Journal of Management Education,1052-5629,1552-6658,2026-04-17,NA,sage2026czelib
Journal of School Leadership,1052-6846,NA,2026-04-17,NA,sage2026czelib
Intervention in School and Clinic,1053-4512,1538-4810,2026-04-17,NA,sage2026czelib
Journal of Early Intervention,1053-8151,2154-3992,2026-04-17,NA,sage2026czelib
Journal of Experiential Education,1053-8259,2169-009X,2026-04-17,NA,sage2026czelib
"Illness, Crisis & Loss",1054-1373,1552-6968,2026-04-17,NA,sage2026czelib
Journal of Management Inquiry,1056-4926,1552-6542,2026-04-17,NA,sage2026czelib
International Journal of Educational Reform,1056-7879,NA,2026-04-17,NA,sage2026czelib
Journal of Music Teacher Education,1057-0837,1945-0079,2026-04-17,NA,sage2026czelib
International Criminal Justice Review,1057-5677,1556-3855,2026-04-17,NA,sage2026czelib
Production and Operations Management,1059-1478,1937-5956,2026-04-17,NA,sage2026czelib
Group & Organization Management,1059-6011,1552-3993,2026-04-17,NA,sage2026czelib
The Journal of Men’s Studies,1060-8265,1933-0251,2026-04-17,NA,sage2026czelib
Sport Marketing Quarterly,1061-6934,1557-2528,2026-04-17,NA,sage2026czelib
Journal of Emotional and Behavioral Disorders,1063-4266,1538-4799,2026-04-17,NA,sage2026czelib
Pro Ecclesia,1063-8512,2631-8334,2026-04-17,NA,sage2026czelib
Ergonomics in Design,1064-8046,NA,2026-04-17,NA,sage2026czelib
Political Research Quarterly,1065-9129,1938-274X,2026-04-17,NA,sage2026czelib
The Family Journal,1066-4807,1552-3950,2026-04-17,NA,sage2026czelib
Journal of International Marketing,1069-031X,1547-7215,2026-04-17,NA,sage2026czelib
Journal of Career Assessment,1069-0727,1552-4590,2026-04-17,NA,sage2026czelib
Cross-Cultural Research,1069-3971,1552-3578,2026-04-17,NA,sage2026czelib
The Journal of Environment & Development,1070-4965,1552-5465,2026-04-17,NA,sage2026czelib
Proceedings of the Human Factors and Ergonomics Society Annual Meeting,1071-1813,2169-5067,2026-04-17,NA,sage2026czelib
Journal of Interior Design,1071-7641,1939-1668,2026-04-17,NA,sage2026czelib
Assessment,1073-1911,1552-3489,2026-04-17,NA,sage2026czelib
Beyond Behavior,1074-2956,2163-5323,2026-04-17,NA,sage2026czelib
Science Communication,1075-5470,1552-8545,2026-04-17,NA,sage2026czelib
Gifted Child Today,1076-2175,2162-951X,2026-04-17,NA,sage2026czelib
Journal of Educational and Behavioral Statistics,1076-9986,1935-1054,2026-04-17,NA,sage2026czelib
Child Maltreatment,1077-5595,1552-6119,2026-04-17,NA,sage2026czelib
Journalism & Mass Communication Educator,1077-6958,2161-4326,2026-04-17,NA,sage2026czelib
Journalism & Mass Communication Quarterly,1077-6990,2161-430X,2026-04-17,NA,sage2026czelib
Qualitative Inquiry,1077-8004,1552-7565,2026-04-17,NA,sage2026czelib
Violence Against Women,1077-8012,1552-8448,2026-04-17,NA,sage2026czelib
Urban Affairs Review,1078-0874,1552-8332,2026-04-17,NA,sage2026czelib
Sexual Abuse,1079-0632,1573-286X,2026-04-17,NA,sage2026czelib
Journal of Health and Human Services Administration,1079-3739,2168-5509,2026-04-17,NA,sage2026czelib
Organization & Environment,1086-0266,1552-7417,2026-04-17,NA,sage2026czelib
Journal of Literacy Research,1086-296X,1554-8430,2026-04-17,NA,sage2026czelib
About Campus,1086-4822,1536-0687,2026-04-17,NA,sage2026czelib
Journal of Attention Disorders,1087-0547,1557-1246,2026-04-17,NA,sage2026czelib
Public Works Management & Policy,1087-724X,1552-7549,2026-04-17,NA,sage2026czelib
Focus on Autism and Other Developmental Disabilities,1088-3576,1538-4829,2026-04-17,NA,sage2026czelib
Homicide Studies,1088-7679,1552-6720,2026-04-17,NA,sage2026czelib
Personality and Social Psychology Review,1088-8683,1532-7957,2026-04-17,NA,sage2026czelib
Review of General Psychology,1089-2680,1939-1552,2026-04-17,NA,sage2026czelib
Health Education & Behavior,1090-1981,1552-6127,2026-04-17,NA,sage2026czelib
Public Finance Review,1091-1421,1552-7530,2026-04-17,NA,sage2026czelib
Journal of Integrated Design and Process Science,1092-0617,1875-8959,2026-04-17,NA,sage2026czelib
Journal of Interpretation Research,1092-5872,2692-9376,2026-04-17,NA,sage2026czelib
Organizational Research Methods,1094-4281,1552-7425,2026-04-17,NA,sage2026czelib
Journal of Service Research,1094-6705,1552-7379,2026-04-17,NA,sage2026czelib
Journal of Interactive Marketing,1094-9968,1520-6653,2026-04-17,NA,sage2026czelib
New Labor Forum,1095-7960,1557-2978,2026-04-17,NA,sage2026czelib
Professional School Counseling,1096-2409,2156-759X,2026-04-17,NA,sage2026czelib
Young Exceptional Children,1096-2506,2154-400X,2026-04-17,NA,sage2026czelib
Journal of Hospitality & Tourism Research,1096-3480,1557-7554,2026-04-17,NA,sage2026czelib
Men and Masculinities,1097-184X,1552-6828,2026-04-17,NA,sage2026czelib
Journal of Advertising Education,1098-0482,2516-1873,2026-04-17,NA,sage2026czelib
American Journal of Evaluation,1098-2140,1557-0878,2026-04-17,NA,sage2026czelib
Journal of Positive Behavior Interventions,1098-3007,1538-4772,2026-04-17,NA,sage2026czelib
Police Quarterly,1098-6111,1552-745X,2026-04-17,NA,sage2026czelib
Culture and Education,1135-6405,1578-4118,2026-04-17,NA,sage2026czelib
AlterNative: An International Journal of Indigenous Peoples,1177-1801,1174-1740,2026-04-17,NA,sage2026czelib
Space and Culture,1206-3312,1552-8308,2026-04-17,NA,sage2026czelib
Research Studies in Music Education,1321-103X,1834-5530,2026-04-17,NA,sage2026czelib
Media International Australia,1329-878X,2200-467X,2026-04-17,NA,sage2026czelib
European Journal of Women's Studies,1350-5068,1461-7420,2026-04-17,NA,sage2026czelib
Management Learning,1350-5076,1461-7307,2026-04-17,NA,sage2026czelib
Organization,1350-5084,1461-7323,2026-04-17,NA,sage2026czelib
European Journal of International Relations,1354-0661,1460-3713,2026-04-17,NA,sage2026czelib
Culture & Psychology,1354-067X,1461-7056,2026-04-17,NA,sage2026czelib
Party Politics,1354-0688,1460-3683,2026-04-17,NA,sage2026czelib
Tourism Economics,1354-8166,2044-0375,2026-04-17,NA,sage2026czelib
Convergence,1354-8565,1748-7382,2026-04-17,NA,sage2026czelib
European Physical Education Review,1356-336X,1741-2749,2026-04-17,NA,sage2026czelib
Evaluation,1356-3890,1461-7153,2026-04-17,NA,sage2026czelib
Journal of Vacation Marketing,1356-7667,1479-1870,2026-04-17,NA,sage2026czelib
Body & Society,1357-034X,1460-3632,2026-04-17,NA,sage2026czelib
International Journal of Discrimination and the Law,1358-2291,2047-9468,2026-04-17,NA,sage2026czelib
Clinical Child Psychology and Psychiatry,1359-1045,1461-7021,2026-04-17,NA,sage2026czelib
Journal of Health Psychology,1359-1053,1461-7277,2026-04-17,NA,sage2026czelib
Journal of Material Culture,1359-1835,1460-3586,2026-04-17,NA,sage2026czelib
British Journal of Music Therapy,1359-4575,2059-9773,2026-04-17,NA,sage2026czelib
Sociological Research Online,1360-7804,1360-7804,2026-04-17,NA,sage2026czelib
Language Teaching Research,1362-1688,1477-0954,2026-04-17,NA,sage2026czelib
Autism,1362-3613,1461-7005,2026-04-17,NA,sage2026czelib
Theoretical Criminology,1362-4806,1461-7439,2026-04-17,NA,sage2026czelib
Health,1363-4593,1461-7196,2026-04-17,NA,sage2026czelib
Sexualities,1363-4607,1461-7382,2026-04-17,NA,sage2026czelib
Transcultural Psychiatry,1363-4615,1461-7471,2026-04-17,NA,sage2026czelib
Improving Schools,1365-4802,1475-7583,2026-04-17,NA,sage2026czelib
The International Journal of Evidence & Proof,1365-7127,1740-5572,2026-04-17,NA,sage2026czelib
International Journal of Bilingualism,1367-0069,1756-6878,2026-04-17,NA,sage2026czelib
Journal of Child Health Care,1367-4935,1741-2889,2026-04-17,NA,sage2026czelib
European Journal of Cultural Studies,1367-5494,1460-3551,2026-04-17,NA,sage2026czelib
International Journal of Cultural Studies,1367-8779,1460-356X,2026-04-17,NA,sage2026czelib
Group Processes & Intergroup Relations,1368-4302,1461-7188,2026-04-17,NA,sage2026czelib
European Journal of Social Theory,1368-4310,1461-7137,2026-04-17,NA,sage2026czelib
The British Journal of Politics and International Relations,1369-1481,1467-856X,2026-04-17,NA,sage2026czelib
European Journal of Social Security,1388-2627,2399-2948,2026-04-17,NA,sage2026czelib
South Asia Economic Journal,1391-5614,0973-077X,2026-04-17,NA,sage2026czelib
Journal of Sociology,1440-7833,1741-2978,2026-04-17,NA,sage2026czelib
Australasian Marketing Journal,1441-3582,1839-3349,2026-04-17,NA,sage2026czelib
International Journal of Police Science & Management,1461-3557,1478-1603,2026-04-17,NA,sage2026czelib
New Media & Society,1461-4448,1461-7315,2026-04-17,NA,sage2026czelib
Discourse Studies,1461-4456,1461-7080,2026-04-17,NA,sage2026czelib
Environmental Law Review,1461-4529,1740-5564,2026-04-17,NA,sage2026czelib
Punishment & Society,1462-4745,1741-3095,2026-04-17,NA,sage2026czelib
Anthropological Theory,1463-4996,1741-2641,2026-04-17,NA,sage2026czelib
Contemporary Issues in Early Childhood,1463-9491,1463-9491,2026-04-17,NA,sage2026czelib
Feminist Theory,1464-7001,1741-2773,2026-04-17,NA,sage2026czelib
Journalism,1464-8849,1741-3001,2026-04-17,NA,sage2026czelib
Progress in Development Studies,1464-9934,1477-027X,2026-04-17,NA,sage2026czelib
European Union Politics,1465-1165,1741-2757,2026-04-17,NA,sage2026czelib
The International Journal of Entrepreneurship and Innovation,1465-7503,2043-6882,2026-04-17,NA,sage2026czelib
Ethnography,1466-1381,1741-2714,2026-04-17,NA,sage2026czelib
Tourism and Hospitality Research,1467-3584,1742-9692,2026-04-17,NA,sage2026czelib
Journal of Social Work,1468-0173,1741-296X,2026-04-17,NA,sage2026czelib
Global Social Policy,1468-0181,1741-2803,2026-04-17,NA,sage2026czelib
Qualitative Research,1468-7941,1741-3109,2026-04-17,NA,sage2026czelib
Journal of Classical Sociology,1468-795X,1741-2897,2026-04-17,NA,sage2026czelib
Ethnicities,1468-7968,1741-2706,2026-04-17,NA,sage2026czelib
Tourist Studies,1468-7976,1741-3206,2026-04-17,NA,sage2026czelib
Journal of Early Childhood Literacy,1468-7984,1741-2919,2026-04-17,NA,sage2026czelib
Journal of Consumer Culture,1469-5405,1741-2900,2026-04-17,NA,sage2026czelib
Journal of Social Archaeology,1469-6053,1741-2951,2026-04-17,NA,sage2026czelib
Active Learning in Higher Education,1469-7874,1741-2625,2026-04-17,NA,sage2026czelib
Visual Communication,1470-3572,1741-3214,2026-04-17,NA,sage2026czelib
Journal of Visual Culture,1470-4129,1741-2994,2026-04-17,NA,sage2026czelib
Marketing Theory,1470-5931,1741-301X,2026-04-17,NA,sage2026czelib
"Politics, Philosophy & Economics",1470-594X,1741-3060,2026-04-17,NA,sage2026czelib
International Journal of Cross Cultural Management,1470-5958,1741-2838,2026-04-17,NA,sage2026czelib
International Journal of Market Research,1470-7853,2515-2173,2026-04-17,NA,sage2026czelib
Statistical Modelling,1471-082X,1477-0342,2026-04-17,NA,sage2026czelib
Dementia,1471-3012,1741-2684,2026-04-17,NA,sage2026czelib
Planning Theory,1473-0952,1741-3052,2026-04-17,NA,sage2026czelib
Youth Justice,1473-2254,1747-6283,2026-04-17,NA,sage2026czelib
Qualitative Social Work,1473-3250,1741-3117,2026-04-17,NA,sage2026czelib
Common Law World Review,1473-7795,1740-5556,2026-04-17,NA,sage2026czelib
Information Visualization,1473-8716,1473-8724,2026-04-17,NA,sage2026czelib
Arts and Humanities in Higher Education,1474-0222,1741-265X,2026-04-17,NA,sage2026czelib
cultural geographies,1474-4740,1477-0881,2026-04-17,NA,sage2026czelib
European Journal of Political Theory,1474-8851,1741-2730,2026-04-17,NA,sage2026czelib
European Educational Research Journal,1474-9041,1474-9041,2026-04-17,NA,sage2026czelib
Journal of Research in International Education,1475-2409,1741-2943,2026-04-17,NA,sage2026czelib
Psychology Learning & Teaching,1475-7257,2057-3022,2026-04-17,NA,sage2026czelib
Strategic Organization,1476-1270,1741-315X,2026-04-17,NA,sage2026czelib
Journal of Early Childhood Research,1476-718X,1741-2927,2026-04-17,NA,sage2026czelib
Action Research,1476-7503,1741-2617,2026-04-17,NA,sage2026czelib
Currents in Biblical Research,1476-993X,1745-5200,2026-04-17,NA,sage2026czelib
European Journal of Criminology,1477-3708,1741-2609,2026-04-17,NA,sage2026czelib
Clinical Ethics,1477-7509,1758-101X,2026-04-17,NA,sage2026czelib
Theory and Research in Education,1477-8785,1741-3192,2026-04-17,NA,sage2026czelib
Journal of Adult and Continuing Education,1477-9714,1479-7194,2026-04-17,NA,sage2026czelib
Policy Futures in Education,1478-2103,1478-2103,2026-04-17,NA,sage2026czelib
"Citizenship, Social and Economics Education",1478-8047,2047-1734,2026-04-17,NA,sage2026czelib
Political Studies Review,1478-9299,1478-9302,2026-04-17,NA,sage2026czelib
International Journal of Forensic Mental Health,1499-9013,1932-9903,2026-04-17,NA,sage2026czelib
"Journal of College Student Retention: Research, Theory & Practice",1521-0251,1541-4167,2026-04-17,NA,sage2026czelib
Journalism & Communication Monographs,1522-6379,2161-4342,2026-04-17,NA,sage2026czelib
Advances in Developing Human Resources,1523-4223,1552-3055,2026-04-17,NA,sage2026czelib
Journal of Public Affairs Education,1523-6803,2328-9643,2026-04-17,NA,sage2026czelib
Public Finance and Management,1523-9721,1523-9721,2026-04-17,NA,sage2026czelib
Social Marketing Quarterly,1524-5004,1539-4093,2026-04-17,NA,sage2026czelib
"Trauma, Violence, & Abuse",1524-8380,1552-8324,2026-04-17,NA,sage2026czelib
Health Promotion Practice,1524-8399,1552-6372,2026-04-17,NA,sage2026czelib
Communication Disorders Quarterly,1525-7401,1538-4837,2026-04-17,NA,sage2026czelib
Field Methods,1525-822X,1552-3969,2026-04-17,NA,sage2026czelib
Journal of Sports Economics,1527-0025,1552-7794,2026-04-17,NA,sage2026czelib
Television & New Media,1527-4764,1552-8316,2026-04-17,NA,sage2026czelib
Psychological Science in the Public Interest,1529-1006,2160-0031,2026-04-17,NA,sage2026czelib
American Politics Research,1532-673X,1552-3373,2026-04-17,NA,sage2026czelib
Cultural Studies ↔ Critical Methodologies,1532-7086,1552-356X,2026-04-17,NA,sage2026czelib
Human Resource Development Review,1534-4843,1552-6712,2026-04-17,NA,sage2026czelib
Assessment for Effective Intervention,1534-5084,1938-7458,2026-04-17,NA,sage2026czelib
Clinical Case Studies,1534-6501,1552-3802,2026-04-17,NA,sage2026czelib
City & Community,1535-6841,1540-6040,2026-04-17,NA,sage2026czelib
Contexts,1536-5042,1537-6052,2026-04-17,NA,sage2026czelib
Journal of Historical Research in Music Education,1536-6006,2328-2525,2026-04-17,NA,sage2026czelib
The Stata Journal,1536-867X,1536-8734,2026-04-17,NA,sage2026czelib
Journal of Hispanic Higher Education,1538-1927,1552-5716,2026-04-17,NA,sage2026czelib
Journal of Planning History,1538-5132,1552-6585,2026-04-17,NA,sage2026czelib
Chinese Public Administration Review,1539-6754,2573-1483,2026-04-17,NA,sage2026czelib
Research and Practice for Persons with Severe Disabilities,1540-7969,2169-2408,2026-04-17,NA,sage2026czelib
Youth Violence and Juvenile Justice,1541-2040,1556-9330,2026-04-17,NA,sage2026czelib
Journal of Transformative Education,1541-3446,1552-7840,2026-04-17,NA,sage2026czelib
Journal of Pastoral Care & Counseling,1542-3050,2167-776X,2026-04-17,NA,sage2026czelib
Journal of Peacebuilding & Development,1542-3166,2165-7440,2026-04-17,NA,sage2026czelib
Journal of Leadership & Organizational Studies,1548-0518,1939-7089,2026-04-17,NA,sage2026czelib
Collections,1550-1906,NA,2026-04-17,NA,sage2026czelib
Journal of Cognitive Engineering and Decision Making,1555-3434,NA,2026-04-17,NA,sage2026czelib
Games and Culture,1555-4120,1555-4139,2026-04-17,NA,sage2026czelib
Journal of Cases in Educational Leadership,1555-4589,1555-4589,2026-04-17,NA,sage2026czelib
Journal of Empirical Research on Human Research Ethics,1556-2646,1556-2654,2026-04-17,NA,sage2026czelib
Feminist Criminology,1557-0851,1557-086X,2026-04-17,NA,sage2026czelib
International Journal of Sport Finance,1558-6235,1930-076X,2026-04-17,NA,sage2026czelib
Journal of Mixed Methods Research,1558-6898,1558-6901,2026-04-17,NA,sage2026czelib
Recreational Sports Journal,1558-8661,1558-867X,2026-04-17,NA,sage2026czelib
Risk and Decision Analysis,1569-7371,1875-9173,2026-04-17,NA,sage2026czelib
Journal of Modern European History,1611-8944,2631-9764,2026-04-17,NA,sage2026czelib
Journal of Generic Medicines,1741-1343,1741-7090,2026-04-17,NA,sage2026czelib
Educational Management Administration & Leadership,1741-1432,1741-1440,2026-04-17,NA,sage2026czelib
"Crime, Media, Culture",1741-6590,1741-6604,2026-04-17,NA,sage2026czelib
Leadership,1742-7150,1742-7169,2026-04-17,NA,sage2026czelib
Global Media and Communication,1742-7665,1742-7673,2026-04-17,NA,sage2026czelib
"Law, Culture and the Humanities",1743-8721,1743-9752,2026-04-17,NA,sage2026czelib
Journal of Research in Nursing,1744-9871,1744-988X,2026-04-17,NA,sage2026czelib
Research in Comparative and International Education,1745-4999,1745-4999,2026-04-17,NA,sage2026czelib
Perspectives on Psychological Science,1745-6916,1745-6924,2026-04-17,NA,sage2026czelib
"Education, Citizenship and Social Justice",1746-1979,1746-1987,2026-04-17,NA,sage2026czelib
Animation,1746-8477,1746-8485,2026-04-17,NA,sage2026czelib
Quarterly Journal of Experimental Psychology,1747-0218,1747-0226,2026-04-17,NA,sage2026czelib
International Journal of Sports Science & Coaching,1747-9541,2048-397X,2026-04-17,NA,sage2026czelib
International Communication Gazette,1748-0485,1748-0493,2026-04-17,NA,sage2026czelib
Nineteenth Century Theatre and Film,1748-3727,2048-2906,2026-04-17,NA,sage2026czelib
Criminology & Criminal Justice,1748-8958,1748-8966,2026-04-17,NA,sage2026czelib
Critical Studies in Television,1749-6020,1749-6039,2026-04-17,NA,sage2026czelib
Cultural Sociology,1749-9755,1749-9763,2026-04-17,NA,sage2026czelib
Discourse & Communication,1750-4813,1750-4821,2026-04-17,NA,sage2026czelib
"Media, War & Conflict",1750-6352,1750-6360,2026-04-17,NA,sage2026czelib
Memory Studies,1750-6980,1750-6999,2026-04-17,NA,sage2026czelib
Emotion Review,1754-0739,1754-0747,2026-04-17,NA,sage2026czelib
Journal of International Political Theory,1755-0882,1755-1722,2026-04-17,NA,sage2026czelib
InnovAiT,1755-7380,1755-7399,2026-04-17,NA,sage2026czelib
Perspectives in Public Health,1757-9139,1757-9147,2026-04-17,NA,sage2026czelib
Global Health Promotion,1757-9759,1757-9767,2026-04-17,NA,sage2026czelib
Competition and Regulation in Network Industries,1783-5917,2399-2956,2026-04-17,NA,sage2026czelib
Health Information Management Journal,1833-3583,1833-3575,2026-04-17,NA,sage2026czelib
Australasian Journal of Early Childhood,1836-9391,1839-5961,2026-04-17,NA,sage2026czelib
Electronic News,1931-2431,1931-244X,2026-04-17,NA,sage2026czelib
Journal of Advanced Academics,1932-202X,2162-9536,2026-04-17,NA,sage2026czelib
Journal of Applied Social Science,1936-7244,1937-0245,2026-04-17,NA,sage2026czelib
HERD: Health Environments Research & Design Journal,1937-5867,2167-5112,2026-04-17,NA,sage2026czelib
Cornell Hospitality Quarterly,1938-9655,1938-9663,2026-04-17,NA,sage2026czelib
New Horizons in Adult Education and Human Resource Development,1939-4225,1939-4225,2026-04-17,NA,sage2026czelib
Journal of Spiritual Formation and Soul Care,1939-7909,2328-1030,2026-04-17,NA,sage2026czelib
The International Journal of Press/Politics,1940-1612,1940-1620,2026-04-17,NA,sage2026czelib
International Review of Qualitative Research,1940-8447,1940-8455,2026-04-17,NA,sage2026czelib
Journal of Research on Leadership Education,1942-7751,1942-7751,2026-04-17,NA,sage2026czelib
Human Geography,1942-7786,2633-674X,2026-04-17,NA,sage2026czelib
World Futures Review,1946-7567,2169-2793,2026-04-17,NA,sage2026czelib
String Research Journal,1948-4992,2164-0661,2026-04-17,NA,sage2026czelib
Social Psychological and Personality Science,1948-5506,1948-5514,2026-04-17,NA,sage2026czelib
European Labour Law Journal,2031-9525,2399-5556,2026-04-17,NA,sage2026czelib
New Journal of European Criminal Law,2032-2844,2399-293X,2026-04-17,NA,sage2026czelib
Organizational Psychology Review,2041-3866,2041-3874,2026-04-17,NA,sage2026czelib
Political Insight,2041-9058,2041-9066,2026-04-17,NA,sage2026czelib
E-Learning and Digital Media,2042-7530,2042-7530,2026-04-17,NA,sage2026czelib
Global Studies of Childhood,2043-6106,2043-6106,2026-04-17,NA,sage2026czelib
Dialogues in Human Geography,2043-8206,2043-8214,2026-04-17,NA,sage2026czelib
Journal of Information Technology Teaching Cases,2043-8869,2043-8869,2026-04-17,NA,sage2026czelib
Public Relations Inquiry,2046-147X,2046-1488,2026-04-17,NA,sage2026czelib
Mobile Media & Communication,2050-1579,2050-1587,2026-04-17,NA,sage2026czelib
Critical Research on Religion,2050-3032,2050-3040,2026-04-17,NA,sage2026czelib
"Drug Science, Policy and Law",2050-3245,2050-3245,2026-04-17,NA,sage2026czelib
Recherche et Applications en Marketing (English Edition),2051-5707,2051-5707,2026-04-17,NA,sage2026czelib
The Bible Translator,2051-6770,2051-6789,2026-04-17,NA,sage2026czelib
The Anthropocene Review,2053-0196,2053-020X,2026-04-17,NA,sage2026czelib
Journal of Psychologists and Counsellors in Schools,2055-6365,2055-6373,2026-04-17,NA,sage2026czelib
International Journal of Christianity & Education,2056-9971,2056-998X,2026-04-17,NA,sage2026czelib
Chinese Journal of Sociology,2057-150X,2057-1518,2026-04-17,NA,sage2026czelib
Asian Journal of Comparative Politics,2057-8911,2057-892X,2026-04-17,NA,sage2026czelib
European Journal of Probation,2066-2203,2066-2203,2026-04-17,NA,sage2026czelib
Race and Justice,2153-3687,2153-3687,2026-04-17,NA,sage2026czelib
Education and Training in Autism and Developmental Disabilities,2154-1647,3068-1391,2026-04-17,NA,sage2026czelib
Society and Mental Health,2156-8693,2156-8731,2026-04-17,NA,sage2026czelib
Migration and Development,2163-2324,2163-2332,2026-04-17,NA,sage2026czelib
Journal of Hospitality & Tourism Cases,2164-9987,2164-9987,2026-04-17,NA,sage2026czelib
Career Development and Transition for Exceptional Individuals,2165-1434,2165-1442,2026-04-17,NA,sage2026czelib
Communication & Sport,2167-4795,2167-4809,2026-04-17,NA,sage2026czelib
Emerging Adulthood,2167-6968,2167-6984,2026-04-17,NA,sage2026czelib
Clinical Psychological Science,2167-7026,2167-7034,2026-04-17,NA,sage2026czelib
Clinical Practice in Pediatric Psychology,2169-4826,2169-4834,2026-04-17,NA,sage2026czelib
PsyEcology,2171-1976,1989-9386,2026-04-17,NA,sage2026czelib
History and Sociology of South Asia,2230-8075,2249-5312,2026-04-17,NA,sage2026czelib
Journal of the Anthropological Survey of India,2277-436X,2632-4369,2026-04-17,NA,sage2026czelib
IIM Kozhikode Society & Management Review,2277-9752,2321-029X,2026-04-17,NA,sage2026czelib
Agrarian South: Journal of Political Economy,2277-9760,2321-0281,2026-04-17,NA,sage2026czelib
South Asian Journal of Business and Management Cases,2277-9779,2321-0303,2026-04-17,NA,sage2026czelib
South Asian Journal of Macroeconomics and Public Finance,2277-9787,2321-0273,2026-04-17,NA,sage2026czelib
Business Perspectives and Research,2278-5337,2394-9937,2026-04-17,NA,sage2026czelib
Asia-Pacific Journal of Management Research and Innovation,2319-510X,2321-0729,2026-04-17,NA,sage2026czelib
FIIB Business Review,2319-7145,2455-2658,2026-04-17,NA,sage2026czelib
Studies in Microeconomics,2321-0222,2321-8398,2026-04-17,NA,sage2026czelib
Studies in Indian Politics,2321-0230,2321-7472,2026-04-17,NA,sage2026czelib
Journal of Land and Rural Studies,2321-0249,2321-7464,2026-04-17,NA,sage2026czelib
Asian Journal of Legal Education,2322-0058,2348-2451,2026-04-17,NA,sage2026czelib
South Asian Journal of Human Resources Management,2322-0937,2349-5790,2026-04-17,NA,sage2026czelib
Proceedings of the International Symposium on Human Factors and Ergonomics in Health Care,2327-8595,2327-8595,2026-04-17,NA,sage2026czelib
International Journal of Business Communication,2329-4884,2329-4892,2026-04-17,NA,sage2026czelib
Business and Professional Communication Quarterly,2329-4906,2329-4922,2026-04-17,NA,sage2026czelib
Social Currents,2329-4965,2329-4973,2026-04-17,NA,sage2026czelib
Journal on Migration and Human Security,2331-5024,2330-2488,2026-04-17,NA,sage2026czelib
Sociology of Race and Ethnicity,2332-6492,2332-6506,2026-04-17,NA,sage2026czelib
New Perspectives,2336-825X,2336-8268,2026-04-17,NA,sage2026czelib
Higher Education for the Future,2347-6311,2348-5779,2026-04-17,NA,sage2026czelib
Journal of Asian Security and International Affairs,2347-7970,2349-0039,2026-04-17,NA,sage2026czelib
Contemporary Review of the Middle East,2347-7989,2349-0055,2026-04-17,NA,sage2026czelib
Studies in People’s History,2348-4489,2349-7718,2026-04-17,NA,sage2026czelib
Institutionalised Children Explorations and Beyond,2349-3003,2349-3011,2026-04-17,NA,sage2026czelib
Policy Insights from the Behavioral and Brain Sciences,2372-7322,2372-7330,2026-04-17,NA,sage2026czelib
Pedagogy in Health Promotion,2373-3799,2373-3802,2026-04-17,NA,sage2026czelib
Management Teaching Review,2379-2981,2379-2981,2026-04-17,NA,sage2026czelib
"Literacy Research: Theory, Method, and Practice",2381-3377,2381-3377,2026-04-17,NA,sage2026czelib
Society and Culture in South Asia,2393-8617,2394-9872,2026-04-17,NA,sage2026czelib
Journal of Entrepreneurship and Innovation in Emerging Economies,2393-9575,2394-9945,2026-04-17,NA,sage2026czelib
Journal of Social Inclusion Studies,2394-4811,2516-6123,2026-04-17,NA,sage2026czelib
Emerging Economy Studies,2394-9015,2454-2148,2026-04-17,NA,sage2026czelib
Journal of Creating Value,2394-9643,2454-213X,2026-04-17,NA,sage2026czelib
International Bulletin of Mission Research,2396-9393,2396-9407,2026-04-17,NA,sage2026czelib
German Journal of Human Resource Management,2397-0022,2397-0030,2026-04-17,NA,sage2026czelib
Environment and Planning C: Politics and Space,2399-6544,2399-6552,2026-04-17,NA,sage2026czelib
Environment and Planning B: Urban Analytics and City Science,2399-8083,2399-8091,2026-04-17,NA,sage2026czelib
Journal of Development Policy and Practice,2455-1333,2455-4952,2026-04-17,NA,sage2026czelib
Contemporary Voice of Dalit,2455-328X,2456-0502,2026-04-17,NA,sage2026czelib
ANTYAJAA: Indian Journal of Women and Social Change,2455-6327,2456-3722,2026-04-17,NA,sage2026czelib
Urbanisation,2455-7471,2456-3714,2026-04-17,NA,sage2026czelib
Journal of Heritage Management,2455-9296,2456-4796,2026-04-17,NA,sage2026czelib
Journal of Chinese Writing Systems,2513-8502,2513-8510,2026-04-17,NA,sage2026czelib
Environment and Planning E: Nature and Space,2514-8486,2514-8494,2026-04-17,NA,sage2026czelib
Entrepreneurship Education and Pedagogy,2515-1274,2515-1274,2026-04-17,NA,sage2026czelib
Journal of Patient Safety and Risk Management,2516-0435,2516-0443,2026-04-17,NA,sage2026czelib
Developmental Child Welfare,2516-1032,2516-1040,2026-04-17,NA,sage2026czelib
Journal of Operations and Strategic Planning,2516-600X,2516-6018,2026-04-17,NA,sage2026czelib
The International Journal of Community and Social Development,2516-6026,2516-6034,2026-04-17,NA,sage2026czelib
Journal of Victimology and Victim Justice,2516-6069,2516-6077,2026-04-17,NA,sage2026czelib
Journal of White Collar and Corporate Crime,2631-309X,2631-3103,2026-04-17,NA,sage2026czelib
NHRD Network Journal,2631-4541,2631-455X,2026-04-17,NA,sage2026czelib
Journal of Asian Economic Integration,2631-6846,2631-6854,2026-04-17,NA,sage2026czelib
Journal of Prevention and Health Promotion,2632-0770,2632-0789,2026-04-17,NA,sage2026czelib
Incarceration,2632-6663,2632-6663,2026-04-17,NA,sage2026czelib
Violence: An International Journal,2633-0024,2633-0032,2026-04-17,NA,sage2026czelib
Journal of Criminology,2633-8076,2633-8084,2026-04-17,NA,sage2026czelib
Human Systems,2634-4041,2634-4041,2026-04-17,NA,sage2026czelib
Multimodality & Society,2634-9795,2634-9809,2026-04-17,NA,sage2026czelib
Coastal Studies & Society,2634-9817,2634-9817,2026-04-17,NA,sage2026czelib
Environment and Planning F,2634-9825,2634-9825,2026-04-17,NA,sage2026czelib
Management and Business Review,2694-104X,2694-1058,2026-04-17,NA,sage2026czelib
Journal of Cultural Management and Cultural Policy,2701-8466,2701-9276,2026-04-17,NA,sage2026czelib
Inclusive Practices,2732-4745,2732-4745,2026-04-17,NA,sage2026czelib
Community Health Equity Research & Policy,2752-535X,2752-5368,2026-04-17,NA,sage2026czelib
Equity in Education & Society,2752-6461,2752-6461,2026-04-17,NA,sage2026czelib
Journal of General Music Education,2752-7646,2752-7646,2026-04-17,NA,sage2026czelib
Journal of Alternative Finance,2753-3743,2753-3743,2026-04-17,NA,sage2026czelib
Chinese Journal of Transnational Law,2753-412X,2753-412X,2026-04-17,NA,sage2026czelib
Possibility Studies & Society,2753-8699,2753-8699,2026-04-17,NA,sage2026czelib
"DIY, Alternative Cultures & Society",2753-8702,2753-8702,2026-04-17,NA,sage2026czelib
Environment and Security,2753-8796,2753-8796,2026-04-17,NA,sage2026czelib
Journal of Tropical Futures,2753-8931,2753-8931,2026-04-17,NA,sage2026czelib
Progress in Environmental Geography,2753-9687,2753-9687,2026-04-17,NA,sage2026czelib
Transactions in Planning and Urban Research,2754-1223,2754-1223,2026-04-17,NA,sage2026czelib
"Transactions in Urban Data, Science, and Technology",2754-1231,2754-1231,2026-04-17,NA,sage2026czelib
"Transactions in Earth, Environment, and Sustainability",2754-124X,2754-124X,2026-04-17,NA,sage2026czelib
Dialogues in Urban Research,2754-1258,2754-1258,2026-04-17,NA,sage2026czelib
Journal of Management Scientific Reports,2755-0311,2755-0311,2026-04-17,NA,sage2026czelib
International Journal of Social Determinants of Health and Health Services,2755-1938,2755-1946,2026-04-17,NA,sage2026czelib
Translational Data Science for Social Impact,2755-6662,2755-5666,2026-04-17,NA,sage2026czelib
Journal of Smart Tourism,2765-2157,2765-7272,2026-04-17,NA,sage2026czelib
Quantum Economics and Finance,2976-7032,2976-7040,2026-04-17,NA,sage2026czelib
Transactions in Energy and Sustainability,2976-8632,2976-8632,2026-04-17,NA,sage2026czelib
Dialogues on Digital Society,2976-8640,2976-8640,2026-04-17,NA,sage2026czelib
Dialogues on Climate Change,2976-8659,2976-8659,2026-04-17,NA,sage2026czelib
Dialogues in Sociology,2976-8667,2976-8667,2026-04-17,NA,sage2026czelib
International Journal of Commerce and Contracting,2976-8829,2976-8837,2026-04-17,NA,sage2026czelib
Journal of World Affairs,2976-9442,2976-9450,2026-04-17,NA,sage2026czelib
Design for Augmented Humanity,2977-6481,2977-649X,2026-04-17,NA,sage2026czelib
Gender Equity: An Interdisciplinary Journal,2977-7623,2977-7623,2026-04-17,NA,sage2026czelib
"Media, Technology and Governance",2977-7984,2977-7992,2026-04-17,NA,sage2026czelib
Belonging,3029-0805,3029-0805,2026-04-17,NA,sage2026czelib
Sex & Sexualities,3033-3717,3033-3717,2026-04-17,NA,sage2026czelib
"Literature, Critique, and Empire Today",3033-3962,3033-3970,2026-04-17,NA,sage2026czelib
Urban Political Ecology,3049-7515,3049-7515,2026-04-17,NA,sage2026czelib
Dialogues in Management,3049-7523,3049-7523,2026-04-17,NA,sage2026czelib
Designing,3049-7671,3049-7671,2026-04-17,NA,sage2026czelib
News Research Journal,3049-7841,3049-785X,2026-04-17,NA,sage2026czelib
Jindal Management Journal,3049-7876,3049-7884,2026-04-17,NA,sage2026czelib
Update: Applications of Research in Music Education,8755-1233,1945-0109,2026-04-17,NA,sage2026czelib
Rural Special Education Quarterly,8756-8705,2168-8605,2026-04-17,NA,sage2026czelib
Project Management Journal,8756-9728,1938-9507,2026-04-17,NA,sage2026czelib
Dialogues in Innovation & Entrepreneurship,NA,NA,2026-04-17,NA,sage2026czelib
Dialogues in AI & Society,NA,NA,2026-04-17,NA,sage2026czelib
The European Journal on Artificial Intelligence,3050-4554,3050-4546,2026-04-17,NA,sage2026czelib
International Journal of Clinical Metabolism and Diabetes,3050-2071,3050-208X,2026-04-17,NA,sage2026czelib
Belonging,3029-0805,3029-0805,2026-04-17,NA,sage2026czelib
Substance Use & Addiction Journal,2976-7342,2976-7350,2026-04-17,NA,sage2026czelib
Advances in Communication and Swallowing,2772-5383,2772-5391,2026-04-17,NA,sage2026czelib
Journal of Smart Cities and Society,2772-3577,2772-3585,2026-04-17,NA,sage2026czelib
International Journal of Social Determinants of Health and Health Services,2755-1938,2755-1946,2026-04-17,NA,sage2026czelib
Nursing & Midwifery Research Journal,0974-150X,2752-8367,2026-04-17,NA,sage2026czelib
Journal of Pediatric Hematology/Oncology Nursing,2752-7530,2752-7549,2026-04-17,NA,sage2026czelib
Community Health Equity Research & Policy,2752-535X,2752-5368,2026-04-17,NA,sage2026czelib
FACE,2732-5016,2732-5016,2026-04-17,NA,sage2026czelib
The Science of Diabetes Self-Management and Care,2635-0106,2635-0114,2026-04-17,NA,sage2026czelib
Foregut,2634-5161,2634-5161,2026-04-17,NA,sage2026czelib
ADCES in Practice,2633-559X,2633-5603,2026-04-17,NA,sage2026czelib
Alternatives to Laboratory Animals,0261-1929,2632-3559,2026-04-17,NA,sage2026czelib
Research Methods in Medicine & Health Sciences,2632-0843,2632-0843,2026-04-17,NA,sage2026czelib
Journal of Prevention and Health Promotion,2632-0770,2632-0789,2026-04-17,NA,sage2026czelib
Applied Earth Science,2572-6838,2572-6846,2026-04-17,NA,sage2026czelib
Mining Technology,2572-6668,2572-6676,2026-04-17,NA,sage2026czelib
Mineral Processing and Extractive Metallurgy,2572-6641,2572-665X,2026-04-17,NA,sage2026czelib
Journal of Stroke Medicine,2516-6085,2516-6093,2026-04-17,NA,sage2026czelib
Journal of Micromanufacturing,2516-5984,2516-5992,2026-04-17,NA,sage2026czelib
Journal of Patient Safety and Risk Management,2516-0435,2516-0443,2026-04-17,NA,sage2026czelib
Journal of Perioperative Practice,1750-4589,2515-7949,2026-04-17,NA,sage2026czelib
Community Dental Health,0265-539X,2515-1746,2026-04-17,NA,sage2026czelib
Journal of Psoriasis and Psoriatic Arthritis®,2475-5303,2475-5311,2026-04-17,NA,sage2026czelib
Journal of VitreoRetinal Diseases,2474-1264,2474-1272,2026-04-17,NA,sage2026czelib
Journal of Veterinary Dentistry,0898-7564,2470-4083,2026-04-17,NA,sage2026czelib
ICGA Journal,1389-6911,2468-2438,2026-04-17,NA,sage2026czelib
Web Intelligence,2405-6456,2405-6464,2026-04-17,NA,sage2026czelib
Journal of Onco-Nephrology,2399-3693,2399-3707,2026-04-17,NA,sage2026czelib
Interventional Neuroradiology,1591-0199,2385-2011,2026-04-17,NA,sage2026czelib
The Neuroradiology Journal,1971-4009,2385-1996,2026-04-17,NA,sage2026czelib
JDR Clinical & Translational Research,2380-0844,2380-0852,2026-04-17,NA,sage2026czelib
Journal of Dance Medicine & Science,1089-313X,2374-8060,2026-04-17,NA,sage2026czelib
The American Journal of Cosmetic Surgery,0748-8068,2374-7722,2026-04-17,NA,sage2026czelib
Pedagogy in Health Promotion,2373-3799,2373-3802,2026-04-17,NA,sage2026czelib
Policy Insights from the Behavioral and Brain Sciences,2372-7322,2372-7330,2026-04-17,NA,sage2026czelib
Journal of Palliative Care,0825-8597,2369-5293,2026-04-17,NA,sage2026czelib
Healthcare Management Forum,0840-4704,2352-3883,2026-04-17,NA,sage2026czelib
Journal of Cellular Biotechnology,2352-3689,2352-3697,2026-04-17,NA,sage2026czelib
Journal of Pediatric Surgical Nursing,2332-0249,2332-0249,2026-04-17,NA,sage2026czelib
Proceedings of the International Symposium on Human Factors and Ergonomics in Health Care,2327-8595,2327-8595,2026-04-17,NA,sage2026czelib
Journal of Advanced Oral Research,2320-2068,2320-2076,2026-04-17,NA,sage2026czelib
Plastic Surgery,2292-5503,2292-5511,2026-04-17,NA,sage2026czelib
Journal of Endometriosis and Pelvic Pain Disorders,2284-0265,2284-0273,2026-04-17,NA,sage2026czelib
Translational Science of Rare Diseases,2214-6490,2214-6512,2026-04-17,NA,sage2026czelib
Physiotherapy Practice and Research,2213-0683,2213-0691,2026-04-17,NA,sage2026czelib
Computability,2211-3568,2211-3576,2026-04-17,NA,sage2026czelib
Intelligenza Artificiale,1724-8035,2211-0097,2026-04-17,NA,sage2026czelib
International Journal of Developmental Science,2192-001X,2191-7485,2026-04-17,NA,sage2026czelib
Clinical EEG and Neuroscience,1550-0594,2169-5202,2026-04-17,NA,sage2026czelib
Proceedings of the Human Factors and Ergonomics Society Annual Meeting,1071-1813,2169-5067,2026-04-17,NA,sage2026czelib
Clinical Practice in Pediatric Psychology,2169-4826,2169-4834,2026-04-17,NA,sage2026czelib
American Journal of Health Promotion,0890-1171,2168-6602,2026-04-17,NA,sage2026czelib
Acupuncture & Electro-Therapeutics Research,0360-1293,2167-9010,2026-04-17,NA,sage2026czelib
Clinical Psychological Science,2167-7026,2167-7034,2026-04-17,NA,sage2026czelib
HERD: Health Environments Research & Design Journal,1937-5867,2167-5112,2026-04-17,NA,sage2026czelib
Workplace Health & Safety,2165-0799,2165-0969,2026-04-17,NA,sage2026czelib
Progress in Transplantation,1526-9248,2164-6708,2026-04-17,NA,sage2026czelib
Beyond Behavior,1074-2956,2163-5323,2026-04-17,NA,sage2026czelib
Behavioral Disorders,0198-7429,2163-5307,2026-04-17,NA,sage2026czelib
Contemporary Drug Problems,0091-4509,2163-1808,2026-04-17,NA,sage2026czelib
Journal of Ethnobiology,0278-0771,2162-4496,2026-04-17,NA,sage2026czelib
Psychological Science in the Public Interest,1529-1006,2160-0031,2026-04-17,NA,sage2026czelib
Algorithmic Finance,2158-5571,2157-6203,2026-04-17,NA,sage2026czelib
Society and Mental Health,2156-8693,2156-8731,2026-04-17,NA,sage2026czelib
World Journal for Pediatric and Congenital Heart Surgery,2150-1351,2150-136X,2026-04-17,NA,sage2026czelib
International Journal of Space Structures,0956-0599,2059-8033,2026-04-17,NA,sage2026czelib
Building Acoustics,1351-010X,2059-8025,2026-04-17,NA,sage2026czelib
International Journal of Care Coordination,2053-4345,2053-4353,2026-04-17,NA,sage2026czelib
Journal of Clinical Urology,2051-4158,2051-4166,2026-04-17,NA,sage2026czelib
The Linacre Quarterly,0024-3639,2050-8549,2026-04-17,NA,sage2026czelib
International Journal of Mechanical Engineering Education,0306-4190,2050-4586,2026-04-17,NA,sage2026czelib
International Journal of Electrical Engineering & Education,0020-7209,2050-4578,2026-04-17,NA,sage2026czelib
"Drug Science, Policy and Law",2050-3245,2050-3245,2026-04-17,NA,sage2026czelib
Primary Dental Journal,2050-1684,2050-1692,2026-04-17,NA,sage2026czelib
British Journal of Pain,2049-4637,2049-4645,2026-04-17,NA,sage2026czelib
Noise & Vibration Worldwide,0957-4565,2048-4062,2026-04-17,NA,sage2026czelib
Wind Engineering,0309-524X,2048-402X,2026-04-17,NA,sage2026czelib
Advances in Structural Engineering,1369-4332,2048-4011,2026-04-17,NA,sage2026czelib
International Journal of Aeroacoustics,1475-472X,2048-4003,2026-04-17,NA,sage2026czelib
International Journal of Architectural Computing,1478-0771,2048-3988,2026-04-17,NA,sage2026czelib
JRSM Cardiovascular Disease,2048-0040,2048-0040,2026-04-17,NA,sage2026czelib
Nutrition and Health,0260-1060,2047-945X,2026-04-17,NA,sage2026czelib
Medical Law International,0968-5332,2047-9441,2026-04-17,NA,sage2026czelib
Scottish Medical Journal,0036-9330,2045-6441,2026-04-17,NA,sage2026czelib
Polymers from Renewable Resources,2041-2479,2045-1377,2026-04-17,NA,sage2026czelib
Journal of Hand Surgery (European Volume),1753-1934,2043-6289,2026-04-17,NA,sage2026czelib
International Wood Products Journal,2042-6445,2042-6453,2026-04-17,NA,sage2026czelib
Medico-Legal Journal,0025-8172,2042-1834,2026-04-17,NA,sage2026czelib
"Medicine, Science and the Law",0025-8024,2042-1818,2026-04-17,NA,sage2026czelib
International Journal of Protective Structures,2041-4196,2041-420X,2026-04-17,NA,sage2026czelib
Tumori Journal,0300-8916,2038-2529,2026-04-17,NA,sage2026czelib
Mediterranean Journal of Nutrition and Metabolism,1973-798X,1973-7998,2026-04-17,NA,sage2026czelib
Argument & Computation,1946-2166,1946-2174,2026-04-17,NA,sage2026czelib
Creative Nursing,1078-4535,1946-1895,2026-04-17,NA,sage2026czelib
American Journal of Rhinology & Allergy,1945-8924,1945-8932,2026-04-17,NA,sage2026czelib
Journal of Drug Issues,0022-0426,1945-1369,2026-04-17,NA,sage2026czelib
Hospital Pharmacy,0018-5787,1945-1253,2026-04-17,NA,sage2026czelib
Foot & Ankle International,1071-1007,1944-7876,2026-04-17,NA,sage2026czelib
"Annals of Otology, Rhinology & Laryngology",0003-4894,1943-572X,2026-04-17,NA,sage2026czelib
Journal of Veterinary Diagnostic Investigation,1040-6387,1943-4936,2026-04-17,NA,sage2026czelib
Applied Spectroscopy,0003-7028,1943-3530,2026-04-17,NA,sage2026czelib
NASN School Nurse,1942-602X,1942-6038,2026-04-17,NA,sage2026czelib
The Neurohospitalist,1941-8744,1941-8752,2026-04-17,NA,sage2026czelib
Asia Pacific Journal of Public Health,1010-5395,1941-2479,2026-04-17,NA,sage2026czelib
Journal of the American Psychoanalytic Association,0003-0651,1941-2460,2026-04-17,NA,sage2026czelib
Sports Health,1941-7381,1941-0921,2026-04-17,NA,sage2026czelib
Seminars in Cardiothoracic and Vascular Anesthesia,1089-2532,1940-5596,2026-04-17,NA,sage2026czelib
Clothing and Textiles Research Journal,0887-302X,1940-2473,2026-04-17,NA,sage2026czelib
International Journal of Surgical Pathology,1066-8969,1940-2465,2026-04-17,NA,sage2026czelib
Angiology,0003-3197,1940-1574,2026-04-17,NA,sage2026czelib
Tropical Conservation Science,1940-0829,1940-0829,2026-04-17,NA,sage2026czelib
Vascular and Endovascular Surgery,1538-5744,1938-9116,2026-04-17,NA,sage2026czelib
Hispanic Health Care International,1540-4153,1938-8993,2026-04-17,NA,sage2026czelib
Foot & Ankle Specialist,1938-6400,1938-7636,2026-04-17,NA,sage2026czelib
American Journal of Hospice and Palliative Medicine®,1049-9091,1938-2715,2026-04-17,NA,sage2026czelib
Clinical Pediatrics,0009-9228,1938-2707,2026-04-17,NA,sage2026czelib
OTJR: Occupational Therapy Journal of Research,1539-4492,1938-2383,2026-04-17,NA,sage2026czelib
International Journal of Forensic Mental Health,1499-9013,1932-9903,2026-04-17,NA,sage2026czelib
Journal of Diabetes Science and Technology,1932-2968,1932-2968,2026-04-17,NA,sage2026czelib
Academic Forensic Pathology,1925-3621,1925-3621,2026-04-17,NA,sage2026czelib
Canadian Journal of Occupational Therapy,0008-4174,1911-9828,2026-04-17,NA,sage2026czelib
Journal of Huntington's Disease,1879-6397,1879-6400,2026-04-17,NA,sage2026czelib
Technology and Health Care,0928-7329,1878-7401,2026-04-17,NA,sage2026czelib
International Journal of Risk & Safety in Medicine,0924-6479,1878-6847,2026-04-17,NA,sage2026czelib
Journal of Vestibular Research,0957-4271,1878-6464,2026-04-17,NA,sage2026czelib
NeuroRehabilitation,1053-8135,1878-6448,2026-04-17,NA,sage2026czelib
Technology and Disability,1055-4181,1878-643X,2026-04-17,NA,sage2026czelib
Journal of Back and Musculoskeletal Rehabilitation,1053-8127,1878-6324,2026-04-17,NA,sage2026czelib
Journal of Vocational Rehabilitation,1052-2263,1878-6316,2026-04-17,NA,sage2026czelib
Isokinetics and Exercise Science,0959-3020,1878-5913,2026-04-17,NA,sage2026czelib
Journal of Berry Research,1878-5093,1878-5123,2026-04-17,NA,sage2026czelib
Biorheology,0006-355X,1878-5034,2026-04-17,NA,sage2026czelib
Journal of Neonatal-Perinatal Medicine,1934-5798,1878-4429,2026-04-17,NA,sage2026czelib
Restorative Neurology and Neuroscience,0922-6028,1878-3627,2026-04-17,NA,sage2026czelib
Bio-Medical Materials and Engineering,0959-2989,1878-3619,2026-04-17,NA,sage2026czelib
Journal of Ambient Intelligence and Smart Environments,1876-1364,1876-1372,2026-04-17,NA,sage2026czelib
"Strength, Fracture and Complexity",1567-2069,1875-9262,2026-04-17,NA,sage2026czelib
Statistical Journal of the IAOS,1874-7655,1875-9254,2026-04-17,NA,sage2026czelib
Multiagent and Grid Systems,1574-1702,1875-9076,2026-04-17,NA,sage2026czelib
Model Assisted Statistics and Applications,1574-1699,1875-9068,2026-04-17,NA,sage2026czelib
Journal of Intelligent & Fuzzy Systems,1064-1246,1875-8967,2026-04-17,NA,sage2026czelib
Journal of Integrated Design and Process Science,1092-0617,1875-8959,2026-04-17,NA,sage2026czelib
Journal of High Speed Networks,0926-6801,1875-8940,2026-04-17,NA,sage2026czelib
Journal of Computer Security,0926-227X,1875-8924,2026-04-17,NA,sage2026czelib
Journal of Alzheimer’s Disease,1387-2877,1875-8908,2026-04-17,NA,sage2026czelib
Intelligent Decision Technologies,1872-4981,1875-8843,2026-04-17,NA,sage2026czelib
Integrated Computer-Aided Engineering,1069-2509,1875-8835,2026-04-17,NA,sage2026czelib
International Journal of Knowledge-Based and Intelligent Engineering Systems,1327-2314,1875-8827,2026-04-17,NA,sage2026czelib
International Journal of Hybrid Intelligent Systems,1448-5869,1875-8819,2026-04-17,NA,sage2026czelib
International Journal of Applied Electromagnetics and Mechanics,1383-5416,1875-8800,2026-04-17,NA,sage2026czelib
Information Services and Use,0167-5265,1875-8789,2026-04-17,NA,sage2026czelib
Information Polity,1570-1255,1875-8754,2026-04-17,NA,sage2026czelib
Human Systems Management,0167-2533,1875-8703,2026-04-17,NA,sage2026czelib
Human Antibodies,1093-2607,1875-869X,2026-04-17,NA,sage2026czelib
Clinical Hemorheology and Microcirculation,1386-0291,1875-8622,2026-04-17,NA,sage2026czelib
Asymptotic Analysis,0921-7134,1875-8576,2026-04-17,NA,sage2026czelib
Applied Ontology,1570-5838,1875-8533,2026-04-17,NA,sage2026czelib
Annals of the ICRP,0146-6453,1872-969X,2026-04-17,NA,sage2026czelib
Health Information Management Journal,1833-3583,1833-3575,2026-04-17,NA,sage2026czelib
Asian Cardiovascular and Thoracic Annals,0218-4923,1816-5370,2026-04-17,NA,sage2026czelib
Acupuncture in Medicine,0964-5284,1759-9873,2026-04-17,NA,sage2026czelib
Hand Therapy,1758-9983,1758-9991,2026-04-17,NA,sage2026czelib
Shoulder & Elbow,1758-5732,1758-5740,2026-04-17,NA,sage2026czelib
Avian Biology Research,1758-1559,1758-1567,2026-04-17,NA,sage2026czelib
Tropical Doctor,0049-4755,1758-1133,2026-04-17,NA,sage2026czelib
Phlebology,0268-3555,1758-1125,2026-04-17,NA,sage2026czelib
Laboratory Animals,0023-6772,1758-1117,2026-04-17,NA,sage2026czelib
Journal of Telemedicine and Telecare,1357-633X,1758-1109,2026-04-17,NA,sage2026czelib
Journal of the Royal Society of Medicine,0141-0768,1758-1095,2026-04-17,NA,sage2026czelib
Journal of Medical Biography,0967-7720,1758-1087,2026-04-17,NA,sage2026czelib
Journal of Health Services Research & Policy,1355-8196,1758-1060,2026-04-17,NA,sage2026czelib
International Journal of STD & AIDS,0956-4624,1758-1052,2026-04-17,NA,sage2026czelib
Health Services Management Research,0951-4848,1758-1044,2026-04-17,NA,sage2026czelib
Clinical Ethics,1477-7509,1758-101X,2026-04-17,NA,sage2026czelib
Annals of Clinical Biochemistry,0004-5632,1758-1001,2026-04-17,NA,sage2026czelib
Global Health Promotion,1757-9759,1757-9767,2026-04-17,NA,sage2026czelib
Perspectives in Public Health,1757-9139,1757-9147,2026-04-17,NA,sage2026czelib
Journal of Infection Prevention,1757-1774,1757-1782,2026-04-17,NA,sage2026czelib
International Journal of Spray and Combustion Dynamics,1756-8277,1756-8285,2026-04-17,NA,sage2026czelib
NIR news,0960-3360,1756-2708,2026-04-17,NA,sage2026czelib
InnovAiT,1755-7380,1755-7399,2026-04-17,NA,sage2026czelib
International Journal of RF Technologies,1754-5730,1754-5749,2026-04-17,NA,sage2026czelib
Obstetric Medicine,1753-495X,1753-4968,2026-04-17,NA,sage2026czelib
Journal of the Renin-Angiotensin-Aldosterone System,1470-3203,1752-8976,2026-04-17,NA,sage2026czelib
European Journal of Mass Spectrometry,1469-0667,1751-6838,2026-04-17,NA,sage2026czelib
Journal of Near Infrared Spectroscopy,0967-0335,1751-6552,2026-04-17,NA,sage2026czelib
"Tribology - Materials, Surfaces & Interfaces",1751-5831,1751-584X,2026-04-17,NA,sage2026czelib
Journal of the Intensive Care Society,1751-1437,1751-1437,2026-04-17,NA,sage2026czelib
Health Education Journal,0017-8969,1748-8176,2026-04-17,NA,sage2026czelib
International Journal of Stroke,1747-4930,1747-4949,2026-04-17,NA,sage2026czelib
Quarterly Journal of Experimental Psychology,1747-0218,1747-0226,2026-04-17,NA,sage2026czelib
Textile Research Journal,0040-5175,1746-7748,2026-04-17,NA,sage2026czelib
Chronic Illness,1742-3953,1745-9206,2026-04-17,NA,sage2026czelib
Perspectives on Psychological Science,1745-6916,1745-6924,2026-04-17,NA,sage2026czelib
Main Group Chemistry,1024-1221,1745-1167,2026-04-17,NA,sage2026czelib
Journal of Research in Nursing,1744-9871,1744-988X,2026-04-17,NA,sage2026czelib
Bridge Structures,1573-2487,1744-8999,2026-04-17,NA,sage2026czelib
Journal of Intellectual Disabilities,1744-6295,1744-6309,2026-04-17,NA,sage2026czelib
British Journal of Visual Impairment,0264-6196,1744-5809,2026-04-17,NA,sage2026czelib
Journal of Building Physics,1744-2591,1744-2583,2026-04-17,NA,sage2026czelib
Advances in Applied Ceramics,1743-6753,1743-6761,2026-04-17,NA,sage2026czelib
Surface Engineering,0267-0844,1743-2944,2026-04-17,NA,sage2026czelib
Science and Technology of Welding and Joining,1362-1718,1743-2936,2026-04-17,NA,sage2026czelib
Powder Metallurgy,0032-5899,1743-2901,2026-04-17,NA,sage2026czelib
"Plastics, Rubber and Composites",1465-8011,1743-2898,2026-04-17,NA,sage2026czelib
Materials Science and Technology,0267-0836,1743-2847,2026-04-17,NA,sage2026czelib
Ironmaking & Steelmaking,0301-9233,1743-2812,2026-04-17,NA,sage2026czelib
International Materials Reviews,0950-6608,1743-2804,2026-04-17,NA,sage2026czelib
Interdisciplinary Science Reviews,0308-0188,1743-2790,2026-04-17,NA,sage2026czelib
"Corrosion Engineering, Science and Technology",1478-422X,1743-2782,2026-04-17,NA,sage2026czelib
Ultrasound,1742-271X,1743-1344,2026-04-17,NA,sage2026czelib
Journal of the ICRU,1473-6691,1742-3422,2026-04-17,NA,sage2026czelib
Journal of Generic Medicines,1741-1343,1741-7090,2026-04-17,NA,sage2026czelib
The International Journal of Robotics Research,0278-3649,1741-3176,2026-04-17,NA,sage2026czelib
Structural Health Monitoring,1475-9217,1741-3168,2026-04-17,NA,sage2026czelib
SIMULATION,0037-5497,1741-3133,2026-04-17,NA,sage2026czelib
Qualitative Research,1468-7941,1741-3109,2026-04-17,NA,sage2026czelib
Mathematics and Mechanics of Solids,1081-2865,1741-3028,2026-04-17,NA,sage2026czelib
Journal of Vibration and Control,1077-5463,1741-2986,2026-04-17,NA,sage2026czelib
Journal of Early Childhood Research,1476-718X,1741-2927,2026-04-17,NA,sage2026czelib
Journal of Child Health Care,1367-4935,1741-2889,2026-04-17,NA,sage2026czelib
International Journal of Social Psychiatry,0020-7640,1741-2854,2026-04-17,NA,sage2026czelib
The International Journal of High Performance Computing Applications,1094-3420,1741-2846,2026-04-17,NA,sage2026czelib
European Physical Education Review,1356-336X,1741-2749,2026-04-17,NA,sage2026czelib
Dementia,1471-3012,1741-2684,2026-04-17,NA,sage2026czelib
Adaptive Behavior,1059-7123,1741-2633,2026-04-17,NA,sage2026czelib
Action Research,1476-7503,1741-2617,2026-04-17,NA,sage2026czelib
Clinical Trials,1740-7745,1740-7753,2026-04-17,NA,sage2026czelib
History of Psychiatry,0957-154X,1740-2360,2026-04-17,NA,sage2026czelib
Urologia Journal,0391-5603,1724-6075,2026-04-17,NA,sage2026czelib
HIP International,1120-7000,1724-6067,2026-04-17,NA,sage2026czelib
The International Journal of Artificial Organs,0391-3988,1724-6040,2026-04-17,NA,sage2026czelib
The Journal of Vascular Access,1129-7298,1724-6032,2026-04-17,NA,sage2026czelib
European Journal of Ophthalmology,1120-6721,1724-6016,2026-04-17,NA,sage2026czelib
Peritoneal Dialysis International,0896-8608,1718-4304,2026-04-17,NA,sage2026czelib
Journal of Child Neurology,0883-0738,1708-8283,2026-04-17,NA,sage2026czelib
Journal of Investigative Medicine,1081-5589,1708-8267,2026-04-17,NA,sage2026czelib
Vascular,1708-5381,1708-539X,2026-04-17,NA,sage2026czelib
Canadian Journal of Nursing Research,0844-5621,1705-7051,2026-04-17,NA,sage2026czelib
Scandinavian Journal of Public Health,1403-4948,1651-1905,2026-04-17,NA,sage2026czelib
Journal of Cutaneous Medicine and Surgery,1203-4754,1615-7109,2026-04-17,NA,sage2026czelib
Pediatric and Developmental Pathology,1093-5266,1615-5742,2026-04-17,NA,sage2026czelib
Acta Radiologica,0284-1851,1600-0455,2026-04-17,NA,sage2026czelib
Intelligent Data Analysis,1088-467X,1571-4128,2026-04-17,NA,sage2026czelib
International Shipbuilding Progress,0020-868X,1566-2829,2026-04-17,NA,sage2026czelib
Food and Nutrition Bulletin,0379-5721,1564-8265,2026-04-17,NA,sage2026czelib
American Journal of Lifestyle Medicine,1559-8276,1559-8284,2026-04-17,NA,sage2026czelib
Journal of Cerebral Blood Flow & Metabolism,0271-678X,1559-7016,2026-04-17,NA,sage2026czelib
Journal of Visual Impairment & Blindness,0145-482X,1559-1476,2026-04-17,NA,sage2026czelib
Innovations,1556-9845,1559-0879,2026-04-17,NA,sage2026czelib
HAND,1558-9447,1558-9455,2026-04-17,NA,sage2026czelib
Recreational Sports Journal,1558-8661,1558-867X,2026-04-17,NA,sage2026czelib
Journal of Psychoeducational Assessment,0734-2829,1557-5144,2026-04-17,NA,sage2026czelib
The Journal of Defense Modeling and Simulation,1548-5129,1557-380X,2026-04-17,NA,sage2026czelib
Journal of Attention Disorders,1087-0547,1557-1246,2026-04-17,NA,sage2026czelib
HSS Journal®,1556-3316,1556-3324,2026-04-17,NA,sage2026czelib
Journal of Empirical Research on Human Research Ethics,1556-2646,1556-2654,2026-04-17,NA,sage2026czelib
The American Surgeon™,0003-1348,1555-9823,2026-04-17,NA,sage2026czelib
Surgical Innovation,1553-3506,1553-3514,2026-04-17,NA,sage2026czelib
Science Communication,1075-5470,1552-8545,2026-04-17,NA,sage2026czelib
Western Journal of Nursing Research,0193-9459,1552-8456,2026-04-17,NA,sage2026czelib
Journal of Transcultural Nursing,1043-6596,1552-7832,2026-04-17,NA,sage2026czelib
Qualitative Health Research,1049-7323,1552-7557,2026-04-17,NA,sage2026czelib
"Policy, Politics, & Nursing Practice",1527-1544,1552-7468,2026-04-17,NA,sage2026czelib
Nursing Science Quarterly,0894-3184,1552-7409,2026-04-17,NA,sage2026czelib
The International Journal of Lower Extremity Wounds,1534-7346,1552-6941,2026-04-17,NA,sage2026czelib
Journal of Adolescent Research,0743-5584,1552-6895,2026-04-17,NA,sage2026czelib
Journal of Aging and Health,0898-2643,1552-6887,2026-04-17,NA,sage2026czelib
The Journal of Applied Behavioral Science,0021-8863,1552-6879,2026-04-17,NA,sage2026czelib
Neurorehabilitation and Neural Repair,1545-9683,1552-6844,2026-04-17,NA,sage2026czelib
Medical Decision Making,0272-989X,1552-681X,2026-04-17,NA,sage2026czelib
Medical Care Research and Review,1077-5587,1552-6801,2026-04-17,NA,sage2026czelib
Home Health Care Management & Practice,1084-8223,1552-6739,2026-04-17,NA,sage2026czelib
Health Promotion Practice,1524-8399,1552-6372,2026-04-17,NA,sage2026czelib
Health Education & Behavior,1090-1981,1552-6127,2026-04-17,NA,sage2026czelib
Child Maltreatment,1077-5595,1552-6119,2026-04-17,NA,sage2026czelib
Journal of Human Lactation,0890-3344,1552-5732,2026-04-17,NA,sage2026czelib
Journal of Holistic Nursing,0898-0101,1552-5724,2026-04-17,NA,sage2026czelib
Journal of Geriatric Psychiatry and Neurology,0891-9887,1552-5708,2026-04-17,NA,sage2026czelib
Journal of Family Nursing,1074-8407,1552-549X,2026-04-17,NA,sage2026czelib
Journal of Diagnostic Medical Sonography,8756-4793,1552-5430,2026-04-17,NA,sage2026czelib
Journal of Biological Rhythms,0748-7304,1552-4531,2026-04-17,NA,sage2026czelib
Journal of Applied Gerontology,0733-4648,1552-4523,2026-04-17,NA,sage2026czelib
"Bulletin of Science, Technology & Society",0270-4676,1552-4183,2026-04-17,NA,sage2026czelib
Biological Research For Nursing,1099-8004,1552-4175,2026-04-17,NA,sage2026czelib
Behavior Modification,0145-4455,1552-4167,2026-04-17,NA,sage2026czelib
Evaluation & the Health Professions,0163-2787,1552-3918,2026-04-17,NA,sage2026czelib
Environment and Behavior,0013-9165,1552-390X,2026-04-17,NA,sage2026czelib
The Counseling Psychologist,0011-0000,1552-3861,2026-04-17,NA,sage2026czelib
Clinical Case Studies,1534-6501,1552-3802,2026-04-17,NA,sage2026czelib
Clinical Nursing Research,1054-7738,1552-3799,2026-04-17,NA,sage2026czelib
Applied Psychological Measurement,0146-6216,1552-3497,2026-04-17,NA,sage2026czelib
Assessment,1073-1911,1552-3489,2026-04-17,NA,sage2026czelib
The American Journal of Sports Medicine,0363-5465,1552-3365,2026-04-17,NA,sage2026czelib
Journal of Histochemistry & Cytochemistry,0022-1554,1551-5044,2026-04-17,NA,sage2026czelib
Journal of Pharmacy Technology,8755-1225,1549-4810,2026-04-17,NA,sage2026czelib
Human Factors,0018-7208,1547-8181,2026-04-17,NA,sage2026czelib
Annals of Clinical Psychiatry,1040-1237,1547-3325,2026-04-17,NA,sage2026czelib
The Journal of School Nursing,1059-8405,1546-8364,2026-04-17,NA,sage2026czelib
The Cleft Palate Craniofacial Journal,1055-6656,1545-1569,2026-04-17,NA,sage2026czelib
Journal of Endovascular Therapy,1526-6028,1545-1550,2026-04-17,NA,sage2026czelib
Wilderness & Environmental Medicine,1080-6032,1545-1534,2026-04-17,NA,sage2026czelib
Journal for Vascular Ultrasound,1544-3167,1544-3175,2026-04-17,NA,sage2026czelib
Veterinary Pathology,0300-9858,1544-2217,2026-04-17,NA,sage2026czelib
Critical Reviews in Oral Biology & Medicine,1045-4411,1544-1113,2026-04-17,NA,sage2026czelib
Advances in Dental Research,0895-9374,1544-0737,2026-04-17,NA,sage2026czelib
Journal of Dental Research,0022-0345,1544-0591,2026-04-17,NA,sage2026czelib
Annals of Pharmacotherapy,1060-0280,1542-6270,2026-04-17,NA,sage2026czelib
Journal of Drug Education,0047-2379,1541-4159,2026-04-17,NA,sage2026czelib
Journal of Educational Computing Research,0735-6331,1541-4140,2026-04-17,NA,sage2026czelib
Journal of Educational Technology Systems,0047-2395,1541-3810,2026-04-17,NA,sage2026czelib
Journal of Technical Writing and Communication,0047-2816,1541-3780,2026-04-17,NA,sage2026czelib
NEW SOLUTIONS: A Journal of Environmental and Occupational Health Policy,1048-2911,1541-3772,2026-04-17,NA,sage2026czelib
OMEGA - Journal of Death and Dying,0030-2228,1541-3764,2026-04-17,NA,sage2026czelib
The International Journal of Aging and Human Development,0091-4150,1541-3535,2026-04-17,NA,sage2026czelib
The International Journal of Psychiatry in Medicine,0091-2174,1541-3527,2026-04-17,NA,sage2026czelib
Toxicologic Pathology,0192-6233,1533-1601,2026-04-17,NA,sage2026czelib
Journal of the American Psychiatric Nurses Association,1078-3903,1532-5725,2026-04-17,NA,sage2026czelib
Food Science and Technology International,1082-0132,1532-1738,2026-04-17,NA,sage2026czelib
Concurrent Engineering,1063-293X,1531-2003,2026-04-17,NA,sage2026czelib
Journal of Pharmacy Practice,0897-1900,1531-1937,2026-04-17,NA,sage2026czelib
Journal of Intelligent Material Systems and Structures,1045-389X,1530-8138,2026-04-17,NA,sage2026czelib
Clin-Alert,0069-4770,1530-812X,2026-04-17,NA,sage2026czelib
Journal of Fire Sciences,0734-9041,1530-8049,2026-04-17,NA,sage2026czelib
Journal of Bioactive and Compatible Polymers,0883-9115,1530-8030,2026-04-17,NA,sage2026czelib
Journal of Biomaterials Applications,0885-3282,1530-8022,2026-04-17,NA,sage2026czelib
Journal of Plastic Film & Sheeting,8756-0879,1530-8014,2026-04-17,NA,sage2026czelib
Journal of Elastomers & Plastics,0095-2443,1530-8006,2026-04-17,NA,sage2026czelib
Journal of Cellular Plastics,0021-955X,1530-7999,2026-04-17,NA,sage2026czelib
Journal of Thermoplastic Composite Materials,0892-7057,1530-7980,2026-04-17,NA,sage2026czelib
Journal of Sandwich Structures & Materials,1099-6362,1530-7972,2026-04-17,NA,sage2026czelib
Journal of Reinforced Plastics and Composites,0731-6844,1530-7964,2026-04-17,NA,sage2026czelib
Journal of Composite Materials,0021-9983,1530-793X,2026-04-17,NA,sage2026czelib
International Journal of Damage Mechanics,1056-7895,1530-7921,2026-04-17,NA,sage2026czelib
Journal of Intensive Care Medicine,0885-0666,1525-1489,2026-04-17,NA,sage2026czelib
The Canadian Journal of Psychiatry,0706-7437,1497-0015,2026-04-17,NA,sage2026czelib
Canadian Association of Radiologists Journal,0846-5371,1488-2361,2026-04-17,NA,sage2026czelib
Cellular Polymers,0262-4893,1478-2421,2026-04-17,NA,sage2026czelib
"Progress in Rubber, Plastics and Recycling Technology",1477-7606,1478-2413,2026-04-17,NA,sage2026czelib
British Journal of Occupational Therapy,0308-0226,1477-6006,2026-04-17,NA,sage2026czelib
Journal of Neutron Research,1023-8166,1477-2655,2026-04-17,NA,sage2026czelib
Perfusion,0267-6591,1477-111X,2026-04-17,NA,sage2026czelib
Nursing Ethics,0969-7330,1477-0989,2026-04-17,NA,sage2026czelib
Multiple Sclerosis Journal,1352-4585,1477-0970,2026-04-17,NA,sage2026czelib
Lupus,0961-2033,1477-0962,2026-04-17,NA,sage2026czelib
Lighting Research & Technology,1477-1535,1477-0938,2026-04-17,NA,sage2026czelib
Journal of Oncology Pharmacy Practice,1078-1552,1477-092X,2026-04-17,NA,sage2026czelib
Clinical Rehabilitation,0269-2155,1477-0873,2026-04-17,NA,sage2026czelib
Building Services Engineering Research & Technology,0143-6244,1477-0849,2026-04-17,NA,sage2026czelib
Toxicology and Industrial Health,0748-2337,1477-0393,2026-04-17,NA,sage2026czelib
Vascular Medicine,1358-863X,1477-0377,2026-04-17,NA,sage2026czelib
Transactions of the Institute of Measurement and Control,0142-3312,1477-0369,2026-04-17,NA,sage2026czelib
Trauma,1460-4086,1477-0350,2026-04-17,NA,sage2026czelib
Statistical Methods in Medical Research,0962-2802,1477-0334,2026-04-17,NA,sage2026czelib
Palliative Medicine,0269-2163,1477-030X,2026-04-17,NA,sage2026czelib
Journal of Medical Screening,0969-1413,1475-5793,2026-04-17,NA,sage2026czelib
Information Visualization,1473-8716,1473-8724,2026-04-17,NA,sage2026czelib
Public Health Reports®,0033-3549,1468-2877,2026-04-17,NA,sage2026czelib
Psychological Science,0956-7976,1467-9280,2026-04-17,NA,sage2026czelib
Current Directions in Psychological Science,0963-7214,1467-8721,2026-04-17,NA,sage2026czelib
Journal of Orthodontics,1465-3125,1465-3133,2026-04-17,NA,sage2026czelib
International Journal of Behavioral Development,0165-0254,1464-0651,2026-04-17,NA,sage2026czelib
Transcultural Psychiatry,1363-4615,1461-7471,2026-04-17,NA,sage2026czelib
Journal of Psychopharmacology,0269-8811,1461-7285,2026-04-17,NA,sage2026czelib
Journal of Health Psychology,1359-1053,1461-7277,2026-04-17,NA,sage2026czelib
Health,1363-4593,1461-7196,2026-04-17,NA,sage2026czelib
Group Analysis,0533-3164,1461-717X,2026-04-17,NA,sage2026czelib
Clinical Child Psychology and Psychiatry,1359-1045,1461-7021,2026-04-17,NA,sage2026czelib
Autism,1362-3613,1461-7005,2026-04-17,NA,sage2026czelib
Anaesthesia and Intensive Care,0310-057X,1448-0271,2026-04-17,NA,sage2026czelib
Australasian Psychiatry,1039-8562,1440-1665,2026-04-17,NA,sage2026czelib
Australian & New Zealand Journal of Psychiatry,0004-8674,1440-1614,2026-04-17,NA,sage2026czelib
Indoor and Built Environment,1420-326X,1423-0070,2026-04-17,NA,sage2026czelib
Public Understanding of Science,0963-6625,1361-6609,2026-04-17,NA,sage2026czelib
High Performance Polymers,0954-0083,1361-6412,2026-04-17,NA,sage2026czelib
Indian Journal of Clinical Medicine,2633-9447,1179-9161,2026-04-17,NA,sage2026czelib
Clinical Medicine Insights: Pediatrics,1179-5565,1179-5565,2026-04-17,NA,sage2026czelib
Clinical Medicine Insights: Arthritis and Musculoskeletal Disorders,1179-5441,1179-5441,2026-04-17,NA,sage2026czelib
International Journal of Tryptophan Research,1178-6469,1178-6469,2026-04-17,NA,sage2026czelib
European Journal of Personality,0890-2070,1099-0984,2026-04-17,NA,sage2026czelib
Waste Management & Research,0734-242X,1096-3669,2026-04-17,NA,sage2026czelib
Ultrasonic Imaging,0161-7346,1096-0910,2026-04-17,NA,sage2026czelib
Journal of X-Ray Science and Technology,0895-3996,1095-9114,2026-04-17,NA,sage2026czelib
International Journal of Toxicology,1091-5818,1092-874X,2026-04-17,NA,sage2026czelib
The Neuroscientist,1073-8584,1089-4098,2026-04-17,NA,sage2026czelib
Journal of Neonatology,0973-2179,0973-2187,2026-04-17,NA,sage2026czelib
"Science, Technology and Society",0971-7218,0973-0796,2026-04-17,NA,sage2026czelib
Journal of Health Management,0972-0634,0973-0729,2026-04-17,NA,sage2026czelib
Lighting Design + Application,0360-6325,0360-6325,2026-04-17,NA,sage2026czelib
Journal of Cognitive Engineering and Decision Making,1555-3434,NA,2026-04-17,NA,sage2026czelib
Ergonomics in Design,1064-8046,NA,2026-04-17,NA,sage2026czelib
AATCC Journal of Research,NA,2330-5517,2026-04-17,NA,sage2026czelib
Acta Radiologica Open,NA,2058-4601,2026-04-17,NA,sage2026czelib
Adsorption Science & Technology,NA,2048-4038,2026-04-17,NA,sage2026czelib
Advances in Mechanical Engineering,NA,1687-8140,2026-04-17,NA,sage2026czelib
Advances in Methods and Practices in Psychological Science,NA,2515-2467,2026-04-17,NA,sage2026czelib
Advances in Psychological Science Open,NA,3049-5822,2026-04-17,NA,sage2026czelib
Advances in Rehabilitation Science and Practice,NA,1179-5727,2026-04-17,NA,sage2026czelib
AERA Open,NA,2332-8584,2026-04-17,NA,sage2026czelib
Africa Spectrum,NA,1868-6869,2026-04-17,NA,sage2026czelib
"Air, Soil and Water Research",NA,1178-6221,2026-04-17,NA,sage2026czelib
American Journal of Alzheimer's Disease & Other Dementias,NA,1938-2731,2026-04-17,NA,sage2026czelib
American Journal of Men's Health,NA,1557-9891,2026-04-17,NA,sage2026czelib
Annals of Neurosciences,NA,0976-3260,2026-04-17,NA,sage2026czelib
Antiviral Therapy,NA,2040-2058,2026-04-17,NA,sage2026czelib
Apollo Medicine,NA,2213-3682,2026-04-17,NA,sage2026czelib
Applied Spectroscopy Practica,NA,2755-1857,2026-04-17,NA,sage2026czelib
Asian Journal for Mathematics Education,NA,2752-7271,2026-04-17,NA,sage2026czelib
Autism and Developmental Language Impairments,NA,2396-9415,2026-04-17,NA,sage2026czelib
Behavioral Science & Policy,NA,2379-4607,2026-04-17,NA,sage2026czelib
Beijing International Review of Education,NA,2590-2539,2026-04-17,NA,sage2026czelib
Big Data & Society,NA,2053-9517,2026-04-17,NA,sage2026czelib
Bioinformatics and Biology Insights,NA,1177-9322,2026-04-17,NA,sage2026czelib
Biomarker Insights,NA,1177-2719,2026-04-17,NA,sage2026czelib
Biomedical Engineering and Computational Biology,NA,1179-5972,2026-04-17,NA,sage2026czelib
Bladder Cancer,NA,2352-3735,2026-04-17,NA,sage2026czelib
BLDE University Journal of Health Sciences,NA,2456-2975,2026-04-17,NA,sage2026czelib
Brain and Neuroscience Advances,NA,2398-2128,2026-04-17,NA,sage2026czelib
Brain Science Advances,NA,2096-5958,2026-04-17,NA,sage2026czelib
Breast Cancer: Basic and Clinical Research,NA,1178-2234,2026-04-17,NA,sage2026czelib
Breast Disease,NA,1558-1551,2026-04-17,NA,sage2026czelib
BRQ Business Research Quarterly,NA,2340-9444,2026-04-17,NA,sage2026czelib
Campbell Systematic Reviews,NA,1891-1803,2026-04-17,NA,sage2026czelib
Canadian Journal of Kidney Health and Disease,NA,2054-3581,2026-04-17,NA,sage2026czelib
Cancer Biomarkers,NA,1875-8592,2026-04-17,NA,sage2026czelib
Cancer Control,NA,1526-2359,2026-04-17,NA,sage2026czelib
Cancer Informatics,NA,1176-9351,2026-04-17,NA,sage2026czelib
Cartilage,NA,1947-6043,2026-04-17,NA,sage2026czelib
Cell Transplantation,NA,1555-3892,2026-04-17,NA,sage2026czelib
Cephalalgia,NA,1468-2982,2026-04-17,NA,sage2026czelib
Cephalalgia Reports,NA,2515-8163,2026-04-17,NA,sage2026czelib
Chronic Respiratory Disease,NA,1479-9731,2026-04-17,NA,sage2026czelib
Chronic Stress,NA,2470-5470,2026-04-17,NA,sage2026czelib
Clinical and Applied Thrombosis/Hemostasis,NA,1938-2723,2026-04-17,NA,sage2026czelib
Clinical Medicine Insights: Cardiology,NA,1179-5468,2026-04-17,NA,sage2026czelib
Clinical Medicine Insights: Case Reports,NA,1179-5476,2026-04-17,NA,sage2026czelib
Clinical Medicine Insights: Endocrinology and Diabetes,NA,1179-5514,2026-04-17,NA,sage2026czelib
Clinical Medicine Insights: Oncology,NA,1179-5549,2026-04-17,NA,sage2026czelib
Collective Intelligence,NA,2633-9137,2026-04-17,NA,sage2026czelib
Communication and the Public,NA,2057-0481,2026-04-17,NA,sage2026czelib
Composites and Advanced Materials,NA,2634-9833,2026-04-17,NA,sage2026czelib
Contact,NA,2515-2564,2026-04-17,NA,sage2026czelib
Cultures of Science,NA,2633-3287,2026-04-17,NA,sage2026czelib
Data Science,NA,2451-8492,2026-04-17,NA,sage2026czelib
Diabetes and Vascular Disease Research,NA,1752-8984,2026-04-17,NA,sage2026czelib
Diabetes Technology and Obesity Medicine,NA,2998-6702,2026-04-17,NA,sage2026czelib
Digital Health,NA,2055-2076,2026-04-17,NA,sage2026czelib
Dose-Response,NA,1559-3258,2026-04-17,NA,sage2026czelib
ECNU Review of Education,NA,2632-1742,2026-04-17,NA,sage2026czelib
Emerging Economies Cases Journal,NA,2516-6050,2026-04-17,NA,sage2026czelib
Emerging Media,NA,2752-3543,2026-04-17,NA,sage2026czelib
Energy Exploration & Exploitation,NA,2048-4054,2026-04-17,NA,sage2026czelib
ENT Journal,NA,1942-7522,2026-04-17,NA,sage2026czelib
Environmental Health Insights,NA,1178-6302,2026-04-17,NA,sage2026czelib
Epilepsy Currents,NA,1535-7511,2026-04-17,NA,sage2026czelib
European Journal of Inflammation,NA,2058-7392,2026-04-17,NA,sage2026czelib
European View,NA,1865-5831,2026-04-17,NA,sage2026czelib
Evolutionary Bioinformatics,NA,1176-9343,2026-04-17,NA,sage2026czelib
Evolutionary Psychology,NA,1474-7049,2026-04-17,NA,sage2026czelib
FAIR Connect,NA,2949-799X,2026-04-17,NA,sage2026czelib
Foot & Ankle Orthopaedics,NA,2473-0114,2026-04-17,NA,sage2026czelib
Geriatric Orthopaedic Surgery & Rehabilitation,NA,2151-4593,2026-04-17,NA,sage2026czelib
Global Advances in Integrative Medicine and Health,NA,2753-6130,2026-04-17,NA,sage2026czelib
Global Media and China,NA,2059-4364,2026-04-17,NA,sage2026czelib
Global Qualitative Nursing Research,NA,2333-3936,2026-04-17,NA,sage2026czelib
Global Spine Journal,NA,2192-5690,2026-04-17,NA,sage2026czelib
Health Equity,NA,2473-1242,2026-04-17,NA,sage2026czelib
Health Informatics Journal,NA,1741-2811,2026-04-17,NA,sage2026czelib
Health Psychology Open,NA,2055-1029,2026-04-17,NA,sage2026czelib
Health Services Insights,NA,1178-6329,2026-04-17,NA,sage2026czelib
Hong Kong Journal of Occupational Therapy,NA,1876-4398,2026-04-17,NA,sage2026czelib
Human and Experimental Toxicology,NA,1477-0903,2026-04-17,NA,sage2026czelib
i-Perception,NA,2041-6695,2026-04-17,NA,sage2026czelib
Implementation Research and Practice,NA,2633-4895,2026-04-17,NA,sage2026czelib
In Silico Biology,NA,1434-3207,2026-04-17,NA,sage2026czelib
Indian Journal of Clinical Cardiology,NA,2632-4644,2026-04-17,NA,sage2026czelib
Indian Journal of Psychological Medicine,NA,0975-1564,2026-04-17,NA,sage2026czelib
Indian Journal of Rheumatology,NA,0973-3701,2026-04-17,NA,sage2026czelib
Innate Immunity,NA,1753-4267,2026-04-17,NA,sage2026czelib
INQUIRY,NA,1945-7243,2026-04-17,NA,sage2026czelib
Integrative Cancer Therapies,NA,1552-695X,2026-04-17,NA,sage2026czelib
Integrative Medicine Reports,NA,2768-3222,2026-04-17,NA,sage2026czelib
International Journal of Advanced Robotic Systems,NA,1729-8814,2026-04-17,NA,sage2026czelib
International Journal of Aesthetic Plastic Surgery,NA,3049-9259,2026-04-17,NA,sage2026czelib
International Journal of Chinese Education,NA,2212-5868,2026-04-17,NA,sage2026czelib
International Journal of Engineering Business Management,NA,1847-9790,2026-04-17,NA,sage2026czelib
International Journal of Immunopathology and Pharmacology,NA,2058-7384,2026-04-17,NA,sage2026czelib
International Journal of Micro Air Vehicles,NA,1756-8307,2026-04-17,NA,sage2026czelib
International Journal of Qualitative Methods,NA,1609-4069,2026-04-17,NA,sage2026czelib
Interpreting & Society: An Interdisciplinary Journal,NA,2752-3810,2026-04-17,NA,sage2026czelib
Journal of Algorithms & Computational Technology,NA,1748-3026,2026-04-17,NA,sage2026czelib
Journal of Alzheimer's Disease Reports,NA,2542-4823,2026-04-17,NA,sage2026czelib
Journal of Applied Biomaterials & Functional Materials,NA,2280-8000,2026-04-17,NA,sage2026czelib
Journal of Applied Dentistry and Oral Sciences,NA,3049-7426,2026-04-17,NA,sage2026czelib
Journal of Applied Pharmaceutical Science,NA,2231-3354,2026-04-17,NA,sage2026czelib
Journal of Cardiovascular Pharmacology and Therapeutics,NA,1940-4034,2026-04-17,NA,sage2026czelib
Journal of Central Nervous System Disease,NA,1179-5735,2026-04-17,NA,sage2026czelib
Journal of Chemical Research,NA,2047-6507,2026-04-17,NA,sage2026czelib
Journal of Children's Orthopaedics,NA,1863-2548,2026-04-17,NA,sage2026czelib
Journal of Contemporary Business Research,NA,3049-5032,2026-04-17,NA,sage2026czelib
Journal of Current Chinese Affairs,NA,1868-4874,2026-04-17,NA,sage2026czelib
Journal of Current Oncology,NA,2589-8906,2026-04-17,NA,sage2026czelib
Journal of Current Southeast Asian Affairs,NA,1868-4882,2026-04-17,NA,sage2026czelib
Journal of Engineered Fibers and Fabrics,NA,1558-9250,2026-04-17,NA,sage2026czelib
Journal of Eurasian Studies,NA,1879-3673,2026-04-17,NA,sage2026czelib
Journal of Evidence-Based Integrative Medicine,NA,2515-690X,2026-04-17,NA,sage2026czelib
Journal of Experimental Psychopathology,NA,2043-8087,2026-04-17,NA,sage2026czelib
Journal of Feline Medicine and Surgery,NA,1532-2750,2026-04-17,NA,sage2026czelib
Journal of Feline Medicine and Surgery Open Reports,NA,2055-1169,2026-04-17,NA,sage2026czelib
Journal of Indian Academy of Forensic Medicine,NA,0974-0848,2026-04-17,NA,sage2026czelib
Journal of Indian Association for Child and Adolescent Mental Health,NA,2754-6349,2026-04-17,NA,sage2026czelib
Journal of Indian Orthodontic Society,NA,0974-9098,2026-04-17,NA,sage2026czelib
Journal of Industrial Textiles,NA,1530-8057,2026-04-17,NA,sage2026czelib
Journal of International Medical Research,NA,1473-2300,2026-04-17,NA,sage2026czelib
Journal of Investigative Medicine High Impact Case Reports,NA,2324-7096,2026-04-17,NA,sage2026czelib
Journal of Law and Empirical Analysis,NA,2755-323X,2026-04-17,NA,sage2026czelib
"Journal of Low Frequency Noise, Vibration & Active Control",NA,2048-4046,2026-04-17,NA,sage2026czelib
Journal of Medical Education and Curricular Development,NA,2382-1205,2026-04-17,NA,sage2026czelib
Journal of Medical Extended Reality,NA,2994-1520,2026-04-17,NA,sage2026czelib
Journal of Multimorbidity and Comorbidity,NA,2633-5565,2026-04-17,NA,sage2026czelib
Journal of Neuromuscular Diseases,NA,2214-3602,2026-04-17,NA,sage2026czelib
Journal of Official Statistics,NA,2001-7367,2026-04-17,NA,sage2026czelib
Journal of Orthopaedic Surgery,NA,2309-4990,2026-04-17,NA,sage2026czelib
"Journal of Orthopaedics, Trauma and Rehabilitation",NA,2210-4925,2026-04-17,NA,sage2026czelib
Journal of Otolaryngology-Head & Neck Surgery,NA,1916-0216,2026-04-17,NA,sage2026czelib
Journal of Pacific Rim Psychology,NA,1834-4909,2026-04-17,NA,sage2026czelib
Journal of Paleosciences,NA,2583-4266,2026-04-17,NA,sage2026czelib
Journal of Parkinson's Disease,NA,1877-718X,2026-04-17,NA,sage2026czelib
Journal of Patient Experience,NA,2374-3743,2026-04-17,NA,sage2026czelib
Journal of Pediatric Rehabilitation Medicine,NA,1875-8894,2026-04-17,NA,sage2026czelib
Journal of Pharmacology and Pharmacotherapeutics,NA,0976-5018,2026-04-17,NA,sage2026czelib
Journal of Politics in Latin America,NA,1868-4890,2026-04-17,NA,sage2026czelib
Journal of Primary Care & Community Health,NA,2150-1327,2026-04-17,NA,sage2026czelib
Journal of Psychosexual Health,NA,2631-8326,2026-04-17,NA,sage2026czelib
Journal of Public Health Research,NA,2279-9036,2026-04-17,NA,sage2026czelib
Journal of Rehabilitation and Assistive Technologies Engineering,NA,2055-6683,2026-04-17,NA,sage2026czelib
Journal of Sports Analytics,NA,2215-0218,2026-04-17,NA,sage2026czelib
Journal of the Heart Valve Society,NA,3049-4826,2026-04-17,NA,sage2026czelib
Journal of the International Association of Providers of AIDS Care,NA,2325-9582,2026-04-17,NA,sage2026czelib
Journal of the Palaeontological Society of India,NA,2753-7269,2026-04-17,NA,sage2026czelib
Journal of Tissue Engineering,NA,2041-7314,2026-04-17,NA,sage2026czelib
JRSM Open,NA,2042-5333,2026-04-17,NA,sage2026czelib
Kidney Cancer,NA,2468-4570,2026-04-17,NA,sage2026czelib
MDM Policy & Practice,NA,2381-4683,2026-04-17,NA,sage2026czelib
Measurement and Control,NA,2051-8730,2026-04-17,NA,sage2026czelib
Mechanobiology,NA,NA,2026-04-17,NA,sage2026czelib
Methodological Innovations,NA,2059-7991,2026-04-17,NA,sage2026czelib
Molecular Imaging,NA,1536-0121,2026-04-17,NA,sage2026czelib
Molecular Pain,NA,1744-8069,2026-04-17,NA,sage2026czelib
Montefiore Einstein Journal of Musculoskeletal Medicine and Surgery,NA,2470-3699,2026-04-17,NA,sage2026czelib
"Multiple Sclerosis Journal: Experimental, Translational and Clinical",NA,2055-2173,2026-04-17,NA,sage2026czelib
Music & Science,NA,2059-2043,2026-04-17,NA,sage2026czelib
Nanomaterials and Nanotechnology,NA,1847-9804,2026-04-17,NA,sage2026czelib
Natural Product Communications,NA,1555-9475,2026-04-17,NA,sage2026czelib
Neurodiversity,NA,2754-6330,2026-04-17,NA,sage2026czelib
Neuroscience Insights,NA,2633-1055,2026-04-17,NA,sage2026czelib
Neurosymbolic Artificial Intelligence,NA,2949-8732,2026-04-17,NA,sage2026czelib
Neurotrauma Reports,NA,2689-288X,2026-04-17,NA,sage2026czelib
NMIMS Management Review,NA,0971-1023,2026-04-17,NA,sage2026czelib
Nordic Studies on Alcohol and Drugs,NA,1458-6126,2026-04-17,NA,sage2026czelib
Nutrition and Metabolic Insights,NA,1178-6388,2026-04-17,NA,sage2026czelib
Organization Theory,NA,2631-7877,2026-04-17,NA,sage2026czelib
Orthopaedic Journal of Sports Medicine,NA,2325-9671,2026-04-17,NA,sage2026czelib
Palliative Care & Social Practice,NA,2632-3524,2026-04-17,NA,sage2026czelib
Palliative Medicine Reports,NA,2689-2820,2026-04-17,NA,sage2026czelib
Paramedicine,NA,2753-6386,2026-04-17,NA,sage2026czelib
Personality Science,NA,2700-0710,2026-04-17,NA,sage2026czelib
Pharmacognosy Magazine,NA,0976-4062,2026-04-17,NA,sage2026czelib
Plasmatology,NA,2634-8535,2026-04-17,NA,sage2026czelib
Platforms & Society,NA,2976-8624,2026-04-17,NA,sage2026czelib
Polymers and Polymer Composites,NA,1478-2391,2026-04-17,NA,sage2026czelib
Proceedings of Singapore Healthcare,NA,2059-2329,2026-04-17,NA,sage2026czelib
Rare Tumors,NA,2036-3613,2026-04-17,NA,sage2026czelib
Renewable Energies,NA,2753-3735,2026-04-17,NA,sage2026czelib
Research and Politics,NA,2053-1680,2026-04-17,NA,sage2026czelib
Respiratory Care Reports,NA,NA,2026-04-17,NA,sage2026czelib
Revista Internacional de Educacion Musical,NA,2307-4841,2026-04-17,NA,sage2026czelib
Robotics Reports,NA,2835-0111,2026-04-17,NA,sage2026czelib
SAGE Open,NA,2158-2440,2026-04-17,NA,sage2026czelib
Sage Open Aging,NA,2333-7214,2026-04-17,NA,sage2026czelib
SAGE Open Medical Case Reports,NA,2051-313X,2026-04-17,NA,sage2026czelib
SAGE Open Medicine,NA,2050-3121,2026-04-17,NA,sage2026czelib
SAGE Open Nursing,NA,2377-9608,2026-04-17,NA,sage2026czelib
Sage Open Pathology,NA,2632-010X,2026-04-17,NA,sage2026czelib
Sage Open Pediatrics,NA,2333-794X,2026-04-17,NA,sage2026czelib
Scandinavian Journal of Surgery,NA,1799-7267,2026-04-17,NA,sage2026czelib
"Scars, Burns & Healing",NA,2059-5131,2026-04-17,NA,sage2026czelib
Science Progress,NA,2047-7163,2026-04-17,NA,sage2026czelib
Semantic Web,NA,2210-4968,2026-04-17,NA,sage2026czelib
Social Media + Society,NA,2056-3051,2026-04-17,NA,sage2026czelib
Socius,NA,2378-0231,2026-04-17,NA,sage2026czelib
Substance Use: Research and Treatment,NA,1178-2218,2026-04-17,NA,sage2026czelib
Technology in Cancer Research & Treatment,NA,1533-0338,2026-04-17,NA,sage2026czelib
Telemedicine Reports,NA,2692-4366,2026-04-17,NA,sage2026czelib
The International Journal of Biological Markers,NA,1724-6008,2026-04-17,NA,sage2026czelib
The Journal of Medicine Access,NA,2755-0834,2026-04-17,NA,sage2026czelib
Therapeutic Advances in Allergy and Rhinology,NA,2152-6567,2026-04-17,NA,sage2026czelib
Therapeutic Advances in Cardiovascular Disease,NA,1753-9455,2026-04-17,NA,sage2026czelib
Therapeutic Advances in Chronic Disease,NA,2040-6231,2026-04-17,NA,sage2026czelib
Therapeutic Advances in Drug Safety,NA,2042-0994,2026-04-17,NA,sage2026czelib
Therapeutic Advances in Endocrinology and Metabolism,NA,2042-0196,2026-04-17,NA,sage2026czelib
Therapeutic Advances in Gastroenterology,NA,1756-2848,2026-04-17,NA,sage2026czelib
Therapeutic Advances in Gastrointestinal Endoscopy,NA,2631-7745,2026-04-17,NA,sage2026czelib
Therapeutic Advances in Hematology,NA,2040-6215,2026-04-17,NA,sage2026czelib
Therapeutic Advances in Infectious Disease,NA,2049-937X,2026-04-17,NA,sage2026czelib
Therapeutic Advances in Medical Oncology,NA,1758-8359,2026-04-17,NA,sage2026czelib
Therapeutic Advances in Musculoskeletal Disease,NA,1759-7218,2026-04-17,NA,sage2026czelib
Therapeutic Advances in Neurological Disorders,NA,1756-2864,2026-04-17,NA,sage2026czelib
Therapeutic Advances in Ophthalmology,NA,2515-8414,2026-04-17,NA,sage2026czelib
Therapeutic Advances in Psychopharmacology,NA,2045-1261,2026-04-17,NA,sage2026czelib
Therapeutic Advances in Pulmonary and Critical Care Medicine,NA,2976-8675,2026-04-17,NA,sage2026czelib
Therapeutic Advances in Rare Disease,NA,2633-0040,2026-04-17,NA,sage2026czelib
Therapeutic Advances in Reproductive Health,NA,2633-4941,2026-04-17,NA,sage2026czelib
Therapeutic Advances in Respiratory Disease,NA,1753-4666,2026-04-17,NA,sage2026czelib
Therapeutic Advances in Urology,NA,1756-2880,2026-04-17,NA,sage2026czelib
Therapeutic Advances in Vaccines and Immunotherapy,NA,2515-1363,2026-04-17,NA,sage2026czelib
Tobacco Use Insights,NA,1179-173X,2026-04-17,NA,sage2026czelib
"Traumaxilla, The",NA,2632-3281,2026-04-17,NA,sage2026czelib
Trends in Hearing,NA,2331-2165,2026-04-17,NA,sage2026czelib
Tumor Biology,NA,1423-0380,2026-04-17,NA,sage2026czelib
Video Journal of Sports Medicine,NA,2635-0254,2026-04-17,NA,sage2026czelib
Vikalpa,NA,2395-3799,2026-04-17,NA,sage2026czelib
Women's Health,NA,1745-5065,2026-04-17,NA,sage2026czelib
Women's Health Reports,NA,2688-4844,2026-04-17,NA,sage2026czelib
The Journal of Cell Biology,0021-9525,1540-8140,2026-04-17,NA,rup2026uva
The Journal of Experimental Medicine,0022-1007,1540-9538,2026-04-17,NA,rup2026uva
The Journal of General Physiology,0022-1295,1540-7748,2026-04-17,NA,rup2026uva
Analyst,NA,1364-5528,2026-04-17,NA,rsc2026czelib
Analytical Methods,NA,1759-9679,2026-04-17,NA,rsc2026czelib
Biomaterials Science,NA,2047-4849,2026-04-17,NA,rsc2026czelib
Catalysis Science & Technology,NA,2044-4761,2026-04-17,NA,rsc2026czelib
Chemical Communications (Cambridge),NA,1364-548X,2026-04-17,NA,rsc2026czelib
Chemical Society Reviews,NA,1460-4744,2026-04-17,NA,rsc2026czelib
CrystEngComm,NA,1466-8033,2026-04-17,NA,rsc2026czelib
Dalton Transactions,NA,1477-9234,2026-04-17,NA,rsc2026czelib
Energy & Environmental Science,NA,1754-5706,2026-04-17,NA,rsc2026czelib
Energy Advances,NA,2753-1457,2026-04-17,NA,rsc2026czelib
Environmental Science: Advances,NA,2754-7000,2026-04-17,NA,rsc2026czelib
Environmental Science: Atmospheres,NA,2634-3606,2026-04-17,NA,rsc2026czelib
Environmental Science: Nano,NA,2051-8161,2026-04-17,NA,rsc2026czelib
Environmental Science: Processes & Impacts,NA,2050-7895,2026-04-17,NA,rsc2026czelib
Environmental Science: Water Research & Technology,NA,2053-1419,2026-04-17,NA,rsc2026czelib
Faraday Discussions,NA,1364-5498,2026-04-17,NA,rsc2026czelib
Food & Function,NA,2042-650X,2026-04-17,NA,rsc2026czelib
Industrial Chemistry & Materials,NA,2755-2500,2026-04-17,NA,rsc2026czelib
Journal of Analytical Atomic Spectrometry,NA,1364-5544,2026-04-17,NA,rsc2026czelib
Journal of Materials Chemistry A,NA,2050-7496,2026-04-17,NA,rsc2026czelib
Journal of Materials Chemistry B,NA,2050-7518,2026-04-17,NA,rsc2026czelib
Journal of Materials Chemistry C,NA,2050-7534,2026-04-17,NA,rsc2026czelib
Lab on a Chip,NA,1473-0189,2026-04-17,NA,rsc2026czelib
Materials Advances,NA,2633-5409,2026-04-17,NA,rsc2026czelib
Materials Chemistry Frontiers,NA,2052-1537,2026-04-17,NA,rsc2026czelib
Materials Horizons,NA,2051-6355,2026-04-17,NA,rsc2026czelib
Molecular Systems Design & Engineering,NA,2058-9689,2026-04-17,NA,rsc2026czelib
Nanoscale,NA,2040-3372,2026-04-17,NA,rsc2026czelib
Nanoscale Advances,NA,2156-0230,2026-04-17,NA,rsc2026czelib
Nanoscale Horizons,NA,2055-6764,2026-04-17,NA,rsc2026czelib
Natural Product Reports,NA,1460-4752,2026-04-17,NA,rsc2026czelib
New Journal of Chemistry,NA,1369-9261,2026-04-17,NA,rsc2026czelib
Organic Chemistry Frontiers,NA,2052-4129,2026-04-17,NA,rsc2026czelib
Physical Chemistry Chemical Physics,NA,1463-9084,2026-04-17,NA,rsc2026czelib
Polymer Chemistry,NA,1759-9962,2026-04-17,NA,rsc2026czelib
Reaction Chemistry & Engineering,NA,2058-9883,2026-04-17,NA,rsc2026czelib
RSC Medicinal Chemistry,NA,2632-8682,2026-04-17,NA,rsc2026czelib
RSC Sustainability,NA,2753-8125,2026-04-17,NA,rsc2026czelib
Sensors & Diagnostics,NA,2635-0998,2026-04-17,NA,rsc2026czelib
Sustainable Energy & Fuels,NA,2398-4902,2026-04-17,NA,rsc2026czelib
Sustainable Food Technology,NA,2753-8095,2026-04-17,NA,rsc2026czelib
EES Solar,NA,3033-4063,2026-04-17,NA,rsc2026czelib
EES Batteries,NA,3033-4071,2026-04-17,NA,rsc2026czelib
Chemical Science,NA,2041-6539,2026-04-17,NA,rsc2026czelib
Digital Discovery,NA,2635-098X,2026-04-17,NA,rsc2026czelib
EES Catalysis,NA,2753-801X,2026-04-17,NA,rsc2026czelib
Green Chemistry,NA,1463-9270,2026-04-17,NA,rsc2026czelib
Inorganic Chemistry Frontiers,NA,2052-1553,2026-04-17,NA,rsc2026czelib
Molecular Omics,NA,2515-4184,2026-04-17,NA,rsc2026czelib
Organic & Biomolecular Chemistry,NA,1477-0539,2026-04-17,NA,rsc2026czelib
RSC Advances,NA,2046-2069,2026-04-17,NA,rsc2026czelib
RSC Chemical Biology,NA,2633-0679,2026-04-17,NA,rsc2026czelib
Soft Matter,NA,1744-6848,2026-04-17,NA,rsc2026czelib
Biochemical Journal,0264-6021,1470-8728,2026-04-17,NA,portpress2026uva
Biochemical Society Transactions,0300-5127,1470-8752,2026-04-17,NA,portpress2026uva
Bioscience Reports,0144-8463,1573-4935,2026-04-17,NA,portpress2026uva
Clinical Science,0143-5221,1470-8736,2026-04-17,NA,portpress2026uva
Emerging Topics in Life Sciences,2397-8554,2397-8562,2026-04-17,NA,portpress2026uva
Essays in Biochemistry,0071-1365,1744-1358,2026-04-17,NA,portpress2026uva
Neuronal Signaling,NA,2059-6553,2026-04-17,NA,portpress2026uva
