journal_name,issn_print,issn_online,first_seen,last_seen,esac_id
AACE Endocrinology and Diabetes,NA,3050-9157,2026-05-21,NA,eme2025ukb
aBIOTECH,NA,2662-1738,2026-05-21,NA,eme2025ukb
Academic Pathology,NA,2374-2895,2026-05-21,NA,eme2025ukb
Academic Pediatrics,NA,1876-2859,2026-05-21,NA,eme2025ukb
Academic Radiology,NA,1076-6332,2026-05-21,NA,eme2025ukb
Accident Analysis & Prevention,NA,0001-4575,2026-05-21,NA,eme2025ukb
Accounting Open,NA,3050-5461,2026-05-21,NA,eme2025ukb
"Accounting, Organizations and Society",NA,0361-3682,2026-05-21,NA,eme2025ukb
Acta Astronautica,NA,0094-5765,2026-05-21,NA,eme2025ukb
Acta Biomaterialia,NA,1742-7061,2026-05-21,NA,eme2025ukb
Acta Colombiana de Cuidado Intensivo,NA,0122-7262,2026-05-21,NA,eme2025ukb
Acta Histochemica,NA,0065-1281,2026-05-21,NA,eme2025ukb
Acta Materialia,NA,1359-6454,2026-05-21,NA,eme2025ukb
Acta Oecologica,NA,1146-609X,2026-05-21,NA,eme2025ukb
Acta Otorrinolaringológica (English Edition),NA,2173-5735,2026-05-21,NA,eme2025ukb
Acta Otorrinolaringológica Española,NA,0001-6519,2026-05-21,NA,eme2025ukb
Acta Pharmaceutica Sinica B,NA,2211-3835,2026-05-21,NA,eme2025ukb
Acta Physico-Chimica Sinica,NA,1000-6818,2026-05-21,NA,eme2025ukb
Acta Psychologica,NA,0001-6918,2026-05-21,NA,eme2025ukb
Acta Tropica,NA,0001-706X,2026-05-21,NA,eme2025ukb
Actas Urológicas Españolas,NA,0210-4806,2026-05-21,NA,eme2025ukb
Actas Urológicas Españolas (English Edition),NA,2173-5786,2026-05-21,NA,eme2025ukb
Ad Hoc Networks,NA,1570-8705,2026-05-21,NA,eme2025ukb
Addiction Neuroscience,NA,2772-3925,2026-05-21,NA,eme2025ukb
Addictive Behaviors,NA,0306-4603,2026-05-21,NA,eme2025ukb
Addictive Behaviors Reports,NA,2352-8532,2026-05-21,NA,eme2025ukb
Additive Manufacturing,NA,2214-8604,2026-05-21,NA,eme2025ukb
Additive Manufacturing Letters,NA,2772-3690,2026-05-21,NA,eme2025ukb
Advanced Drug Delivery Reviews,NA,0169-409X,2026-05-21,NA,eme2025ukb
Advanced Engineering Informatics,NA,1474-0346,2026-05-21,NA,eme2025ukb
Advanced Powder Technology,NA,0921-8831,2026-05-21,NA,eme2025ukb
Advanced Sensor and Energy Materials,NA,2773-045X,2026-05-21,NA,eme2025ukb
Advances in Accounting,NA,0882-6110,2026-05-21,NA,eme2025ukb
Advances in Applied Energy,NA,2666-7924,2026-05-21,NA,eme2025ukb
Advances in Applied Mathematics,NA,0196-8858,2026-05-21,NA,eme2025ukb
Advances in Bamboo Science,NA,2773-1391,2026-05-21,NA,eme2025ukb
Advances in Biological Regulation,NA,2212-4926,2026-05-21,NA,eme2025ukb
Advances in Business and Management Research,NA,3051-0511,2026-05-21,NA,eme2025ukb
Advances in Cancer Biology - Metastasis,NA,2667-3940,2026-05-21,NA,eme2025ukb
Advances in Colloid and Interface Science,NA,0001-8686,2026-05-21,NA,eme2025ukb
Advances in Engineering Software,NA,0965-9978,2026-05-21,NA,eme2025ukb
Advances in Industrial and Manufacturing Engineering,NA,2666-9129,2026-05-21,NA,eme2025ukb
Advances in Integrative Medicine,NA,2212-9588,2026-05-21,NA,eme2025ukb
Advances in Kidney Disease and Health,NA,2949-8139,2026-05-21,NA,eme2025ukb
Advances in Life Course Research,NA,1569-4909,2026-05-21,NA,eme2025ukb
Advances in Mathematics,NA,0001-8708,2026-05-21,NA,eme2025ukb
Advances in Medical Sciences,NA,1896-1126,2026-05-21,NA,eme2025ukb
Advances in Nutrition,NA,2161-8313,2026-05-21,NA,eme2025ukb
Advances in Ophthalmology Practice and Research,NA,2667-3762,2026-05-21,NA,eme2025ukb
Advances in Oral and Maxillofacial Surgery,NA,2667-1476,2026-05-21,NA,eme2025ukb
Advances in Patient-Reported Outcomes,NA,3050-6964,2026-05-21,NA,eme2025ukb
Advances in Radiation Oncology,NA,2452-1094,2026-05-21,NA,eme2025ukb
Advances in Redox Research,NA,2667-1379,2026-05-21,NA,eme2025ukb
Advances in Sample Preparation,NA,2772-5820,2026-05-21,NA,eme2025ukb
Advances in Space Research,NA,0273-1177,2026-05-21,NA,eme2025ukb
Advances in Water Resources,NA,0309-1708,2026-05-21,NA,eme2025ukb
Advancing Medical-Surgical Nursing,NA,3050-8592,2026-05-21,NA,eme2025ukb
Aeolian Research,NA,1875-9637,2026-05-21,NA,eme2025ukb
Aerospace Science and Technology,NA,1270-9638,2026-05-21,NA,eme2025ukb
AEÜ - International Journal of Electronics and Communications,NA,1434-8411,2026-05-21,NA,eme2025ukb
African Journal of Emergency Medicine,NA,2211-419X,2026-05-21,NA,eme2025ukb
African Transport Studies,NA,2950-1962,2026-05-21,NA,eme2025ukb
Ageing Research Reviews,NA,1568-1637,2026-05-21,NA,eme2025ukb
Aggression and Violent Behavior,NA,1359-1789,2026-05-21,NA,eme2025ukb
Aging and Health Research,NA,2667-0321,2026-05-21,NA,eme2025ukb
Aging Brain,NA,2589-9589,2026-05-21,NA,eme2025ukb
Agricultural and Forest Meteorology,NA,0168-1923,2026-05-21,NA,eme2025ukb
Agricultural Systems,NA,0308-521X,2026-05-21,NA,eme2025ukb
Agricultural Water Management,NA,0378-3774,2026-05-21,NA,eme2025ukb
"Agriculture, Ecosystems & Environment",NA,0167-8809,2026-05-21,NA,eme2025ukb
AI Thermal Fluids,NA,3050-5852,2026-05-21,NA,eme2025ukb
Ain Shams Engineering Journal,NA,2090-4479,2026-05-21,NA,eme2025ukb
Air Medical Journal,NA,1067-991X,2026-05-21,NA,eme2025ukb
AJO International,NA,2950-2535,2026-05-21,NA,eme2025ukb
AJO-DO Clinical Companion,NA,2666-4305,2026-05-21,NA,eme2025ukb
AJOG Global Reports,NA,2666-5778,2026-05-21,NA,eme2025ukb
AJPM Focus,NA,2773-0654,2026-05-21,NA,eme2025ukb
Alcohol,NA,0741-8329,2026-05-21,NA,eme2025ukb
Alexandria Engineering Journal,NA,1110-0168,2026-05-21,NA,eme2025ukb
Algal Research,NA,2211-9264,2026-05-21,NA,eme2025ukb
American Heart Journal,NA,0002-8703,2026-05-21,NA,eme2025ukb
American Heart Journal Plus: Cardiology Research and Practice,NA,2666-6022,2026-05-21,NA,eme2025ukb
American Journal of Emergency Medicine,NA,0735-6757,2026-05-21,NA,eme2025ukb
American Journal of Infection Control,NA,0196-6553,2026-05-21,NA,eme2025ukb
American Journal of Kidney Diseases,NA,0272-6386,2026-05-21,NA,eme2025ukb
American Journal of Medicine Open,NA,2667-0364,2026-05-21,NA,eme2025ukb
American Journal of Obstetrics & Gynecology,NA,0002-9378,2026-05-21,NA,eme2025ukb
American Journal of Obstetrics & Gynecology MFM,NA,2589-9333,2026-05-21,NA,eme2025ukb
American Journal of Ophthalmology,NA,0002-9394,2026-05-21,NA,eme2025ukb
American Journal of Ophthalmology Case Reports,NA,2451-9936,2026-05-21,NA,eme2025ukb
American Journal of Orthodontics and Dentofacial Orthopedics,NA,0889-5406,2026-05-21,NA,eme2025ukb
American Journal of Otolaryngology,NA,0196-0709,2026-05-21,NA,eme2025ukb
American Journal of Pharmaceutical Education,NA,0002-9459,2026-05-21,NA,eme2025ukb
American Journal of Preventive Cardiology,NA,2666-6677,2026-05-21,NA,eme2025ukb
American Journal of Preventive Medicine,NA,0749-3797,2026-05-21,NA,eme2025ukb
American Journal of Transplantation,NA,1600-6135,2026-05-21,NA,eme2025ukb
Ampersand,NA,2215-0390,2026-05-21,NA,eme2025ukb
Anaerobe,NA,1075-9964,2026-05-21,NA,eme2025ukb
Anaesthesia Critical Care & Pain Medicine,NA,2352-5568,2026-05-21,NA,eme2025ukb
Analytic Methods in Accident Research,NA,2213-6657,2026-05-21,NA,eme2025ukb
Analytica Chimica Acta,NA,0003-2670,2026-05-21,NA,eme2025ukb
Analytical Biochemistry,NA,0003-2697,2026-05-21,NA,eme2025ukb
Anesthésie & Réanimation,NA,2352-5800,2026-05-21,NA,eme2025ukb
animal,NA,1751-7311,2026-05-21,NA,eme2025ukb
animal - open space,NA,2772-6940,2026-05-21,NA,eme2025ukb
Animal Behaviour,NA,0003-3472,2026-05-21,NA,eme2025ukb
Animal Feed Science and Technology,NA,0377-8401,2026-05-21,NA,eme2025ukb
Animal Reproduction Science,NA,0378-4320,2026-05-21,NA,eme2025ukb
Annales de Chirurgie Plastique Esthétique,NA,0294-1260,2026-05-21,NA,eme2025ukb
Annales de Dermatologie et de Vénéréologie,NA,0151-9638,2026-05-21,NA,eme2025ukb
Annales de Paléontologie,NA,0753-3969,2026-05-21,NA,eme2025ukb
Annales de Pathologie,NA,0242-6498,2026-05-21,NA,eme2025ukb
Annales d'Endocrinologie,NA,0003-4266,2026-05-21,NA,eme2025ukb
Annales Françaises d'Oto-Rhino-Laryngologie et de Pathologie Cervico-Faciale,NA,1879-7261,2026-05-21,NA,eme2025ukb
Annales Médico-Psychologiques,NA,0003-4487,2026-05-21,NA,eme2025ukb
Annals of 3D Printed Medicine,NA,2666-9641,2026-05-21,NA,eme2025ukb
Annals of Agricultural Sciences,NA,0570-1783,2026-05-21,NA,eme2025ukb
"Annals of Allergy, Asthma & Immunology",NA,1081-1206,2026-05-21,NA,eme2025ukb
Annals of Anatomy,NA,0940-9602,2026-05-21,NA,eme2025ukb
Annals of Diagnostic Pathology,NA,1092-9134,2026-05-21,NA,eme2025ukb
Annals of Emergency Medicine,NA,0196-0644,2026-05-21,NA,eme2025ukb
Annals of Epidemiology,NA,1047-2797,2026-05-21,NA,eme2025ukb
Annals of Hepatology,NA,1665-2681,2026-05-21,NA,eme2025ukb
Annals of Intensive Care,NA,2110-5820,2026-05-21,NA,eme2025ukb
Annals of Nuclear Energy,NA,0306-4549,2026-05-21,NA,eme2025ukb
Annals of Oncology,NA,0923-7534,2026-05-21,NA,eme2025ukb
Annals of Physical and Rehabilitation Medicine,NA,1877-0657,2026-05-21,NA,eme2025ukb
Annals of Physics,NA,0003-4916,2026-05-21,NA,eme2025ukb
Annals of Pure and Applied Logic,NA,0168-0072,2026-05-21,NA,eme2025ukb
Annals of the Rheumatic Diseases,NA,0003-4967,2026-05-21,NA,eme2025ukb
Annals of Thoracic Surgery Short Reports,NA,2772-9931,2026-05-21,NA,eme2025ukb
Annals of Tourism Research,NA,0160-7383,2026-05-21,NA,eme2025ukb
Annals of Tourism Research Empirical Insights,NA,2666-9579,2026-05-21,NA,eme2025ukb
Annals of Vascular Surgery,NA,0890-5096,2026-05-21,NA,eme2025ukb
Annals of Vascular Surgery - Brief Reports and Innovations,NA,2772-6878,2026-05-21,NA,eme2025ukb
Annual Reviews in Control,NA,1367-5788,2026-05-21,NA,eme2025ukb
Anthropocene,NA,2213-3054,2026-05-21,NA,eme2025ukb
Antiviral Research,NA,0166-3542,2026-05-21,NA,eme2025ukb
Appetite,NA,0195-6663,2026-05-21,NA,eme2025ukb
Appetite: Disordered Eating,NA,3117-3950,2026-05-21,NA,eme2025ukb
Applications in Energy and Combustion Science,NA,2666-352X,2026-05-21,NA,eme2025ukb
Applications in Engineering Science,NA,2666-4968,2026-05-21,NA,eme2025ukb
Applied Acoustics,NA,0003-682X,2026-05-21,NA,eme2025ukb
Applied and Computational Harmonic Analysis,NA,1063-5203,2026-05-21,NA,eme2025ukb
Applied Animal Behaviour Science,NA,0168-1591,2026-05-21,NA,eme2025ukb
Applied Animal Science,NA,2590-2865,2026-05-21,NA,eme2025ukb
Applied Biomolecules: Bioactive Materials,NA,3117-5031,2026-05-21,NA,eme2025ukb
Applied Catalysis A: General,NA,0926-860X,2026-05-21,NA,eme2025ukb
Applied Catalysis B: Environment and Energy,NA,0926-3373,2026-05-21,NA,eme2025ukb
Applied Catalysis O: Open,NA,2950-6484,2026-05-21,NA,eme2025ukb
Applied Clay Science,NA,0169-1317,2026-05-21,NA,eme2025ukb
Applied Computing and Geosciences,NA,2590-1974,2026-05-21,NA,eme2025ukb
Applied Corpus Linguistics,NA,2666-7991,2026-05-21,NA,eme2025ukb
Applied Energy,NA,0306-2619,2026-05-21,NA,eme2025ukb
Applied Ergonomics,NA,0003-6870,2026-05-21,NA,eme2025ukb
Applied Food Research,NA,2772-5022,2026-05-21,NA,eme2025ukb
Applied Geochemistry,NA,0883-2927,2026-05-21,NA,eme2025ukb
Applied Geography,NA,0143-6228,2026-05-21,NA,eme2025ukb
Applied Materials Today,NA,2352-9407,2026-05-21,NA,eme2025ukb
Applied Mathematical Modelling,NA,0307-904X,2026-05-21,NA,eme2025ukb
Applied Mathematics and Computation,NA,0096-3003,2026-05-21,NA,eme2025ukb
Applied Mathematics Letters,NA,0893-9659,2026-05-21,NA,eme2025ukb
Applied Numerical Mathematics,NA,0168-9274,2026-05-21,NA,eme2025ukb
Applied Nursing Research,NA,0897-1897,2026-05-21,NA,eme2025ukb
Applied Ocean Research,NA,0141-1187,2026-05-21,NA,eme2025ukb
Applied Radiation and Isotopes,NA,0969-8043,2026-05-21,NA,eme2025ukb
Applied Soft Computing,NA,1568-4946,2026-05-21,NA,eme2025ukb
Applied Soil Ecology,NA,0929-1393,2026-05-21,NA,eme2025ukb
Applied Studies in Innovative Learning and Teaching,NA,3051-3243,2026-05-21,NA,eme2025ukb
Applied Surface Science,NA,0169-4332,2026-05-21,NA,eme2025ukb
Applied Surface Science Advances,NA,2666-5239,2026-05-21,NA,eme2025ukb
Applied Thermal Engineering,NA,1359-4311,2026-05-21,NA,eme2025ukb
Aquacultural Engineering,NA,0144-8609,2026-05-21,NA,eme2025ukb
Aquaculture,NA,0044-8486,2026-05-21,NA,eme2025ukb
Aquaculture Reports,NA,2352-5134,2026-05-21,NA,eme2025ukb
Aquatic Botany,NA,0304-3770,2026-05-21,NA,eme2025ukb
Aquatic Toxicology,NA,0166-445X,2026-05-21,NA,eme2025ukb
Arab Journal of Gastroenterology,NA,1687-1979,2026-05-21,NA,eme2025ukb
Archaeological Research in Asia,NA,2352-2267,2026-05-21,NA,eme2025ukb
Archives de Pédiatrie,NA,0929-693X,2026-05-21,NA,eme2025ukb
Archives des Maladies du Coeur et des Vaisseaux: Pratique,NA,1261-694X,2026-05-21,NA,eme2025ukb
Archives des Maladies Professionnelles et de l'Environnement,NA,1775-8785,2026-05-21,NA,eme2025ukb
Archives of Biochemistry and Biophysics,NA,0003-9861,2026-05-21,NA,eme2025ukb
Archives of Cardiovascular Diseases,NA,1875-2136,2026-05-21,NA,eme2025ukb
Archives of Gerontology and Geriatrics,NA,0167-4943,2026-05-21,NA,eme2025ukb
Archives of Gerontology and Geriatrics Plus,NA,2950-3078,2026-05-21,NA,eme2025ukb
Archives of Legal Medicine,NA,2950-3949,2026-05-21,NA,eme2025ukb
Archives of Medical Research,NA,0188-4409,2026-05-21,NA,eme2025ukb
Archives of Oral Biology,NA,0003-9969,2026-05-21,NA,eme2025ukb
Archives of Physical Medicine and Rehabilitation,NA,0003-9993,2026-05-21,NA,eme2025ukb
Archives of Psychiatric Nursing,NA,0883-9417,2026-05-21,NA,eme2025ukb
Archives of Rehabilitation Research and Clinical Translation,NA,2590-1095,2026-05-21,NA,eme2025ukb
Archivos de Bronconeumología,NA,0300-2896,2026-05-21,NA,eme2025ukb
Archivos de la Sociedad Española de Oftalmología,NA,0365-6691,2026-05-21,NA,eme2025ukb
Archivos de la Sociedad Española de Oftalmología (English Edition),NA,2173-5794,2026-05-21,NA,eme2025ukb
Array,NA,2590-0056,2026-05-21,NA,eme2025ukb
Arthroplasty Today,NA,2352-3441,2026-05-21,NA,eme2025ukb
Arthropod Structure & Development,NA,1467-8039,2026-05-21,NA,eme2025ukb
Artificial Intelligence,NA,0004-3702,2026-05-21,NA,eme2025ukb
Artificial Intelligence Chemistry,NA,2949-7477,2026-05-21,NA,eme2025ukb
Artificial Intelligence for Transportation,NA,3050-8606,2026-05-21,NA,eme2025ukb
Artificial Intelligence in Emergency Medicine,NA,3051-2883,2026-05-21,NA,eme2025ukb
Artificial Intelligence in Medicine,NA,0933-3657,2026-05-21,NA,eme2025ukb
Artificial Intelligence in the Life Sciences,NA,2667-3185,2026-05-21,NA,eme2025ukb
Asia and the Global Economy,NA,2667-1115,2026-05-21,NA,eme2025ukb
Asia Pacific Management Review,NA,1029-3132,2026-05-21,NA,eme2025ukb
Asian Journal of Psychiatry,NA,1876-2018,2026-05-21,NA,eme2025ukb
Asian Journal of Social Science,NA,1568-4849,2026-05-21,NA,eme2025ukb
Asian Transport Studies,NA,2185-5560,2026-05-21,NA,eme2025ukb
Asia-Pacific Journal of Oncology Nursing,NA,2347-5625,2026-05-21,NA,eme2025ukb
Asia-Pacific Journal of Ophthalmology,NA,2162-0989,2026-05-21,NA,eme2025ukb
Aspects of Molecular Medicine,NA,2949-6888,2026-05-21,NA,eme2025ukb
ASPET Discovery,NA,3050-5674,2026-05-21,NA,eme2025ukb
Assessing Writing,NA,1075-2935,2026-05-21,NA,eme2025ukb
Astronomy and Computing,NA,2213-1337,2026-05-21,NA,eme2025ukb
Astroparticle Physics,NA,0927-6505,2026-05-21,NA,eme2025ukb
Atención Primaria,NA,0212-6567,2026-05-21,NA,eme2025ukb
Atherosclerosis,NA,0021-9150,2026-05-21,NA,eme2025ukb
Atherosclerosis Plus,NA,2667-0895,2026-05-21,NA,eme2025ukb
Atmospheric Environment,NA,1352-2310,2026-05-21,NA,eme2025ukb
Atmospheric Environment: X,NA,2590-1621,2026-05-21,NA,eme2025ukb
Atmospheric Pollution Research,NA,1309-1042,2026-05-21,NA,eme2025ukb
Atmospheric Research,NA,0169-8095,2026-05-21,NA,eme2025ukb
Atomic Data and Nuclear Data Tables,NA,0092-640X,2026-05-21,NA,eme2025ukb
Auris Nasus Larynx,NA,0385-8146,2026-05-21,NA,eme2025ukb
Australasian Emergency Care,NA,2588-994X,2026-05-21,NA,eme2025ukb
Australian and New Zealand Journal of Public Health,NA,1326-0200,2026-05-21,NA,eme2025ukb
Australian Critical Care,NA,1036-7314,2026-05-21,NA,eme2025ukb
Autoimmunity Reviews,NA,1568-9972,2026-05-21,NA,eme2025ukb
Automatica,NA,0005-1098,2026-05-21,NA,eme2025ukb
Automation in Construction,NA,0926-5805,2026-05-21,NA,eme2025ukb
Autonomic Neuroscience: Basic and Clinical,NA,1566-0702,2026-05-21,NA,eme2025ukb
Bacteriophage,NA,3051-2697,2026-05-21,NA,eme2025ukb
Basic and Applied Ecology,NA,1439-1791,2026-05-21,NA,eme2025ukb
BBA Advances,NA,2667-1603,2026-05-21,NA,eme2025ukb
Behavior Therapy,NA,0005-7894,2026-05-21,NA,eme2025ukb
Behaviour Research and Therapy,NA,0005-7967,2026-05-21,NA,eme2025ukb
Behavioural Brain Research,NA,0166-4328,2026-05-21,NA,eme2025ukb
Behavioural Processes,NA,0376-6357,2026-05-21,NA,eme2025ukb
Best Practice & Research Clinical Anaesthesiology,NA,1521-6896,2026-05-21,NA,eme2025ukb
Best Practice & Research Clinical Endocrinology & Metabolism,NA,1521-690X,2026-05-21,NA,eme2025ukb
Best Practice & Research Clinical Gastroenterology,NA,1521-6918,2026-05-21,NA,eme2025ukb
Best Practice & Research Clinical Haematology,NA,1521-6926,2026-05-21,NA,eme2025ukb
Best Practice & Research Clinical Obstetrics & Gynaecology,NA,1521-6934,2026-05-21,NA,eme2025ukb
Best Practice & Research Clinical Rheumatology,NA,1521-6942,2026-05-21,NA,eme2025ukb
Big Data Research,NA,2214-5796,2026-05-21,NA,eme2025ukb
Bioactive Carbohydrates and Dietary Fibre,NA,2212-6198,2026-05-21,NA,eme2025ukb
Biocatalysis and Agricultural Biotechnology,NA,1878-8181,2026-05-21,NA,eme2025ukb
Biochemical and Biophysical Research Communications,NA,0006-291X,2026-05-21,NA,eme2025ukb
Biochemical Engineering Journal,NA,1369-703X,2026-05-21,NA,eme2025ukb
Biochemical Pharmacology,NA,0006-2952,2026-05-21,NA,eme2025ukb
Biochemical Systematics and Ecology,NA,0305-1978,2026-05-21,NA,eme2025ukb
Biochemistry and Biophysics Reports,NA,2405-5808,2026-05-21,NA,eme2025ukb
Biochimica et Biophysica Acta: Bioenergetics,NA,0005-2728,2026-05-21,NA,eme2025ukb
Biochimica et Biophysica Acta: Biomembranes,NA,0005-2736,2026-05-21,NA,eme2025ukb
Biochimica et Biophysica Acta: Gene Regulatory Mechanisms,NA,1874-9399,2026-05-21,NA,eme2025ukb
Biochimica et Biophysica Acta: General Subjects,NA,0304-4165,2026-05-21,NA,eme2025ukb
Biochimica et Biophysica Acta: Molecular and Cell Biology of Lipids,NA,1388-1981,2026-05-21,NA,eme2025ukb
Biochimica et Biophysica Acta: Molecular Basis of Disease,NA,0925-4439,2026-05-21,NA,eme2025ukb
Biochimica et Biophysica Acta: Molecular Cell Research,NA,0167-4889,2026-05-21,NA,eme2025ukb
Biochimica et Biophysica Acta: Proteins and Proteomics,NA,1570-9639,2026-05-21,NA,eme2025ukb
Biochimica et Biophysica Acta: Reviews on Cancer,NA,0304-419X,2026-05-21,NA,eme2025ukb
Biochimie,NA,0300-9084,2026-05-21,NA,eme2025ukb
Biocybernetics and Biomedical Engineering,NA,0208-5216,2026-05-21,NA,eme2025ukb
BioDesign Research,NA,2693-1257,2026-05-21,NA,eme2025ukb
Bioelectrochemistry,NA,1567-5394,2026-05-21,NA,eme2025ukb
Biofilm,NA,2590-2075,2026-05-21,NA,eme2025ukb
Biological Conservation,NA,0006-3207,2026-05-21,NA,eme2025ukb
Biological Control,NA,1049-9644,2026-05-21,NA,eme2025ukb
Biological Psychiatry,NA,0006-3223,2026-05-21,NA,eme2025ukb
Biological Psychiatry Global Open Science,NA,2667-1743,2026-05-21,NA,eme2025ukb
Biological Psychiatry: Cognitive Neuroscience and Neuroimaging,NA,2451-9022,2026-05-21,NA,eme2025ukb
Biological Psychology,NA,0301-0511,2026-05-21,NA,eme2025ukb
Biologicals,NA,1045-1056,2026-05-21,NA,eme2025ukb
Biomarkers in Neuropsychiatry,NA,2666-1446,2026-05-21,NA,eme2025ukb
Biomass & Bioenergy,NA,0961-9534,2026-05-21,NA,eme2025ukb
Biomass Futures,NA,3051-4444,2026-05-21,NA,eme2025ukb
Biomaterials,NA,0142-9612,2026-05-21,NA,eme2025ukb
Biomaterials Advances,NA,2772-9508,2026-05-21,NA,eme2025ukb
Biomaterials and Biosystems,NA,2666-5344,2026-05-21,NA,eme2025ukb
Biomaterials and Living Medicine for Pharmaceutics,NA,3117-4663,2026-05-21,NA,eme2025ukb
Biomedical Engineering Advances,NA,2667-0992,2026-05-21,NA,eme2025ukb
Biomedical Journal,NA,2319-4170,2026-05-21,NA,eme2025ukb
Biomedical Signal Processing and Control,NA,1746-8094,2026-05-21,NA,eme2025ukb
Biomedicine & Pharmacotherapy,NA,0753-3322,2026-05-21,NA,eme2025ukb
Bioorganic & Medicinal Chemistry,NA,0968-0896,2026-05-21,NA,eme2025ukb
Bioorganic & Medicinal Chemistry Letters,NA,0960-894X,2026-05-21,NA,eme2025ukb
Bioorganic Chemistry,NA,0045-2068,2026-05-21,NA,eme2025ukb
Biophysical Chemistry,NA,0301-4622,2026-05-21,NA,eme2025ukb
Biophysical Reports,NA,2667-0747,2026-05-21,NA,eme2025ukb
Bioprinting,NA,2405-8866,2026-05-21,NA,eme2025ukb
Bioresource Technology,NA,0960-8524,2026-05-21,NA,eme2025ukb
Bioresource Technology Reports,NA,2589-014X,2026-05-21,NA,eme2025ukb
Biosafety and Health,NA,2590-0536,2026-05-21,NA,eme2025ukb
Biosensors and Bioelectronics,NA,0956-5663,2026-05-21,NA,eme2025ukb
Biosensors and Bioelectronics: X,NA,2590-1370,2026-05-21,NA,eme2025ukb
BioSystems,NA,0303-2647,2026-05-21,NA,eme2025ukb
Biosystems Engineering,NA,1537-5110,2026-05-21,NA,eme2025ukb
Biotechnology Advances,NA,0734-9750,2026-05-21,NA,eme2025ukb
Biotechnology Reports,NA,2215-017X,2026-05-21,NA,eme2025ukb
BJA Education,NA,2058-5349,2026-05-21,NA,eme2025ukb
BJA Open,NA,2772-6096,2026-05-21,NA,eme2025ukb
"Blood Cells, Molecules and Diseases",NA,1079-9796,2026-05-21,NA,eme2025ukb
Blood Reviews,NA,0268-960X,2026-05-21,NA,eme2025ukb
Body Image,NA,1740-1445,2026-05-21,NA,eme2025ukb
Boletín de la Sociedad Española de Cerámica y Vidrio,NA,0366-3175,2026-05-21,NA,eme2025ukb
Bone,NA,8756-3282,2026-05-21,NA,eme2025ukb
Bone Reports,NA,2352-1872,2026-05-21,NA,eme2025ukb
Brachytherapy,NA,1538-4721,2026-05-21,NA,eme2025ukb
Brain & Development,NA,0387-7604,2026-05-21,NA,eme2025ukb
Brain and Cognition,NA,0278-2626,2026-05-21,NA,eme2025ukb
Brain and Development Case Reports,NA,2950-2217,2026-05-21,NA,eme2025ukb
Brain and Environment,NA,3050-5917,2026-05-21,NA,eme2025ukb
Brain and Language,NA,0093-934X,2026-05-21,NA,eme2025ukb
Brain and Spine,NA,2772-5294,2026-05-21,NA,eme2025ukb
Brain Behavior and Immunity Integrative,NA,2949-8341,2026-05-21,NA,eme2025ukb
Brain Disorders,NA,2666-4593,2026-05-21,NA,eme2025ukb
Brain Mechanisms,NA,3050-6425,2026-05-21,NA,eme2025ukb
Brain Organoid and Systems Neuroscience Journal,NA,2949-9216,2026-05-21,NA,eme2025ukb
Brain Research,NA,0006-8993,2026-05-21,NA,eme2025ukb
Brain Research Bulletin,NA,0361-9230,2026-05-21,NA,eme2025ukb
Brain Stimulation,NA,1935-861X,2026-05-21,NA,eme2025ukb
"Brain, Behavior, & Immunity - Health",NA,2666-3546,2026-05-21,NA,eme2025ukb
"Brain, Behavior, and Immunity",NA,0889-1591,2026-05-21,NA,eme2025ukb
Brazilian Journal of Otorhinolaryngology,NA,1808-8694,2026-05-21,NA,eme2025ukb
Brazilian Journal of Physical Therapy,NA,1413-3555,2026-05-21,NA,eme2025ukb
British Journal of Anaesthesia,NA,0007-0912,2026-05-21,NA,eme2025ukb
British Journal of Oral and Maxillofacial Surgery,NA,0266-4356,2026-05-21,NA,eme2025ukb
Building and Environment,NA,0360-1323,2026-05-21,NA,eme2025ukb
Bulletin des Sciences Mathématiques,NA,0007-4497,2026-05-21,NA,eme2025ukb
Bulletin du Cancer,NA,0007-4551,2026-05-21,NA,eme2025ukb
Burns,NA,0305-4179,2026-05-21,NA,eme2025ukb
Burns Open,NA,2468-9122,2026-05-21,NA,eme2025ukb
Business Horizons,NA,0007-6813,2026-05-21,NA,eme2025ukb
Cahiers de Nutrition et de Diététique,NA,0007-9960,2026-05-21,NA,eme2025ukb
Calphad,NA,0364-5916,2026-05-21,NA,eme2025ukb
Canadian Journal of Cardiology,NA,0828-282X,2026-05-21,NA,eme2025ukb
Canadian Journal of Diabetes,NA,1499-2671,2026-05-21,NA,eme2025ukb
Canadian Journal of Ophthalmology,NA,0008-4182,2026-05-21,NA,eme2025ukb
Cancer Epidemiology,NA,1877-7821,2026-05-21,NA,eme2025ukb
Cancer Genetics,NA,2210-7762,2026-05-21,NA,eme2025ukb
Cancer Letters,NA,0304-3835,2026-05-21,NA,eme2025ukb
Cancer Neuroscience,NA,3051-3235,2026-05-21,NA,eme2025ukb
Cancer Pathogenesis and Therapy,NA,2949-7132,2026-05-21,NA,eme2025ukb
Cancer Radiothérapie,NA,1278-3218,2026-05-21,NA,eme2025ukb
Cancer Treatment and Research Communications,NA,2468-2942,2026-05-21,NA,eme2025ukb
Cancer Treatment Reviews,NA,0305-7372,2026-05-21,NA,eme2025ukb
Carbohydrate Polymer Technologies and Applications,NA,2666-8939,2026-05-21,NA,eme2025ukb
Carbohydrate Polymers,NA,0144-8617,2026-05-21,NA,eme2025ukb
Carbohydrate Research,NA,0008-6215,2026-05-21,NA,eme2025ukb
Carbon,NA,0008-6223,2026-05-21,NA,eme2025ukb
Carbon Capture Science & Technology,NA,2772-6568,2026-05-21,NA,eme2025ukb
Carbon Neutral Technologies,NA,3050-6603,2026-05-21,NA,eme2025ukb
Carbon Trends,NA,2667-0569,2026-05-21,NA,eme2025ukb
Cardiovascular Pathology,NA,1054-8807,2026-05-21,NA,eme2025ukb
Cardiovascular Revascularization Medicine,NA,1553-8389,2026-05-21,NA,eme2025ukb
Cardiovascular Revascularization Medicine: Interesting Cases,NA,2950-2756,2026-05-21,NA,eme2025ukb
CASE,NA,2468-6441,2026-05-21,NA,eme2025ukb
Case Reports in Women's Health,NA,2214-9112,2026-05-21,NA,eme2025ukb
Case Studies in Chemical and Environmental Engineering,NA,2666-0164,2026-05-21,NA,eme2025ukb
Case Studies in Construction Materials,NA,2214-5095,2026-05-21,NA,eme2025ukb
Case Studies in Thermal Engineering,NA,2214-157X,2026-05-21,NA,eme2025ukb
Case Studies on Transport Policy,NA,2213-624X,2026-05-21,NA,eme2025ukb
Catalysis Today,NA,0920-5861,2026-05-21,NA,eme2025ukb
CATENA,NA,0341-8162,2026-05-21,NA,eme2025ukb
Cell Calcium,NA,0143-4160,2026-05-21,NA,eme2025ukb
Cell Death,NA,3051-1151,2026-05-21,NA,eme2025ukb
Cell Genomics,NA,2666-979X,2026-05-21,NA,eme2025ukb
Cell Insight,NA,2772-8927,2026-05-21,NA,eme2025ukb
Cell Reports,NA,2211-1247,2026-05-21,NA,eme2025ukb
Cell Reports Medicine,NA,2666-3791,2026-05-21,NA,eme2025ukb
Cell Reports Methods,NA,2667-2375,2026-05-21,NA,eme2025ukb
Cell Reports Physical Science,NA,2666-3864,2026-05-21,NA,eme2025ukb
Cell Reports Sustainability,NA,2949-7906,2026-05-21,NA,eme2025ukb
Cell Stress and Chaperones,NA,1355-8145,2026-05-21,NA,eme2025ukb
Cells & Development,NA,2667-2901,2026-05-21,NA,eme2025ukb
Cellular and Molecular Gastroenterology and Hepatology,NA,2352-345X,2026-05-21,NA,eme2025ukb
Cellular Immunology,NA,0008-8749,2026-05-21,NA,eme2025ukb
Cellular Signalling,NA,0898-6568,2026-05-21,NA,eme2025ukb
Cement,NA,2666-5492,2026-05-21,NA,eme2025ukb
Cement and Concrete Composites,NA,0958-9465,2026-05-21,NA,eme2025ukb
Cement and Concrete Research,NA,0008-8846,2026-05-21,NA,eme2025ukb
Ceramics International,NA,0272-8842,2026-05-21,NA,eme2025ukb
Cerebral Circulation - Cognition and Behavior,NA,2666-2450,2026-05-21,NA,eme2025ukb
"Chaos, Solitons & Fractals",NA,0960-0779,2026-05-21,NA,eme2025ukb
Chemical Data Collections,NA,2405-8300,2026-05-21,NA,eme2025ukb
Chemical Engineering and Processing - Process Intensification,NA,0255-2701,2026-05-21,NA,eme2025ukb
Chemical Engineering Journal,NA,1385-8947,2026-05-21,NA,eme2025ukb
Chemical Engineering Journal Advances,NA,2666-8211,2026-05-21,NA,eme2025ukb
Chemical Engineering Journal: Green and Sustainable,NA,3051-0031,2026-05-21,NA,eme2025ukb
Chemical Engineering Research and Design,NA,0263-8762,2026-05-21,NA,eme2025ukb
Chemical Engineering Science,NA,0009-2509,2026-05-21,NA,eme2025ukb
Chemical Geology,NA,0009-2541,2026-05-21,NA,eme2025ukb
Chemical Physics,NA,0301-0104,2026-05-21,NA,eme2025ukb
Chemical Physics Impact,NA,2667-0224,2026-05-21,NA,eme2025ukb
Chemical Physics Letters,NA,0009-2614,2026-05-21,NA,eme2025ukb
Chemical Thermodynamics and Thermal Analysis,NA,2667-3126,2026-05-21,NA,eme2025ukb
Chemico-Biological Interactions,NA,0009-2797,2026-05-21,NA,eme2025ukb
Chemistry and Physics of Lipids,NA,0009-3084,2026-05-21,NA,eme2025ukb
Chemistry of Inorganic Materials,NA,2949-7469,2026-05-21,NA,eme2025ukb
Chemometrics and Intelligent Laboratory Systems,NA,0169-7439,2026-05-21,NA,eme2025ukb
Chemosphere,NA,0045-6535,2026-05-21,NA,eme2025ukb
CHEST,NA,0012-3692,2026-05-21,NA,eme2025ukb
CHEST Critical Care,NA,2949-7884,2026-05-21,NA,eme2025ukb
CHEST Pulmonary,NA,2949-7892,2026-05-21,NA,eme2025ukb
Child Abuse & Neglect,NA,0145-2134,2026-05-21,NA,eme2025ukb
Child Protection and Practice,NA,2950-1938,2026-05-21,NA,eme2025ukb
Children and Youth Services Review,NA,0190-7409,2026-05-21,NA,eme2025ukb
China Economic Review,NA,1043-951X,2026-05-21,NA,eme2025ukb
Chinese Herbal Medicines,NA,1674-6384,2026-05-21,NA,eme2025ukb
Chinese Journal of Analytical Chemistry,NA,1872-2040,2026-05-21,NA,eme2025ukb
Chinese Journal of Chemical Engineering,NA,1004-9541,2026-05-21,NA,eme2025ukb
Chinese Journal of Physics,NA,0577-9073,2026-05-21,NA,eme2025ukb
Chinese Journal of Structural Chemistry,NA,0254-5861,2026-05-21,NA,eme2025ukb
Chinese Medical Journal Pulmonary and Critical Care Medicine,NA,2772-5588,2026-05-21,NA,eme2025ukb
Chip,NA,2709-4723,2026-05-21,NA,eme2025ukb
CIRP Annals,NA,0007-8506,2026-05-21,NA,eme2025ukb
CIRP Journal of Manufacturing Science and Technology,NA,1755-5817,2026-05-21,NA,eme2025ukb
Cirugía Española,NA,0009-739X,2026-05-21,NA,eme2025ukb
Cirugía Española (English edition),NA,2173-5077,2026-05-21,NA,eme2025ukb
Cities,NA,0264-2751,2026-05-21,NA,eme2025ukb
Cities: Smarter Futures,NA,3117-3764,2026-05-21,NA,eme2025ukb
City and Environment Interactions,NA,2590-2520,2026-05-21,NA,eme2025ukb
"City, Culture and Society",NA,1877-9166,2026-05-21,NA,eme2025ukb
CJC Open,NA,2589-790X,2026-05-21,NA,eme2025ukb
CJC Pediatric and Congenital Heart Disease,NA,2772-8129,2026-05-21,NA,eme2025ukb
Cleaner and Circular Bioeconomy,NA,2772-8013,2026-05-21,NA,eme2025ukb
Cleaner and Responsible Consumption,NA,2666-7843,2026-05-21,NA,eme2025ukb
Cleaner Chemical Engineering,NA,2772-7823,2026-05-21,NA,eme2025ukb
Cleaner Energy Systems,NA,2772-7831,2026-05-21,NA,eme2025ukb
Cleaner Engineering and Technology,NA,2666-7908,2026-05-21,NA,eme2025ukb
Cleaner Environmental Systems,NA,2666-7894,2026-05-21,NA,eme2025ukb
Cleaner Food Systems,NA,3050-8355,2026-05-21,NA,eme2025ukb
Cleaner Logistics and Supply Chain,NA,2772-3909,2026-05-21,NA,eme2025ukb
Cleaner Manufacturing,NA,3050-998X,2026-05-21,NA,eme2025ukb
Cleaner Materials,NA,2772-3976,2026-05-21,NA,eme2025ukb
Cleaner Production Letters,NA,2666-7916,2026-05-21,NA,eme2025ukb
Cleaner Waste Systems,NA,2772-9125,2026-05-21,NA,eme2025ukb
Cleaner Water,NA,2950-2632,2026-05-21,NA,eme2025ukb
Climate Change Ecology,NA,2666-9005,2026-05-21,NA,eme2025ukb
Climate Physics and Atmospheric Science: Scientific Insights and Societal Challenges,NA,3051-4088,2026-05-21,NA,eme2025ukb
Climate Risk Management,NA,2212-0963,2026-05-21,NA,eme2025ukb
Climate Services,NA,2405-8807,2026-05-21,NA,eme2025ukb
Clinica Chimica Acta,NA,0009-8981,2026-05-21,NA,eme2025ukb
Clínica e Investigación en Arteriosclerosis,NA,0214-9168,2026-05-21,NA,eme2025ukb
Clínica e Investigación en Arteriosclerosis (English Edition),NA,2529-9123,2026-05-21,NA,eme2025ukb
Clínica e Investigación en Ginecología y Obstetricia,NA,0210-573X,2026-05-21,NA,eme2025ukb
Clinical and Translational Radiation Oncology,NA,2405-6308,2026-05-21,NA,eme2025ukb
Clinical Biochemistry,NA,0009-9120,2026-05-21,NA,eme2025ukb
Clinical Biomechanics,NA,0268-0033,2026-05-21,NA,eme2025ukb
Clinical Breast Cancer,NA,1526-8209,2026-05-21,NA,eme2025ukb
Clinical Colorectal Cancer,NA,1533-0028,2026-05-21,NA,eme2025ukb
Clinical Dental Journal,NA,3117-4892,2026-05-21,NA,eme2025ukb
Clinical Epidemiology and Global Health,NA,2213-3984,2026-05-21,NA,eme2025ukb
Clinical Gastroenterology and Hepatology,NA,1542-3565,2026-05-21,NA,eme2025ukb
Clinical Genitourinary Cancer,NA,1558-7673,2026-05-21,NA,eme2025ukb
Clinical Imaging,NA,0899-7071,2026-05-21,NA,eme2025ukb
Clinical Immunology,NA,1521-6616,2026-05-21,NA,eme2025ukb
Clinical Immunology Communications,NA,2772-6134,2026-05-21,NA,eme2025ukb
Clinical Infection in Practice,NA,2590-1702,2026-05-21,NA,eme2025ukb
Clinical Lung Cancer,NA,1525-7304,2026-05-21,NA,eme2025ukb
"Clinical Lymphoma, Myeloma & Leukemia",NA,2152-2650,2026-05-21,NA,eme2025ukb
Clinical Medicine,NA,1470-2118,2026-05-21,NA,eme2025ukb
Clinical Microbiology and Infection,NA,1198-743X,2026-05-21,NA,eme2025ukb
Clinical Microbiology Newsletter,NA,0196-4399,2026-05-21,NA,eme2025ukb
Clinical Neurology and Neurosurgery,NA,0303-8467,2026-05-21,NA,eme2025ukb
Clinical Neurophysiology,NA,1388-2457,2026-05-21,NA,eme2025ukb
Clinical Neurophysiology Practice,NA,2467-981X,2026-05-21,NA,eme2025ukb
Clinical Nutrition,NA,0261-5614,2026-05-21,NA,eme2025ukb
Clinical Nutrition ESPEN,NA,2405-4577,2026-05-21,NA,eme2025ukb
Clinical Nutrition Open Science,NA,2667-2685,2026-05-21,NA,eme2025ukb
Clinical Oncology,NA,0936-6555,2026-05-21,NA,eme2025ukb
Clinical Parkinsonism & Related Disorders,NA,2590-1125,2026-05-21,NA,eme2025ukb
Clinical Psychology Review,NA,0272-7358,2026-05-21,NA,eme2025ukb
Clinical Radiology,NA,0009-9260,2026-05-21,NA,eme2025ukb
Clinical Simulation in Nursing,NA,1876-1399,2026-05-21,NA,eme2025ukb
Clinical Surgical Oncology,NA,2773-160X,2026-05-21,NA,eme2025ukb
Clinical Therapeutics,NA,0149-2918,2026-05-21,NA,eme2025ukb
Clinical Traditional Medicine and Pharmacology,NA,2097-3829,2026-05-21,NA,eme2025ukb
Clinics,NA,1807-5932,2026-05-21,NA,eme2025ukb
Clinics and Research in Hepatology and Gastroenterology,NA,2210-7401,2026-05-21,NA,eme2025ukb
Clinics in Dermatology,NA,0738-081X,2026-05-21,NA,eme2025ukb
CMI Communications,NA,2950-5909,2026-05-21,NA,eme2025ukb
Coacervates,NA,3117-6178,2026-05-21,NA,eme2025ukb
Coastal Engineering,NA,0378-3839,2026-05-21,NA,eme2025ukb
Cognition,NA,0010-0277,2026-05-21,NA,eme2025ukb
Cognitive and Behavioral Practice,NA,1077-7229,2026-05-21,NA,eme2025ukb
Cognitive Development,NA,0885-2014,2026-05-21,NA,eme2025ukb
Cognitive Psychology,NA,0010-0285,2026-05-21,NA,eme2025ukb
Cognitive Systems Research,NA,1389-0417,2026-05-21,NA,eme2025ukb
Cold Regions Science and Technology,NA,0165-232X,2026-05-21,NA,eme2025ukb
Collegian,NA,1322-7696,2026-05-21,NA,eme2025ukb
Colloid and Interface Science Communications,NA,2215-0382,2026-05-21,NA,eme2025ukb
Colloids and Surfaces A: Physicochemical and Engineering Aspects,NA,0927-7757,2026-05-21,NA,eme2025ukb
Colloids and Surfaces B: Biointerfaces,NA,0927-7765,2026-05-21,NA,eme2025ukb
Colloids and Surfaces C: Environmental Aspects,NA,2949-7590,2026-05-21,NA,eme2025ukb
Combustion and Flame,NA,0010-2180,2026-05-21,NA,eme2025ukb
Communications in Nonlinear Science and Numerical Simulation,NA,1007-5704,2026-05-21,NA,eme2025ukb
Comparative Biochemistry and Physiology - Part A: Molecular & Integrative Physiology,NA,1095-6433,2026-05-21,NA,eme2025ukb
Comparative Biochemistry and Physiology - Part B: Biochemistry & Molecular Biology,NA,1096-4959,2026-05-21,NA,eme2025ukb
Comparative Biochemistry and Physiology - Part C: Toxicology & Pharmacology,NA,1532-0456,2026-05-21,NA,eme2025ukb
Comparative Biochemistry and Physiology - Part D: Genomics and Proteomics,NA,1744-117X,2026-05-21,NA,eme2025ukb
Comparative Immunology Reports,NA,2950-3116,2026-05-21,NA,eme2025ukb
"Comparative Immunology, Microbiology & Infectious Diseases",NA,0147-9571,2026-05-21,NA,eme2025ukb
Complementary Therapies in Clinical Practice,NA,1744-3881,2026-05-21,NA,eme2025ukb
Complementary Therapies in Medicine,NA,0965-2299,2026-05-21,NA,eme2025ukb
Composite Structures,NA,0263-8223,2026-05-21,NA,eme2025ukb
Composites Communications,NA,2452-2139,2026-05-21,NA,eme2025ukb
Composites Part A: Applied Science and Manufacturing,NA,1359-835X,2026-05-21,NA,eme2025ukb
Composites Part B: Engineering,NA,1359-8368,2026-05-21,NA,eme2025ukb
Composites Part C: Open Access,NA,2666-6820,2026-05-21,NA,eme2025ukb
Composites Science and Technology,NA,0266-3538,2026-05-21,NA,eme2025ukb
Comprehensive Psychiatry,NA,0010-440X,2026-05-21,NA,eme2025ukb
Comprehensive Psychoneuroendocrinology,NA,2666-4976,2026-05-21,NA,eme2025ukb
Computational and Structural Biotechnology Reports,NA,2950-3639,2026-05-21,NA,eme2025ukb
Computational and Theoretical Chemistry,NA,2210-271X,2026-05-21,NA,eme2025ukb
Computational Biology and Chemistry,NA,1476-9271,2026-05-21,NA,eme2025ukb
Computational Condensed Matter,NA,2352-2143,2026-05-21,NA,eme2025ukb
Computational Geometry,NA,0925-7721,2026-05-21,NA,eme2025ukb
Computational Materials Science,NA,0927-0256,2026-05-21,NA,eme2025ukb
Computational Materials Today,NA,2950-4635,2026-05-21,NA,eme2025ukb
Computational Particle Mechanics,NA,2196-4386,2026-05-21,NA,eme2025ukb
Computational Statistics & Data Analysis,NA,0167-9473,2026-05-21,NA,eme2025ukb
Computational Toxicology,NA,2468-1113,2026-05-21,NA,eme2025ukb
Computer Aided Geometric Design,NA,0167-8396,2026-05-21,NA,eme2025ukb
Computer Communications,NA,0140-3664,2026-05-21,NA,eme2025ukb
Computer Law & Security Review,NA,2212-473X,2026-05-21,NA,eme2025ukb
Computer Methods and Programs in Biomedicine,NA,0169-2607,2026-05-21,NA,eme2025ukb
Computer Methods and Programs in Biomedicine Update,NA,2666-9900,2026-05-21,NA,eme2025ukb
Computer Methods in Applied Mechanics and Engineering,NA,0045-7825,2026-05-21,NA,eme2025ukb
Computer Networks,NA,1389-1286,2026-05-21,NA,eme2025ukb
Computer Physics Communications,NA,0010-4655,2026-05-21,NA,eme2025ukb
Computer Science Review,NA,1574-0137,2026-05-21,NA,eme2025ukb
Computer Speech and Language,NA,0885-2308,2026-05-21,NA,eme2025ukb
Computer Standards & Interfaces,NA,0920-5489,2026-05-21,NA,eme2025ukb
Computer Vision and Image Understanding,NA,1077-3142,2026-05-21,NA,eme2025ukb
Computer-Aided Design,NA,0010-4485,2026-05-21,NA,eme2025ukb
Computerized Medical Imaging and Graphics,NA,0895-6111,2026-05-21,NA,eme2025ukb
Computers & Chemical Engineering,NA,0098-1354,2026-05-21,NA,eme2025ukb
Computers & Education,NA,0360-1315,2026-05-21,NA,eme2025ukb
Computers & Education: X Reality,NA,2949-6780,2026-05-21,NA,eme2025ukb
Computers & Electrical Engineering,NA,0045-7906,2026-05-21,NA,eme2025ukb
Computers & Fluids,NA,0045-7930,2026-05-21,NA,eme2025ukb
Computers & Geosciences,NA,0098-3004,2026-05-21,NA,eme2025ukb
Computers & Graphics,NA,0097-8493,2026-05-21,NA,eme2025ukb
Computers & Industrial Engineering,NA,0360-8352,2026-05-21,NA,eme2025ukb
Computers & Mathematics with Applications,NA,0898-1221,2026-05-21,NA,eme2025ukb
Computers & Operations Research,NA,0305-0548,2026-05-21,NA,eme2025ukb
Computers & Security,NA,0167-4048,2026-05-21,NA,eme2025ukb
Computers & Structures,NA,0045-7949,2026-05-21,NA,eme2025ukb
Computers and Composition,NA,8755-4615,2026-05-21,NA,eme2025ukb
Computers and Education Open,NA,2666-5573,2026-05-21,NA,eme2025ukb
Computers and Education: Artificial Intelligence,NA,2666-920X,2026-05-21,NA,eme2025ukb
Computers and Electronics in Agriculture,NA,0168-1699,2026-05-21,NA,eme2025ukb
Computers and Geotechnics,NA,0266-352X,2026-05-21,NA,eme2025ukb
Computers in Biology and Medicine,NA,0010-4825,2026-05-21,NA,eme2025ukb
Computers in Human Behavior,NA,0747-5632,2026-05-21,NA,eme2025ukb
Computers in Human Behavior Reports,NA,2451-9588,2026-05-21,NA,eme2025ukb
Computers in Human Behavior: Artificial Humans,NA,2949-8821,2026-05-21,NA,eme2025ukb
Computers in Industry,NA,0166-3615,2026-05-21,NA,eme2025ukb
"Computers, Environment and Urban Systems",NA,0198-9715,2026-05-21,NA,eme2025ukb
Consciousness and Cognition,NA,1053-8100,2026-05-21,NA,eme2025ukb
Construction and Building Materials,NA,0950-0618,2026-05-21,NA,eme2025ukb
Construction and Building Materials in Transportation,NA,3117-650X,2026-05-21,NA,eme2025ukb
Contact Lens & Anterior Eye,NA,1367-0484,2026-05-21,NA,eme2025ukb
Contemporary Clinical Trials,NA,1551-7144,2026-05-21,NA,eme2025ukb
Contemporary Clinical Trials Communications,NA,2451-8654,2026-05-21,NA,eme2025ukb
Contemporary Educational Psychology,NA,0361-476X,2026-05-21,NA,eme2025ukb
Continence,NA,2772-9737,2026-05-21,NA,eme2025ukb
Continence Reports,NA,2772-9745,2026-05-21,NA,eme2025ukb
Continental Shelf Research,NA,0278-4343,2026-05-21,NA,eme2025ukb
Contraception,NA,0010-7824,2026-05-21,NA,eme2025ukb
Control Engineering Practice,NA,0967-0661,2026-05-21,NA,eme2025ukb
Coordination Chemistry Research,NA,2950-4864,2026-05-21,NA,eme2025ukb
Coordination Chemistry Reviews,NA,0010-8545,2026-05-21,NA,eme2025ukb
Corrosion Science,NA,0010-938X,2026-05-21,NA,eme2025ukb
Cortex,NA,0010-9452,2026-05-21,NA,eme2025ukb
Cretaceous Research,NA,0195-6671,2026-05-21,NA,eme2025ukb
Critical Perspectives on Accounting,NA,1045-2354,2026-05-21,NA,eme2025ukb
Critical Reviews in Oncology/Hematology,NA,1040-8428,2026-05-21,NA,eme2025ukb
Crop and Environment,NA,2773-126X,2026-05-21,NA,eme2025ukb
Crop Protection,NA,0261-2194,2026-05-21,NA,eme2025ukb
Cryobiology,NA,0011-2240,2026-05-21,NA,eme2025ukb
Cryogenics,NA,0011-2275,2026-05-21,NA,eme2025ukb
Current Applied Physics,NA,1567-1739,2026-05-21,NA,eme2025ukb
Current Developments in Nutrition,NA,2475-2991,2026-05-21,NA,eme2025ukb
Current Opinion in Behavioral Sciences,NA,2352-1546,2026-05-21,NA,eme2025ukb
Current Opinion in Biomedical Engineering,NA,2468-4511,2026-05-21,NA,eme2025ukb
Current Opinion in Biotechnology,NA,0958-1669,2026-05-21,NA,eme2025ukb
Current Opinion in Cell Biology,NA,0955-0674,2026-05-21,NA,eme2025ukb
Current Opinion in Chemical Biology,NA,1367-5931,2026-05-21,NA,eme2025ukb
Current Opinion in Chemical Engineering,NA,2211-3398,2026-05-21,NA,eme2025ukb
Current Opinion in Colloid & Interface Science,NA,1359-0294,2026-05-21,NA,eme2025ukb
Current Opinion in Electrochemistry,NA,2451-9103,2026-05-21,NA,eme2025ukb
Current Opinion in Endocrine and Metabolic Research,NA,2451-9650,2026-05-21,NA,eme2025ukb
Current Opinion in Environmental Science & Health,NA,2468-5844,2026-05-21,NA,eme2025ukb
Current Opinion in Environmental Sustainability,NA,1877-3435,2026-05-21,NA,eme2025ukb
Current Opinion in Food Science,NA,2214-7993,2026-05-21,NA,eme2025ukb
Current Opinion in Genetics & Development,NA,0959-437X,2026-05-21,NA,eme2025ukb
Current Opinion in Green and Sustainable Chemistry,NA,2452-2236,2026-05-21,NA,eme2025ukb
Current Opinion in Immunology,NA,0952-7915,2026-05-21,NA,eme2025ukb
Current Opinion in Insect Science,NA,2214-5745,2026-05-21,NA,eme2025ukb
Current Opinion in Microbiology,NA,1369-5274,2026-05-21,NA,eme2025ukb
Current Opinion in Neurobiology,NA,0959-4388,2026-05-21,NA,eme2025ukb
Current Opinion in Pharmacology,NA,1471-4892,2026-05-21,NA,eme2025ukb
Current Opinion in Physiology,NA,2468-8673,2026-05-21,NA,eme2025ukb
Current Opinion in Plant Biology,NA,1369-5266,2026-05-21,NA,eme2025ukb
Current Opinion in Psychology,NA,2352-250X,2026-05-21,NA,eme2025ukb
Current Opinion in Solid State & Materials Science,NA,1359-0286,2026-05-21,NA,eme2025ukb
Current Opinion in Structural Biology,NA,0959-440X,2026-05-21,NA,eme2025ukb
Current Opinion in Systems Biology,NA,2452-3100,2026-05-21,NA,eme2025ukb
Current Opinion in Toxicology,NA,2468-2020,2026-05-21,NA,eme2025ukb
Current Opinion in Virology,NA,1879-6257,2026-05-21,NA,eme2025ukb
Current Plant Biology,NA,2214-6628,2026-05-21,NA,eme2025ukb
Current Problems in Cancer,NA,0147-0272,2026-05-21,NA,eme2025ukb
Current Problems in Cancer: Case Reports,NA,2666-6219,2026-05-21,NA,eme2025ukb
Current Problems in Cardiology,NA,0146-2806,2026-05-21,NA,eme2025ukb
Current Problems in Diagnostic Radiology,NA,0363-0188,2026-05-21,NA,eme2025ukb
Current Problems in Pediatric and Adolescent Health Care,NA,1538-5442,2026-05-21,NA,eme2025ukb
Current Problems in Surgery,NA,0011-3840,2026-05-21,NA,eme2025ukb
Current Research in Behavioral Sciences,NA,2666-5182,2026-05-21,NA,eme2025ukb
Current Research in Biotechnology,NA,2590-2628,2026-05-21,NA,eme2025ukb
Current Research in Ecological and Social Psychology,NA,2666-6227,2026-05-21,NA,eme2025ukb
Current Research in Environmental Sustainability,NA,2666-0490,2026-05-21,NA,eme2025ukb
Current Research in Food Science,NA,2665-9271,2026-05-21,NA,eme2025ukb
Current Research in Green and Sustainable Chemistry,NA,2666-0865,2026-05-21,NA,eme2025ukb
Current Research in Insect Science,NA,2666-5158,2026-05-21,NA,eme2025ukb
Current Research in Microbial Sciences,NA,2666-5174,2026-05-21,NA,eme2025ukb
Current Research in Neurobiology,NA,2665-945X,2026-05-21,NA,eme2025ukb
Current Research in Parasitology and Vector-Borne Diseases,NA,2667-114X,2026-05-21,NA,eme2025ukb
Current Research in Pharmacology and Drug Discovery,NA,2590-2571,2026-05-21,NA,eme2025ukb
Current Research in Physiology,NA,2665-9441,2026-05-21,NA,eme2025ukb
Current Research in Structural Biology,NA,2665-928X,2026-05-21,NA,eme2025ukb
Current Research in Toxicology,NA,2666-027X,2026-05-21,NA,eme2025ukb
Current Research in Translational Medicine,NA,2452-3186,2026-05-21,NA,eme2025ukb
Current Therapeutic Research,NA,0011-393X,2026-05-21,NA,eme2025ukb
Currents in Pharmacy Teaching and Learning,NA,1877-1297,2026-05-21,NA,eme2025ukb
Cytokine,NA,1043-4666,2026-05-21,NA,eme2025ukb
Cytokine & Growth Factor Reviews,NA,1359-6101,2026-05-21,NA,eme2025ukb
Cytotherapy,NA,1465-3249,2026-05-21,NA,eme2025ukb
Data & Knowledge Engineering,NA,0169-023X,2026-05-21,NA,eme2025ukb
Data in Brief,NA,2352-3409,2026-05-21,NA,eme2025ukb
DeCarbon,NA,2949-8813,2026-05-21,NA,eme2025ukb
Decision Analytics Journal,NA,2772-6622,2026-05-21,NA,eme2025ukb
Decision Support Systems,NA,0167-9236,2026-05-21,NA,eme2025ukb
Deep Brain Stimulation,NA,2949-6691,2026-05-21,NA,eme2025ukb
Deep-Sea Research Part I: Oceanographic Research Papers,NA,0967-0637,2026-05-21,NA,eme2025ukb
Deep-Sea Research Part II: Topical Studies in Oceanography,NA,0967-0645,2026-05-21,NA,eme2025ukb
Dendrochronologia,NA,1125-7865,2026-05-21,NA,eme2025ukb
Dental Materials,NA,0109-5641,2026-05-21,NA,eme2025ukb
Dentistry Review,NA,2772-5596,2026-05-21,NA,eme2025ukb
Desalination,NA,0011-9164,2026-05-21,NA,eme2025ukb
Desalination and Water Treatment,NA,1944-3986,2026-05-21,NA,eme2025ukb
Design Studies,NA,0142-694X,2026-05-21,NA,eme2025ukb
Development and Sustainability in Economics and Finance,NA,2950-5240,2026-05-21,NA,eme2025ukb
Developmental & Comparative Immunology,NA,0145-305X,2026-05-21,NA,eme2025ukb
Developmental Biology,NA,0012-1606,2026-05-21,NA,eme2025ukb
Developmental Cognitive Neuroscience,NA,1878-9293,2026-05-21,NA,eme2025ukb
Developmental Review,NA,0273-2297,2026-05-21,NA,eme2025ukb
Developments in the Built Environment,NA,2666-1659,2026-05-21,NA,eme2025ukb
Diabetes & Metabolic Syndrome: Clinical Research & Reviews,NA,1871-4021,2026-05-21,NA,eme2025ukb
Diabetes & Metabolism,NA,1262-3636,2026-05-21,NA,eme2025ukb
Diabetes Epidemiology and Management,NA,2666-9706,2026-05-21,NA,eme2025ukb
Diabetes Research and Clinical Practice,NA,0168-8227,2026-05-21,NA,eme2025ukb
Diagnostic and Interventional Imaging,NA,2211-5684,2026-05-21,NA,eme2025ukb
Diagnostic Microbiology and Infectious Disease,NA,0732-8893,2026-05-21,NA,eme2025ukb
Dialogues in Health,NA,2772-6533,2026-05-21,NA,eme2025ukb
Diamond and Related Materials,NA,0925-9635,2026-05-21,NA,eme2025ukb
Differential Geometry and its Applications,NA,0926-2245,2026-05-21,NA,eme2025ukb
Differentiation,NA,0301-4681,2026-05-21,NA,eme2025ukb
Digestive and Liver Disease,NA,1590-8658,2026-05-21,NA,eme2025ukb
Digital Applications in Archaeology and Cultural Heritage,NA,2212-0548,2026-05-21,NA,eme2025ukb
Digital Business,NA,2666-9544,2026-05-21,NA,eme2025ukb
Digital Chemical Engineering,NA,2772-5081,2026-05-21,NA,eme2025ukb
Digital Dentistry Journal,NA,2950-6433,2026-05-21,NA,eme2025ukb
Digital Engineering,NA,2950-550X,2026-05-21,NA,eme2025ukb
Digital Geography and Society,NA,2666-3783,2026-05-21,NA,eme2025ukb
Digital Signal Processing,NA,1051-2004,2026-05-21,NA,eme2025ukb
Disability and Health Journal,NA,1936-6574,2026-05-21,NA,eme2025ukb
"Discourse, Context & Media",NA,2211-6958,2026-05-21,NA,eme2025ukb
Discrete Applied Mathematics,NA,0166-218X,2026-05-21,NA,eme2025ukb
Discrete Mathematics,NA,0012-365X,2026-05-21,NA,eme2025ukb
Discrete Optimization,NA,1572-5286,2026-05-21,NA,eme2025ukb
Disease and Therapeutics,NA,3050-9998,2026-05-21,NA,eme2025ukb
Disease-A-Month,NA,0011-5029,2026-05-21,NA,eme2025ukb
Displays,NA,0141-9382,2026-05-21,NA,eme2025ukb
DNA Repair,NA,1568-7864,2026-05-21,NA,eme2025ukb
Domestic Animal Endocrinology,NA,0739-7240,2026-05-21,NA,eme2025ukb
Douleurs,NA,1624-5687,2026-05-21,NA,eme2025ukb
Drug and Alcohol Dependence,NA,0376-8716,2026-05-21,NA,eme2025ukb
Drug and Alcohol Dependence Reports,NA,2772-7246,2026-05-21,NA,eme2025ukb
Drug Discovery Today,NA,1359-6446,2026-05-21,NA,eme2025ukb
Drug Metabolism and Disposition,NA,0090-9556,2026-05-21,NA,eme2025ukb
Drug Metabolism and Pharmacokinetics,NA,1347-4367,2026-05-21,NA,eme2025ukb
Drug Resistance Updates,NA,1368-7646,2026-05-21,NA,eme2025ukb
Dyes and Pigments,NA,0143-7208,2026-05-21,NA,eme2025ukb
Dynamics of Atmospheres and Oceans,NA,0377-0265,2026-05-21,NA,eme2025ukb
EANM Innovation,NA,3051-2913,2026-05-21,NA,eme2025ukb
Early Childhood Research Quarterly,NA,0885-2006,2026-05-21,NA,eme2025ukb
Early Human Development,NA,0378-3782,2026-05-21,NA,eme2025ukb
Earth and Planetary Science Letters,NA,0012-821X,2026-05-21,NA,eme2025ukb
Earth History and Biodiversity,NA,2950-4759,2026-05-21,NA,eme2025ukb
Earth System,NA,3051-3111,2026-05-21,NA,eme2025ukb
Earth System Governance,NA,2589-8116,2026-05-21,NA,eme2025ukb
Earth-Science Reviews,NA,0012-8252,2026-05-21,NA,eme2025ukb
Eating Behaviors,NA,1471-0153,2026-05-21,NA,eme2025ukb
eBioMedicine,NA,2352-3964,2026-05-21,NA,eme2025ukb
eClinicalMedicine,NA,2589-5370,2026-05-21,NA,eme2025ukb
Ecohydrology & Hydrobiology,NA,1642-3593,2026-05-21,NA,eme2025ukb
Ecological Complexity,NA,1476-945X,2026-05-21,NA,eme2025ukb
Ecological Economics,NA,0921-8009,2026-05-21,NA,eme2025ukb
Ecological Engineering,NA,0925-8574,2026-05-21,NA,eme2025ukb
Ecological Frontiers,NA,2950-5097,2026-05-21,NA,eme2025ukb
Ecological Genetics and Genomics,NA,2405-9854,2026-05-21,NA,eme2025ukb
Ecological Indicators,NA,1470-160X,2026-05-21,NA,eme2025ukb
Ecological Informatics,NA,1574-9541,2026-05-21,NA,eme2025ukb
Ecological Modelling,NA,0304-3800,2026-05-21,NA,eme2025ukb
Econometrics and Statistics,NA,2452-3062,2026-05-21,NA,eme2025ukb
Economic Analysis and Policy,NA,0313-5926,2026-05-21,NA,eme2025ukb
Economic Modelling,NA,0264-9993,2026-05-21,NA,eme2025ukb
Economic Systems,NA,0939-3625,2026-05-21,NA,eme2025ukb
Economics & Human Biology,NA,1570-677X,2026-05-21,NA,eme2025ukb
Economics Letters,NA,0165-1765,2026-05-21,NA,eme2025ukb
Economics of Education Review,NA,0272-7757,2026-05-21,NA,eme2025ukb
Economics of Transportation,NA,2212-0122,2026-05-21,NA,eme2025ukb
Ecosystem Services,NA,2212-0416,2026-05-21,NA,eme2025ukb
Ecotoxicology and Environmental Safety,NA,0147-6513,2026-05-21,NA,eme2025ukb
Educación Médica,NA,1575-1813,2026-05-21,NA,eme2025ukb
Education for Chemical Engineers,NA,1749-7728,2026-05-21,NA,eme2025ukb
Educational Research Review,NA,1747-938X,2026-05-21,NA,eme2025ukb
Egyptian Informatics Journal,NA,1110-8665,2026-05-21,NA,eme2025ukb
Egyptian Journal of Aquatic Research,NA,1687-4285,2026-05-21,NA,eme2025ukb
EJC Paediatric Oncology,NA,2772-610X,2026-05-21,NA,eme2025ukb
EJC Skin Cancer,NA,2772-6118,2026-05-21,NA,eme2025ukb
EJVES Vascular Forum,NA,2666-688X,2026-05-21,NA,eme2025ukb
Electoral Studies,NA,0261-3794,2026-05-21,NA,eme2025ukb
Electric Power Systems Research,NA,0378-7796,2026-05-21,NA,eme2025ukb
Electrochemistry Communications,NA,1388-2481,2026-05-21,NA,eme2025ukb
Electrochimica Acta,NA,0013-4686,2026-05-21,NA,eme2025ukb
Electronic Commerce Research and Applications,NA,1567-4223,2026-05-21,NA,eme2025ukb
Electronic Journal of Biotechnology,NA,0717-3458,2026-05-21,NA,eme2025ukb
Emerging Markets Review,NA,1566-0141,2026-05-21,NA,eme2025ukb
"Emerging Trends in Drugs, Addictions, and Health",NA,2667-1182,2026-05-21,NA,eme2025ukb
"Emotion, Space and Society",NA,1755-4586,2026-05-21,NA,eme2025ukb
Endeavour,NA,0160-9327,2026-05-21,NA,eme2025ukb
Endocrine and Metabolic Science,NA,2666-3961,2026-05-21,NA,eme2025ukb
Endocrine Practice,NA,1530-891X,2026-05-21,NA,eme2025ukb
"Endocrinología, Diabetes y Nutrición",NA,2530-0164,2026-05-21,NA,eme2025ukb
"Endocrinología, Diabetes y Nutrición (English Edition)",NA,2530-0180,2026-05-21,NA,eme2025ukb
Energy,NA,0360-5442,2026-05-21,NA,eme2025ukb
Energy 360,NA,2950-4872,2026-05-21,NA,eme2025ukb
Energy and AI,NA,2666-5468,2026-05-21,NA,eme2025ukb
Energy and Buildings,NA,0378-7788,2026-05-21,NA,eme2025ukb
Energy and Climate Change,NA,2666-2787,2026-05-21,NA,eme2025ukb
Energy Conversion and Management,NA,0196-8904,2026-05-21,NA,eme2025ukb
Energy Conversion and Management: X,NA,2590-1745,2026-05-21,NA,eme2025ukb
Energy Economics,NA,0140-9883,2026-05-21,NA,eme2025ukb
Energy Efficiency First,NA,2950-1563,2026-05-21,NA,eme2025ukb
Energy for Sustainable Development,NA,0973-0826,2026-05-21,NA,eme2025ukb
Energy Nexus,NA,2772-4271,2026-05-21,NA,eme2025ukb
Energy Policy,NA,0301-4215,2026-05-21,NA,eme2025ukb
Energy Reports,NA,2352-4847,2026-05-21,NA,eme2025ukb
Energy Research & Social Science,NA,2214-6296,2026-05-21,NA,eme2025ukb
Energy Reviews,NA,2772-9702,2026-05-21,NA,eme2025ukb
Energy Storage Materials,NA,2405-8297,2026-05-21,NA,eme2025ukb
Energy Strategy Reviews,NA,2211-467X,2026-05-21,NA,eme2025ukb
EnergyChem,NA,2589-7780,2026-05-21,NA,eme2025ukb
eNeurologicalSci,NA,2405-6502,2026-05-21,NA,eme2025ukb
Enfermedades Infecciosas y Microbiología Clínica,NA,0213-005X,2026-05-21,NA,eme2025ukb
Enfermedades Infecciosas y Microbiología Clínica (English Edition),NA,2529-993X,2026-05-21,NA,eme2025ukb
Enfermería Clínica,NA,1130-8621,2026-05-21,NA,eme2025ukb
Enfermería Clínica (English Edition),NA,2445-1479,2026-05-21,NA,eme2025ukb
Enfermería intensiva,NA,1130-2399,2026-05-21,NA,eme2025ukb
Enfermería Intensiva (English Edition),NA,2529-9840,2026-05-21,NA,eme2025ukb
Engineering,NA,2095-8099,2026-05-21,NA,eme2025ukb
Engineering Analysis with Boundary Elements,NA,0955-7997,2026-05-21,NA,eme2025ukb
Engineering Applications of Artificial Intelligence,NA,0952-1976,2026-05-21,NA,eme2025ukb
Engineering Failure Analysis,NA,1350-6307,2026-05-21,NA,eme2025ukb
Engineering Fracture Mechanics,NA,0013-7944,2026-05-21,NA,eme2025ukb
Engineering Geology,NA,0013-7952,2026-05-21,NA,eme2025ukb
"Engineering Science and Technology, an International Journal",NA,2215-0986,2026-05-21,NA,eme2025ukb
Engineering Structures,NA,0141-0296,2026-05-21,NA,eme2025ukb
English for Specific Purposes,NA,0889-4906,2026-05-21,NA,eme2025ukb
Entertainment Computing,NA,1875-9521,2026-05-21,NA,eme2025ukb
Environment International,NA,0160-4120,2026-05-21,NA,eme2025ukb
Environmental Advances,NA,2666-7657,2026-05-21,NA,eme2025ukb
Environmental and Experimental Botany,NA,0098-8472,2026-05-21,NA,eme2025ukb
Environmental and Sustainability Indicators,NA,2665-9727,2026-05-21,NA,eme2025ukb
Environmental Challenges,NA,2667-0100,2026-05-21,NA,eme2025ukb
Environmental Development,NA,2211-4645,2026-05-21,NA,eme2025ukb
Environmental Impact Assessment Review,NA,0195-9255,2026-05-21,NA,eme2025ukb
Environmental Innovation and Societal Transitions,NA,2210-4224,2026-05-21,NA,eme2025ukb
Environmental Management: Economics and Policy,NA,3117-325X,2026-05-21,NA,eme2025ukb
Environmental Management: Emerging Contaminants,NA,3117-5929,2026-05-21,NA,eme2025ukb
Environmental Management: Engineering and Technology,NA,3117-3268,2026-05-21,NA,eme2025ukb
Environmental Management: Smart Solutions,NA,3117-6496,2026-05-21,NA,eme2025ukb
Environmental Modelling & Software,NA,1364-8152,2026-05-21,NA,eme2025ukb
"Environmental Nanotechnology, Monitoring and Management",NA,2215-1532,2026-05-21,NA,eme2025ukb
Environmental Nexus,NA,3050-9890,2026-05-21,NA,eme2025ukb
Environmental Pollution,NA,0269-7491,2026-05-21,NA,eme2025ukb
Environmental Research,NA,0013-9351,2026-05-21,NA,eme2025ukb
Environmental Science & Policy,NA,1462-9011,2026-05-21,NA,eme2025ukb
Environmental Science and Ecotechnology,NA,2666-4984,2026-05-21,NA,eme2025ukb
Environmental Technology & Innovation,NA,2352-1864,2026-05-21,NA,eme2025ukb
Environmental Toxicology and Pharmacology,NA,1382-6689,2026-05-21,NA,eme2025ukb
Enzyme and Microbial Technology,NA,0141-0229,2026-05-21,NA,eme2025ukb
Epidemics,NA,1755-4365,2026-05-21,NA,eme2025ukb
Epilepsy & Behavior,NA,1525-5050,2026-05-21,NA,eme2025ukb
Epilepsy & Behavior Reports,NA,2589-9864,2026-05-21,NA,eme2025ukb
Epilepsy Research,NA,0920-1211,2026-05-21,NA,eme2025ukb
"e-Prime – Nexus of Electrical, Electronic, and Intelligent Engineering",NA,2772-6711,2026-05-21,NA,eme2025ukb
Equity Neuroscience,NA,3050-8401,2026-05-21,NA,eme2025ukb
ESMO Gastrointestinal Oncology,NA,2949-8198,2026-05-21,NA,eme2025ukb
ESMO Open,NA,2059-7029,2026-05-21,NA,eme2025ukb
ESMO Rare Cancers,NA,3050-4619,2026-05-21,NA,eme2025ukb
ESMO Real World Data and Digital Oncology,NA,2949-8201,2026-05-21,NA,eme2025ukb
"Estuarine, Coastal and Shelf Science",NA,0272-7714,2026-05-21,NA,eme2025ukb
"Ethics, Medicine & Public Health",NA,2352-5525,2026-05-21,NA,eme2025ukb
Éthique & Santé,NA,1765-4629,2026-05-21,NA,eme2025ukb
eTransportation,NA,2590-1168,2026-05-21,NA,eme2025ukb
EULAR Rheumatology Open,NA,3050-7081,2026-05-21,NA,eme2025ukb
EURO Journal on Computational Optimization,NA,2192-4406,2026-05-21,NA,eme2025ukb
EURO Journal on Decision Processes,NA,2193-9438,2026-05-21,NA,eme2025ukb
EURO Journal on Transportation and Logistics,NA,2192-4376,2026-05-21,NA,eme2025ukb
"European Annals of Otorhinolaryngology, Head and Neck Diseases",NA,1879-7296,2026-05-21,NA,eme2025ukb
European Economic Review,NA,0014-2921,2026-05-21,NA,eme2025ukb
European Journal of Agronomy,NA,1161-0301,2026-05-21,NA,eme2025ukb
European Journal of Cancer,NA,0959-8049,2026-05-21,NA,eme2025ukb
European Journal of Cell Biology,NA,0171-9335,2026-05-21,NA,eme2025ukb
European Journal of Combinatorics,NA,0195-6698,2026-05-21,NA,eme2025ukb
European Journal of Control,NA,0947-3580,2026-05-21,NA,eme2025ukb
European Journal of Integrative Medicine,NA,1876-3820,2026-05-21,NA,eme2025ukb
European Journal of Internal Medicine,NA,0953-6205,2026-05-21,NA,eme2025ukb
European Journal of Mechanics - A/Solids,NA,0997-7538,2026-05-21,NA,eme2025ukb
European Journal of Mechanics - B/Fluids,NA,0997-7546,2026-05-21,NA,eme2025ukb
European Journal of Medical Genetics,NA,1769-7212,2026-05-21,NA,eme2025ukb
European Journal of Medicinal Chemistry,NA,0223-5234,2026-05-21,NA,eme2025ukb
European Journal of Medicinal Chemistry Reports,NA,2772-4174,2026-05-21,NA,eme2025ukb
European Journal of Obstetrics & Gynecology and Reproductive Biology,NA,0301-2115,2026-05-21,NA,eme2025ukb
European Journal of Obstetrics & Gynecology and Reproductive Biology: X,NA,2590-1613,2026-05-21,NA,eme2025ukb
European Journal of Oncology Nursing,NA,1462-3889,2026-05-21,NA,eme2025ukb
European Journal of Operational Research,NA,0377-2217,2026-05-21,NA,eme2025ukb
European Journal of Paediatric Neurology,NA,1090-3798,2026-05-21,NA,eme2025ukb
European Journal of Pharmaceutical Sciences,NA,0928-0987,2026-05-21,NA,eme2025ukb
European Journal of Pharmaceutics and Biopharmaceutics,NA,0939-6411,2026-05-21,NA,eme2025ukb
European Journal of Pharmacology,NA,0014-2999,2026-05-21,NA,eme2025ukb
European Journal of Political Economy,NA,0176-2680,2026-05-21,NA,eme2025ukb
European Journal of Protistology,NA,0932-4739,2026-05-21,NA,eme2025ukb
European Journal of Radiology,NA,0720-048X,2026-05-21,NA,eme2025ukb
European Journal of Radiology Artificial Intelligence,NA,3050-5771,2026-05-21,NA,eme2025ukb
European Journal of Radiology Open,NA,2352-0477,2026-05-21,NA,eme2025ukb
European Journal of Soil Biology,NA,1164-5563,2026-05-21,NA,eme2025ukb
European Journal of Surgical Oncology,NA,0748-7983,2026-05-21,NA,eme2025ukb
European Journal of Trauma & Dissociation,NA,2468-7499,2026-05-21,NA,eme2025ukb
European Journal of Vascular and Endovascular Surgery,NA,1078-5884,2026-05-21,NA,eme2025ukb
European Management Journal,NA,0263-2373,2026-05-21,NA,eme2025ukb
European Neuropsychopharmacology,NA,0924-977X,2026-05-21,NA,eme2025ukb
European Polymer Journal,NA,0014-3057,2026-05-21,NA,eme2025ukb
European Poultry Science,NA,0003-9098,2026-05-21,NA,eme2025ukb
European Research on Management and Business Economics,NA,2444-8834,2026-05-21,NA,eme2025ukb
European Review of Applied Psychology,NA,1162-9088,2026-05-21,NA,eme2025ukb
European Transport Studies,NA,2950-2985,2026-05-21,NA,eme2025ukb
European Urology,NA,0302-2838,2026-05-21,NA,eme2025ukb
European Urology Focus,NA,2405-4569,2026-05-21,NA,eme2025ukb
European Urology Oncology,NA,2588-9311,2026-05-21,NA,eme2025ukb
European Urology Open Science,NA,2666-1683,2026-05-21,NA,eme2025ukb
Evaluation and Program Planning,NA,0149-7189,2026-05-21,NA,eme2025ukb
Evolution and Human Behavior,NA,1090-5138,2026-05-21,NA,eme2025ukb
Evolving Earth,NA,2950-1172,2026-05-21,NA,eme2025ukb
Examples and Counterexamples,NA,2666-657X,2026-05-21,NA,eme2025ukb
Experimental and Molecular Pathology,NA,0014-4800,2026-05-21,NA,eme2025ukb
Experimental Cell Research,NA,0014-4827,2026-05-21,NA,eme2025ukb
Experimental Eye Research,NA,0014-4835,2026-05-21,NA,eme2025ukb
Experimental Gerontology,NA,0531-5565,2026-05-21,NA,eme2025ukb
Experimental Hematology,NA,0301-472X,2026-05-21,NA,eme2025ukb
Experimental Neurology,NA,0014-4886,2026-05-21,NA,eme2025ukb
Experimental Parasitology,NA,0014-4894,2026-05-21,NA,eme2025ukb
Experimental Thermal and Fluid Science,NA,0894-1777,2026-05-21,NA,eme2025ukb
Expert Systems with Applications,NA,0957-4174,2026-05-21,NA,eme2025ukb
Explorations in Economic History,NA,0014-4983,2026-05-21,NA,eme2025ukb
Exploratory Research in Clinical and Social Pharmacy,NA,2667-2766,2026-05-21,NA,eme2025ukb
EXPLORE,NA,1550-8307,2026-05-21,NA,eme2025ukb
Expositiones Mathematicae,NA,0723-0869,2026-05-21,NA,eme2025ukb
Extracellular Vesicle,NA,2773-0417,2026-05-21,NA,eme2025ukb
Extreme Mechanics Letters,NA,2352-4316,2026-05-21,NA,eme2025ukb
F&S Reports,NA,2666-3341,2026-05-21,NA,eme2025ukb
F&S Reviews,NA,2666-5719,2026-05-21,NA,eme2025ukb
F&S Science,NA,2666-335X,2026-05-21,NA,eme2025ukb
Farming System,NA,2949-9119,2026-05-21,NA,eme2025ukb
Fermented Foods,NA,3051-231X,2026-05-21,NA,eme2025ukb
Fertility and Sterility,NA,0015-0282,2026-05-21,NA,eme2025ukb
Field Crops Research,NA,0378-4290,2026-05-21,NA,eme2025ukb
Finance Research Letters,NA,1544-6123,2026-05-21,NA,eme2025ukb
Finance Research Open,NA,3050-7006,2026-05-21,NA,eme2025ukb
Finite Elements in Analysis and Design,NA,0168-874X,2026-05-21,NA,eme2025ukb
Finite Fields and Their Applications,NA,1071-5797,2026-05-21,NA,eme2025ukb
Fire Safety Journal,NA,0379-7112,2026-05-21,NA,eme2025ukb
First Nations Health and Wellbeing - The Lowitja Journal,NA,2949-8406,2026-05-21,NA,eme2025ukb
Fish & Shellfish Immunology,NA,1050-4648,2026-05-21,NA,eme2025ukb
Fisheries Research,NA,0165-7836,2026-05-21,NA,eme2025ukb
Fisioterapia,NA,0211-5638,2026-05-21,NA,eme2025ukb
Fitoterapia,NA,0367-326X,2026-05-21,NA,eme2025ukb
FlatChem,NA,2452-2627,2026-05-21,NA,eme2025ukb
Flora,NA,0367-2530,2026-05-21,NA,eme2025ukb
Flow Measurement and Instrumentation,NA,0955-5986,2026-05-21,NA,eme2025ukb
Fluid Phase Equilibria,NA,0378-3812,2026-05-21,NA,eme2025ukb
Food and Bioproducts Processing,NA,0960-3085,2026-05-21,NA,eme2025ukb
Food and Chemical Toxicology,NA,0278-6915,2026-05-21,NA,eme2025ukb
Food and Humanity,NA,2949-8244,2026-05-21,NA,eme2025ukb
Food and Waterborne Parasitology,NA,2405-6766,2026-05-21,NA,eme2025ukb
Food Bioscience,NA,2212-4292,2026-05-21,NA,eme2025ukb
Food Chemistry,NA,0308-8146,2026-05-21,NA,eme2025ukb
Food Chemistry Advances,NA,2772-753X,2026-05-21,NA,eme2025ukb
Food Chemistry: Molecular Sciences,NA,2666-5662,2026-05-21,NA,eme2025ukb
Food Chemistry: X,NA,2590-1575,2026-05-21,NA,eme2025ukb
Food Control,NA,0956-7135,2026-05-21,NA,eme2025ukb
Food Hydrocolloids,NA,0268-005X,2026-05-21,NA,eme2025ukb
Food Hydrocolloids for Health,NA,2667-0259,2026-05-21,NA,eme2025ukb
Food Microbiology,NA,0740-0020,2026-05-21,NA,eme2025ukb
Food Packaging and Shelf Life,NA,2214-2894,2026-05-21,NA,eme2025ukb
Food Policy,NA,0306-9192,2026-05-21,NA,eme2025ukb
Food Quality and Preference,NA,0950-3293,2026-05-21,NA,eme2025ukb
Food Research International,NA,0963-9969,2026-05-21,NA,eme2025ukb
Food Structure,NA,2213-3291,2026-05-21,NA,eme2025ukb
Food Webs,NA,2352-2496,2026-05-21,NA,eme2025ukb
"Foot & Ankle Surgery: Techniques, Reports & Cases",NA,2667-3967,2026-05-21,NA,eme2025ukb
Foot and Ankle Surgery,NA,1268-7731,2026-05-21,NA,eme2025ukb
Football Studies,NA,3051-2689,2026-05-21,NA,eme2025ukb
Forces in Mechanics,NA,2666-3597,2026-05-21,NA,eme2025ukb
Forensic Chemistry,NA,2468-1709,2026-05-21,NA,eme2025ukb
Forensic Imaging,NA,2666-2256,2026-05-21,NA,eme2025ukb
Forensic Science International,NA,0379-0738,2026-05-21,NA,eme2025ukb
Forensic Science International: Digital Investigation,NA,2666-2817,2026-05-21,NA,eme2025ukb
Forensic Science International: Genetics,NA,1872-4973,2026-05-21,NA,eme2025ukb
Forensic Science International: Genetics Supplement Series,NA,1875-1768,2026-05-21,NA,eme2025ukb
Forensic Science International: Reports,NA,2665-9107,2026-05-21,NA,eme2025ukb
Forensic Science International: Synergy,NA,2589-871X,2026-05-21,NA,eme2025ukb
Forest Ecology and Management,NA,0378-1127,2026-05-21,NA,eme2025ukb
Forest Policy and Economics,NA,1389-9341,2026-05-21,NA,eme2025ukb
Franklin Open,NA,2773-1863,2026-05-21,NA,eme2025ukb
Free Radical Biology & Medicine,NA,0891-5849,2026-05-21,NA,eme2025ukb
Frontiers in Neuroendocrinology,NA,0091-3022,2026-05-21,NA,eme2025ukb
Fuel,NA,0016-2361,2026-05-21,NA,eme2025ukb
Fuel Communications,NA,2666-0520,2026-05-21,NA,eme2025ukb
Fuel Processing Technology,NA,0378-3820,2026-05-21,NA,eme2025ukb
Fundamental Plasma Physics,NA,2772-8285,2026-05-21,NA,eme2025ukb
Fungal Biology,NA,1878-6146,2026-05-21,NA,eme2025ukb
Fungal Biology Reviews,NA,1749-4613,2026-05-21,NA,eme2025ukb
Fungal Ecology,NA,1754-5048,2026-05-21,NA,eme2025ukb
Fungal Genetics and Biology,NA,1087-1845,2026-05-21,NA,eme2025ukb
Fusion Engineering and Design,NA,0920-3796,2026-05-21,NA,eme2025ukb
Fuß & Sprunggelenk,NA,1619-9987,2026-05-21,NA,eme2025ukb
Future Batteries,NA,2950-2640,2026-05-21,NA,eme2025ukb
Future Foods,NA,2666-8335,2026-05-21,NA,eme2025ukb
Future Generation Computer Systems,NA,0167-739X,2026-05-21,NA,eme2025ukb
Future Healthcare Journal,NA,2514-6645,2026-05-21,NA,eme2025ukb
Futures,NA,0016-3287,2026-05-21,NA,eme2025ukb
Fuzzy Sets and Systems,NA,0165-0114,2026-05-21,NA,eme2025ukb
Gait & Posture,NA,0966-6362,2026-05-21,NA,eme2025ukb
Games and Economic Behavior,NA,0899-8256,2026-05-21,NA,eme2025ukb
Gas Science and Engineering,NA,2949-9089,2026-05-21,NA,eme2025ukb
Gastro Hep Advances,NA,2772-5723,2026-05-21,NA,eme2025ukb
Gastroenterología y Hepatología,NA,0210-5705,2026-05-21,NA,eme2025ukb
Gastroenterología y Hepatología (English Edition),NA,2444-3824,2026-05-21,NA,eme2025ukb
Gastroenterology,NA,0016-5085,2026-05-21,NA,eme2025ukb
Gastrointestinal Endoscopy,NA,0016-5107,2026-05-21,NA,eme2025ukb
Gene,NA,0378-1119,2026-05-21,NA,eme2025ukb
Gene Expression Patterns,NA,1567-133X,2026-05-21,NA,eme2025ukb
Gene Reports,NA,2452-0144,2026-05-21,NA,eme2025ukb
General and Comparative Endocrinology,NA,0016-6480,2026-05-21,NA,eme2025ukb
General Hospital Psychiatry,NA,0163-8343,2026-05-21,NA,eme2025ukb
Genetics in Medicine,NA,1098-3600,2026-05-21,NA,eme2025ukb
Genetics in Medicine Open,NA,2949-7744,2026-05-21,NA,eme2025ukb
Genomics,NA,0888-7543,2026-05-21,NA,eme2025ukb
Geobios,NA,0016-6995,2026-05-21,NA,eme2025ukb
Geochemistry,NA,0009-2819,2026-05-21,NA,eme2025ukb
Geochimica et Cosmochimica Acta,NA,0016-7037,2026-05-21,NA,eme2025ukb
Geodata and AI,NA,3050-483X,2026-05-21,NA,eme2025ukb
Geoderma,NA,0016-7061,2026-05-21,NA,eme2025ukb
Geoderma Regional,NA,2352-0094,2026-05-21,NA,eme2025ukb
Geoenergy Science and Engineering,NA,2949-8910,2026-05-21,NA,eme2025ukb
Geoforum,NA,0016-7185,2026-05-21,NA,eme2025ukb
Geography and Sustainability,NA,2666-6839,2026-05-21,NA,eme2025ukb
Geomatica,NA,1195-1036,2026-05-21,NA,eme2025ukb
Geomechanics for Energy and the Environment,NA,2352-3808,2026-05-21,NA,eme2025ukb
Geomorphology,NA,0169-555X,2026-05-21,NA,eme2025ukb
Geopsychiatry,NA,3050-7138,2026-05-21,NA,eme2025ukb
Geotextiles and Geomembranes,NA,0266-1144,2026-05-21,NA,eme2025ukb
Geothermics,NA,0375-6505,2026-05-21,NA,eme2025ukb
Geriatric Nursing,NA,0197-4572,2026-05-21,NA,eme2025ukb
Geriatric Nursing: Asia,NA,3051-3146,2026-05-21,NA,eme2025ukb
Giant,NA,2666-5425,2026-05-21,NA,eme2025ukb
Glial Health Research,NA,2950-4074,2026-05-21,NA,eme2025ukb
Global and Earth Surface Processes Change,NA,2950-4740,2026-05-21,NA,eme2025ukb
Global and Planetary Change,NA,0921-8181,2026-05-21,NA,eme2025ukb
Global Challenges & Regional Science,NA,3050-502X,2026-05-21,NA,eme2025ukb
Global Ecology and Conservation,NA,2351-9894,2026-05-21,NA,eme2025ukb
Global Economics Research,NA,3050-8037,2026-05-21,NA,eme2025ukb
Global Environmental Change,NA,0959-3780,2026-05-21,NA,eme2025ukb
Global Environmental Change Advances,NA,2950-1385,2026-05-21,NA,eme2025ukb
Global Epidemiology,NA,2590-1133,2026-05-21,NA,eme2025ukb
Global Finance Journal,NA,1044-0283,2026-05-21,NA,eme2025ukb
Global Food Security,NA,2211-9124,2026-05-21,NA,eme2025ukb
Global Neurological Insights,NA,3051-2484,2026-05-21,NA,eme2025ukb
Global Pediatrics,NA,2667-0097,2026-05-21,NA,eme2025ukb
Gondwana Research,NA,1342-937X,2026-05-21,NA,eme2025ukb
Government Information Quarterly,NA,0740-624X,2026-05-21,NA,eme2025ukb
Graphical Models,NA,1524-0703,2026-05-21,NA,eme2025ukb
Green Analytical Chemistry,NA,2772-5774,2026-05-21,NA,eme2025ukb
Groundwater for Sustainable Development,NA,2352-801X,2026-05-21,NA,eme2025ukb
Growth Hormone & IGF Research,NA,1096-6374,2026-05-21,NA,eme2025ukb
Gut Microbiology,NA,3051-1720,2026-05-21,NA,eme2025ukb
Gut Microbiome and Health,NA,3117-3594,2026-05-21,NA,eme2025ukb
Gynecologic Oncology,NA,0090-8258,2026-05-21,NA,eme2025ukb
Gynecologic Oncology Reports,NA,2352-5789,2026-05-21,NA,eme2025ukb
Gynécologie Obstétrique Fertilité & Sénologie,NA,2468-7189,2026-05-21,NA,eme2025ukb
Habitat International,NA,0197-3975,2026-05-21,NA,eme2025ukb
Hand Surgery & Rehabilitation,NA,2468-1229,2026-05-21,NA,eme2025ukb
HardwareX,NA,2468-0672,2026-05-21,NA,eme2025ukb
Harmful Algae,NA,1568-9883,2026-05-21,NA,eme2025ukb
Health & Place,NA,1353-8292,2026-05-21,NA,eme2025ukb
Health Care Transitions,NA,2949-9232,2026-05-21,NA,eme2025ukb
Health Policy,NA,0168-8510,2026-05-21,NA,eme2025ukb
Health Policy and Technology,NA,2211-8837,2026-05-21,NA,eme2025ukb
Health Policy in Asia,NA,3117-4620,2026-05-21,NA,eme2025ukb
Health Policy OPEN,NA,2590-2296,2026-05-21,NA,eme2025ukb
Health Sciences Review,NA,2772-6320,2026-05-21,NA,eme2025ukb
Healthcare Analytics,NA,2772-4425,2026-05-21,NA,eme2025ukb
Healthcare: The Journal of Delivery Science and Innovation,NA,2213-0764,2026-05-21,NA,eme2025ukb
Hearing Research,NA,0378-5955,2026-05-21,NA,eme2025ukb
Heart & Lung,NA,0147-9563,2026-05-21,NA,eme2025ukb
Heart Rhythm,NA,1547-5271,2026-05-21,NA,eme2025ukb
Heart Rhythm O2,NA,2666-5018,2026-05-21,NA,eme2025ukb
"Heart, Lung and Circulation",NA,1443-9506,2026-05-21,NA,eme2025ukb
HeartRhythm Case Reports,NA,2214-0271,2026-05-21,NA,eme2025ukb
Heavy Rail,NA,3117-3128,2026-05-21,NA,eme2025ukb
Heliyon,NA,2405-8440,2026-05-21,NA,eme2025ukb
High Energy Density Physics,NA,1574-1818,2026-05-21,NA,eme2025ukb
Hipertensión y Riesgo Vascular,NA,1889-1837,2026-05-21,NA,eme2025ukb
Historia Mathematica,NA,0315-0860,2026-05-21,NA,eme2025ukb
Hormones and Behavior,NA,0018-506X,2026-05-21,NA,eme2025ukb
HPB,NA,1365-182X,2026-05-21,NA,eme2025ukb
Human Factors in Healthcare,NA,2772-5014,2026-05-21,NA,eme2025ukb
Human Gene,NA,2773-0441,2026-05-21,NA,eme2025ukb
Human Genetics and Genomics Advances,NA,2666-2477,2026-05-21,NA,eme2025ukb
Human Immunology,NA,0198-8859,2026-05-21,NA,eme2025ukb
Human Movement Science,NA,0167-9457,2026-05-21,NA,eme2025ukb
Human Nutrition & Metabolism,NA,2666-1497,2026-05-21,NA,eme2025ukb
Human Pathology,NA,0046-8177,2026-05-21,NA,eme2025ukb
Human Pathology Reports,NA,2772-736X,2026-05-21,NA,eme2025ukb
Human Resource Management Review,NA,1053-4822,2026-05-21,NA,eme2025ukb
Hybrid Advances,NA,2773-207X,2026-05-21,NA,eme2025ukb
Hydrometallurgy,NA,0304-386X,2026-05-21,NA,eme2025ukb
Hygiene and Environmental Health Advances,NA,2773-0492,2026-05-21,NA,eme2025ukb
IBRO Neuroscience Reports,NA,2667-2421,2026-05-21,NA,eme2025ukb
Icarus,NA,0019-1035,2026-05-21,NA,eme2025ukb
ICT Express,NA,2405-9595,2026-05-21,NA,eme2025ukb
IDCases,NA,2214-2509,2026-05-21,NA,eme2025ukb
IFAC Journal of Systems and Control,NA,2468-6018,2026-05-21,NA,eme2025ukb
iGIE,NA,2949-7086,2026-05-21,NA,eme2025ukb
IJC Heart & Vasculature,NA,2352-9067,2026-05-21,NA,eme2025ukb
IJID One Health,NA,2949-9151,2026-05-21,NA,eme2025ukb
IJID Regions,NA,2772-7076,2026-05-21,NA,eme2025ukb
iLIVER,NA,2772-9478,2026-05-21,NA,eme2025ukb
Image and Vision Computing,NA,0262-8856,2026-05-21,NA,eme2025ukb
Imagerie de la Femme,NA,1776-9817,2026-05-21,NA,eme2025ukb
Immunobiology,NA,0171-2985,2026-05-21,NA,eme2025ukb
ImmunoInformatics,NA,2667-1190,2026-05-21,NA,eme2025ukb
Immunology Letters,NA,0165-2478,2026-05-21,NA,eme2025ukb
Immuno-Oncology and Technology,NA,2590-0188,2026-05-21,NA,eme2025ukb
In Analysis,NA,2542-3606,2026-05-21,NA,eme2025ukb
In Silico Research in Biomedicine,NA,3050-7871,2026-05-21,NA,eme2025ukb
Indagationes Mathematicae,NA,0019-3577,2026-05-21,NA,eme2025ukb
Indian Journal of Medical Microbiology,NA,0255-0857,2026-05-21,NA,eme2025ukb
Indoor Environments,NA,2950-3620,2026-05-21,NA,eme2025ukb
Industrial Crops and Products,NA,0926-6690,2026-05-21,NA,eme2025ukb
Industrial Marketing Management,NA,0019-8501,2026-05-21,NA,eme2025ukb
Infant Behavior and Development,NA,0163-6383,2026-05-21,NA,eme2025ukb
Infection Prevention in Practice,NA,2590-0889,2026-05-21,NA,eme2025ukb
"Infection, Disease & Health",NA,2468-0451,2026-05-21,NA,eme2025ukb
"Infection, Genetics and Evolution",NA,1567-1348,2026-05-21,NA,eme2025ukb
Infectious Diseases Now,NA,2666-9919,2026-05-21,NA,eme2025ukb
Infectious Medicine,NA,2772-431X,2026-05-21,NA,eme2025ukb
Informatics in Medicine Unlocked,NA,2352-9148,2026-05-21,NA,eme2025ukb
Information & Management,NA,0378-7206,2026-05-21,NA,eme2025ukb
Information and Computation,NA,0890-5401,2026-05-21,NA,eme2025ukb
Information and Organization,NA,1471-7727,2026-05-21,NA,eme2025ukb
Information and Software Technology,NA,0950-5849,2026-05-21,NA,eme2025ukb
Information Economics and Policy,NA,0167-6245,2026-05-21,NA,eme2025ukb
Information Fusion,NA,1566-2535,2026-05-21,NA,eme2025ukb
Information Processing & Management,NA,0306-4573,2026-05-21,NA,eme2025ukb
Information Processing in Agriculture,NA,2214-3173,2026-05-21,NA,eme2025ukb
Information Processing Letters,NA,0020-0190,2026-05-21,NA,eme2025ukb
Information Sciences,NA,0020-0255,2026-05-21,NA,eme2025ukb
Information Systems,NA,0306-4379,2026-05-21,NA,eme2025ukb
Infrared Physics & Technology,NA,1350-4495,2026-05-21,NA,eme2025ukb
Injury,NA,0020-1383,2026-05-21,NA,eme2025ukb
Innovative Food Science and Emerging Technologies,NA,1466-8564,2026-05-21,NA,eme2025ukb
Innovative Practice in Breast Health,NA,2950-2128,2026-05-21,NA,eme2025ukb
Inorganic Chemistry Communications,NA,1387-7003,2026-05-21,NA,eme2025ukb
Inorganica Chimica Acta,NA,0020-1693,2026-05-21,NA,eme2025ukb
Insect Biochemistry and Molecular Biology,NA,0965-1748,2026-05-21,NA,eme2025ukb
Insurance: Mathematics and Economics,NA,0167-6687,2026-05-21,NA,eme2025ukb
Integration,NA,0167-9260,2026-05-21,NA,eme2025ukb
Intelligence,NA,0160-2896,2026-05-21,NA,eme2025ukb
Intelligence-Based Medicine,NA,2666-5212,2026-05-21,NA,eme2025ukb
Intelligent Medicine,NA,2667-1026,2026-05-21,NA,eme2025ukb
Intelligent Systems with Applications,NA,2667-3053,2026-05-21,NA,eme2025ukb
Intensive and Critical Care Nursing,NA,0964-3397,2026-05-21,NA,eme2025ukb
Interdisciplinary Neurosurgery,NA,2214-7519,2026-05-21,NA,eme2025ukb
Intermetallics,NA,0966-9795,2026-05-21,NA,eme2025ukb
International Biodeterioration & Biodegradation,NA,0964-8305,2026-05-21,NA,eme2025ukb
International Business Review,NA,0969-5931,2026-05-21,NA,eme2025ukb
International Communications in Heat and Mass Transfer,NA,0735-1933,2026-05-21,NA,eme2025ukb
International Dairy Journal,NA,0958-6946,2026-05-21,NA,eme2025ukb
International Dental Journal,NA,0020-6539,2026-05-21,NA,eme2025ukb
International Economics,NA,2110-7017,2026-05-21,NA,eme2025ukb
International Emergency Nursing,NA,1755-599X,2026-05-21,NA,eme2025ukb
International Immunopharmacology,NA,1567-5769,2026-05-21,NA,eme2025ukb
International Journal for Parasitology,NA,0020-7519,2026-05-21,NA,eme2025ukb
International Journal for Parasitology: Drugs and Drug Resistance,NA,2211-3207,2026-05-21,NA,eme2025ukb
International Journal for Parasitology: Parasites and Wildlife,NA,2213-2244,2026-05-21,NA,eme2025ukb
International Journal of Accounting Information Systems,NA,1467-0895,2026-05-21,NA,eme2025ukb
International Journal of Adhesion and Adhesives,NA,0143-7496,2026-05-21,NA,eme2025ukb
International Journal of Africa Nursing Sciences,NA,2214-1391,2026-05-21,NA,eme2025ukb
International Journal of Antimicrobial Agents,NA,0924-8579,2026-05-21,NA,eme2025ukb
International Journal of Applied Earth Observation and Geoinformation,NA,1569-8432,2026-05-21,NA,eme2025ukb
International Journal of Approximate Reasoning,NA,0888-613X,2026-05-21,NA,eme2025ukb
International Journal of Biological Macromolecules,NA,0141-8130,2026-05-21,NA,eme2025ukb
International Journal of Cardiology,NA,0167-5273,2026-05-21,NA,eme2025ukb
International Journal of Cardiology Cardiovascular Risk and Prevention,NA,2772-4875,2026-05-21,NA,eme2025ukb
International Journal of Cardiology Congenital Heart Disease,NA,2666-6685,2026-05-21,NA,eme2025ukb
International Journal of Cardiology Innovations,NA,3051-4452,2026-05-21,NA,eme2025ukb
International Journal of Child-Computer Interaction,NA,2212-8689,2026-05-21,NA,eme2025ukb
International Journal of Clinical and Health Psychology,NA,1697-2600,2026-05-21,NA,eme2025ukb
International Journal of Coal Geology,NA,0166-5162,2026-05-21,NA,eme2025ukb
International Journal of Critical Infrastructure Protection,NA,1874-5482,2026-05-21,NA,eme2025ukb
International Journal of Disaster Risk Reduction,NA,2212-4209,2026-05-21,NA,eme2025ukb
International Journal of Drug Policy,NA,0955-3959,2026-05-21,NA,eme2025ukb
International Journal of Educational Development,NA,0738-0593,2026-05-21,NA,eme2025ukb
International Journal of Educational Research,NA,0883-0355,2026-05-21,NA,eme2025ukb
International Journal of Educational Research Open,NA,2666-3740,2026-05-21,NA,eme2025ukb
International Journal of Electrical Power & Energy Systems,NA,0142-0615,2026-05-21,NA,eme2025ukb
International Journal of Electrochemical Science,NA,1452-3981,2026-05-21,NA,eme2025ukb
International Journal of Engineering Science,NA,0020-7225,2026-05-21,NA,eme2025ukb
International Journal of Fatigue,NA,0142-1123,2026-05-21,NA,eme2025ukb
International Journal of Food Microbiology,NA,0168-1605,2026-05-21,NA,eme2025ukb
International Journal of Forecasting,NA,0169-2070,2026-05-21,NA,eme2025ukb
International Journal of Gastronomy and Food Science,NA,1878-450X,2026-05-21,NA,eme2025ukb
International Journal of Greenhouse Gas Control,NA,1750-5836,2026-05-21,NA,eme2025ukb
International Journal of Gynecological Cancer,NA,1048-891X,2026-05-21,NA,eme2025ukb
International Journal of Heat and Fluid Flow,NA,0142-727X,2026-05-21,NA,eme2025ukb
International Journal of Heat and Mass Transfer,NA,0017-9310,2026-05-21,NA,eme2025ukb
International Journal of Hospitality Management,NA,0278-4319,2026-05-21,NA,eme2025ukb
International Journal of Human-Computer Studies,NA,1071-5819,2026-05-21,NA,eme2025ukb
International Journal of Hydrogen Energy,NA,0360-3199,2026-05-21,NA,eme2025ukb
International Journal of Hygiene and Environmental Health,NA,1438-4639,2026-05-21,NA,eme2025ukb
International Journal of Impact Engineering,NA,0734-743X,2026-05-21,NA,eme2025ukb
International Journal of Industrial Ergonomics,NA,0169-8141,2026-05-21,NA,eme2025ukb
International Journal of Industrial Organization,NA,0167-7187,2026-05-21,NA,eme2025ukb
International Journal of Infectious Diseases,NA,1201-9712,2026-05-21,NA,eme2025ukb
International Journal of Information Management,NA,0268-4012,2026-05-21,NA,eme2025ukb
International Journal of Information Management Data Insights,NA,2667-0968,2026-05-21,NA,eme2025ukb
International Journal of Intercultural Relations,NA,0147-1767,2026-05-21,NA,eme2025ukb
International Journal of Law and Psychiatry,NA,0160-2527,2026-05-21,NA,eme2025ukb
"International Journal of Law, Crime and Justice",NA,1756-0616,2026-05-21,NA,eme2025ukb
International Journal of Machine Tools and Manufacture,NA,0890-6955,2026-05-21,NA,eme2025ukb
International Journal of Mass Spectrometry,NA,1387-3806,2026-05-21,NA,eme2025ukb
International Journal of Mechanical Sciences,NA,0020-7403,2026-05-21,NA,eme2025ukb
International Journal of Medical Informatics,NA,1386-5056,2026-05-21,NA,eme2025ukb
International Journal of Medical Microbiology,NA,1438-4221,2026-05-21,NA,eme2025ukb
International Journal of Multiphase Flow,NA,0301-9322,2026-05-21,NA,eme2025ukb
International Journal of Naval Architecture and Ocean Engineering,NA,2092-6782,2026-05-21,NA,eme2025ukb
International Journal of Non-Linear Mechanics,NA,0020-7462,2026-05-21,NA,eme2025ukb
International Journal of Nursing Studies,NA,0020-7489,2026-05-21,NA,eme2025ukb
International Journal of Nursing Studies Advances,NA,2666-142X,2026-05-21,NA,eme2025ukb
International Journal of Obstetric Anesthesia,NA,0959-289X,2026-05-21,NA,eme2025ukb
International Journal of Oral and Maxillofacial Surgery,NA,0901-5027,2026-05-21,NA,eme2025ukb
International Journal of Orthopaedic and Trauma Nursing,NA,1878-1241,2026-05-21,NA,eme2025ukb
International Journal of Osteopathic Medicine,NA,1746-0689,2026-05-21,NA,eme2025ukb
International Journal of Paleopathology,NA,1879-9817,2026-05-21,NA,eme2025ukb
International Journal of Particle Therapy,NA,2331-5180,2026-05-21,NA,eme2025ukb
International Journal of Pediatric Otorhinolaryngology,NA,0165-5876,2026-05-21,NA,eme2025ukb
International Journal of Pharmaceutics,NA,0378-5173,2026-05-21,NA,eme2025ukb
International Journal of Pharmaceutics: X,NA,2590-1567,2026-05-21,NA,eme2025ukb
International Journal of Plasticity,NA,0749-6419,2026-05-21,NA,eme2025ukb
International Journal of Pressure Vessels and Piping,NA,0308-0161,2026-05-21,NA,eme2025ukb
International Journal of Production Economics,NA,0925-5273,2026-05-21,NA,eme2025ukb
International Journal of Project Management,NA,0263-7863,2026-05-21,NA,eme2025ukb
International Journal of Psychophysiology,NA,0167-8760,2026-05-21,NA,eme2025ukb
"International Journal of Radiation Oncology, Biology, Physics",NA,0360-3016,2026-05-21,NA,eme2025ukb
International Journal of Refractory Metals and Hard Materials,NA,0263-4368,2026-05-21,NA,eme2025ukb
International Journal of Refrigeration,NA,0140-7007,2026-05-21,NA,eme2025ukb
International Journal of Research in Marketing,NA,0167-8116,2026-05-21,NA,eme2025ukb
International Journal of Rock Mechanics and Mining Sciences,NA,1365-1609,2026-05-21,NA,eme2025ukb
International Journal of Solids and Structures,NA,0020-7683,2026-05-21,NA,eme2025ukb
International Journal of Thermal Sciences,NA,1290-0729,2026-05-21,NA,eme2025ukb
International Journal of Thermofluids,NA,2666-2027,2026-05-21,NA,eme2025ukb
International Orthodontics,NA,1761-7227,2026-05-21,NA,eme2025ukb
International Psychogeriatrics,NA,1041-6102,2026-05-21,NA,eme2025ukb
International Review of Economics & Finance,NA,1059-0560,2026-05-21,NA,eme2025ukb
International Review of Economics Education,NA,1477-3880,2026-05-21,NA,eme2025ukb
International Review of Financial Analysis,NA,1057-5219,2026-05-21,NA,eme2025ukb
International Review of Law and Economics,NA,0144-8188,2026-05-21,NA,eme2025ukb
Internet Interventions,NA,2214-7829,2026-05-21,NA,eme2025ukb
Internet of Things,NA,2542-6605,2026-05-21,NA,eme2025ukb
Intestinal Failure,NA,2950-4562,2026-05-21,NA,eme2025ukb
Invention Disclosure,NA,2772-4441,2026-05-21,NA,eme2025ukb
iPharma,NA,3117-4701,2026-05-21,NA,eme2025ukb
IRBM,NA,1959-0318,2026-05-21,NA,eme2025ukb
ISA Transactions,NA,0019-0578,2026-05-21,NA,eme2025ukb
iScience,NA,2589-0042,2026-05-21,NA,eme2025ukb
ISPRS Journal of Photogrammetry and Remote Sensing,NA,0924-2716,2026-05-21,NA,eme2025ukb
ISPRS Open Journal of Photogrammetry and Remote Sensing,NA,2667-3932,2026-05-21,NA,eme2025ukb
Italian Journal of Agronomy,NA,1125-4718,2026-05-21,NA,eme2025ukb
JAACAP Open,NA,2949-7329,2026-05-21,NA,eme2025ukb
JAAD Case Reports,NA,2352-5126,2026-05-21,NA,eme2025ukb
JAAD International,NA,2666-3287,2026-05-21,NA,eme2025ukb
JAAD Reviews,NA,2950-1989,2026-05-21,NA,eme2025ukb
JACC: Advances,NA,2772-963X,2026-05-21,NA,eme2025ukb
JACC: Asia,NA,2772-3747,2026-05-21,NA,eme2025ukb
JACC: Cardiovascular Imaging,NA,1936-878X,2026-05-21,NA,eme2025ukb
JACC: Cardiovascular Interventions,NA,1936-8798,2026-05-21,NA,eme2025ukb
JACC: Clinical Electrophysiology,NA,2405-500X,2026-05-21,NA,eme2025ukb
JACC: Heart Failure,NA,2213-1779,2026-05-21,NA,eme2025ukb
JACEP Open,NA,2688-1152,2026-05-21,NA,eme2025ukb
JADA Foundational Science,NA,2772-414X,2026-05-21,NA,eme2025ukb
JAND Global Reports,NA,3050-7189,2026-05-21,NA,eme2025ukb
Japan and the World Economy,NA,0922-1425,2026-05-21,NA,eme2025ukb
JAPhA Pharmacotherapy,NA,2949-9623,2026-05-21,NA,eme2025ukb
JAPhA Practice Innovations,NA,2949-9690,2026-05-21,NA,eme2025ukb
JCA Advances,NA,2950-5534,2026-05-21,NA,eme2025ukb
JCIS Open,NA,2666-934X,2026-05-21,NA,eme2025ukb
JEM International,NA,3051-3227,2026-05-21,NA,eme2025ukb
JEM Reports,NA,2773-2320,2026-05-21,NA,eme2025ukb
JFO Open Ophthalmology,NA,2949-8899,2026-05-21,NA,eme2025ukb
JHEP Reports,NA,2589-5559,2026-05-21,NA,eme2025ukb
JHLT Open,NA,2950-1334,2026-05-21,NA,eme2025ukb
JID Innovations,NA,2667-0267,2026-05-21,NA,eme2025ukb
Joint Bone Spine,NA,1297-319X,2026-05-21,NA,eme2025ukb
Jornal de Pediatria,NA,0021-7557,2026-05-21,NA,eme2025ukb
JOS Case Reports,NA,2772-9648,2026-05-21,NA,eme2025ukb
Journal de Chirurgie Viscérale,NA,1878-786X,2026-05-21,NA,eme2025ukb
Journal de Mathématiques Pures et Appliquées,NA,0021-7824,2026-05-21,NA,eme2025ukb
Journal de Pédiatrie et de Puériculture,NA,0987-7983,2026-05-21,NA,eme2025ukb
Journal de Traumatologie du Sport,NA,0762-915X,2026-05-21,NA,eme2025ukb
Journal d'Imagerie Diagnostique et Interventionnelle,NA,2543-3431,2026-05-21,NA,eme2025ukb
Journal for Nature Conservation,NA,1617-1381,2026-05-21,NA,eme2025ukb
Journal Français d'Ophtalmologie,NA,0181-5512,2026-05-21,NA,eme2025ukb
Journal of AAPOS,NA,1091-8531,2026-05-21,NA,eme2025ukb
Journal of Accounting and Economics,NA,0165-4101,2026-05-21,NA,eme2025ukb
Journal of Accounting and Public Policy,NA,0278-4254,2026-05-21,NA,eme2025ukb
Journal of Accounting Education,NA,0748-5751,2026-05-21,NA,eme2025ukb
Journal of Adolescent Health,NA,1054-139X,2026-05-21,NA,eme2025ukb
Journal of Advanced Joining Processes,NA,2666-3309,2026-05-21,NA,eme2025ukb
Journal of Advanced Research,NA,2090-1232,2026-05-21,NA,eme2025ukb
Journal of Aerosol Science,NA,0021-8502,2026-05-21,NA,eme2025ukb
Journal of Affective Disorders,NA,0165-0327,2026-05-21,NA,eme2025ukb
Journal of Affective Disorders Reports,NA,2666-9153,2026-05-21,NA,eme2025ukb
Journal of African Earth Sciences,NA,1464-343X,2026-05-21,NA,eme2025ukb
Journal of Aging Studies,NA,0890-4065,2026-05-21,NA,eme2025ukb
Journal of Agriculture and Food Research,NA,2666-1543,2026-05-21,NA,eme2025ukb
Journal of Air Transport Management,NA,0969-6997,2026-05-21,NA,eme2025ukb
Journal of Algebra,NA,0021-8693,2026-05-21,NA,eme2025ukb
Journal of Allergy and Clinical Immunology,NA,0091-6749,2026-05-21,NA,eme2025ukb
Journal of Allergy and Clinical Immunology: Global,NA,2772-8293,2026-05-21,NA,eme2025ukb
Journal of Allergy and Hypersensitivity Diseases,NA,2950-3124,2026-05-21,NA,eme2025ukb
Journal of Alloys and Compounds,NA,0925-8388,2026-05-21,NA,eme2025ukb
Journal of Alloys and Compounds Communications,NA,2950-2845,2026-05-21,NA,eme2025ukb
Journal of Alloys and Metallurgical Systems,NA,2949-9178,2026-05-21,NA,eme2025ukb
Journal of Analytical and Applied Pyrolysis,NA,0165-2370,2026-05-21,NA,eme2025ukb
Journal of Anthropological Archaeology,NA,0278-4165,2026-05-21,NA,eme2025ukb
Journal of Anxiety Disorders,NA,0887-6185,2026-05-21,NA,eme2025ukb
Journal of Applied Developmental Psychology,NA,0193-3973,2026-05-21,NA,eme2025ukb
Journal of Applied Geophysics,NA,0926-9851,2026-05-21,NA,eme2025ukb
Journal of Applied Poultry Research,NA,1056-6171,2026-05-21,NA,eme2025ukb
Journal of Applied Research on Medicinal and Aromatic Plants,NA,2214-7861,2026-05-21,NA,eme2025ukb
Journal of Approximation Theory,NA,0021-9045,2026-05-21,NA,eme2025ukb
Journal of Aquatic Plants,NA,3051-2301,2026-05-21,NA,eme2025ukb
Journal of Archaeological Science,NA,0305-4403,2026-05-21,NA,eme2025ukb
Journal of Archaeological Science: Reports,NA,2352-409X,2026-05-21,NA,eme2025ukb
Journal of Arid Environments,NA,0140-1963,2026-05-21,NA,eme2025ukb
Journal of Arthroplasty,NA,0883-5403,2026-05-21,NA,eme2025ukb
Journal of Asian Earth Sciences,NA,1367-9120,2026-05-21,NA,eme2025ukb
Journal of Asian Earth Sciences: X,NA,2590-0560,2026-05-21,NA,eme2025ukb
Journal of Asian Economics,NA,1049-0078,2026-05-21,NA,eme2025ukb
Journal of Asia-Pacific Entomology,NA,1226-8615,2026-05-21,NA,eme2025ukb
Journal of Atmospheric and Solar-Terrestrial Physics,NA,1364-6826,2026-05-21,NA,eme2025ukb
Journal of Autoimmunity,NA,0896-8411,2026-05-21,NA,eme2025ukb
Journal of Ayurveda and Integrative Medicine,NA,0975-9476,2026-05-21,NA,eme2025ukb
Journal of Banking & Finance,NA,0378-4266,2026-05-21,NA,eme2025ukb
Journal of Behavior Therapy and Experimental Psychiatry,NA,0005-7916,2026-05-21,NA,eme2025ukb
Journal of Behavioral and Cognitive Therapy,NA,2589-9791,2026-05-21,NA,eme2025ukb
Journal of Behavioral and Experimental Economics,NA,2214-8043,2026-05-21,NA,eme2025ukb
Journal of Behavioral and Experimental Finance,NA,2214-6350,2026-05-21,NA,eme2025ukb
Journal of Biomechanics,NA,0021-9290,2026-05-21,NA,eme2025ukb
Journal of Biomechanics Open,NA,3051-1313,2026-05-21,NA,eme2025ukb
Journal of Biomedical Informatics,NA,1532-0464,2026-05-21,NA,eme2025ukb
Journal of Biotechnology,NA,0168-1656,2026-05-21,NA,eme2025ukb
Journal of Bodywork and Movement Therapies,NA,1360-8592,2026-05-21,NA,eme2025ukb
Journal of Bone Oncology,NA,2212-1374,2026-05-21,NA,eme2025ukb
Journal of Building Engineering,NA,2352-7102,2026-05-21,NA,eme2025ukb
Journal of Business Research,NA,0148-2963,2026-05-21,NA,eme2025ukb
Journal of Business Venturing,NA,0883-9026,2026-05-21,NA,eme2025ukb
Journal of Business Venturing Design,NA,2667-2774,2026-05-21,NA,eme2025ukb
Journal of Business Venturing Insights,NA,2352-6734,2026-05-21,NA,eme2025ukb
Journal of Cancer Policy,NA,2213-5383,2026-05-21,NA,eme2025ukb
Journal of Cardiac Failure,NA,1071-9164,2026-05-21,NA,eme2025ukb
Journal of Cardiac Failure - Intersections,NA,3050-6611,2026-05-21,NA,eme2025ukb
Journal of Cardiology,NA,0914-5087,2026-05-21,NA,eme2025ukb
Journal of Cardiology Cases,NA,1878-5409,2026-05-21,NA,eme2025ukb
Journal of Cardiothoracic and Vascular Anesthesia,NA,1053-0770,2026-05-21,NA,eme2025ukb
Journal of Cardiovascular Computed Tomography,NA,1934-5925,2026-05-21,NA,eme2025ukb
Journal of Cardiovascular Magnetic Resonance,NA,1097-6647,2026-05-21,NA,eme2025ukb
Journal of Cartilage & Joint Preservation,NA,2667-2545,2026-05-21,NA,eme2025ukb
Journal of Catalysis,NA,0021-9517,2026-05-21,NA,eme2025ukb
Journal of Cereal Science,NA,0733-5210,2026-05-21,NA,eme2025ukb
Journal of Chiropractic Humanities,NA,1556-3499,2026-05-21,NA,eme2025ukb
Journal of Chiropractic Medicine,NA,1556-3707,2026-05-21,NA,eme2025ukb
Journal of Choice Modelling,NA,1755-5345,2026-05-21,NA,eme2025ukb
Journal of Chromatography A,NA,0021-9673,2026-05-21,NA,eme2025ukb
Journal of Chromatography B,NA,1570-0232,2026-05-21,NA,eme2025ukb
Journal of Chromatography Open,NA,2772-3917,2026-05-21,NA,eme2025ukb
Journal of Cleaner Production,NA,0959-6526,2026-05-21,NA,eme2025ukb
Journal of Climate Finance,NA,2949-7280,2026-05-21,NA,eme2025ukb
Journal of Clinical and Experimental Hepatology,NA,0973-6883,2026-05-21,NA,eme2025ukb
Journal of Clinical and Translational Endocrinology,NA,2214-6237,2026-05-21,NA,eme2025ukb
Journal of Clinical and Translational Endocrinology: Case Reports,NA,2214-6245,2026-05-21,NA,eme2025ukb
Journal of Clinical Anesthesia,NA,0952-8180,2026-05-21,NA,eme2025ukb
Journal of Clinical Densitometry,NA,1094-6950,2026-05-21,NA,eme2025ukb
Journal of Clinical Epidemiology,NA,0895-4356,2026-05-21,NA,eme2025ukb
Journal of Clinical Lipidology,NA,1933-2874,2026-05-21,NA,eme2025ukb
Journal of Clinical Neuroscience,NA,0967-5868,2026-05-21,NA,eme2025ukb
Journal of Clinical Orthopaedics and Trauma,NA,0976-5662,2026-05-21,NA,eme2025ukb
Journal of Clinical Tuberculosis and Other Mycobacterial Diseases,NA,2405-5794,2026-05-21,NA,eme2025ukb
Journal of Clinical Virology,NA,1386-6532,2026-05-21,NA,eme2025ukb
Journal of Clinical Virology Plus,NA,2667-0380,2026-05-21,NA,eme2025ukb
Journal of CO2 Utilization,NA,2212-9820,2026-05-21,NA,eme2025ukb
Journal of Colloid and Interface Science,NA,0021-9797,2026-05-21,NA,eme2025ukb
"Journal of Combinatorial Theory, Series A",NA,0097-3165,2026-05-21,NA,eme2025ukb
"Journal of Combinatorial Theory, Series B",NA,0095-8956,2026-05-21,NA,eme2025ukb
Journal of Commodity Markets,NA,2405-8513,2026-05-21,NA,eme2025ukb
Journal of Communication Disorders,NA,0021-9924,2026-05-21,NA,eme2025ukb
Journal of Comparative Economics,NA,0147-5967,2026-05-21,NA,eme2025ukb
Journal of Comparative Pathology,NA,0021-9975,2026-05-21,NA,eme2025ukb
Journal of Complexity,NA,0885-064X,2026-05-21,NA,eme2025ukb
Journal of Computational Algebra,NA,2772-8277,2026-05-21,NA,eme2025ukb
Journal of Computational and Applied Mathematics,NA,0377-0427,2026-05-21,NA,eme2025ukb
Journal of Computational Mathematics and Data Science,NA,2772-4158,2026-05-21,NA,eme2025ukb
Journal of Computational Physics,NA,0021-9991,2026-05-21,NA,eme2025ukb
Journal of Computational Science,NA,1877-7503,2026-05-21,NA,eme2025ukb
Journal of Computer and System Sciences,NA,0022-0000,2026-05-21,NA,eme2025ukb
Journal of Computer Languages,NA,2590-1184,2026-05-21,NA,eme2025ukb
Journal of Constructional Steel Research,NA,0143-974X,2026-05-21,NA,eme2025ukb
Journal of Contaminant Hydrology,NA,0169-7722,2026-05-21,NA,eme2025ukb
Journal of Contemporary Accounting & Economics,NA,1815-5669,2026-05-21,NA,eme2025ukb
Journal of Contextual Behavioral Science,NA,2212-1447,2026-05-21,NA,eme2025ukb
Journal of Controlled Release,NA,0168-3659,2026-05-21,NA,eme2025ukb
Journal of Co-operative Organization and Management,NA,2213-297X,2026-05-21,NA,eme2025ukb
Journal of Corporate Finance,NA,0929-1199,2026-05-21,NA,eme2025ukb
Journal of Cranio-Maxillofacial Surgery,NA,1010-5182,2026-05-21,NA,eme2025ukb
Journal of Creativity,NA,2713-3745,2026-05-21,NA,eme2025ukb
Journal of Criminal Justice,NA,0047-2352,2026-05-21,NA,eme2025ukb
Journal of Critical Care,NA,0883-9441,2026-05-21,NA,eme2025ukb
Journal of Crystal Growth,NA,0022-0248,2026-05-21,NA,eme2025ukb
Journal of Cultural Heritage,NA,1296-2074,2026-05-21,NA,eme2025ukb
Journal of Cycling and Micromobility Research,NA,2950-1059,2026-05-21,NA,eme2025ukb
Journal of Cystic Fibrosis,NA,1569-1993,2026-05-21,NA,eme2025ukb
Journal of Dairy Science,NA,0022-0302,2026-05-21,NA,eme2025ukb
Journal of Dentistry,NA,0300-5712,2026-05-21,NA,eme2025ukb
Journal of Dermatological Science,NA,0923-1811,2026-05-21,NA,eme2025ukb
Journal of Destination Marketing & Management,NA,2212-571X,2026-05-21,NA,eme2025ukb
Journal of Development Economics,NA,0304-3878,2026-05-21,NA,eme2025ukb
Journal of Diabetes and its Complications,NA,1056-8727,2026-05-21,NA,eme2025ukb
Journal of Differential Equations,NA,0022-0396,2026-05-21,NA,eme2025ukb
Journal of Drug Delivery Science and Technology,NA,1773-2247,2026-05-21,NA,eme2025ukb
Journal of Econometrics,NA,0304-4076,2026-05-21,NA,eme2025ukb
Journal of Economic Behavior & Organization,NA,0167-2681,2026-05-21,NA,eme2025ukb
Journal of Economic Criminology,NA,2949-7914,2026-05-21,NA,eme2025ukb
Journal of Economic Dynamics and Control,NA,0165-1889,2026-05-21,NA,eme2025ukb
Journal of Economic Psychology,NA,0167-4870,2026-05-21,NA,eme2025ukb
Journal of Economic Theory,NA,0022-0531,2026-05-21,NA,eme2025ukb
Journal of Economics and Business,NA,0148-6195,2026-05-21,NA,eme2025ukb
Journal of Electroanalytical Chemistry,NA,1572-6657,2026-05-21,NA,eme2025ukb
Journal of Electrocardiology,NA,0022-0736,2026-05-21,NA,eme2025ukb
Journal of Electromyography and Kinesiology,NA,1050-6411,2026-05-21,NA,eme2025ukb
Journal of Electron Spectroscopy and Related Phenomena,NA,0368-2048,2026-05-21,NA,eme2025ukb
Journal of Electrostatics,NA,0304-3886,2026-05-21,NA,eme2025ukb
Journal of Emergency Nursing,NA,0099-1767,2026-05-21,NA,eme2025ukb
Journal of Empirical Finance,NA,0927-5398,2026-05-21,NA,eme2025ukb
Journal of Endodontics,NA,0099-2399,2026-05-21,NA,eme2025ukb
Journal of Energy Chemistry,NA,2095-4956,2026-05-21,NA,eme2025ukb
Journal of Energy Storage,NA,2352-152X,2026-05-21,NA,eme2025ukb
Journal of Engineering and Technology Management,NA,0923-4748,2026-05-21,NA,eme2025ukb
Journal of Engineering Research,NA,2307-1877,2026-05-21,NA,eme2025ukb
Journal of English for Academic Purposes,NA,1475-1585,2026-05-21,NA,eme2025ukb
Journal of Environmental Chemical Engineering,NA,2213-3437,2026-05-21,NA,eme2025ukb
Journal of Environmental Economics and Management,NA,0095-0696,2026-05-21,NA,eme2025ukb
Journal of Environmental Management,NA,0301-4797,2026-05-21,NA,eme2025ukb
Journal of Environmental Psychology,NA,0272-4944,2026-05-21,NA,eme2025ukb
Journal of Environmental Radioactivity,NA,0265-931X,2026-05-21,NA,eme2025ukb
Journal of Environmental Sciences,NA,1001-0742,2026-05-21,NA,eme2025ukb
Journal of Epidemiology and Population Health,NA,2950-4333,2026-05-21,NA,eme2025ukb
Journal of Equine Veterinary Science,NA,0737-0806,2026-05-21,NA,eme2025ukb
Journal of Ethnopharmacology,NA,0378-8741,2026-05-21,NA,eme2025ukb
Journal of Evidence-Based Dental Practice,NA,1532-3382,2026-05-21,NA,eme2025ukb
Journal of Exercise Science & Fitness,NA,1728-869X,2026-05-21,NA,eme2025ukb
Journal of Exotic Pet Medicine,NA,1557-5063,2026-05-21,NA,eme2025ukb
Journal of Experimental Child Psychology,NA,0022-0965,2026-05-21,NA,eme2025ukb
Journal of Experimental Horticulture,NA,3051-1186,2026-05-21,NA,eme2025ukb
Journal of Experimental Marine Biology and Ecology,NA,0022-0981,2026-05-21,NA,eme2025ukb
Journal of Experimental Social Psychology,NA,0022-1031,2026-05-21,NA,eme2025ukb
Journal of Family Business Strategy,NA,1877-8585,2026-05-21,NA,eme2025ukb
Journal of Financial Economics,NA,0304-405X,2026-05-21,NA,eme2025ukb
Journal of Financial Intermediation,NA,1042-9573,2026-05-21,NA,eme2025ukb
Journal of Financial Markets,NA,1386-4181,2026-05-21,NA,eme2025ukb
Journal of Financial Stability,NA,1572-3089,2026-05-21,NA,eme2025ukb
Journal of Fluency Disorders,NA,0094-730X,2026-05-21,NA,eme2025ukb
Journal of Fluids and Structures,NA,0889-9746,2026-05-21,NA,eme2025ukb
Journal of Fluorine Chemistry,NA,0022-1139,2026-05-21,NA,eme2025ukb
Journal of Food Composition and Analysis,NA,0889-1575,2026-05-21,NA,eme2025ukb
Journal of Food Engineering,NA,0260-8774,2026-05-21,NA,eme2025ukb
Journal of Food Protection,NA,0362-028X,2026-05-21,NA,eme2025ukb
Journal of Forensic and Legal Medicine,NA,1752-928X,2026-05-21,NA,eme2025ukb
Journal of Functional Analysis,NA,0022-1236,2026-05-21,NA,eme2025ukb
Journal of Functional Foods,NA,1756-4646,2026-05-21,NA,eme2025ukb
Journal of Gastrointestinal Surgery,NA,1091-255X,2026-05-21,NA,eme2025ukb
Journal of Gastrointestinal Surgery Open,NA,3117-3586,2026-05-21,NA,eme2025ukb
Journal of Genetic Engineering and Biotechnology,NA,1687-157X,2026-05-21,NA,eme2025ukb
Journal of Genetics and Genomics,NA,1673-8527,2026-05-21,NA,eme2025ukb
Journal of Geochemical Exploration,NA,0375-6742,2026-05-21,NA,eme2025ukb
Journal of Geodynamics,NA,0264-3707,2026-05-21,NA,eme2025ukb
Journal of Geometry and Physics,NA,0393-0440,2026-05-21,NA,eme2025ukb
Journal of Geriatric Oncology,NA,1879-4068,2026-05-21,NA,eme2025ukb
Journal of Global Antimicrobial Resistance,NA,2213-7165,2026-05-21,NA,eme2025ukb
Journal of Great Lakes Research,NA,0380-1330,2026-05-21,NA,eme2025ukb
Journal of Gynecology Obstetrics and Human Reproduction,NA,2468-7847,2026-05-21,NA,eme2025ukb
Journal of Hand and Microsurgery,NA,0974-3227,2026-05-21,NA,eme2025ukb
Journal of Hand Surgery Global Online,NA,2589-5141,2026-05-21,NA,eme2025ukb
Journal of Hand Therapy,NA,0894-1130,2026-05-21,NA,eme2025ukb
Journal of Hazardous Materials,NA,0304-3894,2026-05-21,NA,eme2025ukb
Journal of Hazardous Materials Advances,NA,2772-4166,2026-05-21,NA,eme2025ukb
Journal of Hazardous Materials Letters,NA,2666-9110,2026-05-21,NA,eme2025ukb
Journal of Hazardous Materials: Organics,NA,3051-0597,2026-05-21,NA,eme2025ukb
Journal of Hazardous Materials: Plastics,NA,3051-0600,2026-05-21,NA,eme2025ukb
Journal of Health Economics,NA,0167-6296,2026-05-21,NA,eme2025ukb
Journal of Healthcare Quality Research,NA,2603-6479,2026-05-21,NA,eme2025ukb
Journal of Hepatology,NA,0168-8278,2026-05-21,NA,eme2025ukb
Journal of Herbal Medicine,NA,2210-8033,2026-05-21,NA,eme2025ukb
Journal of High Energy Astrophysics,NA,2214-4048,2026-05-21,NA,eme2025ukb
Journal of Historical Geography,NA,0305-7488,2026-05-21,NA,eme2025ukb
Journal of Hospital Infection,NA,0195-6701,2026-05-21,NA,eme2025ukb
Journal of Hospitality and Tourism Management,NA,1447-6770,2026-05-21,NA,eme2025ukb
"Journal of Hospitality, Leisure, Sport & Tourism Education",NA,1473-8376,2026-05-21,NA,eme2025ukb
Journal of Housing Economics,NA,1051-1377,2026-05-21,NA,eme2025ukb
Journal of Human Evolution,NA,0047-2484,2026-05-21,NA,eme2025ukb
Journal of Hydro-environment Research,NA,1570-6443,2026-05-21,NA,eme2025ukb
Journal of Hydrology,NA,0022-1694,2026-05-21,NA,eme2025ukb
Journal of Hydrology X,NA,2589-9155,2026-05-21,NA,eme2025ukb
Journal of Hydrology: Regional Studies,NA,2214-5818,2026-05-21,NA,eme2025ukb
Journal of Immunological Methods,NA,0022-1759,2026-05-21,NA,eme2025ukb
Journal of Industrial and Engineering Chemistry,NA,1226-086X,2026-05-21,NA,eme2025ukb
Journal of Industrial Information Integration,NA,2452-414X,2026-05-21,NA,eme2025ukb
Journal of Infection,NA,0163-4453,2026-05-21,NA,eme2025ukb
Journal of Infection and Public Health,NA,1876-0341,2026-05-21,NA,eme2025ukb
Journal of Information Security and Applications,NA,2214-2126,2026-05-21,NA,eme2025ukb
Journal of Informetrics,NA,1751-1577,2026-05-21,NA,eme2025ukb
Journal of Innovation & Knowledge,NA,2444-569X,2026-05-21,NA,eme2025ukb
Journal of Inorganic Biochemistry,NA,0162-0134,2026-05-21,NA,eme2025ukb
Journal of Insect Physiology,NA,0022-1910,2026-05-21,NA,eme2025ukb
Journal of Integrative Medicine,NA,2095-4964,2026-05-21,NA,eme2025ukb
Journal of Intensive Medicine,NA,2667-100X,2026-05-21,NA,eme2025ukb
"Journal of International Accounting, Auditing and Taxation",NA,1061-9518,2026-05-21,NA,eme2025ukb
Journal of International Economics,NA,0022-1996,2026-05-21,NA,eme2025ukb
"Journal of International Financial Markets, Institutions & Money",NA,1042-4431,2026-05-21,NA,eme2025ukb
Journal of International Management,NA,1075-4253,2026-05-21,NA,eme2025ukb
Journal of International Money and Finance,NA,0261-5606,2026-05-21,NA,eme2025ukb
Journal of Interprofessional Education & Practice,NA,2405-4526,2026-05-21,NA,eme2025ukb
Journal of Invertebrate Pathology,NA,0022-2011,2026-05-21,NA,eme2025ukb
Journal of Investigative Dermatology,NA,0022-202X,2026-05-21,NA,eme2025ukb
Journal of Ionic Liquids,NA,2772-4220,2026-05-21,NA,eme2025ukb
Journal of ISAKOS,NA,2059-7754,2026-05-21,NA,eme2025ukb
Journal of Liver Transplantation,NA,2666-9676,2026-05-21,NA,eme2025ukb
Journal of Logical and Algebraic Methods in Programming,NA,2352-2208,2026-05-21,NA,eme2025ukb
Journal of Loss Prevention in the Process Industries,NA,0950-4230,2026-05-21,NA,eme2025ukb
Journal of Luminescence,NA,0022-2313,2026-05-21,NA,eme2025ukb
Journal of Macroeconomics,NA,0164-0704,2026-05-21,NA,eme2025ukb
Journal of Magnetic Resonance,NA,1090-7807,2026-05-21,NA,eme2025ukb
Journal of Magnetic Resonance Open,NA,2666-4410,2026-05-21,NA,eme2025ukb
Journal of Magnetism and Magnetic Materials,NA,0304-8853,2026-05-21,NA,eme2025ukb
Journal of Manufacturing Processes,NA,1526-6125,2026-05-21,NA,eme2025ukb
Journal of Manufacturing Systems,NA,0278-6125,2026-05-21,NA,eme2025ukb
Journal of Marine Systems,NA,0924-7963,2026-05-21,NA,eme2025ukb
Journal of Materials Processing Technology,NA,0924-0136,2026-05-21,NA,eme2025ukb
Journal of Materials Research and Technology,NA,2238-7854,2026-05-21,NA,eme2025ukb
Journal of Materials Science & Technology,NA,1005-0302,2026-05-21,NA,eme2025ukb
Journal of Materiomics,NA,2352-8478,2026-05-21,NA,eme2025ukb
Journal of Mathematical Analysis and Applications,NA,0022-247X,2026-05-21,NA,eme2025ukb
Journal of Mathematical Economics,NA,0304-4068,2026-05-21,NA,eme2025ukb
Journal of Mathematical Psychology,NA,0022-2496,2026-05-21,NA,eme2025ukb
Journal of Medical Imaging and Radiation Sciences,NA,1939-8654,2026-05-21,NA,eme2025ukb
Journal of Medical Mycology,NA,1156-5233,2026-05-21,NA,eme2025ukb
"Journal of Medicine, Surgery, and Public Health",NA,2949-916X,2026-05-21,NA,eme2025ukb
Journal of Membrane Science,NA,0376-7388,2026-05-21,NA,eme2025ukb
Journal of Membrane Science Letters,NA,2772-4212,2026-05-21,NA,eme2025ukb
Journal of Memory and Language,NA,0749-596X,2026-05-21,NA,eme2025ukb
Journal of Microbiological Methods,NA,0167-7012,2026-05-21,NA,eme2025ukb
"Journal of Microbiology, Immunology and Infection",NA,1684-1182,2026-05-21,NA,eme2025ukb
Journal of Migration and Health,NA,2666-6235,2026-05-21,NA,eme2025ukb
Journal of Minimally Invasive Gynecology,NA,1553-4650,2026-05-21,NA,eme2025ukb
Journal of Molecular and Cellular Cardiology,NA,0022-2828,2026-05-21,NA,eme2025ukb
Journal of Molecular and Cellular Cardiology Plus,NA,2772-9761,2026-05-21,NA,eme2025ukb
Journal of Molecular Biology,NA,0022-2836,2026-05-21,NA,eme2025ukb
Journal of Molecular Graphics and Modelling,NA,1093-3263,2026-05-21,NA,eme2025ukb
Journal of Molecular Liquids,NA,0167-7322,2026-05-21,NA,eme2025ukb
Journal of Molecular Spectroscopy,NA,0022-2852,2026-05-21,NA,eme2025ukb
Journal of Molecular Structure,NA,0022-2860,2026-05-21,NA,eme2025ukb
Journal of Monetary Economics,NA,0304-3932,2026-05-21,NA,eme2025ukb
Journal of Mood & Anxiety Disorders,NA,2950-0044,2026-05-21,NA,eme2025ukb
Journal of Multinational Financial Management,NA,1042-444X,2026-05-21,NA,eme2025ukb
Journal of Multivariate Analysis,NA,0047-259X,2026-05-21,NA,eme2025ukb
Journal of Natural Pesticide Research,NA,2773-0786,2026-05-21,NA,eme2025ukb
Journal of Neonatal Nursing,NA,1355-1841,2026-05-21,NA,eme2025ukb
Journal of Network and Computer Applications,NA,1084-8045,2026-05-21,NA,eme2025ukb
Journal of Neuroimmunology,NA,0165-5728,2026-05-21,NA,eme2025ukb
Journal of Neurolinguistics,NA,0911-6044,2026-05-21,NA,eme2025ukb
Journal of Neuroradiology,NA,0150-9861,2026-05-21,NA,eme2025ukb
Journal of Neurorestoratology,NA,2324-2426,2026-05-21,NA,eme2025ukb
Journal of Neuroscience Methods,NA,0165-0270,2026-05-21,NA,eme2025ukb
Journal of Non-Crystalline Solids,NA,0022-3093,2026-05-21,NA,eme2025ukb
Journal of Non-Newtonian Fluid Mechanics,NA,0377-0257,2026-05-21,NA,eme2025ukb
Journal of Nuclear Cardiology,NA,1071-3581,2026-05-21,NA,eme2025ukb
Journal of Nuclear Materials,NA,0022-3115,2026-05-21,NA,eme2025ukb
Journal of Number Theory,NA,0022-314X,2026-05-21,NA,eme2025ukb
Journal of Nursing Regulation,NA,2155-8256,2026-05-21,NA,eme2025ukb
Journal of Nutrition Education and Behavior,NA,1499-4046,2026-05-21,NA,eme2025ukb
Journal of Obsessive-Compulsive and Related Disorders,NA,2211-3649,2026-05-21,NA,eme2025ukb
"Journal of Obstetric, Gynecologic, & Neonatal Nursing",NA,0884-2175,2026-05-21,NA,eme2025ukb
Journal of Obstetrics and Gynaecology Canada,NA,1701-2163,2026-05-21,NA,eme2025ukb
Journal of Ocean Engineering and Science,NA,2468-0133,2026-05-21,NA,eme2025ukb
"Journal of Open Innovation: Technology, Market, and Complexity",NA,2199-8531,2026-05-21,NA,eme2025ukb
Journal of Optometry,NA,1888-4296,2026-05-21,NA,eme2025ukb
Journal of Oral and Maxillofacial Surgery,NA,0278-2391,2026-05-21,NA,eme2025ukb
"Journal of Oral and Maxillofacial Surgery, Medicine, and Pathology",NA,2212-5558,2026-05-21,NA,eme2025ukb
Journal of Oral Biology and Craniofacial Research,NA,2212-4268,2026-05-21,NA,eme2025ukb
Journal of Oral Biosciences,NA,1349-0079,2026-05-21,NA,eme2025ukb
Journal of Organometallic Chemistry,NA,0022-328X,2026-05-21,NA,eme2025ukb
Journal of Orthopaedic Reports,NA,2773-157X,2026-05-21,NA,eme2025ukb
Journal of Orthopaedic Science,NA,0949-2658,2026-05-21,NA,eme2025ukb
Journal of Orthopaedic Translation,NA,2214-031X,2026-05-21,NA,eme2025ukb
Journal of Orthopaedics,NA,0972-978X,2026-05-21,NA,eme2025ukb
Journal of Outdoor Recreation and Tourism,NA,2213-0780,2026-05-21,NA,eme2025ukb
Journal of Pain and Symptom Management,NA,0885-3924,2026-05-21,NA,eme2025ukb
Journal of Parallel and Distributed Computing,NA,0743-7315,2026-05-21,NA,eme2025ukb
Journal of Pathology Informatics,NA,2153-3539,2026-05-21,NA,eme2025ukb
Journal of Pediatric and Adolescent Gynecology,NA,1083-3188,2026-05-21,NA,eme2025ukb
Journal of Pediatric Health Care,NA,0891-5245,2026-05-21,NA,eme2025ukb
Journal of Pediatric Nursing,NA,0882-5963,2026-05-21,NA,eme2025ukb
Journal of Pediatric Surgery,NA,0022-3468,2026-05-21,NA,eme2025ukb
Journal of Pediatric Surgery Case Reports,NA,2213-5766,2026-05-21,NA,eme2025ukb
Journal of Pediatric Surgery Open,NA,2949-7116,2026-05-21,NA,eme2025ukb
Journal of Pediatric Urology,NA,1477-5131,2026-05-21,NA,eme2025ukb
Journal of PeriAnesthesia Nursing,NA,1089-9472,2026-05-21,NA,eme2025ukb
Journal of Pharmaceutical Analysis,NA,2095-1779,2026-05-21,NA,eme2025ukb
Journal of Pharmaceutical and Biomedical Analysis,NA,0731-7085,2026-05-21,NA,eme2025ukb
Journal of Pharmaceutical and Biomedical Analysis Open,NA,2949-771X,2026-05-21,NA,eme2025ukb
Journal of Pharmaceutical Sciences,NA,0022-3549,2026-05-21,NA,eme2025ukb
Journal of Pharmacological and Toxicological Methods,NA,1056-8719,2026-05-21,NA,eme2025ukb
Journal of Pharmacological Sciences,NA,1347-8613,2026-05-21,NA,eme2025ukb
Journal of Phonetics,NA,0095-4470,2026-05-21,NA,eme2025ukb
Journal of Photochemistry and Photobiology,NA,2666-4690,2026-05-21,NA,eme2025ukb
Journal of Photochemistry and Photobiology A: Chemistry,NA,1010-6030,2026-05-21,NA,eme2025ukb
Journal of Photochemistry and Photobiology B: Biology,NA,1011-1344,2026-05-21,NA,eme2025ukb
Journal of Photochemistry and Photobiology C: Photochemistry Reviews,NA,1389-5567,2026-05-21,NA,eme2025ukb
Journal of Physics and Chemistry of Solids,NA,0022-3697,2026-05-21,NA,eme2025ukb
Journal of Plant Physiology,NA,0176-1617,2026-05-21,NA,eme2025ukb
"Journal of Plastic, Reconstructive & Aesthetic Surgery",NA,1748-6815,2026-05-21,NA,eme2025ukb
Journal of Policy Modeling,NA,0161-8938,2026-05-21,NA,eme2025ukb
Journal of Power Sources,NA,0378-7753,2026-05-21,NA,eme2025ukb
Journal of Power Sources Advances,NA,2666-2485,2026-05-21,NA,eme2025ukb
Journal of Pragmatics,NA,0378-2166,2026-05-21,NA,eme2025ukb
Journal of Process Control,NA,0959-1524,2026-05-21,NA,eme2025ukb
Journal of Professional Nursing,NA,8755-7223,2026-05-21,NA,eme2025ukb
Journal of Proteomics,NA,1874-3919,2026-05-21,NA,eme2025ukb
Journal of Psychiatric Research,NA,0022-3956,2026-05-21,NA,eme2025ukb
Journal of Psychosomatic Research,NA,0022-3999,2026-05-21,NA,eme2025ukb
Journal of Public Economics,NA,0047-2727,2026-05-21,NA,eme2025ukb
Journal of Public Transportation,NA,1077-291X,2026-05-21,NA,eme2025ukb
Journal of Purchasing and Supply Management,NA,1478-4092,2026-05-21,NA,eme2025ukb
Journal of Pure and Applied Algebra,NA,0022-4049,2026-05-21,NA,eme2025ukb
Journal of Pyrogeography,NA,3051-0678,2026-05-21,NA,eme2025ukb
Journal of Quantitative Spectroscopy & Radiative Transfer,NA,0022-4073,2026-05-21,NA,eme2025ukb
Journal of Radiation Research and Applied Sciences,NA,1687-8507,2026-05-21,NA,eme2025ukb
Journal of Radiology Nursing,NA,1546-0843,2026-05-21,NA,eme2025ukb
Journal of Rail Transport Planning & Management,NA,2210-9706,2026-05-21,NA,eme2025ukb
Journal of Rare Earths,NA,1002-0721,2026-05-21,NA,eme2025ukb
Journal of Renal Nutrition,NA,1051-2276,2026-05-21,NA,eme2025ukb
Journal of Reproductive Immunology,NA,0165-0378,2026-05-21,NA,eme2025ukb
Journal of Research in Personality,NA,0092-6566,2026-05-21,NA,eme2025ukb
Journal of Responsible Technology,NA,2666-6596,2026-05-21,NA,eme2025ukb
Journal of Retailing,NA,0022-4359,2026-05-21,NA,eme2025ukb
Journal of Retailing and Consumer Services,NA,0969-6989,2026-05-21,NA,eme2025ukb
Journal of Rural Studies,NA,0743-0167,2026-05-21,NA,eme2025ukb
Journal of Safety Research,NA,0022-4375,2026-05-21,NA,eme2025ukb
Journal of School Psychology,NA,0022-4405,2026-05-21,NA,eme2025ukb
Journal of Science and Medicine in Sport,NA,1440-2440,2026-05-21,NA,eme2025ukb
Journal of Science: Advanced Materials and Devices,NA,2468-2179,2026-05-21,NA,eme2025ukb
Journal of Sea Research,NA,1385-1101,2026-05-21,NA,eme2025ukb
Journal of Second Language Writing,NA,1060-3743,2026-05-21,NA,eme2025ukb
Journal of Shoulder and Elbow Arthroplasty,NA,2471-5492,2026-05-21,NA,eme2025ukb
Journal of Shoulder and Elbow Surgery,NA,1058-2746,2026-05-21,NA,eme2025ukb
Journal of Solid State Chemistry,NA,0022-4596,2026-05-21,NA,eme2025ukb
Journal of Sound and Vibration,NA,0022-460X,2026-05-21,NA,eme2025ukb
Journal of South American Earth Sciences,NA,0895-9811,2026-05-21,NA,eme2025ukb
Journal of Space Safety Engineering,NA,2468-8967,2026-05-21,NA,eme2025ukb
"Journal of Sports Medicine, Animal Rehabilitation and Physiotherapy",NA,3117-3918,2026-05-21,NA,eme2025ukb
Journal of Statistical Planning and Inference,NA,0378-3758,2026-05-21,NA,eme2025ukb
"Journal of Stomatology, Oral and Maxillofacial Surgery",NA,2468-7855,2026-05-21,NA,eme2025ukb
Journal of Stored Products Research,NA,0022-474X,2026-05-21,NA,eme2025ukb
Journal of Strategy & Innovation,NA,3050-7901,2026-05-21,NA,eme2025ukb
Journal of Stroke & Cerebrovascular Diseases,NA,1052-3057,2026-05-21,NA,eme2025ukb
Journal of Structural Biology,NA,1047-8477,2026-05-21,NA,eme2025ukb
Journal of Structural Biology: X,NA,2590-1524,2026-05-21,NA,eme2025ukb
Journal of Structural Geology,NA,0191-8141,2026-05-21,NA,eme2025ukb
Journal of Subatomic Particles and Cosmology,NA,3050-4805,2026-05-21,NA,eme2025ukb
Journal of Substance Use and Addiction Treatment,NA,2949-8759,2026-05-21,NA,eme2025ukb
Journal of Surgical Education,NA,1931-7204,2026-05-21,NA,eme2025ukb
Journal of Surgical Research,NA,0022-4804,2026-05-21,NA,eme2025ukb
Journal of Sustainable Finance and Accounting,NA,2950-3701,2026-05-21,NA,eme2025ukb
Journal of Symbolic Computation,NA,0747-7171,2026-05-21,NA,eme2025ukb
Journal of Systems and Software,NA,0164-1212,2026-05-21,NA,eme2025ukb
Journal of Systems Architecture,NA,1383-7621,2026-05-21,NA,eme2025ukb
Journal of the Academy of Consultation-Liaison Psychiatry,NA,2667-2960,2026-05-21,NA,eme2025ukb
Journal of the Academy of Nutrition and Dietetics,NA,2212-2672,2026-05-21,NA,eme2025ukb
Journal of the Air Transport Research Society,NA,2941-198X,2026-05-21,NA,eme2025ukb
Journal of the American Academy of Child & Adolescent Psychiatry,NA,0890-8567,2026-05-21,NA,eme2025ukb
Journal of the American Academy of Dermatology,NA,0190-9622,2026-05-21,NA,eme2025ukb
Journal of the American College of Radiology,NA,1546-1440,2026-05-21,NA,eme2025ukb
Journal of the American Medical Directors Association,NA,1525-8610,2026-05-21,NA,eme2025ukb
Journal of the American Pharmacists Association,NA,1544-3191,2026-05-21,NA,eme2025ukb
Journal of the American Society of Cytopathology,NA,2213-2945,2026-05-21,NA,eme2025ukb
Journal of the American Society of Echocardiography,NA,0894-7317,2026-05-21,NA,eme2025ukb
Journal of the Energy Institute,NA,1743-9671,2026-05-21,NA,eme2025ukb
Journal of the European Ceramic Society,NA,0955-2219,2026-05-21,NA,eme2025ukb
Journal of the European Meteorological Society,NA,2950-6301,2026-05-21,NA,eme2025ukb
Journal of the Franklin Institute,NA,0016-0032,2026-05-21,NA,eme2025ukb
Journal of the Indian Chemical Society,NA,0019-4522,2026-05-21,NA,eme2025ukb
Journal of the Japanese and International Economies,NA,0889-1583,2026-05-21,NA,eme2025ukb
Journal of the Mechanical Behavior of Biomedical Materials,NA,1751-6161,2026-05-21,NA,eme2025ukb
Journal of the Mechanics and Physics of Solids,NA,0022-5096,2026-05-21,NA,eme2025ukb
Journal of the National Cancer Center,NA,2667-0054,2026-05-21,NA,eme2025ukb
Journal of the National Medical Association,NA,0027-9684,2026-05-21,NA,eme2025ukb
Journal of the Neurological Sciences,NA,0022-510X,2026-05-21,NA,eme2025ukb
Journal of the Pediatric Orthopaedic Society of North America,NA,2768-2765,2026-05-21,NA,eme2025ukb
Journal of the Society for Cardiovascular Angiography & Interventions,NA,2772-9303,2026-05-21,NA,eme2025ukb
Journal of the Taiwan Institute of Chemical Engineers,NA,1876-1070,2026-05-21,NA,eme2025ukb
Journal of the World Federation of Orthodontists,NA,2212-4438,2026-05-21,NA,eme2025ukb
Journal of Theoretical Biology,NA,0022-5193,2026-05-21,NA,eme2025ukb
Journal of Thermal Biology,NA,0306-4565,2026-05-21,NA,eme2025ukb
Journal of Thoracic Oncology,NA,1556-0864,2026-05-21,NA,eme2025ukb
Journal of Thrombosis and Haemostasis,NA,1538-7836,2026-05-21,NA,eme2025ukb
Journal of Tissue Viability,NA,0965-206X,2026-05-21,NA,eme2025ukb
Journal of Trace Elements and Minerals,NA,2773-0506,2026-05-21,NA,eme2025ukb
Journal of Trace Elements in Medicine and Biology,NA,0946-672X,2026-05-21,NA,eme2025ukb
Journal of Translational Autoimmunity,NA,2589-9090,2026-05-21,NA,eme2025ukb
Journal of Transport & Health,NA,2214-1405,2026-05-21,NA,eme2025ukb
Journal of Transport Geography,NA,0966-6923,2026-05-21,NA,eme2025ukb
Journal of Urban Economics,NA,0094-1190,2026-05-21,NA,eme2025ukb
Journal of Urban Management,NA,2226-5856,2026-05-21,NA,eme2025ukb
Journal of Urban Mobility,NA,2667-0917,2026-05-21,NA,eme2025ukb
Journal of Vascular and Interventional Radiology,NA,1051-0443,2026-05-21,NA,eme2025ukb
Journal of Vascular Nursing,NA,1062-0303,2026-05-21,NA,eme2025ukb
Journal of Vascular Surgery,NA,0741-5214,2026-05-21,NA,eme2025ukb
"Journal of Vascular Surgery Cases, Innovations and Techniques",NA,2468-4287,2026-05-21,NA,eme2025ukb
Journal of Vascular Surgery: Venous and Lymphatic Disorders,NA,2213-333X,2026-05-21,NA,eme2025ukb
Journal of Veterinary Behavior,NA,1558-7878,2026-05-21,NA,eme2025ukb
Journal of Veterinary Cardiology,NA,1760-2734,2026-05-21,NA,eme2025ukb
Journal of Virological Methods,NA,0166-0934,2026-05-21,NA,eme2025ukb
Journal of Virus Eradication,NA,2055-6640,2026-05-21,NA,eme2025ukb
Journal of Visceral Surgery,NA,1878-7886,2026-05-21,NA,eme2025ukb
Journal of Visual Communication and Image Representation,NA,1047-3203,2026-05-21,NA,eme2025ukb
Journal of Vocational Behavior,NA,0001-8791,2026-05-21,NA,eme2025ukb
Journal of Voice,NA,0892-1997,2026-05-21,NA,eme2025ukb
Journal of Volcanology and Geothermal Research,NA,0377-0273,2026-05-21,NA,eme2025ukb
Journal of Water Process Engineering,NA,2214-7144,2026-05-21,NA,eme2025ukb
Journal of Web Semantics,NA,1570-8268,2026-05-21,NA,eme2025ukb
Journal of Wind Engineering and Industrial Aerodynamics,NA,0167-6105,2026-05-21,NA,eme2025ukb
Journal of World Business,NA,1090-9516,2026-05-21,NA,eme2025ukb
JPRAS Open,NA,2352-5878,2026-05-21,NA,eme2025ukb
JSAMS Plus,NA,2772-6967,2026-05-21,NA,eme2025ukb
JSES International,NA,2666-6383,2026-05-21,NA,eme2025ukb
"JSES Reviews, Reports, and Techniques",NA,2666-6391,2026-05-21,NA,eme2025ukb
JTCVS Open,NA,2666-2736,2026-05-21,NA,eme2025ukb
JTCVS Structural and Endovascular,NA,2950-6050,2026-05-21,NA,eme2025ukb
JTCVS Techniques,NA,2666-2507,2026-05-21,NA,eme2025ukb
JTO Clinical and Research Reports,NA,2666-3643,2026-05-21,NA,eme2025ukb
JVS-Vascular Insights,NA,2949-9127,2026-05-21,NA,eme2025ukb
JVS-Vascular Science,NA,2666-3503,2026-05-21,NA,eme2025ukb
Kidney International,NA,0085-2538,2026-05-21,NA,eme2025ukb
Kidney International Case Reports,NA,3117-471X,2026-05-21,NA,eme2025ukb
Kidney International Reports,NA,2468-0249,2026-05-21,NA,eme2025ukb
Kidney Medicine,NA,2590-0595,2026-05-21,NA,eme2025ukb
"Kinésithérapie, la Revue",NA,1779-0123,2026-05-21,NA,eme2025ukb
Knowledge-Based Systems,NA,0950-7051,2026-05-21,NA,eme2025ukb
KSCE Journal of Civil Engineering,NA,1226-7988,2026-05-21,NA,eme2025ukb
La Presse Médicale,NA,0755-4982,2026-05-21,NA,eme2025ukb
La Presse Médicale Formation,NA,2666-4798,2026-05-21,NA,eme2025ukb
La Revue de Médecine Interne,NA,0248-8663,2026-05-21,NA,eme2025ukb
Laboratory Investigation,NA,0023-6837,2026-05-21,NA,eme2025ukb
Labour Economics,NA,0927-5371,2026-05-21,NA,eme2025ukb
Land Use Policy,NA,0264-8377,2026-05-21,NA,eme2025ukb
Landscape and Urban Planning,NA,0169-2046,2026-05-21,NA,eme2025ukb
Language & Communication,NA,0271-5309,2026-05-21,NA,eme2025ukb
Language Sciences,NA,0388-0001,2026-05-21,NA,eme2025ukb
L'Anthropologie,NA,0003-5521,2026-05-21,NA,eme2025ukb
Latin American Transport Studies,NA,2950-0249,2026-05-21,NA,eme2025ukb
Le Pharmacien Clinicien,NA,2772-9532,2026-05-21,NA,eme2025ukb
Le Praticien en Anesthésie Réanimation,NA,1279-7960,2026-05-21,NA,eme2025ukb
Learning and Individual Differences,NA,1041-6080,2026-05-21,NA,eme2025ukb
Learning and Instruction,NA,0959-4752,2026-05-21,NA,eme2025ukb
Learning and Motivation,NA,0023-9690,2026-05-21,NA,eme2025ukb
Learning in Context,NA,3050-578X,2026-05-21,NA,eme2025ukb
"Learning, Culture and Social Interaction",NA,2210-6561,2026-05-21,NA,eme2025ukb
Legal Medicine,NA,1344-6223,2026-05-21,NA,eme2025ukb
L'Encéphale,NA,0013-7006,2026-05-21,NA,eme2025ukb
Leukemia Research,NA,0145-2126,2026-05-21,NA,eme2025ukb
Leukemia Research Reports,NA,2213-0489,2026-05-21,NA,eme2025ukb
L'Évolution Psychiatrique,NA,0014-3855,2026-05-21,NA,eme2025ukb
Library & Information Science Research,NA,0740-8188,2026-05-21,NA,eme2025ukb
Life Sciences,NA,0024-3205,2026-05-21,NA,eme2025ukb
Life Sciences in Space Research,NA,2214-5524,2026-05-21,NA,eme2025ukb
Limnologica,NA,0075-9511,2026-05-21,NA,eme2025ukb
Linear Algebra and its Applications,NA,0024-3795,2026-05-21,NA,eme2025ukb
Lingua,NA,0024-3841,2026-05-21,NA,eme2025ukb
Linguistics and Education,NA,0898-5898,2026-05-21,NA,eme2025ukb
Lithos,NA,0024-4937,2026-05-21,NA,eme2025ukb
Livestock Science,NA,1871-1413,2026-05-21,NA,eme2025ukb
Long Range Planning,NA,0024-6301,2026-05-21,NA,eme2025ukb
Lung Cancer,NA,0169-5002,2026-05-21,NA,eme2025ukb
LWT,NA,0023-6438,2026-05-21,NA,eme2025ukb
Machine Learning with Applications,NA,2666-8270,2026-05-21,NA,eme2025ukb
Magnetic Resonance Imaging,NA,0730-725X,2026-05-21,NA,eme2025ukb
Management Accounting Research,NA,1044-5005,2026-05-21,NA,eme2025ukb
Manufacturing Letters,NA,2213-8463,2026-05-21,NA,eme2025ukb
Marine Chemistry,NA,0304-4203,2026-05-21,NA,eme2025ukb
Marine Environmental Research,NA,0141-1136,2026-05-21,NA,eme2025ukb
Marine Genomics,NA,1874-7787,2026-05-21,NA,eme2025ukb
Marine Geology,NA,0025-3227,2026-05-21,NA,eme2025ukb
Marine Geoscience and Energy Resources,NA,3117-5775,2026-05-21,NA,eme2025ukb
Marine Micropaleontology,NA,0377-8398,2026-05-21,NA,eme2025ukb
Marine Policy,NA,0308-597X,2026-05-21,NA,eme2025ukb
Marine Pollution Bulletin,NA,0025-326X,2026-05-21,NA,eme2025ukb
Marine Structures,NA,0951-8339,2026-05-21,NA,eme2025ukb
Maritime Transport Research,NA,2666-822X,2026-05-21,NA,eme2025ukb
Marketing Strategy Journal,NA,2950-3086,2026-05-21,NA,eme2025ukb
Mass Gathering Medicine,NA,3050-4562,2026-05-21,NA,eme2025ukb
Materialia,NA,2589-1529,2026-05-21,NA,eme2025ukb
Materials & Design,NA,0264-1275,2026-05-21,NA,eme2025ukb
Materials Characterization,NA,1044-5803,2026-05-21,NA,eme2025ukb
Materials Chemistry and Physics,NA,0254-0584,2026-05-21,NA,eme2025ukb
Materials Chemistry and Physics: Sustainability and Energy,NA,3050-4716,2026-05-21,NA,eme2025ukb
Materials Letters,NA,0167-577X,2026-05-21,NA,eme2025ukb
Materials Letters: X,NA,2590-1508,2026-05-21,NA,eme2025ukb
Materials Research Bulletin,NA,0025-5408,2026-05-21,NA,eme2025ukb
Materials Science and Engineering: A,NA,0921-5093,2026-05-21,NA,eme2025ukb
Materials Science and Engineering: B,NA,0921-5107,2026-05-21,NA,eme2025ukb
Materials Science and Engineering: R: Reports,NA,0927-796X,2026-05-21,NA,eme2025ukb
Materials Science in Semiconductor Processing,NA,1369-8001,2026-05-21,NA,eme2025ukb
Materials Today,NA,1369-7021,2026-05-21,NA,eme2025ukb
Materials Today Advances,NA,2590-0498,2026-05-21,NA,eme2025ukb
Materials Today Bio,NA,2590-0064,2026-05-21,NA,eme2025ukb
Materials Today Catalysis,NA,2949-754X,2026-05-21,NA,eme2025ukb
Materials Today Chemistry,NA,2468-5194,2026-05-21,NA,eme2025ukb
Materials Today Communications,NA,2352-4928,2026-05-21,NA,eme2025ukb
Materials Today Electronics,NA,2772-9494,2026-05-21,NA,eme2025ukb
Materials Today Energy,NA,2468-6069,2026-05-21,NA,eme2025ukb
Materials Today Nano,NA,2588-8420,2026-05-21,NA,eme2025ukb
Materials Today Physics,NA,2542-5293,2026-05-21,NA,eme2025ukb
Materials Today Quantum,NA,2950-2578,2026-05-21,NA,eme2025ukb
Materials Today Sustainability,NA,2589-2347,2026-05-21,NA,eme2025ukb
Mathematical Biosciences,NA,0025-5564,2026-05-21,NA,eme2025ukb
Mathematical Social Sciences,NA,0165-4896,2026-05-21,NA,eme2025ukb
Mathematics and Computers in Simulation,NA,0378-4754,2026-05-21,NA,eme2025ukb
Matrix Biology,NA,0945-053X,2026-05-21,NA,eme2025ukb
Matrix Biology Plus,NA,2590-0285,2026-05-21,NA,eme2025ukb
Maturitas,NA,0378-5122,2026-05-21,NA,eme2025ukb
Mayo Clinic Proceedings,NA,0025-6196,2026-05-21,NA,eme2025ukb
Mayo Clinic Proceedings: Digital Health,NA,2949-7612,2026-05-21,NA,eme2025ukb
"Mayo Clinic Proceedings: Innovations, Quality & Outcomes",NA,2542-4548,2026-05-21,NA,eme2025ukb
Measurement,NA,0263-2241,2026-05-21,NA,eme2025ukb
Measurement and Evaluations in Cancer Care,NA,2949-8775,2026-05-21,NA,eme2025ukb
Measurement: Digitalization,NA,3050-6441,2026-05-21,NA,eme2025ukb
Measurement: Energy,NA,2950-3450,2026-05-21,NA,eme2025ukb
Measurement: Food,NA,2772-2759,2026-05-21,NA,eme2025ukb
Measurement: Sensors,NA,2665-9174,2026-05-21,NA,eme2025ukb
Meat Science,NA,0309-1740,2026-05-21,NA,eme2025ukb
Mechanical Systems and Signal Processing,NA,0888-3270,2026-05-21,NA,eme2025ukb
Mechanics of Materials,NA,0167-6636,2026-05-21,NA,eme2025ukb
Mechanics Research Communications,NA,0093-6413,2026-05-21,NA,eme2025ukb
Mechanism and Machine Theory,NA,0094-114X,2026-05-21,NA,eme2025ukb
Mechanisms of Ageing and Development,NA,0047-6374,2026-05-21,NA,eme2025ukb
Mechanobiology in Medicine,NA,2949-9070,2026-05-21,NA,eme2025ukb
Mechatronics,NA,0957-4158,2026-05-21,NA,eme2025ukb
Médecine & Droit,NA,1246-7391,2026-05-21,NA,eme2025ukb
Médecine de Catastrophe - Urgences Collectives,NA,1279-8479,2026-05-21,NA,eme2025ukb
Médecine des Maladies Métaboliques,NA,1957-2557,2026-05-21,NA,eme2025ukb
Médecine du Sommeil,NA,1769-4493,2026-05-21,NA,eme2025ukb
Médecine Nucléaire,NA,0928-1258,2026-05-21,NA,eme2025ukb
Médecine Palliative,NA,1636-6522,2026-05-21,NA,eme2025ukb
Medical Dosimetry,NA,0958-3947,2026-05-21,NA,eme2025ukb
Medical Hypotheses,NA,0306-9877,2026-05-21,NA,eme2025ukb
Medical Image Analysis,NA,1361-8415,2026-05-21,NA,eme2025ukb
Medical Mycology Case Reports,NA,2211-7539,2026-05-21,NA,eme2025ukb
Medical Reports,NA,2949-9186,2026-05-21,NA,eme2025ukb
Medicina Clínica,NA,0025-7753,2026-05-21,NA,eme2025ukb
Medicina Clínica (English Edition),NA,2387-0206,2026-05-21,NA,eme2025ukb
Medicina Clínica Práctica,NA,2603-9249,2026-05-21,NA,eme2025ukb
Medicina de Familia. SEMERGEN,NA,1138-3593,2026-05-21,NA,eme2025ukb
Medicina Intensiva,NA,0210-5691,2026-05-21,NA,eme2025ukb
Medicina Intensiva (English Edition),NA,2173-5727,2026-05-21,NA,eme2025ukb
Medicine in Drug Discovery,NA,2590-0986,2026-05-21,NA,eme2025ukb
Medicine in Microecology,NA,2590-0978,2026-05-21,NA,eme2025ukb
Medicine in Novel Technology and Devices,NA,2590-0935,2026-05-21,NA,eme2025ukb
Medicine in Omics,NA,2590-1249,2026-05-21,NA,eme2025ukb
"Memories - Materials, Devices, Circuits and Systems",NA,2773-0646,2026-05-21,NA,eme2025ukb
Mental Health & Prevention,NA,2212-6570,2026-05-21,NA,eme2025ukb
Mental Health and Physical Activity,NA,1755-2966,2026-05-21,NA,eme2025ukb
Metabolic Engineering,NA,1096-7176,2026-05-21,NA,eme2025ukb
Metabolic Engineering Communications,NA,2214-0301,2026-05-21,NA,eme2025ukb
Metabolism,NA,0026-0495,2026-05-21,NA,eme2025ukb
Metabolism Open,NA,2589-9368,2026-05-21,NA,eme2025ukb
Methods,NA,1046-2023,2026-05-21,NA,eme2025ukb
Methods in Psychology,NA,2590-2601,2026-05-21,NA,eme2025ukb
MethodsX,NA,2215-0161,2026-05-21,NA,eme2025ukb
Micro and Nano Engineering,NA,2590-0072,2026-05-21,NA,eme2025ukb
Micro and Nanostructures,NA,2773-0123,2026-05-21,NA,eme2025ukb
Microbial Pathogenesis,NA,0882-4010,2026-05-21,NA,eme2025ukb
Microbial Risk Analysis,NA,2352-3522,2026-05-21,NA,eme2025ukb
Microbiological Research,NA,0944-5013,2026-05-21,NA,eme2025ukb
Microchemical Journal,NA,0026-265X,2026-05-21,NA,eme2025ukb
Microelectronic Engineering,NA,0167-9317,2026-05-21,NA,eme2025ukb
Microelectronics Journal,NA,1879-2391,2026-05-21,NA,eme2025ukb
Microelectronics Reliability,NA,0026-2714,2026-05-21,NA,eme2025ukb
Micron,NA,0968-4328,2026-05-21,NA,eme2025ukb
Microporous and Mesoporous Materials,NA,1387-1811,2026-05-21,NA,eme2025ukb
Microprocessors and Microsystems,NA,0141-9331,2026-05-21,NA,eme2025ukb
Microvascular Research,NA,0026-2862,2026-05-21,NA,eme2025ukb
Midwifery,NA,0266-6138,2026-05-21,NA,eme2025ukb
Minerals Engineering,NA,0892-6875,2026-05-21,NA,eme2025ukb
Mitochondrion,NA,1567-7249,2026-05-21,NA,eme2025ukb
Modern Pathology,NA,0893-3952,2026-05-21,NA,eme2025ukb
Molecular and Biochemical Parasitology,NA,0166-6851,2026-05-21,NA,eme2025ukb
Molecular and Cellular Endocrinology,NA,0303-7207,2026-05-21,NA,eme2025ukb
Molecular and Cellular Neuroscience,NA,1044-7431,2026-05-21,NA,eme2025ukb
Molecular and Cellular Probes,NA,0890-8508,2026-05-21,NA,eme2025ukb
Molecular Aspects of Medicine,NA,0098-2997,2026-05-21,NA,eme2025ukb
Molecular Catalysis,NA,2468-8231,2026-05-21,NA,eme2025ukb
Molecular Genetics and Metabolism,NA,1096-7192,2026-05-21,NA,eme2025ukb
Molecular Genetics and Metabolism Reports,NA,2214-4269,2026-05-21,NA,eme2025ukb
Molecular Immunology,NA,0161-5890,2026-05-21,NA,eme2025ukb
Molecular Metabolism,NA,2212-8778,2026-05-21,NA,eme2025ukb
Molecular Pharmacology,NA,0026-895X,2026-05-21,NA,eme2025ukb
Molecular Phylogenetics and Evolution,NA,1055-7903,2026-05-21,NA,eme2025ukb
Molecular Therapy Advances,NA,3117-387X,2026-05-21,NA,eme2025ukb
Molecular Therapy: Nucleic Acids,NA,2162-2531,2026-05-21,NA,eme2025ukb
Molecular Therapy: Oncology,NA,2950-3299,2026-05-21,NA,eme2025ukb
Molecules and Cells,NA,1016-8478,2026-05-21,NA,eme2025ukb
Morphologie,NA,1286-0115,2026-05-21,NA,eme2025ukb
Motricité Cérébrale,NA,0245-5919,2026-05-21,NA,eme2025ukb
Mucosal Immunology,NA,1933-0219,2026-05-21,NA,eme2025ukb
Multimodal Transportation,NA,2772-5863,2026-05-21,NA,eme2025ukb
Multiple Sclerosis and Related Disorders,NA,2211-0348,2026-05-21,NA,eme2025ukb
Musculoskeletal Science and Practice,NA,2468-7812,2026-05-21,NA,eme2025ukb
Mutation Research: Fundamental and Molecular Mechanisms of Mutagenesis,NA,1386-1964,2026-05-21,NA,eme2025ukb
Mutation Research: Genetic Toxicology and Environmental Mutagenesis,NA,1383-5718,2026-05-21,NA,eme2025ukb
Mutation Research: Reviews in Mutation Research,NA,1383-5742,2026-05-21,NA,eme2025ukb
NAM Journal,NA,3050-6204,2026-05-21,NA,eme2025ukb
Nano Communication Networks,NA,1878-7789,2026-05-21,NA,eme2025ukb
Nano Energy,NA,2211-2855,2026-05-21,NA,eme2025ukb
Nano Today,NA,1748-0132,2026-05-21,NA,eme2025ukb
Nano Trends,NA,2666-9781,2026-05-21,NA,eme2025ukb
NanoImpact,NA,2452-0748,2026-05-21,NA,eme2025ukb
"Nanomedicine: Nanotechnology, Biology and Medicine",NA,1549-9634,2026-05-21,NA,eme2025ukb
Nano-Structures & Nano-Objects,NA,2352-507X,2026-05-21,NA,eme2025ukb
Natural Language Processing Journal,NA,2949-7191,2026-05-21,NA,eme2025ukb
Nature-Based Solutions,NA,2772-4115,2026-05-21,NA,eme2025ukb
NDT & E International,NA,0963-8695,2026-05-21,NA,eme2025ukb
Neoplasia,NA,1476-5586,2026-05-21,NA,eme2025ukb
Neural Networks,NA,0893-6080,2026-05-21,NA,eme2025ukb
Neurobiology of Aging,NA,0197-4580,2026-05-21,NA,eme2025ukb
Neurobiology of Disease,NA,0969-9961,2026-05-21,NA,eme2025ukb
Neurobiology of Learning and Memory,NA,1074-7427,2026-05-21,NA,eme2025ukb
Neurobiology of Pain,NA,2452-073X,2026-05-21,NA,eme2025ukb
Neurobiology of Sleep and Circadian Rhythms,NA,2451-9944,2026-05-21,NA,eme2025ukb
Neurobiology of Stress,NA,2352-2895,2026-05-21,NA,eme2025ukb
Neurochemistry International,NA,0197-0186,2026-05-21,NA,eme2025ukb
Neurochirurgie,NA,0028-3770,2026-05-21,NA,eme2025ukb
Neurocirugía,NA,1130-1473,2026-05-21,NA,eme2025ukb
Neurocirugía (English Edition),NA,2529-8496,2026-05-21,NA,eme2025ukb
Neurocomputing,NA,0925-2312,2026-05-21,NA,eme2025ukb
NeuroImage,NA,1053-8119,2026-05-21,NA,eme2025ukb
NeuroImage Stroke,NA,3117-5740,2026-05-21,NA,eme2025ukb
NeuroImage: Clinical,NA,2213-1582,2026-05-21,NA,eme2025ukb
NeuroImage: Reports,NA,2666-9560,2026-05-21,NA,eme2025ukb
Neuroimmunology Reports,NA,2667-257X,2026-05-21,NA,eme2025ukb
Neuromodulation: Technology at the Neural Interface,NA,1094-7159,2026-05-21,NA,eme2025ukb
Neuromuscular Disorders,NA,0960-8966,2026-05-21,NA,eme2025ukb
Neuropeptides,NA,0143-4179,2026-05-21,NA,eme2025ukb
Neuropharmacology,NA,0028-3908,2026-05-21,NA,eme2025ukb
Neurophysiologie Clinique,NA,0987-7053,2026-05-21,NA,eme2025ukb
Neuropsychiatrie de l'Enfance et de l'Adolescence,NA,0222-9617,2026-05-21,NA,eme2025ukb
Neuropsychologia,NA,0028-3932,2026-05-21,NA,eme2025ukb
Neuroscience,NA,0306-4522,2026-05-21,NA,eme2025ukb
Neuroscience & Biobehavioral Reviews,NA,0149-7634,2026-05-21,NA,eme2025ukb
Neuroscience Applied,NA,2772-4085,2026-05-21,NA,eme2025ukb
Neuroscience Informatics,NA,2772-5286,2026-05-21,NA,eme2025ukb
Neuroscience Letters,NA,0304-3940,2026-05-21,NA,eme2025ukb
Neuroscience Research,NA,0168-0102,2026-05-21,NA,eme2025ukb
Neurotherapeutics,NA,1878-7479,2026-05-21,NA,eme2025ukb
NeuroToxicology,NA,0161-813X,2026-05-21,NA,eme2025ukb
Neurotoxicology and Teratology,NA,0892-0362,2026-05-21,NA,eme2025ukb
New Astronomy,NA,1384-1076,2026-05-21,NA,eme2025ukb
New Astronomy Reviews,NA,1387-6473,2026-05-21,NA,eme2025ukb
New Biotechnology,NA,1871-6784,2026-05-21,NA,eme2025ukb
New Ideas in Psychology,NA,0732-118X,2026-05-21,NA,eme2025ukb
New Microbes and New Infections,NA,2052-2975,2026-05-21,NA,eme2025ukb
Next Bioengineering,NA,3050-7235,2026-05-21,NA,eme2025ukb
Next Chemical Engineering,NA,3050-7243,2026-05-21,NA,eme2025ukb
Next Energy,NA,2949-821X,2026-05-21,NA,eme2025ukb
Next Materials,NA,2949-8228,2026-05-21,NA,eme2025ukb
Next Nanotechnology,NA,2949-8295,2026-05-21,NA,eme2025ukb
Next Research,NA,3050-4759,2026-05-21,NA,eme2025ukb
Next Sustainability,NA,2949-8236,2026-05-21,NA,eme2025ukb
Nexus,NA,2950-1601,2026-05-21,NA,eme2025ukb
NFS Journal,NA,2352-3646,2026-05-21,NA,eme2025ukb
Nitric Oxide,NA,1089-8603,2026-05-21,NA,eme2025ukb
Nonlinear Analysis,NA,0362-546X,2026-05-21,NA,eme2025ukb
Nonlinear Analysis: Hybrid Systems,NA,1751-570X,2026-05-21,NA,eme2025ukb
Nonlinear Analysis: Real World Applications,NA,1468-1218,2026-05-21,NA,eme2025ukb
Nonlinear Science,NA,3050-5178,2026-05-21,NA,eme2025ukb
North American Spine Society Journal (NASSJ),NA,2666-5484,2026-05-21,NA,eme2025ukb
NPG Neurologie - Psychiatrie - Gériatrie,NA,1627-4830,2026-05-21,NA,eme2025ukb
Nuclear Data Sheets,NA,0090-3752,2026-05-21,NA,eme2025ukb
Nuclear Engineering and Design,NA,0029-5493,2026-05-21,NA,eme2025ukb
"Nuclear Instruments and Methods in Physics Research Section A: Accelerators, Spectrometers, Detectors and Associated Equipment",NA,0168-9002,2026-05-21,NA,eme2025ukb
Nuclear Instruments and Methods in Physics Research Section B: Beam Interactions with Materials and Atoms,NA,0168-583X,2026-05-21,NA,eme2025ukb
Nuclear Materials and Energy,NA,2352-1791,2026-05-21,NA,eme2025ukb
Nuclear Medicine and Biology,NA,0969-8051,2026-05-21,NA,eme2025ukb
Nuclear Physics A,NA,0375-9474,2026-05-21,NA,eme2025ukb
Nurse Education in Practice,NA,1471-5953,2026-05-21,NA,eme2025ukb
Nurse Education Today,NA,0260-6917,2026-05-21,NA,eme2025ukb
Nurse Leader,NA,1541-4612,2026-05-21,NA,eme2025ukb
Nursing for Women's Health,NA,1751-4851,2026-05-21,NA,eme2025ukb
Nursing Outlook,NA,0029-6554,2026-05-21,NA,eme2025ukb
Nutrition,NA,0899-9007,2026-05-21,NA,eme2025ukb
Nutrition Clinique et Métabolisme,NA,0985-0562,2026-05-21,NA,eme2025ukb
Nutrition Research,NA,0271-5317,2026-05-21,NA,eme2025ukb
"Nutrition, Metabolism & Cardiovascular Diseases",NA,0939-4753,2026-05-21,NA,eme2025ukb
Nutritional Psychiatry,NA,3051-1569,2026-05-21,NA,eme2025ukb
Obesity Medicine,NA,2451-8476,2026-05-21,NA,eme2025ukb
Obesity Pillars,NA,2667-3681,2026-05-21,NA,eme2025ukb
Obesity Research & Clinical Practice,NA,1871-403X,2026-05-21,NA,eme2025ukb
Ocean & Coastal Management,NA,0964-5691,2026-05-21,NA,eme2025ukb
Ocean Engineering,NA,0029-8018,2026-05-21,NA,eme2025ukb
Ocean Modelling,NA,1463-5003,2026-05-21,NA,eme2025ukb
Omega,NA,0305-0483,2026-05-21,NA,eme2025ukb
One Health,NA,2352-7714,2026-05-21,NA,eme2025ukb
Online Social Networks and Media,NA,2468-6964,2026-05-21,NA,eme2025ukb
Open Ceramics,NA,2666-5395,2026-05-21,NA,eme2025ukb
Open Nuclear Energy,NA,3051-2808,2026-05-21,NA,eme2025ukb
Open Respiratory Archives,NA,2659-6636,2026-05-21,NA,eme2025ukb
OpenNano,NA,2352-9520,2026-05-21,NA,eme2025ukb
Operations Research Letters,NA,0167-6377,2026-05-21,NA,eme2025ukb
Operations Research Perspectives,NA,2214-7160,2026-05-21,NA,eme2025ukb
"Operations Research, Data Analytics and Logistics",NA,3050-7847,2026-05-21,NA,eme2025ukb
Operative Techniques in Orthopaedics,NA,1048-6666,2026-05-21,NA,eme2025ukb
Operative Techniques in Otolaryngology - Head and Neck Surgery,NA,1043-1810,2026-05-21,NA,eme2025ukb
Operative Techniques in Sports Medicine,NA,1060-1872,2026-05-21,NA,eme2025ukb
Operative Techniques in Thoracic and Cardiovascular Surgery,NA,1522-2942,2026-05-21,NA,eme2025ukb
Ophthalmology,NA,0161-6420,2026-05-21,NA,eme2025ukb
Ophthalmology Glaucoma,NA,2589-4196,2026-05-21,NA,eme2025ukb
Ophthalmology Retina,NA,2468-6530,2026-05-21,NA,eme2025ukb
Ophthalmology Science,NA,2666-9145,2026-05-21,NA,eme2025ukb
Optical Fiber Technology,NA,1068-5200,2026-05-21,NA,eme2025ukb
Optical Materials,NA,0925-3467,2026-05-21,NA,eme2025ukb
Optical Materials: X,NA,2590-1478,2026-05-21,NA,eme2025ukb
Optical Switching and Networking,NA,1573-4277,2026-05-21,NA,eme2025ukb
Optics & Laser Technology,NA,0030-3992,2026-05-21,NA,eme2025ukb
Optics and Lasers in Engineering,NA,0143-8166,2026-05-21,NA,eme2025ukb
Optics Communications,NA,0030-4018,2026-05-21,NA,eme2025ukb
Optik,NA,0030-4026,2026-05-21,NA,eme2025ukb
Oral and Maxillofacial Surgery Cases,NA,2214-5419,2026-05-21,NA,eme2025ukb
Oral Oncology,NA,1368-8375,2026-05-21,NA,eme2025ukb
Oral Oncology Reports,NA,2772-9060,2026-05-21,NA,eme2025ukb
"Oral Surgery, Oral Medicine, Oral Pathology and Oral Radiology",NA,2212-4403,2026-05-21,NA,eme2025ukb
Ore and Energy Resource Geology,NA,2666-2612,2026-05-21,NA,eme2025ukb
Ore Geology Reviews,NA,0169-1368,2026-05-21,NA,eme2025ukb
Organic Electronics,NA,1566-1199,2026-05-21,NA,eme2025ukb
Organic Geochemistry,NA,0146-6380,2026-05-21,NA,eme2025ukb
Organizational Behavior and Human Decision Processes,NA,0749-5978,2026-05-21,NA,eme2025ukb
Organizational Dynamics,NA,0090-2616,2026-05-21,NA,eme2025ukb
Orthopaedics & Traumatology: Surgery & Research,NA,1877-0568,2026-05-21,NA,eme2025ukb
Osteoarthritis and Cartilage,NA,1063-4584,2026-05-21,NA,eme2025ukb
Osteoarthritis and Cartilage Open,NA,2665-9131,2026-05-21,NA,eme2025ukb
Osteoarthritis Imaging,NA,2772-6541,2026-05-21,NA,eme2025ukb
Osteopathische Medizin,NA,1615-9071,2026-05-21,NA,eme2025ukb
Otolaryngology Case Reports,NA,2468-5488,2026-05-21,NA,eme2025ukb
Pacific-Basin Finance Journal,NA,0927-538X,2026-05-21,NA,eme2025ukb
Paediatric Respiratory Reviews,NA,1526-0542,2026-05-21,NA,eme2025ukb
Pain Management Nursing,NA,1524-9042,2026-05-21,NA,eme2025ukb
"Palaeogeography, Palaeoclimatology, Palaeoecology",NA,0031-0182,2026-05-21,NA,eme2025ukb
Palaeoworld,NA,1871-174X,2026-05-21,NA,eme2025ukb
Pancreatology,NA,1424-3903,2026-05-21,NA,eme2025ukb
Papers in Regional Science,NA,1056-8190,2026-05-21,NA,eme2025ukb
Parallel Computing,NA,0167-8191,2026-05-21,NA,eme2025ukb
Parasite Epidemiology and Control,NA,2405-6731,2026-05-21,NA,eme2025ukb
Parasitology International,NA,1383-5769,2026-05-21,NA,eme2025ukb
Parkinsonism & Related Disorders,NA,1353-8020,2026-05-21,NA,eme2025ukb
Partial Differential Equations in Applied Mathematics,NA,2666-8181,2026-05-21,NA,eme2025ukb
Particuology,NA,1674-2001,2026-05-21,NA,eme2025ukb
Pathology,NA,0031-3025,2026-05-21,NA,eme2025ukb
Pathology - Research and Practice,NA,0344-0338,2026-05-21,NA,eme2025ukb
Patient Education and Counseling,NA,0738-3991,2026-05-21,NA,eme2025ukb
Pattern Recognition,NA,0031-3203,2026-05-21,NA,eme2025ukb
Pattern Recognition Letters,NA,0167-8655,2026-05-21,NA,eme2025ukb
Patterns,NA,2666-3899,2026-05-21,NA,eme2025ukb
Peace and Sustainability,NA,2950-6425,2026-05-21,NA,eme2025ukb
PEC Global,NA,3117-468X,2026-05-21,NA,eme2025ukb
PEC Innovation,NA,2772-6282,2026-05-21,NA,eme2025ukb
Pediatric Dental Journal,NA,0917-2394,2026-05-21,NA,eme2025ukb
Pediatric Neurology,NA,0887-8994,2026-05-21,NA,eme2025ukb
Pedobiologia,NA,0031-4056,2026-05-21,NA,eme2025ukb
Peptides,NA,0196-9781,2026-05-21,NA,eme2025ukb
Perfectionnement en Pédiatrie,NA,2588-932X,2026-05-21,NA,eme2025ukb
Performance Enhancement & Health,NA,2211-2669,2026-05-21,NA,eme2025ukb
Performance Evaluation,NA,0166-5316,2026-05-21,NA,eme2025ukb
Periodontology Journal,NA,3117-3683,2026-05-21,NA,eme2025ukb
Perioperative Care and Operating Room Management,NA,2405-6030,2026-05-21,NA,eme2025ukb
Personality and Individual Differences,NA,0191-8869,2026-05-21,NA,eme2025ukb
Personalized Medicine in Psychiatry,NA,2468-1717,2026-05-21,NA,eme2025ukb
"Perspectives in Plant Ecology, Evolution and Systematics",NA,1433-8319,2026-05-21,NA,eme2025ukb
Pervasive and Mobile Computing,NA,1574-1192,2026-05-21,NA,eme2025ukb
Pesticide Biochemistry and Physiology,NA,0048-3575,2026-05-21,NA,eme2025ukb
Pharmacological Research,NA,1043-6618,2026-05-21,NA,eme2025ukb
Pharmacological Research - Modern Chinese Medicine,NA,2667-1425,2026-05-21,NA,eme2025ukb
Pharmacological Research - Natural Products,NA,2950-1997,2026-05-21,NA,eme2025ukb
Pharmacological Research - Reports,NA,2950-2004,2026-05-21,NA,eme2025ukb
Pharmacological Reviews,NA,0031-6997,2026-05-21,NA,eme2025ukb
Pharmacology & Therapeutics,NA,0163-7258,2026-05-21,NA,eme2025ukb
Pharmacology Biochemistry and Behavior,NA,0091-3057,2026-05-21,NA,eme2025ukb
PharmaNutrition,NA,2213-4344,2026-05-21,NA,eme2025ukb
Photoacoustics,NA,2213-5979,2026-05-21,NA,eme2025ukb
Photodiagnosis and Photodynamic Therapy,NA,1572-1000,2026-05-21,NA,eme2025ukb
Photonics and Nanostructures - Fundamentals and Applications,NA,1569-4410,2026-05-21,NA,eme2025ukb
Physica A: Statistical Mechanics and its Applications,NA,0378-4371,2026-05-21,NA,eme2025ukb
Physica B: Condensed Matter,NA,0921-4526,2026-05-21,NA,eme2025ukb
Physica C: Superconductivity and its Applications,NA,0921-4534,2026-05-21,NA,eme2025ukb
Physica D: Nonlinear Phenomena,NA,0167-2789,2026-05-21,NA,eme2025ukb
Physica E: Low-Dimensional Systems and Nanostructures,NA,1386-9477,2026-05-21,NA,eme2025ukb
Physica Medica,NA,1120-1797,2026-05-21,NA,eme2025ukb
Physical Communication,NA,1874-4907,2026-05-21,NA,eme2025ukb
Physical Therapy in Sport,NA,1466-853X,2026-05-21,NA,eme2025ukb
"Physics and Chemistry of the Earth, Parts A/B/C",NA,1474-7065,2026-05-21,NA,eme2025ukb
Physics and Imaging in Radiation Oncology,NA,2405-6316,2026-05-21,NA,eme2025ukb
Physics Letters A,NA,0375-9601,2026-05-21,NA,eme2025ukb
Physics of Life Reviews,NA,1571-0645,2026-05-21,NA,eme2025ukb
Physics of the Dark Universe,NA,2212-6864,2026-05-21,NA,eme2025ukb
Physics of the Earth and Planetary Interiors,NA,0031-9201,2026-05-21,NA,eme2025ukb
Physics Open,NA,2666-0326,2026-05-21,NA,eme2025ukb
Physics Reports,NA,0370-1573,2026-05-21,NA,eme2025ukb
Physiological and Molecular Plant Pathology,NA,0885-5765,2026-05-21,NA,eme2025ukb
Physiology & Behavior,NA,0031-9384,2026-05-21,NA,eme2025ukb
Physiotherapy,NA,0031-9406,2026-05-21,NA,eme2025ukb
Phytochemistry,NA,0031-9422,2026-05-21,NA,eme2025ukb
Phytochemistry Letters,NA,1874-3900,2026-05-21,NA,eme2025ukb
Phytomedicine,NA,0944-7113,2026-05-21,NA,eme2025ukb
Phytomedicine Plus,NA,2667-0313,2026-05-21,NA,eme2025ukb
Piel,NA,0213-9251,2026-05-21,NA,eme2025ukb
Placenta,NA,0143-4004,2026-05-21,NA,eme2025ukb
Planetary and Space Science,NA,0032-0633,2026-05-21,NA,eme2025ukb
Plant Communications,NA,2590-3462,2026-05-21,NA,eme2025ukb
Plant Gene,NA,2352-4073,2026-05-21,NA,eme2025ukb
Plant Nano Biology,NA,2773-1111,2026-05-21,NA,eme2025ukb
Plant Phenomics,NA,2643-6515,2026-05-21,NA,eme2025ukb
Plant Physiology and Biochemistry,NA,0981-9428,2026-05-21,NA,eme2025ukb
Plant Research,NA,3117-5821,2026-05-21,NA,eme2025ukb
Plant Science,NA,0168-9452,2026-05-21,NA,eme2025ukb
Plant Stress,NA,2667-064X,2026-05-21,NA,eme2025ukb
Plasmid,NA,0147-619X,2026-05-21,NA,eme2025ukb
Poetics,NA,0304-422X,2026-05-21,NA,eme2025ukb
Polar Science,NA,1873-9652,2026-05-21,NA,eme2025ukb
Political Geography,NA,0962-6298,2026-05-21,NA,eme2025ukb
Polyhedron,NA,0277-5387,2026-05-21,NA,eme2025ukb
Polymer,NA,0032-3861,2026-05-21,NA,eme2025ukb
Polymer Degradation and Stability,NA,0141-3910,2026-05-21,NA,eme2025ukb
Polymer Testing,NA,0142-9418,2026-05-21,NA,eme2025ukb
Postharvest Biology and Technology,NA,0925-5214,2026-05-21,NA,eme2025ukb
Poultry Science,NA,0032-5791,2026-05-21,NA,eme2025ukb
Powder Technology,NA,0032-5910,2026-05-21,NA,eme2025ukb
Power Electronic Devices and Components,NA,2772-3704,2026-05-21,NA,eme2025ukb
Practical Laboratory Medicine,NA,2352-5517,2026-05-21,NA,eme2025ukb
Practical Radiation Oncology,NA,1879-8500,2026-05-21,NA,eme2025ukb
Pratique Neurologique - FMC,NA,1878-7762,2026-05-21,NA,eme2025ukb
Pratiques Psychologiques,NA,1269-1763,2026-05-21,NA,eme2025ukb
Precambrian Research,NA,0301-9268,2026-05-21,NA,eme2025ukb
Precision Engineering,NA,0141-6359,2026-05-21,NA,eme2025ukb
Precision Pathology,NA,3117-678X,2026-05-21,NA,eme2025ukb
Pregnancy Hypertension,NA,2210-7789,2026-05-21,NA,eme2025ukb
Preventive Medicine,NA,0091-7435,2026-05-21,NA,eme2025ukb
Preventive Medicine Reports,NA,2211-3355,2026-05-21,NA,eme2025ukb
Preventive Veterinary Medicine,NA,0167-5877,2026-05-21,NA,eme2025ukb
Preventive Veterinary Medicine: Regional Studies and Reports,NA,3051-3081,2026-05-21,NA,eme2025ukb
Primary Care Diabetes,NA,1751-9918,2026-05-21,NA,eme2025ukb
Probabilistic Engineering Mechanics,NA,0266-8920,2026-05-21,NA,eme2025ukb
Proceedings of the Combustion Institute,NA,1540-7489,2026-05-21,NA,eme2025ukb
Proceedings of the Geologists' Association,NA,0016-7878,2026-05-21,NA,eme2025ukb
Process Biochemistry,NA,1359-5113,2026-05-21,NA,eme2025ukb
Process Safety and Environmental Protection,NA,0957-5820,2026-05-21,NA,eme2025ukb
Progress in Aerospace Sciences,NA,0376-0421,2026-05-21,NA,eme2025ukb
Progress in Biophysics & Molecular Biology,NA,0079-6107,2026-05-21,NA,eme2025ukb
Progress in Cardiovascular Diseases,NA,0033-0620,2026-05-21,NA,eme2025ukb
Progress in Disaster Science,NA,2590-0617,2026-05-21,NA,eme2025ukb
Progress in Economic Geography,NA,2949-6942,2026-05-21,NA,eme2025ukb
Progress in Energy and Combustion Science,NA,0360-1285,2026-05-21,NA,eme2025ukb
Progress in Engineering Science,NA,2950-4252,2026-05-21,NA,eme2025ukb
Progress in Lipid Research,NA,0163-7827,2026-05-21,NA,eme2025ukb
Progress in Materials Science,NA,0079-6425,2026-05-21,NA,eme2025ukb
Progress in Natural Science: Materials International,NA,1002-0071,2026-05-21,NA,eme2025ukb
Progress in Neurobiology,NA,0301-0082,2026-05-21,NA,eme2025ukb
Progress in Neuro-Psychopharmacology & Biological Psychiatry,NA,0278-5846,2026-05-21,NA,eme2025ukb
Progress in Nuclear Energy,NA,0149-1970,2026-05-21,NA,eme2025ukb
Progress in Nuclear Magnetic Resonance Spectroscopy,NA,0079-6565,2026-05-21,NA,eme2025ukb
Progress in Oceanography,NA,0079-6611,2026-05-21,NA,eme2025ukb
Progress in Organic Coatings,NA,0300-9440,2026-05-21,NA,eme2025ukb
Progress in Particle and Nuclear Physics,NA,0146-6410,2026-05-21,NA,eme2025ukb
Progress in Pediatric Cardiology,NA,1058-9813,2026-05-21,NA,eme2025ukb
Progress in Planning,NA,0305-9006,2026-05-21,NA,eme2025ukb
Progress in Polymer Science,NA,0079-6700,2026-05-21,NA,eme2025ukb
Progress in Quantum Electronics,NA,0079-6727,2026-05-21,NA,eme2025ukb
Progress in Retinal and Eye Research,NA,1350-9462,2026-05-21,NA,eme2025ukb
Progress in Solid State Chemistry,NA,0079-6786,2026-05-21,NA,eme2025ukb
Progress in Surface Science,NA,0079-6816,2026-05-21,NA,eme2025ukb
Project Leadership and Society,NA,2666-7215,2026-05-21,NA,eme2025ukb
Prostaglandins & Other Lipid Mediators,NA,1098-8823,2026-05-21,NA,eme2025ukb
"Prostaglandins, Leukotrienes & Essential Fatty Acids",NA,0952-3278,2026-05-21,NA,eme2025ukb
Protein Expression and Purification,NA,1046-5928,2026-05-21,NA,eme2025ukb
Protist,NA,1434-4610,2026-05-21,NA,eme2025ukb
Psiquiatría Biológica,NA,1134-5934,2026-05-21,NA,eme2025ukb
Psychedelics,NA,2950-4848,2026-05-21,NA,eme2025ukb
Psychiatry Research,NA,0165-1781,2026-05-21,NA,eme2025ukb
Psychiatry Research Case Reports,NA,2773-0212,2026-05-21,NA,eme2025ukb
Psychiatry Research Communications,NA,2772-5987,2026-05-21,NA,eme2025ukb
Psychiatry Research: Neuroimaging,NA,0925-4927,2026-05-21,NA,eme2025ukb
Psychologie du Travail et des Organisations,NA,1420-2530,2026-05-21,NA,eme2025ukb
Psychology of Sport and Exercise,NA,1469-0292,2026-05-21,NA,eme2025ukb
Psychoneuroendocrinology,NA,0306-4530,2026-05-21,NA,eme2025ukb
Public Health,NA,0033-3506,2026-05-21,NA,eme2025ukb
Public Health in Practice,NA,2666-5352,2026-05-21,NA,eme2025ukb
Public Relations Review,NA,0363-8111,2026-05-21,NA,eme2025ukb
Pulmonary Function Diagnostics,NA,3051-276X,2026-05-21,NA,eme2025ukb
Pulmonary Pharmacology & Therapeutics,NA,1094-5539,2026-05-21,NA,eme2025ukb
Quaternary Environments and Humans,NA,2950-2365,2026-05-21,NA,eme2025ukb
Quaternary Geochronology,NA,1871-1014,2026-05-21,NA,eme2025ukb
Quaternary International,NA,1040-6182,2026-05-21,NA,eme2025ukb
Quaternary Science Advances,NA,2666-0334,2026-05-21,NA,eme2025ukb
Quaternary Science Reviews,NA,0277-3791,2026-05-21,NA,eme2025ukb
Radiation Measurements,NA,1350-4487,2026-05-21,NA,eme2025ukb
Radiation Medicine and Protection,NA,2666-5557,2026-05-21,NA,eme2025ukb
Radiation Physics and Chemistry,NA,0969-806X,2026-05-21,NA,eme2025ukb
Radiography,NA,1078-8174,2026-05-21,NA,eme2025ukb
Radiología,NA,0033-8338,2026-05-21,NA,eme2025ukb
Radiología (English Edition),NA,2173-5107,2026-05-21,NA,eme2025ukb
Radiology Case Reports,NA,1930-0433,2026-05-21,NA,eme2025ukb
Radiotherapy & Oncology,NA,0167-8140,2026-05-21,NA,eme2025ukb
Rangeland Ecology & Management,NA,1550-7424,2026-05-21,NA,eme2025ukb
Rangelands,NA,0190-0528,2026-05-21,NA,eme2025ukb
Rare,NA,2950-0087,2026-05-21,NA,eme2025ukb
Reactive and Functional Polymers,NA,1381-5148,2026-05-21,NA,eme2025ukb
REC: CardioClinics,NA,2605-1532,2026-05-21,NA,eme2025ukb
Redox Biochemistry and Chemistry,NA,2773-1766,2026-05-21,NA,eme2025ukb
Redox Biology,NA,2213-2317,2026-05-21,NA,eme2025ukb
Regenerative Therapy,NA,2352-3204,2026-05-21,NA,eme2025ukb
Regional Science and Urban Economics,NA,0166-0462,2026-05-21,NA,eme2025ukb
Regional Science Policy & Practice,NA,1757-7802,2026-05-21,NA,eme2025ukb
Regional Studies in Marine Science,NA,2352-4855,2026-05-21,NA,eme2025ukb
Regulatory Toxicology and Pharmacology,NA,0273-2300,2026-05-21,NA,eme2025ukb
Rehabilitación,NA,0048-7120,2026-05-21,NA,eme2025ukb
Reliability Engineering & System Safety,NA,0951-8320,2026-05-21,NA,eme2025ukb
Remote Sensing Applications: Society and Environment,NA,2352-9385,2026-05-21,NA,eme2025ukb
Remote Sensing of Environment,NA,0034-4257,2026-05-21,NA,eme2025ukb
Renewable & Sustainable Energy Reviews,NA,1364-0321,2026-05-21,NA,eme2025ukb
Renewable and Sustainable Energy Transition,NA,2667-095X,2026-05-21,NA,eme2025ukb
Renewable Energy,NA,0960-1481,2026-05-21,NA,eme2025ukb
Renewable Energy Focus,NA,1755-0084,2026-05-21,NA,eme2025ukb
Reproductive Biology,NA,1642-431X,2026-05-21,NA,eme2025ukb
Reproductive BioMedicine Online,NA,1472-6483,2026-05-21,NA,eme2025ukb
Reproductive Toxicology,NA,0890-6238,2026-05-21,NA,eme2025ukb
Research and Practice in Thrombosis and Haemostasis,NA,2475-0379,2026-05-21,NA,eme2025ukb
Research in Autism,NA,3050-6565,2026-05-21,NA,eme2025ukb
Research in Developmental Disabilities,NA,0891-4222,2026-05-21,NA,eme2025ukb
Research in Diagnostic and Interventional Imaging,NA,2772-6525,2026-05-21,NA,eme2025ukb
Research in Economics,NA,1090-9443,2026-05-21,NA,eme2025ukb
Research in Globalization,NA,2590-051X,2026-05-21,NA,eme2025ukb
Research in International Business and Finance,NA,0275-5319,2026-05-21,NA,eme2025ukb
Research in Neurodiversity,NA,3050-5798,2026-05-21,NA,eme2025ukb
Research in Organizational Behavior,NA,0191-3085,2026-05-21,NA,eme2025ukb
Research in Social and Administrative Pharmacy,NA,1551-7411,2026-05-21,NA,eme2025ukb
Research in Social Stratification and Mobility,NA,0276-5624,2026-05-21,NA,eme2025ukb
Research in Transportation Business & Management,NA,2210-5395,2026-05-21,NA,eme2025ukb
Research in Transportation Economics,NA,0739-8859,2026-05-21,NA,eme2025ukb
Research in Veterinary Science,NA,0034-5288,2026-05-21,NA,eme2025ukb
Research Methods in Applied Linguistics,NA,2772-7661,2026-05-21,NA,eme2025ukb
Research Policy,NA,0048-7333,2026-05-21,NA,eme2025ukb
Resource and Energy Economics,NA,0928-7655,2026-05-21,NA,eme2025ukb
Resources Policy,NA,0301-4207,2026-05-21,NA,eme2025ukb
"Resources, Conservation & Recycling",NA,0921-3449,2026-05-21,NA,eme2025ukb
"Resources, Conservation & Recycling Advances",NA,2667-3789,2026-05-21,NA,eme2025ukb
"Resources, Environment and Sustainability",NA,2666-9161,2026-05-21,NA,eme2025ukb
Respiratory Investigation,NA,2212-5345,2026-05-21,NA,eme2025ukb
Respiratory Medicine,NA,0954-6111,2026-05-21,NA,eme2025ukb
Respiratory Medicine and Research,NA,2590-0412,2026-05-21,NA,eme2025ukb
Respiratory Medicine Case Reports,NA,2213-0071,2026-05-21,NA,eme2025ukb
Respiratory Physiology & Neurobiology,NA,1569-9048,2026-05-21,NA,eme2025ukb
Results in Applied Mathematics,NA,2590-0374,2026-05-21,NA,eme2025ukb
Results in Chemistry,NA,2211-7156,2026-05-21,NA,eme2025ukb
Results in Control and Optimization,NA,2666-7207,2026-05-21,NA,eme2025ukb
Results in Earth Sciences,NA,2211-7148,2026-05-21,NA,eme2025ukb
Results in Engineering,NA,2590-1230,2026-05-21,NA,eme2025ukb
Results in Materials,NA,2590-048X,2026-05-21,NA,eme2025ukb
Results in Optics,NA,2666-9501,2026-05-21,NA,eme2025ukb
Results in Physics,NA,2211-3797,2026-05-21,NA,eme2025ukb
Results in Surfaces and Interfaces,NA,2666-8459,2026-05-21,NA,eme2025ukb
Resuscitation,NA,0300-9572,2026-05-21,NA,eme2025ukb
Resuscitation Plus,NA,2666-5204,2026-05-21,NA,eme2025ukb
Reumatología Clínica,NA,1699-258X,2026-05-21,NA,eme2025ukb
Reumatología Clínica (English Edition),NA,2173-5743,2026-05-21,NA,eme2025ukb
Review of Economic Dynamics,NA,1094-2025,2026-05-21,NA,eme2025ukb
Review of Palaeobotany and Palynology,NA,0034-6667,2026-05-21,NA,eme2025ukb
Revista Argentina de Microbiología,NA,0325-7541,2026-05-21,NA,eme2025ukb
Revista Clínica Española,NA,0014-2565,2026-05-21,NA,eme2025ukb
Revista Clínica Española (English Edition),NA,2254-8874,2026-05-21,NA,eme2025ukb
Revista Colombiana de Reumatología,NA,0121-8123,2026-05-21,NA,eme2025ukb
Revista Colombiana de Reumatología (English Edition),NA,2444-4405,2026-05-21,NA,eme2025ukb
Revista de Investigación Clínica,NA,0034-8376,2026-05-21,NA,eme2025ukb
"Revista de Logopedia, Foniatría y Audiología",NA,0214-4603,2026-05-21,NA,eme2025ukb
Revista de Psicodidáctica,NA,1136-1034,2026-05-21,NA,eme2025ukb
Revista de Psicodidáctica (English Edition),NA,2530-3805,2026-05-21,NA,eme2025ukb
Revista de Senología y Patología Mamaria,NA,0214-1582,2026-05-21,NA,eme2025ukb
Revista Española de Anestesiología y Reanimación,NA,0034-9356,2026-05-21,NA,eme2025ukb
Revista Española de Anestesiología y Reanimación (English Edition),NA,2341-1929,2026-05-21,NA,eme2025ukb
Revista Española de Cardiología,NA,0300-8932,2026-05-21,NA,eme2025ukb
Revista Española de Cardiología (English Edition),NA,1885-5857,2026-05-21,NA,eme2025ukb
Revista Española de Geriatría y Gerontología,NA,0211-139X,2026-05-21,NA,eme2025ukb
Revista Española de Medicina Legal,NA,0377-4732,2026-05-21,NA,eme2025ukb
Revista Española de Medicina Nuclear e Imagen Molecular,NA,2253-654X,2026-05-21,NA,eme2025ukb
Revista Española de Medicina Nuclear e Imagen Molecular (English Edition),NA,2253-8089,2026-05-21,NA,eme2025ukb
Revista Española de Patología,NA,1699-8855,2026-05-21,NA,eme2025ukb
Revista Iberoamericana de Micología,NA,1130-1406,2026-05-21,NA,eme2025ukb
Revue de Chirurgie Orthopédique et Traumatologique,NA,1877-0517,2026-05-21,NA,eme2025ukb
Revue de Micropaléontologie,NA,0035-1598,2026-05-21,NA,eme2025ukb
Revue du Rhumatisme,NA,1169-8330,2026-05-21,NA,eme2025ukb
Revue Française d'Allergologie,NA,1877-0320,2026-05-21,NA,eme2025ukb
Revue Neurologique,NA,0035-3787,2026-05-21,NA,eme2025ukb
Rhizosphere,NA,2452-2198,2026-05-21,NA,eme2025ukb
Robotics and Autonomous Systems,NA,0921-8890,2026-05-21,NA,eme2025ukb
Robotics and Computer-Integrated Manufacturing,NA,0736-5845,2026-05-21,NA,eme2025ukb
Safety Science,NA,0925-7535,2026-05-21,NA,eme2025ukb
Sages-Femmes,NA,1637-4088,2026-05-21,NA,eme2025ukb
Scandinavian Journal of Management,NA,0956-5221,2026-05-21,NA,eme2025ukb
Schizophrenia Research,NA,0920-9964,2026-05-21,NA,eme2025ukb
Schizophrenia Research: Cognition,NA,2215-0013,2026-05-21,NA,eme2025ukb
Science & Justice,NA,1355-0306,2026-05-21,NA,eme2025ukb
Science & Sports,NA,0765-1597,2026-05-21,NA,eme2025ukb
Science Bulletin,NA,2095-9273,2026-05-21,NA,eme2025ukb
Science of Computer Programming,NA,0167-6423,2026-05-21,NA,eme2025ukb
Science of Remote Sensing,NA,2666-0172,2026-05-21,NA,eme2025ukb
Science of the Total Environment,NA,0048-9697,2026-05-21,NA,eme2025ukb
Scientia Horticulturae,NA,0304-4238,2026-05-21,NA,eme2025ukb
Scientific African,NA,2468-2276,2026-05-21,NA,eme2025ukb
Scripta Materialia,NA,1359-6462,2026-05-21,NA,eme2025ukb
Sedimentary Geology,NA,0037-0738,2026-05-21,NA,eme2025ukb
Seizure: European Journal of Epilepsy,NA,1059-1311,2026-05-21,NA,eme2025ukb
Seminars in Arthritis and Rheumatism,NA,0049-0172,2026-05-21,NA,eme2025ukb
Seminars in Arthroplasty: JSES,NA,1045-4527,2026-05-21,NA,eme2025ukb
Seminars in Cancer Biology,NA,1044-579X,2026-05-21,NA,eme2025ukb
Seminars in Cell and Developmental Biology,NA,1084-9521,2026-05-21,NA,eme2025ukb
Seminars in Colon and Rectal Surgery,NA,1043-1489,2026-05-21,NA,eme2025ukb
Seminars in Diagnostic Pathology,NA,0740-2570,2026-05-21,NA,eme2025ukb
Seminars in Fetal & Neonatal Medicine,NA,1744-165X,2026-05-21,NA,eme2025ukb
Seminars in Hematology,NA,0037-1963,2026-05-21,NA,eme2025ukb
Seminars in Immunology,NA,1044-5323,2026-05-21,NA,eme2025ukb
Seminars in Nephrology,NA,0270-9295,2026-05-21,NA,eme2025ukb
Seminars in Nuclear Medicine,NA,0001-2998,2026-05-21,NA,eme2025ukb
Seminars in Oncology,NA,0093-7754,2026-05-21,NA,eme2025ukb
Seminars in Oncology Nursing,NA,0749-2081,2026-05-21,NA,eme2025ukb
Seminars in Orthodontics,NA,1073-8746,2026-05-21,NA,eme2025ukb
Seminars in Pediatric Neurology,NA,1071-9091,2026-05-21,NA,eme2025ukb
Seminars in Pediatric Surgery,NA,1055-8586,2026-05-21,NA,eme2025ukb
Seminars in Perinatology,NA,0146-0005,2026-05-21,NA,eme2025ukb
Seminars in Radiation Oncology,NA,1053-4296,2026-05-21,NA,eme2025ukb
Seminars in Roentgenology,NA,0037-198X,2026-05-21,NA,eme2025ukb
Seminars in Spine Surgery,NA,1040-7383,2026-05-21,NA,eme2025ukb
Seminars in Thoracic and Cardiovascular Surgery,NA,1043-0679,2026-05-21,NA,eme2025ukb
Seminars in Thoracic and Cardiovascular Surgery: Pediatric Cardiac Surgery Annual,NA,1092-9126,2026-05-21,NA,eme2025ukb
"Seminars in Ultrasound, CT and MRI",NA,0887-2171,2026-05-21,NA,eme2025ukb
Seminars in Vascular Surgery,NA,0895-7967,2026-05-21,NA,eme2025ukb
Sensing and Bio-Sensing Research,NA,2214-1804,2026-05-21,NA,eme2025ukb
Sensors and Actuators A: Physical,NA,0924-4247,2026-05-21,NA,eme2025ukb
Sensors and Actuators B: Chemical,NA,0925-4005,2026-05-21,NA,eme2025ukb
Sensors and Actuators Reports,NA,2666-0539,2026-05-21,NA,eme2025ukb
Separation and Purification Technology,NA,1383-5866,2026-05-21,NA,eme2025ukb
Sexual & Reproductive Healthcare,NA,1877-5756,2026-05-21,NA,eme2025ukb
Signal Processing,NA,0165-1684,2026-05-21,NA,eme2025ukb
Signal Processing: Image Communication,NA,0923-5965,2026-05-21,NA,eme2025ukb
Simulation Modelling Practice and Theory,NA,1569-190X,2026-05-21,NA,eme2025ukb
SLAS Discovery,NA,2472-5552,2026-05-21,NA,eme2025ukb
SLAS Technology,NA,2472-6303,2026-05-21,NA,eme2025ukb
Slavic Literatures,NA,2950-3965,2026-05-21,NA,eme2025ukb
Sleep Epidemiology,NA,2667-3436,2026-05-21,NA,eme2025ukb
Sleep Health,NA,2352-7218,2026-05-21,NA,eme2025ukb
Sleep Medicine,NA,1389-9457,2026-05-21,NA,eme2025ukb
Sleep Medicine Reviews,NA,1087-0792,2026-05-21,NA,eme2025ukb
Sleep Medicine: X,NA,2590-1427,2026-05-21,NA,eme2025ukb
Small Ruminant Research,NA,0921-4488,2026-05-21,NA,eme2025ukb
Smart Agricultural Technology,NA,2772-3755,2026-05-21,NA,eme2025ukb
Smart Energy,NA,2666-9552,2026-05-21,NA,eme2025ukb
Smart Health,NA,2352-6483,2026-05-21,NA,eme2025ukb
"Social and Emotional Learning: Research, Practice, and Policy",NA,2773-2339,2026-05-21,NA,eme2025ukb
Social Networks,NA,0378-8733,2026-05-21,NA,eme2025ukb
Social Science & Medicine,NA,0277-9536,2026-05-21,NA,eme2025ukb
Social Science Research,NA,0049-089X,2026-05-21,NA,eme2025ukb
Social Sciences & Humanities Open,NA,2590-2911,2026-05-21,NA,eme2025ukb
Societal Impacts,NA,2949-6977,2026-05-21,NA,eme2025ukb
Socio-Economic Planning Sciences,NA,0038-0121,2026-05-21,NA,eme2025ukb
Software Impacts,NA,2665-9638,2026-05-21,NA,eme2025ukb
SoftwareX,NA,2352-7110,2026-05-21,NA,eme2025ukb
Soil & Tillage Research,NA,0167-1987,2026-05-21,NA,eme2025ukb
Soil Advances,NA,2950-2896,2026-05-21,NA,eme2025ukb
Soil Biology & Biochemistry,NA,0038-0717,2026-05-21,NA,eme2025ukb
Soil Dynamics and Earthquake Engineering,NA,0267-7261,2026-05-21,NA,eme2025ukb
Soil Security,NA,2667-0062,2026-05-21,NA,eme2025ukb
Soils and Foundations,NA,0038-0806,2026-05-21,NA,eme2025ukb
Solar Compass,NA,2772-9400,2026-05-21,NA,eme2025ukb
Solar Energy,NA,0038-092X,2026-05-21,NA,eme2025ukb
Solar Energy Advances,NA,2667-1131,2026-05-21,NA,eme2025ukb
Solar Energy Materials and Solar Cells,NA,0927-0248,2026-05-21,NA,eme2025ukb
Solid State Communications,NA,0038-1098,2026-05-21,NA,eme2025ukb
Solid State Ionics,NA,0167-2738,2026-05-21,NA,eme2025ukb
Solid State Nuclear Magnetic Resonance,NA,0926-2040,2026-05-21,NA,eme2025ukb
Solid State Sciences,NA,1293-2558,2026-05-21,NA,eme2025ukb
Solid-State Electronics,NA,0038-1101,2026-05-21,NA,eme2025ukb
South African Journal of Botany,NA,0254-6299,2026-05-21,NA,eme2025ukb
South African Journal of Chemical Engineering,NA,1026-9185,2026-05-21,NA,eme2025ukb
Space Policy,NA,0265-9646,2026-05-21,NA,eme2025ukb
Spanish Journal of Legal Medicine,NA,2445-4249,2026-05-21,NA,eme2025ukb
Spanish Journal of Psychiatry and Mental Health,NA,2950-2853,2026-05-21,NA,eme2025ukb
Spatial and Spatio-temporal Epidemiology,NA,1877-5845,2026-05-21,NA,eme2025ukb
Spatial Statistics,NA,2211-6753,2026-05-21,NA,eme2025ukb
Spectrochimica Acta Part A: Molecular and Biomolecular Spectroscopy,NA,1386-1425,2026-05-21,NA,eme2025ukb
Spectrochimica Acta Part B: Atomic Spectroscopy,NA,0584-8547,2026-05-21,NA,eme2025ukb
Speech Communication,NA,0167-6393,2026-05-21,NA,eme2025ukb
Sports Economics Review,NA,2773-1618,2026-05-21,NA,eme2025ukb
Sports Orthopaedics and Traumatology,NA,0949-328X,2026-05-21,NA,eme2025ukb
SSM - Health Systems,NA,2949-8562,2026-05-21,NA,eme2025ukb
SSM - Mental Health,NA,2666-5603,2026-05-21,NA,eme2025ukb
SSM - Population Health,NA,2352-8273,2026-05-21,NA,eme2025ukb
SSM - Qualitative Research in Health,NA,2667-3215,2026-05-21,NA,eme2025ukb
STAR Protocols,NA,2666-1667,2026-05-21,NA,eme2025ukb
Statistics & Probability Letters,NA,0167-7152,2026-05-21,NA,eme2025ukb
Stem Cell Reports,NA,2213-6711,2026-05-21,NA,eme2025ukb
Stem Cell Research,NA,1873-5061,2026-05-21,NA,eme2025ukb
Steroids,NA,0039-128X,2026-05-21,NA,eme2025ukb
Stochastic Processes and their Applications,NA,0304-4149,2026-05-21,NA,eme2025ukb
Strategic Business Research,NA,3051-0643,2026-05-21,NA,eme2025ukb
Structural Change and Economic Dynamics,NA,0954-349X,2026-05-21,NA,eme2025ukb
Structural Heart,NA,2474-8706,2026-05-21,NA,eme2025ukb
Structural Safety,NA,0167-4730,2026-05-21,NA,eme2025ukb
Structures,NA,2352-0124,2026-05-21,NA,eme2025ukb
Studies in Educational Evaluation,NA,0191-491X,2026-05-21,NA,eme2025ukb
Studies in History and Philosophy of Science,NA,0039-3681,2026-05-21,NA,eme2025ukb
Superconductivity,NA,2772-8307,2026-05-21,NA,eme2025ukb
Supply Chain Analytics,NA,2949-8635,2026-05-21,NA,eme2025ukb
Surface and Coatings Technology,NA,0257-8972,2026-05-21,NA,eme2025ukb
Surface Science,NA,0039-6028,2026-05-21,NA,eme2025ukb
Surface Science Reports,NA,0167-5729,2026-05-21,NA,eme2025ukb
Surfaces and Interfaces,NA,2468-0230,2026-05-21,NA,eme2025ukb
Surgery,NA,0039-6060,2026-05-21,NA,eme2025ukb
Surgery Case Reports: Advances and Techniques,NA,2950-1032,2026-05-21,NA,eme2025ukb
Surgery for Obesity and Related Diseases,NA,1550-7289,2026-05-21,NA,eme2025ukb
Surgery in Practice and Science,NA,2666-2620,2026-05-21,NA,eme2025ukb
Surgery Open Digestive Advance,NA,2667-0089,2026-05-21,NA,eme2025ukb
Surgery Open Science,NA,2589-8450,2026-05-21,NA,eme2025ukb
Surgical Oncology,NA,0960-7404,2026-05-21,NA,eme2025ukb
Surgical Oncology Insight,NA,2950-2470,2026-05-21,NA,eme2025ukb
Survey of Ophthalmology,NA,0039-6257,2026-05-21,NA,eme2025ukb
Sustainable Chemistry and Pharmacy,NA,2352-5541,2026-05-21,NA,eme2025ukb
Sustainable Chemistry for Biodiversity,NA,3050-6212,2026-05-21,NA,eme2025ukb
Sustainable Chemistry for Climate Action,NA,2772-8269,2026-05-21,NA,eme2025ukb
Sustainable Chemistry for Energy Materials,NA,2950-4775,2026-05-21,NA,eme2025ukb
Sustainable Chemistry for the Environment,NA,2949-8392,2026-05-21,NA,eme2025ukb
Sustainable Chemistry One World,NA,2950-3574,2026-05-21,NA,eme2025ukb
Sustainable Cities and Society,NA,2210-6707,2026-05-21,NA,eme2025ukb
Sustainable Cities and Society: Advances,NA,3051-052X,2026-05-21,NA,eme2025ukb
Sustainable Computing: Informatics and Systems,NA,2210-5379,2026-05-21,NA,eme2025ukb
Sustainable Energy Technologies and Assessments,NA,2213-1388,2026-05-21,NA,eme2025ukb
"Sustainable Energy, Grids and Networks",NA,2352-4677,2026-05-21,NA,eme2025ukb
Sustainable Futures,NA,2666-1888,2026-05-21,NA,eme2025ukb
"Sustainable Geosciences: People, Planet and Prosperity",NA,2950-4929,2026-05-21,NA,eme2025ukb
Sustainable Materials and Technologies,NA,2214-9937,2026-05-21,NA,eme2025ukb
Sustainable Production and Consumption,NA,2352-5509,2026-05-21,NA,eme2025ukb
Sustainable Technology and Entrepreneurship,NA,2773-0328,2026-05-21,NA,eme2025ukb
Swarm and Evolutionary Computation,NA,2210-6502,2026-05-21,NA,eme2025ukb
Synthetic Metals,NA,0379-6779,2026-05-21,NA,eme2025ukb
System,NA,0346-251X,2026-05-21,NA,eme2025ukb
Systematic and Applied Microbiology,NA,0723-2020,2026-05-21,NA,eme2025ukb
Systems & Control Letters,NA,0167-6911,2026-05-21,NA,eme2025ukb
Systems and Soft Computing,NA,2772-9419,2026-05-21,NA,eme2025ukb
Systems Ethnopharmacology and Sustainable Bioresources,NA,3117-5767,2026-05-21,NA,eme2025ukb
Talanta,NA,0039-9140,2026-05-21,NA,eme2025ukb
Talanta Open,NA,2666-8319,2026-05-21,NA,eme2025ukb
Teaching and Learning in Nursing,NA,1557-3087,2026-05-21,NA,eme2025ukb
Teaching and Teacher Education,NA,0742-051X,2026-05-21,NA,eme2025ukb
Technical Innovations & Patient Support in Radiation Oncology,NA,2405-6324,2026-05-21,NA,eme2025ukb
Techniques and Innovations in Gastrointestinal Endoscopy,NA,2590-0307,2026-05-21,NA,eme2025ukb
Techniques in Vascular and Interventional Radiology,NA,1089-2516,2026-05-21,NA,eme2025ukb
Technological Forecasting and Social Change,NA,0040-1625,2026-05-21,NA,eme2025ukb
Technology in Society,NA,0160-791X,2026-05-21,NA,eme2025ukb
Technovation,NA,0166-4972,2026-05-21,NA,eme2025ukb
Tectonophysics,NA,0040-1951,2026-05-21,NA,eme2025ukb
Telecommunications Policy,NA,0308-5961,2026-05-21,NA,eme2025ukb
Telematics and Informatics,NA,0736-5853,2026-05-21,NA,eme2025ukb
Telematics and Informatics Reports,NA,2772-5030,2026-05-21,NA,eme2025ukb
Tetrahedron,NA,0040-4020,2026-05-21,NA,eme2025ukb
Tetrahedron Chem,NA,2666-951X,2026-05-21,NA,eme2025ukb
Tetrahedron Green Chem,NA,2773-2231,2026-05-21,NA,eme2025ukb
Tetrahedron Letters,NA,0040-4039,2026-05-21,NA,eme2025ukb
The American Journal of Cardiology,NA,0002-9149,2026-05-21,NA,eme2025ukb
The American Journal of Clinical Nutrition,NA,0002-9165,2026-05-21,NA,eme2025ukb
The American Journal of Geriatric Psychiatry,NA,1064-7481,2026-05-21,NA,eme2025ukb
"The American Journal of Geriatric Psychiatry: Open Science, Education, and Practice",NA,2950-3868,2026-05-21,NA,eme2025ukb
The American Journal of Medicine,NA,0002-9343,2026-05-21,NA,eme2025ukb
The American Journal of Pathology,NA,0002-9440,2026-05-21,NA,eme2025ukb
The American Journal of Surgery,NA,0002-9610,2026-05-21,NA,eme2025ukb
The American Journal of the Medical Sciences,NA,0002-9629,2026-05-21,NA,eme2025ukb
The Annals of Thoracic Surgery,NA,0003-4975,2026-05-21,NA,eme2025ukb
The Arts in Psychotherapy,NA,0197-4556,2026-05-21,NA,eme2025ukb
The Asian Journal of Shipping and Logistics,NA,2092-5212,2026-05-21,NA,eme2025ukb
The Brazilian Journal of Infectious Diseases,NA,1413-8670,2026-05-21,NA,eme2025ukb
The Breast,NA,0960-9776,2026-05-21,NA,eme2025ukb
The British Accounting Review,NA,0890-8389,2026-05-21,NA,eme2025ukb
The Cell Surface,NA,2468-2330,2026-05-21,NA,eme2025ukb
The EANM Journal,NA,3051-2921,2026-05-21,NA,eme2025ukb
The Egyptian Journal of Remote Sensing and Space Sciences,NA,1110-9823,2026-05-21,NA,eme2025ukb
The Egyptian Rheumatologist,NA,1110-1164,2026-05-21,NA,eme2025ukb
The Electricity Journal,NA,1040-6190,2026-05-21,NA,eme2025ukb
The European Journal of Psychiatry,NA,0213-6163,2026-05-21,NA,eme2025ukb
The Extractive Industries and Society,NA,2214-790X,2026-05-21,NA,eme2025ukb
The Foot,NA,0958-2592,2026-05-21,NA,eme2025ukb
The French Journal of Urology,NA,2950-3930,2026-05-21,NA,eme2025ukb
The Innovation,NA,2666-6758,2026-05-21,NA,eme2025ukb
The International Journal of Biochemistry & Cell Biology,NA,1357-2725,2026-05-21,NA,eme2025ukb
The International Journal of Management Education,NA,1472-8117,2026-05-21,NA,eme2025ukb
The Internet and Higher Education,NA,1096-7516,2026-05-21,NA,eme2025ukb
The Joint Commission Journal on Quality and Patient Safety,NA,1553-7250,2026-05-21,NA,eme2025ukb
The Journal for Nurse Practitioners,NA,1555-4155,2026-05-21,NA,eme2025ukb
The Journal of Academic Librarianship,NA,0099-1333,2026-05-21,NA,eme2025ukb
The Journal of Aging Research & Lifestyle,NA,2534-773X,2026-05-21,NA,eme2025ukb
The Journal of Allergy and Clinical Immunology: In Practice,NA,2213-2198,2026-05-21,NA,eme2025ukb
The Journal of Chemical Thermodynamics,NA,0021-9614,2026-05-21,NA,eme2025ukb
The Journal of Climate Change and Health,NA,2667-2782,2026-05-21,NA,eme2025ukb
The Journal of Economic Asymmetries,NA,1703-4949,2026-05-21,NA,eme2025ukb
The Journal of Emergency Medicine,NA,0736-4679,2026-05-21,NA,eme2025ukb
The Journal of Foot & Ankle Surgery,NA,1067-2516,2026-05-21,NA,eme2025ukb
The Journal of Frailty & Aging,NA,2260-1341,2026-05-21,NA,eme2025ukb
The Journal of Hand Surgery,NA,0363-5023,2026-05-21,NA,eme2025ukb
The Journal of Heart and Lung Transplantation,NA,1053-2498,2026-05-21,NA,eme2025ukb
The Journal of Liquid Biopsy,NA,2950-1954,2026-05-21,NA,eme2025ukb
The Journal of Mathematical Behavior,NA,0732-3123,2026-05-21,NA,eme2025ukb
The Journal of Molecular Diagnostics,NA,1525-1578,2026-05-21,NA,eme2025ukb
The Journal of Nutrition,NA,0022-3166,2026-05-21,NA,eme2025ukb
"The Journal of nutrition, health and aging",NA,1279-7707,2026-05-21,NA,eme2025ukb
The Journal of Nutritional Biochemistry,NA,0955-2863,2026-05-21,NA,eme2025ukb
The Journal of Nutritional Physiology,NA,3050-6247,2026-05-21,NA,eme2025ukb
The Journal of Pain,NA,1526-5900,2026-05-21,NA,eme2025ukb
The Journal of Pediatrics,NA,0022-3476,2026-05-21,NA,eme2025ukb
The Journal of Pediatrics: Clinical Practice,NA,2950-5410,2026-05-21,NA,eme2025ukb
The Journal of Pharmacology and Experimental Therapeutics,NA,0022-3565,2026-05-21,NA,eme2025ukb
The Journal of Physiological Sciences,NA,1880-6546,2026-05-21,NA,eme2025ukb
The Journal of Precision Medicine: Health and Disease,NA,3050-6328,2026-05-21,NA,eme2025ukb
The Journal of Prevention of Alzheimer's Disease,NA,2274-5807,2026-05-21,NA,eme2025ukb
The Journal of Prosthetic Dentistry,NA,0022-3913,2026-05-21,NA,eme2025ukb
The Journal of Steroid Biochemistry and Molecular Biology,NA,0960-0760,2026-05-21,NA,eme2025ukb
The Journal of Strategic Information Systems,NA,0963-8687,2026-05-21,NA,eme2025ukb
The Journal of Supercritical Fluids,NA,0896-8446,2026-05-21,NA,eme2025ukb
The Journal of the American Dental Association,NA,0002-8177,2026-05-21,NA,eme2025ukb
The Journal of the Economics of Ageing,NA,2212-828X,2026-05-21,NA,eme2025ukb
The Journal of Thoracic and Cardiovascular Surgery,NA,0022-5223,2026-05-21,NA,eme2025ukb
The Knee,NA,0968-0160,2026-05-21,NA,eme2025ukb
The Lancet Digital Health,NA,2589-7500,2026-05-21,NA,eme2025ukb
The Lancet Global Health,NA,2214-109X,2026-05-21,NA,eme2025ukb
The Lancet Healthy Longevity,NA,2666-7568,2026-05-21,NA,eme2025ukb
The Lancet Microbe,NA,2666-5247,2026-05-21,NA,eme2025ukb
The Lancet Planetary Health,NA,2542-5196,2026-05-21,NA,eme2025ukb
The Lancet Primary Care,NA,3050-5143,2026-05-21,NA,eme2025ukb
The Lancet Public Health,NA,2468-2667,2026-05-21,NA,eme2025ukb
The Lancet Regional Health - Africa,NA,3050-5011,2026-05-21,NA,eme2025ukb
The Lancet Regional Health - Americas,NA,2667-193X,2026-05-21,NA,eme2025ukb
The Lancet Regional Health - Europe,NA,2666-7762,2026-05-21,NA,eme2025ukb
The Lancet Regional Health - Southeast Asia,NA,2772-3682,2026-05-21,NA,eme2025ukb
The Lancet Regional Health - Western Pacific,NA,2666-6065,2026-05-21,NA,eme2025ukb
The Leadership Quarterly,NA,1048-9843,2026-05-21,NA,eme2025ukb
The Microbe,NA,2950-1946,2026-05-21,NA,eme2025ukb
The North American Journal of Economics and Finance,NA,1062-9408,2026-05-21,NA,eme2025ukb
The Ocular Surface,NA,1542-0124,2026-05-21,NA,eme2025ukb
The Quarterly Review of Economics and Finance,NA,1062-9769,2026-05-21,NA,eme2025ukb
The Royal College of Radiologists Open,NA,2773-0662,2026-05-21,NA,eme2025ukb
The Spine Journal,NA,1529-9430,2026-05-21,NA,eme2025ukb
The Surgeon,NA,1479-666X,2026-05-21,NA,eme2025ukb
The Swine Journal,NA,3117-4132,2026-05-21,NA,eme2025ukb
The Veterinary Journal,NA,1090-0233,2026-05-21,NA,eme2025ukb
The Veterinary Journal: Pharmacology & Toxicology,NA,3117-5252,2026-05-21,NA,eme2025ukb
Theoretical and Applied Fracture Mechanics,NA,0167-8442,2026-05-21,NA,eme2025ukb
Theoretical and Applied Mechanics Letters,NA,2095-0349,2026-05-21,NA,eme2025ukb
Theoretical Computer Science,NA,0304-3975,2026-05-21,NA,eme2025ukb
Theoretical Population Biology,NA,0040-5809,2026-05-21,NA,eme2025ukb
Therapies,NA,0040-5957,2026-05-21,NA,eme2025ukb
Theriogenology,NA,0093-691X,2026-05-21,NA,eme2025ukb
Theriogenology Wild,NA,2773-093X,2026-05-21,NA,eme2025ukb
Thermal Advances,NA,3050-4635,2026-05-21,NA,eme2025ukb
Thermal Science and Engineering Progress,NA,2451-9049,2026-05-21,NA,eme2025ukb
Thermochimica Acta,NA,0040-6031,2026-05-21,NA,eme2025ukb
Thin Solid Films,NA,0040-6090,2026-05-21,NA,eme2025ukb
Thinking Skills and Creativity,NA,1871-1871,2026-05-21,NA,eme2025ukb
Thin-Walled Structures,NA,0263-8231,2026-05-21,NA,eme2025ukb
Thrombosis Research,NA,0049-3848,2026-05-21,NA,eme2025ukb
Thrombosis Update,NA,2666-5727,2026-05-21,NA,eme2025ukb
Thyroid Science,NA,2950-3000,2026-05-21,NA,eme2025ukb
Ticks and Tick-borne Diseases,NA,1877-959X,2026-05-21,NA,eme2025ukb
Tissue and Cell,NA,0040-8166,2026-05-21,NA,eme2025ukb
Tomography of Materials and Structures,NA,2949-673X,2026-05-21,NA,eme2025ukb
Topics in Companion Animal Medicine,NA,1938-9736,2026-05-21,NA,eme2025ukb
Topology and its Applications,NA,0166-8641,2026-05-21,NA,eme2025ukb
Total Chemistry,NA,3050-581X,2026-05-21,NA,eme2025ukb
Total Environment Advances,NA,2950-3957,2026-05-21,NA,eme2025ukb
Total Environment Engineering,NA,2950-631X,2026-05-21,NA,eme2025ukb
Total Environment Microbiology,NA,3050-6417,2026-05-21,NA,eme2025ukb
Tourism Management,NA,0261-5177,2026-05-21,NA,eme2025ukb
Tourism Management Perspectives,NA,2211-9736,2026-05-21,NA,eme2025ukb
Toxicologie Analytique et Clinique,NA,2352-0078,2026-05-21,NA,eme2025ukb
Toxicology,NA,0300-483X,2026-05-21,NA,eme2025ukb
Toxicology and Applied Pharmacology,NA,0041-008X,2026-05-21,NA,eme2025ukb
Toxicology in Vitro,NA,0887-2333,2026-05-21,NA,eme2025ukb
Toxicology Letters,NA,0378-4274,2026-05-21,NA,eme2025ukb
Toxicology Reports,NA,2214-7500,2026-05-21,NA,eme2025ukb
Toxicon,NA,0041-0101,2026-05-21,NA,eme2025ukb
Toxicon: X,NA,2590-1710,2026-05-21,NA,eme2025ukb
Transcranial Magnetic Stimulation,NA,3050-5291,2026-05-21,NA,eme2025ukb
Transformative Energy,NA,3117-4639,2026-05-21,NA,eme2025ukb
Transfusion and Apheresis Science,NA,1473-0502,2026-05-21,NA,eme2025ukb
Transfusion Clinique et Biologique,NA,1246-7820,2026-05-21,NA,eme2025ukb
Transfusion Medicine Reviews,NA,0887-7963,2026-05-21,NA,eme2025ukb
Translational Oncology,NA,1936-5233,2026-05-21,NA,eme2025ukb
Translational Research,NA,1931-5244,2026-05-21,NA,eme2025ukb
Translational Research in Anatomy,NA,2214-854X,2026-05-21,NA,eme2025ukb
Transnational Mobilities,NA,3117-5511,2026-05-21,NA,eme2025ukb
Transplant Immunology,NA,0966-3274,2026-05-21,NA,eme2025ukb
Transplantation and Cellular Therapy,NA,2666-6367,2026-05-21,NA,eme2025ukb
Transplantation Proceedings,NA,0041-1345,2026-05-21,NA,eme2025ukb
Transplantation Reports,NA,2451-9596,2026-05-21,NA,eme2025ukb
Transplantation Reviews,NA,0955-470X,2026-05-21,NA,eme2025ukb
Transport Economics and Management,NA,2949-8996,2026-05-21,NA,eme2025ukb
Transport Policy,NA,0967-070X,2026-05-21,NA,eme2025ukb
Transportation Engineering,NA,2666-691X,2026-05-21,NA,eme2025ukb
Transportation Geotechnics,NA,2214-3912,2026-05-21,NA,eme2025ukb
Transportation Research Interdisciplinary Perspectives,NA,2590-1982,2026-05-21,NA,eme2025ukb
Transportation Research Part A: Policy and Practice,NA,0965-8564,2026-05-21,NA,eme2025ukb
Transportation Research Part B: Methodological,NA,0191-2615,2026-05-21,NA,eme2025ukb
Transportation Research Part C: Emerging Technologies,NA,0968-090X,2026-05-21,NA,eme2025ukb
Transportation Research Part D: Transport and Environment,NA,1361-9209,2026-05-21,NA,eme2025ukb
Transportation Research Part E: Logistics and Transportation Review,NA,1366-5545,2026-05-21,NA,eme2025ukb
Transportation Research Part F: Traffic Psychology and Behaviour,NA,1369-8478,2026-05-21,NA,eme2025ukb
Transportation Research Today,NA,3051-360X,2026-05-21,NA,eme2025ukb
Trauma Case Reports,NA,2352-6440,2026-05-21,NA,eme2025ukb
Travel Behaviour and Society,NA,2214-367X,2026-05-21,NA,eme2025ukb
Travel Medicine and Infectious Disease,NA,1477-8939,2026-05-21,NA,eme2025ukb
"Trees, Forests and People",NA,2666-7193,2026-05-21,NA,eme2025ukb
Trends in Anaesthesia and Critical Care,NA,2210-8440,2026-05-21,NA,eme2025ukb
Trends in Analytical Chemistry,NA,0165-9936,2026-05-21,NA,eme2025ukb
Trends in Cardiovascular Medicine,NA,1050-1738,2026-05-21,NA,eme2025ukb
Trends in Environmental Analytical Chemistry,NA,2214-1588,2026-05-21,NA,eme2025ukb
Trends in Food Science & Technology,NA,0924-2244,2026-05-21,NA,eme2025ukb
Trends in Neuroscience and Education,NA,2211-9493,2026-05-21,NA,eme2025ukb
Trends Open,NA,3117-3470,2026-05-21,NA,eme2025ukb
Tribology and Interfaces,NA,3117-3136,2026-05-21,NA,eme2025ukb
Tribology International,NA,0301-679X,2026-05-21,NA,eme2025ukb
Tuberculosis,NA,1472-9792,2026-05-21,NA,eme2025ukb
Tumour Virus Research,NA,2666-6790,2026-05-21,NA,eme2025ukb
Tunnelling and Underground Space Technology,NA,0886-7798,2026-05-21,NA,eme2025ukb
Ultramicroscopy,NA,0304-3991,2026-05-21,NA,eme2025ukb
Ultrasonics,NA,0041-624X,2026-05-21,NA,eme2025ukb
Ultrasonics Sonochemistry,NA,1350-4177,2026-05-21,NA,eme2025ukb
Ultrasound in Medicine & Biology,NA,0301-5629,2026-05-21,NA,eme2025ukb
Urban Climate,NA,2212-0955,2026-05-21,NA,eme2025ukb
Urban Forestry & Urban Greening,NA,1618-8667,2026-05-21,NA,eme2025ukb
Urban Transitions,NA,3050-6972,2026-05-21,NA,eme2025ukb
Urologic Oncology: Seminars and Original Investigations,NA,1078-1439,2026-05-21,NA,eme2025ukb
Urology,NA,0090-4295,2026-05-21,NA,eme2025ukb
Urology Case Reports,NA,2214-4420,2026-05-21,NA,eme2025ukb
Urology Horizons,NA,3117-3500,2026-05-21,NA,eme2025ukb
Urology Video Journal,NA,2590-0897,2026-05-21,NA,eme2025ukb
Utilities Policy,NA,0957-1787,2026-05-21,NA,eme2025ukb
Vaccine,NA,0264-410X,2026-05-21,NA,eme2025ukb
Vaccine: X,NA,2590-1362,2026-05-21,NA,eme2025ukb
Vacunas,NA,1576-9887,2026-05-21,NA,eme2025ukb
Vacunas (English Edition),NA,2445-1460,2026-05-21,NA,eme2025ukb
Vacuum,NA,0042-207X,2026-05-21,NA,eme2025ukb
Value in Health,NA,1098-3015,2026-05-21,NA,eme2025ukb
Value in Health Regional Issues,NA,2212-1099,2026-05-21,NA,eme2025ukb
Vascular Diseases,NA,3050-6581,2026-05-21,NA,eme2025ukb
Vascular Pharmacology,NA,1537-1891,2026-05-21,NA,eme2025ukb
Vehicular Communications,NA,2214-2096,2026-05-21,NA,eme2025ukb
Veterinary Anaesthesia and Analgesia,NA,1467-2987,2026-05-21,NA,eme2025ukb
Veterinary and Animal Science,NA,2451-943X,2026-05-21,NA,eme2025ukb
Veterinary Immunology and Immunopathology,NA,0165-2427,2026-05-21,NA,eme2025ukb
Veterinary Microbiology,NA,0378-1135,2026-05-21,NA,eme2025ukb
Veterinary Parasitology,NA,0304-4017,2026-05-21,NA,eme2025ukb
Veterinary Parasitology: Regional Studies and Reports,NA,2405-9390,2026-05-21,NA,eme2025ukb
Vibrational Spectroscopy,NA,0924-2031,2026-05-21,NA,eme2025ukb
VideoGIE,NA,2468-4481,2026-05-21,NA,eme2025ukb
Virology,NA,0042-6822,2026-05-21,NA,eme2025ukb
Virus Research,NA,0168-1702,2026-05-21,NA,eme2025ukb
Vision Research,NA,0042-6989,2026-05-21,NA,eme2025ukb
Visual Journal of Emergency Medicine,NA,2405-4690,2026-05-21,NA,eme2025ukb
Waste Management,NA,0956-053X,2026-05-21,NA,eme2025ukb
Waste Management Bulletin,NA,2949-7507,2026-05-21,NA,eme2025ukb
Water Research,NA,0043-1354,2026-05-21,NA,eme2025ukb
Water Research X,NA,2589-9147,2026-05-21,NA,eme2025ukb
Water Resources and Industry,NA,2212-3717,2026-05-21,NA,eme2025ukb
Water Security,NA,2468-3124,2026-05-21,NA,eme2025ukb
Wave Motion,NA,0165-2125,2026-05-21,NA,eme2025ukb
Wear,NA,0043-1648,2026-05-21,NA,eme2025ukb
Weather and Climate Extremes,NA,2212-0947,2026-05-21,NA,eme2025ukb
"Wellbeing, Space and Society",NA,2666-5581,2026-05-21,NA,eme2025ukb
WFUMB Ultrasound Open,NA,2949-6683,2026-05-21,NA,eme2025ukb
Wind Energy and Engineering Research,NA,2950-3604,2026-05-21,NA,eme2025ukb
Women and Birth,NA,1871-5192,2026-05-21,NA,eme2025ukb
Women's Health Issues,NA,1049-3867,2026-05-21,NA,eme2025ukb
Women's Studies International Forum,NA,0277-5395,2026-05-21,NA,eme2025ukb
World Allergy Organization Journal,NA,1939-4551,2026-05-21,NA,eme2025ukb
World Development,NA,0305-750X,2026-05-21,NA,eme2025ukb
World Development Perspectives,NA,2452-2929,2026-05-21,NA,eme2025ukb
World Development Sustainability,NA,2772-655X,2026-05-21,NA,eme2025ukb
World Neurosurgery,NA,1878-8750,2026-05-21,NA,eme2025ukb
World Neurosurgery: X,NA,2590-1397,2026-05-21,NA,eme2025ukb
World Patent Information,NA,0172-2190,2026-05-21,NA,eme2025ukb
"Zeitschrift für Evidenz, Fortbildung und Qualität im Gesundheitswesen",NA,1865-9217,2026-05-21,NA,eme2025ukb
Zeitschrift für Medizinische Physik,NA,0939-3889,2026-05-21,NA,eme2025ukb
Zoologischer Anzeiger,NA,0044-5231,2026-05-21,NA,eme2025ukb
Zoology,NA,0944-2006,2026-05-21,NA,eme2025ukb
Analyst,NA,1364-5528,2026-06-17,NA,rsc2026tubitak
Analytical Methods,NA,1759-9679,2026-04-20,NA,rsc2026tubitak
Biomaterials Science,NA,2047-4849,2026-04-20,NA,rsc2026tubitak
Catalysis Science & Technology,NA,2044-4761,2026-04-20,NA,rsc2026tubitak
Chemical Communications,NA,1364-548X,2026-04-20,NA,rsc2026tubitak
Chemical Science,NA,2041-6539,2026-04-20,NA,rsc2026tubitak
Chemical Society Reviews,NA,1460-4744,2026-04-20,NA,rsc2026tubitak
Chemistry Education Research and Practice,NA,1756-1108,2026-04-20,NA,rsc2026tubitak
CrystEngComm,NA,1466-8033,2026-04-20,NA,rsc2026tubitak
Dalton Transactions,NA,1477-9234,2026-04-20,NA,rsc2026tubitak
Digital Discovery,NA,2635-098X,2026-04-20,NA,rsc2026tubitak
EES Batteries,NA,3033-4071,2026-04-20,NA,rsc2026tubitak
EES Catalysis,NA,2753-801X,2026-04-20,NA,rsc2026tubitak
EES Solar,NA,3033-4063,2026-04-20,NA,rsc2026tubitak
Energy & Environmental Science,NA,1754-5706,2026-04-20,NA,rsc2026tubitak
Energy Advances,NA,2753-1457,2026-04-20,NA,rsc2026tubitak
Environmental Science: Advances,NA,2754-7000,2026-04-20,NA,rsc2026tubitak
Environmental Science: Atmospheres,NA,2634-3606,2026-04-20,NA,rsc2026tubitak
Environmental Science: Nano,NA,2051-8161,2026-04-20,NA,rsc2026tubitak
Environmental Science: Processes & Impacts including,NA,2050-7895,2026-04-20,NA,rsc2026tubitak
Environmental Science: Water Research & Technology,NA,2053-1419,2026-04-20,NA,rsc2026tubitak
Faraday Discussions,NA,1364-5498,2026-04-20,NA,rsc2026tubitak
Food & Function,NA,2042-650X,2026-04-20,NA,rsc2026tubitak
Green Chemistry,NA,1463-9270,2026-04-20,NA,rsc2026tubitak
Industrial Chemistry & Materials,NA,2755-2608,2026-04-20,NA,rsc2026tubitak
Inorganic Chemistry Frontiers,NA,2052-1553,2026-04-20,NA,rsc2026tubitak
Journal of Analytical Atomic Spectrometry,NA,1364-5544,2026-04-20,NA,rsc2026tubitak
Journal of Materials Chemistry A,NA,2050-7496,2026-04-20,NA,rsc2026tubitak
Journal of Materials Chemistry B,NA,2050-7518,2026-04-20,NA,rsc2026tubitak
Journal of Materials Chemistry C,NA,2050-7534,2026-04-20,NA,rsc2026tubitak
Lab on a Chip,NA,1473-0189,2026-04-20,NA,rsc2026tubitak
Materials Advances,NA,2633-5409,2026-04-20,NA,rsc2026tubitak
Materials Chemistry Frontiers,NA,2052-1537,2026-04-20,NA,rsc2026tubitak
Materials Horizons,NA,2051-6355,2026-04-20,NA,rsc2026tubitak
Molecular Omics,NA,2515-4184,2026-04-20,NA,rsc2026tubitak
Molecular Systems Design & Engineering,NA,2058-9689,2026-04-20,NA,rsc2026tubitak
Nanoscale,NA,2040-3372,2026-04-20,NA,rsc2026tubitak
Nanoscale Advances,NA,2156-0230,2026-04-20,NA,rsc2026tubitak
Nanoscale Horizons,NA,2055-6764,2026-04-20,NA,rsc2026tubitak
Natural Product Reports,NA,1460-4752,2026-04-20,NA,rsc2026tubitak
New Journal of Chemistry,NA,1369-9261,2026-04-20,NA,rsc2026tubitak
Organic & Biomolecular Chemistry,NA,1477-0539,2026-04-20,NA,rsc2026tubitak
Organic Chemistry Frontiers,NA,2052-4129,2026-04-20,NA,rsc2026tubitak
Physical Chemistry Chemical Physics,NA,1463-9084,2026-04-20,NA,rsc2026tubitak
Polymer Chemistry,NA,1759-9962,2026-04-20,NA,rsc2026tubitak
Reaction Chemistry & Engineering,NA,2058-9883,2026-04-20,NA,rsc2026tubitak
RSC Advances,NA,2046-2069,2026-04-20,NA,rsc2026tubitak
RSC Applied Interfaces,NA,2755-3701,2026-04-20,NA,rsc2026tubitak
RSC Applied Polymers,NA,2755-371X,2026-04-20,NA,rsc2026tubitak
RSC Chemical Biology,NA,2633-0679,2026-04-20,NA,rsc2026tubitak
RSC Mechanochemistry,NA,2976-8683,2026-04-20,NA,rsc2026tubitak
RSC Medicinal Chemistry,NA,2632-8682,2026-04-20,NA,rsc2026tubitak
RSC Pharmaceutics,NA,2976-8713,2026-04-20,NA,rsc2026tubitak
RSC Sustainability,NA,2753-8125,2026-04-20,NA,rsc2026tubitak
Sensors & Diagnostics,NA,2635-0998,2026-04-20,NA,rsc2026tubitak
Soft Matter,NA,1744-6848,2026-04-20,NA,rsc2026tubitak
Sustainable Energy & Fuels,NA,2398-4902,2026-04-20,NA,rsc2026tubitak
Sustainable Food Technology,NA,2753-8095,2026-04-20,NA,rsc2026tubitak
3 Biotech,NA,2190-5738,2026-04-20,NA,sn2026slov
4OR,NA,1614-2411,2026-04-20,NA,sn2026slov
AAPS PharmSciTech,NA,1530-9932,2026-04-20,NA,sn2026slov
Abdominal Radiology,NA,2366-0058,2026-04-20,NA,sn2026slov
Abhandlungen aus dem Mathematischen Seminar der Universität Hamburg,NA,1865-8784,2026-04-20,NA,sn2026slov
Academic Psychiatry,NA,1545-7230,2026-04-20,NA,sn2026slov
Accreditation and Quality Assurance,NA,1432-0517,2026-04-20,NA,sn2026slov
Acoustics Australia,NA,1839-2571,2026-04-20,NA,sn2026slov
Acta Analytica,NA,1874-6349,2026-04-20,NA,sn2026slov
Acta Applicandae Mathematicae,NA,1572-9036,2026-04-20,NA,sn2026slov
Acta Biotheoretica,NA,1572-8358,2026-04-20,NA,sn2026slov
Acta Diabetologica,NA,1432-5233,2026-04-20,NA,sn2026slov
acta ethologica,NA,1437-9546,2026-04-20,NA,sn2026slov
Acta Geochimica,NA,2365-7499,2026-04-20,NA,sn2026slov
Acta Geodaetica et Geophysica,NA,2213-5820,2026-04-20,NA,sn2026slov
Acta Geophysica,NA,1895-7455,2026-04-20,NA,sn2026slov
Acta Geotechnica,NA,1861-1133,2026-04-20,NA,sn2026slov
Acta Informatica,NA,1432-0525,2026-04-20,NA,sn2026slov
Acta Mathematica Hungarica,NA,1588-2632,2026-04-20,NA,sn2026slov
Acta Mathematica Scientia,NA,1572-9087,2026-04-20,NA,sn2026slov
"Acta Mathematica Sinica, English Series",NA,1439-7617,2026-04-20,NA,sn2026slov
Acta Mathematica Vietnamica,NA,2315-4144,2026-04-20,NA,sn2026slov
"Acta Mathematicae Applicatae Sinica, English Series",NA,1618-3932,2026-04-20,NA,sn2026slov
Acta Mechanica,NA,1619-6937,2026-04-20,NA,sn2026slov
Acta Mechanica Sinica,NA,1614-3116,2026-04-20,NA,sn2026slov
Acta Mechanica Solida Sinica,NA,1860-2134,2026-04-20,NA,sn2026slov
Acta Neurologica Belgica,NA,2240-2993,2026-04-20,NA,sn2026slov
Acta Neuropathologica,NA,1432-0533,2026-04-20,NA,sn2026slov
Acta Oceanologica Sinica,NA,1869-1099,2026-04-20,NA,sn2026slov
Acta Parasitologica,NA,1896-1851,2026-04-20,NA,sn2026slov
Acta Pharmacologica Sinica,NA,1745-7254,2026-04-20,NA,sn2026slov
Acta Physiologiae Plantarum,NA,1861-1664,2026-04-20,NA,sn2026slov
Acta Politica,NA,1741-1416,2026-04-20,NA,sn2026slov
Acta Scientiarum Mathematicarum,NA,2064-8316,2026-04-20,NA,sn2026slov
"Acta Universitatis Sapientiae, Film and Media Studies",NA,2066-7779,2026-04-20,NA,sn2026slov
"Acta Universitatis Sapientiae, Informatica",NA,2066-7760,2026-04-20,NA,sn2026slov
"Acta Universitatis Sapientiae, Mathematica",NA,2066-7752,2026-04-20,NA,sn2026slov
Administration and Policy in Mental Health and Mental Health Services Research,NA,1573-3289,2026-04-20,NA,sn2026slov
Adolescent Research Review,NA,2363-8354,2026-04-20,NA,sn2026slov
Adsorption,NA,1572-8757,2026-04-20,NA,sn2026slov
Advanced Fiber Materials,NA,2524-793X,2026-04-20,NA,sn2026slov
Advances in Applied Clifford Algebras,NA,1661-4909,2026-04-20,NA,sn2026slov
Advances in Astronautics,NA,3059-2976,2026-04-20,NA,sn2026slov
Advances in Atmospheric Sciences,NA,1861-9533,2026-04-20,NA,sn2026slov
Advances in Computational Intelligence,NA,2730-7808,2026-04-20,NA,sn2026slov
Advances in Computational Mathematics,NA,1572-9044,2026-04-20,NA,sn2026slov
Advances in Data Analysis and Classification,NA,1862-5355,2026-04-20,NA,sn2026slov
Advances in Health Sciences Education,NA,1573-1677,2026-04-20,NA,sn2026slov
Advances in Manufacturing,NA,2195-3597,2026-04-20,NA,sn2026slov
Advances in Neurodevelopmental Disorders,NA,2366-7540,2026-04-20,NA,sn2026slov
Advances in Operator Theory,NA,2538-225X,2026-04-20,NA,sn2026slov
Advances in Therapy,NA,1865-8652,2026-04-20,NA,sn2026slov
Advances in Traditional Medicine,NA,2662-4060,2026-04-20,NA,sn2026slov
Adversity and Resilience Science,NA,2662-2416,2026-04-20,NA,sn2026slov
Aequationes mathematicae,NA,1420-8903,2026-04-20,NA,sn2026slov
Aerobiologia,NA,1573-3025,2026-04-20,NA,sn2026slov
Aerosol Science and Engineering,NA,2510-3768,2026-04-20,NA,sn2026slov
Aerospace Systems,NA,2523-3955,2026-04-20,NA,sn2026slov
Aerotecnica Missili & Spazio,NA,2524-6968,2026-04-20,NA,sn2026slov
Aesthetic Plastic Surgery,NA,1432-5241,2026-04-20,NA,sn2026slov
Affective Science,NA,2662-205X,2026-04-20,NA,sn2026slov
African Archaeological Review,NA,1572-9842,2026-04-20,NA,sn2026slov
Afrika Matematika,NA,2190-7668,2026-04-20,NA,sn2026slov
Ageing International,NA,1936-606X,2026-04-20,NA,sn2026slov
Agricultural Research,NA,2249-7218,2026-04-20,NA,sn2026slov
Agriculture and Human Values,NA,1572-8366,2026-04-20,NA,sn2026slov
Agroforestry Systems,NA,1572-9680,2026-04-20,NA,sn2026slov
Agronomy for Sustainable Development,NA,1773-0155,2026-04-20,NA,sn2026slov
AI & SOCIETY,NA,1435-5655,2026-04-20,NA,sn2026slov
AI and Ethics,NA,2730-5961,2026-04-20,NA,sn2026slov
AIDS and Behavior,NA,1573-3254,2026-04-20,NA,sn2026slov
"Air Quality, Atmosphere & Health",NA,1873-9326,2026-04-20,NA,sn2026slov
Algebra and Logic,NA,1573-8302,2026-04-20,NA,sn2026slov
Algebra universalis,NA,1420-8911,2026-04-20,NA,sn2026slov
Algebras and Representation Theory,NA,1572-9079,2026-04-20,NA,sn2026slov
Algorithmica,NA,1432-0541,2026-04-20,NA,sn2026slov
Allergo Journal International,NA,2197-0378,2026-04-20,NA,sn2026slov
Alpine Botany,NA,1664-221X,2026-04-20,NA,sn2026slov
Ambio,NA,1654-7209,2026-04-20,NA,sn2026slov
American Journal of Cardiovascular Drugs,NA,1179-187X,2026-04-20,NA,sn2026slov
American Journal of Clinical Dermatology,NA,1179-1888,2026-04-20,NA,sn2026slov
American Journal of Criminal Justice,NA,1936-1351,2026-04-20,NA,sn2026slov
American Journal of Cultural Sociology,NA,2049-7121,2026-04-20,NA,sn2026slov
American Journal of Dance Therapy,NA,1573-3262,2026-04-20,NA,sn2026slov
American Journal of Potato Research,NA,1874-9380,2026-04-20,NA,sn2026slov
AMS Review,NA,1869-8182,2026-04-20,NA,sn2026slov
Analog Integrated Circuits and Signal Processing,NA,1573-1979,2026-04-20,NA,sn2026slov
Analysis and Mathematical Physics,NA,1664-235X,2026-04-20,NA,sn2026slov
Analysis Mathematica,NA,1588-273X,2026-04-20,NA,sn2026slov
Analytical and Bioanalytical Chemistry,NA,1618-2650,2026-04-20,NA,sn2026slov
Analytical Sciences,NA,1348-2246,2026-04-20,NA,sn2026slov
Anästhesie Nachrichten,NA,2731-3972,2026-04-20,NA,sn2026slov
Anatomical Science International,NA,1447-073X,2026-04-20,NA,sn2026slov
Angiogenesis,NA,1573-7209,2026-04-20,NA,sn2026slov
Annales Henri Poincaré,NA,1424-0661,2026-04-20,NA,sn2026slov
Annales mathématiques du Québec,NA,2195-4763,2026-04-20,NA,sn2026slov
ANNALI DELL'UNIVERSITA' DI FERRARA,NA,1827-1510,2026-04-20,NA,sn2026slov
Annali di Matematica Pura ed Applicata (1923 -),NA,1618-1891,2026-04-20,NA,sn2026slov
Annals of Biomedical Engineering,NA,1573-9686,2026-04-20,NA,sn2026slov
Annals of Combinatorics,NA,0219-3094,2026-04-20,NA,sn2026slov
Annals of Data Science,NA,2198-5812,2026-04-20,NA,sn2026slov
Annals of Dyslexia,NA,1934-7243,2026-04-20,NA,sn2026slov
Annals of Finance,NA,1614-2454,2026-04-20,NA,sn2026slov
Annals of Functional Analysis,NA,2008-8752,2026-04-20,NA,sn2026slov
Annals of Global Analysis and Geometry,NA,1572-9060,2026-04-20,NA,sn2026slov
Annals of Mathematics and Artificial Intelligence,NA,1573-7470,2026-04-20,NA,sn2026slov
Annals of Nuclear Medicine,NA,1864-6433,2026-04-20,NA,sn2026slov
Annals of Operations Research,NA,1572-9338,2026-04-20,NA,sn2026slov
Annals of PDE,NA,2199-2576,2026-04-20,NA,sn2026slov
Annals of Surgical Oncology,NA,1534-4681,2026-04-20,NA,sn2026slov
Annals of Telecommunications,NA,1958-9395,2026-04-20,NA,sn2026slov
Annals of the Institute of Statistical Mathematics,NA,1572-9052,2026-04-20,NA,sn2026slov
Anthropocene Science,NA,2731-3980,2026-04-20,NA,sn2026slov
Antonie van Leeuwenhoek,NA,1572-9699,2026-04-20,NA,sn2026slov
Apidologie,NA,1297-9678,2026-04-20,NA,sn2026slov
Apoptosis,NA,1573-675X,2026-04-20,NA,sn2026slov
"Applicable Algebra in Engineering, Communication and Computing",NA,1432-0622,2026-04-20,NA,sn2026slov
Applications of Mathematics,NA,1572-9109,2026-04-20,NA,sn2026slov
Applied Biochemistry and Biotechnology,NA,1559-0291,2026-04-20,NA,sn2026slov
Applied Categorical Structures,NA,1572-9095,2026-04-20,NA,sn2026slov
Applied Composite Materials,NA,1573-4897,2026-04-20,NA,sn2026slov
Applied Entomology and Zoology,NA,1347-605X,2026-04-20,NA,sn2026slov
Applied Fruit Science,NA,2948-2631,2026-04-20,NA,sn2026slov
Applied Geomatics,NA,1866-928X,2026-04-20,NA,sn2026slov
Applied Geophysics,NA,1993-0658,2026-04-20,NA,sn2026slov
Applied Health Economics and Health Policy,NA,1179-1896,2026-04-20,NA,sn2026slov
Applied Intelligence,NA,1573-7497,2026-04-20,NA,sn2026slov
Applied Magnetic Resonance,NA,1613-7507,2026-04-20,NA,sn2026slov
Applied Mathematics & Optimization,NA,1432-0606,2026-04-20,NA,sn2026slov
Applied Mathematics and Mechanics,NA,1573-2754,2026-04-20,NA,sn2026slov
Applied Mathematics-A Journal of Chinese Universities,NA,1993-0445,2026-04-20,NA,sn2026slov
Applied Nanoscience,NA,2190-5517,2026-04-20,NA,sn2026slov
Applied Physics A,NA,1432-0630,2026-04-20,NA,sn2026slov
Applied Psychophysiology and Biofeedback,NA,1573-3270,2026-04-20,NA,sn2026slov
Applied Research in Quality of Life,NA,1871-2576,2026-04-20,NA,sn2026slov
Applied Spatial Analysis and Policy,NA,1874-4621,2026-04-20,NA,sn2026slov
Aquaculture International,NA,1573-143X,2026-04-20,NA,sn2026slov
Aquatic Ecology,NA,1573-5125,2026-04-20,NA,sn2026slov
Aquatic Geochemistry,NA,1573-1421,2026-04-20,NA,sn2026slov
Aquatic Sciences,NA,1420-9055,2026-04-20,NA,sn2026slov
Arabian Journal for Science and Engineering,NA,2191-4281,2026-04-20,NA,sn2026slov
Arabian Journal of Geosciences,NA,1866-7538,2026-04-20,NA,sn2026slov
Arabian Journal of Mathematics,NA,2193-5351,2026-04-20,NA,sn2026slov
Archaeological and Anthropological Sciences,NA,1866-9565,2026-04-20,NA,sn2026slov
Archaeologies,NA,1935-3987,2026-04-20,NA,sn2026slov
"Architecture, Structures and Construction",NA,2730-9894,2026-04-20,NA,sn2026slov
Archiv der Mathematik,NA,1420-8938,2026-04-20,NA,sn2026slov
Archival Science,NA,1573-7500,2026-04-20,NA,sn2026slov
Archive for History of Exact Sciences,NA,1432-0657,2026-04-20,NA,sn2026slov
Archive for Mathematical Logic,NA,1432-0665,2026-04-20,NA,sn2026slov
Archive for Rational Mechanics and Analysis,NA,1432-0673,2026-04-20,NA,sn2026slov
Archive of Applied Mechanics,NA,1432-0681,2026-04-20,NA,sn2026slov
Archives of Civil and Mechanical Engineering,NA,2083-3318,2026-04-20,NA,sn2026slov
Archives of Computational Methods in Engineering,NA,1886-1784,2026-04-20,NA,sn2026slov
Archives of Dermatological Research,NA,1432-069X,2026-04-20,NA,sn2026slov
Archives of Environmental Contamination and Toxicology,NA,1432-0703,2026-04-20,NA,sn2026slov
Archives of Microbiology,NA,1432-072X,2026-04-20,NA,sn2026slov
Archives of Osteoporosis,NA,1862-3514,2026-04-20,NA,sn2026slov
Archives of Pharmacal Research,NA,1976-3786,2026-04-20,NA,sn2026slov
Archives of Sexual Behavior,NA,1573-2800,2026-04-20,NA,sn2026slov
Archives of Toxicology,NA,1432-0738,2026-04-20,NA,sn2026slov
Archives of Virology,NA,1432-8798,2026-04-20,NA,sn2026slov
Archives of Women's Mental Health,NA,1435-1102,2026-04-20,NA,sn2026slov
Argumentation,NA,1572-8374,2026-04-20,NA,sn2026slov
Arthropod-Plant Interactions,NA,1872-8847,2026-04-20,NA,sn2026slov
Arthroskopie,NA,1434-3924,2026-04-20,NA,sn2026slov
Artificial Intelligence and Law,NA,1572-8382,2026-04-20,NA,sn2026slov
Artificial Life and Robotics,NA,1614-7456,2026-04-20,NA,sn2026slov
Asia Europe Journal,NA,1612-1031,2026-04-20,NA,sn2026slov
Asia Pacific Education Review,NA,1876-407X,2026-04-20,NA,sn2026slov
Asia Pacific Journal of Management,NA,1572-9958,2026-04-20,NA,sn2026slov
Asia-Pacific Financial Markets,NA,1573-6946,2026-04-20,NA,sn2026slov
Asia-Pacific Journal of Atmospheric Sciences,NA,1976-7951,2026-04-20,NA,sn2026slov
Asia-Pacific Journal of Regional Science,NA,2509-7954,2026-04-20,NA,sn2026slov
Asian Archaeology,NA,2520-8101,2026-04-20,NA,sn2026slov
Asian Bioethics Review,NA,1793-9453,2026-04-20,NA,sn2026slov
Asian Business & Management,NA,1476-9328,2026-04-20,NA,sn2026slov
Asian Journal of Business Ethics,NA,2210-6731,2026-04-20,NA,sn2026slov
Asian Journal of Civil Engineering,NA,2522-011X,2026-04-20,NA,sn2026slov
Asian Journal of Criminology,NA,1871-014X,2026-04-20,NA,sn2026slov
Asian Journal of Philosophy,NA,2731-4642,2026-04-20,NA,sn2026slov
AStA Advances in Statistical Analysis,NA,1863-818X,2026-04-20,NA,sn2026slov
AStA Wirtschafts- und Sozialstatistisches Archiv,NA,1863-8163,2026-04-20,NA,sn2026slov
Astrodynamics,NA,2522-0098,2026-04-20,NA,sn2026slov
Astrophysics,NA,1573-8191,2026-04-20,NA,sn2026slov
Astrophysics and Space Science,NA,1572-946X,2026-04-20,NA,sn2026slov
Atlantic Economic Journal,NA,1573-9678,2026-04-20,NA,sn2026slov
Atomic Energy,NA,1573-8205,2026-04-20,NA,sn2026slov
"Attention, Perception, & Psychophysics",NA,1943-393X,2026-04-20,NA,sn2026slov
Augmented Human Research,NA,2365-4325,2026-04-20,NA,sn2026slov
Australasian Plant Pathology,NA,1448-6032,2026-04-20,NA,sn2026slov
Automated Software Engineering,NA,1573-7535,2026-04-20,NA,sn2026slov
Automotive Innovation,NA,2522-8765,2026-04-20,NA,sn2026slov
Autonomous Agents and Multi-Agent Systems,NA,1573-7454,2026-04-20,NA,sn2026slov
Autonomous Robots,NA,1573-7527,2026-04-20,NA,sn2026slov
Banach Journal of Mathematical Analysis,NA,1735-8787,2026-04-20,NA,sn2026slov
Basic Research in Cardiology,NA,1435-1803,2026-04-20,NA,sn2026slov
Behavior Analysis in Practice,NA,2196-8934,2026-04-20,NA,sn2026slov
Behavior and Social Issues,NA,2376-6786,2026-04-20,NA,sn2026slov
Behavior Genetics,NA,1573-3297,2026-04-20,NA,sn2026slov
Behavior Research Methods,NA,1554-3528,2026-04-20,NA,sn2026slov
Behavioral Ecology and Sociobiology,NA,1432-0762,2026-04-20,NA,sn2026slov
Behaviormetrika,NA,1349-6964,2026-04-20,NA,sn2026slov
Beiträge zur Algebra und Geometrie / Contributions to Algebra and Geometry,NA,2191-0383,2026-04-20,NA,sn2026slov
Berliner Journal für Soziologie,NA,1862-2593,2026-04-20,NA,sn2026slov
BHM Berg- und Hüttenmännische Monatshefte,NA,1613-7531,2026-04-20,NA,sn2026slov
Bio-Design and Manufacturing,NA,2522-8552,2026-04-20,NA,sn2026slov
Biochemical Genetics,NA,1573-4927,2026-04-20,NA,sn2026slov
BioChip Journal,NA,2092-7843,2026-04-20,NA,sn2026slov
BioControl,NA,1573-8248,2026-04-20,NA,sn2026slov
Biodegradation,NA,1572-9729,2026-04-20,NA,sn2026slov
Biodiversity and Conservation,NA,1572-9710,2026-04-20,NA,sn2026slov
BioDrugs,NA,1179-190X,2026-04-20,NA,sn2026slov
BioEnergy Research,NA,1939-1242,2026-04-20,NA,sn2026slov
Biogerontology,NA,1573-6768,2026-04-20,NA,sn2026slov
Biologia,NA,1336-9563,2026-04-20,NA,sn2026slov
Biologia Futura,NA,2676-8607,2026-04-20,NA,sn2026slov
Biological Cybernetics,NA,1432-0770,2026-04-20,NA,sn2026slov
Biological Invasions,NA,1573-1464,2026-04-20,NA,sn2026slov
Biological Theory,NA,1555-5550,2026-04-20,NA,sn2026slov
Biological Trace Element Research,NA,1559-0720,2026-04-20,NA,sn2026slov
Biology & Philosophy,NA,1572-8404,2026-04-20,NA,sn2026slov
Biology and Fertility of Soils,NA,1432-0789,2026-04-20,NA,sn2026slov
Biomass Conversion and Biorefinery,NA,2190-6823,2026-04-20,NA,sn2026slov
Biomechanics and Modeling in Mechanobiology,NA,1617-7940,2026-04-20,NA,sn2026slov
Biomedical Engineering Education,NA,2730-5945,2026-04-20,NA,sn2026slov
Biomedical Engineering Letters,NA,2093-985X,2026-04-20,NA,sn2026slov
Biomedical Materials & Devices,NA,2731-4820,2026-04-20,NA,sn2026slov
Biomedical Microdevices,NA,1572-8781,2026-04-20,NA,sn2026slov
BioMetals,NA,1572-8773,2026-04-20,NA,sn2026slov
Biomolecular NMR Assignments,NA,1874-270X,2026-04-20,NA,sn2026slov
BioNanoScience,NA,2191-1649,2026-04-20,NA,sn2026slov
Biophysical Reviews,NA,1867-2469,2026-04-20,NA,sn2026slov
Bioprocess and Biosystems Engineering,NA,1615-7605,2026-04-20,NA,sn2026slov
Biosemiotics,NA,1875-1350,2026-04-20,NA,sn2026slov
BioSocieties,NA,1745-8560,2026-04-20,NA,sn2026slov
BIOspektrum,NA,1868-6249,2026-04-20,NA,sn2026slov
Biotechnology and Bioprocess Engineering,NA,1976-3816,2026-04-20,NA,sn2026slov
Biotechnology Letters,NA,1573-6776,2026-04-20,NA,sn2026slov
BIT Numerical Mathematics,NA,1572-9125,2026-04-20,NA,sn2026slov
Boletín de la Sociedad Matemática Mexicana,NA,2296-4495,2026-04-20,NA,sn2026slov
Bollettino dell'Unione Matematica Italiana,NA,2198-2759,2026-04-20,NA,sn2026slov
Bone Marrow Transplantation,NA,1476-5365,2026-04-20,NA,sn2026slov
Boundary-Layer Meteorology,NA,1573-1472,2026-04-20,NA,sn2026slov
Brain Imaging and Behavior,NA,1931-7565,2026-04-20,NA,sn2026slov
Brain Structure and Function,NA,1863-2661,2026-04-20,NA,sn2026slov
Brain Topography,NA,1573-6792,2026-04-20,NA,sn2026slov
Brain Tumor Pathology,NA,1861-387X,2026-04-20,NA,sn2026slov
Bratislava Medical Journal,NA,1336-0345,2026-04-20,NA,sn2026slov
Brazilian Journal of Botany,NA,1806-9959,2026-04-20,NA,sn2026slov
Brazilian Journal of Chemical Engineering,NA,1678-4383,2026-04-20,NA,sn2026slov
Brazilian Journal of Microbiology,NA,1678-4405,2026-04-20,NA,sn2026slov
Brazilian Journal of Physics,NA,1678-4448,2026-04-20,NA,sn2026slov
Breast Cancer,NA,1880-4233,2026-04-20,NA,sn2026slov
Breast Cancer Research and Treatment,NA,1573-7217,2026-04-20,NA,sn2026slov
British Dental Journal,NA,1476-5373,2026-04-20,NA,sn2026slov
British Journal of Cancer,NA,1532-1827,2026-04-20,NA,sn2026slov
British Politics,NA,1746-9198,2026-04-20,NA,sn2026slov
Brittonia,NA,1938-436X,2026-04-20,NA,sn2026slov
Building Simulation,NA,1996-8744,2026-04-20,NA,sn2026slov
Bulletin of Atmospheric Science and Technology,NA,2662-1509,2026-04-20,NA,sn2026slov
Bulletin of Earthquake Engineering,NA,1573-1456,2026-04-20,NA,sn2026slov
Bulletin of Engineering Geology and the Environment,NA,1435-9537,2026-04-20,NA,sn2026slov
Bulletin of Environmental Contamination and Toxicology,NA,1432-0800,2026-04-20,NA,sn2026slov
Bulletin of Mathematical Biology,NA,1522-9602,2026-04-20,NA,sn2026slov
"Bulletin of the Brazilian Mathematical Society, New Series",NA,1678-7714,2026-04-20,NA,sn2026slov
Bulletin of the Iranian Mathematical Society,NA,1735-8515,2026-04-20,NA,sn2026slov
Bulletin of the Malaysian Mathematical Sciences Society,NA,2180-4206,2026-04-20,NA,sn2026slov
Bulletin of Volcanology,NA,1432-0819,2026-04-20,NA,sn2026slov
Bundesgesundheitsblatt - Gesundheitsforschung - Gesundheitsschutz,NA,1437-1588,2026-04-20,NA,sn2026slov
Business & Information Systems Engineering,NA,1867-0202,2026-04-20,NA,sn2026slov
Business Economics,NA,1554-432X,2026-04-20,NA,sn2026slov
Calcified Tissue International,NA,1432-0827,2026-04-20,NA,sn2026slov
Calcolo,NA,1126-5434,2026-04-20,NA,sn2026slov
Calculus of Variations and Partial Differential Equations,NA,1432-0835,2026-04-20,NA,sn2026slov
Canadian Journal of Anesthesia/Journal canadien d'anesthésie,NA,1496-8975,2026-04-20,NA,sn2026slov
Canadian Journal of Emergency Medicine,NA,1481-8043,2026-04-20,NA,sn2026slov
Canadian Journal of Public Health,NA,1920-7476,2026-04-20,NA,sn2026slov
"Canadian Journal of Science, Mathematics and Technology Education",NA,1942-4051,2026-04-20,NA,sn2026slov
Canadian Studies in Population,NA,1927-629X,2026-04-20,NA,sn2026slov
Cancer and Metastasis Reviews,NA,1573-7233,2026-04-20,NA,sn2026slov
Cancer Causes & Control,NA,1573-7225,2026-04-20,NA,sn2026slov
Cancer Chemotherapy and Pharmacology,NA,1432-0843,2026-04-20,NA,sn2026slov
Cancer Gene Therapy,NA,1476-5500,2026-04-20,NA,sn2026slov
Carbon Letters,NA,2233-4998,2026-04-20,NA,sn2026slov
Carbonates and Evaporites,NA,1878-5212,2026-04-20,NA,sn2026slov
CardioVascular and Interventional Radiology,NA,1432-086X,2026-04-20,NA,sn2026slov
Cardiovascular Drugs and Therapy,NA,1573-7241,2026-04-20,NA,sn2026slov
Cardiovascular Engineering and Technology,NA,1869-4098,2026-04-20,NA,sn2026slov
Cardiovascular Intervention and Therapeutics,NA,1868-4297,2026-04-20,NA,sn2026slov
Cardiovascular Toxicology,NA,1559-0259,2026-04-20,NA,sn2026slov
Catalysis Letters,NA,1572-879X,2026-04-20,NA,sn2026slov
Catalysis Surveys from Asia,NA,1574-9266,2026-04-20,NA,sn2026slov
CCF Transactions on High Performance Computing,NA,2524-4930,2026-04-20,NA,sn2026slov
CCF Transactions on Pervasive Computing and Interaction,NA,2524-5228,2026-04-20,NA,sn2026slov
CEAS Aeronautical Journal,NA,1869-5590,2026-04-20,NA,sn2026slov
CEAS Space Journal,NA,1868-2510,2026-04-20,NA,sn2026slov
Celestial Mechanics and Dynamical Astronomy,NA,1572-9478,2026-04-20,NA,sn2026slov
Cell and Tissue Banking,NA,1573-6814,2026-04-20,NA,sn2026slov
Cell and Tissue Research,NA,1432-0878,2026-04-20,NA,sn2026slov
Cell Biochemistry and Biophysics,NA,1559-0283,2026-04-20,NA,sn2026slov
Cell Death & Differentiation,NA,1476-5403,2026-04-20,NA,sn2026slov
Cell Research,NA,1748-7838,2026-04-20,NA,sn2026slov
Cellular & Molecular Immunology,NA,2042-0226,2026-04-20,NA,sn2026slov
Cellular and Molecular Bioengineering,NA,1865-5033,2026-04-20,NA,sn2026slov
Cellulose,NA,1572-882X,2026-04-20,NA,sn2026slov
CEN Case Reports,NA,2192-4449,2026-04-20,NA,sn2026slov
Central European Journal of Operations Research,NA,1613-9178,2026-04-20,NA,sn2026slov
Cereal Research Communications,NA,1788-9170,2026-04-20,NA,sn2026slov
Chemical Papers,NA,2585-7290,2026-04-20,NA,sn2026slov
Chemical Research in Chinese Universities,NA,2210-3171,2026-04-20,NA,sn2026slov
Chemistry Africa,NA,2522-5766,2026-04-20,NA,sn2026slov
Chemistry of Heterocyclic Compounds,NA,1573-8353,2026-04-20,NA,sn2026slov
ChemTexts,NA,2199-3793,2026-04-20,NA,sn2026slov
Child & Youth Care Forum,NA,1573-3319,2026-04-20,NA,sn2026slov
Child and Adolescent Social Work Journal,NA,1573-2797,2026-04-20,NA,sn2026slov
Child Indicators Research,NA,1874-8988,2026-04-20,NA,sn2026slov
Child Psychiatry & Human Development,NA,1573-3327,2026-04-20,NA,sn2026slov
Child's Nervous System,NA,1433-0350,2026-04-20,NA,sn2026slov
Children's Literature in Education,NA,1573-1693,2026-04-20,NA,sn2026slov
China Foundry,NA,2365-9459,2026-04-20,NA,sn2026slov
China International Strategy Review,NA,2524-5635,2026-04-20,NA,sn2026slov
China Ocean Engineering,NA,2191-8945,2026-04-20,NA,sn2026slov
China Population and Development Studies,NA,2523-8965,2026-04-20,NA,sn2026slov
China-EU Law Journal,NA,1868-5161,2026-04-20,NA,sn2026slov
"Chinese Annals of Mathematics, Series B",NA,1860-6261,2026-04-20,NA,sn2026slov
Chinese Geographical Science,NA,1993-064X,2026-04-20,NA,sn2026slov
Chinese Journal of Academic Radiology,NA,2520-8993,2026-04-20,NA,sn2026slov
Chinese Journal of Integrative Medicine,NA,1993-0402,2026-04-20,NA,sn2026slov
Chinese Journal of Polymer Science,NA,1439-6203,2026-04-20,NA,sn2026slov
Chinese Political Science Review,NA,2365-4252,2026-04-20,NA,sn2026slov
Chromatographia,NA,1612-1112,2026-04-20,NA,sn2026slov
Chromosome Research,NA,1573-6849,2026-04-20,NA,sn2026slov
"Circuits, Systems, and Signal Processing",NA,1531-5878,2026-04-20,NA,sn2026slov
Circular Economy and Sustainability,NA,2730-5988,2026-04-20,NA,sn2026slov
Clean Technologies and Environmental Policy,NA,1618-9558,2026-04-20,NA,sn2026slov
Climate Dynamics,NA,1432-0894,2026-04-20,NA,sn2026slov
Climatic Change,NA,1573-1480,2026-04-20,NA,sn2026slov
Clinical & Experimental Metastasis,NA,1573-7276,2026-04-20,NA,sn2026slov
Clinical & Translational Metabolism,NA,2948-2445,2026-04-20,NA,sn2026slov
Clinical and Experimental Nephrology,NA,1437-7799,2026-04-20,NA,sn2026slov
Clinical and Translational Imaging,NA,2281-7565,2026-04-20,NA,sn2026slov
Clinical and Translational Oncology,NA,1699-3055,2026-04-20,NA,sn2026slov
Clinical Autonomic Research,NA,1619-1560,2026-04-20,NA,sn2026slov
Clinical Child and Family Psychology Review,NA,1573-2827,2026-04-20,NA,sn2026slov
Clinical Drug Investigation,NA,1179-1918,2026-04-20,NA,sn2026slov
Clinical Epileptology,NA,2948-1058,2026-04-20,NA,sn2026slov
Clinical Journal of Gastroenterology,NA,1865-7265,2026-04-20,NA,sn2026slov
Clinical Neuroradiology,NA,1869-1447,2026-04-20,NA,sn2026slov
Clinical Oral Investigations,NA,1436-3771,2026-04-20,NA,sn2026slov
Clinical Pharmacokinetics,NA,1179-1926,2026-04-20,NA,sn2026slov
Clinical Research in Cardiology,NA,1861-0692,2026-04-20,NA,sn2026slov
Clinical Research in Cardiology Supplements,NA,1861-0714,2026-04-20,NA,sn2026slov
Clinical Reviews in Allergy & Immunology,NA,1559-0267,2026-04-20,NA,sn2026slov
Clinical Rheumatology,NA,1434-9949,2026-04-20,NA,sn2026slov
Clinical Social Work Journal,NA,1573-3343,2026-04-20,NA,sn2026slov
Cliometrica,NA,1863-2513,2026-04-20,NA,sn2026slov
Cluster Computing,NA,1573-7543,2026-04-20,NA,sn2026slov
CNS Drugs,NA,1179-1934,2026-04-20,NA,sn2026slov
"Cognition, Technology & Work",NA,1435-5566,2026-04-20,NA,sn2026slov
Cognitive Neurodynamics,NA,1871-4099,2026-04-20,NA,sn2026slov
Cognitive Processing,NA,1612-4790,2026-04-20,NA,sn2026slov
Cognitive Therapy and Research,NA,1573-2819,2026-04-20,NA,sn2026slov
"Cognitive, Affective, & Behavioral Neuroscience",NA,1531-135X,2026-04-20,NA,sn2026slov
Collectanea Mathematica,NA,2038-4815,2026-04-20,NA,sn2026slov
Colloid and Polymer Science,NA,1435-1536,2026-04-20,NA,sn2026slov
coloproctology,NA,1615-6730,2026-04-20,NA,sn2026slov
Combinatorica,NA,1439-6912,2026-04-20,NA,sn2026slov
Communications in Mathematical Physics,NA,1432-0916,2026-04-20,NA,sn2026slov
Communications in Mathematics and Statistics,NA,2194-671X,2026-04-20,NA,sn2026slov
Communications on Applied Mathematics and Computation,NA,2661-8893,2026-04-20,NA,sn2026slov
Community Ecology,NA,1588-2756,2026-04-20,NA,sn2026slov
Community Mental Health Journal,NA,1573-2789,2026-04-20,NA,sn2026slov
Comparative Clinical Pathology,NA,1618-565X,2026-04-20,NA,sn2026slov
Comparative Economic Studies,NA,1478-3320,2026-04-20,NA,sn2026slov
Comparative European Politics,NA,1740-388X,2026-04-20,NA,sn2026slov
Complex Analysis and its Synergies,NA,2197-120X,2026-04-20,NA,sn2026slov
Complex Analysis and Operator Theory,NA,1661-8262,2026-04-20,NA,sn2026slov
Computational and Applied Mathematics,NA,1807-0302,2026-04-20,NA,sn2026slov
Computational and Mathematical Organization Theory,NA,1572-9346,2026-04-20,NA,sn2026slov
Computational Brain & Behavior,NA,2522-087X,2026-04-20,NA,sn2026slov
computational complexity,NA,1420-8954,2026-04-20,NA,sn2026slov
Computational Economics,NA,1572-9974,2026-04-20,NA,sn2026slov
Computational Geosciences,NA,1573-1499,2026-04-20,NA,sn2026slov
Computational Management Science,NA,1619-6988,2026-04-20,NA,sn2026slov
Computational Mathematics and Modeling,NA,1573-837X,2026-04-20,NA,sn2026slov
Computational Mechanics,NA,1432-0924,2026-04-20,NA,sn2026slov
Computational Methods and Function Theory,NA,2195-3724,2026-04-20,NA,sn2026slov
Computational Optimization and Applications,NA,1573-2894,2026-04-20,NA,sn2026slov
Computational Statistics,NA,1613-9658,2026-04-20,NA,sn2026slov
Computer Supported Cooperative Work (CSCW),NA,1573-7551,2026-04-20,NA,sn2026slov
Computing,NA,1436-5057,2026-04-20,NA,sn2026slov
Conservation Genetics,NA,1572-9737,2026-04-20,NA,sn2026slov
Conservation Genetics Resources,NA,1877-7260,2026-04-20,NA,sn2026slov
Constitutional Political Economy,NA,1572-9966,2026-04-20,NA,sn2026slov
Constraints,NA,1572-9354,2026-04-20,NA,sn2026slov
Construction Robotics,NA,2509-8780,2026-04-20,NA,sn2026slov
Constructive Approximation,NA,1432-0940,2026-04-20,NA,sn2026slov
Contemporary Family Therapy,NA,1573-3335,2026-04-20,NA,sn2026slov
Contemporary Islam,NA,1872-0226,2026-04-20,NA,sn2026slov
Contemporary Jewry,NA,1876-5165,2026-04-20,NA,sn2026slov
Contemporary Political Theory,NA,1476-9336,2026-04-20,NA,sn2026slov
Contemporary School Psychology,NA,2161-1505,2026-04-20,NA,sn2026slov
Continental Philosophy Review,NA,1573-1103,2026-04-20,NA,sn2026slov
Continuum Mechanics and Thermodynamics,NA,1432-0959,2026-04-20,NA,sn2026slov
Contributions to Mineralogy and Petrology,NA,1432-0967,2026-04-20,NA,sn2026slov
Control Theory and Technology,NA,2198-0942,2026-04-20,NA,sn2026slov
Coral Reefs,NA,1432-0975,2026-04-20,NA,sn2026slov
Corporate Reputation Review,NA,1479-1889,2026-04-20,NA,sn2026slov
Corpus Pragmatics,NA,2509-9515,2026-04-20,NA,sn2026slov
Crime Prevention and Community Safety,NA,1743-4629,2026-04-20,NA,sn2026slov
"Crime, Law and Social Change",NA,1573-0751,2026-04-20,NA,sn2026slov
Criminal Law and Philosophy,NA,1871-9805,2026-04-20,NA,sn2026slov
Criminal Law Forum,NA,1572-9850,2026-04-20,NA,sn2026slov
Critical Criminology,NA,1572-9877,2026-04-20,NA,sn2026slov
Cryptography and Communications,NA,1936-2455,2026-04-20,NA,sn2026slov
CSI Transactions on ICT,NA,2277-9086,2026-04-20,NA,sn2026slov
cultura & psyché,NA,2730-5732,2026-04-20,NA,sn2026slov
Cultural Studies of Science Education,NA,1871-1510,2026-04-20,NA,sn2026slov
"Culture, Medicine, and Psychiatry",NA,1573-076X,2026-04-20,NA,sn2026slov
Current Addiction Reports,NA,2196-2952,2026-04-20,NA,sn2026slov
Current Allergy and Asthma Reports,NA,1534-6315,2026-04-20,NA,sn2026slov
Current Anesthesiology Reports,NA,2167-6275,2026-04-20,NA,sn2026slov
Current Atherosclerosis Reports,NA,1534-6242,2026-04-20,NA,sn2026slov
Current Behavioral Neuroscience Reports,NA,2196-2979,2026-04-20,NA,sn2026slov
Current Bladder Dysfunction Reports,NA,1931-7220,2026-04-20,NA,sn2026slov
Current Breast Cancer Reports,NA,1943-4596,2026-04-20,NA,sn2026slov
Current Cardiology Reports,NA,1534-3170,2026-04-20,NA,sn2026slov
Current Cardiovascular Imaging Reports,NA,1941-9074,2026-04-20,NA,sn2026slov
Current Cardiovascular Risk Reports,NA,1932-9563,2026-04-20,NA,sn2026slov
Current Climate Change Reports,NA,2198-6061,2026-04-20,NA,sn2026slov
Current Clinical Microbiology Reports,NA,2196-5471,2026-04-20,NA,sn2026slov
Current Dermatology Reports,NA,2162-4933,2026-04-20,NA,sn2026slov
Current Developmental Disorders Reports,NA,2196-2987,2026-04-20,NA,sn2026slov
Current Diabetes Reports,NA,1539-0829,2026-04-20,NA,sn2026slov
Current Emergency and Hospital Medicine Reports,NA,2167-4884,2026-04-20,NA,sn2026slov
Current Environmental Health Reports,NA,2196-5412,2026-04-20,NA,sn2026slov
Current Epidemiology Reports,NA,2196-2995,2026-04-20,NA,sn2026slov
Current Food Science and Technology Reports,NA,2662-8473,2026-04-20,NA,sn2026slov
Current Forestry Reports,NA,2198-6436,2026-04-20,NA,sn2026slov
Current Fungal Infection Reports,NA,1936-377X,2026-04-20,NA,sn2026slov
Current Gastroenterology Reports,NA,1534-312X,2026-04-20,NA,sn2026slov
Current Genetic Medicine Reports,NA,2167-4876,2026-04-20,NA,sn2026slov
Current Geriatrics Reports,NA,2196-7865,2026-04-20,NA,sn2026slov
Current Heart Failure Reports,NA,1546-9549,2026-04-20,NA,sn2026slov
Current Hematologic Malignancy Reports,NA,1558-822X,2026-04-20,NA,sn2026slov
Current Hepatology Reports,NA,2195-9595,2026-04-20,NA,sn2026slov
Current HIV/AIDS Reports,NA,1548-3576,2026-04-20,NA,sn2026slov
Current Hypertension Reports,NA,1534-3111,2026-04-20,NA,sn2026slov
Current Infectious Disease Reports,NA,1534-3146,2026-04-20,NA,sn2026slov
Current Landscape Ecology Reports,NA,2364-494X,2026-04-20,NA,sn2026slov
Current Medical Science,NA,2523-899X,2026-04-20,NA,sn2026slov
Current Microbiology,NA,1432-0991,2026-04-20,NA,sn2026slov
Current Neurology and Neuroscience Reports,NA,1534-6293,2026-04-20,NA,sn2026slov
Current Nutrition Reports,NA,2161-3311,2026-04-20,NA,sn2026slov
Current Obesity Reports,NA,2162-4968,2026-04-20,NA,sn2026slov
Current Obstetrics and Gynecology Reports,NA,2161-3303,2026-04-20,NA,sn2026slov
Current Oncology Reports,NA,1534-6269,2026-04-20,NA,sn2026slov
Current Ophthalmology Reports,NA,2167-4868,2026-04-20,NA,sn2026slov
Current Oral Health Reports,NA,2196-3002,2026-04-20,NA,sn2026slov
Current Osteoporosis Reports,NA,1544-2241,2026-04-20,NA,sn2026slov
Current Otorhinolaryngology Reports,NA,2167-583X,2026-04-20,NA,sn2026slov
Current Pain and Headache Reports,NA,1534-3081,2026-04-20,NA,sn2026slov
Current Pediatrics Reports,NA,2167-4841,2026-04-20,NA,sn2026slov
Current Pharmacology Reports,NA,2198-641X,2026-04-20,NA,sn2026slov
Current Physical Medicine and Rehabilitation Reports,NA,2167-4833,2026-04-20,NA,sn2026slov
Current Pollution Reports,NA,2198-6592,2026-04-20,NA,sn2026slov
Current Psychiatry Reports,NA,1535-1645,2026-04-20,NA,sn2026slov
Current Psychology,NA,1936-4733,2026-04-20,NA,sn2026slov
Current Pulmonology Reports,NA,2199-2428,2026-04-20,NA,sn2026slov
Current Radiology Reports,NA,2167-4825,2026-04-20,NA,sn2026slov
Current Reviews in Musculoskeletal Medicine,NA,1935-9748,2026-04-20,NA,sn2026slov
Current Rheumatology Reports,NA,1534-6307,2026-04-20,NA,sn2026slov
Current Sexual Health Reports,NA,1548-3592,2026-04-20,NA,sn2026slov
Current Sleep Medicine Reports,NA,2198-6401,2026-04-20,NA,sn2026slov
Current Soil Science Reports,NA,3091-5228,2026-04-20,NA,sn2026slov
Current Stem Cell Reports,NA,2198-7866,2026-04-20,NA,sn2026slov
Current Surgery Reports,NA,2167-4817,2026-04-20,NA,sn2026slov
Current Sustainable/Renewable Energy Reports,NA,2196-3010,2026-04-20,NA,sn2026slov
Current Tissue Microenvironment Reports,NA,2662-4079,2026-04-20,NA,sn2026slov
Current Transplantation Reports,NA,2196-3029,2026-04-20,NA,sn2026slov
Current Trauma Reports,NA,2198-6096,2026-04-20,NA,sn2026slov
Current Treatment Options in Allergy,NA,2196-3053,2026-04-20,NA,sn2026slov
Current Treatment Options in Cardiovascular Medicine,NA,1534-3189,2026-04-20,NA,sn2026slov
Current Treatment Options in Gastroenterology,NA,1534-309X,2026-04-20,NA,sn2026slov
Current Treatment Options in Neurology,NA,1534-3138,2026-04-20,NA,sn2026slov
Current Treatment Options in Oncology,NA,1534-6277,2026-04-20,NA,sn2026slov
Current Treatment Options in Pediatrics,NA,2198-6088,2026-04-20,NA,sn2026slov
Current Treatment Options in Psychiatry,NA,2196-3061,2026-04-20,NA,sn2026slov
Current Tropical Medicine Reports,NA,2196-3045,2026-04-20,NA,sn2026slov
Current Urology Reports,NA,1534-6285,2026-04-20,NA,sn2026slov
Current Water Management Reports,NA,3091-308X,2026-04-20,NA,sn2026slov
Curriculum Perspectives,NA,2367-1793,2026-04-20,NA,sn2026slov
Customer Needs and Solutions,NA,2196-2928,2026-04-20,NA,sn2026slov
Cybernetics and Systems Analysis,NA,1573-8337,2026-04-20,NA,sn2026slov
Cytotechnology,NA,1573-0778,2026-04-20,NA,sn2026slov
Czechoslovak Mathematical Journal,NA,1572-9141,2026-04-20,NA,sn2026slov
Dao,NA,1569-7274,2026-04-20,NA,sn2026slov
DARU Journal of Pharmaceutical Sciences,NA,2008-2231,2026-04-20,NA,sn2026slov
Das Magazin für Health Professionals – ÖKZ,NA,3059-4790,2026-04-20,NA,sn2026slov
Data Mining and Knowledge Discovery,NA,1573-756X,2026-04-20,NA,sn2026slov
Data Science for Transportation,NA,2948-1368,2026-04-20,NA,sn2026slov
Datenbank-Spektrum,NA,1610-1995,2026-04-20,NA,sn2026slov
Datenschutz und Datensicherheit - DuD,NA,1862-2607,2026-04-20,NA,sn2026slov
De Economist,NA,1572-9982,2026-04-20,NA,sn2026slov
DECISION,NA,2197-1722,2026-04-20,NA,sn2026slov
Decisions in Economics and Finance,NA,1129-6569,2026-04-20,NA,sn2026slov
Der Nervenarzt,NA,1433-0407,2026-04-20,NA,sn2026slov
Der Schmerz,NA,1432-2129,2026-04-20,NA,sn2026slov
Design Automation for Embedded Systems,NA,1572-8080,2026-04-20,NA,sn2026slov
"Designs, Codes and Cryptography",NA,1573-7586,2026-04-20,NA,sn2026slov
Deutsche Vierteljahrsschrift für Literaturwissenschaft und Geistesgeschichte,NA,2365-9521,2026-04-20,NA,sn2026slov
Deutsche Zeitschrift für Akupunktur,NA,1439-4359,2026-04-20,NA,sn2026slov
DGNeurologie,NA,2524-3454,2026-04-20,NA,sn2026slov
Diabetologia,NA,1432-0428,2026-04-20,NA,sn2026slov
Diabetology International,NA,2190-1686,2026-04-20,NA,sn2026slov
Dialectical Anthropology,NA,1573-0786,2026-04-20,NA,sn2026slov
Die Anaesthesiologie,NA,2731-6866,2026-04-20,NA,sn2026slov
Die Chirurgie,NA,2731-698X,2026-04-20,NA,sn2026slov
Die Dermatologie,NA,2731-7013,2026-04-20,NA,sn2026slov
Die Diabetologie,NA,2731-7455,2026-04-20,NA,sn2026slov
Die Gastroenterologie,NA,2731-7439,2026-04-20,NA,sn2026slov
Die Gynäkologie,NA,2731-7110,2026-04-20,NA,sn2026slov
Die Innere Medizin,NA,2731-7099,2026-04-20,NA,sn2026slov
Die Kardiologie,NA,2731-7137,2026-04-20,NA,sn2026slov
Die MKG-Chirurgie,NA,2731-7498,2026-04-20,NA,sn2026slov
Die Nephrologie,NA,2731-7471,2026-04-20,NA,sn2026slov
Die Onkologie,NA,2731-7234,2026-04-20,NA,sn2026slov
Die Ophthalmologie,NA,2731-7218,2026-04-20,NA,sn2026slov
Die Orthopädie,NA,2731-7153,2026-04-20,NA,sn2026slov
Die Pathologie,NA,2731-7196,2026-04-20,NA,sn2026slov
Die Psychotherapie,NA,2731-717X,2026-04-20,NA,sn2026slov
Die Radiologie,NA,2731-7056,2026-04-20,NA,sn2026slov
Die Unfallchirurgie,NA,2731-703X,2026-04-20,NA,sn2026slov
Die Urologie,NA,2731-7072,2026-04-20,NA,sn2026slov
Differential Equations and Dynamical Systems,NA,0974-6870,2026-04-20,NA,sn2026slov
Digestive Diseases and Sciences,NA,1573-2568,2026-04-20,NA,sn2026slov
Digital Experiences in Mathematics Education,NA,2199-3254,2026-04-20,NA,sn2026slov
Digital Finance,NA,2524-6186,2026-04-20,NA,sn2026slov
Digital Society,NA,2731-4669,2026-04-20,NA,sn2026slov
Digital War,NA,2662-1983,2026-04-20,NA,sn2026slov
Discrete & Computational Geometry,NA,1432-0444,2026-04-20,NA,sn2026slov
Discrete Event Dynamic Systems,NA,1573-7594,2026-04-20,NA,sn2026slov
Distributed and Parallel Databases,NA,1573-7578,2026-04-20,NA,sn2026slov
Distributed Computing,NA,1432-0452,2026-04-20,NA,sn2026slov
Documenta Ophthalmologica,NA,1573-2622,2026-04-20,NA,sn2026slov
Drug Delivery and Translational Research,NA,2190-3948,2026-04-20,NA,sn2026slov
Drug Safety,NA,1179-1942,2026-04-20,NA,sn2026slov
Drugs,NA,1179-1950,2026-04-20,NA,sn2026slov
Drugs & Aging,NA,1179-1969,2026-04-20,NA,sn2026slov
Dynamic Games and Applications,NA,2153-0793,2026-04-20,NA,sn2026slov
Dysphagia,NA,1432-0460,2026-04-20,NA,sn2026slov
e+i Elektrotechnik und Informationstechnik,NA,1613-7620,2026-04-20,NA,sn2026slov
Early Childhood Education Journal,NA,1573-1707,2026-04-20,NA,sn2026slov
Earth Science Informatics,NA,1865-0481,2026-04-20,NA,sn2026slov
Earth Systems and Environment,NA,2509-9434,2026-04-20,NA,sn2026slov
Earthquake Engineering and Engineering Vibration,NA,1993-503X,2026-04-20,NA,sn2026slov
East Asia,NA,1874-6284,2026-04-20,NA,sn2026slov
Eastern Economic Journal,NA,1939-4632,2026-04-20,NA,sn2026slov
EcoHealth,NA,1612-9210,2026-04-20,NA,sn2026slov
Economia Politica,NA,1973-820X,2026-04-20,NA,sn2026slov
Economic Change and Restructuring,NA,1574-0277,2026-04-20,NA,sn2026slov
Economic Theory,NA,1432-0479,2026-04-20,NA,sn2026slov
Economic Theory Bulletin,NA,2196-1093,2026-04-20,NA,sn2026slov
Economics of Disasters and Climate Change,NA,2511-1299,2026-04-20,NA,sn2026slov
Economics of Governance,NA,1435-8131,2026-04-20,NA,sn2026slov
Ecosystems,NA,1435-0629,2026-04-20,NA,sn2026slov
Ecotoxicology,NA,1573-3017,2026-04-20,NA,sn2026slov
Education and Information Technologies,NA,1573-7608,2026-04-20,NA,sn2026slov
Education and Treatment of Children,NA,1934-8924,2026-04-20,NA,sn2026slov
"Educational Assessment, Evaluation and Accountability",NA,1874-8600,2026-04-20,NA,sn2026slov
Educational Psychology Review,NA,1573-336X,2026-04-20,NA,sn2026slov
Educational Research for Policy and Practice,NA,1573-1723,2026-04-20,NA,sn2026slov
Educational Studies in Mathematics,NA,1573-0816,2026-04-20,NA,sn2026slov
Educational technology research and development,NA,1556-6501,2026-04-20,NA,sn2026slov
Electrical Engineering,NA,1432-0487,2026-04-20,NA,sn2026slov
Electrocatalysis,NA,1868-5994,2026-04-20,NA,sn2026slov
Electrochemical Energy Reviews,NA,2520-8136,2026-04-20,NA,sn2026slov
Electronic Commerce Research,NA,1572-9362,2026-04-20,NA,sn2026slov
Electronic Markets,NA,1422-8890,2026-04-20,NA,sn2026slov
Electronic Materials Letters,NA,2093-6788,2026-04-20,NA,sn2026slov
Emergency Radiology,NA,1438-1435,2026-04-20,NA,sn2026slov
Emergent Materials,NA,2522-574X,2026-04-20,NA,sn2026slov
Emission Control Science and Technology,NA,2199-3637,2026-04-20,NA,sn2026slov
Empirica,NA,1573-6911,2026-04-20,NA,sn2026slov
Empirical Economics,NA,1435-8921,2026-04-20,NA,sn2026slov
Empirical Software Engineering,NA,1573-7616,2026-04-20,NA,sn2026slov
Employee Responsibilities and Rights Journal,NA,1573-3378,2026-04-20,NA,sn2026slov
Endocrine,NA,1559-0100,2026-04-20,NA,sn2026slov
Endocrine Pathology,NA,1559-0097,2026-04-20,NA,sn2026slov
Energy Efficiency,NA,1570-6478,2026-04-20,NA,sn2026slov
Energy Systems,NA,1868-3975,2026-04-20,NA,sn2026slov
"Energy, Ecology and Environment",NA,2363-8338,2026-04-20,NA,sn2026slov
ENGINEERING Chemical Engineering,NA,3091-5007,2026-04-20,NA,sn2026slov
ENGINEERING Energy,NA,3091-5023,2026-04-20,NA,sn2026slov
ENGINEERING Environment,NA,3091-5066,2026-04-20,NA,sn2026slov
ENGINEERING Management,NA,3091-5082,2026-04-20,NA,sn2026slov
ENGINEERING Mechanical Engineering,NA,3091-4965,2026-04-20,NA,sn2026slov
Engineering Research,NA,3091-3306,2026-04-20,NA,sn2026slov
ENGINEERING Structure and Civil Engineering,NA,3091-504X,2026-04-20,NA,sn2026slov
Engineering with Computers,NA,1435-5663,2026-04-20,NA,sn2026slov
English Teaching & Learning,NA,2522-8560,2026-04-20,NA,sn2026slov
Entrepreneurship Education,NA,2520-8152,2026-04-20,NA,sn2026slov
Environment Systems and Decisions,NA,2194-5411,2026-04-20,NA,sn2026slov
"Environment, Development and Sustainability",NA,1573-2975,2026-04-20,NA,sn2026slov
Environmental and Ecological Statistics,NA,1573-3009,2026-04-20,NA,sn2026slov
Environmental and Resource Economics,NA,1573-1502,2026-04-20,NA,sn2026slov
Environmental Biology of Fishes,NA,1573-5133,2026-04-20,NA,sn2026slov
Environmental Chemistry Letters,NA,1610-3661,2026-04-20,NA,sn2026slov
Environmental Economics and Policy Studies,NA,1867-383X,2026-04-20,NA,sn2026slov
Environmental Fluid Mechanics,NA,1573-1510,2026-04-20,NA,sn2026slov
Environmental Geochemistry and Health,NA,1573-2983,2026-04-20,NA,sn2026slov
Environmental Management,NA,1432-1009,2026-04-20,NA,sn2026slov
Environmental Modeling & Assessment,NA,1573-2967,2026-04-20,NA,sn2026slov
Environmental Monitoring and Assessment,NA,1573-2959,2026-04-20,NA,sn2026slov
Environmental Processes,NA,2198-7505,2026-04-20,NA,sn2026slov
Environmental Science and Pollution Research,NA,1614-7499,2026-04-20,NA,sn2026slov
Environmental Sustainability,NA,2523-8922,2026-04-20,NA,sn2026slov
EPMA Journal,NA,1878-5085,2026-04-20,NA,sn2026slov
ERA Forum,NA,1863-9038,2026-04-20,NA,sn2026slov
Erkenntnis,NA,1572-8420,2026-04-20,NA,sn2026slov
Esophagus,NA,1612-9067,2026-04-20,NA,sn2026slov
Estuaries and Coasts,NA,1559-2731,2026-04-20,NA,sn2026slov
Ethical Theory and Moral Practice,NA,1572-8447,2026-04-20,NA,sn2026slov
Ethics and Information Technology,NA,1572-8439,2026-04-20,NA,sn2026slov
Ethik in der Medizin,NA,1437-1618,2026-04-20,NA,sn2026slov
Ethnobotany and Economic Botany,NA,3091-2911,2026-04-20,NA,sn2026slov
Euphytica,NA,1573-5060,2026-04-20,NA,sn2026slov
Eurasian Business Review,NA,2147-4281,2026-04-20,NA,sn2026slov
Eurasian Economic Review,NA,2147-429X,2026-04-20,NA,sn2026slov
Euro-Mediterranean Journal for Environmental Integration,NA,2365-7448,2026-04-20,NA,sn2026slov
European Actuarial Journal,NA,2190-9741,2026-04-20,NA,sn2026slov
European Archives of Oto-Rhino-Laryngology,NA,1434-4726,2026-04-20,NA,sn2026slov
European Archives of Paediatric Dentistry,NA,1996-9805,2026-04-20,NA,sn2026slov
European Archives of Psychiatry and Clinical Neuroscience,NA,1433-8491,2026-04-20,NA,sn2026slov
European Biophysics Journal,NA,1432-1017,2026-04-20,NA,sn2026slov
European Business Organization Law Review,NA,1741-6205,2026-04-20,NA,sn2026slov
European Child & Adolescent Psychiatry,NA,1435-165X,2026-04-20,NA,sn2026slov
European Food Research and Technology,NA,1438-2385,2026-04-20,NA,sn2026slov
European Geriatric Medicine,NA,1878-7657,2026-04-20,NA,sn2026slov
European Journal for Philosophy of Science,NA,1879-4920,2026-04-20,NA,sn2026slov
European Journal for Security Research,NA,2365-1695,2026-04-20,NA,sn2026slov
European Journal of Applied Physiology,NA,1439-6327,2026-04-20,NA,sn2026slov
European Journal of Clinical Microbiology & Infectious Diseases,NA,1435-4373,2026-04-20,NA,sn2026slov
European Journal of Clinical Nutrition,NA,1476-5640,2026-04-20,NA,sn2026slov
European Journal of Clinical Pharmacology,NA,1432-1041,2026-04-20,NA,sn2026slov
European Journal of Drug Metabolism and Pharmacokinetics,NA,2107-0180,2026-04-20,NA,sn2026slov
European Journal of Epidemiology,NA,1573-7284,2026-04-20,NA,sn2026slov
European Journal of Forest Research,NA,1612-4677,2026-04-20,NA,sn2026slov
European Journal of Human Genetics,NA,1476-5438,2026-04-20,NA,sn2026slov
European Journal of Law and Economics,NA,1572-9990,2026-04-20,NA,sn2026slov
European Journal of Mathematics,NA,2199-6768,2026-04-20,NA,sn2026slov
European Journal of Nuclear Medicine and Molecular Imaging,NA,1619-7089,2026-04-20,NA,sn2026slov
European Journal of Nutrition,NA,1436-6215,2026-04-20,NA,sn2026slov
European Journal of Orthopaedic Surgery & Traumatology,NA,1432-1068,2026-04-20,NA,sn2026slov
European Journal of Pediatrics,NA,1432-1076,2026-04-20,NA,sn2026slov
European Journal of Plant Pathology,NA,1573-8469,2026-04-20,NA,sn2026slov
European Journal of Plastic Surgery,NA,1435-0130,2026-04-20,NA,sn2026slov
European Journal of Psychology of Education,NA,1878-5174,2026-04-20,NA,sn2026slov
European Journal of Trauma and Emergency Surgery,NA,1863-9941,2026-04-20,NA,sn2026slov
European Journal of Wildlife Research,NA,1439-0574,2026-04-20,NA,sn2026slov
European Journal of Wood and Wood Products,NA,1436-736X,2026-04-20,NA,sn2026slov
European Journal on Criminal Policy and Research,NA,1572-9869,2026-04-20,NA,sn2026slov
European Radiology,NA,1432-1084,2026-04-20,NA,sn2026slov
European Spine Journal,NA,1432-0932,2026-04-20,NA,sn2026slov
European Surgery,NA,1682-4016,2026-04-20,NA,sn2026slov
Evidence-Based Dentistry,NA,1476-5446,2026-04-20,NA,sn2026slov
Evolutionary and Institutional Economics Review,NA,2188-2096,2026-04-20,NA,sn2026slov
Evolutionary Biology,NA,1934-2845,2026-04-20,NA,sn2026slov
Evolutionary Ecology,NA,1573-8477,2026-04-20,NA,sn2026slov
Evolutionary Intelligence,NA,1864-5917,2026-04-20,NA,sn2026slov
Evolutionary Psychological Science,NA,2198-9885,2026-04-20,NA,sn2026slov
Evolving Systems,NA,1868-6486,2026-04-20,NA,sn2026slov
Experimental and Applied Acarology,NA,1572-9702,2026-04-20,NA,sn2026slov
Experimental and Computational Multiphase Flow,NA,2661-8877,2026-04-20,NA,sn2026slov
Experimental Astronomy,NA,1572-9508,2026-04-20,NA,sn2026slov
Experimental Brain Research,NA,1432-1106,2026-04-20,NA,sn2026slov
Experimental Mechanics,NA,1741-2765,2026-04-20,NA,sn2026slov
Experimental Techniques,NA,1747-1567,2026-04-20,NA,sn2026slov
Experiments in Fluids,NA,1432-1114,2026-04-20,NA,sn2026slov
Exposure and Health,NA,2451-9685,2026-04-20,NA,sn2026slov
Extremes,NA,1572-915X,2026-04-20,NA,sn2026slov
Extremophiles,NA,1433-4909,2026-04-20,NA,sn2026slov
Eye,NA,1476-5454,2026-04-20,NA,sn2026slov
Facies,NA,1612-4820,2026-04-20,NA,sn2026slov
Familial Cancer,NA,1573-7292,2026-04-20,NA,sn2026slov
Feminist Legal Studies,NA,1572-8455,2026-04-20,NA,sn2026slov
Few-Body Systems,NA,1432-5411,2026-04-20,NA,sn2026slov
Fibers and Polymers,NA,1875-0052,2026-04-20,NA,sn2026slov
Finance and Stochastics,NA,1432-1122,2026-04-20,NA,sn2026slov
Financial Markets and Portfolio Management,NA,2373-8529,2026-04-20,NA,sn2026slov
Fire Technology,NA,1572-8099,2026-04-20,NA,sn2026slov
Fish Physiology and Biochemistry,NA,1573-5168,2026-04-20,NA,sn2026slov
Fisheries Science,NA,1444-2906,2026-04-20,NA,sn2026slov
Flexible Services and Manufacturing Journal,NA,1936-6590,2026-04-20,NA,sn2026slov
"Flow, Turbulence and Combustion",NA,1573-1987,2026-04-20,NA,sn2026slov
Folia Geobotanica,NA,1874-9348,2026-04-20,NA,sn2026slov
Folia Microbiologica,NA,1874-9356,2026-04-20,NA,sn2026slov
Food Analytical Methods,NA,1936-976X,2026-04-20,NA,sn2026slov
Food and Bioprocess Technology,NA,1935-5149,2026-04-20,NA,sn2026slov
Food and Environmental Virology,NA,1867-0342,2026-04-20,NA,sn2026slov
Food Biophysics,NA,1557-1866,2026-04-20,NA,sn2026slov
Food Engineering Reviews,NA,1866-7929,2026-04-20,NA,sn2026slov
Food Ethics,NA,2364-6861,2026-04-20,NA,sn2026slov
Food Science and Biotechnology,NA,2092-6456,2026-04-20,NA,sn2026slov
Food Security,NA,1876-4525,2026-04-20,NA,sn2026slov
"Forensic Science, Medicine and Pathology",NA,1556-2891,2026-04-20,NA,sn2026slov
Forensic Toxicology,NA,1860-8973,2026-04-20,NA,sn2026slov
"Forensische Psychiatrie, Psychologie, Kriminologie",NA,1862-7080,2026-04-20,NA,sn2026slov
Forest Science,NA,1938-3738,2026-04-20,NA,sn2026slov
Formal Methods in System Design,NA,1572-8102,2026-04-20,NA,sn2026slov
Forum,NA,2190-9784,2026-04-20,NA,sn2026slov
Forum der Psychoanalyse,NA,1437-0751,2026-04-20,NA,sn2026slov
Foundations of Chemistry,NA,1572-8463,2026-04-20,NA,sn2026slov
Foundations of Computational Mathematics,NA,1615-3383,2026-04-20,NA,sn2026slov
Foundations of Physics,NA,1572-9516,2026-04-20,NA,sn2026slov
Foundations of Science,NA,1572-8471,2026-04-20,NA,sn2026slov
Fractional Calculus and Applied Analysis,NA,1314-2224,2026-04-20,NA,sn2026slov
French Politics,NA,1476-3427,2026-04-20,NA,sn2026slov
Frontiers of Computer Science,NA,2095-2236,2026-04-20,NA,sn2026slov
Frontiers of Digital Education,NA,2097-3926,2026-04-20,NA,sn2026slov
Frontiers of Earth Science,NA,2095-0209,2026-04-20,NA,sn2026slov
Frontiers of Materials Science,NA,2095-0268,2026-04-20,NA,sn2026slov
Fudan Journal of the Humanities and Social Sciences,NA,2198-2600,2026-04-20,NA,sn2026slov
Functional & Integrative Genomics,NA,1438-7948,2026-04-20,NA,sn2026slov
Fuzzy Optimization and Decision Making,NA,1573-2908,2026-04-20,NA,sn2026slov
Gastric Cancer,NA,1436-3305,2026-04-20,NA,sn2026slov
Gefässchirurgie,NA,1434-3932,2026-04-20,NA,sn2026slov
GEM - International Journal on Geomathematics,NA,1869-2680,2026-04-20,NA,sn2026slov
Gender Issues,NA,1936-4717,2026-04-20,NA,sn2026slov
Gene Therapy,NA,1476-5462,2026-04-20,NA,sn2026slov
General Relativity and Gravitation,NA,1572-9532,2026-04-20,NA,sn2026slov
General Thoracic and Cardiovascular Surgery,NA,1863-6713,2026-04-20,NA,sn2026slov
Genes & Genomics,NA,2092-9293,2026-04-20,NA,sn2026slov
Genes & Immunity,NA,1476-5470,2026-04-20,NA,sn2026slov
Genetic Programming and Evolvable Machines,NA,1573-7632,2026-04-20,NA,sn2026slov
Genetic Resources and Crop Evolution,NA,1573-5109,2026-04-20,NA,sn2026slov
Genetica,NA,1573-6857,2026-04-20,NA,sn2026slov
Genome Instability & Disease,NA,2524-7662,2026-04-20,NA,sn2026slov
Geo-Marine Letters,NA,1432-1157,2026-04-20,NA,sn2026slov
Geoheritage,NA,1867-2485,2026-04-20,NA,sn2026slov
GeoInformatica,NA,1573-7624,2026-04-20,NA,sn2026slov
GeoJournal,NA,1572-9893,2026-04-20,NA,sn2026slov
Geometriae Dedicata,NA,1572-9168,2026-04-20,NA,sn2026slov
Geometric and Functional Analysis,NA,1420-8970,2026-04-20,NA,sn2026slov
Geosciences Journal,NA,1598-7477,2026-04-20,NA,sn2026slov
Geotechnical and Geological Engineering,NA,1573-1529,2026-04-20,NA,sn2026slov
German Journal of Exercise and Sport Research,NA,2509-3150,2026-04-20,NA,sn2026slov
GeroScience,NA,2509-2723,2026-04-20,NA,sn2026slov
Glass Structures & Engineering,NA,2363-5150,2026-04-20,NA,sn2026slov
Global Implementation Research and Applications,NA,2662-9275,2026-04-20,NA,sn2026slov
Global Journal of Flexible Systems Management,NA,0974-0198,2026-04-20,NA,sn2026slov
Global Philosophy,NA,2948-1538,2026-04-20,NA,sn2026slov
Global Public Policy and Governance,NA,2730-6305,2026-04-20,NA,sn2026slov
Global Social Welfare,NA,2196-8799,2026-04-20,NA,sn2026slov
Global Surgical Education - Journal of the Association for Surgical Education,NA,2731-4588,2026-04-20,NA,sn2026slov
Glycoconjugate Journal,NA,1573-4986,2026-04-20,NA,sn2026slov
GPS Solutions,NA,1521-1886,2026-04-20,NA,sn2026slov
Graefe's Archive for Clinical and Experimental Ophthalmology,NA,1435-702X,2026-04-20,NA,sn2026slov
Granular Matter,NA,1434-7636,2026-04-20,NA,sn2026slov
Graphene and 2D Materials,NA,2731-6513,2026-04-20,NA,sn2026slov
Graphs and Combinatorics,NA,1435-5914,2026-04-20,NA,sn2026slov
Group Decision and Negotiation,NA,1572-9907,2026-04-20,NA,sn2026slov
Grundwasser,NA,1432-1165,2026-04-20,NA,sn2026slov
Gruppe. Interaktion. Organisation. Zeitschrift für Angewandte Organisationspsychologie (GIO),NA,2366-6218,2026-04-20,NA,sn2026slov
Gynäkologie in der Praxis,NA,3005-0766,2026-04-20,NA,sn2026slov
Gynäkologische Endokrinologie,NA,1610-2908,2026-04-20,NA,sn2026slov
Hague Journal on the Rule of Law,NA,1876-4053,2026-04-20,NA,sn2026slov
hautnah,NA,2192-6484,2026-04-20,NA,sn2026slov
Head and Neck Pathology,NA,1936-0568,2026-04-20,NA,sn2026slov
Health and Technology,NA,2190-7196,2026-04-20,NA,sn2026slov
Health Care Analysis,NA,1573-3394,2026-04-20,NA,sn2026slov
Health Care Management Science,NA,1572-9389,2026-04-20,NA,sn2026slov
Health Information Science and Systems,NA,2047-2501,2026-04-20,NA,sn2026slov
Health Services and Outcomes Research Methodology,NA,1572-9400,2026-04-20,NA,sn2026slov
Heart and Vessels,NA,1615-2573,2026-04-20,NA,sn2026slov
Heart Failure Reviews,NA,1573-7322,2026-04-20,NA,sn2026slov
Heat and Mass Transfer,NA,1432-1181,2026-04-20,NA,sn2026slov
HEC Forum,NA,1572-8498,2026-04-20,NA,sn2026slov
HeilberufeScience,NA,2190-2100,2026-04-20,NA,sn2026slov
Hepatology International,NA,1936-0541,2026-04-20,NA,sn2026slov
Heredity,NA,1365-2540,2026-04-20,NA,sn2026slov
Hernia,NA,1248-9204,2026-04-20,NA,sn2026slov
Herz,NA,1615-6692,2026-04-20,NA,sn2026slov
Herzschrittmachertherapie + Elektrophysiologie,NA,1435-1544,2026-04-20,NA,sn2026slov
High Blood Pressure & Cardiovascular Prevention,NA,1179-1985,2026-04-20,NA,sn2026slov
High Entropy Alloys & Materials,NA,2731-5827,2026-04-20,NA,sn2026slov
High Temperature Corrosion of Materials,NA,2731-8400,2026-04-20,NA,sn2026slov
Higher Education,NA,1573-174X,2026-04-20,NA,sn2026slov
Higher Education Policy,NA,1740-3863,2026-04-20,NA,sn2026slov
Histochemistry and Cell Biology,NA,1432-119X,2026-04-20,NA,sn2026slov
Historical Archaeology,NA,2328-1103,2026-04-20,NA,sn2026slov
History and Philosophy of the Life Sciences,NA,1742-6316,2026-04-20,NA,sn2026slov
HMD Praxis der Wirtschaftsinformatik,NA,2198-2775,2026-04-20,NA,sn2026slov
HNO,NA,1433-0458,2026-04-20,NA,sn2026slov
Homo Oeconomicus,NA,2366-6161,2026-04-20,NA,sn2026slov
Hormones,NA,2520-8721,2026-04-20,NA,sn2026slov
"Horticulture, Environment, and Biotechnology",NA,2211-3460,2026-04-20,NA,sn2026slov
Human Arenas,NA,2522-5804,2026-04-20,NA,sn2026slov
Human Cell,NA,1749-0774,2026-04-20,NA,sn2026slov
Human Ecology,NA,1572-9915,2026-04-20,NA,sn2026slov
Human Genetics,NA,1432-1203,2026-04-20,NA,sn2026slov
Human Nature,NA,1936-4776,2026-04-20,NA,sn2026slov
Human Rights Review,NA,1874-6306,2026-04-20,NA,sn2026slov
Human Studies,NA,1572-851X,2026-04-20,NA,sn2026slov
Human-Intelligent Systems Integration,NA,2524-4884,2026-04-20,NA,sn2026slov
Humanistic Management Journal,NA,2366-6048,2026-04-20,NA,sn2026slov
Husserl Studies,NA,1572-8501,2026-04-20,NA,sn2026slov
Hydrobiologia,NA,1573-5117,2026-04-20,NA,sn2026slov
Hydrogeology Journal,NA,1435-0157,2026-04-20,NA,sn2026slov
Hypertension Research,NA,1348-4214,2026-04-20,NA,sn2026slov
Ichthyological Research,NA,1616-3915,2026-04-20,NA,sn2026slov
IIC - International Review of Intellectual Property and Competition Law,NA,2195-0237,2026-04-20,NA,sn2026slov
Immunogenetics,NA,1432-1211,2026-04-20,NA,sn2026slov
Immunologic Research,NA,1559-0755,2026-04-20,NA,sn2026slov
In Silico Pharmacology,NA,2193-9616,2026-04-20,NA,sn2026slov
In Vitro Cellular & Developmental Biology - Animal,NA,1543-706X,2026-04-20,NA,sn2026slov
In Vitro Cellular & Developmental Biology - Plant,NA,1475-2689,2026-04-20,NA,sn2026slov
In vitro models,NA,2731-3441,2026-04-20,NA,sn2026slov
Indian Economic Review,NA,2520-1778,2026-04-20,NA,sn2026slov
Indian Geotechnical Journal,NA,2277-3347,2026-04-20,NA,sn2026slov
Indian Journal of Clinical Biochemistry,NA,0974-0422,2026-04-20,NA,sn2026slov
Indian Journal of Gastroenterology,NA,0975-0711,2026-04-20,NA,sn2026slov
Indian Journal of Genetics and Plant Breeding,NA,0975-6906,2026-04-20,NA,sn2026slov
Indian Journal of Gynecologic Oncology,NA,2363-8400,2026-04-20,NA,sn2026slov
Indian Journal of Hematology and Blood Transfusion,NA,0974-0449,2026-04-20,NA,sn2026slov
Indian Journal of Microbiology,NA,0973-7715,2026-04-20,NA,sn2026slov
Indian Journal of Orthopaedics,NA,1998-3727,2026-04-20,NA,sn2026slov
Indian Journal of Otolaryngology and Head & Neck Surgery,NA,0973-7707,2026-04-20,NA,sn2026slov
Indian Journal of Pediatrics,NA,0973-7693,2026-04-20,NA,sn2026slov
Indian Journal of Physics,NA,0974-9845,2026-04-20,NA,sn2026slov
Indian Journal of Surgery,NA,0973-9793,2026-04-20,NA,sn2026slov
Indian Journal of Surgical Oncology,NA,0976-6952,2026-04-20,NA,sn2026slov
Indian Journal of Thoracic and Cardiovascular Surgery,NA,0973-7723,2026-04-20,NA,sn2026slov
Indian Pediatrics,NA,0974-7559,2026-04-20,NA,sn2026slov
Indian Phytopathology,NA,2248-9800,2026-04-20,NA,sn2026slov
Infection,NA,1439-0973,2026-04-20,NA,sn2026slov
Inflammation Research,NA,1420-908X,2026-04-20,NA,sn2026slov
Inflammopharmacology,NA,1568-5608,2026-04-20,NA,sn2026slov
Informatik Spektrum,NA,1432-122X,2026-04-20,NA,sn2026slov
Information Geometry,NA,2511-249X,2026-04-20,NA,sn2026slov
Information Systems and e-Business Management,NA,1617-9854,2026-04-20,NA,sn2026slov
Information Systems Frontiers,NA,1572-9419,2026-04-20,NA,sn2026slov
Information Technology & Tourism,NA,1943-4294,2026-04-20,NA,sn2026slov
Information Technology and Management,NA,1573-7667,2026-04-20,NA,sn2026slov
Innovations in Systems and Software Engineering,NA,1614-5054,2026-04-20,NA,sn2026slov
Innovative Higher Education,NA,1573-1758,2026-04-20,NA,sn2026slov
Innovative Infrastructure Solutions,NA,2364-4184,2026-04-20,NA,sn2026slov
Insectes Sociaux,NA,1420-9098,2026-04-20,NA,sn2026slov
Instructional Science,NA,1573-1952,2026-04-20,NA,sn2026slov
Integral Equations and Operator Theory,NA,1420-8989,2026-04-20,NA,sn2026slov
Integrating Materials and Manufacturing Innovation,NA,2193-9772,2026-04-20,NA,sn2026slov
Integrative Psychological and Behavioral Science,NA,1936-3567,2026-04-20,NA,sn2026slov
Intelligent Service Robotics,NA,1861-2784,2026-04-20,NA,sn2026slov
Intensive Care Medicine,NA,1432-1238,2026-04-20,NA,sn2026slov
Interactions,NA,3005-0731,2026-04-20,NA,sn2026slov
Interchange,NA,1573-1790,2026-04-20,NA,sn2026slov
Interdisciplinary Sciences: Computational Life Sciences,NA,1867-1462,2026-04-20,NA,sn2026slov
Interest Groups & Advocacy,NA,2047-7422,2026-04-20,NA,sn2026slov
Internal and Emergency Medicine,NA,1970-9366,2026-04-20,NA,sn2026slov
International Advances in Economic Research,NA,1573-966X,2026-04-20,NA,sn2026slov
International Applied Mechanics,NA,1573-8582,2026-04-20,NA,sn2026slov
International Archives of Occupational and Environmental Health,NA,1432-1246,2026-04-20,NA,sn2026slov
International Cancer Conference Journal,NA,2192-3183,2026-04-20,NA,sn2026slov
International Communication of Chinese Culture,NA,2197-4241,2026-04-20,NA,sn2026slov
International Criminology,NA,2662-9976,2026-04-20,NA,sn2026slov
International Cybersecurity Law Review,NA,2662-9739,2026-04-20,NA,sn2026slov
International Economics and Economic Policy,NA,1612-4812,2026-04-20,NA,sn2026slov
International Entrepreneurship and Management Journal,NA,1555-1938,2026-04-20,NA,sn2026slov
"International Environmental Agreements: Politics, Law and Economics",NA,1573-1553,2026-04-20,NA,sn2026slov
International Journal for Educational and Vocational Guidance,NA,1573-1782,2026-04-20,NA,sn2026slov
International Journal for Philosophy of Religion,NA,1572-8684,2026-04-20,NA,sn2026slov
International Journal for the Advancement of Counselling,NA,1573-3246,2026-04-20,NA,sn2026slov
International Journal for the Semiotics of Law - Revue internationale de Sémiotique juridique,NA,1572-8722,2026-04-20,NA,sn2026slov
International Journal of Advances in Engineering Sciences and Applied Mathematics,NA,0975-5616,2026-04-20,NA,sn2026slov
International Journal of Aeronautical and Space Sciences,NA,2093-2480,2026-04-20,NA,sn2026slov
International Journal of Applied and Computational Mathematics,NA,2199-5796,2026-04-20,NA,sn2026slov
International Journal of Applied Positive Psychology,NA,2364-5059,2026-04-20,NA,sn2026slov
International Journal of Automotive Technology,NA,1976-3832,2026-04-20,NA,sn2026slov
International Journal of Behavioral Medicine,NA,1532-7558,2026-04-20,NA,sn2026slov
International Journal of Biometeorology,NA,1432-1254,2026-04-20,NA,sn2026slov
International Journal of Bullying Prevention,NA,2523-3661,2026-04-20,NA,sn2026slov
International Journal of Civil Engineering,NA,2383-3874,2026-04-20,NA,sn2026slov
International Journal of Clinical Oncology,NA,1437-7772,2026-04-20,NA,sn2026slov
International Journal of Cognitive Behavioral Therapy,NA,3059-3042,2026-04-20,NA,sn2026slov
International Journal of Community Well-Being,NA,2524-5309,2026-04-20,NA,sn2026slov
International Journal of Computer Assisted Radiology and Surgery,NA,1861-6429,2026-04-20,NA,sn2026slov
International Journal of Computer Vision,NA,1573-1405,2026-04-20,NA,sn2026slov
International Journal of Computer-Supported Collaborative Learning,NA,1556-1615,2026-04-20,NA,sn2026slov
"International Journal of Control, Automation, and Systems",NA,2005-4092,2026-04-20,NA,sn2026slov
International Journal of Data Science and Analytics,NA,2364-4168,2026-04-20,NA,sn2026slov
International Journal of Diabetes in Developing Countries,NA,1998-3832,2026-04-20,NA,sn2026slov
International Journal of Digital Humanities,NA,2524-7840,2026-04-20,NA,sn2026slov
International Journal of Disclosure and Governance,NA,1746-6539,2026-04-20,NA,sn2026slov
International Journal of Dynamics and Control,NA,2195-2698,2026-04-20,NA,sn2026slov
International Journal of Early Childhood,NA,1878-4658,2026-04-20,NA,sn2026slov
International Journal of Earth Sciences,NA,1437-3262,2026-04-20,NA,sn2026slov
International Journal of Economic Policy Studies,NA,1881-4387,2026-04-20,NA,sn2026slov
International Journal of Energy and Water Resources,NA,2522-0101,2026-04-20,NA,sn2026slov
International Journal of Environmental Research,NA,2008-2304,2026-04-20,NA,sn2026slov
International Journal of Environmental Science and Technology,NA,1735-2630,2026-04-20,NA,sn2026slov
International Journal of Ethics Education,NA,2364-0006,2026-04-20,NA,sn2026slov
International Journal of Fracture,NA,1573-2673,2026-04-20,NA,sn2026slov
International Journal of Fuzzy Systems,NA,2199-3211,2026-04-20,NA,sn2026slov
International Journal of Game Theory,NA,1432-1270,2026-04-20,NA,sn2026slov
International Journal of Geosynthetics and Ground Engineering,NA,2199-9279,2026-04-20,NA,sn2026slov
International Journal of Global Business and Competitiveness,NA,0976-1888,2026-04-20,NA,sn2026slov
International Journal of Health Economics and Management,NA,2199-9031,2026-04-20,NA,sn2026slov
International Journal of Hematology,NA,1865-3774,2026-04-20,NA,sn2026slov
International Journal of Hindu Studies,NA,1574-9282,2026-04-20,NA,sn2026slov
International Journal of Historical Archaeology,NA,1573-7748,2026-04-20,NA,sn2026slov
International Journal of Impotence Research,NA,1476-5489,2026-04-20,NA,sn2026slov
International Journal of Information Technology,NA,2511-2112,2026-04-20,NA,sn2026slov
International Journal of Intelligent Robotics and Applications,NA,2366-598X,2026-04-20,NA,sn2026slov
International Journal of Intelligent Transportation Systems Research,NA,1868-8659,2026-04-20,NA,sn2026slov
International Journal of Latin American Religions,NA,2509-9965,2026-04-20,NA,sn2026slov
International Journal of Legal Medicine,NA,1437-1596,2026-04-20,NA,sn2026slov
International Journal of Machine Learning and Cybernetics,NA,1868-808X,2026-04-20,NA,sn2026slov
International Journal of Material Forming,NA,1960-6214,2026-04-20,NA,sn2026slov
International Journal of Mechanics and Materials in Design,NA,1573-8841,2026-04-20,NA,sn2026slov
International Journal of Mental Health and Addiction,NA,1557-1882,2026-04-20,NA,sn2026slov
International Journal of Metalcasting,NA,2163-3193,2026-04-20,NA,sn2026slov
"International Journal of Minerals, Metallurgy and Materials",NA,1869-103X,2026-04-20,NA,sn2026slov
International Journal of Multimedia Information Retrieval,NA,2192-662X,2026-04-20,NA,sn2026slov
International Journal of Obesity,NA,1476-5497,2026-04-20,NA,sn2026slov
International Journal of Parallel Programming,NA,1573-7640,2026-04-20,NA,sn2026slov
International Journal of Pavement Research and Technology,NA,1997-1400,2026-04-20,NA,sn2026slov
International Journal of Peptide Research and Therapeutics,NA,1573-3904,2026-04-20,NA,sn2026slov
International Journal of Plant Production,NA,1735-8043,2026-04-20,NA,sn2026slov
"International Journal of Politics, Culture, and Society",NA,1573-3416,2026-04-20,NA,sn2026slov
International Journal of Precision Engineering and Manufacturing,NA,2005-4602,2026-04-20,NA,sn2026slov
International Journal of Precision Engineering and Manufacturing-Green Technology,NA,2198-0810,2026-04-20,NA,sn2026slov
International Journal of Primatology,NA,1573-8604,2026-04-20,NA,sn2026slov
International Journal of Research in Undergraduate Mathematics Education,NA,2198-9753,2026-04-20,NA,sn2026slov
International Journal of Science and Mathematics Education,NA,1573-1774,2026-04-20,NA,sn2026slov
International Journal of Social Robotics,NA,1875-4805,2026-04-20,NA,sn2026slov
International Journal of Speech Technology,NA,1572-8110,2026-04-20,NA,sn2026slov
International Journal of Steel Structures,NA,2093-6311,2026-04-20,NA,sn2026slov
International Journal of System Assurance Engineering and Management,NA,0976-4348,2026-04-20,NA,sn2026slov
International Journal of Technology and Design Education,NA,1573-1804,2026-04-20,NA,sn2026slov
International Journal of the Classical Tradition,NA,1874-6292,2026-04-20,NA,sn2026slov
International Journal of the Sociology of Leisure,NA,2520-8691,2026-04-20,NA,sn2026slov
International Journal of Theoretical Physics,NA,1572-9575,2026-04-20,NA,sn2026slov
International Journal of Thermophysics,NA,1572-9567,2026-04-20,NA,sn2026slov
International Journal of Tropical Insect Science,NA,1742-7592,2026-04-20,NA,sn2026slov
International Journal of Wireless Information Networks,NA,1572-8129,2026-04-20,NA,sn2026slov
"International Journal on Child Maltreatment: Research, Policy and Practice",NA,2524-5244,2026-04-20,NA,sn2026slov
International Journal on Digital Libraries,NA,1432-1300,2026-04-20,NA,sn2026slov
International Journal on Document Analysis and Recognition (IJDAR),NA,1433-2825,2026-04-20,NA,sn2026slov
International Journal on Interactive Design and Manufacturing (IJIDeM),NA,1955-2505,2026-04-20,NA,sn2026slov
International Journal on Software Tools for Technology Transfer,NA,1433-2787,2026-04-20,NA,sn2026slov
International Ophthalmology,NA,1573-2630,2026-04-20,NA,sn2026slov
International Orthopaedics,NA,1432-5195,2026-04-20,NA,sn2026slov
International Politics,NA,1740-3898,2026-04-20,NA,sn2026slov
International Review of Economics,NA,1863-4613,2026-04-20,NA,sn2026slov
International Review of Education,NA,1573-0638,2026-04-20,NA,sn2026slov
International Review on Public and Nonprofit Marketing,NA,1865-1992,2026-04-20,NA,sn2026slov
International Tax and Public Finance,NA,1573-6970,2026-04-20,NA,sn2026slov
International Urogynecology Journal,NA,1433-3023,2026-04-20,NA,sn2026slov
International Urology and Nephrology,NA,1573-2584,2026-04-20,NA,sn2026slov
Inventiones mathematicae,NA,1432-1297,2026-04-20,NA,sn2026slov
Investigational New Drugs,NA,1573-0646,2026-04-20,NA,sn2026slov
Ionics,NA,1862-0760,2026-04-20,NA,sn2026slov
Iran Journal of Computer Science,NA,2520-8446,2026-04-20,NA,sn2026slov
Iranian Journal of Science,NA,2731-8109,2026-04-20,NA,sn2026slov
"Iranian Journal of Science and Technology, Transactions of Civil Engineering",NA,2364-1843,2026-04-20,NA,sn2026slov
"Iranian Journal of Science and Technology, Transactions of Electrical Engineering",NA,2364-1827,2026-04-20,NA,sn2026slov
"Iranian Journal of Science and Technology, Transactions of Mechanical Engineering",NA,2364-1835,2026-04-20,NA,sn2026slov
Iranian Polymer Journal,NA,1735-5265,2026-04-20,NA,sn2026slov
Irish Journal of Medical Science (1971 -),NA,1863-4362,2026-04-20,NA,sn2026slov
Irrigation Science,NA,1432-1319,2026-04-20,NA,sn2026slov
Israel Journal of Mathematics,NA,1565-8511,2026-04-20,NA,sn2026slov
ISSS Journal of Micro and Smart Systems,NA,2509-7997,2026-04-20,NA,sn2026slov
Italian Economic Journal,NA,2199-3238,2026-04-20,NA,sn2026slov
Italian Journal of Marketing,NA,2662-3331,2026-04-20,NA,sn2026slov
Jahresbericht der Deutschen Mathematiker-Vereinigung,NA,1869-7135,2026-04-20,NA,sn2026slov
Japan Journal of Industrial and Applied Mathematics,NA,1868-937X,2026-04-20,NA,sn2026slov
Japanese Journal of Mathematics,NA,1861-3624,2026-04-20,NA,sn2026slov
Japanese Journal of Ophthalmology,NA,1613-2246,2026-04-20,NA,sn2026slov
Japanese Journal of Radiology,NA,1867-108X,2026-04-20,NA,sn2026slov
Japanese Journal of Statistics and Data Science,NA,2520-8764,2026-04-20,NA,sn2026slov
JBIC Journal of Biological Inorganic Chemistry,NA,1432-1327,2026-04-20,NA,sn2026slov
Jewish History,NA,1572-8579,2026-04-20,NA,sn2026slov
Jindal Global Law Review,NA,2364-4869,2026-04-20,NA,sn2026slov
JMST Advances,NA,2524-7913,2026-04-20,NA,sn2026slov
JOM,NA,1543-1851,2026-04-20,NA,sn2026slov
Journal d'Analyse Mathématique,NA,1565-8538,2026-04-20,NA,sn2026slov
Journal for General Philosophy of Science,NA,1572-8587,2026-04-20,NA,sn2026slov
Journal for STEM Education Research,NA,2520-8713,2026-04-20,NA,sn2026slov
"Journal für Endokrinologie, Diabetologie und Stoffwechsel",NA,3004-8923,2026-04-20,NA,sn2026slov
Journal für Gastroenterologische und Hepatologische Erkrankungen,NA,1728-6271,2026-04-20,NA,sn2026slov
Journal für Gynäkologische Endokrinologie/Schweiz,NA,2520-8500,2026-04-20,NA,sn2026slov
Journal für Mathematik-Didaktik,NA,1869-2699,2026-04-20,NA,sn2026slov
Journal of Academic Ethics,NA,1572-8544,2026-04-20,NA,sn2026slov
Journal of Acupuncture and Tuina Science,NA,1993-0399,2026-04-20,NA,sn2026slov
Journal of Adult Development,NA,1573-3440,2026-04-20,NA,sn2026slov
Journal of African American Studies,NA,1936-4741,2026-04-20,NA,sn2026slov
Journal of Agricultural and Environmental Ethics,NA,1573-322X,2026-04-20,NA,sn2026slov
"Journal of Agricultural, Biological and Environmental Statistics",NA,1537-2693,2026-04-20,NA,sn2026slov
Journal of Algebraic Combinatorics,NA,1572-9192,2026-04-20,NA,sn2026slov
Journal of Ambient Intelligence and Humanized Computing,NA,1868-5145,2026-04-20,NA,sn2026slov
Journal of Analysis and Testing,NA,2509-4696,2026-04-20,NA,sn2026slov
Journal of Anesthesia,NA,1438-8359,2026-04-20,NA,sn2026slov
Journal of Applied and Computational Topology,NA,2367-1734,2026-04-20,NA,sn2026slov
Journal of Applied Electrochemistry,NA,1572-8838,2026-04-20,NA,sn2026slov
Journal of Applied Genetics,NA,2190-3883,2026-04-20,NA,sn2026slov
Journal of Applied Mathematics and Computing,NA,1865-2085,2026-04-20,NA,sn2026slov
Journal of Applied Phycology,NA,1573-5176,2026-04-20,NA,sn2026slov
Journal of Applied Spectroscopy,NA,1573-8647,2026-04-20,NA,sn2026slov
Journal of Applied Youth Studies,NA,2204-9207,2026-04-20,NA,sn2026slov
Journal of Archaeological Method and Theory,NA,1573-7764,2026-04-20,NA,sn2026slov
Journal of Archaeological Research,NA,1573-7756,2026-04-20,NA,sn2026slov
Journal of Artificial Organs,NA,1619-0904,2026-04-20,NA,sn2026slov
Journal of Asset Management,NA,1479-179X,2026-04-20,NA,sn2026slov
Journal of Assisted Reproduction and Genetics,NA,1573-7330,2026-04-20,NA,sn2026slov
Journal of Atmospheric Chemistry,NA,1573-0662,2026-04-20,NA,sn2026slov
Journal of Autism and Developmental Disorders,NA,1573-3432,2026-04-20,NA,sn2026slov
Journal of Automated Reasoning,NA,1573-0670,2026-04-20,NA,sn2026slov
Journal of Banking and Financial Technology,NA,2524-7964,2026-04-20,NA,sn2026slov
Journal of Banking Regulation,NA,1750-2071,2026-04-20,NA,sn2026slov
Journal of Behavioral Education,NA,1573-3513,2026-04-20,NA,sn2026slov
Journal of Behavioral Medicine,NA,1573-3521,2026-04-20,NA,sn2026slov
Journal of Bio- and Tribo-Corrosion,NA,2198-4239,2026-04-20,NA,sn2026slov
Journal of Bioenergetics and Biomembranes,NA,1573-6881,2026-04-20,NA,sn2026slov
Journal of Bioethical Inquiry,NA,1872-4353,2026-04-20,NA,sn2026slov
Journal of Biological Physics,NA,1573-0689,2026-04-20,NA,sn2026slov
Journal of Biomolecular NMR,NA,1573-5001,2026-04-20,NA,sn2026slov
Journal of Bionic Engineering,NA,2543-2141,2026-04-20,NA,sn2026slov
Journal of Biosystems Engineering,NA,2234-1862,2026-04-20,NA,sn2026slov
Journal of Bone and Mineral Metabolism,NA,1435-5604,2026-04-20,NA,sn2026slov
Journal of Brand Management,NA,1479-1803,2026-04-20,NA,sn2026slov
Journal of Building Pathology and Rehabilitation,NA,2365-3167,2026-04-20,NA,sn2026slov
Journal of Business and Psychology,NA,1573-353X,2026-04-20,NA,sn2026slov
Journal of Business Cycle Research,NA,2509-7970,2026-04-20,NA,sn2026slov
Journal of Business Economics,NA,1861-8928,2026-04-20,NA,sn2026slov
Journal of Business Ethics,NA,1573-0697,2026-04-20,NA,sn2026slov
Journal of Cancer Education,NA,1543-0154,2026-04-20,NA,sn2026slov
Journal of Cancer Survivorship,NA,1932-2267,2026-04-20,NA,sn2026slov
Journal of Cardiovascular Translational Research,NA,1937-5395,2026-04-20,NA,sn2026slov
Journal of Central South University,NA,2227-5223,2026-04-20,NA,sn2026slov
Journal of Chemical Crystallography,NA,1572-8854,2026-04-20,NA,sn2026slov
Journal of Chemical Ecology,NA,1573-1561,2026-04-20,NA,sn2026slov
Journal of Child & Adolescent Trauma,NA,1936-153X,2026-04-20,NA,sn2026slov
Journal of Child and Family Studies,NA,1573-2843,2026-04-20,NA,sn2026slov
Journal of Chinese Political Science,NA,1874-6357,2026-04-20,NA,sn2026slov
Journal of Civil Structural Health Monitoring,NA,2190-5479,2026-04-20,NA,sn2026slov
Journal of Classification,NA,1432-1343,2026-04-20,NA,sn2026slov
Journal of Clinical Psychology in Medical Settings,NA,1573-3572,2026-04-20,NA,sn2026slov
Journal of Clinical Sleep Medicine,NA,1550-9397,2026-04-20,NA,sn2026slov
Journal of Cluster Science,NA,1572-8862,2026-04-20,NA,sn2026slov
Journal of Coastal Conservation,NA,1874-7841,2026-04-20,NA,sn2026slov
Journal of Coatings Technology and Research,NA,1935-3804,2026-04-20,NA,sn2026slov
Journal of Cognitive Enhancement,NA,2509-3304,2026-04-20,NA,sn2026slov
Journal of Combinatorial Optimization,NA,1573-2886,2026-04-20,NA,sn2026slov
Journal of Community Genetics,NA,1868-6001,2026-04-20,NA,sn2026slov
Journal of Community Health,NA,1573-3610,2026-04-20,NA,sn2026slov
Journal of Comparative Physiology A,NA,1432-1351,2026-04-20,NA,sn2026slov
Journal of Comparative Physiology B,NA,1432-136X,2026-04-20,NA,sn2026slov
Journal of Computational Electronics,NA,1572-8137,2026-04-20,NA,sn2026slov
Journal of Computational Neuroscience,NA,1573-6873,2026-04-20,NA,sn2026slov
Journal of Computational Social Science,NA,2432-2725,2026-04-20,NA,sn2026slov
Journal of Computer Science and Technology,NA,1860-4749,2026-04-20,NA,sn2026slov
Journal of Computer Virology and Hacking Techniques,NA,2263-8733,2026-04-20,NA,sn2026slov
Journal of Computer-Aided Molecular Design,NA,1573-4951,2026-04-20,NA,sn2026slov
Journal of Computers in Education,NA,2197-9995,2026-04-20,NA,sn2026slov
Journal of Computing in Higher Education,NA,1867-1233,2026-04-20,NA,sn2026slov
Journal of Consumer Policy,NA,1573-0700,2026-04-20,NA,sn2026slov
Journal of Consumer Protection and Food Safety,NA,1661-5867,2026-04-20,NA,sn2026slov
Journal of Contemporary Psychotherapy,NA,1573-3564,2026-04-20,NA,sn2026slov
"Journal of Control, Automation and Electrical Systems",NA,2195-3899,2026-04-20,NA,sn2026slov
Journal of Crop Health,NA,2948-2658,2026-04-20,NA,sn2026slov
Journal of Crop Science and Biotechnology,NA,2005-8276,2026-04-20,NA,sn2026slov
Journal of Cross-Cultural Gerontology,NA,1573-0719,2026-04-20,NA,sn2026slov
Journal of Cryptographic Engineering,NA,2190-8516,2026-04-20,NA,sn2026slov
Journal of Cryptology,NA,1432-1378,2026-04-20,NA,sn2026slov
Journal of Cultural Cognitive Science,NA,2520-1018,2026-04-20,NA,sn2026slov
Journal of Cultural Economics,NA,1573-6997,2026-04-20,NA,sn2026slov
"Journal of Data, Information and Management",NA,2524-6364,2026-04-20,NA,sn2026slov
Journal of Developmental and Life-Course Criminology,NA,2199-465X,2026-04-20,NA,sn2026slov
Journal of Developmental and Physical Disabilities,NA,1573-3580,2026-04-20,NA,sn2026slov
Journal of Dharma Studies,NA,2522-0934,2026-04-20,NA,sn2026slov
Journal of Diabetes & Metabolic Disorders,NA,2251-6581,2026-04-20,NA,sn2026slov
Journal of Dynamic Behavior of Materials,NA,2199-7454,2026-04-20,NA,sn2026slov
Journal of Dynamical and Control Systems,NA,1573-8698,2026-04-20,NA,sn2026slov
Journal of Dynamics and Differential Equations,NA,1572-9222,2026-04-20,NA,sn2026slov
Journal of Earth Science,NA,1867-111X,2026-04-20,NA,sn2026slov
Journal of East Asian Linguistics,NA,1572-8560,2026-04-20,NA,sn2026slov
Journal of Echocardiography,NA,1880-344X,2026-04-20,NA,sn2026slov
Journal of Economic Growth,NA,1573-7020,2026-04-20,NA,sn2026slov
Journal of Economic Interaction and Coordination,NA,1860-7128,2026-04-20,NA,sn2026slov
Journal of Economics,NA,1617-7134,2026-04-20,NA,sn2026slov
Journal of Economics and Finance,NA,1938-9744,2026-04-20,NA,sn2026slov
"Journal of Economics, Race, and Policy",NA,2520-842X,2026-04-20,NA,sn2026slov
Journal of Educational Change,NA,1573-1812,2026-04-20,NA,sn2026slov
Journal of Elasticity,NA,1573-2681,2026-04-20,NA,sn2026slov
Journal of Electrical Engineering & Technology,NA,2093-7423,2026-04-20,NA,sn2026slov
Journal of Electroceramics,NA,1573-8663,2026-04-20,NA,sn2026slov
Journal of Electronic Materials,NA,1543-186X,2026-04-20,NA,sn2026slov
Journal of Electronic Testing,NA,1573-0727,2026-04-20,NA,sn2026slov
Journal of Elliptic and Parabolic Equations,NA,2296-9039,2026-04-20,NA,sn2026slov
Journal of Endocrinological Investigation,NA,1720-8386,2026-04-20,NA,sn2026slov
Journal of Engineering Mathematics,NA,1573-2703,2026-04-20,NA,sn2026slov
Journal of Engineering Physics and Thermophysics,NA,1573-871X,2026-04-20,NA,sn2026slov
Journal of Environmental Health Science and Engineering,NA,2052-336X,2026-04-20,NA,sn2026slov
Journal of Environmental Studies and Sciences,NA,2190-6491,2026-04-20,NA,sn2026slov
Journal of Ethology,NA,1439-5444,2026-04-20,NA,sn2026slov
Journal of Evolution Equations,NA,1424-3202,2026-04-20,NA,sn2026slov
Journal of Evolutionary Economics,NA,1432-1386,2026-04-20,NA,sn2026slov
Journal of Experimental Criminology,NA,1572-8315,2026-04-20,NA,sn2026slov
Journal of Exposure Science & Environmental Epidemiology,NA,1559-064X,2026-04-20,NA,sn2026slov
Journal of Failure Analysis and Prevention,NA,1864-1245,2026-04-20,NA,sn2026slov
Journal of Family and Economic Issues,NA,1573-3475,2026-04-20,NA,sn2026slov
Journal of Family Violence,NA,1573-2851,2026-04-20,NA,sn2026slov
Journal of Financial Services Marketing,NA,1479-1846,2026-04-20,NA,sn2026slov
Journal of Financial Services Research,NA,1573-0735,2026-04-20,NA,sn2026slov
Journal of Fixed Point Theory and Applications,NA,1661-7746,2026-04-20,NA,sn2026slov
Journal of Flow Chemistry,NA,2063-0212,2026-04-20,NA,sn2026slov
Journal of Fluorescence,NA,1573-4994,2026-04-20,NA,sn2026slov
Journal of Food Measurement and Characterization,NA,2193-4134,2026-04-20,NA,sn2026slov
Journal of Food Science and Technology,NA,0975-8402,2026-04-20,NA,sn2026slov
Journal of Forestry,NA,1938-3746,2026-04-20,NA,sn2026slov
Journal of Forestry Research,NA,1993-0607,2026-04-20,NA,sn2026slov
Journal of Formative Design in Learning,NA,2509-8039,2026-04-20,NA,sn2026slov
Journal of Fourier Analysis and Applications,NA,1531-5851,2026-04-20,NA,sn2026slov
Journal of Fusion Energy,NA,1572-9591,2026-04-20,NA,sn2026slov
Journal of Gambling Studies,NA,1573-3602,2026-04-20,NA,sn2026slov
Journal of Gastroenterology,NA,1435-5922,2026-04-20,NA,sn2026slov
Journal of Gastrointestinal Cancer,NA,1941-6636,2026-04-20,NA,sn2026slov
Journal of General Internal Medicine,NA,1525-1497,2026-04-20,NA,sn2026slov
Journal of General Plant Pathology,NA,1610-739X,2026-04-20,NA,sn2026slov
Journal of Geodesy,NA,1432-1394,2026-04-20,NA,sn2026slov
Journal of Geographical Sciences,NA,1861-9568,2026-04-20,NA,sn2026slov
Journal of Geographical Systems,NA,1435-5949,2026-04-20,NA,sn2026slov
Journal of Geometry,NA,1420-8997,2026-04-20,NA,sn2026slov
Journal of Geovisualization and Spatial Analysis,NA,2509-8829,2026-04-20,NA,sn2026slov
Journal of Global Entrepreneurship Research,NA,2251-7316,2026-04-20,NA,sn2026slov
Journal of Global Optimization,NA,1573-2916,2026-04-20,NA,sn2026slov
Journal of Grid Computing,NA,1572-9184,2026-04-20,NA,sn2026slov
Journal of Happiness Studies,NA,1573-7780,2026-04-20,NA,sn2026slov
Journal of Hardware and Systems Security,NA,2509-3436,2026-04-20,NA,sn2026slov
Journal of Health Service Psychology,NA,2662-2653,2026-04-20,NA,sn2026slov
Journal of Healthcare Informatics Research,NA,2509-498X,2026-04-20,NA,sn2026slov
Journal of Hematopathology,NA,1865-5785,2026-04-20,NA,sn2026slov
Journal of Heuristics,NA,1572-9397,2026-04-20,NA,sn2026slov
Journal of Homotopy and Related Structures,NA,1512-2891,2026-04-20,NA,sn2026slov
Journal of Housing and the Built Environment,NA,1573-7772,2026-04-20,NA,sn2026slov
Journal of Human Genetics,NA,1435-232X,2026-04-20,NA,sn2026slov
Journal of Human Hypertension,NA,1476-5527,2026-04-20,NA,sn2026slov
Journal of Human Rights and Social Work,NA,2365-1792,2026-04-20,NA,sn2026slov
Journal of Hydrodynamics,NA,1878-0342,2026-04-20,NA,sn2026slov
Journal of Iberian Geology,NA,1886-7995,2026-04-20,NA,sn2026slov
Journal of Imaging Informatics in Medicine,NA,2948-2933,2026-04-20,NA,sn2026slov
Journal of Immigrant and Minority Health,NA,1557-1920,2026-04-20,NA,sn2026slov
Journal of Inclusion Phenomena and Macrocyclic Chemistry,NA,1573-1111,2026-04-20,NA,sn2026slov
Journal of Indian Council of Philosophical Research,NA,2363-9962,2026-04-20,NA,sn2026slov
Journal of Indian Philosophy,NA,1573-0395,2026-04-20,NA,sn2026slov
Journal of Industrial and Business Economics,NA,1972-4977,2026-04-20,NA,sn2026slov
Journal of Industrial Ecology,NA,1530-9290,2026-04-20,NA,sn2026slov
"Journal of Industry, Competition and Trade",NA,1573-7012,2026-04-20,NA,sn2026slov
"Journal of Infrared, Millimeter, and Terahertz Waves",NA,1866-6906,2026-04-20,NA,sn2026slov
Journal of Inorganic and Organometallic Polymers and Materials,NA,1574-1451,2026-04-20,NA,sn2026slov
Journal of Insect Behavior,NA,1572-8889,2026-04-20,NA,sn2026slov
Journal of Insect Conservation,NA,1572-9753,2026-04-20,NA,sn2026slov
Journal of Intelligent Information Systems,NA,1573-7675,2026-04-20,NA,sn2026slov
Journal of Intelligent Manufacturing,NA,1572-8145,2026-04-20,NA,sn2026slov
Journal of International Business Policy,NA,2522-0705,2026-04-20,NA,sn2026slov
Journal of International Business Studies,NA,1478-6990,2026-04-20,NA,sn2026slov
Journal of International Entrepreneurship,NA,1573-7349,2026-04-20,NA,sn2026slov
Journal of International Migration and Integration,NA,1874-6365,2026-04-20,NA,sn2026slov
Journal of International Relations and Development,NA,1581-1980,2026-04-20,NA,sn2026slov
Journal of Interventional Cardiac Electrophysiology,NA,1572-8595,2026-04-20,NA,sn2026slov
Journal of Iron and Steel Research International,NA,2210-3988,2026-04-20,NA,sn2026slov
Journal of Labor Research,NA,1936-4768,2026-04-20,NA,sn2026slov
"Journal of Logic, Language and Information",NA,1572-9583,2026-04-20,NA,sn2026slov
Journal of Low Temperature Physics,NA,1573-7357,2026-04-20,NA,sn2026slov
Journal of Mammalian Evolution,NA,1573-7055,2026-04-20,NA,sn2026slov
Journal of Management and Governance,NA,1572-963X,2026-04-20,NA,sn2026slov
Journal of Management Control,NA,2191-477X,2026-04-20,NA,sn2026slov
Journal of Marine Science and Application,NA,1993-5048,2026-04-20,NA,sn2026slov
Journal of Marine Science and Technology,NA,1437-8213,2026-04-20,NA,sn2026slov
Journal of Maritime Archaeology,NA,1557-2293,2026-04-20,NA,sn2026slov
Journal of Marketing Analytics,NA,2050-3326,2026-04-20,NA,sn2026slov
Journal of Material Cycles and Waste Management,NA,1611-8227,2026-04-20,NA,sn2026slov
Journal of Materials Engineering and Performance,NA,1544-1024,2026-04-20,NA,sn2026slov
Journal of Materials Research,NA,2044-5326,2026-04-20,NA,sn2026slov
Journal of Materials Science,NA,1573-4803,2026-04-20,NA,sn2026slov
Journal of Materials Science: Materials in Electronics,NA,1573-482X,2026-04-20,NA,sn2026slov
Journal of Mathematical Biology,NA,1432-1416,2026-04-20,NA,sn2026slov
Journal of Mathematical Chemistry,NA,1572-8897,2026-04-20,NA,sn2026slov
Journal of Mathematical Fluid Mechanics,NA,1422-6952,2026-04-20,NA,sn2026slov
Journal of Mathematical Imaging and Vision,NA,1573-7683,2026-04-20,NA,sn2026slov
Journal of Mathematical Sciences,NA,1573-8795,2026-04-20,NA,sn2026slov
Journal of Mathematics Teacher Education,NA,1573-1820,2026-04-20,NA,sn2026slov
Journal of Maxillofacial and Oral Surgery,NA,0974-942X,2026-04-20,NA,sn2026slov
Journal of Medical and Biological Engineering,NA,2199-4757,2026-04-20,NA,sn2026slov
Journal of Medical Humanities,NA,1573-3645,2026-04-20,NA,sn2026slov
Journal of Medical Systems,NA,1573-689X,2026-04-20,NA,sn2026slov
Journal of Medical Toxicology,NA,1937-6995,2026-04-20,NA,sn2026slov
Journal of Medical Ultrasonics,NA,1613-2254,2026-04-20,NA,sn2026slov
Journal of Membrane Computing,NA,2523-8914,2026-04-20,NA,sn2026slov
Journal of Meteorological Research,NA,2198-0934,2026-04-20,NA,sn2026slov
Journal of Micro and Bio Robotics,NA,2194-6426,2026-04-20,NA,sn2026slov
Journal of Molecular Evolution,NA,1432-1432,2026-04-20,NA,sn2026slov
Journal of Molecular Histology,NA,1567-2387,2026-04-20,NA,sn2026slov
Journal of Molecular Medicine,NA,1432-1440,2026-04-20,NA,sn2026slov
Journal of Molecular Modeling,NA,0948-5023,2026-04-20,NA,sn2026slov
Journal of Molecular Neuroscience,NA,1559-1166,2026-04-20,NA,sn2026slov
Journal of Mountain Science,NA,1993-0321,2026-04-20,NA,sn2026slov
Journal of Muscle Research and Cell Motility,NA,1573-2657,2026-04-20,NA,sn2026slov
Journal of Nanoparticle Research,NA,1572-896X,2026-04-20,NA,sn2026slov
Journal of Natural Medicines,NA,1861-0293,2026-04-20,NA,sn2026slov
Journal of Network and Systems Management,NA,1573-7705,2026-04-20,NA,sn2026slov
Journal of Neural Transmission,NA,1435-1463,2026-04-20,NA,sn2026slov
Journal of Neuro-Oncology,NA,1573-7373,2026-04-20,NA,sn2026slov
Journal of Neuroimmune Pharmacology,NA,1557-1904,2026-04-20,NA,sn2026slov
Journal of Neurology,NA,1432-1459,2026-04-20,NA,sn2026slov
Journal of NeuroVirology,NA,1538-2443,2026-04-20,NA,sn2026slov
Journal of Nondestructive Evaluation,NA,1573-4862,2026-04-20,NA,sn2026slov
Journal of Nonlinear Science,NA,1432-1467,2026-04-20,NA,sn2026slov
Journal of Nonverbal Behavior,NA,1573-3653,2026-04-20,NA,sn2026slov
Journal of Occupational Rehabilitation,NA,1573-3688,2026-04-20,NA,sn2026slov
Journal of Ocean Engineering and Marine Energy,NA,2198-6452,2026-04-20,NA,sn2026slov
Journal of Ocean University of China,NA,1993-5021,2026-04-20,NA,sn2026slov
Journal of Oceanography,NA,1573-868X,2026-04-20,NA,sn2026slov
Journal of Oceanology and Limnology,NA,2523-3521,2026-04-20,NA,sn2026slov
Journal of Optics,NA,0974-6900,2026-04-20,NA,sn2026slov
Journal of Optimization Theory and Applications,NA,1573-2878,2026-04-20,NA,sn2026slov
Journal of Organization Design,NA,2245-408X,2026-04-20,NA,sn2026slov
Journal of Ornithology,NA,2193-7206,2026-04-20,NA,sn2026slov
Journal of Orofacial Orthopedics / Fortschritte der Kieferorthopädie,NA,1615-6714,2026-04-20,NA,sn2026slov
Journal of Outdoor and Environmental Education,NA,2522-879X,2026-04-20,NA,sn2026slov
Journal of Packaging Technology and Research,NA,2520-1042,2026-04-20,NA,sn2026slov
Journal of Paleolimnology,NA,1573-0417,2026-04-20,NA,sn2026slov
Journal of Paleolithic Archaeology,NA,2520-8217,2026-04-20,NA,sn2026slov
Journal of Parasitic Diseases,NA,0975-0703,2026-04-20,NA,sn2026slov
Journal of Pediatric Endoscopic Surgery,NA,2524-7883,2026-04-20,NA,sn2026slov
Journal of Peridynamics and Nonlocal Modeling,NA,2522-8978,2026-04-20,NA,sn2026slov
Journal of Perinatology,NA,1476-5543,2026-04-20,NA,sn2026slov
Journal of Pest Science,NA,1612-4766,2026-04-20,NA,sn2026slov
Journal of Pharmaceutical Innovation,NA,1939-8042,2026-04-20,NA,sn2026slov
Journal of Pharmaceutical Investigation,NA,2093-6214,2026-04-20,NA,sn2026slov
Journal of Pharmacokinetics and Pharmacodynamics,NA,1573-8744,2026-04-20,NA,sn2026slov
Journal of Phase Equilibria and Diffusion,NA,1863-7345,2026-04-20,NA,sn2026slov
Journal of Philosophical Logic,NA,1573-0433,2026-04-20,NA,sn2026slov
Journal of Physiology and Biochemistry,NA,1877-8755,2026-04-20,NA,sn2026slov
Journal of Plant Biochemistry and Biotechnology,NA,0974-1275,2026-04-20,NA,sn2026slov
Journal of Plant Biology,NA,1867-0725,2026-04-20,NA,sn2026slov
Journal of Plant Diseases and Protection,NA,1861-3837,2026-04-20,NA,sn2026slov
Journal of Plant Growth Regulation,NA,1435-8107,2026-04-20,NA,sn2026slov
Journal of Plant Pathology,NA,2239-7264,2026-04-20,NA,sn2026slov
Journal of Plant Research,NA,1618-0860,2026-04-20,NA,sn2026slov
Journal of Police and Criminal Psychology,NA,1936-6469,2026-04-20,NA,sn2026slov
Journal of Policy Practice and Research,NA,2662-1517,2026-04-20,NA,sn2026slov
Journal of Polymer Research,NA,1572-8935,2026-04-20,NA,sn2026slov
Journal of Polymers and the Environment,NA,1572-8919,2026-04-20,NA,sn2026slov
Journal of Population Ageing,NA,1874-7876,2026-04-20,NA,sn2026slov
Journal of Population Economics,NA,1432-1475,2026-04-20,NA,sn2026slov
Journal of Population Research,NA,1835-9469,2026-04-20,NA,sn2026slov
Journal of Porous Materials,NA,1573-4854,2026-04-20,NA,sn2026slov
Journal of Power Electronics,NA,2093-4718,2026-04-20,NA,sn2026slov
Journal of Prevention,NA,2731-5541,2026-04-20,NA,sn2026slov
Journal of Productivity Analysis,NA,1573-0441,2026-04-20,NA,sn2026slov
Journal of Proteins and Proteomics,NA,2524-4663,2026-04-20,NA,sn2026slov
Journal of Pseudo-Differential Operators and Applications,NA,1662-999X,2026-04-20,NA,sn2026slov
Journal of Psycholinguistic Research,NA,1573-6555,2026-04-20,NA,sn2026slov
Journal of Psychopathology and Behavioral Assessment,NA,1573-3505,2026-04-20,NA,sn2026slov
Journal of Psychosocial Rehabilitation and Mental Health,NA,2198-963X,2026-04-20,NA,sn2026slov
Journal of Public Health,NA,1613-2238,2026-04-20,NA,sn2026slov
Journal of Public Health Policy,NA,1745-655X,2026-04-20,NA,sn2026slov
Journal of Quantitative Criminology,NA,1573-7799,2026-04-20,NA,sn2026slov
Journal of Quantitative Economics,NA,2364-1045,2026-04-20,NA,sn2026slov
Journal of Racial and Ethnic Health Disparities,NA,2196-8837,2026-04-20,NA,sn2026slov
Journal of Radioanalytical and Nuclear Chemistry,NA,1588-2780,2026-04-20,NA,sn2026slov
Journal of Rational-Emotive & Cognitive-Behavior Therapy,NA,1573-6563,2026-04-20,NA,sn2026slov
Journal of Real-Time Image Processing,NA,1861-8219,2026-04-20,NA,sn2026slov
Journal of Regulatory Economics,NA,1573-0468,2026-04-20,NA,sn2026slov
Journal of Reliable Intelligent Environments,NA,2199-4676,2026-04-20,NA,sn2026slov
Journal of Religion and Health,NA,1573-6571,2026-04-20,NA,sn2026slov
Journal of Religious Education,NA,2199-4625,2026-04-20,NA,sn2026slov
Journal of Remanufacturing,NA,2210-4690,2026-04-20,NA,sn2026slov
Journal of Revenue and Pricing Management,NA,1477-657X,2026-04-20,NA,sn2026slov
Journal of Risk and Uncertainty,NA,1573-0476,2026-04-20,NA,sn2026slov
Journal of Robotic Surgery,NA,1863-2491,2026-04-20,NA,sn2026slov
Journal of Rubber Research,NA,2524-3993,2026-04-20,NA,sn2026slov
Journal of Russian Laser Research,NA,1573-8760,2026-04-20,NA,sn2026slov
Journal of Scheduling,NA,1099-1425,2026-04-20,NA,sn2026slov
Journal of Science Education and Technology,NA,1573-1839,2026-04-20,NA,sn2026slov
Journal of Science in Sport and Exercise,NA,2662-1371,2026-04-20,NA,sn2026slov
Journal of Scientific Computing,NA,1573-7691,2026-04-20,NA,sn2026slov
Journal of Sedimentary Environments,NA,2447-9462,2026-04-20,NA,sn2026slov
Journal of Seismology,NA,1573-157X,2026-04-20,NA,sn2026slov
Journal of Shanghai Jiaotong University (Science),NA,1995-8188,2026-04-20,NA,sn2026slov
Journal of Signal Processing Systems,NA,1939-8115,2026-04-20,NA,sn2026slov
Journal of Social and Economic Development,NA,2199-6873,2026-04-20,NA,sn2026slov
Journal of Soil Science and Plant Nutrition,NA,0718-9516,2026-04-20,NA,sn2026slov
Journal of Soils and Sediments,NA,1614-7480,2026-04-20,NA,sn2026slov
Journal of Solid State Electrochemistry,NA,1433-0768,2026-04-20,NA,sn2026slov
Journal of Solution Chemistry,NA,1572-8927,2026-04-20,NA,sn2026slov
Journal of Statistical Physics,NA,1572-9613,2026-04-20,NA,sn2026slov
Journal of Statistical Theory and Practice,NA,1559-8616,2026-04-20,NA,sn2026slov
Journal of Superconductivity and Novel Magnetism,NA,1557-1947,2026-04-20,NA,sn2026slov
Journal of Sustainable Metallurgy,NA,2199-3831,2026-04-20,NA,sn2026slov
Journal of Systems Science and Complexity,NA,1559-7067,2026-04-20,NA,sn2026slov
Journal of Systems Science and Systems Engineering,NA,1861-9576,2026-04-20,NA,sn2026slov
Journal of Technology in Behavioral Science,NA,2366-5963,2026-04-20,NA,sn2026slov
Journal of the Academy of Marketing Science,NA,1552-7824,2026-04-20,NA,sn2026slov
Journal of the Association for Research in Otolaryngology,NA,1438-7573,2026-04-20,NA,sn2026slov
Journal of the Australian Ceramic Society,NA,2510-1579,2026-04-20,NA,sn2026slov
Journal of the Brazilian Society of Mechanical Sciences and Engineering,NA,1806-3691,2026-04-20,NA,sn2026slov
Journal of the History of Biology,NA,1573-0387,2026-04-20,NA,sn2026slov
Journal of the Indian Academy of Wood Science,NA,0976-8432,2026-04-20,NA,sn2026slov
Journal of the Indian Institute of Science,NA,0019-4964,2026-04-20,NA,sn2026slov
Journal of the Indian Society for Probability and Statistics,NA,2364-9569,2026-04-20,NA,sn2026slov
Journal of the Indian Society of Remote Sensing,NA,0974-3006,2026-04-20,NA,sn2026slov
Journal of The Institution of Engineers (India): Series A,NA,2250-2157,2026-04-20,NA,sn2026slov
Journal of The Institution of Engineers (India): Series B,NA,2250-2114,2026-04-20,NA,sn2026slov
Journal of The Institution of Engineers (India): Series C,NA,2250-0553,2026-04-20,NA,sn2026slov
Journal of The Institution of Engineers (India): Series D,NA,2250-2130,2026-04-20,NA,sn2026slov
Journal of The Institution of Engineers (India): Series E,NA,2250-2491,2026-04-20,NA,sn2026slov
Journal of the Iranian Chemical Society,NA,1735-2428,2026-04-20,NA,sn2026slov
Journal of the Knowledge Economy,NA,1868-7873,2026-04-20,NA,sn2026slov
Journal of the Korean Ceramic Society,NA,2234-0491,2026-04-20,NA,sn2026slov
Journal of the Korean Physical Society,NA,1976-8524,2026-04-20,NA,sn2026slov
Journal of the Korean Statistical Society,NA,2005-2863,2026-04-20,NA,sn2026slov
Journal of the Operations Research Society of China,NA,2194-6698,2026-04-20,NA,sn2026slov
Journal of Theoretical Probability,NA,1572-9230,2026-04-20,NA,sn2026slov
Journal of Thermal Analysis and Calorimetry,NA,1588-2926,2026-04-20,NA,sn2026slov
Journal of Thermal Science,NA,1993-033X,2026-04-20,NA,sn2026slov
Journal of Thermal Spray Technology,NA,1544-1016,2026-04-20,NA,sn2026slov
Journal of Thrombosis and Thrombolysis,NA,1573-742X,2026-04-20,NA,sn2026slov
Journal of Transatlantic Studies,NA,1754-1018,2026-04-20,NA,sn2026slov
Journal of Transportation Security,NA,1938-775X,2026-04-20,NA,sn2026slov
Journal of Ultrasound,NA,1876-7931,2026-04-20,NA,sn2026slov
Journal of Urban Health,NA,1468-2869,2026-04-20,NA,sn2026slov
Journal of Vibration Engineering & Technologies,NA,2523-3939,2026-04-20,NA,sn2026slov
Journal of Visualization,NA,1875-8975,2026-04-20,NA,sn2026slov
Journal of Wuhan University of Technology-Mater. Sci. Ed.,NA,1993-0437,2026-04-20,NA,sn2026slov
Journal of Youth and Adolescence,NA,1573-6601,2026-04-20,NA,sn2026slov
Journal of Zhejiang University-SCIENCE A,NA,1862-1775,2026-04-20,NA,sn2026slov
Journal of Zhejiang University-SCIENCE B,NA,1862-1783,2026-04-20,NA,sn2026slov
Journal on Multimodal User Interfaces,NA,1783-8738,2026-04-20,NA,sn2026slov
JPC – Journal of Planar Chromatography – Modern TLC,NA,1789-0993,2026-04-20,NA,sn2026slov
Jus Cogens,NA,2524-3985,2026-04-20,NA,sn2026slov
Kew Bulletin,NA,1874-933X,2026-04-20,NA,sn2026slov
KI - Künstliche Intelligenz,NA,1610-1987,2026-04-20,NA,sn2026slov
KN - Journal of Cartography and Geographic Information,NA,2524-4965,2026-04-20,NA,sn2026slov
Knie Journal,NA,2662-4036,2026-04-20,NA,sn2026slov
Knowledge and Information Systems,NA,0219-3116,2026-04-20,NA,sn2026slov
Korea-Australia Rheology Journal,NA,2093-7660,2026-04-20,NA,sn2026slov
Korean Journal of Chemical Engineering,NA,1975-7220,2026-04-20,NA,sn2026slov
KZfSS Kölner Zeitschrift für Soziologie und Sozialpsychologie,NA,1861-891X,2026-04-20,NA,sn2026slov
L'Endocrinologo,NA,1720-8351,2026-04-20,NA,sn2026slov
La Matematica,NA,2730-9657,2026-04-20,NA,sn2026slov
La radiologia medica,NA,1826-6983,2026-04-20,NA,sn2026slov
La Rivista del Nuovo Cimento,NA,1826-9850,2026-04-20,NA,sn2026slov
Lab Animal,NA,1548-4475,2026-04-20,NA,sn2026slov
Landscape and Ecological Engineering,NA,1860-188X,2026-04-20,NA,sn2026slov
Landslides,NA,1612-5118,2026-04-20,NA,sn2026slov
Language Policy,NA,1573-1863,2026-04-20,NA,sn2026slov
Language Resources and Evaluation,NA,1574-0218,2026-04-20,NA,sn2026slov
Lasers in Dental Science,NA,2367-2587,2026-04-20,NA,sn2026slov
Lasers in Manufacturing and Materials Processing,NA,2196-7237,2026-04-20,NA,sn2026slov
Latino Studies,NA,1476-3443,2026-04-20,NA,sn2026slov
Law and Critique,NA,1572-8617,2026-04-20,NA,sn2026slov
Law and Philosophy,NA,1573-0522,2026-04-20,NA,sn2026slov
Learning & Behavior,NA,1543-4508,2026-04-20,NA,sn2026slov
Learning Environments Research,NA,1573-1855,2026-04-20,NA,sn2026slov
Letters in Mathematical Physics,NA,1573-0530,2026-04-20,NA,sn2026slov
Letters in Spatial and Resource Sciences,NA,1864-404X,2026-04-20,NA,sn2026slov
Leukemia,NA,1476-5551,2026-04-20,NA,sn2026slov
Life Cycle Reliability and Safety Engineering,NA,2520-1360,2026-04-20,NA,sn2026slov
Lifetime Data Analysis,NA,1572-9249,2026-04-20,NA,sn2026slov
Limnology,NA,1439-863X,2026-04-20,NA,sn2026slov
Linguistics and Philosophy,NA,1573-0549,2026-04-20,NA,sn2026slov
Lithuanian Mathematical Journal,NA,1573-8825,2026-04-20,NA,sn2026slov
Liverpool Law Review,NA,1572-8625,2026-04-20,NA,sn2026slov
Logica Universalis,NA,1661-8300,2026-04-20,NA,sn2026slov
Lung,NA,1432-1750,2026-04-20,NA,sn2026slov
Machine Intelligence Research,NA,2731-5398,2026-04-20,NA,sn2026slov
Machine Learning,NA,1573-0565,2026-04-20,NA,sn2026slov
Machine Learning for Computational Science and Engineering,NA,3005-1436,2026-04-20,NA,sn2026slov
Machine Vision and Applications,NA,1432-1769,2026-04-20,NA,sn2026slov
Macromolecular Research,NA,2092-7673,2026-04-20,NA,sn2026slov
"Magnetic Resonance Materials in Physics, Biology and Medicine",NA,1352-8661,2026-04-20,NA,sn2026slov
Mammal Research,NA,2199-241X,2026-04-20,NA,sn2026slov
Mammalian Biology,NA,1618-1476,2026-04-20,NA,sn2026slov
Mammalian Genome,NA,1432-1777,2026-04-20,NA,sn2026slov
Management International Review,NA,1861-8901,2026-04-20,NA,sn2026slov
Management Review Quarterly,NA,2198-1639,2026-04-20,NA,sn2026slov
Manuelle Medizin,NA,1433-0466,2026-04-20,NA,sn2026slov
manuscripta mathematica,NA,1432-1785,2026-04-20,NA,sn2026slov
MAPAN,NA,0974-9853,2026-04-20,NA,sn2026slov
Marine Biodiversity,NA,1867-1624,2026-04-20,NA,sn2026slov
Marine Biology,NA,1432-1793,2026-04-20,NA,sn2026slov
Marine Biotechnology,NA,1436-2236,2026-04-20,NA,sn2026slov
Marine Geophysical Research,NA,1573-0581,2026-04-20,NA,sn2026slov
Marine Life Science & Technology,NA,2662-1746,2026-04-20,NA,sn2026slov
Marine Systems & Ocean Technology,NA,2199-4749,2026-04-20,NA,sn2026slov
Maritime Economics & Logistics,NA,1479-294X,2026-04-20,NA,sn2026slov
Maritime Studies,NA,2212-9790,2026-04-20,NA,sn2026slov
Marketing Letters,NA,1573-059X,2026-04-20,NA,sn2026slov
Matemática Contemporânea,NA,2317-6636,2026-04-20,NA,sn2026slov
Materials and Structures,NA,1871-6873,2026-04-20,NA,sn2026slov
Materials Circular Economy,NA,2524-8154,2026-04-20,NA,sn2026slov
Materials Science,NA,1573-885X,2026-04-20,NA,sn2026slov
Maternal and Child Health Journal,NA,1573-6628,2026-04-20,NA,sn2026slov
Mathematical Foundations of Machine Learning,NA,3059-3492,2026-04-20,NA,sn2026slov
Mathematical Geosciences,NA,1874-8953,2026-04-20,NA,sn2026slov
Mathematical Methods of Operations Research,NA,1432-5217,2026-04-20,NA,sn2026slov
"Mathematical Physics, Analysis and Geometry",NA,1572-9656,2026-04-20,NA,sn2026slov
Mathematical Programming,NA,1436-4646,2026-04-20,NA,sn2026slov
Mathematical Programming Computation,NA,1867-2957,2026-04-20,NA,sn2026slov
Mathematics and Financial Economics,NA,1862-9660,2026-04-20,NA,sn2026slov
Mathematics Education Research Journal,NA,2211-050X,2026-04-20,NA,sn2026slov
Mathematics in Computer Science,NA,1661-8289,2026-04-20,NA,sn2026slov
"Mathematics of Control, Signals, and Systems",NA,1435-568X,2026-04-20,NA,sn2026slov
Mathematische Annalen,NA,1432-1807,2026-04-20,NA,sn2026slov
Mathematische Semesterberichte,NA,1432-1815,2026-04-20,NA,sn2026slov
Mathematische Zeitschrift,NA,1432-1823,2026-04-20,NA,sn2026slov
Meccanica,NA,1572-9648,2026-04-20,NA,sn2026slov
Mechanics of Soft Materials,NA,2524-5619,2026-04-20,NA,sn2026slov
Mechanics of Time-Dependent Materials,NA,1573-2738,2026-04-20,NA,sn2026slov
Medical & Biological Engineering & Computing,NA,1741-0444,2026-04-20,NA,sn2026slov
Medical Microbiology and Immunology,NA,1432-1831,2026-04-20,NA,sn2026slov
Medical Molecular Morphology,NA,1860-1499,2026-04-20,NA,sn2026slov
Medical Oncology,NA,1559-131X,2026-04-20,NA,sn2026slov
Medical Science Educator,NA,2156-8650,2026-04-20,NA,sn2026slov
Medicinal Chemistry Research,NA,1554-8120,2026-04-20,NA,sn2026slov
"Medicine, Health Care and Philosophy",NA,1572-8633,2026-04-20,NA,sn2026slov
Mediterranean Geoscience Reviews,NA,2661-8648,2026-04-20,NA,sn2026slov
Mediterranean Journal of Mathematics,NA,1660-5454,2026-04-20,NA,sn2026slov
Medizinische Klinik - Intensivmedizin und Notfallmedizin,NA,2193-6226,2026-04-20,NA,sn2026slov
Medizinrecht,NA,1433-8629,2026-04-20,NA,sn2026slov
MedScience,NA,3091-4981,2026-04-20,NA,sn2026slov
Memetic Computing,NA,1865-9292,2026-04-20,NA,sn2026slov
memo - Magazine of European Medical Oncology,NA,1865-5076,2026-04-20,NA,sn2026slov
Memory & Cognition,NA,1532-5946,2026-04-20,NA,sn2026slov
Metabolic Brain Disease,NA,1573-7365,2026-04-20,NA,sn2026slov
Metacognition and Learning,NA,1556-1631,2026-04-20,NA,sn2026slov
"Metallography, Microstructure, and Analysis",NA,2192-9270,2026-04-20,NA,sn2026slov
Metallurgical and Materials Transactions A,NA,1543-1940,2026-04-20,NA,sn2026slov
Metallurgical and Materials Transactions B,NA,1543-1916,2026-04-20,NA,sn2026slov
Metals and Materials International,NA,2005-4149,2026-04-20,NA,sn2026slov
Metascience,NA,1467-9981,2026-04-20,NA,sn2026slov
Meteorology and Atmospheric Physics,NA,1436-5065,2026-04-20,NA,sn2026slov
Methodology and Computing in Applied Probability,NA,1573-7713,2026-04-20,NA,sn2026slov
Metrika,NA,1435-926X,2026-04-20,NA,sn2026slov
METRON,NA,2281-695X,2026-04-20,NA,sn2026slov
Microchimica Acta,NA,1436-5073,2026-04-20,NA,sn2026slov
Microfluidics and Nanofluidics,NA,1613-4990,2026-04-20,NA,sn2026slov
Microgravity Science and Technology,NA,1875-0494,2026-04-20,NA,sn2026slov
Microsystem Technologies,NA,1432-1858,2026-04-20,NA,sn2026slov
Milan Journal of Mathematics,NA,1424-9294,2026-04-20,NA,sn2026slov
Mindfulness,NA,1868-8535,2026-04-20,NA,sn2026slov
Minds and Machines,NA,1572-8641,2026-04-20,NA,sn2026slov
Mine Water and the Environment,NA,1616-1068,2026-04-20,NA,sn2026slov
Mineral Economics,NA,2191-2211,2026-04-20,NA,sn2026slov
Mineralium Deposita,NA,1432-1866,2026-04-20,NA,sn2026slov
Mineralogy and Petrology,NA,1438-1168,2026-04-20,NA,sn2026slov
Minerva,NA,1573-1871,2026-04-20,NA,sn2026slov
"Mining, Metallurgy & Exploration",NA,2524-3470,2026-04-20,NA,sn2026slov
Mitigation and Adaptation Strategies for Global Change,NA,1573-1596,2026-04-20,NA,sn2026slov
Mobile Networks and Applications,NA,1572-8153,2026-04-20,NA,sn2026slov
Modeling Earth Systems and Environment,NA,2363-6211,2026-04-20,NA,sn2026slov
Molecular & Cellular Toxicology,NA,2092-8467,2026-04-20,NA,sn2026slov
Molecular and Cellular Biochemistry,NA,1573-4919,2026-04-20,NA,sn2026slov
Molecular Biology Reports,NA,1573-4978,2026-04-20,NA,sn2026slov
Molecular Biotechnology,NA,1559-0305,2026-04-20,NA,sn2026slov
Molecular Breeding,NA,1572-9788,2026-04-20,NA,sn2026slov
Molecular Diagnosis & Therapy,NA,1179-2000,2026-04-20,NA,sn2026slov
Molecular Diversity,NA,1573-501X,2026-04-20,NA,sn2026slov
Molecular Genetics and Genomics,NA,1617-4623,2026-04-20,NA,sn2026slov
Molecular Imaging and Biology,NA,1860-2002,2026-04-20,NA,sn2026slov
Molecular Neurobiology,NA,1559-1182,2026-04-20,NA,sn2026slov
Molecular Psychiatry,NA,1476-5578,2026-04-20,NA,sn2026slov
Monash Bioethics Review,NA,1836-6716,2026-04-20,NA,sn2026slov
Monatshefte für Chemie - Chemical Monthly,NA,1434-4475,2026-04-20,NA,sn2026slov
Monatshefte für Mathematik,NA,1436-5081,2026-04-20,NA,sn2026slov
Monatsschrift Kinderheilkunde,NA,1433-0474,2026-04-20,NA,sn2026slov
Morphology,NA,1871-5656,2026-04-20,NA,sn2026slov
Motivation and Emotion,NA,1573-6644,2026-04-20,NA,sn2026slov
MRS Advances,NA,2059-8521,2026-04-20,NA,sn2026slov
MRS Bulletin,NA,1938-1425,2026-04-20,NA,sn2026slov
MRS Communications,NA,2159-6867,2026-04-20,NA,sn2026slov
MRS Energy & Sustainability,NA,2329-2237,2026-04-20,NA,sn2026slov
Multibody System Dynamics,NA,1573-272X,2026-04-20,NA,sn2026slov
Multidimensional Systems and Signal Processing,NA,1573-0824,2026-04-20,NA,sn2026slov
Multimedia Systems,NA,1432-1882,2026-04-20,NA,sn2026slov
Multimedia Tools and Applications,NA,1573-7721,2026-04-20,NA,sn2026slov
Multiscale Science and Engineering,NA,2524-4523,2026-04-20,NA,sn2026slov
MUSCULOSKELETAL SURGERY,NA,2035-5114,2026-04-20,NA,sn2026slov
Mycological Progress,NA,1861-8952,2026-04-20,NA,sn2026slov
Mycopathologia,NA,1573-0832,2026-04-20,NA,sn2026slov
Mycorrhiza,NA,1432-1890,2026-04-20,NA,sn2026slov
Mycotoxin Research,NA,1867-1632,2026-04-20,NA,sn2026slov
Nanotechnology for Environmental Engineering,NA,2365-6387,2026-04-20,NA,sn2026slov
National Academy Science Letters,NA,2250-1754,2026-04-20,NA,sn2026slov
Natur und Recht,NA,1439-0515,2026-04-20,NA,sn2026slov
Natural Computing,NA,1572-9796,2026-04-20,NA,sn2026slov
Natural Hazards,NA,1573-0840,2026-04-20,NA,sn2026slov
Natural Language & Linguistic Theory,NA,1573-0859,2026-04-20,NA,sn2026slov
Natural Language Semantics,NA,1572-865X,2026-04-20,NA,sn2026slov
Natural Resources Research,NA,1573-8981,2026-04-20,NA,sn2026slov
Naunyn-Schmiedeberg's Archives of Pharmacology,NA,1432-1912,2026-04-20,NA,sn2026slov
Neohelicon,NA,1588-2810,2026-04-20,NA,sn2026slov
Neophilologus,NA,1572-8668,2026-04-20,NA,sn2026slov
Neotropical Entomology,NA,1678-8052,2026-04-20,NA,sn2026slov
Netherlands International Law Review,NA,1741-6191,2026-04-20,NA,sn2026slov
Network Modeling Analysis in Health Informatics and Bioinformatics,NA,2192-6670,2026-04-20,NA,sn2026slov
Networks and Spatial Economics,NA,1572-9427,2026-04-20,NA,sn2026slov
Neural Computing and Applications,NA,1433-3058,2026-04-20,NA,sn2026slov
Neurochemical Research,NA,1573-6903,2026-04-20,NA,sn2026slov
Neurocritical Care,NA,1556-0961,2026-04-20,NA,sn2026slov
Neuroethics,NA,1874-5504,2026-04-20,NA,sn2026slov
neurogenetics,NA,1364-6753,2026-04-20,NA,sn2026slov
Neuroinformatics,NA,1559-0089,2026-04-20,NA,sn2026slov
Neurological Sciences,NA,1590-3478,2026-04-20,NA,sn2026slov
NeuroMolecular Medicine,NA,1559-1174,2026-04-20,NA,sn2026slov
Neurophysiology,NA,1573-9007,2026-04-20,NA,sn2026slov
neuropsychiatrie,NA,2194-1327,2026-04-20,NA,sn2026slov
Neuropsychology Review,NA,1573-6660,2026-04-20,NA,sn2026slov
Neuropsychopharmacology,NA,1740-634X,2026-04-20,NA,sn2026slov
Neuroradiology,NA,1432-1920,2026-04-20,NA,sn2026slov
Neuroscience and Behavioral Physiology,NA,1573-899X,2026-04-20,NA,sn2026slov
Neuroscience Bulletin,NA,1995-8218,2026-04-20,NA,sn2026slov
Neurosurgical Review,NA,1437-2320,2026-04-20,NA,sn2026slov
Neurotoxicity Research,NA,1476-3524,2026-04-20,NA,sn2026slov
New Forests,NA,1573-5095,2026-04-20,NA,sn2026slov
New Generation Computing,NA,1882-7055,2026-04-20,NA,sn2026slov
New Zealand Journal of Educational Studies,NA,2199-4714,2026-04-20,NA,sn2026slov
Nexus Network Journal,NA,1522-4600,2026-04-20,NA,sn2026slov
Nonlinear Differential Equations and Applications NoDEA,NA,1420-9004,2026-04-20,NA,sn2026slov
Nonlinear Dynamics,NA,1573-269X,2026-04-20,NA,sn2026slov
Notfall + Rettungsmedizin,NA,1436-0578,2026-04-20,NA,sn2026slov
"NTM Zeitschrift für Geschichte der Wissenschaften, Technik und Medizin",NA,1420-9144,2026-04-20,NA,sn2026slov
Nuclear Medicine and Molecular Imaging,NA,1869-3482,2026-04-20,NA,sn2026slov
Nuclear Science and Techniques,NA,2210-3147,2026-04-20,NA,sn2026slov
Numerical Algorithms,NA,1572-9265,2026-04-20,NA,sn2026slov
Numerische Mathematik,NA,0945-3245,2026-04-20,NA,sn2026slov
Nutrient Cycling in Agroecosystems,NA,1573-0867,2026-04-20,NA,sn2026slov
Nutrire,NA,2316-7874,2026-04-20,NA,sn2026slov
Obere Extremität,NA,1862-6602,2026-04-20,NA,sn2026slov
Obesity Surgery,NA,1708-0428,2026-04-20,NA,sn2026slov
Occupational Health Science,NA,2367-0142,2026-04-20,NA,sn2026slov
Ocean Dynamics,NA,1616-7228,2026-04-20,NA,sn2026slov
Ocean Science Journal,NA,2005-7172,2026-04-20,NA,sn2026slov
Odontology,NA,1618-1255,2026-04-20,NA,sn2026slov
Oecologia,NA,1432-1939,2026-04-20,NA,sn2026slov
Oncogene,NA,1476-5594,2026-04-20,NA,sn2026slov
Open Economies Review,NA,1573-708X,2026-04-20,NA,sn2026slov
Operational Research,NA,1866-1505,2026-04-20,NA,sn2026slov
Operations Management Research,NA,1936-9743,2026-04-20,NA,sn2026slov
Operations Research Forum,NA,2662-2556,2026-04-20,NA,sn2026slov
Operative Orthopädie und Traumatologie,NA,1439-0981,2026-04-20,NA,sn2026slov
Ophthalmic and Physiological Optics,NA,1475-1313,2026-04-20,NA,sn2026slov
OPSEARCH,NA,0975-0320,2026-04-20,NA,sn2026slov
Optical and Quantum Electronics,NA,1572-817X,2026-04-20,NA,sn2026slov
Optical Review,NA,1349-9432,2026-04-20,NA,sn2026slov
Optimization and Engineering,NA,1573-2924,2026-04-20,NA,sn2026slov
Optimization Letters,NA,1862-4480,2026-04-20,NA,sn2026slov
Optoelectronics Letters,NA,1993-5013,2026-04-20,NA,sn2026slov
OR Spectrum,NA,1436-6304,2026-04-20,NA,sn2026slov
Oral and Maxillofacial Surgery,NA,1865-1569,2026-04-20,NA,sn2026slov
Oral Radiology,NA,1613-9674,2026-04-20,NA,sn2026slov
Oralprophylaxe & Kinderzahnmedizin,NA,3005-0790,2026-04-20,NA,sn2026slov
Order,NA,1572-9273,2026-04-20,NA,sn2026slov
Organic Agriculture,NA,1879-4246,2026-04-20,NA,sn2026slov
"Organisationsberatung, Supervision, Coaching",NA,1862-2577,2026-04-20,NA,sn2026slov
Organisms Diversity & Evolution,NA,1618-1077,2026-04-20,NA,sn2026slov
Ornithology Research,NA,2662-673X,2026-04-20,NA,sn2026slov
Osteoporosis International,NA,1433-2965,2026-04-20,NA,sn2026slov
Österreichische Wasser- und Abfallwirtschaft,NA,1613-7566,2026-04-20,NA,sn2026slov
Österreichische Zeitschrift für Soziologie,NA,1862-2585,2026-04-20,NA,sn2026slov
Paddy and Water Environment,NA,1611-2504,2026-04-20,NA,sn2026slov
Pädiatrie & Pädologie,NA,1613-7558,2026-04-20,NA,sn2026slov
Palaeobiodiversity and Palaeoenvironments,NA,1867-1608,2026-04-20,NA,sn2026slov
PalZ,NA,1867-6812,2026-04-20,NA,sn2026slov
Partial Differential Equations and Applications,NA,2662-2971,2026-04-20,NA,sn2026slov
Pastoral Psychology,NA,1573-6679,2026-04-20,NA,sn2026slov
Pattern Analysis and Applications,NA,1433-755X,2026-04-20,NA,sn2026slov
Pediatric Cardiology,NA,1432-1971,2026-04-20,NA,sn2026slov
Pediatric Drugs,NA,1179-2019,2026-04-20,NA,sn2026slov
Pediatric Nephrology,NA,1432-198X,2026-04-20,NA,sn2026slov
Pediatric Radiology,NA,1432-1998,2026-04-20,NA,sn2026slov
Pediatric Research,NA,1530-0447,2026-04-20,NA,sn2026slov
Pediatric Surgery International,NA,1437-9813,2026-04-20,NA,sn2026slov
Peking Mathematical Journal,NA,2524-7182,2026-04-20,NA,sn2026slov
Periodica Mathematica Hungarica,NA,1588-2829,2026-04-20,NA,sn2026slov
Periodontal and Implant Research,NA,2948-2453,2026-04-20,NA,sn2026slov
Personal and Ubiquitous Computing,NA,1617-4917,2026-04-20,NA,sn2026slov
Perspectives on Behavior Science,NA,2520-8977,2026-04-20,NA,sn2026slov
"PFG – Journal of Photogrammetry, Remote Sensing and Geoinformation Science",NA,2512-2819,2026-04-20,NA,sn2026slov
Pflügers Archiv - European Journal of Physiology,NA,1432-2013,2026-04-20,NA,sn2026slov
Pharmaceutical Medicine,NA,1179-1993,2026-04-20,NA,sn2026slov
Pharmaceutical Research,NA,1573-904X,2026-04-20,NA,sn2026slov
PharmacoEconomics,NA,1179-2027,2026-04-20,NA,sn2026slov
Pharmacological Reports,NA,2299-5684,2026-04-20,NA,sn2026slov
Phenomenology and the Cognitive Sciences,NA,1572-8676,2026-04-20,NA,sn2026slov
Phenomics,NA,2730-5848,2026-04-20,NA,sn2026slov
Philosophia,NA,1574-9274,2026-04-20,NA,sn2026slov
Philosophical Studies,NA,1573-0883,2026-04-20,NA,sn2026slov
Philosophy & Technology,NA,2210-5441,2026-04-20,NA,sn2026slov
Philosophy of Management,NA,2052-9597,2026-04-20,NA,sn2026slov
Photochemical & Photobiological Sciences,NA,1474-9092,2026-04-20,NA,sn2026slov
Photonic Network Communications,NA,1572-8188,2026-04-20,NA,sn2026slov
Photosynthesis Research,NA,1573-5079,2026-04-20,NA,sn2026slov
Physical and Engineering Sciences in Medicine,NA,2662-4737,2026-04-20,NA,sn2026slov
Physics and Chemistry of Minerals,NA,1432-2021,2026-04-20,NA,sn2026slov
Physics in Perspective,NA,1422-6960,2026-04-20,NA,sn2026slov
Physiology and Molecular Biology of Plants,NA,0974-0430,2026-04-20,NA,sn2026slov
Phytochemistry Reviews,NA,1572-980X,2026-04-20,NA,sn2026slov
Phytoparasitica,NA,1876-7184,2026-04-20,NA,sn2026slov
Pituitary,NA,1573-7403,2026-04-20,NA,sn2026slov
Place Branding and Public Diplomacy,NA,1751-8059,2026-04-20,NA,sn2026slov
Plant and Soil,NA,1573-5036,2026-04-20,NA,sn2026slov
Plant Biosystems,NA,1724-5575,2026-04-20,NA,sn2026slov
Plant Biotechnology Reports,NA,1863-5474,2026-04-20,NA,sn2026slov
Plant Cell Reports,NA,1432-203X,2026-04-20,NA,sn2026slov
"Plant Cell, Tissue and Organ Culture (PCTOC)",NA,1573-5044,2026-04-20,NA,sn2026slov
Plant Ecology,NA,1573-5052,2026-04-20,NA,sn2026slov
Plant Foods for Human Nutrition,NA,1573-9104,2026-04-20,NA,sn2026slov
Plant Molecular Biology,NA,1573-5028,2026-04-20,NA,sn2026slov
Plant Molecular Biology Reporter,NA,1572-9818,2026-04-20,NA,sn2026slov
Plant Physiology Reports,NA,2662-2548,2026-04-20,NA,sn2026slov
Plant Reproduction,NA,2194-7961,2026-04-20,NA,sn2026slov
Plant Systematics and Evolution,NA,1615-6110,2026-04-20,NA,sn2026slov
Planta,NA,1432-2048,2026-04-20,NA,sn2026slov
Plasma Chemistry and Plasma Processing,NA,1572-8986,2026-04-20,NA,sn2026slov
Plasmonics,NA,1557-1963,2026-04-20,NA,sn2026slov
Polar Biology,NA,1432-2056,2026-04-20,NA,sn2026slov
Policy Sciences,NA,1573-0891,2026-04-20,NA,sn2026slov
Political Behavior,NA,1573-6687,2026-04-20,NA,sn2026slov
Politische Vierteljahresschrift,NA,1862-2860,2026-04-20,NA,sn2026slov
Polymer Bulletin,NA,1436-2449,2026-04-20,NA,sn2026slov
Polymer Journal,NA,1349-0540,2026-04-20,NA,sn2026slov
Population and Environment,NA,1573-7810,2026-04-20,NA,sn2026slov
Population Research and Policy Review,NA,1573-7829,2026-04-20,NA,sn2026slov
Portuguese Economic Journal,NA,1617-9838,2026-04-20,NA,sn2026slov
Positivity,NA,1572-9281,2026-04-20,NA,sn2026slov
Postdigital Science and Education,NA,2524-4868,2026-04-20,NA,sn2026slov
postmedieval,NA,2040-5979,2026-04-20,NA,sn2026slov
Potato Research,NA,1871-4528,2026-04-20,NA,sn2026slov
Potential Analysis,NA,1572-929X,2026-04-20,NA,sn2026slov
Powder Metallurgy and Metal Ceramics,NA,1573-9066,2026-04-20,NA,sn2026slov
Power Technology and Engineering,NA,1570-1468,2026-04-20,NA,sn2026slov
Prävention und Gesundheitsförderung,NA,1861-6763,2026-04-20,NA,sn2026slov
Precision Agriculture,NA,1573-1618,2026-04-20,NA,sn2026slov
Prevention Science,NA,1573-6695,2026-04-20,NA,sn2026slov
Primates,NA,1610-7365,2026-04-20,NA,sn2026slov
PRO CARE,NA,1613-7574,2026-04-20,NA,sn2026slov
Probability Theory and Related Fields,NA,1432-2064,2026-04-20,NA,sn2026slov
Probiotics and Antimicrobial Proteins,NA,1867-1314,2026-04-20,NA,sn2026slov
"Proceedings of the National Academy of Sciences, India Section A: Physical Sciences",NA,2250-1762,2026-04-20,NA,sn2026slov
"Proceedings of the National Academy of Sciences, India Section B: Biological Sciences",NA,2250-1746,2026-04-20,NA,sn2026slov
Proceedings of the Zoological Society,NA,0974-6919,2026-04-20,NA,sn2026slov
Process Integration and Optimization for Sustainability,NA,2509-4246,2026-04-20,NA,sn2026slov
Production Engineering,NA,1863-7353,2026-04-20,NA,sn2026slov
Progress in Additive Manufacturing,NA,2363-9520,2026-04-20,NA,sn2026slov
Progress in Artificial Intelligence,NA,2192-6360,2026-04-20,NA,sn2026slov
PROSPECTS,NA,1573-9090,2026-04-20,NA,sn2026slov
Prostate Cancer and Prostatic Diseases,NA,1476-5608,2026-04-20,NA,sn2026slov
Protoplasma,NA,1615-6102,2026-04-20,NA,sn2026slov
Psychiatric Quarterly,NA,1573-6709,2026-04-20,NA,sn2026slov
"Psychoanalysis, Culture & Society",NA,1543-3390,2026-04-20,NA,sn2026slov
Psychological Injury and Law,NA,1938-9728,2026-04-20,NA,sn2026slov
Psychological Research,NA,1430-2772,2026-04-20,NA,sn2026slov
Psychological Studies,NA,0974-9861,2026-04-20,NA,sn2026slov
Psychonomic Bulletin & Review,NA,1531-5320,2026-04-20,NA,sn2026slov
Psychopharmacology,NA,1432-2072,2026-04-20,NA,sn2026slov
psychopraxis. neuropraxis,NA,2197-9715,2026-04-20,NA,sn2026slov
Psychotherapie Forum,NA,1613-7604,2026-04-20,NA,sn2026slov
Public Choice,NA,1573-7101,2026-04-20,NA,sn2026slov
Public Organization Review,NA,1573-7098,2026-04-20,NA,sn2026slov
Public Transport,NA,1613-7159,2026-04-20,NA,sn2026slov
Publishing Research Quarterly,NA,1936-4792,2026-04-20,NA,sn2026slov
Publizistik,NA,1862-2569,2026-04-20,NA,sn2026slov
Pure and Applied Geophysics,NA,1420-9136,2026-04-20,NA,sn2026slov
Purinergic Signalling,NA,1573-9546,2026-04-20,NA,sn2026slov
Qualitative Sociology,NA,1573-7837,2026-04-20,NA,sn2026slov
Qualitative Theory of Dynamical Systems,NA,1662-3592,2026-04-20,NA,sn2026slov
Quality & Quantity,NA,1573-7845,2026-04-20,NA,sn2026slov
Quality and User Experience,NA,2366-0147,2026-04-20,NA,sn2026slov
Quality of Life Research,NA,1573-2649,2026-04-20,NA,sn2026slov
Quantitative Marketing and Economics,NA,1573-711X,2026-04-20,NA,sn2026slov
Quantum Information Processing,NA,1573-1332,2026-04-20,NA,sn2026slov
Quantum Machine Intelligence,NA,2524-4914,2026-04-20,NA,sn2026slov
Quantum Studies: Mathematics and Foundations,NA,2196-5617,2026-04-20,NA,sn2026slov
Queueing Systems,NA,1572-9443,2026-04-20,NA,sn2026slov
Race and Social Problems,NA,1867-1756,2026-04-20,NA,sn2026slov
Radiation and Environmental Biophysics,NA,1432-2099,2026-04-20,NA,sn2026slov
Radiation Detection Technology and Methods,NA,2509-9949,2026-04-20,NA,sn2026slov
Radiological Physics and Technology,NA,1865-0341,2026-04-20,NA,sn2026slov
"Reaction Kinetics, Mechanisms and Catalysis",NA,1878-5204,2026-04-20,NA,sn2026slov
Reading and Writing,NA,1573-0905,2026-04-20,NA,sn2026slov
Real-Time Systems,NA,1573-1383,2026-04-20,NA,sn2026slov
Rechtsmedizin,NA,1434-5196,2026-04-20,NA,sn2026slov
Regenerative Engineering and Translational Medicine,NA,2364-4141,2026-04-20,NA,sn2026slov
Regional Environmental Change,NA,1436-378X,2026-04-20,NA,sn2026slov
Remote Sensing in Earth Systems Sciences,NA,2520-8209,2026-04-20,NA,sn2026slov
Rendiconti del Circolo Matematico di Palermo Series 2,NA,1973-4409,2026-04-20,NA,sn2026slov
Rendiconti Lincei. Scienze Fisiche e Naturali,NA,1720-0776,2026-04-20,NA,sn2026slov
Reproductive Sciences,NA,1933-7205,2026-04-20,NA,sn2026slov
Requirements Engineering,NA,1432-010X,2026-04-20,NA,sn2026slov
Res Publica,NA,1572-8692,2026-04-20,NA,sn2026slov
Research in Engineering Design,NA,1435-6066,2026-04-20,NA,sn2026slov
Research in Higher Education,NA,1573-188X,2026-04-20,NA,sn2026slov
Research in Number Theory,NA,2363-9555,2026-04-20,NA,sn2026slov
Research in Science Education,NA,1573-1898,2026-04-20,NA,sn2026slov
Research in the Mathematical Sciences,NA,2197-9847,2026-04-20,NA,sn2026slov
Research on Biomedical Engineering,NA,2446-4740,2026-04-20,NA,sn2026slov
Research on Chemical Intermediates,NA,1568-5675,2026-04-20,NA,sn2026slov
Research on Child and Adolescent Psychopathology,NA,2730-7174,2026-04-20,NA,sn2026slov
Results in Mathematics,NA,1420-9012,2026-04-20,NA,sn2026slov
Review Journal of Autism and Developmental Disorders,NA,2195-7185,2026-04-20,NA,sn2026slov
Review of Accounting Studies,NA,1573-7136,2026-04-20,NA,sn2026slov
"Review of Agricultural, Food and Environmental Studies",NA,2425-6897,2026-04-20,NA,sn2026slov
Review of Derivatives Research,NA,1573-7144,2026-04-20,NA,sn2026slov
Review of Economic Design,NA,1434-4750,2026-04-20,NA,sn2026slov
Review of Economics of the Household,NA,1573-7152,2026-04-20,NA,sn2026slov
Review of Evolutionary Political Economy,NA,2662-6144,2026-04-20,NA,sn2026slov
Review of Industrial Organization,NA,1573-7160,2026-04-20,NA,sn2026slov
Review of Managerial Science,NA,1863-6691,2026-04-20,NA,sn2026slov
Review of Philosophy and Psychology,NA,1878-5166,2026-04-20,NA,sn2026slov
Review of Quantitative Finance and Accounting,NA,1573-7179,2026-04-20,NA,sn2026slov
Review of Regional Research,NA,1613-9836,2026-04-20,NA,sn2026slov
Review of World Economics,NA,1610-2886,2026-04-20,NA,sn2026slov
Reviews in Endocrine and Metabolic Disorders,NA,1573-2606,2026-04-20,NA,sn2026slov
Reviews in Environmental Science and Bio/Technology,NA,1572-9826,2026-04-20,NA,sn2026slov
Reviews in Fish Biology and Fisheries,NA,1573-5184,2026-04-20,NA,sn2026slov
Reviews of Environmental Contamination and Toxicology,NA,2197-6554,2026-04-20,NA,sn2026slov
Reviews of Modern Plasma Physics,NA,2367-3192,2026-04-20,NA,sn2026slov
Revista Brasileira de Farmacognosia,NA,1981-528X,2026-04-20,NA,sn2026slov
"Revista de la Real Academia de Ciencias Exactas, Físicas y Naturales. Serie A. Matemáticas",NA,1579-1505,2026-04-20,NA,sn2026slov
Revista Matemática Complutense,NA,1988-2807,2026-04-20,NA,sn2026slov
Rheologica Acta,NA,1435-1528,2026-04-20,NA,sn2026slov
rheuma plus,NA,2191-2610,2026-04-20,NA,sn2026slov
Rheuma Plus / Schweiz,NA,3004-8931,2026-04-20,NA,sn2026slov
Rheumatology International,NA,1437-160X,2026-04-20,NA,sn2026slov
Ricerche di Matematica,NA,1827-3491,2026-04-20,NA,sn2026slov
Risk Management,NA,1743-4637,2026-04-20,NA,sn2026slov
Rock Mechanics and Rock Engineering,NA,1434-453X,2026-04-20,NA,sn2026slov
Russian Linguistics,NA,1572-8714,2026-04-20,NA,sn2026slov
Russian Physics Journal,NA,1573-9228,2026-04-20,NA,sn2026slov
Safety in Extreme Environments,NA,2524-8189,2026-04-20,NA,sn2026slov
"Sampling Theory, Signal Processing, and Data Analysis",NA,2730-5724,2026-04-20,NA,sn2026slov
Sankhya A,NA,0976-8378,2026-04-20,NA,sn2026slov
Sankhya B,NA,0976-8394,2026-04-20,NA,sn2026slov
São Paulo Journal of Mathematical Sciences,NA,2316-9028,2026-04-20,NA,sn2026slov
Schmerz Nachrichten,NA,2731-3999,2026-04-20,NA,sn2026slov
School Mental Health,NA,1866-2633,2026-04-20,NA,sn2026slov
Schweizer Gastroenterologie,NA,2662-7159,2026-04-20,NA,sn2026slov
Science & Education,NA,1573-1901,2026-04-20,NA,sn2026slov
Science China Chemistry,NA,1869-1870,2026-04-20,NA,sn2026slov
Science China Earth Sciences,NA,1869-1897,2026-04-20,NA,sn2026slov
Science China Information Sciences,NA,1869-1919,2026-04-20,NA,sn2026slov
Science China Life Sciences,NA,1869-1889,2026-04-20,NA,sn2026slov
Science China Materials,NA,2199-4501,2026-04-20,NA,sn2026slov
Science China Mathematics,NA,1869-1862,2026-04-20,NA,sn2026slov
"Science China Physics, Mechanics & Astronomy",NA,1869-1927,2026-04-20,NA,sn2026slov
Science China Technological Sciences,NA,1869-1900,2026-04-20,NA,sn2026slov
Scientometrics,NA,1588-2861,2026-04-20,NA,sn2026slov
Security Journal,NA,1743-4645,2026-04-20,NA,sn2026slov
Selecta Mathematica,NA,1420-9020,2026-04-20,NA,sn2026slov
SeMA Journal,NA,2281-7875,2026-04-20,NA,sn2026slov
Semigroup Forum,NA,1432-2137,2026-04-20,NA,sn2026slov
Seminars in Immunopathology,NA,1863-2300,2026-04-20,NA,sn2026slov
Sensing and Imaging,NA,1557-2072,2026-04-20,NA,sn2026slov
SERIEs,NA,1869-4195,2026-04-20,NA,sn2026slov
Service Business,NA,1862-8508,2026-04-20,NA,sn2026slov
Service Oriented Computing and Applications,NA,1863-2394,2026-04-20,NA,sn2026slov
Set-Valued and Variational Analysis,NA,1877-0541,2026-04-20,NA,sn2026slov
Sex Roles,NA,1573-2762,2026-04-20,NA,sn2026slov
Sexuality & Culture,NA,1936-4822,2026-04-20,NA,sn2026slov
Sexuality and Disability,NA,1573-6717,2026-04-20,NA,sn2026slov
Sexuality Research and Social Policy,NA,1553-6610,2026-04-20,NA,sn2026slov
Shape Memory and Superelasticity,NA,2199-3858,2026-04-20,NA,sn2026slov
Shock Waves,NA,1432-2153,2026-04-20,NA,sn2026slov
"Signal, Image and Video Processing",NA,1863-1711,2026-04-20,NA,sn2026slov
Silicon,NA,1876-9918,2026-04-20,NA,sn2026slov
Skeletal Radiology,NA,1432-2161,2026-04-20,NA,sn2026slov
Sleep and Biological Rhythms,NA,1479-8425,2026-04-20,NA,sn2026slov
Sleep and Breathing,NA,1522-1709,2026-04-20,NA,sn2026slov
Sleep and Vigilance,NA,2510-2265,2026-04-20,NA,sn2026slov
Small Business Economics,NA,1573-0913,2026-04-20,NA,sn2026slov
Small-scale Forestry,NA,1873-7854,2026-04-20,NA,sn2026slov
Smart Grids and Sustainable Energy,NA,2731-8087,2026-04-20,NA,sn2026slov
SN Business & Economics,NA,2662-9399,2026-04-20,NA,sn2026slov
SN Comprehensive Clinical Medicine,NA,2523-8973,2026-04-20,NA,sn2026slov
SN Computer Science,NA,2661-8907,2026-04-20,NA,sn2026slov
SN Social Sciences,NA,2662-9283,2026-04-20,NA,sn2026slov
Social Choice and Welfare,NA,1432-217X,2026-04-20,NA,sn2026slov
Social Indicators Research,NA,1573-0921,2026-04-20,NA,sn2026slov
Social Justice Research,NA,1573-6725,2026-04-20,NA,sn2026slov
Social Psychiatry and Psychiatric Epidemiology,NA,1433-9285,2026-04-20,NA,sn2026slov
Social Psychology of Education,NA,1573-1928,2026-04-20,NA,sn2026slov
Social Theory & Health,NA,1477-822X,2026-04-20,NA,sn2026slov
Society,NA,1936-4725,2026-04-20,NA,sn2026slov
Socio-Ecological Practice Research,NA,2524-5287,2026-04-20,NA,sn2026slov
Soft Computing,NA,1433-7479,2026-04-20,NA,sn2026slov
Software and Systems Modeling,NA,1619-1374,2026-04-20,NA,sn2026slov
Software Quality Journal,NA,1573-1367,2026-04-20,NA,sn2026slov
Soil Ecology Letters,NA,2662-2297,2026-04-20,NA,sn2026slov
Solar Physics,NA,1573-093X,2026-04-20,NA,sn2026slov
Somnologie,NA,1439-054X,2026-04-20,NA,sn2026slov
Sophia,NA,1873-930X,2026-04-20,NA,sn2026slov
Sozial Extra,NA,1863-8953,2026-04-20,NA,sn2026slov
Soziale Passagen,NA,1867-0199,2026-04-20,NA,sn2026slov
Space Science Reviews,NA,1572-9672,2026-04-20,NA,sn2026slov
Spatial Demography,NA,2164-7070,2026-04-20,NA,sn2026slov
Spatial Information Research,NA,2366-3294,2026-04-20,NA,sn2026slov
Spektrum der Augenheilkunde,NA,1613-7523,2026-04-20,NA,sn2026slov
Spinal Cord,NA,1476-5624,2026-04-20,NA,sn2026slov
Spinal Cord Series and Cases,NA,2058-6124,2026-04-20,NA,sn2026slov
Spine Deformity,NA,2212-1358,2026-04-20,NA,sn2026slov
Sport Sciences for Health,NA,1825-1234,2026-04-20,NA,sn2026slov
Sports Engineering,NA,1460-2687,2026-04-20,NA,sn2026slov
Sports Medicine,NA,1179-2035,2026-04-20,NA,sn2026slov
Standort,NA,1432-220X,2026-04-20,NA,sn2026slov
Statistical Methods & Applications,NA,1613-981X,2026-04-20,NA,sn2026slov
Statistical Papers,NA,1613-9798,2026-04-20,NA,sn2026slov
Statistics and Computing,NA,1573-1375,2026-04-20,NA,sn2026slov
Statistics in Biosciences,NA,1867-1772,2026-04-20,NA,sn2026slov
Stem Cell Reviews and Reports,NA,2629-3277,2026-04-20,NA,sn2026slov
Stochastic Environmental Research and Risk Assessment,NA,1436-3259,2026-04-20,NA,sn2026slov
Stochastics and Partial Differential Equations: Analysis and Computations,NA,2194-041X,2026-04-20,NA,sn2026slov
Strahlentherapie und Onkologie,NA,1439-099X,2026-04-20,NA,sn2026slov
Strength of Materials,NA,1573-9325,2026-04-20,NA,sn2026slov
Structural and Multidisciplinary Optimization,NA,1615-1488,2026-04-20,NA,sn2026slov
Structural Chemistry,NA,1572-9001,2026-04-20,NA,sn2026slov
Studia Geophysica et Geodaetica,NA,1573-1626,2026-04-20,NA,sn2026slov
Studia Logica,NA,1572-8730,2026-04-20,NA,sn2026slov
Studies in Comparative International Development,NA,1936-6167,2026-04-20,NA,sn2026slov
Studies in East European Thought,NA,1573-0948,2026-04-20,NA,sn2026slov
Studies in Philosophy and Education,NA,1573-191X,2026-04-20,NA,sn2026slov
Subjectivity,NA,1755-635X,2026-04-20,NA,sn2026slov
Sugar Tech,NA,0974-0740,2026-04-20,NA,sn2026slov
Supportive Care in Cancer,NA,1433-7339,2026-04-20,NA,sn2026slov
Surgery Today,NA,1436-2813,2026-04-20,NA,sn2026slov
Surgical and Radiologic Anatomy,NA,1279-8517,2026-04-20,NA,sn2026slov
Surgical Endoscopy,NA,1432-2218,2026-04-20,NA,sn2026slov
Surveys in Geophysics,NA,1573-0956,2026-04-20,NA,sn2026slov
Sustainability Nexus Forum,NA,2948-1627,2026-04-20,NA,sn2026slov
Sustainability Science,NA,1862-4057,2026-04-20,NA,sn2026slov
Sustainable Water Resources Management,NA,2363-5045,2026-04-20,NA,sn2026slov
Swarm Intelligence,NA,1935-3820,2026-04-20,NA,sn2026slov
Symbiosis,NA,1878-7665,2026-04-20,NA,sn2026slov
Synthese,NA,1573-0964,2026-04-20,NA,sn2026slov
Systematic Parasitology,NA,1573-5192,2026-04-20,NA,sn2026slov
Systemic Practice and Action Research,NA,1573-9295,2026-04-20,NA,sn2026slov
Systems Microbiology and Biomanufacturing,NA,2662-7663,2026-04-20,NA,sn2026slov
Targeted Oncology,NA,1776-260X,2026-04-20,NA,sn2026slov
"Technology, Knowledge and Learning",NA,2211-1670,2026-04-20,NA,sn2026slov
TechTrends,NA,1559-7075,2026-04-20,NA,sn2026slov
Telecommunication Systems,NA,1572-9451,2026-04-20,NA,sn2026slov
Tertiary Education and Management,NA,1573-1936,2026-04-20,NA,sn2026slov
TEST,NA,1863-8260,2026-04-20,NA,sn2026slov
Thalassas: An International Journal of Marine Sciences,NA,2366-1674,2026-04-20,NA,sn2026slov
The AAPS Journal,NA,1550-7416,2026-04-20,NA,sn2026slov
The American Sociologist,NA,1936-4784,2026-04-20,NA,sn2026slov
The Analysis of Verbal Behavior,NA,2196-8926,2026-04-20,NA,sn2026slov
The Annals of Regional Science,NA,1432-0592,2026-04-20,NA,sn2026slov
The Asia-Pacific Education Researcher,NA,2243-7908,2026-04-20,NA,sn2026slov
The Astronomy and Astrophysics Review,NA,1432-0754,2026-04-20,NA,sn2026slov
The Australian Educational Researcher,NA,2210-5328,2026-04-20,NA,sn2026slov
The Australian Journal of Language and Literacy,NA,1839-4728,2026-04-20,NA,sn2026slov
The Botanical Review,NA,1874-9372,2026-04-20,NA,sn2026slov
The Cerebellum,NA,1473-4230,2026-04-20,NA,sn2026slov
The European Journal of Development Research,NA,1743-9728,2026-04-20,NA,sn2026slov
The European Journal of Health Economics,NA,1618-7601,2026-04-20,NA,sn2026slov
The European Physical Journal A,NA,1434-601X,2026-04-20,NA,sn2026slov
The European Physical Journal B,NA,1434-6036,2026-04-20,NA,sn2026slov
The European Physical Journal D,NA,1434-6079,2026-04-20,NA,sn2026slov
The European Physical Journal E,NA,1292-895X,2026-04-20,NA,sn2026slov
The European Physical Journal H,NA,2102-6467,2026-04-20,NA,sn2026slov
The European Physical Journal Plus,NA,2190-5444,2026-04-20,NA,sn2026slov
The European Physical Journal Special Topics,NA,1951-6401,2026-04-20,NA,sn2026slov
The Geneva Papers on Risk and Insurance - Issues and Practice,NA,1468-0440,2026-04-20,NA,sn2026slov
The Geneva Risk and Insurance Review,NA,1554-9658,2026-04-20,NA,sn2026slov
The Indian Journal of Labour Economics,NA,0019-5308,2026-04-20,NA,sn2026slov
The International Journal of Advanced Manufacturing Technology,NA,1433-3015,2026-04-20,NA,sn2026slov
The International Journal of Cardiovascular Imaging,NA,1875-8312,2026-04-20,NA,sn2026slov
The International Journal of Life Cycle Assessment,NA,1614-7502,2026-04-20,NA,sn2026slov
The International Sports Law Journal,NA,2213-5154,2026-04-20,NA,sn2026slov
The Japanese Economic Review,NA,1468-5876,2026-04-20,NA,sn2026slov
The Journal of Analysis,NA,2367-2501,2026-04-20,NA,sn2026slov
The Journal of Antibiotics,NA,1881-1469,2026-04-20,NA,sn2026slov
The Journal of Behavioral Health Services & Research,NA,1556-3308,2026-04-20,NA,sn2026slov
The Journal of East Asian Philosophy,NA,2730-5414,2026-04-20,NA,sn2026slov
The Journal of Economic Inequality,NA,1573-8701,2026-04-20,NA,sn2026slov
The Journal of Ethics,NA,1572-8609,2026-04-20,NA,sn2026slov
The Journal of Geometric Analysis,NA,1559-002X,2026-04-20,NA,sn2026slov
The Journal of Membrane Biology,NA,1432-1424,2026-04-20,NA,sn2026slov
The Journal of Obstetrics and Gynecology of India,NA,0975-6434,2026-04-20,NA,sn2026slov
The Journal of Real Estate Finance and Economics,NA,1573-045X,2026-04-20,NA,sn2026slov
The Journal of Supercomputing,NA,1573-0484,2026-04-20,NA,sn2026slov
The Journal of Technology Transfer,NA,1573-7047,2026-04-20,NA,sn2026slov
The Journal of the Astronautical Sciences,NA,2195-0571,2026-04-20,NA,sn2026slov
The Journal of Value Inquiry,NA,1573-0492,2026-04-20,NA,sn2026slov
The Mathematical Intelligencer,NA,1866-7414,2026-04-20,NA,sn2026slov
The Nucleus,NA,0976-7975,2026-04-20,NA,sn2026slov
The Patient - Patient-Centered Outcomes Research,NA,1178-1661,2026-04-20,NA,sn2026slov
The Pharmacogenomics Journal,NA,1473-1150,2026-04-20,NA,sn2026slov
The Protein Journal,NA,1875-8355,2026-04-20,NA,sn2026slov
The Psychological Record,NA,2163-3452,2026-04-20,NA,sn2026slov
The Ramanujan Journal,NA,1572-9303,2026-04-20,NA,sn2026slov
The Review of Austrian Economics,NA,1573-7128,2026-04-20,NA,sn2026slov
The Review of International Organizations,NA,1559-744X,2026-04-20,NA,sn2026slov
The Review of Socionetwork Strategies,NA,1867-3236,2026-04-20,NA,sn2026slov
The Science of Nature,NA,1432-1904,2026-04-20,NA,sn2026slov
The Urban Review,NA,1573-1960,2026-04-20,NA,sn2026slov
The Visual Computer,NA,1432-2315,2026-04-20,NA,sn2026slov
The VLDB Journal,NA,0949-877X,2026-04-20,NA,sn2026slov
Theoretical and Applied Climatology,NA,1434-4483,2026-04-20,NA,sn2026slov
Theoretical and Applied Genetics,NA,1432-2242,2026-04-20,NA,sn2026slov
Theoretical and Computational Fluid Dynamics,NA,1432-2250,2026-04-20,NA,sn2026slov
Theoretical and Experimental Chemistry,NA,1573-935X,2026-04-20,NA,sn2026slov
Theoretical and Experimental Plant Physiology,NA,2197-0025,2026-04-20,NA,sn2026slov
Theoretical Chemistry Accounts,NA,1432-2234,2026-04-20,NA,sn2026slov
Theoretical Ecology,NA,1874-1746,2026-04-20,NA,sn2026slov
Theoretical Medicine and Bioethics,NA,1573-1200,2026-04-20,NA,sn2026slov
Theory and Decision,NA,1573-7187,2026-04-20,NA,sn2026slov
Theory and Society,NA,1573-7853,2026-04-20,NA,sn2026slov
Theory in Biosciences,NA,1611-7530,2026-04-20,NA,sn2026slov
Theory of Computing Systems,NA,1433-0490,2026-04-20,NA,sn2026slov
Therapeutic Innovation & Regulatory Science,NA,2168-4804,2026-04-20,NA,sn2026slov
Tissue Engineering and Regenerative Medicine,NA,2212-5469,2026-04-20,NA,sn2026slov
TOP,NA,1863-8279,2026-04-20,NA,sn2026slov
Topics in Catalysis,NA,1572-9028,2026-04-20,NA,sn2026slov
Topics in Current Chemistry,NA,2364-8961,2026-04-20,NA,sn2026slov
Topoi,NA,1572-8749,2026-04-20,NA,sn2026slov
Toxicological Research,NA,2234-2753,2026-04-20,NA,sn2026slov
Toxicology and Environmental Health Sciences,NA,2233-7784,2026-04-20,NA,sn2026slov
Transactions of the Indian Institute of Metals,NA,0975-1645,2026-04-20,NA,sn2026slov
Transactions of the Indian National Academy of Engineering,NA,2662-5423,2026-04-20,NA,sn2026slov
Transactions of Tianjin University,NA,1995-8196,2026-04-20,NA,sn2026slov
Transactions on Electrical and Electronic Materials,NA,2092-7592,2026-04-20,NA,sn2026slov
Transformation Groups,NA,1531-586X,2026-04-20,NA,sn2026slov
Transgenic Research,NA,1573-9368,2026-04-20,NA,sn2026slov
Transition Metal Chemistry,NA,1572-901X,2026-04-20,NA,sn2026slov
Translational Stroke Research,NA,1868-601X,2026-04-20,NA,sn2026slov
Transport in Porous Media,NA,1573-1634,2026-04-20,NA,sn2026slov
Transportation,NA,1572-9435,2026-04-20,NA,sn2026slov
Transportation in Developing Economies,NA,2199-9295,2026-04-20,NA,sn2026slov
Transportation Infrastructure Geotechnology,NA,2196-7210,2026-04-20,NA,sn2026slov
Tree Genetics & Genomes,NA,1614-2950,2026-04-20,NA,sn2026slov
Trees,NA,1432-2285,2026-04-20,NA,sn2026slov
Trends in Organized Crime,NA,1936-4830,2026-04-20,NA,sn2026slov
Trends in Psychology,NA,2358-1883,2026-04-20,NA,sn2026slov
Tribology Letters,NA,1573-2711,2026-04-20,NA,sn2026slov
Tropical Animal Health and Production,NA,1573-7438,2026-04-20,NA,sn2026slov
Tropical Ecology,NA,2661-8982,2026-04-20,NA,sn2026slov
Tropical Plant Biology,NA,1935-9764,2026-04-20,NA,sn2026slov
Tropical Plant Pathology,NA,1983-2052,2026-04-20,NA,sn2026slov
Tungsten,NA,2661-8036,2026-04-20,NA,sn2026slov
Ukrainian Mathematical Journal,NA,1573-9376,2026-04-20,NA,sn2026slov
Universal Access in the Information Society,NA,1615-5297,2026-04-20,NA,sn2026slov
Unterrichtswissenschaft,NA,2520-873X,2026-04-20,NA,sn2026slov
Updates in Surgery,NA,2038-3312,2026-04-20,NA,sn2026slov
URBAN DESIGN International,NA,1468-4519,2026-04-20,NA,sn2026slov
Urban Ecosystems,NA,1573-1642,2026-04-20,NA,sn2026slov
Urban Forum,NA,1874-6330,2026-04-20,NA,sn2026slov
Urolithiasis,NA,2194-7236,2026-04-20,NA,sn2026slov
Urologie in der Praxis,NA,2661-8745,2026-04-20,NA,sn2026slov
User Modeling and User-Adapted Interaction,NA,1573-1391,2026-04-20,NA,sn2026slov
Vegetation History and Archaeobotany,NA,1617-6278,2026-04-20,NA,sn2026slov
Vegetos,NA,2229-4473,2026-04-20,NA,sn2026slov
Veterinary Research Communications,NA,1573-7446,2026-04-20,NA,sn2026slov
Vietnam Journal of Mathematics,NA,2305-2228,2026-04-20,NA,sn2026slov
Virchows Archiv,NA,1432-2307,2026-04-20,NA,sn2026slov
Virus Genes,NA,1572-994X,2026-04-20,NA,sn2026slov
VirusDisease,NA,2347-3517,2026-04-20,NA,sn2026slov
Waste and Biomass Valorization,NA,1877-265X,2026-04-20,NA,sn2026slov
Waste Disposal & Sustainable Energy,NA,2524-7891,2026-04-20,NA,sn2026slov
Water Conservation Science and Engineering,NA,2364-5687,2026-04-20,NA,sn2026slov
Water History,NA,1877-7244,2026-04-20,NA,sn2026slov
Water Resources Management,NA,1573-1650,2026-04-20,NA,sn2026slov
Water Waves,NA,2523-3688,2026-04-20,NA,sn2026slov
"Water, Air, & Soil Pollution",NA,1573-2932,2026-04-20,NA,sn2026slov
Welding in the World,NA,1878-6669,2026-04-20,NA,sn2026slov
Wetlands,NA,1943-6246,2026-04-20,NA,sn2026slov
Wetlands Ecology and Management,NA,1572-9834,2026-04-20,NA,sn2026slov
Wiener klinische Wochenschrift,NA,1613-7671,2026-04-20,NA,sn2026slov
Wiener klinisches Magazin,NA,1613-7817,2026-04-20,NA,sn2026slov
Wiener Medizinische Wochenschrift,NA,1563-258X,2026-04-20,NA,sn2026slov
Wireless Networks,NA,1572-8196,2026-04-20,NA,sn2026slov
Wireless Personal Communications,NA,1572-834X,2026-04-20,NA,sn2026slov
Wirtschaftsinformatik & Management,NA,1867-5913,2026-04-20,NA,sn2026slov
WMU Journal of Maritime Affairs,NA,1654-1642,2026-04-20,NA,sn2026slov
Wood Science and Technology,NA,1432-5225,2026-04-20,NA,sn2026slov
World Journal of Microbiology and Biotechnology,NA,1573-0972,2026-04-20,NA,sn2026slov
World Journal of Pediatrics,NA,1867-0687,2026-04-20,NA,sn2026slov
World Journal of Urology,NA,1433-8726,2026-04-20,NA,sn2026slov
World Wide Web,NA,1573-1413,2026-04-20,NA,sn2026slov
ZDM – Mathematics Education,NA,1863-9704,2026-04-20,NA,sn2026slov
Zeitschrift für Allgemeinmedizin,NA,1439-9229,2026-04-20,NA,sn2026slov
Zeitschrift für angewandte Mathematik und Physik,NA,1420-9039,2026-04-20,NA,sn2026slov
Zeitschrift für Arbeitswissenschaft,NA,2366-4681,2026-04-20,NA,sn2026slov
Zeitschrift für Außen- und Sicherheitspolitik,NA,1866-2196,2026-04-20,NA,sn2026slov
Zeitschrift für Bildungsforschung,NA,2190-6904,2026-04-20,NA,sn2026slov
Zeitschrift für Didaktik der Naturwissenschaften,NA,2197-988X,2026-04-20,NA,sn2026slov
Zeitschrift für Erziehungswissenschaft,NA,1862-5215,2026-04-20,NA,sn2026slov
Zeitschrift für Ethik und Moralphilosophie,NA,2522-0071,2026-04-20,NA,sn2026slov
Zeitschrift für Friedens- und Konfliktforschung,NA,2524-6976,2026-04-20,NA,sn2026slov
Zeitschrift für Gerontologie und Geriatrie,NA,1435-1269,2026-04-20,NA,sn2026slov
Zeitschrift für Grundschulforschung,NA,2523-3181,2026-04-20,NA,sn2026slov
Zeitschrift für Hebammenwissenschaft,NA,2366-3766,2026-04-20,NA,sn2026slov
"Zeitschrift für Herz-,Thorax- und Gefäßchirurgie",NA,1435-1277,2026-04-20,NA,sn2026slov
Zeitschrift für Literaturwissenschaft und Linguistik,NA,2365-953X,2026-04-20,NA,sn2026slov
Zeitschrift für Pneumologie,NA,2731-7412,2026-04-20,NA,sn2026slov
Zeitschrift für Politikwissenschaft,NA,2366-2638,2026-04-20,NA,sn2026slov
Zeitschrift für Psychodrama und Soziometrie,NA,1862-2526,2026-04-20,NA,sn2026slov
"Zeitschrift für Religion, Gesellschaft und Politik",NA,2510-1226,2026-04-20,NA,sn2026slov
Zeitschrift für Rheumatologie,NA,1435-1250,2026-04-20,NA,sn2026slov
Zeitschrift für Vergleichende Politikwissenschaft,NA,1865-2654,2026-04-20,NA,sn2026slov
"Zentralblatt für Arbeitsmedizin, Arbeitsschutz und Ergonomie",NA,2198-0713,2026-04-20,NA,sn2026slov
ZI Zahnärztliche Implantologie,NA,3004-8702,2026-04-20,NA,sn2026slov
Zoomorphology,NA,1432-234X,2026-04-20,NA,sn2026slov
Advanced Photonics,NA,2577-5421,2026-04-20,NA,spie2026uva
Advanced Photonics Nexus,NA,2791-1519,2026-04-20,NA,spie2026uva
Biophotonics Discovery,NA,3005-4745,2026-04-20,NA,spie2026uva
Journal of Applied Remote Sensing,NA,1931-3195,2026-04-20,NA,spie2026uva
"Journal of Astronomical Telescopes, Instruments and Systems",2329-4124,2329-4221,2026-04-20,NA,spie2026uva
Journal of Biomedical Optics,1083-3668,1560-2281,2026-04-20,NA,spie2026uva
Journal of Electronic Imaging,1017-9909,1560-229X,2026-04-20,NA,spie2026uva
Journal of Medical Imaging,2329-4302,2329-4310,2026-04-20,NA,spie2026uva
"Journal of Micro/Nanolithography, MEMS and MOEMS",1932-5150,1932-5134,2026-04-20,NA,spie2026uva
Journal of Nanophotonics,NA,1934-2608,2026-04-20,NA,spie2026uva
Journal of Optical Microsystems,NA,2708-5260,2026-04-20,NA,spie2026uva
Journal of Photonics for Energy,NA,1947-7988,2026-04-20,NA,spie2026uva
Neurophotonics,2329-423X,2329-4248,2026-04-20,NA,spie2026uva
Optical Engineering,0091-3286,1560-2303,2026-04-20,NA,spie2026uva
"Photonics Insights,",NA,2791-1748,2026-04-20,NA,spie2026uva
a/b: Auto/Biography Studies,0898-9575,2151-7290,2026-04-20,NA,tf2026czelib
"Accountability in Research : Ethics, Integrity and Policy",0898-9621,1545-5815,2026-04-20,NA,tf2026czelib
Accounting and Business Research,0001-4788,2159-4260,2026-04-20,NA,tf2026czelib
Accounting Education,0963-9284,1468-4489,2026-04-20,NA,tf2026czelib
Accounting Forum,0155-9982,1467-6303,2026-04-20,NA,tf2026czelib
Accounting History Review,2155-2851,2155-286X,2026-04-20,NA,tf2026czelib
Accounting in Europe,1744-9480,1744-9499,2026-04-20,NA,tf2026czelib
"Acta Agriculturae Scandinavica, Section A â€” Animal Science",0906-4702,1651-1972,2026-04-20,NA,tf2026czelib
Acta Borealia : A Nordic Journal of Circumpolar Societies,0800-3831,1503-111X,2026-04-20,NA,tf2026czelib
Acta Cardiologica,0001-5385,0373-7934,2026-04-20,NA,tf2026czelib
Acta Chirurgica Belgica,0001-5458,2577-0160,2026-04-20,NA,tf2026czelib
Acta Clinica Belgica : International Journal of Clinical and Laboratory Medicine,1784-3286,2295-3337,2026-04-20,NA,tf2026czelib
Acta Linguistica Hafniensia : International Journal of Linguistics,0374-0463,1949-0763,2026-04-20,NA,tf2026czelib
Acta Oto-Laryngologica,0001-6489,1651-2251,2026-04-20,NA,tf2026czelib
Action in Teacher Education,0162-6620,2158-6098,2026-04-20,NA,tf2026czelib
Action Learning: Research and Practice,1476-7333,1476-7341,2026-04-20,NA,tf2026czelib
"Activities, Adaptation & Aging : Dignified and Purposeful Living for Older Adults",0192-4788,1544-4368,2026-04-20,NA,tf2026czelib
Addiction Research & Theory,1606-6359,1476-7392,2026-04-20,NA,tf2026czelib
Administrative Theory & Praxis,1084-1806,1949-0461,2026-04-20,NA,tf2026czelib
Adoption Quarterly,1092-6755,1544-452X,2026-04-20,NA,tf2026czelib
Advanced Composite Materials,0924-3046,1568-5519,2026-04-20,NA,tf2026czelib
Advanced Robotics,0169-1864,1568-5535,2026-04-20,NA,tf2026czelib
Advances in Building Energy Research,1751-2549,1756-2201,2026-04-20,NA,tf2026czelib
Advances in Materials and Processing Technologies,2374-068X,2374-0698,2026-04-20,NA,tf2026czelib
"Advances in Mental Health : Promotion, Prevention and Early Intervention",1838-7357,1837-4905,2026-04-20,NA,tf2026czelib
Advances in Nineteenth-Century Research,NA,3066-5906,2026-04-20,NA,tf2026czelib
Aerosol Science and Technology,0278-6826,1521-7388,2026-04-20,NA,tf2026czelib
Africa Education Review,1814-6627,1753-5921,2026-04-20,NA,tf2026czelib
Africa Journal of Management,2332-2373,2332-2381,2026-04-20,NA,tf2026czelib
African and Black Diaspora: An International Journal,1752-8631,1752-864X,2026-04-20,NA,tf2026czelib
African Geographical Review,1937-6812,2163-2642,2026-04-20,NA,tf2026czelib
African Historical Review,1753-2523,1753-2531,2026-04-20,NA,tf2026czelib
African Identities,1472-5843,1472-5851,2026-04-20,NA,tf2026czelib
African Journal of AIDS Research,1608-5906,1727-9445,2026-04-20,NA,tf2026czelib
African Journal of Aquatic Science,1608-5914,1727-9364,2026-04-20,NA,tf2026czelib
African Journal of Herpetology,2156-4574,2153-3660,2026-04-20,NA,tf2026czelib
African Journal of Marine Science,1814-232X,1814-2338,2026-04-20,NA,tf2026czelib
African Journal of Range & Forage Science,1022-0119,1727-9380,2026-04-20,NA,tf2026czelib
"African Journal of Research in Mathematics, Science and Technology Education",1811-7295,2469-7656,2026-04-20,NA,tf2026czelib
"African Journal of Science, Technology, Innovation and Development",2042-1338,2042-1346,2026-04-20,NA,tf2026czelib
African Journalism Studies,2374-3670,2374-3689,2026-04-20,NA,tf2026czelib
African Security,1939-2206,1939-2214,2026-04-20,NA,tf2026czelib
African Security Review,1024-6029,2154-0128,2026-04-20,NA,tf2026czelib
African Studies,0002-0184,1469-2872,2026-04-20,NA,tf2026czelib
African Zoology,1562-7020,2224-073X,2026-04-20,NA,tf2026czelib
Agenda : Empowering women for gender equity,1013-0950,2158-978X,2026-04-20,NA,tf2026czelib
Aging & Mental Health,1360-7863,1364-6915,2026-04-20,NA,tf2026czelib
"Aging, Neuropsychology, and Cognition : A Journal on Normal and Dysfunctional Development",1382-5585,1744-4128,2026-04-20,NA,tf2026czelib
"Agrekon : Agricultural Economics Research, Policy and Practice in Southern Africa",0303-1853,2078-0400,2026-04-20,NA,tf2026czelib
Agroecology and Sustainable Food Systems,2168-3565,2168-3573,2026-04-20,NA,tf2026czelib
AICCM Bulletin,1034-4233,2204-4183,2026-04-20,NA,tf2026czelib
AIDS Care : Psychological and Socio-medical Aspects of AIDS/HIV,0954-0121,1360-0451,2026-04-20,NA,tf2026czelib
AJOB Empirical Bioethics,2329-4515,2329-4523,2026-04-20,NA,tf2026czelib
AJOB Neuroscience,2150-7740,2150-7759,2026-04-20,NA,tf2026czelib
Al-MasÄq : Journal of the Medieval Mediterranean,0950-3110,1473-348X,2026-04-20,NA,tf2026czelib
Alcheringa: An Australasian Journal of Palaeontology,0311-5518,1752-0754,2026-04-20,NA,tf2026czelib
Alcoholism Treatment Quarterly,0734-7324,1544-4538,2026-04-20,NA,tf2026czelib
Ambix,0002-6980,1745-8234,2026-04-20,NA,tf2026czelib
Amerasia Journal,0044-7471,NA,2026-04-20,NA,tf2026czelib
American Communist History,1474-3892,1474-3906,2026-04-20,NA,tf2026czelib
American Journal of Clinical Hypnosis,0002-9157,2160-0562,2026-04-20,NA,tf2026czelib
American Journal of Distance Education,0892-3647,1538-9286,2026-04-20,NA,tf2026czelib
American Journal of Health Education,1932-5037,2168-3751,2026-04-20,NA,tf2026czelib
American Journal of Mathematical and Management Sciences,0196-6324,2325-8454,2026-04-20,NA,tf2026czelib
American Journal of Sexuality Education,1554-6128,1554-6136,2026-04-20,NA,tf2026czelib
American Journal on Intellectual and Developmental Disabilities,1944-7515,1944-7558,2026-04-20,NA,tf2026czelib
American Journalism,0882-1127,2326-2486,2026-04-20,NA,tf2026czelib
American Nineteenth Century History,1466-4658,1743-7903,2026-04-20,NA,tf2026czelib
American Review of Canadian Studies,0272-2011,1943-9954,2026-04-20,NA,tf2026czelib
Amyloid : The Journal of Protein Folding Disorders,1350-6129,1744-2818,2026-04-20,NA,tf2026czelib
Amyotrophic Lateral Sclerosis and Frontotemporal Degeneration,2167-8421,2167-9223,2026-04-20,NA,tf2026czelib
Analytical Letters,0003-2719,1532-236X,2026-04-20,NA,tf2026czelib
Anatolia : An International Journal of Tourism and Hospitality Research,1303-2917,2156-6909,2026-04-20,NA,tf2026czelib
Angelaki : Journal of the Theoretical Humanities,0969-725X,1469-2899,2026-04-20,NA,tf2026czelib
Annales de la SociÃ©tÃ© entomologique de France (N.S.) : International Journal of Entomology,0037-9271,2168-6351,2026-04-20,NA,tf2026czelib
Annals of Leisure Research,1174-5398,2159-6816,2026-04-20,NA,tf2026czelib
Annals of Science,0003-3790,1464-505X,2026-04-20,NA,tf2026czelib
Annals of the American Association of Geographers,2469-4452,2469-4460,2026-04-20,NA,tf2026czelib
"ANQ: A Quarterly Journal of Short Articles, Notes and Reviews",0895-769X,1940-3364,2026-04-20,NA,tf2026czelib
Anthropological Forum : A journal of social anthropology and comparative sociology,0066-4677,1469-2902,2026-04-20,NA,tf2026czelib
Anthropology & Medicine,1364-8470,1469-2910,2026-04-20,NA,tf2026czelib
Anthropology Now,1942-8200,1949-2901,2026-04-20,NA,tf2026czelib
Anthropology Southern Africa,2332-3256,2332-3264,2026-04-20,NA,tf2026czelib
AnthrozoÃ¶s : A multidisciplinary journal of the interactions between people and other animals,0892-7936,1753-0377,2026-04-20,NA,tf2026czelib
"Anxiety, Stress, & Coping : An International Journal",1061-5806,1477-2205,2026-04-20,NA,tf2026czelib
Aphasiology,0268-7038,1464-5041,2026-04-20,NA,tf2026czelib
Applicable Analysis : An International Journal,0003-6811,1563-504X,2026-04-20,NA,tf2026czelib
Applied Developmental Science,1088-8691,1532-480X,2026-04-20,NA,tf2026czelib
Applied Economics,0003-6846,1466-4283,2026-04-20,NA,tf2026czelib
Applied Economics Letters,1350-4851,1466-4291,2026-04-20,NA,tf2026czelib
Applied Environmental Education & Communication,1533-015X,1533-0389,2026-04-20,NA,tf2026czelib
Applied Mathematical Finance,1350-486X,1466-4313,2026-04-20,NA,tf2026czelib
Applied Measurement in Education,0895-7347,1532-4818,2026-04-20,NA,tf2026czelib
Applied Mobilities,2380-0127,2380-0135,2026-04-20,NA,tf2026czelib
Applied Neuropsychology: Adult,2327-9095,2327-9109,2026-04-20,NA,tf2026czelib
Applied Neuropsychology: Child,2162-2965,2162-2973,2026-04-20,NA,tf2026czelib
Applied Spectroscopy Reviews,0570-4928,1520-569X,2026-04-20,NA,tf2026czelib
Aquaculture Economics & Management,1365-7305,1551-8663,2026-04-20,NA,tf2026czelib
Aquatic Insects : International Journal of Freshwater Entomology,0165-0424,1744-4152,2026-04-20,NA,tf2026czelib
Arboricultural Journal : The International Journal of Urban Forestry,0307-1375,2168-1074,2026-04-20,NA,tf2026czelib
Archaeological Journal,0066-5983,2373-2288,2026-04-20,NA,tf2026czelib
Architectural Engineering and Design Management,1745-2007,1752-7589,2026-04-20,NA,tf2026czelib
Architectural Science Review,0003-8628,1758-9622,2026-04-20,NA,tf2026czelib
Architectural Theory Review,1326-4826,1755-0475,2026-04-20,NA,tf2026czelib
Architecture and Culture,2050-7828,2050-7836,2026-04-20,NA,tf2026czelib
Archives and Records : The Journal of the Archives and Records Association,2325-7962,2325-7989,2026-04-20,NA,tf2026czelib
Archives of Animal Nutrition,1745-039X,1477-2817,2026-04-20,NA,tf2026czelib
Archives of Environmental & Occupational Health,1933-8244,2154-4700,2026-04-20,NA,tf2026czelib
Archives of Physiology and Biochemistry : The Journal of Metabolic Diseases,1381-3455,1744-4160,2026-04-20,NA,tf2026czelib
Archives of Phytopathology and Plant Protection,0323-5408,1477-2906,2026-04-20,NA,tf2026czelib
Archives of Suicide Research,1381-1118,1543-6136,2026-04-20,NA,tf2026czelib
Area Development and Policy,2379-2949,2379-2957,2026-04-20,NA,tf2026czelib
Argumentation and Advocacy,1051-1431,2576-8476,2026-04-20,NA,tf2026czelib
Arid Land Research and Management,1532-4982,1532-4990,2026-04-20,NA,tf2026czelib
Arms & Armour,1741-6124,1749-6268,2026-04-20,NA,tf2026czelib
Art Education,0004-3125,2325-5161,2026-04-20,NA,tf2026czelib
Art in Translation,NA,1756-1310,2026-04-20,NA,tf2026czelib
Art Journal,0004-3249,2325-5307,2026-04-20,NA,tf2026czelib
Art Therapy : Journal of the American Art Therapy Association,0742-1656,2159-9394,2026-04-20,NA,tf2026czelib
"Arts & Health : An International Journal for Research, Policy and Practice",1753-3015,1753-3023,2026-04-20,NA,tf2026czelib
Arts Education Policy Review,1063-2913,1940-4395,2026-04-20,NA,tf2026czelib
Asia Pacific Business Review,1360-2381,1743-792X,2026-04-20,NA,tf2026czelib
Asia Pacific Journal of Counselling and Psychotherapy,2150-7686,2150-7708,2026-04-20,NA,tf2026czelib
Asia Pacific Journal of Education,0218-8791,1742-6855,2026-04-20,NA,tf2026czelib
Asia Pacific Journal of Public Administration,2327-6665,2327-6673,2026-04-20,NA,tf2026czelib
Asia Pacific Journal of Social Work and Development,2994-9769,2165-0993,2026-04-20,NA,tf2026czelib
Asia Pacific Journal of Tourism Research,1094-1665,1741-6507,2026-04-20,NA,tf2026czelib
Asia Pacific Law Review,1019-2557,1875-8444,2026-04-20,NA,tf2026czelib
Asia Pacific Translation and Intercultural Studies,2330-6343,2330-6351,2026-04-20,NA,tf2026czelib
Asia-Pacific Journal of Accounting & Economics,1608-1625,2164-2257,2026-04-20,NA,tf2026czelib
Asia-Pacific Journal of Teacher Education,1359-866X,1469-2945,2026-04-20,NA,tf2026czelib
Asia-Pacific Review,1343-9006,1469-2937,2026-04-20,NA,tf2026czelib
Asian Affairs,0306-8374,1477-1500,2026-04-20,NA,tf2026czelib
Asian Anthropology,1683-478X,2168-4227,2026-04-20,NA,tf2026czelib
Asian Englishes,1348-8678,2331-2548,2026-04-20,NA,tf2026czelib
Asian Ethnicity,1463-1369,1469-2953,2026-04-20,NA,tf2026czelib
Asian Geographer,1022-5706,2158-1762,2026-04-20,NA,tf2026czelib
Asian Journal of Communication,0129-2986,1742-0911,2026-04-20,NA,tf2026czelib
Asian Journal of Middle Eastern and Islamic Studies,2576-5949,2576-5957,2026-04-20,NA,tf2026czelib
Asian Journal of Political Science,0218-5377,1750-7812,2026-04-20,NA,tf2026czelib
Asian Journal of Sport History & Culture,2769-0148,2769-0156,2026-04-20,NA,tf2026czelib
Asian Journal of Technology Innovation,1976-1597,2158-6721,2026-04-20,NA,tf2026czelib
Asian Journal of Women's Studies,1225-9276,2377-004X,2026-04-20,NA,tf2026czelib
Asian Philosophy : An International Journal of the Philosophical Traditions of the East,0955-2367,1469-2961,2026-04-20,NA,tf2026czelib
Asian Population Studies,1744-1730,1744-1749,2026-04-20,NA,tf2026czelib
Asian Security,1479-9855,1555-2764,2026-04-20,NA,tf2026czelib
Asian Studies Review,1035-7823,1467-8403,2026-04-20,NA,tf2026czelib
Assessment & Evaluation in Higher Education,0260-2938,1469-297X,2026-04-20,NA,tf2026czelib
"Assessment in Education: Principles, Policy & Practice",0969-594X,1465-329X,2026-04-20,NA,tf2026czelib
Assistive Technology : The Official Journal of RESNA,1040-0435,1949-3614,2026-04-20,NA,tf2026czelib
Astropolitics : The International Journal of Space Politics & Policy,1477-7622,1557-2943,2026-04-20,NA,tf2026czelib
Atlantic Journal of Communication,1545-6870,1545-6889,2026-04-20,NA,tf2026czelib
Atlantic Studies : Global Currents,1478-8810,1740-4649,2026-04-20,NA,tf2026czelib
Atmosphere-Ocean,0705-5900,1480-9214,2026-04-20,NA,tf2026czelib
Attachment & Human Development,1461-6734,1469-2988,2026-04-20,NA,tf2026czelib
Auditory Perception & Cognition,2574-2442,2574-2450,2026-04-20,NA,tf2026czelib
Augmentative and Alternative Communication,0743-4618,1477-3848,2026-04-20,NA,tf2026czelib
Australasian Journal of Engineering Education,2205-4952,1325-4340,2026-04-20,NA,tf2026czelib
Australasian Journal of Environmental Management,1448-6563,2159-5356,2026-04-20,NA,tf2026czelib
Australasian Journal of Philosophy,0004-8402,1471-6828,2026-04-20,NA,tf2026czelib
Australasian Journal of Water Resources,1324-1583,2204-227X,2026-04-20,NA,tf2026czelib
Australasian Philosophical Review,2474-0500,2474-0519,2026-04-20,NA,tf2026czelib
Australian and New Zealand Journal of Art,1443-4318,2203-1871,2026-04-20,NA,tf2026czelib
Australian Archaeology,0312-2417,2470-0363,2026-04-20,NA,tf2026czelib
Australian Feminist Law Journal,1320-0968,2204-0064,2026-04-20,NA,tf2026czelib
Australian Feminist Studies,0816-4649,1465-3303,2026-04-20,NA,tf2026czelib
Australian Forestry,0004-9158,2325-6087,2026-04-20,NA,tf2026czelib
Australian Geographer,0004-9182,1465-3311,2026-04-20,NA,tf2026czelib
Australian Historical Studies,1031-461X,1940-5049,2026-04-20,NA,tf2026czelib
Australian Journal of Civil Engineering,1448-8353,2204-2245,2026-04-20,NA,tf2026czelib
Australian Journal of Earth Sciences : An International Geoscience Journal of the Geological Society of Australia,0812-0099,1440-0952,2026-04-20,NA,tf2026czelib
Australian Journal of Electrical and Electronics Engineering,1448-837X,2205-362X,2026-04-20,NA,tf2026czelib
Australian Journal of Forensic Sciences,0045-0618,1834-562X,2026-04-20,NA,tf2026czelib
Australian Journal of Human Rights,1323-238X,2573-573X,2026-04-20,NA,tf2026czelib
Australian Journal of International Affairs,1035-7718,1465-332X,2026-04-20,NA,tf2026czelib
Australian Journal of Learning Difficulties,1940-4158,1940-4166,2026-04-20,NA,tf2026czelib
Australian Journal of Linguistics,0726-8602,1469-2996,2026-04-20,NA,tf2026czelib
Australian Journal of Maritime & Ocean Affairs,1836-6503,2333-6498,2026-04-20,NA,tf2026czelib
Australian Journal of Mechanical Engineering,1448-4846,2204-2253,2026-04-20,NA,tf2026czelib
Australian Journal of Multi-Disciplinary Engineering,1448-8388,2204-2180,2026-04-20,NA,tf2026czelib
Australian Journal of Political Science,1036-1146,1363-030X,2026-04-20,NA,tf2026czelib
Australian Journal of Structural Engineering,1328-7982,2204-2261,2026-04-20,NA,tf2026czelib
Australian Planner,0729-3682,2150-6841,2026-04-20,NA,tf2026czelib
Australian Psychologist,0005-0067,1742-9544,2026-04-20,NA,tf2026czelib
Australian Social Work,0312-407X,1447-0748,2026-04-20,NA,tf2026czelib
Autophagy,1554-8627,1554-8635,2026-04-20,NA,tf2026czelib
Avian Pathology,0307-9457,1465-3338,2026-04-20,NA,tf2026czelib
Azania: Archaeological Research in Africa,0067-270X,1945-5534,2026-04-20,NA,tf2026czelib
Baptist Quarterly,0005-576X,2056-7731,2026-04-20,NA,tf2026czelib
Basic and Applied Social Psychology,0197-3533,1532-4834,2026-04-20,NA,tf2026czelib
Baylor University Medical Center Proceedings : The peer-reviewed journal of Baylor Scott & White Health,0899-8280,1525-3252,2026-04-20,NA,tf2026czelib
Bee World,0005-772X,2376-7618,2026-04-20,NA,tf2026czelib
Behavioral Medicine,0896-4289,1940-4026,2026-04-20,NA,tf2026czelib
Behavioral Sciences of Terrorism and Political Aggression,1943-4472,1943-4480,2026-04-20,NA,tf2026czelib
Behavioral Sleep Medicine,1540-2002,1540-2010,2026-04-20,NA,tf2026czelib
Behaviour & Information Technology,0144-929X,1362-3001,2026-04-20,NA,tf2026czelib
Bilingual Research Journal : The Journal of the National Association for Bilingual Education,1523-5882,1523-5890,2026-04-20,NA,tf2026czelib
Bioacoustics : The International Journal of Animal Sound and its Recording,0952-4622,2165-0586,2026-04-20,NA,tf2026czelib
Biocatalysis and Biotransformation,1024-2422,1029-2446,2026-04-20,NA,tf2026czelib
Biocontrol Science and Technology,0958-3157,1360-0478,2026-04-20,NA,tf2026czelib
Biodemography and Social Biology,1948-5565,1948-5573,2026-04-20,NA,tf2026czelib
Biodiversity,1488-8386,2160-0651,2026-04-20,NA,tf2026czelib
Biofouling : The Journal of Bioadhesion and Biofilm Research,0892-7014,1029-2454,2026-04-20,NA,tf2026czelib
Biofuels,1759-7269,1759-7277,2026-04-20,NA,tf2026czelib
Biological Agriculture & Horticulture : An International Journal for Sustainable Production Systems,0144-8765,2165-0616,2026-04-20,NA,tf2026czelib
Biological Rhythm Research,0929-1016,1744-4179,2026-04-20,NA,tf2026czelib
Biomarkers,1354-750X,1366-5804,2026-04-20,NA,tf2026czelib
Bioremediation Journal,1088-9868,1547-6529,2026-04-20,NA,tf2026czelib
Biostatistics & Epidemiology,2470-9360,2470-9379,2026-04-20,NA,tf2026czelib
Biotechnic & Histochemistry,1052-0295,1473-7760,2026-04-20,NA,tf2026czelib
Biotechnology and Genetic Engineering Reviews,0264-8725,2046-5556,2026-04-20,NA,tf2026czelib
Bird Study,0006-3657,1944-6705,2026-04-20,NA,tf2026czelib
Black Histories : Dialogues,2832-5281,2832-529X,2026-04-20,NA,tf2026czelib
Black Theology : An International Journal,1476-9948,1743-1670,2026-04-20,NA,tf2026czelib
"Body, Movement and Dance in Psychotherapy : An International Journal for Theory, Research and Practice",1743-2979,1743-2987,2026-04-20,NA,tf2026czelib
Botany Letters,2381-8107,2381-8115,2026-04-20,NA,tf2026czelib
Brain Injury,0269-9052,1362-301X,2026-04-20,NA,tf2026czelib
British Journal for the History of Mathematics,2637-5451,2637-5494,2026-04-20,NA,tf2026czelib
British Journal for the History of Philosophy,0960-8788,1469-3526,2026-04-20,NA,tf2026czelib
British Journal of Educational Studies,0007-1005,1467-8527,2026-04-20,NA,tf2026czelib
British Journal of Guidance & Counselling,0306-9885,1469-3534,2026-04-20,NA,tf2026czelib
British Journal of Middle Eastern Studies,1353-0194,1469-3542,2026-04-20,NA,tf2026czelib
British Journal of Neurosurgery,0268-8697,1360-046X,2026-04-20,NA,tf2026czelib
British Journal of Religious Education,0141-6200,1740-7931,2026-04-20,NA,tf2026czelib
British Journal of Sociology of Education,0142-5692,1465-3346,2026-04-20,NA,tf2026czelib
British Poultry Science,0007-1668,1466-1799,2026-04-20,NA,tf2026czelib
BrontÃ« Studies : The Journal of the BrontÃ« Society,1474-8932,1745-8226,2026-04-20,NA,tf2026czelib
Building Research & Information,0961-3218,1466-4321,2026-04-20,NA,tf2026czelib
Bulletin of Indonesian Economic Studies,0007-4918,1472-7234,2026-04-20,NA,tf2026czelib
"Bulletin of Spanish Studies : Hispanic Studies and Researches on Spain, Portugal and Latin America",1475-3820,1478-3428,2026-04-20,NA,tf2026czelib
Bulletin of Spanish Visual Studies,2474-1604,2474-1612,2026-04-20,NA,tf2026czelib
Bulletin of the Atomic Scientists,0096-3402,1938-3282,2026-04-20,NA,tf2026czelib
Business History,0007-6791,1743-7938,2026-04-20,NA,tf2026czelib
California Archaeology,1947-461X,1947-4628,2026-04-20,NA,tf2026czelib
Cambridge Journal of Education,0305-764X,1469-3577,2026-04-20,NA,tf2026czelib
Cambridge Review of International Affairs,0955-7571,1474-449X,2026-04-20,NA,tf2026czelib
Canadian Foreign Policy Journal,1192-6422,2157-0817,2026-04-20,NA,tf2026czelib
Canadian Journal of African Studies / Revue canadienne des Ã©tudes africaines,0008-3968,1923-3051,2026-04-20,NA,tf2026czelib
"Canadian Journal of Art Therapy : Research, Practice, and Issues",2690-7240,2690-7267,2026-04-20,NA,tf2026czelib
Canadian Journal of Development Studies / Revue canadienne d'Ã©tudes du dÃ©veloppement,0225-5189,2158-9100,2026-04-20,NA,tf2026czelib
Canadian Journal of Latin American and Caribbean Studies / Revue canadienne des Ã©tudes latino-amÃ©ricaines et caraÃ¯bes,0826-3663,2333-1461,2026-04-20,NA,tf2026czelib
Canadian Journal of Plant Pathology,0706-0661,1715-2992,2026-04-20,NA,tf2026czelib
"Canadian Journal of Respiratory, Critical Care, and Sleep Medicine : Revue canadienne des soins respiratoires et critiques et de la mÃ©decine du sommeil",2474-5332,2474-5340,2026-04-20,NA,tf2026czelib
Canadian Metallurgical Quarterly : The Canadian Journal of Metallurgy and Materials Science,0008-4433,1879-1395,2026-04-20,NA,tf2026czelib
Canadian Slavonic Papers : Revue Canadienne des Slavistes,0008-5006,2375-2475,2026-04-20,NA,tf2026czelib
Canadian Society of Forensic Science Journal,0008-5030,2332-1660,2026-04-20,NA,tf2026czelib
Canadian Water Resources Journal / Revue canadienne des ressources hydriques,0701-1784,1918-1817,2026-04-20,NA,tf2026czelib
Cancer Investigation,0735-7907,1532-4192,2026-04-20,NA,tf2026czelib
Capitalism Nature Socialism,1045-5752,1548-3290,2026-04-20,NA,tf2026czelib
Caribbean Quarterly : A Journal of Caribbean Culture,0008-6495,2470-6302,2026-04-20,NA,tf2026czelib
Cartography and Geographic Information Science,1523-0406,1545-0465,2026-04-20,NA,tf2026czelib
Cataloging & Classification Quarterly,0163-9374,1544-4554,2026-04-20,NA,tf2026czelib
Catalysis Reviews : Science and Engineering,0161-4940,1520-5703,2026-04-20,NA,tf2026czelib
Celebrity Studies,1939-2397,1939-2400,2026-04-20,NA,tf2026czelib
Cell Cycle,1538-4101,1551-4005,2026-04-20,NA,tf2026czelib
Central Asian Survey,0263-4937,1465-3354,2026-04-20,NA,tf2026czelib
Central Europe,1479-0963,1745-8218,2026-04-20,NA,tf2026czelib
Challenge,0577-5132,1558-1489,2026-04-20,NA,tf2026czelib
CHANCE,0933-2480,1867-2280,2026-04-20,NA,tf2026czelib
Change: The Magazine of Higher Learning,0009-1383,1939-9146,2026-04-20,NA,tf2026czelib
Changing English : Studies in Culture and Education,1358-684X,1469-3585,2026-04-20,NA,tf2026czelib
Chemical Engineering Communications,0098-6445,1563-5201,2026-04-20,NA,tf2026czelib
Chemistry and Ecology,0275-7540,1029-0370,2026-04-20,NA,tf2026czelib
Child & Family Behavior Therapy,0731-7107,1545-228X,2026-04-20,NA,tf2026czelib
Child & Youth Services,0145-935X,1545-2298,2026-04-20,NA,tf2026czelib
Child Care in Practice,1357-5279,1476-489X,2026-04-20,NA,tf2026czelib
Child Neuropsychology : A Journal on Normal and Abnormal Development in Childhood and Adolescence,0929-7049,1744-4136,2026-04-20,NA,tf2026czelib
Childhood Education,0009-4056,2162-0725,2026-04-20,NA,tf2026czelib
Childhood in the Past : An International Journal,1758-5716,2040-8528,2026-04-20,NA,tf2026czelib
Children's Geographies,1473-3285,1473-3277,2026-04-20,NA,tf2026czelib
Children's Health Care,0273-9615,1532-6888,2026-04-20,NA,tf2026czelib
China Economic Journal,1753-8963,1753-8971,2026-04-20,NA,tf2026czelib
China Journal of Social Work,1752-5098,1752-5101,2026-04-20,NA,tf2026czelib
Chinese Journal of Communication,1754-4750,1754-4769,2026-04-20,NA,tf2026czelib
Chinese Literature and Thought Today,2768-3524,2768-3532,2026-04-20,NA,tf2026czelib
Chinese Sociological Review,2162-0555,2162-0563,2026-04-20,NA,tf2026czelib
Christian Higher Education,1536-3759,1539-4107,2026-04-20,NA,tf2026czelib
Chronobiology International : The Journal of Biological and Medical Rhythm Research,0742-0528,1525-6073,2026-04-20,NA,tf2026czelib
CIM Journal,1923-6026,2689-8403,2026-04-20,NA,tf2026czelib
Cities & Health,2374-8834,2374-8842,2026-04-20,NA,tf2026czelib
Citizenship Studies,1362-1025,1469-3593,2026-04-20,NA,tf2026czelib
"City : Analysis of Urban Change, Theory, Action",1360-4813,1470-3629,2026-04-20,NA,tf2026czelib
Civil Engineering and Environmental Systems : Solving Complex Challenges in Built and Natural Environments Through Systems Thinking,1028-6608,1029-0249,2026-04-20,NA,tf2026czelib
Civil Wars,1369-8249,1743-968X,2026-04-20,NA,tf2026czelib
Classroom Discourse,1946-3014,1946-3022,2026-04-20,NA,tf2026czelib
Climacteric,1369-7137,1473-0804,2026-04-20,NA,tf2026czelib
Climate and Development,1756-5529,1756-5537,2026-04-20,NA,tf2026czelib
Climate Policy,1469-3062,1752-7457,2026-04-20,NA,tf2026czelib
Clinical and Experimental Optometry,0816-4622,1444-0938,2026-04-20,NA,tf2026czelib
Clinical Gerontologist,0731-7115,1545-2301,2026-04-20,NA,tf2026czelib
Clinical Linguistics & Phonetics,0269-9206,1464-5076,2026-04-20,NA,tf2026czelib
Clinical Psychologist,1328-4207,1742-9552,2026-04-20,NA,tf2026czelib
Clinical Toxicology,1556-3650,1556-9519,2026-04-20,NA,tf2026czelib
"Coaching: An International Journal of Theory, Research and Practice",1752-1882,1752-1890,2026-04-20,NA,tf2026czelib
Coastal Engineering Journal,2166-4250,1793-6292,2026-04-20,NA,tf2026czelib
Coastal Management,0892-0753,1521-0421,2026-04-20,NA,tf2026czelib
Cochlear Implants International : An Interdisciplinary Journal for Implantable Hearing Devices,1467-0100,1754-7628,2026-04-20,NA,tf2026czelib
CoDesign : International Journal of CoCreation in Design and the Arts,1571-0882,1745-3755,2026-04-20,NA,tf2026czelib
Cognition and Emotion,0269-9931,1464-0600,2026-04-20,NA,tf2026czelib
Cognition and Instruction,0737-0008,1532-690X,2026-04-20,NA,tf2026czelib
Cognitive Behaviour Therapy,1650-6073,1651-2316,2026-04-20,NA,tf2026czelib
Cognitive Neuropsychiatry,1354-6805,1464-0619,2026-04-20,NA,tf2026czelib
Cognitive Neuropsychology,0264-3294,1464-0627,2026-04-20,NA,tf2026czelib
"Cognitive Neuroscience : Current Debates, Research & Reports",1758-8928,1758-8936,2026-04-20,NA,tf2026czelib
Cold War History,1468-2745,1743-7962,2026-04-20,NA,tf2026czelib
Collection Management,0146-2679,1545-2549,2026-04-20,NA,tf2026czelib
College & Undergraduate Libraries,1069-1316,1545-2530,2026-04-20,NA,tf2026czelib
College Teaching,8756-7555,1930-8299,2026-04-20,NA,tf2026czelib
Colonial Latin American Review,1060-9164,1466-1802,2026-04-20,NA,tf2026czelib
Combustion Science and Technology,0010-2202,1563-521X,2026-04-20,NA,tf2026czelib
Combustion Theory and Modelling,1364-7830,1741-3559,2026-04-20,NA,tf2026czelib
Comedy Studies,2040-610X,2040-6118,2026-04-20,NA,tf2026czelib
Comments on Inorganic Chemistry : A Journal of Critical Discussion of the Current Literature,0260-3594,1548-9574,2026-04-20,NA,tf2026czelib
Commonwealth & Comparative Politics,1466-2043,1743-9094,2026-04-20,NA,tf2026czelib
Communicatio : South African Journal for Communication Theory and Research,0250-0167,1753-5379,2026-04-20,NA,tf2026czelib
Communication and Critical/Cultural Studies,1479-1420,1479-4233,2026-04-20,NA,tf2026czelib
Communication and Democracy,2767-1127,2767-1135,2026-04-20,NA,tf2026czelib
Communication and Race,2834-6955,2834-6947,2026-04-20,NA,tf2026czelib
Communication Booknotes Quarterly,1094-8007,1532-6896,2026-04-20,NA,tf2026czelib
Communication Education,0363-4523,1479-5795,2026-04-20,NA,tf2026czelib
Communication Law and Policy,1081-1680,1532-6926,2026-04-20,NA,tf2026czelib
Communication Methods and Measures,1931-2458,1931-2466,2026-04-20,NA,tf2026czelib
Communication Monographs,0363-7751,1479-5787,2026-04-20,NA,tf2026czelib
Communication Quarterly,0146-3373,1746-4102,2026-04-20,NA,tf2026czelib
Communication Reports,0893-4215,1745-1043,2026-04-20,NA,tf2026czelib
Communication Research and Practice,2204-1451,2206-3374,2026-04-20,NA,tf2026czelib
Communication Research Reports,0882-4096,1746-4099,2026-04-20,NA,tf2026czelib
Communication Studies,1051-0974,1745-1035,2026-04-20,NA,tf2026czelib
Communication Teacher,1740-4622,1740-4630,2026-04-20,NA,tf2026czelib
Communications in Algebra,0092-7872,1532-4125,2026-04-20,NA,tf2026czelib
Communications in Partial Differential Equations,0360-5302,1532-4133,2026-04-20,NA,tf2026czelib
Communications in Soil Science and Plant Analysis,0010-3624,1532-2416,2026-04-20,NA,tf2026czelib
Communications in Statistics - Simulation and Computation,0361-0918,1532-4141,2026-04-20,NA,tf2026czelib
Communications in Statistics - Theory and Methods,0361-0926,1532-415X,2026-04-20,NA,tf2026czelib
"Communications in Statistics: Case Studies, Data Analysis and Applications",NA,2373-7484,2026-04-20,NA,tf2026czelib
Community College Journal of Research and Practice,1066-8926,1521-0413,2026-04-20,NA,tf2026czelib
Community Development,1557-5330,1944-7485,2026-04-20,NA,tf2026czelib
"Community, Work & Family",1366-8803,1469-3615,2026-04-20,NA,tf2026czelib
Comparative American Studies An International Journal,1477-5700,1741-2676,2026-04-20,NA,tf2026czelib
Comparative and Continental Philosophy,1757-0638,1757-0646,2026-04-20,NA,tf2026czelib
Comparative Education,0305-0068,1360-0486,2026-04-20,NA,tf2026czelib
Comparative Legal History,2049-677X,2049-6788,2026-04-20,NA,tf2026czelib
Comparative Strategy,0149-5933,1521-0448,2026-04-20,NA,tf2026czelib
Compare: A Journal of Comparative and International Education,0305-7925,1469-3623,2026-04-20,NA,tf2026czelib
Complex Variables and Elliptic Equations : An International Journal,1747-6933,1747-6941,2026-04-20,NA,tf2026czelib
Composite Interfaces,0927-6440,1568-5543,2026-04-20,NA,tf2026czelib
Compost Science & Utilization,1065-657X,2326-2397,2026-04-20,NA,tf2026czelib
Comprehensive Child and Adolescent Nursing,2469-4193,2469-4207,2026-04-20,NA,tf2026czelib
Comprehensive Results in Social Psychology,2374-3603,2374-3611,2026-04-20,NA,tf2026czelib
Computer Assisted Language Learning,0958-8221,1744-3210,2026-04-20,NA,tf2026czelib
Computer Methods in Biomechanics and Biomedical Engineering,1025-5842,1476-8259,2026-04-20,NA,tf2026czelib
Computer Science Education,0899-3408,1744-5175,2026-04-20,NA,tf2026czelib
"Computers in the Schools : Interdisciplinary Journal of Practice, Theory, and Applied Research",0738-0569,1528-7033,2026-04-20,NA,tf2026czelib
"Conflict, Security & Development",1467-8802,1478-1174,2026-04-20,NA,tf2026czelib
Congress & the Presidency,0734-3469,1944-1053,2026-04-20,NA,tf2026czelib
Connected Science Learning,NA,2475-8779,2026-04-20,NA,tf2026czelib
Connective Tissue Research,0300-8207,1607-8438,2026-04-20,NA,tf2026czelib
Conservation and Management of Archaeological Sites,1350-5033,1753-5522,2026-04-20,NA,tf2026czelib
Construction Management and Economics,0144-6193,1466-433X,2026-04-20,NA,tf2026czelib
Consumption Markets & Culture,1025-3866,1477-223X,2026-04-20,NA,tf2026czelib
Contemporary British History,1361-9462,1743-7997,2026-04-20,NA,tf2026czelib
Contemporary Buddhism : An Interdisciplinary Journal,1463-9947,1476-7953,2026-04-20,NA,tf2026czelib
Contemporary French and Francophone Studies,1740-9292,1740-9306,2026-04-20,NA,tf2026czelib
Contemporary Italian Politics,2324-8823,2324-8831,2026-04-20,NA,tf2026czelib
Contemporary Japan,1869-2729,1869-2737,2026-04-20,NA,tf2026czelib
"Contemporary Justice Review : Issues in Criminal, Social, and Restorative Justice",1028-2580,1477-2248,2026-04-20,NA,tf2026czelib
Contemporary Levant,2058-1831,2058-184X,2026-04-20,NA,tf2026czelib
Contemporary Music Review,0749-4467,1477-2256,2026-04-20,NA,tf2026czelib
Contemporary Nurse,1037-6178,1839-3535,2026-04-20,NA,tf2026czelib
Contemporary Politics,1356-9775,1469-3631,2026-04-20,NA,tf2026czelib
Contemporary Psychoanalysis,0010-7530,2330-9091,2026-04-20,NA,tf2026czelib
Contemporary Security Policy,1352-3260,1743-8764,2026-04-20,NA,tf2026czelib
Contemporary Social Science : Journal of the Academy of Social Sciences,2158-2041,2158-205X,2026-04-20,NA,tf2026czelib
Contemporary South Asia,0958-4935,1469-364X,2026-04-20,NA,tf2026czelib
Contemporary Theatre Review,1048-6801,1477-2264,2026-04-20,NA,tf2026czelib
Continuum : Journal of Media & Cultural Studies,1030-4312,1469-3666,2026-04-20,NA,tf2026czelib
"Corrections : Policy, Practice and Research",2377-4657,2377-4665,2026-04-20,NA,tf2026czelib
Counseling Outcome Research and Evaluation,2150-1378,2150-1386,2026-04-20,NA,tf2026czelib
Counselling Psychology Quarterly,0951-5070,1469-3674,2026-04-20,NA,tf2026czelib
CRANIOÂ® : The Journal of Craniomandibular & Sleep Practice,0886-9634,2151-0903,2026-04-20,NA,tf2026czelib
Creative Industries Journal,1751-0694,1751-0708,2026-04-20,NA,tf2026czelib
Creativity Research Journal,1040-0419,1532-6934,2026-04-20,NA,tf2026czelib
Criminal Justice Ethics,0731-129X,1937-5948,2026-04-20,NA,tf2026czelib
"Criminal Justice Studies : A Critical Journal of Crime, Law and Society",1478-601X,1478-6028,2026-04-20,NA,tf2026czelib
Crisis and Risk Communication,2998-6915,2998-6907,2026-04-20,NA,tf2026czelib
Critical African Studies,2168-1392,2040-7211,2026-04-20,NA,tf2026czelib
Critical Arts : South-North Cultural and Media Studies,0256-0046,1992-6049,2026-04-20,NA,tf2026czelib
Critical Asian Studies,1467-2715,1472-6033,2026-04-20,NA,tf2026czelib
Critical Discourse Studies,1740-5904,1740-5912,2026-04-20,NA,tf2026czelib
Critical Horizons : A Journal of Philosophy and Social Theory,1440-9917,1568-5160,2026-04-20,NA,tf2026czelib
Critical Inquiry in Language Studies,1542-7587,1542-7595,2026-04-20,NA,tf2026czelib
Critical Military Studies,2333-7486,2333-7494,2026-04-20,NA,tf2026czelib
Critical Policy Studies,1946-0171,1946-018X,2026-04-20,NA,tf2026czelib
Critical Review : A Journal of Politics and Society,0891-3811,1933-8007,2026-04-20,NA,tf2026czelib
Critical Review of International Social and Political Philosophy,1369-8230,1743-8772,2026-04-20,NA,tf2026czelib
Critical Reviews in Analytical Chemistry,1040-8347,1547-6510,2026-04-20,NA,tf2026czelib
Critical Reviews in Biochemistry and Molecular Biology,1040-9238,1549-7798,2026-04-20,NA,tf2026czelib
Critical Reviews in Biotechnology,0738-8551,1549-7801,2026-04-20,NA,tf2026czelib
Critical Reviews in Clinical Laboratory Sciences,1040-8363,1549-781X,2026-04-20,NA,tf2026czelib
Critical Reviews in Environmental Science and Technology,1064-3389,1547-6537,2026-04-20,NA,tf2026czelib
Critical Reviews in Food Science and Nutrition,1040-8398,1549-7852,2026-04-20,NA,tf2026czelib
Critical Reviews in Microbiology,1040-841X,1549-7828,2026-04-20,NA,tf2026czelib
Critical Reviews in Plant Sciences,0735-2689,1549-7836,2026-04-20,NA,tf2026czelib
Critical Reviews in Solid State and Materials Sciences,1040-8436,1547-6561,2026-04-20,NA,tf2026czelib
Critical Reviews in Toxicology,1040-8444,1547-6898,2026-04-20,NA,tf2026czelib
Critical Studies in Education,1750-8487,1750-8495,2026-04-20,NA,tf2026czelib
Critical Studies in Media Communication,1529-5036,1479-5809,2026-04-20,NA,tf2026czelib
Critical Studies on Security,2162-4887,2162-4909,2026-04-20,NA,tf2026czelib
Critical Studies on Terrorism,1753-9153,1753-9161,2026-04-20,NA,tf2026czelib
Critique : Journal of Socialist Theory,0301-7605,1748-8605,2026-04-20,NA,tf2026czelib
Critique: Studies in Contemporary Fiction,0011-1619,1939-9138,2026-04-20,NA,tf2026czelib
Crusades,1476-5276,2832-7861,2026-04-20,NA,tf2026czelib
Cryptologia,0161-1194,1558-1586,2026-04-20,NA,tf2026czelib
Crystallography Reviews,0889-311X,1476-3508,2026-04-20,NA,tf2026czelib
Cultural and Social History : The Journal of the Social History Society,1478-0038,1478-0046,2026-04-20,NA,tf2026czelib
Cultural Studies,0950-2386,1466-4348,2026-04-20,NA,tf2026czelib
Cultural Trends,0954-8963,1469-3690,2026-04-20,NA,tf2026czelib
Culture and Organization,1475-9551,1477-2760,2026-04-20,NA,tf2026czelib
Culture and Religion : An Interdisciplinary Journal,1475-5610,1475-5629,2026-04-20,NA,tf2026czelib
"Culture, Health & Sexuality : An International Journal for Research, Intervention and Care",1369-1058,1464-5351,2026-04-20,NA,tf2026czelib
"Culture, Theory and Critique",1473-5784,1473-5776,2026-04-20,NA,tf2026czelib
Current Eye Research,0271-3683,1460-2202,2026-04-20,NA,tf2026czelib
Current Issues in Criminal Justice,1034-5329,2206-9542,2026-04-20,NA,tf2026czelib
Current Issues in Language Planning,1466-4208,1747-7506,2026-04-20,NA,tf2026czelib
Current Issues in Tourism,1368-3500,1747-7603,2026-04-20,NA,tf2026czelib
Current Medical Research and Opinion,0300-7995,1473-4877,2026-04-20,NA,tf2026czelib
Current Writing: Text and Reception in Southern Africa,1013-929X,2159-9130,2026-04-20,NA,tf2026czelib
Curriculum Inquiry,0362-6784,1467-873X,2026-04-20,NA,tf2026czelib
Curriculum Studies in Health and Physical Education,2574-2981,2574-299X,2026-04-20,NA,tf2026czelib
Cutaneous and Ocular Toxicology,1556-9527,1556-9535,2026-04-20,NA,tf2026czelib
Cyber-Physical Systems,2333-5777,2333-5785,2026-04-20,NA,tf2026czelib
Cybernetics and Systems : An International Journal,0196-9722,1087-6553,2026-04-20,NA,tf2026czelib
Dance Chronicle,0147-2526,1532-4257,2026-04-20,NA,tf2026czelib
Dance Education in Practice,2373-4833,2373-4841,2026-04-20,NA,tf2026czelib
de arte,0004-3389,2471-4100,2026-04-20,NA,tf2026czelib
Deafness & Education International,1464-3154,1557-069X,2026-04-20,NA,tf2026czelib
Death Studies,0748-1187,1091-7683,2026-04-20,NA,tf2026czelib
Defence and Peace Economics,1024-2694,1476-8267,2026-04-20,NA,tf2026czelib
Defence Studies,1470-2436,1743-9698,2026-04-20,NA,tf2026czelib
Defense & Security Analysis,1475-1798,1475-1801,2026-04-20,NA,tf2026czelib
Democracy and Security,1741-9166,1555-5860,2026-04-20,NA,tf2026czelib
Democratization,1351-0347,1743-890X,2026-04-20,NA,tf2026czelib
Design and Culture : The Journal of the Design Studies Forum,1754-7075,1754-7083,2026-04-20,NA,tf2026czelib
Design for Health,2473-5132,2473-5140,2026-04-20,NA,tf2026czelib
Development in Practice,0961-4524,1364-9213,2026-04-20,NA,tf2026czelib
Development Southern Africa,0376-835X,1470-3637,2026-04-20,NA,tf2026czelib
Developmental Neuropsychology,8756-5641,1532-6942,2026-04-20,NA,tf2026czelib
Developmental Neurorehabilitation,1751-8423,1751-8431,2026-04-20,NA,tf2026czelib
Deviant Behavior,0163-9625,1521-0456,2026-04-20,NA,tf2026czelib
"Diaspora, Indigenous, and Minority Education : Studies of Migration, Integration, Equity, and Cultural Survival",1559-5692,1559-5706,2026-04-20,NA,tf2026czelib
Diatom Research,0269-249X,2159-8347,2026-04-20,NA,tf2026czelib
Digital Creativity,1462-6268,1744-3806,2026-04-20,NA,tf2026czelib
Digital Journalism,2167-0811,2167-082X,2026-04-20,NA,tf2026czelib
Diplomacy & Statecraft,0959-2296,1557-301X,2026-04-20,NA,tf2026czelib
Disability & Society,0968-7599,1360-0508,2026-04-20,NA,tf2026czelib
Disability and Rehabilitation,0963-8288,1464-5165,2026-04-20,NA,tf2026czelib
Disability and Rehabilitation: Assistive Technology,1748-3107,1748-3115,2026-04-20,NA,tf2026czelib
Discourse Processes,0163-853X,1532-6950,2026-04-20,NA,tf2026czelib
Discourse: Studies in the Cultural Politics of Education,0159-6306,1469-3739,2026-04-20,NA,tf2026czelib
disP - The Planning Review,0251-3625,2166-8604,2026-04-20,NA,tf2026czelib
Distance Education,0158-7919,1475-0198,2026-04-20,NA,tf2026czelib
Distinktion: Journal of Social Theory,1600-910X,2159-9149,2026-04-20,NA,tf2026czelib
Dix-Neuf : Journal of the Society of Dix-NeuviÃ©mistes,NA,1478-7318,2026-04-20,NA,tf2026czelib
Dress : The Journal of the Costume Society of America,0361-2112,2042-1729,2026-04-20,NA,tf2026czelib
Drug and Chemical Toxicology,0148-0545,1525-6014,2026-04-20,NA,tf2026czelib
Drug Development and Industrial Pharmacy,0363-9045,1520-5762,2026-04-20,NA,tf2026czelib
Drug Metabolism Reviews,0360-2532,1097-9883,2026-04-20,NA,tf2026czelib
"Drugs: Education, Prevention and Policy",0968-7637,1465-3370,2026-04-20,NA,tf2026czelib
Drying Technology : An International Journal,0737-3937,1532-2300,2026-04-20,NA,tf2026czelib
Dutch Crossing : Journal of Low Countries Studies,0309-6564,1759-7854,2026-04-20,NA,tf2026czelib
Dynamical Systems : An International Journal,1468-9367,1468-9375,2026-04-20,NA,tf2026czelib
Dynamics of Asymmetric Conflict : Pathways toward terrorism and genocide,1746-7586,1746-7594,2026-04-20,NA,tf2026czelib
Early Child Development and Care,0300-4430,1476-8275,2026-04-20,NA,tf2026czelib
Early Education and Development,1040-9289,1556-6935,2026-04-20,NA,tf2026czelib
Early Modern French Studies,2056-3035,2056-3043,2026-04-20,NA,tf2026czelib
Early Popular Visual Culture,1746-0654,1746-0662,2026-04-20,NA,tf2026czelib
Early Years : An International Research Journal,0957-5146,1472-4421,2026-04-20,NA,tf2026czelib
"East Asian Science, Technology and Society: An International Journal",1875-2160,1875-2152,2026-04-20,NA,tf2026czelib
East European Jewish Affairs,1350-1674,1743-971X,2026-04-20,NA,tf2026czelib
East European Politics,2159-9165,2159-9173,2026-04-20,NA,tf2026czelib
Eastern African Literary and Cultural Studies,2327-7408,2327-7416,2026-04-20,NA,tf2026czelib
Eastern European Economics,0012-8775,1557-9298,2026-04-20,NA,tf2026czelib
Eastern European Screen Studies,2997-4828,2997-4836,2026-04-20,NA,tf2026czelib
Eating Disorders : The Journal of Treatment & Prevention,1064-0266,1532-530X,2026-04-20,NA,tf2026czelib
Ecological Psychology,1040-7413,1532-6969,2026-04-20,NA,tf2026czelib
Ecology of Food and Nutrition,0367-0244,1543-5237,2026-04-20,NA,tf2026czelib
Econometric Reviews,0747-4938,1532-4168,2026-04-20,NA,tf2026czelib
Economic and Political Studies,2095-4816,2470-4024,2026-04-20,NA,tf2026czelib
Economic Geography,0013-0095,1944-8287,2026-04-20,NA,tf2026czelib
Economic History of Developing Regions,2078-0389,2078-0397,2026-04-20,NA,tf2026czelib
Economic Systems Research,0953-5314,1469-5758,2026-04-20,NA,tf2026czelib
Economics of Innovation and New Technology,1043-8599,1476-8364,2026-04-20,NA,tf2026czelib
Economy and Society,0308-5147,1469-5766,2026-04-20,NA,tf2026czelib
Écoscience,1195-6860,2376-7626,2026-04-20,NA,tf2026czelib
"EDPACS : The EDP Audit, Control, and Security Newsletter",0736-6981,1936-1009,2026-04-20,NA,tf2026czelib
"Education 3-13 : International Journal of Primary, Elementary and Early Years Education",0300-4279,1475-7575,2026-04-20,NA,tf2026czelib
Education Economics,0964-5292,1469-5782,2026-04-20,NA,tf2026czelib
Education for Primary Care,1473-9879,1475-990X,2026-04-20,NA,tf2026czelib
Educational Action Research : Connecting Research and Practice for Professionals and Communities,0965-0792,1747-5074,2026-04-20,NA,tf2026czelib
Educational and Developmental Psychologist,2059-0776,2059-0784,2026-04-20,NA,tf2026czelib
Educational Assessment,1062-7197,1532-6977,2026-04-20,NA,tf2026czelib
Educational Gerontology,0360-1277,1521-0472,2026-04-20,NA,tf2026czelib
Educational Media International,0952-3987,1469-5790,2026-04-20,NA,tf2026czelib
Educational Philosophy and Theory,0013-1857,1469-5812,2026-04-20,NA,tf2026czelib
Educational Psychologist,0046-1520,1532-6985,2026-04-20,NA,tf2026czelib
Educational Psychology : An International Journal of Experimental Educational Psychology,0144-3410,1469-5820,2026-04-20,NA,tf2026czelib
"Educational Psychology in Practice : theory, research and practice in educational psychology",0266-7363,1469-5839,2026-04-20,NA,tf2026czelib
Educational Research,0013-1881,1469-5847,2026-04-20,NA,tf2026czelib
Educational Research and Evaluation : An International Journal on Theory and Practice,1380-3611,1744-4187,2026-04-20,NA,tf2026czelib
Educational Review,0013-1911,1465-3397,2026-04-20,NA,tf2026czelib
Educational Studies,0305-5698,1465-3400,2026-04-20,NA,tf2026czelib
Educational Studies : A Journal of the American Educational Studies Association,0013-1946,1532-6993,2026-04-20,NA,tf2026czelib
Electric Power Components and Systems,1532-5008,1532-5016,2026-04-20,NA,tf2026czelib
Electromagnetic Biology and Medicine,1536-8378,1536-8386,2026-04-20,NA,tf2026czelib
Electromagnetics,0272-6343,1532-527X,2026-04-20,NA,tf2026czelib
Emerging Markets Finance and Trade,1540-496X,1558-0938,2026-04-20,NA,tf2026czelib
Emotional and Behavioural Difficulties,1363-2752,1741-2692,2026-04-20,NA,tf2026czelib
Emu - Austral Ornithology,0158-4197,1448-5540,2026-04-20,NA,tf2026czelib
Endocrine Research,0743-5800,1532-4206,2026-04-20,NA,tf2026czelib
"Energy Sources, Part A: Recovery, Utilization, and Environmental Effects",1556-7036,1556-7230,2026-04-20,NA,tf2026czelib
"Energy Sources, Part B: Economics, Planning, and Policy",1556-7249,1556-7257,2026-04-20,NA,tf2026czelib
Engineering Management Journal,1042-9247,2377-0643,2026-04-20,NA,tf2026czelib
Engineering Optimization,0305-215X,1029-0273,2026-04-20,NA,tf2026czelib
Engineering Studies,1937-8629,1940-8374,2026-04-20,NA,tf2026czelib
English Academy Review : A Journal of English Studies,1013-1752,1753-5360,2026-04-20,NA,tf2026czelib
English in Education : Research Journal of the National Association for the Teaching of English,0425-0494,1754-8845,2026-04-20,NA,tf2026czelib
English Studies,0013-838X,1744-4217,2026-04-20,NA,tf2026czelib
English Studies in Africa,0013-8398,1943-8117,2026-04-20,NA,tf2026czelib
Enterprise Information Systems,1751-7575,1751-7583,2026-04-20,NA,tf2026czelib
Entrepreneurship & Regional Development : An International Journal,0898-5626,1464-5114,2026-04-20,NA,tf2026czelib
Environment: Science and Policy for Sustainable Development,0013-9157,1939-9154,2026-04-20,NA,tf2026czelib
Environmental Archaeology : The Journal of Human Palaeoecology,1461-4103,1749-6314,2026-04-20,NA,tf2026czelib
Environmental Claims Journal,1040-6026,1547-657X,2026-04-20,NA,tf2026czelib
Environmental Communication,1752-4032,1752-4040,2026-04-20,NA,tf2026czelib
Environmental Education Research,1350-4622,1469-5871,2026-04-20,NA,tf2026czelib
Environmental Forensics,1527-5922,1527-5930,2026-04-20,NA,tf2026czelib
Environmental Hazards,1747-7891,1878-0059,2026-04-20,NA,tf2026czelib
Environmental Politics,0964-4016,1743-8934,2026-04-20,NA,tf2026czelib
Environmental Sociology,NA,2325-1042,2026-04-20,NA,tf2026czelib
Environmental Technology,0959-3330,1479-487X,2026-04-20,NA,tf2026czelib
Environmental Technology Reviews,2162-2515,2162-2523,2026-04-20,NA,tf2026czelib
Equity & Excellence in Education,1066-5684,1547-3457,2026-04-20,NA,tf2026czelib
Ergonomics,0014-0139,1366-5847,2026-04-20,NA,tf2026czelib
Ethics & Behavior,1050-8422,1532-7019,2026-04-20,NA,tf2026czelib
Ethics and Education,1744-9642,1744-9650,2026-04-20,NA,tf2026czelib
Ethics and Social Welfare,1749-6535,1749-6543,2026-04-20,NA,tf2026czelib
"Ethics, Policy & Environment",2155-0085,2155-0093,2026-04-20,NA,tf2026czelib
Ethnic and Racial Studies,0141-9870,1466-4356,2026-04-20,NA,tf2026czelib
Ethnicity & Health,1355-7858,1465-3419,2026-04-20,NA,tf2026czelib
"Ethnoarchaeology : Journal of Archaeological, Ethnographic and Experimental Studies",1944-2890,1944-2904,2026-04-20,NA,tf2026czelib
Ethnography and Education,1745-7823,1745-7831,2026-04-20,NA,tf2026czelib
Ethnomusicology Forum,1741-1912,1741-1920,2026-04-20,NA,tf2026czelib
Ethnopolitics : Formerly Global Review of Ethnopolitics,1744-9057,1744-9065,2026-04-20,NA,tf2026czelib
Ethnos : Journal of Anthropology,0014-1844,1469-588X,2026-04-20,NA,tf2026czelib
Ethology Ecology & Evolution,0394-9370,1828-7131,2026-04-20,NA,tf2026czelib
Eurasian Geography and Economics,1538-7216,1938-2863,2026-04-20,NA,tf2026czelib
Europe-Asia Studies,0966-8136,1465-3427,2026-04-20,NA,tf2026czelib
European Accounting Review,0963-8180,1468-4497,2026-04-20,NA,tf2026czelib
European Competition Journal,1744-1056,1757-8396,2026-04-20,NA,tf2026czelib
European Early Childhood Education Research Journal,1350-293X,1752-1807,2026-04-20,NA,tf2026czelib
European Education,1056-4934,1944-7086,2026-04-20,NA,tf2026czelib
European Journal for Sport and Society,1613-8171,2380-5919,2026-04-20,NA,tf2026czelib
European Journal of Behavior Analysis,1502-1149,2377-729X,2026-04-20,NA,tf2026czelib
European Journal of Developmental Psychology,1740-5629,1740-5610,2026-04-20,NA,tf2026czelib
European Journal of Engineering Education,0304-3797,1469-5898,2026-04-20,NA,tf2026czelib
European Journal of English Studies,1382-5577,1744-4233,2026-04-20,NA,tf2026czelib
European Journal of Environmental and Civil Engineering,1964-8189,2116-7214,2026-04-20,NA,tf2026czelib
European Journal of Higher Education,2156-8235,2156-8243,2026-04-20,NA,tf2026czelib
European Journal of Information Systems,0960-085X,1476-9344,2026-04-20,NA,tf2026czelib
European Journal of Phycology,0967-0262,1469-4433,2026-04-20,NA,tf2026czelib
European Journal of Physiotherapy,2167-9169,2167-9177,2026-04-20,NA,tf2026czelib
European Journal of Psychotherapy & Counselling,1364-2537,1469-5901,2026-04-20,NA,tf2026czelib
European Journal of Social Work,1369-1457,1468-2664,2026-04-20,NA,tf2026czelib
European Journal of Special Needs Education,0885-6257,1469-591X,2026-04-20,NA,tf2026czelib
European Journal of Teacher Education,0261-9768,1469-5928,2026-04-20,NA,tf2026czelib
European Journal of Work and Organizational Psychology,1359-432X,1464-0643,2026-04-20,NA,tf2026czelib
European Planning Studies,0965-4313,1469-5944,2026-04-20,NA,tf2026czelib
European Politics and Society,2374-5118,2374-5126,2026-04-20,NA,tf2026czelib
European Review of History: Revue europÃ©enne d'histoire,1350-7486,1469-8293,2026-04-20,NA,tf2026czelib
European Review of Social Psychology,1046-3283,1479-277X,2026-04-20,NA,tf2026czelib
European Romantic Review,1050-9585,1740-4657,2026-04-20,NA,tf2026czelib
European Security,0966-2839,1746-1545,2026-04-20,NA,tf2026czelib
European Sport Management Quarterly,1618-4742,1746-031X,2026-04-20,NA,tf2026czelib
"Evidence Base : Criminal Justice Research, Policy & Action",NA,3067-9125,2026-04-20,NA,tf2026czelib
Evidence-Based Communication Assessment and Intervention,1748-9539,1748-9547,2026-04-20,NA,tf2026czelib
Evidence-Based Practice in Child and Adolescent Mental Health,2379-4925,2379-4933,2026-04-20,NA,tf2026czelib
Exceptionality : A Special Education Journal,0936-2835,1532-7035,2026-04-20,NA,tf2026czelib
"Exemplaria : Medieval, Early Modern, Theory",1041-2573,1753-3074,2026-04-20,NA,tf2026czelib
Experimental Aging Research : An International Journal Devoted to the Scientific Study of the Aging Process,0361-073X,1096-4657,2026-04-20,NA,tf2026czelib
"Experimental Heat Transfer : A Journal of Thermal Energy Generation, Transport, Storage, and Conversion",0891-6152,1521-0480,2026-04-20,NA,tf2026czelib
Experimental Mathematics,1058-6458,1944-950X,2026-04-20,NA,tf2026czelib
Expert Opinion on Biological Therapy,1471-2598,1744-7682,2026-04-20,NA,tf2026czelib
Expert Opinion on Drug Delivery,1742-5247,1744-7593,2026-04-20,NA,tf2026czelib
Expert Opinion on Drug Discovery,1746-0441,1746-045X,2026-04-20,NA,tf2026czelib
Expert Opinion on Drug Metabolism & Toxicology,1742-5255,1744-7607,2026-04-20,NA,tf2026czelib
Expert Opinion on Drug Safety,1474-0338,1744-764X,2026-04-20,NA,tf2026czelib
Expert Opinion on Emerging Drugs,1472-8214,1744-7623,2026-04-20,NA,tf2026czelib
Expert Opinion on Investigational Drugs,1354-3784,1744-7658,2026-04-20,NA,tf2026czelib
Expert Opinion on Pharmacotherapy,1465-6566,1744-7666,2026-04-20,NA,tf2026czelib
Expert Opinion on Therapeutic Patents,1354-3776,1744-7674,2026-04-20,NA,tf2026czelib
Expert Opinion on Therapeutic Targets,1472-8222,1744-7631,2026-04-20,NA,tf2026czelib
Expert Review of Anti-infective Therapy,1478-7210,1744-8336,2026-04-20,NA,tf2026czelib
Expert Review of Anticancer Therapy,1473-7140,1744-8328,2026-04-20,NA,tf2026czelib
Expert Review of Cardiovascular Therapy,1477-9072,1744-8344,2026-04-20,NA,tf2026czelib
Expert Review of Clinical Immunology,1744-666X,1744-8409,2026-04-20,NA,tf2026czelib
Expert Review of Clinical Pharmacology,1751-2433,1751-2441,2026-04-20,NA,tf2026czelib
Expert Review of Endocrinology & Metabolism,1744-6651,1744-8417,2026-04-20,NA,tf2026czelib
Expert Review of Gastroenterology & Hepatology,1747-4124,1747-4132,2026-04-20,NA,tf2026czelib
Expert Review of Hematology,1747-4086,1747-4094,2026-04-20,NA,tf2026czelib
Expert Review of Medical Devices,1743-4440,1745-2422,2026-04-20,NA,tf2026czelib
Expert Review of Molecular Diagnostics,1473-7159,1744-8352,2026-04-20,NA,tf2026czelib
Expert Review of Neurotherapeutics,1473-7175,1744-8360,2026-04-20,NA,tf2026czelib
Expert Review of Ophthalmology,1746-9899,1746-9902,2026-04-20,NA,tf2026czelib
Expert Review of Pharmacoeconomics & Outcomes Research,1473-7167,1744-8379,2026-04-20,NA,tf2026czelib
Expert Review of Proteomics,1478-9450,1744-8387,2026-04-20,NA,tf2026czelib
Expert Review of Respiratory Medicine,1747-6348,1747-6356,2026-04-20,NA,tf2026czelib
"Fabrications : The Journal of the Society of Architectural Historians, Australia and New Zealand",1033-1867,2164-4756,2026-04-20,NA,tf2026czelib
Family & Community History,1463-1180,1751-3812,2026-04-20,NA,tf2026czelib
Family Transitions,2837-5300,2837-5319,2026-04-20,NA,tf2026czelib
"Fashion Practice : The Journal of Design, Creative Process & the Fashion Industry",1756-9370,1756-9389,2026-04-20,NA,tf2026czelib
Fashion Theory,1362-704X,1751-7419,2026-04-20,NA,tf2026czelib
Fat Studies : An Interdisciplinary Journal of Body Weight and Society,2160-4851,2160-486X,2026-04-20,NA,tf2026czelib
"Fatigue: Biomedicine, Health & Behavior",2164-1846,2164-1862,2026-04-20,NA,tf2026czelib
Feminist Art Practices and Research : Cosmos,NA,2998-6982,2026-04-20,NA,tf2026czelib
Feminist Economics,1354-5701,1466-4372,2026-04-20,NA,tf2026czelib
Feminist Media Studies,1468-0777,1471-5902,2026-04-20,NA,tf2026czelib
Feminist Modernist Studies,2469-2921,2469-293X,2026-04-20,NA,tf2026czelib
Feminist Translation Studies,2994-0443,2994-0451,2026-04-20,NA,tf2026czelib
Ferroelectrics,0015-0193,1563-5112,2026-04-20,NA,tf2026czelib
Ferroelectrics Letters Section,0731-5171,1563-5228,2026-04-20,NA,tf2026czelib
Fetal and Pediatric Pathology,1551-3815,1551-3823,2026-04-20,NA,tf2026czelib
Fiber and Integrated Optics,0146-8030,1096-4681,2026-04-20,NA,tf2026czelib
Finance and Space,NA,2833-115X,2026-04-20,NA,tf2026czelib
Financial Analysts Journal,0015-198X,1938-3312,2026-04-20,NA,tf2026czelib
First World War Studies,1947-5020,1947-5039,2026-04-20,NA,tf2026czelib
Folk Life : Journal of Ethnological Studies,0430-8778,1759-670X,2026-04-20,NA,tf2026czelib
Folklore,0015-587X,1469-8315,2026-04-20,NA,tf2026czelib
Food Additives & Contaminants: Part A,1944-0049,1944-0057,2026-04-20,NA,tf2026czelib
Food and Foodways : Explorations in the History and Culture of Human Nourishment,0740-9710,1542-3484,2026-04-20,NA,tf2026czelib
Food Biotechnology,0890-5436,1532-4249,2026-04-20,NA,tf2026czelib
Food Reviews International,8755-9129,1525-6103,2026-04-20,NA,tf2026czelib
"Food, Culture & Society : An International Journal of Multidisciplinary Research",1552-8014,1751-7443,2026-04-20,NA,tf2026czelib
Footwear Science,1942-4280,1942-4299,2026-04-20,NA,tf2026czelib
"Forests, Trees and Livelihoods",1472-8028,2164-3075,2026-04-20,NA,tf2026czelib
Forum for Development Studies,0803-9410,1891-1765,2026-04-20,NA,tf2026czelib
Forum for Social Economics,0736-0932,1874-6381,2026-04-20,NA,tf2026czelib
Free Radical Research,1071-5762,1029-2470,2026-04-20,NA,tf2026czelib
French Screen Studies,2643-8941,2643-895X,2026-04-20,NA,tf2026czelib
"Fullerenes, Nanotubes and Carbon Nanostructures",1536-383X,1536-4046,2026-04-20,NA,tf2026czelib
Fusion Science and Technology,1536-1055,1943-7641,2026-04-20,NA,tf2026czelib
Gender & Development,1355-2074,1364-9221,2026-04-20,NA,tf2026czelib
Gender and Education,0954-0253,1360-0516,2026-04-20,NA,tf2026czelib
"Gender, Place & Culture : A Journal of Feminist Geography",0966-369X,1360-0524,2026-04-20,NA,tf2026czelib
"Gender, Technology and Development",0971-8524,0973-0656,2026-04-20,NA,tf2026czelib
Geografisk Tidsskrift-Danish Journal of Geography,0016-7223,1903-2471,2026-04-20,NA,tf2026czelib
"Geografiska Annaler: Series A, Physical Geography",0435-3676,1468-0459,2026-04-20,NA,tf2026czelib
"Geografiska Annaler: Series B, Human Geography",0435-3684,1468-0467,2026-04-20,NA,tf2026czelib
Geographical Review,0016-7428,1931-0846,2026-04-20,NA,tf2026czelib
GeoHumanities,2373-566X,2373-5678,2026-04-20,NA,tf2026czelib
Geomechanics and Geoengineering : An International Journal,1748-6025,1748-6033,2026-04-20,NA,tf2026czelib
Geomicrobiology Journal,0149-0451,1521-0529,2026-04-20,NA,tf2026czelib
Geophysical & Astrophysical Fluid Dynamics,0309-1929,1029-0419,2026-04-20,NA,tf2026czelib
Geopolitics,1465-0045,1557-3028,2026-04-20,NA,tf2026czelib
Georisk: Assessment and Management of Risk for Engineered Systems and Geohazards,1749-9518,1749-9526,2026-04-20,NA,tf2026czelib
Geosystem Engineering,1226-9328,2166-3394,2026-04-20,NA,tf2026czelib
German Politics,0964-4008,1743-8993,2026-04-20,NA,tf2026czelib
Gerontology & Geriatrics Education,0270-1960,1545-3847,2026-04-20,NA,tf2026czelib
GFF,1103-5897,2000-0863,2026-04-20,NA,tf2026czelib
Gifted and Talented International,1533-2276,2470-9565,2026-04-20,NA,tf2026czelib
"Global Change, Peace & Security",1478-1158,1478-1166,2026-04-20,NA,tf2026czelib
Global Crime,1744-0572,1744-0580,2026-04-20,NA,tf2026czelib
Global Economic Review : Perspectives on East Asian Economies and Industries,1226-508X,1744-3873,2026-04-20,NA,tf2026czelib
Global Food History,2054-9547,2054-9555,2026-04-20,NA,tf2026czelib
Global Intellectual History,2380-1883,2380-1891,2026-04-20,NA,tf2026czelib
Global Society,1360-0826,1469-798X,2026-04-20,NA,tf2026czelib
Global South Literary Studies,NA,3068-4781,2026-04-20,NA,tf2026czelib
"Globalisation, Societies and Education",1476-7724,1476-7732,2026-04-20,NA,tf2026czelib
Globalizations,1474-7731,1474-774X,2026-04-20,NA,tf2026czelib
Grana,0017-3134,1651-2049,2026-04-20,NA,tf2026czelib
Green Letters : Studies in Ecocriticism,1468-8417,2168-1414,2026-04-20,NA,tf2026czelib
Griffith Law Review,1038-3441,1839-4205,2026-04-20,NA,tf2026czelib
Growth Factors,0897-7194,1029-2292,2026-04-20,NA,tf2026czelib
Health Care for Women International,0739-9332,1096-4665,2026-04-20,NA,tf2026czelib
Health Communication,1041-0236,1532-7027,2026-04-20,NA,tf2026czelib
Health Marketing Quarterly,0735-9683,1545-0864,2026-04-20,NA,tf2026czelib
Health Psychology Review,1743-7199,1743-7202,2026-04-20,NA,tf2026czelib
Health Sociology Review,1446-1242,1839-3551,2026-04-20,NA,tf2026czelib
Health Systems,2047-6965,2047-6973,2026-04-20,NA,tf2026czelib
"Health, Risk & Society",1369-8575,1469-8331,2026-04-20,NA,tf2026czelib
Heat Transfer Engineering,0145-7632,1521-0537,2026-04-20,NA,tf2026czelib
Hemoglobin : international journal for hemoglobin research,0363-0269,1532-432X,2026-04-20,NA,tf2026czelib
Heritage & Society,2159-032X,2159-0338,2026-04-20,NA,tf2026czelib
High Ability Studies,1359-8139,1469-834X,2026-04-20,NA,tf2026czelib
High Pressure Research : An International Journal,0895-7959,1477-2299,2026-04-20,NA,tf2026czelib
Higher Education Research & Development,0729-4360,1469-8366,2026-04-20,NA,tf2026czelib
Hispanic Research Journal : Iberian and Latin American Studies,1468-2737,1745-820X,2026-04-20,NA,tf2026czelib
Historical Biology : An International Journal of Paleobiology,0891-2963,1029-2381,2026-04-20,NA,tf2026czelib
"Historical Journal of Film, Radio and Television",0143-9685,1465-3451,2026-04-20,NA,tf2026czelib
Historical Methods: A Journal of Quantitative and Interdisciplinary History,0161-5440,1940-1906,2026-04-20,NA,tf2026czelib
Histories of People and Place,2833-4299,2833-4302,2026-04-20,NA,tf2026czelib
History and Anthropology,0275-7206,1477-2612,2026-04-20,NA,tf2026czelib
History and Philosophy of Logic,0144-5340,1464-5149,2026-04-20,NA,tf2026czelib
History and Technology : An International Journal,0734-1512,1477-2620,2026-04-20,NA,tf2026czelib
History Australia,1449-0854,1833-4881,2026-04-20,NA,tf2026czelib
History of Economics Review,1037-0196,1838-6318,2026-04-20,NA,tf2026czelib
History of Education : Journal of the History of Education Society,0046-760X,1464-5130,2026-04-20,NA,tf2026czelib
History of European Ideas,0191-6599,1873-541X,2026-04-20,NA,tf2026czelib
History of Photography,0308-7298,2150-7295,2026-04-20,NA,tf2026czelib
History of Retailing and Consumption,2373-518X,2373-5171,2026-04-20,NA,tf2026czelib
History: Reviews of New Books,0361-2759,1930-8280,2026-04-20,NA,tf2026czelib
Holocaust Studies : A Journal of Culture and History,1750-4902,2048-4887,2026-04-20,NA,tf2026czelib
"Home Cultures : The Journal of Architecture, Design and Domestic Space",1740-6315,1751-7427,2026-04-20,NA,tf2026czelib
Home Health Care Services Quarterly,0162-1424,1545-0856,2026-04-20,NA,tf2026czelib
Hospital Practice,2154-8331,2377-1003,2026-04-20,NA,tf2026czelib
Hospital Topics,0018-5868,1939-9278,2026-04-20,NA,tf2026czelib
Housing and Society,0888-2746,2376-0923,2026-04-20,NA,tf2026czelib
Housing Policy Debate,1051-1482,2152-050X,2026-04-20,NA,tf2026czelib
Housing Studies,0267-3037,1466-1810,2026-04-20,NA,tf2026czelib
"Housing, Theory and Society",1403-6096,1651-2278,2026-04-20,NA,tf2026czelib
Howard Journal of Communications,1064-6175,1096-4649,2026-04-20,NA,tf2026czelib
Human and Ecological Risk Assessment: An International Journal,1080-7039,1549-7860,2026-04-20,NA,tf2026czelib
Human Dimensions of Wildlife : An International Journal,1087-1209,1533-158X,2026-04-20,NA,tf2026czelib
Human Organization,0018-7259,1938-3525,2026-04-20,NA,tf2026czelib
Human Performance,0895-9285,1532-7043,2026-04-20,NA,tf2026czelib
Human Resource Development International,1367-8868,1469-8374,2026-04-20,NA,tf2026czelib
Human Rights Education Review,NA,2535-5406,2026-04-20,NA,tf2026czelib
"Human Service Organizations: Management, Leadership & Governance",2330-3131,2330-314X,2026-04-20,NA,tf2026czelib
Humanâ€“Computer Interaction,0737-0024,1532-7051,2026-04-20,NA,tf2026czelib
Hydrological Sciences Journal,0262-6667,2150-3435,2026-04-20,NA,tf2026czelib
Ibsen Studies,1502-1866,1741-8720,2026-04-20,NA,tf2026czelib
Ichnos : An International Journal for Plant and Animal Traces,1042-0940,1563-5236,2026-04-20,NA,tf2026czelib
Identities : Global Studies in Culture and Power,1070-289X,1547-3384,2026-04-20,NA,tf2026czelib
Identity : An International Journal of Theory and Research,1528-3488,1532-706X,2026-04-20,NA,tf2026czelib
IETE Journal of Education,NA,0974-7338,2026-04-20,NA,tf2026czelib
IETE Journal of Research,0377-2063,0974-780X,2026-04-20,NA,tf2026czelib
IETE Technical Review,0256-4602,0974-5971,2026-04-20,NA,tf2026czelib
IISE Transactions,2472-5854,2472-5862,2026-04-20,NA,tf2026czelib
IISE Transactions on Healthcare Systems Engineering,2472-5579,2472-5587,2026-04-20,NA,tf2026czelib
IISE Transactions on Occupational Ergonomics and Human Factors,2472-5838,2472-5846,2026-04-20,NA,tf2026czelib
Imago Mundi : The International Journal for the History of Cartography,0308-5694,1479-7801,2026-04-20,NA,tf2026czelib
Immersive Technologies,NA,3068-0433,2026-04-20,NA,tf2026czelib
"Immigrants & Minorities : Historical Studies in Ethnicity, Migration and Diaspora",0261-9288,1744-0521,2026-04-20,NA,tf2026czelib
Immunological Investigations : A Journal of Molecular and Cellular Immunology,0882-0139,1532-4311,2026-04-20,NA,tf2026czelib
Immunopharmacology and Immunotoxicology,0892-3973,1532-2513,2026-04-20,NA,tf2026czelib
Impact Assessment and Project Appraisal,1461-5517,1471-5465,2026-04-20,NA,tf2026czelib
Inclusion,NA,2326-6988,2026-04-20,NA,tf2026czelib
India Review,1473-6489,1557-3036,2026-04-20,NA,tf2026czelib
Indian Chemical Engineer,0019-4506,0975-007X,2026-04-20,NA,tf2026czelib
Indian Law Review,2473-0580,2473-0599,2026-04-20,NA,tf2026czelib
Indonesia and the Malay World,1363-9811,1469-8382,2026-04-20,NA,tf2026czelib
Industrial Archaeology Review,0309-0728,1745-8196,2026-04-20,NA,tf2026czelib
Industry and Innovation,1366-2716,1469-8390,2026-04-20,NA,tf2026czelib
Infant Observation : International Journal of Infant Observation and Its Applications,1369-8036,1745-8943,2026-04-20,NA,tf2026czelib
Infectious Diseases,2374-4235,2374-4243,2026-04-20,NA,tf2026czelib
INFOR: Information Systems and Operational Research,0315-5986,1916-0615,2026-04-20,NA,tf2026czelib
Informatics for Health and Social Care,1753-8157,1753-8165,2026-04-20,NA,tf2026czelib
Information & Communications Technology Law,1360-0834,1469-8404,2026-04-20,NA,tf2026czelib
Information Security Journal: A Global Perspective,1939-3555,1939-3547,2026-04-20,NA,tf2026czelib
Information Systems Management,1058-0530,1934-8703,2026-04-20,NA,tf2026czelib
"Information, Communication & Society",1369-118X,1468-4462,2026-04-20,NA,tf2026czelib
Inhalation Toxicology : International Forum for Respiratory Research,0895-8378,1091-7691,2026-04-20,NA,tf2026czelib
Inland Waters,2044-2041,2044-205X,2026-04-20,NA,tf2026czelib
Innovation : Organization & Management,1447-9338,2204-0226,2026-04-20,NA,tf2026czelib
Innovation and Development,2157-930X,2157-9318,2026-04-20,NA,tf2026czelib
Innovation in Language Learning and Teaching,1750-1229,1750-1237,2026-04-20,NA,tf2026czelib
Innovation: The European Journal of Social Science Research,1351-1610,1469-8412,2026-04-20,NA,tf2026czelib
Innovations in Education and Teaching International,1470-3297,1470-3300,2026-04-20,NA,tf2026czelib
Inorganic and Nano-Metal Chemistry,2470-1556,2470-1564,2026-04-20,NA,tf2026czelib
Inquiry : An Interdisciplinary Journal of Philosophy,0020-174X,1502-3923,2026-04-20,NA,tf2026czelib
Instrumentation Science & Technology,1073-9149,1525-6030,2026-04-20,NA,tf2026czelib
Integral Transforms and Special Functions,1065-2469,1476-8291,2026-04-20,NA,tf2026czelib
Integrated Ferroelectrics : An International Journal,1058-4587,1607-8489,2026-04-20,NA,tf2026czelib
Intellectual and Developmental Disabilities,1934-9491,1934-9556,2026-04-20,NA,tf2026czelib
Intellectual History Review,1749-6977,1749-6985,2026-04-20,NA,tf2026czelib
Intelligence and National Security,0268-4527,1743-9019,2026-04-20,NA,tf2026czelib
Intelligent Buildings International,1750-8975,1756-6932,2026-04-20,NA,tf2026czelib
Inter-Asia Cultural Studies,1464-9373,1469-8447,2026-04-20,NA,tf2026czelib
Interactive Learning Environments,1049-4820,1744-5191,2026-04-20,NA,tf2026czelib
Intercultural Education,1467-5986,1469-8439,2026-04-20,NA,tf2026czelib
Interiors : Design/Architecture/Culture,2041-9112,2041-9120,2026-04-20,NA,tf2026czelib
International Critical Thought,2159-8282,2159-8312,2026-04-20,NA,tf2026czelib
International Economic Journal,1016-8737,1743-517X,2026-04-20,NA,tf2026czelib
International Feminist Journal of Politics,1461-6742,1468-4470,2026-04-20,NA,tf2026czelib
International Forum of Psychoanalysis,0803-706X,1651-2324,2026-04-20,NA,tf2026czelib
International Gambling Studies,1445-9795,1479-4276,2026-04-20,NA,tf2026czelib
International Geology Review,0020-6814,1938-2839,2026-04-20,NA,tf2026czelib
International Interactions : Empirical and Theoretical Research in International Relations,0305-0629,1547-7444,2026-04-20,NA,tf2026czelib
International Journal for Academic Development,1360-144X,1470-1324,2026-04-20,NA,tf2026czelib
International Journal for Computational Methods in Engineering Science and Mechanics,1550-2287,1550-2295,2026-04-20,NA,tf2026czelib
International Journal for the Study of the Christian Church,1474-225X,1747-0234,2026-04-20,NA,tf2026czelib
International Journal of Acarology,0164-7954,1945-3892,2026-04-20,NA,tf2026czelib
International Journal of Advertising : The Review of Marketing Communications,0265-0487,1759-3948,2026-04-20,NA,tf2026czelib
"International Journal of African Renaissance Studies - Multi-, Inter- and Transdisciplinarity",1818-6874,1753-7274,2026-04-20,NA,tf2026czelib
International Journal of Ambient Energy,0143-0750,2162-8246,2026-04-20,NA,tf2026czelib
"International Journal of Architectural Heritage : Conservation, Analysis, and Restoration",1558-3058,1558-3066,2026-04-20,NA,tf2026czelib
International Journal of Art Therapy : Formerly Inscape,1745-4832,1745-4840,2026-04-20,NA,tf2026czelib
International Journal of Audiology,1499-2027,1708-8186,2026-04-20,NA,tf2026czelib
International Journal of Bilingual Education and Bilingualism,1367-0050,1747-7522,2026-04-20,NA,tf2026czelib
International Journal of Cartography,2372-9333,2372-9341,2026-04-20,NA,tf2026czelib
International Journal of Cast Metals Research,1364-0461,1743-1336,2026-04-20,NA,tf2026czelib
International Journal of Children's Spirituality,1364-436X,1469-8455,2026-04-20,NA,tf2026czelib
International Journal of Clinical and Experimental Hypnosis,0020-7144,1744-5183,2026-04-20,NA,tf2026czelib
International Journal of Coal Preparation and Utilization,1939-2699,1939-2702,2026-04-20,NA,tf2026czelib
International Journal of Comparative and Applied Criminal Justice,0192-4036,2157-6475,2026-04-20,NA,tf2026czelib
International Journal of Computational Fluid Dynamics,1061-8562,1029-0257,2026-04-20,NA,tf2026czelib
International Journal of Computer Integrated Manufacturing,0951-192X,1362-3052,2026-04-20,NA,tf2026czelib
International Journal of Computer Mathematics,0020-7160,1029-0265,2026-04-20,NA,tf2026czelib
International Journal of Computer Mathematics: Computer Systems Theory,2379-9927,2379-9935,2026-04-20,NA,tf2026czelib
International Journal of Computers and Applications,1206-212X,1925-7074,2026-04-20,NA,tf2026czelib
International Journal of Construction Education and Research,1557-8771,1550-3984,2026-04-20,NA,tf2026czelib
International Journal of Construction Management,1562-3599,2331-2327,2026-04-20,NA,tf2026czelib
International Journal of Control,0020-7179,1366-5820,2026-04-20,NA,tf2026czelib
International Journal of Crashworthiness,1358-8265,1754-2111,2026-04-20,NA,tf2026czelib
International Journal of Cultural Policy,1028-6632,1477-2833,2026-04-20,NA,tf2026czelib
International Journal of Design Creativity and Innovation,2165-0349,2165-0357,2026-04-20,NA,tf2026czelib
International Journal of Developmental Disabilities,2047-3869,2047-3877,2026-04-20,NA,tf2026czelib
"International Journal of Disability, Development and Education",1034-912X,1465-346X,2026-04-20,NA,tf2026czelib
International Journal of Early Years Education,0966-9760,1469-8463,2026-04-20,NA,tf2026czelib
International Journal of Electronic Commerce,1086-4415,1557-9301,2026-04-20,NA,tf2026czelib
International Journal of Electronics,0020-7217,1362-3060,2026-04-20,NA,tf2026czelib
International Journal of Electronics Letters,2168-1724,2168-1732,2026-04-20,NA,tf2026czelib
International Journal of Environmental Analytical Chemistry,0306-7319,1029-0397,2026-04-20,NA,tf2026czelib
International Journal of Environmental Health Research,0960-3123,1369-1619,2026-04-20,NA,tf2026czelib
International Journal of Environmental Studies,0020-7233,1029-0400,2026-04-20,NA,tf2026czelib
"International Journal of Fashion Design, Technology and Education",1754-3266,1754-3274,2026-04-20,NA,tf2026czelib
International Journal of Food Sciences and Nutrition,0963-7486,1465-3478,2026-04-20,NA,tf2026czelib
International Journal of Forest Engineering,1494-2119,1913-2220,2026-04-20,NA,tf2026czelib
International Journal of General Systems,0308-1079,1563-5104,2026-04-20,NA,tf2026czelib
International Journal of Geographical Information Science,1365-8816,1362-3087,2026-04-20,NA,tf2026czelib
International Journal of Geotechnical Engineering,1938-6362,1939-7879,2026-04-20,NA,tf2026czelib
International Journal of Green Energy,1543-5075,1543-5083,2026-04-20,NA,tf2026czelib
International Journal of Group Psychotherapy,0020-7284,1943-2836,2026-04-20,NA,tf2026czelib
International Journal of Health Promotion and Education,1463-5240,2164-9545,2026-04-20,NA,tf2026czelib
International Journal of Healthcare Management,2047-9700,2047-9719,2026-04-20,NA,tf2026czelib
International Journal of Heritage Studies,1352-7258,1470-3610,2026-04-20,NA,tf2026czelib
International Journal of Hospitality & Tourism Administration,1525-6480,1525-6499,2026-04-20,NA,tf2026czelib
International Journal of Housing Policy,1949-1247,1949-1255,2026-04-20,NA,tf2026czelib
International Journal of Humanâ€“Computer Interaction,1044-7318,1532-7590,2026-04-20,NA,tf2026czelib
"International Journal of Image and Data Fusion : Method, technology & applications in geoinformatics",1947-9832,1947-9824,2026-04-20,NA,tf2026czelib
International Journal of Inclusive Education,1360-3116,1464-5173,2026-04-20,NA,tf2026czelib
International Journal of Injury Control and Safety Promotion,1745-7300,1745-7319,2026-04-20,NA,tf2026czelib
International Journal of Intelligence and CounterIntelligence,0885-0607,1521-0561,2026-04-20,NA,tf2026czelib
International Journal of Kinesiology in Higher Education,2471-1616,2471-1624,2026-04-20,NA,tf2026czelib
International Journal of Leadership in Education : Theory and Practice,1360-3124,1464-5092,2026-04-20,NA,tf2026czelib
International Journal of LGBTQ+ Youth Studies,2996-8992,2996-900X,2026-04-20,NA,tf2026czelib
International Journal of Lifelong Education,0260-1370,1464-519X,2026-04-20,NA,tf2026czelib
International Journal of Listening,1090-4018,1932-586X,2026-04-20,NA,tf2026czelib
International Journal of Logistics Research and Applications : A Leading Journal of Supply Chain Management,1367-5567,1469-848X,2026-04-20,NA,tf2026czelib
International Journal of Management Science and Engineering Management,1750-9653,1750-9661,2026-04-20,NA,tf2026czelib
International Journal of Mathematical Education in Science and Technology,0020-739X,1464-5211,2026-04-20,NA,tf2026czelib
International Journal of Mental Health,0020-7411,1557-9328,2026-04-20,NA,tf2026czelib
International Journal of Metallic Materials,NA,2996-136X,2026-04-20,NA,tf2026czelib
"International Journal of Mining, Reclamation and Environment",1748-0930,1748-0949,2026-04-20,NA,tf2026czelib
International Journal of Modelling and Simulation,0228-6203,1925-7082,2026-04-20,NA,tf2026czelib
International Journal of Multilingualism,1479-0718,1747-7530,2026-04-20,NA,tf2026czelib
International Journal of Nautical Archaeology,1057-2414,1095-9270,2026-04-20,NA,tf2026czelib
International Journal of Neuroscience,0020-7454,1543-5245,2026-04-20,NA,tf2026czelib
International Journal of Occupational Safety and Ergonomics,1080-3548,2376-9130,2026-04-20,NA,tf2026czelib
"International Journal of Parallel, Emergent and Distributed Systems",1744-5760,1744-5779,2026-04-20,NA,tf2026czelib
International Journal of Pavement Engineering,1029-8436,1477-268X,2026-04-20,NA,tf2026czelib
International Journal of Performance Analysis in Sport,2474-8668,1474-8185,2026-04-20,NA,tf2026czelib
International Journal of Performance Arts and Digital Media,1479-4713,2040-0934,2026-04-20,NA,tf2026czelib
International Journal of Pest Management,0967-0874,1366-5863,2026-04-20,NA,tf2026czelib
International Journal of Philosophical Studies,0967-2559,1466-4542,2026-04-20,NA,tf2026czelib
International Journal of Philosophy and Theology,2169-2327,2169-2335,2026-04-20,NA,tf2026czelib
International Journal of Phytoremediation,1522-6514,1549-7879,2026-04-20,NA,tf2026czelib
International Journal of Play,2159-4937,2159-4953,2026-04-20,NA,tf2026czelib
International Journal of Political Economy,0891-1916,1558-0970,2026-04-20,NA,tf2026czelib
International Journal of Polymer Analysis and Characterization,1023-666X,1563-5341,2026-04-20,NA,tf2026czelib
International Journal of Polymeric Materials and Polymeric Biomaterials,0091-4037,1563-535X,2026-04-20,NA,tf2026czelib
International Journal of Production Research,0020-7543,1366-588X,2026-04-20,NA,tf2026czelib
International Journal of Psychiatry in Clinical Practice,1365-1501,1471-1788,2026-04-20,NA,tf2026czelib
International Journal of Public Administration,0190-0692,1532-4265,2026-04-20,NA,tf2026czelib
International Journal of Qualitative Studies in Education,0951-8398,1366-5898,2026-04-20,NA,tf2026czelib
International Journal of Radiation Biology,0955-3002,1362-3095,2026-04-20,NA,tf2026czelib
International Journal of Rail Transportation,2324-8378,2324-8386,2026-04-20,NA,tf2026czelib
International Journal of Remote Sensing,0143-1161,1366-5901,2026-04-20,NA,tf2026czelib
International Journal of Research & Method in Education,1743-727X,1743-7288,2026-04-20,NA,tf2026czelib
International Journal of River Basin Management,1571-5124,1814-2060,2026-04-20,NA,tf2026czelib
International Journal of School & Educational Psychology,2168-3603,2168-3611,2026-04-20,NA,tf2026czelib
International Journal of Science Education,0950-0693,1464-5289,2026-04-20,NA,tf2026czelib
"International Journal of Science Education, Part B : Communication and Public Engagement",2154-8455,2154-8463,2026-04-20,NA,tf2026czelib
International Journal of Sexual Health,1931-7611,1931-762X,2026-04-20,NA,tf2026czelib
International Journal of Social Research Methodology,1364-5579,1464-5300,2026-04-20,NA,tf2026czelib
International Journal of Sociology,0020-7659,1557-9336,2026-04-20,NA,tf2026czelib
International Journal of Spa and Wellness,2472-1735,2472-1743,2026-04-20,NA,tf2026czelib
International Journal of Speech-Language Pathology,1754-9507,1754-9515,2026-04-20,NA,tf2026czelib
International Journal of Sport and Exercise Psychology,1612-197X,1557-251X,2026-04-20,NA,tf2026czelib
International Journal of Sport Policy and Politics,1940-6940,1940-6959,2026-04-20,NA,tf2026czelib
International Journal of Strategic Communication,1553-118X,1553-1198,2026-04-20,NA,tf2026czelib
International Journal of Sustainable Development & World Ecology,1350-4509,1745-2627,2026-04-20,NA,tf2026czelib
International Journal of Sustainable Transportation,1556-8318,1556-8334,2026-04-20,NA,tf2026czelib
International Journal of Systemic Therapy,2692-398X,2692-3998,2026-04-20,NA,tf2026czelib
International Journal of Systems Science,0020-7721,1464-5319,2026-04-20,NA,tf2026czelib
International Journal of Systems Science: Operations & Logistics,2330-2674,2330-2682,2026-04-20,NA,tf2026czelib
International Journal of Testing,1530-5058,1532-7574,2026-04-20,NA,tf2026czelib
International Journal of the Economics of Business,1357-1516,1466-1829,2026-04-20,NA,tf2026czelib
International Journal of the Legal Profession,0969-5958,1469-9257,2026-04-20,NA,tf2026czelib
International Journal of Tourism Cities,2056-5607,2056-5615,2026-04-20,NA,tf2026czelib
International Journal of Training Research,1448-0220,2204-0544,2026-04-20,NA,tf2026czelib
International Journal of Transgender Health,2689-5269,NA,2026-04-20,NA,tf2026czelib
International Journal of Urban Sciences,1226-5934,2161-6779,2026-04-20,NA,tf2026czelib
International Journal of Vegetable Science,1931-5260,1931-5279,2026-04-20,NA,tf2026czelib
International Journal of Ventilation,1473-3315,2044-4044,2026-04-20,NA,tf2026czelib
International Journal of Water Resources Development,0790-0627,1360-0648,2026-04-20,NA,tf2026czelib
International Journal on Media Management,1424-1277,1424-1250,2026-04-20,NA,tf2026czelib
International Multilingual Research Journal,1931-3152,1931-3160,2026-04-20,NA,tf2026czelib
International Peacekeeping,1353-3312,1743-906X,2026-04-20,NA,tf2026czelib
International Planning Studies,1356-3475,1469-9265,2026-04-20,NA,tf2026czelib
International Public Management Journal,1096-7494,1559-3169,2026-04-20,NA,tf2026czelib
International Research in Geographical and Environmental Education,1038-2046,1747-7611,2026-04-20,NA,tf2026czelib
International Review of Applied Economics,0269-2171,1465-3486,2026-04-20,NA,tf2026czelib
"International Review of Law, Computers & Technology",1360-0869,1364-6885,2026-04-20,NA,tf2026czelib
International Review of Psychiatry,0954-0261,1369-1627,2026-04-20,NA,tf2026czelib
International Review of Public Administration,1229-4659,2331-7795,2026-04-20,NA,tf2026czelib
International Review of Sociology : Revue Internationale de Sociologie,0390-6701,1469-9273,2026-04-20,NA,tf2026czelib
International Review of Sport and Exercise Psychology,1750-984X,1750-9858,2026-04-20,NA,tf2026czelib
International Reviews in Physical Chemistry,0144-235X,1366-591X,2026-04-20,NA,tf2026czelib
International Reviews of Immunology,0883-0185,1563-5244,2026-04-20,NA,tf2026czelib
International Studies in Catholic Education,1942-2539,1942-2547,2026-04-20,NA,tf2026czelib
International Studies in Sociology of Education,0962-0214,1747-5066,2026-04-20,NA,tf2026czelib
International Studies in the Philosophy of Science,0269-8595,1469-9281,2026-04-20,NA,tf2026czelib
International Studies of Management & Organization,0020-8825,1558-0911,2026-04-20,NA,tf2026czelib
"Internet Histories : Digital Technology, Culture and Society",2470-1475,2470-1483,2026-04-20,NA,tf2026czelib
Internet Reference Services Quarterly,1087-5301,1540-4749,2026-04-20,NA,tf2026czelib
Interventions : International Journal of Postcolonial Studies,1369-801X,1469-929X,2026-04-20,NA,tf2026czelib
Invertebrate Reproduction & Development,0792-4259,2157-0272,2026-04-20,NA,tf2026czelib
Investigations in Mathematics Learning,1947-7503,2472-7466,2026-04-20,NA,tf2026czelib
Investment Analysts Journal,1029-3523,2077-0227,2026-04-20,NA,tf2026czelib
Iran : Journal of the British Institute of Persian Studies,0578-6967,2396-9202,2026-04-20,NA,tf2026czelib
Irish Educational Studies,0332-3315,1747-4965,2026-04-20,NA,tf2026czelib
Irish Political Studies,0790-7184,1743-9078,2026-04-20,NA,tf2026czelib
Irish Studies Review,0967-0882,1469-9303,2026-04-20,NA,tf2026czelib
ISH Journal of Hydraulic Engineering,0971-5010,2164-3040,2026-04-20,NA,tf2026czelib
Islam and Christianâ€“Muslim Relations,0959-6410,1469-9311,2026-04-20,NA,tf2026czelib
Isotopes in Environmental and Health Studies,1025-6016,1477-2639,2026-04-20,NA,tf2026czelib
Israel Affairs,1353-7121,1743-9086,2026-04-20,NA,tf2026czelib
Israel Journal of Foreign Affairs,2373-9770,2373-9789,2026-04-20,NA,tf2026czelib
Issues in Mental Health Nursing,0161-2840,1096-4673,2026-04-20,NA,tf2026czelib
Italian Culture,0161-4622,1559-0909,2026-04-20,NA,tf2026czelib
Italian Studies,0075-1634,1748-6181,2026-04-20,NA,tf2026czelib
Japan Forum,0955-5803,1469-932X,2026-04-20,NA,tf2026czelib
Japanese Studies,1037-1397,1469-9338,2026-04-20,NA,tf2026czelib
Jazz Perspectives,1749-4060,1749-4079,2026-04-20,NA,tf2026czelib
Jewish Culture and History,1462-169X,2167-9428,2026-04-20,NA,tf2026czelib
Journal for Cultural Research,1479-7585,1740-1666,2026-04-20,NA,tf2026czelib
Journal for the Study of Spirituality,2044-0243,2044-0251,2026-04-20,NA,tf2026czelib
Journal for the Study of Sports and Athletes in Education,1935-7397,1935-7400,2026-04-20,NA,tf2026czelib
Journal of Access Services,1536-7967,1536-7975,2026-04-20,NA,tf2026czelib
Journal of Addictive Diseases,1055-0887,1545-0848,2026-04-20,NA,tf2026czelib
Journal of Adhesion Science and Technology,0169-4243,1568-5616,2026-04-20,NA,tf2026czelib
Journal of Adventure Education and Outdoor Learning,1472-9679,1754-0402,2026-04-20,NA,tf2026czelib
Journal of Advertising,0091-3367,1557-7805,2026-04-20,NA,tf2026czelib
Journal of Advertising Research,0021-8499,1740-1909,2026-04-20,NA,tf2026czelib
Journal of Aesthetics and Phenomenology,2053-9320,2053-9339,2026-04-20,NA,tf2026czelib
Journal of African Business,1522-8916,1522-9076,2026-04-20,NA,tf2026czelib
Journal of African Cultural Studies,1369-6815,1469-9346,2026-04-20,NA,tf2026czelib
Journal of African Diaspora Archaeology and Heritage,2161-9441,2161-9468,2026-04-20,NA,tf2026czelib
"Journal of Aggression, Maltreatment & Trauma",1092-6771,1545-083X,2026-04-20,NA,tf2026czelib
Journal of Aging & Social Policy,0895-9420,1545-0821,2026-04-20,NA,tf2026czelib
Journal of Aging and Environment,2689-2618,2689-2626,2026-04-20,NA,tf2026czelib
Journal of Agricultural & Food Information,1049-6505,1540-4722,2026-04-20,NA,tf2026czelib
Journal of Agromedicine,1059-924X,1545-0813,2026-04-20,NA,tf2026czelib
Journal of American College Health,0744-8481,1940-3208,2026-04-20,NA,tf2026czelib
Journal of Apicultural Research,0021-8839,2078-6913,2026-04-20,NA,tf2026czelib
Journal of Applied Animal Welfare Science,1088-8705,1532-7604,2026-04-20,NA,tf2026czelib
Journal of Applied Aquaculture,1045-4438,1545-0805,2026-04-20,NA,tf2026czelib
Journal of Applied Communication Research,0090-9882,1479-5752,2026-04-20,NA,tf2026czelib
Journal of Applied Non-Classical Logics,1166-3081,1958-5780,2026-04-20,NA,tf2026czelib
Journal of Applied School Psychology,1537-7903,1537-7911,2026-04-20,NA,tf2026czelib
Journal of Applied Security Research,1936-1610,1936-1629,2026-04-20,NA,tf2026czelib
Journal of Applied Sport Psychology,1041-3200,1533-1571,2026-04-20,NA,tf2026czelib
Journal of Applied Statistics,0266-4763,1360-0532,2026-04-20,NA,tf2026czelib
Journal of Applied Statistics: Environmental Statistics and Data Science,2998-4688,2998-4696,2026-04-20,NA,tf2026czelib
Journal of Applied Water Engineering and Research,NA,2324-9676,2026-04-20,NA,tf2026czelib
Journal of Aquatic Food Product Technology,1049-8850,1547-0636,2026-04-20,NA,tf2026czelib
"Journal of Arabian Studies : Arabia, the Gulf, and the Red Sea",2153-4764,2153-4780,2026-04-20,NA,tf2026czelib
Journal of Architectural Conservation,1355-6207,2326-6384,2026-04-20,NA,tf2026czelib
Journal of Architectural Education,1046-4883,1531-314X,2026-04-20,NA,tf2026czelib
Journal of Archival Organization,1533-2748,1533-2756,2026-04-20,NA,tf2026czelib
Journal of Asian Natural Products Research,1028-6020,1477-2213,2026-04-20,NA,tf2026czelib
Journal of Asian Public Policy,1751-6234,1751-6242,2026-04-20,NA,tf2026czelib
Journal of Asthma,0277-0903,1532-4303,2026-04-20,NA,tf2026czelib
Journal of Australian Studies,1444-3058,1835-6419,2026-04-20,NA,tf2026czelib
Journal of Balkan and Near Eastern Studies,1944-8953,1944-8961,2026-04-20,NA,tf2026czelib
Journal of Baltic Studies,0162-9778,1751-7877,2026-04-20,NA,tf2026czelib
Journal of Behavioral Finance,1542-7560,1542-7579,2026-04-20,NA,tf2026czelib
Journal of Beliefs & Values : Studies in Religion & Education,1361-7672,1469-9362,2026-04-20,NA,tf2026czelib
Journal of Binocular Vision and Ocular Motility,2576-117X,2576-1218,2026-04-20,NA,tf2026czelib
Journal of Biological Education,0021-9266,2157-6009,2026-04-20,NA,tf2026czelib
"Journal of Biomaterials Science, Polymer Edition",0920-5063,1568-5624,2026-04-20,NA,tf2026czelib
Journal of Biomolecular Structure and Dynamics,0739-1102,1538-0254,2026-04-20,NA,tf2026czelib
Journal of Biopharmaceutical Statistics,1054-3406,1520-5711,2026-04-20,NA,tf2026czelib
Journal of Bisexuality,1529-9716,1529-9724,2026-04-20,NA,tf2026czelib
Journal of Borderlands Studies,0886-5655,2159-1229,2026-04-20,NA,tf2026czelib
Journal of Broadcasting & Electronic Media,0883-8151,1550-6878,2026-04-20,NA,tf2026czelib
Journal of Bryology,0373-6687,1743-2820,2026-04-20,NA,tf2026czelib
Journal of Building Performance Simulation,1940-1493,1940-1507,2026-04-20,NA,tf2026czelib
Journal of Business & Economic Statistics,0735-0015,1537-2707,2026-04-20,NA,tf2026czelib
Journal of Business & Finance Librarianship,0896-3568,1547-0644,2026-04-20,NA,tf2026czelib
Journal of Business Analytics,2573-234X,2573-2358,2026-04-20,NA,tf2026czelib
Journal of Business-to-Business Marketing,1051-712X,1547-0628,2026-04-20,NA,tf2026czelib
Journal of Carbohydrate Chemistry,0732-8303,1532-2327,2026-04-20,NA,tf2026czelib
Journal of Change Management : Reframing Leadership and Organizational Practice,1469-7017,1479-1811,2026-04-20,NA,tf2026czelib
Journal of Chemotherapy,1120-009X,1973-9478,2026-04-20,NA,tf2026czelib
Journal of Child & Adolescent Mental Health,1728-0583,1728-0591,2026-04-20,NA,tf2026czelib
Journal of Child & Adolescent Substance Use,2997-3368,2997-3376,2026-04-20,NA,tf2026czelib
Journal of Child and Adolescent Counseling,2372-7810,2372-7829,2026-04-20,NA,tf2026czelib
Journal of Child Psychotherapy,0075-417X,1469-9370,2026-04-20,NA,tf2026czelib
"Journal of Child Sexual Abuse : Research, Treatment & Program Innovations for Sexual Victimization Across the Lifespan",1053-8712,1547-0679,2026-04-20,NA,tf2026czelib
Journal of Children and Media,1748-2798,1748-2801,2026-04-20,NA,tf2026czelib
Journal of China Tourism Research,1938-8160,1938-8179,2026-04-20,NA,tf2026czelib
Journal of Chinese Cinemas,1750-8061,1750-807X,2026-04-20,NA,tf2026czelib
Journal of Chinese Economic and Business Studies,1476-5284,1476-5292,2026-04-20,NA,tf2026czelib
Journal of Chinese Governance,2381-2346,2381-2354,2026-04-20,NA,tf2026czelib
Journal of Civil Society,1744-8689,1744-8697,2026-04-20,NA,tf2026czelib
Journal of Clinical and Experimental Neuropsychology,1380-3395,1744-411X,2026-04-20,NA,tf2026czelib
Journal of Clinical Child & Adolescent Psychology,1537-4416,1537-4424,2026-04-20,NA,tf2026czelib
Journal of Clinical Practice in Speech-Language Pathology,2200-0259,2208-7168,2026-04-20,NA,tf2026czelib
Journal of Cognition and Development,1524-8372,1532-7647,2026-04-20,NA,tf2026czelib
Journal of Cognitive Psychology,2044-5911,2044-592X,2026-04-20,NA,tf2026czelib
Journal of College and Character,2194-587X,1940-1639,2026-04-20,NA,tf2026czelib
Journal of College Science Teaching,0047-231X,1943-4898,2026-04-20,NA,tf2026czelib
Journal of College Student Mental Health,2836-7138,2836-7146,2026-04-20,NA,tf2026czelib
"Journal of Communication in Healthcare : Strategies, Media and Engagement in Global Health",1753-8068,1753-8076,2026-04-20,NA,tf2026czelib
Journal of Community Archaeology & Heritage,2051-8196,2051-820X,2026-04-20,NA,tf2026czelib
Journal of Community Health Nursing,0737-0016,1532-7655,2026-04-20,NA,tf2026czelib
Journal of Community Practice,1070-5422,1543-3706,2026-04-20,NA,tf2026czelib
Journal of Comparative Policy Analysis: Research and Practice,1387-6988,1572-5448,2026-04-20,NA,tf2026czelib
Journal of Computational and Graphical Statistics,1061-8600,1537-2715,2026-04-20,NA,tf2026czelib
Journal of Computational and Theoretical Transport,2332-4309,2332-4325,2026-04-20,NA,tf2026czelib
Journal of Computer Information Systems,0887-4417,2380-2057,2026-04-20,NA,tf2026czelib
Journal of Conflict Archaeology,1574-0773,1574-0781,2026-04-20,NA,tf2026czelib
Journal of Constructivist Psychology,1072-0537,1521-0650,2026-04-20,NA,tf2026czelib
Journal of Consumer Health on the Internet,1539-8285,1539-8293,2026-04-20,NA,tf2026czelib
Journal of Contemporary African Studies,0258-9001,1469-9397,2026-04-20,NA,tf2026czelib
Journal of Contemporary Asia,0047-2336,1752-7554,2026-04-20,NA,tf2026czelib
Journal of Contemporary Central and Eastern Europe,2573-9638,2573-9646,2026-04-20,NA,tf2026czelib
Journal of Contemporary China,1067-0564,1469-9400,2026-04-20,NA,tf2026czelib
Journal of Contemporary European Studies,1478-2804,1478-2790,2026-04-20,NA,tf2026czelib
Journal of Contemporary Religion,1353-7903,1469-9419,2026-04-20,NA,tf2026czelib
Journal of Control and Decision,2330-7706,2330-7714,2026-04-20,NA,tf2026czelib
Journal of Convention & Event Tourism,1547-0148,1547-0156,2026-04-20,NA,tf2026czelib
Journal of Coordination Chemistry,0095-8972,1029-0389,2026-04-20,NA,tf2026czelib
Journal of Corporate Law Studies,1473-5970,1757-8426,2026-04-20,NA,tf2026czelib
Journal of Cosmetic and Laser Therapy,1476-4172,1476-4180,2026-04-20,NA,tf2026czelib
Journal of Counselor Leadership and Advocacy,2326-716X,2326-7178,2026-04-20,NA,tf2026czelib
Journal of Couple & Relationship Therapy : Innovations in Clinical and Educational Interventions,1533-2691,1533-2683,2026-04-20,NA,tf2026czelib
Journal of Creativity in Mental Health,1540-1383,1540-1391,2026-04-20,NA,tf2026czelib
Journal of Crime and Justice,0735-648X,2158-9119,2026-04-20,NA,tf2026czelib
Journal of Criminal Justice Education,1051-1253,1745-9117,2026-04-20,NA,tf2026czelib
Journal of Critical Realism,1476-7430,1572-5138,2026-04-20,NA,tf2026czelib
Journal of Crop Improvement,1542-7528,1542-7536,2026-04-20,NA,tf2026czelib
Journal of Culinary Science & Technology,1542-8052,1542-8044,2026-04-20,NA,tf2026czelib
Journal of Cultural Economy,1753-0350,1753-0369,2026-04-20,NA,tf2026czelib
Journal of Cultural Geography,0887-3631,1940-6320,2026-04-20,NA,tf2026czelib
Journal of Current Issues & Research in Advertising,1064-1734,2164-7313,2026-04-20,NA,tf2026czelib
Journal of Curriculum and Pedagogy,1550-5170,2156-8154,2026-04-20,NA,tf2026czelib
Journal of Curriculum Studies,0022-0272,1366-5839,2026-04-20,NA,tf2026czelib
Journal of Cyber Policy,2373-8871,2373-8898,2026-04-20,NA,tf2026czelib
Journal of Cyber Security Technology,2374-2917,2374-2925,2026-04-20,NA,tf2026czelib
Journal of Dance Education,1529-0824,2158-074X,2026-04-20,NA,tf2026czelib
Journal of Decision Systems,1246-0125,2116-7052,2026-04-20,NA,tf2026czelib
Journal of Development Effectiveness,1943-9342,1943-9407,2026-04-20,NA,tf2026czelib
Journal of Dietary Supplements,1939-0211,1939-022X,2026-04-20,NA,tf2026czelib
Journal of Difference Equations and Applications,1023-6198,1563-5120,2026-04-20,NA,tf2026czelib
Journal of Digital Learning in Teacher Education,2153-2974,2332-7383,2026-04-20,NA,tf2026czelib
Journal of Disability & Religion,2331-2521,2331-253X,2026-04-20,NA,tf2026czelib
Journal of Dispersion Science and Technology,0193-2691,1532-2351,2026-04-20,NA,tf2026czelib
Journal of Drug Targeting,1061-186X,1029-2330,2026-04-20,NA,tf2026czelib
Journal of Dual Diagnosis : research and practice in substance abuse comorbidity,1550-4263,1550-4271,2026-04-20,NA,tf2026czelib
Journal of Early Childhood Teacher Education,1090-1027,1745-5642,2026-04-20,NA,tf2026czelib
Journal of Early Christian History,2222-582X,2471-4054,2026-04-20,NA,tf2026czelib
Journal of Earthquake Engineering,1363-2469,1559-808X,2026-04-20,NA,tf2026czelib
Journal of East-West Business,1066-9868,1528-6959,2026-04-20,NA,tf2026czelib
Journal of Eastern African Studies,1753-1055,1753-1063,2026-04-20,NA,tf2026czelib
Journal of Ecohydraulics,2470-5357,2470-5365,2026-04-20,NA,tf2026czelib
Journal of Economic Issues,0021-3624,1946-326X,2026-04-20,NA,tf2026czelib
Journal of Economic Methodology,1350-178X,1469-9427,2026-04-20,NA,tf2026czelib
Journal of Economic Policy Reform,1748-7870,1748-7889,2026-04-20,NA,tf2026czelib
Journal of Ecotourism,1472-4049,1747-7638,2026-04-20,NA,tf2026czelib
Journal of Education and Work,1363-9080,1469-9435,2026-04-20,NA,tf2026czelib
Journal of Education for Business,0883-2323,1940-3356,2026-04-20,NA,tf2026czelib
Journal of Education for Students Placed at Risk (JESPAR),1082-4669,1532-7671,2026-04-20,NA,tf2026czelib
Journal of Education for Teaching : International research and pedagogy,0260-7476,1360-0540,2026-04-20,NA,tf2026czelib
Journal of Education Policy,0268-0939,1464-5106,2026-04-20,NA,tf2026czelib
Journal of Educational Administration and History,0022-0620,1478-7431,2026-04-20,NA,tf2026czelib
Journal of Educational and Psychological Consultation,1047-4412,1532-768X,2026-04-20,NA,tf2026czelib
Journal of Elder Abuse & Neglect,0894-6566,1540-4129,2026-04-20,NA,tf2026czelib
"Journal of Elections, Public Opinion and Parties",1745-7289,1745-7297,2026-04-20,NA,tf2026czelib
Journal of Electromagnetic Waves and Applications,0920-5071,1569-3937,2026-04-20,NA,tf2026czelib
Journal of Electronic Resources in Medical Libraries,1542-4065,1542-4073,2026-04-20,NA,tf2026czelib
Journal of Electronic Resources Librarianship,1941-126X,1941-1278,2026-04-20,NA,tf2026czelib
Journal of Energetic Materials,0737-0652,1545-8822,2026-04-20,NA,tf2026czelib
Journal of Energy & Natural Resources Law,0264-6811,2376-4538,2026-04-20,NA,tf2026czelib
Journal of Engineering Design,0954-4828,1466-1837,2026-04-20,NA,tf2026czelib
Journal of Environmental Economics and Policy,2160-6544,2160-6552,2026-04-20,NA,tf2026czelib
Journal of Environmental Planning and Management,0964-0568,1360-0559,2026-04-20,NA,tf2026czelib
Journal of Environmental Policy & Planning,1523-908X,1522-7200,2026-04-20,NA,tf2026czelib
"Journal of Environmental Science and Health, Part A : Toxic/Hazardous Substances and Environmental Engineering",1093-4529,1532-4117,2026-04-20,NA,tf2026czelib
"Journal of Environmental Science and Health, Part B : Pesticides, Food Contaminants, and Agricultural Wastes",0360-1234,1532-4109,2026-04-20,NA,tf2026czelib
"Journal of Environmental Science and Health, Part C : Toxicology and Carcinogenesis",2689-6583,2689-6591,2026-04-20,NA,tf2026czelib
Journal of Essential Oil Research,1041-2905,2163-8152,2026-04-20,NA,tf2026czelib
Journal of Ethnic & Cultural Diversity in Social Work,1531-3204,1531-3212,2026-04-20,NA,tf2026czelib
Journal of Ethnic and Migration Studies,1369-183X,1469-9451,2026-04-20,NA,tf2026czelib
Journal of Ethnicity in Criminal Justice,1537-7938,1537-7946,2026-04-20,NA,tf2026czelib
Journal of Ethnicity in Substance Abuse,1533-2640,1533-2659,2026-04-20,NA,tf2026czelib
Journal of European Integration,0703-6337,1477-2280,2026-04-20,NA,tf2026czelib
Journal of European Public Policy,1350-1763,1466-4429,2026-04-20,NA,tf2026czelib
Journal of Evidence-Based Social Work,2640-8066,2640-8074,2026-04-20,NA,tf2026czelib
Journal of Experimental & Theoretical Artificial Intelligence,0952-813X,1362-3079,2026-04-20,NA,tf2026czelib
Journal of Family Communication,1526-7431,1532-7698,2026-04-20,NA,tf2026czelib
Journal of Family Social Work,1052-2158,1540-4072,2026-04-20,NA,tf2026czelib
Journal of Family Studies,1322-9400,1839-3543,2026-04-20,NA,tf2026czelib
"Journal of Family Trauma, Child Custody & Child Development",2690-4586,2690-4594,2026-04-20,NA,tf2026czelib
Journal of Feminist Family Therapy,0895-2833,1540-4099,2026-04-20,NA,tf2026czelib
Journal of Field Archaeology,0093-4690,2042-4582,2026-04-20,NA,tf2026czelib
Journal of First-generation Student Success,2690-6015,2690-6023,2026-04-20,NA,tf2026czelib
Journal of Food Products Marketing,1045-4446,1540-4102,2026-04-20,NA,tf2026czelib
Journal of Foodservice Business Research,1537-8020,1537-8039,2026-04-20,NA,tf2026czelib
Journal of Forensic Psychology Research and Practice,2473-2850,2473-2842,2026-04-20,NA,tf2026czelib
Journal of Forest Research,1341-6979,1610-7403,2026-04-20,NA,tf2026czelib
Journal of Further and Higher Education,0309-877X,1469-9486,2026-04-20,NA,tf2026czelib
Journal of Gender Studies,0958-9236,1465-3869,2026-04-20,NA,tf2026czelib
Journal of Genocide Research,1462-3528,1469-9494,2026-04-20,NA,tf2026czelib
Journal of Geography,0022-1341,1752-6868,2026-04-20,NA,tf2026czelib
Journal of Geography in Higher Education,0309-8265,1466-1845,2026-04-20,NA,tf2026czelib
Journal of Geoscience Education,1089-9995,2158-1428,2026-04-20,NA,tf2026czelib
Journal of Gerontological Social Work,0163-4372,1540-4048,2026-04-20,NA,tf2026czelib
Journal of Global Ethics,1744-9626,1744-9634,2026-04-20,NA,tf2026czelib
Journal of Global Fashion Marketing,2093-2685,2325-4483,2026-04-20,NA,tf2026czelib
Journal of Global Information Technology Management,1097-198X,2333-6846,2026-04-20,NA,tf2026czelib
Journal of Global Marketing,0891-1762,1528-6975,2026-04-20,NA,tf2026czelib
Journal of Global Scholars of Marketing Science,2163-9159,2163-9167,2026-04-20,NA,tf2026czelib
Journal of Global Sport Management,2470-4067,2470-4075,2026-04-20,NA,tf2026czelib
Journal of Graphic Novels and Comics,2150-4857,2150-4865,2026-04-20,NA,tf2026czelib
Journal of Health Care Chaplaincy,0885-4726,1528-6916,2026-04-20,NA,tf2026czelib
Journal of Health Communication : International Perspectives,1081-0730,1087-0415,2026-04-20,NA,tf2026czelib
"Journal of Herbs, Spices & Medicinal Plants",1049-6475,1540-3580,2026-04-20,NA,tf2026czelib
Journal of Heritage Tourism,1743-873X,1747-6631,2026-04-20,NA,tf2026czelib
Journal of Higher Education Policy and Management,1360-080X,1469-9508,2026-04-20,NA,tf2026czelib
Journal of Histotechnology,0147-8885,2046-0236,2026-04-20,NA,tf2026czelib
Journal of HIV & Social Services,3068-1634,3068-1642,2026-04-20,NA,tf2026czelib
Journal of Homosexuality,0091-8369,1540-3602,2026-04-20,NA,tf2026czelib
Journal of Hospital Librarianship,1532-3269,1532-3277,2026-04-20,NA,tf2026czelib
Journal of Hospitality & Tourism Education,1096-3758,2325-6540,2026-04-20,NA,tf2026czelib
Journal of Hospitality Marketing & Management,1936-8623,1936-8631,2026-04-20,NA,tf2026czelib
Journal of Housing Research,1052-7001,2691-1337,2026-04-20,NA,tf2026czelib
Journal of Human Behavior in the Social Environment,1091-1359,1540-3556,2026-04-20,NA,tf2026czelib
Journal of Human Development and Capabilities : A Multi-Disciplinary Journal for People-Centered Development,1945-2829,1945-2837,2026-04-20,NA,tf2026czelib
Journal of Human Resources in Hospitality & Tourism,1533-2845,1533-2853,2026-04-20,NA,tf2026czelib
Journal of Human Rights,1475-4835,1475-4843,2026-04-20,NA,tf2026czelib
Journal of Human Trafficking,2332-2705,2332-2713,2026-04-20,NA,tf2026czelib
Journal of Hunger & Environmental Nutrition,1932-0248,1932-0256,2026-04-20,NA,tf2026czelib
Journal of Hydraulic Research,0022-1686,1814-2079,2026-04-20,NA,tf2026czelib
Journal of Iberian and Latin American Research,1326-0219,2151-9668,2026-04-20,NA,tf2026czelib
Journal of Iberian and Latin American Studies,1470-1847,1469-9524,2026-04-20,NA,tf2026czelib
Journal of Immigrant & Refugee Studies,1556-2948,1556-2956,2026-04-20,NA,tf2026czelib
Journal of Immunoassay and Immunochemistry,1532-1819,1532-4230,2026-04-20,NA,tf2026czelib
Journal of Industrial and Production Engineering,2168-1015,2168-1023,2026-04-20,NA,tf2026czelib
"Journal of Infant, Child, and Adolescent Psychotherapy",1528-9168,1940-9214,2026-04-20,NA,tf2026czelib
Journal of Information Technology & Politics,1933-1681,1933-169X,2026-04-20,NA,tf2026czelib
Journal of Information Technology Case and Application Research,1522-8053,2333-6897,2026-04-20,NA,tf2026czelib
Journal of Intellectual & Developmental Disability,1366-8250,1469-9532,2026-04-20,NA,tf2026czelib
Journal of Intelligence History,1616-1262,2169-5601,2026-04-20,NA,tf2026czelib
"Journal of Intelligent Transportation Systems : Technology, Planning, and Operations",1547-2450,1547-2442,2026-04-20,NA,tf2026czelib
Journal of Interactive Advertising,NA,1525-2019,2026-04-20,NA,tf2026czelib
Journal of Intercultural Communication Research,1747-5759,1747-5767,2026-04-20,NA,tf2026czelib
Journal of Intercultural Studies,0725-6868,1469-9540,2026-04-20,NA,tf2026czelib
Journal of Intergenerational Relationships,1535-0770,1535-0932,2026-04-20,NA,tf2026czelib
Journal of International and Intercultural Communication,1751-3057,1751-3065,2026-04-20,NA,tf2026czelib
Journal of International Consumer Marketing,0896-1530,1528-7068,2026-04-20,NA,tf2026czelib
Journal of International Food & Agribusiness Marketing,0897-4438,1528-6983,2026-04-20,NA,tf2026czelib
Journal of International Wildlife Law & Policy,1388-0292,1548-1476,2026-04-20,NA,tf2026czelib
Journal of Internet Commerce,1533-2861,1533-287X,2026-04-20,NA,tf2026czelib
Journal of Interprofessional Care,1356-1820,1469-9567,2026-04-20,NA,tf2026czelib
Journal of Intervention and Statebuilding,1750-2977,1750-2985,2026-04-20,NA,tf2026czelib
Journal of Island and Coastal Archaeology,1556-4894,1556-1828,2026-04-20,NA,tf2026czelib
"Journal of Israeli History : Politics, Society, Culture",1353-1042,1744-0548,2026-04-20,NA,tf2026czelib
Journal of Japanese and Korean Cinema,1756-4905,1756-4913,2026-04-20,NA,tf2026czelib
Journal of Jewish Education,1524-4113,1554-611X,2026-04-20,NA,tf2026czelib
Journal of Landscape Architecture,1862-6033,2164-604X,2026-04-20,NA,tf2026czelib
"Journal of Language, Identity & Education",1534-8458,1532-7701,2026-04-20,NA,tf2026czelib
"Journal of Language, Literature and Culture",2051-2856,2051-2864,2026-04-20,NA,tf2026czelib
Journal of Latin American Cultural Studies : Travesia,1356-9325,1469-9575,2026-04-20,NA,tf2026czelib
Journal of Latinos and Education,1534-8431,1532-771X,2026-04-20,NA,tf2026czelib
Journal of Legal Medicine,0194-7648,1521-057X,2026-04-20,NA,tf2026czelib
Journal of Leisure Research,0022-2216,2159-6417,2026-04-20,NA,tf2026czelib
Journal of Lesbian Studies,1089-4160,1540-3548,2026-04-20,NA,tf2026czelib
Journal of Library & Information Services in Distance Learning,1533-290X,1533-2918,2026-04-20,NA,tf2026czelib
Journal of Library Administration,0193-0826,1540-3564,2026-04-20,NA,tf2026czelib
Journal of Library Metadata,1938-6389,1937-5034,2026-04-20,NA,tf2026czelib
Journal of Library Resource Sharing,2691-5979,2691-5995,2026-04-20,NA,tf2026czelib
Journal of Liposome Research,0898-2104,1532-2394,2026-04-20,NA,tf2026czelib
Journal of Liquid Chromatography & Related Technologies,1082-6076,1520-572X,2026-04-20,NA,tf2026czelib
Journal of Location Based Services,1748-9725,1748-9733,2026-04-20,NA,tf2026czelib
Journal of Loss and Trauma : International Perspectives on Stress & Coping,1532-5024,1532-5032,2026-04-20,NA,tf2026czelib
"Journal of Macromolecular Science, Part A : Pure and Applied Chemistry",1060-1325,1520-5738,2026-04-20,NA,tf2026czelib
"Journal of Macromolecular Science, Part B : Physics",0022-2348,1525-609X,2026-04-20,NA,tf2026czelib
Journal of Management Analytics,2327-0012,2327-0039,2026-04-20,NA,tf2026czelib
Journal of Management Information Systems,0742-1222,1557-928X,2026-04-20,NA,tf2026czelib
Journal of Manual & Manipulative Therapy,1066-9817,2042-6186,2026-04-20,NA,tf2026czelib
"Journal of Map & Geography Libraries : Advances in Geospatial Information, Collections & Archives",1542-0353,1542-0361,2026-04-20,NA,tf2026czelib
Journal of Marine Engineering & Technology,2046-4177,2056-8487,2026-04-20,NA,tf2026czelib
Journal of Marketing Communications,1352-7266,1466-4445,2026-04-20,NA,tf2026czelib
Journal of Marketing for Higher Education,0884-1241,1540-7144,2026-04-20,NA,tf2026czelib
Journal of Marketing Management,0267-257X,1472-1376,2026-04-20,NA,tf2026czelib
Journal of Marketing Theory and Practice,1069-6679,1944-7175,2026-04-20,NA,tf2026czelib
"Journal of Mathematics and Music : Mathematical and Computational Approaches to Music Theory, Analysis, Composition and Performance",1745-9737,1745-9745,2026-04-20,NA,tf2026czelib
Journal of Mathematics and the Arts,1751-3472,1751-3480,2026-04-20,NA,tf2026czelib
Journal of Media and Religion,1534-8423,1534-8415,2026-04-20,NA,tf2026czelib
Journal of Media Business Studies,1652-2354,2376-2977,2026-04-20,NA,tf2026czelib
Journal of Media Economics,0899-7764,1532-7736,2026-04-20,NA,tf2026czelib
Journal of Media Ethics : Exploring Questions of Media Morality,2373-6992,2373-700X,2026-04-20,NA,tf2026czelib
Journal of Media Law,1757-7632,1757-7640,2026-04-20,NA,tf2026czelib
Journal of Medical Engineering & Technology,0309-1902,1464-522X,2026-04-20,NA,tf2026czelib
Journal of Medieval History,0304-4181,1873-1279,2026-04-20,NA,tf2026czelib
Journal of Medieval Iberian Studies,1754-6559,1754-6567,2026-04-20,NA,tf2026czelib
Journal of Mental Health,0963-8237,1360-0567,2026-04-20,NA,tf2026czelib
Journal of Mental Health Research in Intellectual Disabilities,1931-5864,1931-5872,2026-04-20,NA,tf2026czelib
Journal of Microencapsulation : Micro and Nano Carriers,0265-2048,1464-5246,2026-04-20,NA,tf2026czelib
Journal of Microwave Power and Electromagnetic Energy,0832-7823,NA,2026-04-20,NA,tf2026czelib
Journal of Military Ethics,1502-7570,1502-7589,2026-04-20,NA,tf2026czelib
"Journal of Military Social Work and Behavioral Health Services : An International Journal of Theory, Practice & Research",2836-7472,2836-7499,2026-04-20,NA,tf2026czelib
Journal of Modern Chinese History,1753-5654,1753-5662,2026-04-20,NA,tf2026czelib
Journal of Modern Italian Studies,1354-571X,1469-9583,2026-04-20,NA,tf2026czelib
Journal of Modern Jewish Studies,1472-5886,1472-5894,2026-04-20,NA,tf2026czelib
Journal of Modern Optics,0950-0340,1362-3044,2026-04-20,NA,tf2026czelib
Journal of Moral Education,0305-7240,1465-3877,2026-04-20,NA,tf2026czelib
Journal of Motor Behavior,0022-2895,1940-1027,2026-04-20,NA,tf2026czelib
Journal of Multicultural Discourses,1744-7143,1747-6615,2026-04-20,NA,tf2026czelib
Journal of Multilingual and Multicultural Development,0143-4632,1747-7557,2026-04-20,NA,tf2026czelib
Journal of Museum Education,1059-8650,2051-6169,2026-04-20,NA,tf2026czelib
Journal of Musicological Research,0141-1896,1547-7304,2026-04-20,NA,tf2026czelib
Journal of Muslim Minority Affairs,1360-2004,1469-9591,2026-04-20,NA,tf2026czelib
Journal of Natural History,0022-2933,1464-5262,2026-04-20,NA,tf2026czelib
Journal of Neurogenetics,0167-7063,1563-5260,2026-04-20,NA,tf2026czelib
Journal of New Music Research,0929-8215,1744-5027,2026-04-20,NA,tf2026czelib
Journal of Nonparametric Statistics,1048-5252,1029-0311,2026-04-20,NA,tf2026czelib
Journal of Nonprofit & Public Sector Marketing,1049-5142,1540-6997,2026-04-20,NA,tf2026czelib
Journal of Nuclear Science and Technology,0022-3131,1881-1248,2026-04-20,NA,tf2026czelib
Journal of Nutrition in Gerontology and Geriatrics,2155-1197,2155-1200,2026-04-20,NA,tf2026czelib
Journal of Occupational and Environmental Hygiene,1545-9624,1545-9632,2026-04-20,NA,tf2026czelib
Journal of Occupational Science,1442-7591,2158-1576,2026-04-20,NA,tf2026czelib
"Journal of Occupational Therapy, Schools, & Early Intervention",1941-1243,1941-1251,2026-04-20,NA,tf2026czelib
Journal of Operational Oceanography,1755-876X,1755-8778,2026-04-20,NA,tf2026czelib
Journal of Organizational Behavior Management,0160-8061,1540-8604,2026-04-20,NA,tf2026czelib
Journal of Organizational Computing and Electronic Commerce,1091-9392,1532-7744,2026-04-20,NA,tf2026czelib
Journal of Pain & Palliative Care Pharmacotherapy,1536-0288,1536-0539,2026-04-20,NA,tf2026czelib
Journal of Palestine Studies,0377-919X,1533-8614,2026-04-20,NA,tf2026czelib
Journal of Paper Conservation,1868-0860,2057-1682,2026-04-20,NA,tf2026czelib
Journal of Pastoral Theology,1064-9867,2161-4504,2026-04-20,NA,tf2026czelib
Journal of Peace Education,1740-0201,1740-021X,2026-04-20,NA,tf2026czelib
Journal of Pentecostal and Charismatic Christianity,2769-1616,2769-1624,2026-04-20,NA,tf2026czelib
Journal of Personal Selling & Sales Management,0885-3134,1557-7813,2026-04-20,NA,tf2026czelib
Journal of Personality Assessment,0022-3891,1532-7752,2026-04-20,NA,tf2026czelib
"Journal of Physical Education, Recreation & Dance",0730-3084,2168-3816,2026-04-20,NA,tf2026czelib
Journal of Plant Nutrition,0190-4167,1532-4087,2026-04-20,NA,tf2026czelib
"Journal of Poetry Therapy : The Interdisciplinary Journal of Practice, Theory, Research and Education",0889-3675,1567-2344,2026-04-20,NA,tf2026czelib
"Journal of Policing, Intelligence and Counter Terrorism",1833-5330,2159-5364,2026-04-20,NA,tf2026czelib
"Journal of Policy Research in Tourism, Leisure and Events",1940-7963,1940-7971,2026-04-20,NA,tf2026czelib
Journal of Political Ideologies,1356-9317,1469-9613,2026-04-20,NA,tf2026czelib
Journal of Political Marketing,1537-7857,1537-7865,2026-04-20,NA,tf2026czelib
Journal of Political Power,2158-379X,2158-3803,2026-04-20,NA,tf2026czelib
Journal of Political Science Education,1551-2169,1551-2177,2026-04-20,NA,tf2026czelib
Journal of Popular Film and Television,0195-6051,1930-6458,2026-04-20,NA,tf2026czelib
Journal of Post Keynesian Economics,0160-3477,1557-7821,2026-04-20,NA,tf2026czelib
Journal of Postcolonial Writing,1744-9855,1744-9863,2026-04-20,NA,tf2026czelib
Journal of Poverty,1087-5549,1540-7608,2026-04-20,NA,tf2026czelib
Journal of Prevention & Intervention in the Community,1085-2352,1540-7330,2026-04-20,NA,tf2026czelib
Journal of Private International Law,1744-1048,1757-8418,2026-04-20,NA,tf2026czelib
"Journal of Professional Counseling: Practice, Theory & Research",1556-6382,2168-9156,2026-04-20,NA,tf2026czelib
Journal of Progressive Human Services,1042-8232,1540-7616,2026-04-20,NA,tf2026czelib
Journal of Promotion Management,1049-6491,1540-7594,2026-04-20,NA,tf2026czelib
Journal of Property Research,0959-9916,1466-4453,2026-04-20,NA,tf2026czelib
Journal of Psychoactive Drugs,0279-1072,2159-9777,2026-04-20,NA,tf2026czelib
Journal of Psychosocial Oncology,0734-7332,1540-7586,2026-04-20,NA,tf2026czelib
Journal of Public Child Welfare,1554-8732,1554-8740,2026-04-20,NA,tf2026czelib
Journal of Public Relations Research,1062-726X,1532-754X,2026-04-20,NA,tf2026czelib
Journal of Quality Assurance in Hospitality & Tourism,1528-008X,1528-0098,2026-04-20,NA,tf2026czelib
"Journal of Quality Technology : A Quarterly Journal of Methods, Applications and Related Topics",0022-4065,2575-6230,2026-04-20,NA,tf2026czelib
Journal of Quantitative Linguistics,0929-6174,1744-5035,2026-04-20,NA,tf2026czelib
"Journal of Race, Ethnicity and the City",2688-4674,2688-4682,2026-04-20,NA,tf2026czelib
Journal of Radio & Audio Media,1937-6529,1937-6537,2026-04-20,NA,tf2026czelib
Journal of Real Estate Literature,0927-7544,1573-8809,2026-04-20,NA,tf2026czelib
Journal of Real Estate Portfolio Management,1083-5547,2691-1205,2026-04-20,NA,tf2026czelib
Journal of Real Estate Research,0896-5803,2691-1175,2026-04-20,NA,tf2026czelib
Journal of Receptors and Signal Transduction,1079-9893,1532-4281,2026-04-20,NA,tf2026czelib
Journal of Relationship Marketing,1533-2667,1533-2675,2026-04-20,NA,tf2026czelib
Journal of Religion & Spirituality in Social Work: Social Thought,1542-6432,1542-6440,2026-04-20,NA,tf2026czelib
"Journal of Religion, Spirituality & Aging",1552-8030,1552-8049,2026-04-20,NA,tf2026czelib
Journal of Religious & Theological Information,1047-7845,1528-6924,2026-04-20,NA,tf2026czelib
Journal of Reproductive and Infant Psychology,0264-6838,1469-672X,2026-04-20,NA,tf2026czelib
Journal of Research in Childhood Education,0256-8543,2150-2641,2026-04-20,NA,tf2026czelib
Journal of Research on Christian Education,1065-6219,1934-4945,2026-04-20,NA,tf2026czelib
Journal of Research on Educational Effectiveness,1934-5747,1934-5739,2026-04-20,NA,tf2026czelib
Journal of Research on Technology in Education,1539-1523,1945-0818,2026-04-20,NA,tf2026czelib
Journal of Risk Research,1366-9877,1466-4461,2026-04-20,NA,tf2026czelib
Journal of School Choice : International Research and Reform,1558-2159,1558-2167,2026-04-20,NA,tf2026czelib
Journal of School Violence,1538-8220,1538-8239,2026-04-20,NA,tf2026czelib
Journal of Science Teacher Education,1046-560X,1573-1847,2026-04-20,NA,tf2026czelib
Journal of Sex & Marital Therapy,0092-623X,1521-0715,2026-04-20,NA,tf2026czelib
"Journal of Sexual Aggression : An international, interdisciplinary forum for research, theory and practice",1355-2600,1742-6545,2026-04-20,NA,tf2026czelib
Journal of Simulation,1747-7778,1747-7786,2026-04-20,NA,tf2026czelib
Journal of Small Business & Entrepreneurship,0827-6331,2169-2610,2026-04-20,NA,tf2026czelib
Journal of Small Business Management,0047-2778,1540-627X,2026-04-20,NA,tf2026czelib
Journal of Social Distress and Homelessness,1053-0789,1573-658X,2026-04-20,NA,tf2026czelib
Journal of Social Entrepreneurship,1942-0676,1942-0684,2026-04-20,NA,tf2026czelib
Journal of Social Service Research,0148-8376,1540-7314,2026-04-20,NA,tf2026czelib
Journal of Social Welfare and Family Law,0964-9069,1469-9621,2026-04-20,NA,tf2026czelib
Journal of Social Work Education,1043-7797,2163-5811,2026-04-20,NA,tf2026czelib
Journal of Social Work in End-of-Life & Palliative Care,1552-4256,1552-4264,2026-04-20,NA,tf2026czelib
"Journal of Social Work Practice : Psychotherapeutic Approaches in Health, Welfare and the Community",0265-0533,1465-3885,2026-04-20,NA,tf2026czelib
Journal of Social Work Practice in the Addictions,1533-256X,1533-2578,2026-04-20,NA,tf2026czelib
Journal of Soil and Water Conservation,0022-4561,1941-3300,2026-04-20,NA,tf2026czelib
Journal of Southern African Studies,0305-7070,1465-3893,2026-04-20,NA,tf2026czelib
Journal of Spanish Cultural Studies,1463-6204,1469-9818,2026-04-20,NA,tf2026czelib
Journal of Spanish Language Teaching,2324-7797,2324-7800,2026-04-20,NA,tf2026czelib
Journal of Spatial Science,1449-8596,1836-5655,2026-04-20,NA,tf2026czelib
Journal of Spirituality in Mental Health,1934-9637,1934-9645,2026-04-20,NA,tf2026czelib
Journal of Sport & Tourism,1477-5085,1029-5399,2026-04-20,NA,tf2026czelib
Journal of Sport Psychology in Action,2152-0704,2152-0712,2026-04-20,NA,tf2026czelib
Journal of Sports Sciences,0264-0414,1466-447X,2026-04-20,NA,tf2026czelib
Journal of Statistical Computation and Simulation,0094-9655,1563-5163,2026-04-20,NA,tf2026czelib
Journal of Strategic Marketing,0965-254X,1466-4488,2026-04-20,NA,tf2026czelib
Journal of Strategic Studies,0140-2390,1743-937X,2026-04-20,NA,tf2026czelib
Journal of Structural Integrity and Maintenance,2470-5314,2470-5322,2026-04-20,NA,tf2026czelib
Journal of Student Affairs Research and Practice,1949-6591,1949-6605,2026-04-20,NA,tf2026czelib
Journal of Substance Use,1465-9891,1475-9942,2026-04-20,NA,tf2026czelib
Journal of Sulfur Chemistry,1741-5993,1741-6000,2026-04-20,NA,tf2026czelib
Journal of Sustainable Cement-Based Materials,2165-0373,2165-0381,2026-04-20,NA,tf2026czelib
Journal of Sustainable Finance & Investment,2043-0795,2043-0809,2026-04-20,NA,tf2026czelib
Journal of Sustainable Forestry,1054-9811,1540-756X,2026-04-20,NA,tf2026czelib
Journal of Sustainable Tourism,0966-9582,1747-7646,2026-04-20,NA,tf2026czelib
Journal of Systematic Palaeontology,1477-2019,1478-0941,2026-04-20,NA,tf2026czelib
Journal of Teaching in International Business,0897-5930,1528-6991,2026-04-20,NA,tf2026czelib
Journal of Teaching in Social Work,0884-1233,1540-7349,2026-04-20,NA,tf2026czelib
Journal of Teaching in Travel & Tourism,1531-3220,1531-3239,2026-04-20,NA,tf2026czelib
Journal of Technology in Human Services,1522-8835,1522-8991,2026-04-20,NA,tf2026czelib
Journal of Textile Design Research and Practice,2051-1787,2051-1795,2026-04-20,NA,tf2026czelib
Journal of the African Literature Association,2167-4736,2167-4744,2026-04-20,NA,tf2026czelib
Journal of the Air & Waste Management Association,1096-2247,2162-2906,2026-04-20,NA,tf2026czelib
Journal of the American Institute for Conservation,0197-1360,1945-2330,2026-04-20,NA,tf2026czelib
Journal of the American Nutrition Association,2769-7061,2769-707X,2026-04-20,NA,tf2026czelib
Journal of the American Planning Association,0194-4363,1939-0130,2026-04-20,NA,tf2026czelib
Journal of the American Society of Brewing Chemists : The Science of Beer,0361-0470,1943-7854,2026-04-20,NA,tf2026czelib
Journal of the American Statistical Association,0162-1459,1537-274X,2026-04-20,NA,tf2026czelib
Journal of the Asia Pacific Economy,1354-7860,1469-9648,2026-04-20,NA,tf2026czelib
Journal of the Australian Library and Information Association,2475-0158,2475-0166,2026-04-20,NA,tf2026czelib
Journal of the British Archaeological Association,0068-1288,1747-6704,2026-04-20,NA,tf2026czelib
Journal of the British Society for Phenomenology,0007-1773,2332-0486,2026-04-20,NA,tf2026czelib
Journal of the Chinese Institute of Engineers,0253-3839,2158-7299,2026-04-20,NA,tf2026czelib
Journal of the History of the Neurosciences : Basic and Clinical Perspectives,0964-704X,1744-5213,2026-04-20,NA,tf2026czelib
Journal of the Indian Ocean Region,1948-0881,1948-108X,2026-04-20,NA,tf2026czelib
Journal of the Institute of Conservation,1945-5224,1945-5232,2026-04-20,NA,tf2026czelib
Journal of the International Council for Small Business,2643-7015,2643-7023,2026-04-20,NA,tf2026czelib
Journal of the Learning Sciences,1050-8406,1532-7809,2026-04-20,NA,tf2026czelib
Journal of the Musical Arts in Africa,1812-1004,2070-626X,2026-04-20,NA,tf2026czelib
Journal of the Operational Research Society,0160-5682,1476-9360,2026-04-20,NA,tf2026czelib
Journal of the Philosophy of Sport,0094-8705,1543-2939,2026-04-20,NA,tf2026czelib
Journal of Thermal Stresses,0149-5739,1521-074X,2026-04-20,NA,tf2026czelib
Journal of Tourism and Cultural Change,1476-6825,1747-7654,2026-04-20,NA,tf2026czelib
Journal of Tourism History,1755-182X,1755-1838,2026-04-20,NA,tf2026czelib
"Journal of Toxicology and Environmental Health, Part A : Current Issues",1528-7394,1087-2620,2026-04-20,NA,tf2026czelib
"Journal of Toxicology and Environmental Health, Part B : Critical Reviews",1093-7404,1521-6950,2026-04-20,NA,tf2026czelib
Journal of Transportation Safety & Security,1943-9962,1943-9970,2026-04-20,NA,tf2026czelib
Journal of Trauma & Dissociation,1529-9732,1529-9740,2026-04-20,NA,tf2026czelib
Journal of Travel & Tourism Marketing,1054-8408,1540-7306,2026-04-20,NA,tf2026czelib
Journal of Trust Research,2151-5581,2151-559X,2026-04-20,NA,tf2026czelib
Journal of Turbulence,NA,1468-5248,2026-04-20,NA,tf2026czelib
Journal of Urban Affairs,0735-2166,1467-9906,2026-04-20,NA,tf2026czelib
Journal of Urban Design,1357-4809,1469-9664,2026-04-20,NA,tf2026czelib
Journal of Urban Technology,1063-0732,1466-1853,2026-04-20,NA,tf2026czelib
Journal of Urbanism: International Research on Placemaking and Urban Sustainability,1754-9175,1754-9183,2026-04-20,NA,tf2026czelib
Journal of Vertebrate Paleontology,0272-4634,1937-2809,2026-04-20,NA,tf2026czelib
Journal of Visual Art Practice,1470-2029,1758-9185,2026-04-20,NA,tf2026czelib
Journal of Visual Communication in Medicine,1745-3054,1745-3062,2026-04-20,NA,tf2026czelib
Journal of Visual Literacy,1051-144X,2379-6529,2026-04-20,NA,tf2026czelib
Journal of Vocational Education & Training,1363-6820,1747-5090,2026-04-20,NA,tf2026czelib
Journal of War & Culture Studies,1752-6272,1752-6280,2026-04-20,NA,tf2026czelib
Journal of Web Librarianship,1932-2909,1932-2917,2026-04-20,NA,tf2026czelib
Journal of Wetland Archaeology,1473-2971,2051-6231,2026-04-20,NA,tf2026czelib
Journal of Wine Research,0957-1264,1469-9672,2026-04-20,NA,tf2026czelib
Journal of Women & Aging,0895-2841,1540-7322,2026-04-20,NA,tf2026czelib
Journal of Women and Gender in Higher Education,2637-9112,2637-9120,2026-04-20,NA,tf2026czelib
"Journal of Women, Politics & Policy",1554-477X,1554-4788,2026-04-20,NA,tf2026czelib
Journal of Wood Chemistry and Technology,0277-3813,1532-2319,2026-04-20,NA,tf2026czelib
Journal of Workplace Behavioral Health,1555-5240,1555-5259,2026-04-20,NA,tf2026czelib
Journal of Youth Studies,1367-6261,1469-9680,2026-04-20,NA,tf2026czelib
Journal on the Use of Force and International Law,2053-1702,2053-1710,2026-04-20,NA,tf2026czelib
Journalism History,0094-7679,2641-2071,2026-04-20,NA,tf2026czelib
Journalism Practice,1751-2786,1751-2794,2026-04-20,NA,tf2026czelib
Journalism Studies,1461-670X,1469-9699,2026-04-20,NA,tf2026czelib
Judicial Review,1085-4681,1757-8434,2026-04-20,NA,tf2026czelib
Jung Journal : Culture & Psyche,1934-2039,1934-2047,2026-04-20,NA,tf2026czelib
Jurisprudence : An International Journal of Legal and Political Thought,2040-3313,2040-3321,2026-04-20,NA,tf2026czelib
Justice Evaluation Journal,2475-1979,2475-1987,2026-04-20,NA,tf2026czelib
Justice Quarterly,0741-8825,1745-9109,2026-04-20,NA,tf2026czelib
"Justice, Opportunities, and Rehabilitation",2997-965X,2997-9668,2026-04-20,NA,tf2026czelib
King's Law Journal,0961-5768,1757-8442,2026-04-20,NA,tf2026czelib
KIVA : Journal of Southwestern Anthropology and History,0023-1940,2051-6177,2026-04-20,NA,tf2026czelib
Knowledge Management Research & Practice,1477-8238,1477-8246,2026-04-20,NA,tf2026czelib
Konsthistorisk tidskrift/Journal of Art History,0023-3609,1651-2294,2026-04-20,NA,tf2026czelib
Labor History,0023-656X,1469-9702,2026-04-20,NA,tf2026czelib
Labour and Industry : A journal of the social and economic relations of work,1030-1763,2325-5676,2026-04-20,NA,tf2026czelib
Lake and Reservoir Management,1040-2381,2151-5530,2026-04-20,NA,tf2026czelib
Landscape History,0143-3768,2160-2506,2026-04-20,NA,tf2026czelib
Landscape Research,0142-6397,1469-9710,2026-04-20,NA,tf2026czelib
Landscapes,1466-2035,2040-8153,2026-04-20,NA,tf2026czelib
Language & History,1759-7536,1759-7544,2026-04-20,NA,tf2026czelib
Language Acquisition,1048-9223,1532-7817,2026-04-20,NA,tf2026czelib
Language and Education,0950-0782,1747-7581,2026-04-20,NA,tf2026czelib
Language and Intercultural Communication,1470-8477,1747-759X,2026-04-20,NA,tf2026czelib
Language Assessment Quarterly,1543-4303,1543-4311,2026-04-20,NA,tf2026czelib
Language Awareness,0965-8416,1747-7565,2026-04-20,NA,tf2026czelib
Language Learning and Development,1547-5441,1547-3341,2026-04-20,NA,tf2026czelib
Language Matters : Studies in the Languages of Africa,1022-8195,1753-5395,2026-04-20,NA,tf2026czelib
"Language, Cognition and Neuroscience",2327-3798,2327-3801,2026-04-20,NA,tf2026czelib
"Language, Culture and Curriculum",0790-8318,1747-7573,2026-04-20,NA,tf2026czelib
"Laterality : Asymmetries of Brain, Behaviour, and Cognition",1357-650X,1464-0678,2026-04-20,NA,tf2026czelib
Latin American and Caribbean Ethnic Studies,1744-2222,1744-2230,2026-04-20,NA,tf2026czelib
Latin American Business Review,1097-8526,1528-6932,2026-04-20,NA,tf2026czelib
Law & Literature,1535-685X,1541-2601,2026-04-20,NA,tf2026czelib
Law and Financial Markets Review,1752-1440,1752-1459,2026-04-20,NA,tf2026czelib
Law and Humanities,1752-1483,1752-1491,2026-04-20,NA,tf2026czelib
"Law, Innovation and Technology",1757-9961,1757-997X,2026-04-20,NA,tf2026czelib
Leadership and Policy in Schools,1570-0763,1744-5043,2026-04-20,NA,tf2026czelib
"Learning, Media and Technology",1743-9884,1743-9892,2026-04-20,NA,tf2026czelib
Learning: Research and Practice,2373-5082,2373-5090,2026-04-20,NA,tf2026czelib
Legal Ethics,1460-728X,1757-8450,2026-04-20,NA,tf2026czelib
Legal Pluralism and Critical Social Analysis,2770-6869,2770-6877,2026-04-20,NA,tf2026czelib
Leisure Sciences : An Interdisciplinary Journal,0149-0400,1521-0588,2026-04-20,NA,tf2026czelib
Leisure Studies,0261-4367,1466-4496,2026-04-20,NA,tf2026czelib
Leisure/Loisir,1492-7713,2151-2221,2026-04-20,NA,tf2026czelib
Leukemia & Lymphoma,1042-8194,1029-2403,2026-04-20,NA,tf2026czelib
LEUKOS : The Journal of the Illuminating Engineering Society,1550-2724,1550-2716,2026-04-20,NA,tf2026czelib
Levant : The Journal of the Council for British Research in the Levant,0075-8914,1756-3801,2026-04-20,NA,tf2026czelib
LGBTQ+ Family: An Interdisciplinary Journal,2770-3371,2770-338X,2026-04-20,NA,tf2026czelib
Life Writing,1448-4528,1751-2964,2026-04-20,NA,tf2026czelib
Linear and Multilinear Algebra,0308-1087,1563-5139,2026-04-20,NA,tf2026czelib
Liquid Crystals,0267-8292,1366-5855,2026-04-20,NA,tf2026czelib
Lit: Literature Interpretation Theory,1043-6928,1545-5866,2026-04-20,NA,tf2026czelib
Literacy Research and Instruction,1938-8071,1938-8063,2026-04-20,NA,tf2026czelib
Lithic Technology,0197-7261,2051-6185,2026-04-20,NA,tf2026czelib
Liturgy,0458-063X,1557-3001,2026-04-20,NA,tf2026czelib
Local Development & Society,2688-3597,2688-3600,2026-04-20,NA,tf2026czelib
Local Environment : The International Journal of Justice and Sustainability,1354-9839,1469-6711,2026-04-20,NA,tf2026czelib
Local Government Studies,0300-3930,1743-9388,2026-04-20,NA,tf2026czelib
Logistique & Management,1250-7970,2377-9640,2026-04-20,NA,tf2026czelib
Logopedics Phoniatrics Vocology,1401-5439,1651-2022,2026-04-20,NA,tf2026czelib
Loisir et SociÃ©tÃ© / Society and Leisure,0705-3436,1705-0154,2026-04-20,NA,tf2026czelib
"Luxury : History, Culture, Consumption",2051-1817,2051-1825,2026-04-20,NA,tf2026czelib
MAA Convergence,NA,2998-4793,2026-04-20,NA,tf2026czelib
Machining Science and Technology : An International Journal,1091-0344,1532-2483,2026-04-20,NA,tf2026czelib
Macroeconomics and Finance in Emerging Market Economies,1752-0843,1752-0851,2026-04-20,NA,tf2026czelib
Management & Organizational History,1744-9359,1744-9367,2026-04-20,NA,tf2026czelib
Managing Sport and Leisure,2375-0472,2375-0480,2026-04-20,NA,tf2026czelib
Marine and Freshwater Behaviour and Physiology,1023-6244,1029-0362,2026-04-20,NA,tf2026czelib
Marine Biology Research,1745-1000,1745-1019,2026-04-20,NA,tf2026czelib
Marine Geodesy,0149-0419,1521-060X,2026-04-20,NA,tf2026czelib
Marine Georesources & Geotechnology,1064-119X,1521-0618,2026-04-20,NA,tf2026czelib
Maritime Policy & Management : The flagship journal of international shipping and port research,0308-8839,1464-5254,2026-04-20,NA,tf2026czelib
Marketing Education Review,1052-8008,2153-9987,2026-04-20,NA,tf2026czelib
Marriage & Family Review,0149-4929,1540-9635,2026-04-20,NA,tf2026czelib
Mass Communication and Society,1520-5436,1532-7825,2026-04-20,NA,tf2026czelib
"Material Religion : The Journal of Objects, Art and Belief",1743-2200,1751-8342,2026-04-20,NA,tf2026czelib
Materials and Manufacturing Processes,1042-6914,1532-2475,2026-04-20,NA,tf2026czelib
Materials at High Temperatures,0960-3409,1878-6413,2026-04-20,NA,tf2026czelib
Materials Research Innovations,1432-8917,1433-075X,2026-04-20,NA,tf2026czelib
"Materials: Design, Synthesis and Processing",NA,3066-6600,2026-04-20,NA,tf2026czelib
Math Horizons,1072-4117,1947-6213,2026-04-20,NA,tf2026czelib
Mathematical Population Studies : An International Journal of Mathematical Demography,0889-8480,1547-724X,2026-04-20,NA,tf2026czelib
Mathematical Thinking and Learning,1098-6065,1532-7833,2026-04-20,NA,tf2026czelib
Mathematics Magazine,0025-570X,1930-0980,2026-04-20,NA,tf2026czelib
Measurement and Evaluation in Counseling and Development,0748-1756,1947-6302,2026-04-20,NA,tf2026czelib
Measurement in Physical Education and Exercise Science,1091-367X,1532-7841,2026-04-20,NA,tf2026czelib
Measurement: Interdisciplinary Research and Perspectives,1536-6367,1536-6359,2026-04-20,NA,tf2026czelib
Mechanics Based Design of Structures and Machines : An International Journal,1539-7734,1539-7742,2026-04-20,NA,tf2026czelib
Mechanics of Advanced Materials and Structures,1537-6494,1537-6532,2026-04-20,NA,tf2026czelib
Media Asia,0129-6612,2377-6277,2026-04-20,NA,tf2026czelib
Media History,1368-8804,1469-9729,2026-04-20,NA,tf2026czelib
Media Practice and Education,2574-1136,2574-1144,2026-04-20,NA,tf2026czelib
Media Psychology,1521-3269,1532-785X,2026-04-20,NA,tf2026czelib
Medical Anthropology : Cross-Cultural Studies in Health and Illness,0145-9740,1545-5882,2026-04-20,NA,tf2026czelib
Medical Reference Services Quarterly,0276-3869,1540-9597,2026-04-20,NA,tf2026czelib
Medical Teacher,0142-159X,1466-187X,2026-04-20,NA,tf2026czelib
"Medicine, Conflict and Survival",1362-3699,1743-9396,2026-04-20,NA,tf2026czelib
Medieval Archaeology,0076-6097,1745-817X,2026-04-20,NA,tf2026czelib
Medieval Mystical Theology,2046-5726,2046-5734,2026-04-20,NA,tf2026czelib
Medieval Sermon Studies,1366-0691,1749-6276,2026-04-20,NA,tf2026czelib
Mediterranean Historical Review,0951-8967,1743-940X,2026-04-20,NA,tf2026czelib
Mediterranean Politics,1362-9395,1743-9418,2026-04-20,NA,tf2026czelib
Memory,0965-8211,1464-0686,2026-04-20,NA,tf2026czelib
"Mental Health, Religion & Culture",1367-4676,1469-9737,2026-04-20,NA,tf2026czelib
Mentoring & Tutoring: Partnership in Learning,1361-1267,1469-9745,2026-04-20,NA,tf2026czelib
Metaphor and Symbol,1092-6488,1532-7868,2026-04-20,NA,tf2026czelib
Middle East Critique,1943-6149,1943-6157,2026-04-20,NA,tf2026czelib
Middle East Development Journal,1793-8120,1793-8171,2026-04-20,NA,tf2026czelib
Middle Eastern Literatures,1475-262X,1475-2638,2026-04-20,NA,tf2026czelib
Middle Eastern Studies,0026-3206,1743-7881,2026-04-20,NA,tf2026czelib
Middle School Journal,0094-0771,2327-6223,2026-04-20,NA,tf2026czelib
Midland History,0047-729X,1756-381X,2026-04-20,NA,tf2026czelib
Military Psychology,0899-5605,1532-7876,2026-04-20,NA,tf2026czelib
"Mind, Culture, and Activity",1074-9039,1532-7884,2026-04-20,NA,tf2026czelib
Mineral Processing and Extractive Metallurgy Review : An International Journal,0882-7508,1547-7401,2026-04-20,NA,tf2026czelib
Ming Studies,0147-037X,1759-7595,2026-04-20,NA,tf2026czelib
Minimally Invasive Therapy & Allied Technologies,1364-5706,1365-2931,2026-04-20,NA,tf2026czelib
"Mitochondrial DNA Part A : DNA Mapping, Sequencing, and Analysis",2470-1394,2470-1408,2026-04-20,NA,tf2026czelib
Mobilities,1745-0101,1745-011X,2026-04-20,NA,tf2026czelib
Modern & Contemporary France,0963-9489,1469-9869,2026-04-20,NA,tf2026czelib
Molecular and Cellular Biology,NA,1098-5549,2026-04-20,NA,tf2026czelib
Molecular Crystals and Liquid Crystals,1542-1406,1563-5287,2026-04-20,NA,tf2026czelib
Molecular Physics : An International Journal at the Interface Between Chemistry and Physics,0026-8976,1362-3028,2026-04-20,NA,tf2026czelib
Molecular Simulation,0892-7022,1029-0435,2026-04-20,NA,tf2026czelib
Molluscan Research,1323-5818,1448-6067,2026-04-20,NA,tf2026czelib
Monumenta Serica : Journal of Oriental Studies,0254-9948,2057-1690,2026-04-20,NA,tf2026czelib
Mortality : Promoting the interdisciplinary study of death and dying,1357-6275,1469-9885,2026-04-20,NA,tf2026czelib
Multicultural Education Review,2005-615X,2377-0031,2026-04-20,NA,tf2026czelib
Multicultural Perspectives,1521-0960,1532-7892,2026-04-20,NA,tf2026czelib
Multivariate Behavioral Research,0027-3171,1532-7906,2026-04-20,NA,tf2026czelib
Museum History Journal,1936-9816,1936-9824,2026-04-20,NA,tf2026czelib
Museum International,1350-0775,1468-0033,2026-04-20,NA,tf2026czelib
Museum Management and Curatorship,0964-7775,1872-9185,2026-04-20,NA,tf2026czelib
Museums & Social Issues : A Journal of Reflective Discourse,1559-6893,2051-6193,2026-04-20,NA,tf2026czelib
Music Education Research,1461-3808,1469-9893,2026-04-20,NA,tf2026czelib
Music Reference Services Quarterly,1058-8167,1540-9503,2026-04-20,NA,tf2026czelib
Musicology Australia,0814-5857,1949-453X,2026-04-20,NA,tf2026czelib
Muziki : Journal of Music Research in Africa,1812-5980,1753-593X,2026-04-20,NA,tf2026czelib
Mycologia,0027-5514,1557-2536,2026-04-20,NA,tf2026czelib
NABE Journal of Research and Practice,2639-0043,2639-0035,2026-04-20,NA,tf2026czelib
NACLA Report on the Americas,1071-4839,2471-2620,2026-04-20,NA,tf2026czelib
Nano Views,NA,3065-2669,2026-04-20,NA,tf2026czelib
Nanoscale and Microscale Thermophysical Engineering,1556-7265,1556-7273,2026-04-20,NA,tf2026czelib
Nanotoxicology,1743-5390,1743-5404,2026-04-20,NA,tf2026czelib
National Identities,1460-8944,1469-9907,2026-04-20,NA,tf2026czelib
Nationalism and Ethnic Politics,1353-7113,1557-2986,2026-04-20,NA,tf2026czelib
Natural Product Research : Formerly Natural Product Letters,1478-6419,1478-6427,2026-04-20,NA,tf2026czelib
Ñawpa pacha : Journal of the Institute of Andean Studies,0077-6297,2051-6207,2026-04-20,NA,tf2026czelib
Network: Computation in Neural Systems,0954-898X,1361-6536,2026-04-20,NA,tf2026czelib
Neuro-Ophthalmology,0165-8107,1744-506X,2026-04-20,NA,tf2026czelib
"Neurocase : Behavior, Cognition and Neuroscience",1355-4794,1465-3656,2026-04-20,NA,tf2026czelib
"Neurological Research : A Journal of Progress in Neurosurgery, Neurology and Neurosciences",0161-6412,1743-1328,2026-04-20,NA,tf2026czelib
Neuropsychoanalysis : An Interdisciplinary Journal for Psychoanalysis and the Neurosciences,1529-4145,2044-3978,2026-04-20,NA,tf2026czelib
Neuropsychological Rehabilitation : An International Journal,0960-2011,1464-0694,2026-04-20,NA,tf2026czelib
Neutron News,1044-8632,1931-7352,2026-04-20,NA,tf2026czelib
New Political Economy,1356-3467,1469-9923,2026-04-20,NA,tf2026czelib
New Review of Academic Librarianship,1361-4533,1740-7834,2026-04-20,NA,tf2026czelib
New Review of Film and Television Studies,1740-0309,1740-7923,2026-04-20,NA,tf2026czelib
New Review of Hypermedia and Multimedia,1361-4568,1740-7842,2026-04-20,NA,tf2026czelib
New Review of Information Networking,1361-4576,1740-7869,2026-04-20,NA,tf2026czelib
New Writing : The International Journal for the Practice and Theory of Creative Writing,1479-0726,1943-3107,2026-04-20,NA,tf2026czelib
New Zealand Economic Papers,0077-9954,1943-4863,2026-04-20,NA,tf2026czelib
New Zealand Entomologist,0077-9962,1179-3430,2026-04-20,NA,tf2026czelib
New Zealand Veterinary Journal : Te Hautaka TÄkuta Kararehe o Aotearoa,0048-0169,1176-0710,2026-04-20,NA,tf2026czelib
Nineteenth-Century Contexts : An Interdisciplinary Journal,0890-5495,1477-2663,2026-04-20,NA,tf2026czelib
Nondestructive Testing and Evaluation,1058-9759,1477-2671,2026-04-20,NA,tf2026czelib
NORA - Nordic Journal of Feminist and Gender Research,0803-8740,1502-394X,2026-04-20,NA,tf2026czelib
Nordic Journal of Human Rights,1891-8131,1891-814X,2026-04-20,NA,tf2026czelib
Nordic Journal of Music Therapy,0809-8131,1944-8260,2026-04-20,NA,tf2026czelib
Nordic Journal of Psychiatry,0803-9488,1502-4725,2026-04-20,NA,tf2026czelib
NORMA : International Journal for Masculinity Studies,1890-2138,1890-2146,2026-04-20,NA,tf2026czelib
Norsk Geografisk Tidsskrift - Norwegian Journal of Geography,0029-1951,1502-5292,2026-04-20,NA,tf2026czelib
North American Actuarial Journal,1092-0277,2325-0453,2026-04-20,NA,tf2026czelib
Northern History,0078-172X,1745-8706,2026-04-20,NA,tf2026czelib
Norwegian Archaeological Review,0029-3652,1502-7678,2026-04-20,NA,tf2026czelib
Nuclear Physics News,1061-9127,1931-7336,2026-04-20,NA,tf2026czelib
Nuclear Science and Engineering,0029-5639,1943-748X,2026-04-20,NA,tf2026czelib
Nuclear Technology,0029-5450,1943-7471,2026-04-20,NA,tf2026czelib
"Nucleosides, Nucleotides & Nucleic Acids",1525-7770,1532-2335,2026-04-20,NA,tf2026czelib
Numerical Functional Analysis and Optimization,0163-0563,1532-2467,2026-04-20,NA,tf2026czelib
"Numerical Heat Transfer, Part A: Applications : An International Journal of Computation and Methodology",1040-7782,1521-0634,2026-04-20,NA,tf2026czelib
"Numerical Heat Transfer, Part B: Fundamentals : An International Journal of Computation and Methodology",1040-7790,1521-0626,2026-04-20,NA,tf2026czelib
Nutrition and Cancer,0163-5581,1532-7914,2026-04-20,NA,tf2026czelib
"Nutritional Neuroscience : An International Journal on Nutrition, Diet and Nervous System",1028-415X,1476-8305,2026-04-20,NA,tf2026czelib
Occupational Therapy In Health Care,0738-0577,1541-3098,2026-04-20,NA,tf2026czelib
Occupational Therapy in Mental Health,0164-212X,1541-3101,2026-04-20,NA,tf2026czelib
Ocean Development & International Law,0090-8320,1521-0642,2026-04-20,NA,tf2026czelib
Ocular Immunology and Inflammation,0927-3948,1744-5078,2026-04-20,NA,tf2026czelib
"Open Learning: The Journal of Open, Distance and e-Learning",0268-0513,1469-9958,2026-04-20,NA,tf2026czelib
Ophthalmic Epidemiology,0928-6586,1744-5086,2026-04-20,NA,tf2026czelib
Ophthalmic Genetics,1381-6810,1744-5094,2026-04-20,NA,tf2026czelib
Optimization : A Journal of Mathematical Programming and Operations Research,0233-1934,1029-4945,2026-04-20,NA,tf2026czelib
Optimization Methods and Software,1055-6788,1029-4937,2026-04-20,NA,tf2026czelib
"Orbit : The International Journal on Orbital Disorders, Oculoplastic and Lacrimal Surgery",0167-6830,1744-5108,2026-04-20,NA,tf2026czelib
Organic Preparations and Procedures International : The New Journal for Organic Synthesis,0030-4948,1945-5453,2026-04-20,NA,tf2026czelib
Oriental Insects,0030-5316,2157-8745,2026-04-20,NA,tf2026czelib
Ostrich : Journal of African Ornithology,0030-6525,1727-947X,2026-04-20,NA,tf2026czelib
Oxford Development Studies,1360-0818,1469-9966,2026-04-20,NA,tf2026czelib
Oxford German Studies,0078-7191,1745-9214,2026-04-20,NA,tf2026czelib
Oxford Review of Education,0305-4985,1465-3915,2026-04-20,NA,tf2026czelib
Oxford University Commonwealth Law Journal,1472-9342,1757-8469,2026-04-20,NA,tf2026czelib
Ozone: Science & Engineering : The Journal of the International Ozone Association,0191-9512,1547-6545,2026-04-20,NA,tf2026czelib
Pacific Affairs : An International Review of Asia and the Pacific,0030-851X,1715-3379,2026-04-20,NA,tf2026czelib
Paedagogica Historica : International Journal of the History of Education,0030-9230,1477-674X,2026-04-20,NA,tf2026czelib
Paediatrics and International Child Health,2046-9047,2046-9055,2026-04-20,NA,tf2026czelib
PaleoAmerica : A journal of early human migration and dispersal,2055-5563,2055-5571,2026-04-20,NA,tf2026czelib
Palestine Exploration Quarterly,0031-0328,1743-1301,2026-04-20,NA,tf2026czelib
Palynology,0191-6122,1558-9188,2026-04-20,NA,tf2026czelib
Papers in Applied Geography,2375-4931,2375-494X,2026-04-20,NA,tf2026czelib
Parallax,1353-4645,1460-700X,2026-04-20,NA,tf2026czelib
Parenting : Science and Practice,1529-5192,1532-7922,2026-04-20,NA,tf2026czelib
"Parliaments, Estates and Representation",0260-6755,1947-248X,2026-04-20,NA,tf2026czelib
Particulate Science and Technology : An International Journal,0272-6351,1548-0046,2026-04-20,NA,tf2026czelib
"Pastoral Care in Education : An International Journal of Personal, Social and Emotional Development",0264-3944,1468-0122,2026-04-20,NA,tf2026czelib
Pathogens and Global Health,2047-7724,2047-7732,2026-04-20,NA,tf2026czelib
Patterns of Prejudice,0031-322X,1461-7331,2026-04-20,NA,tf2026czelib
Peabody Journal of Education,0161-956X,1532-7930,2026-04-20,NA,tf2026czelib
Peace Review : A Journal of Social Justice,1040-2659,1469-9982,2026-04-20,NA,tf2026czelib
Peacebuilding,2164-7259,2164-7267,2026-04-20,NA,tf2026czelib
Pedagogies: An International Journal,1554-480X,1554-4818,2026-04-20,NA,tf2026czelib
"Pedagogy, Culture & Society",1468-1366,1747-5104,2026-04-20,NA,tf2026czelib
Pediatric Hematology and Oncology,0888-0018,1521-0669,2026-04-20,NA,tf2026czelib
Peking University Law Journal,2051-7483,2052-5907,2026-04-20,NA,tf2026czelib
Performance Research : A Journal of the Performing Arts,1352-8165,1469-9990,2026-04-20,NA,tf2026czelib
Person-Centered & Experiential Psychotherapies,1477-9757,1752-9182,2026-04-20,NA,tf2026czelib
Perspectives : Studies in Translation Theory and Practice,0907-676X,1747-6623,2026-04-20,NA,tf2026czelib
Perspectives on Political Science,1045-7097,1930-5478,2026-04-20,NA,tf2026czelib
Perspectives: Policy and Practice in Higher Education,1360-3108,1460-7018,2026-04-20,NA,tf2026czelib
Petroleum Science and Technology,1091-6466,1532-2459,2026-04-20,NA,tf2026czelib
Pharmaceutical Development and Technology,1083-7450,1097-9867,2026-04-20,NA,tf2026czelib
Phase Transitions : A Multinational Journal,0141-1594,1029-0338,2026-04-20,NA,tf2026czelib
Philosophical Explorations : An International Journal for the Philosophy of Mind and Action,1386-9795,1741-5918,2026-04-20,NA,tf2026czelib
Philosophical Magazine,1478-6435,1478-6443,2026-04-20,NA,tf2026czelib
Philosophical Papers,0556-8641,1996-8523,2026-04-20,NA,tf2026czelib
Philosophical Psychology,0951-5089,1465-394X,2026-04-20,NA,tf2026czelib
Philosophy of Translation,2998-4750,2998-4742,2026-04-20,NA,tf2026czelib
"Phosphorus, Sulfur, and Silicon and the Related Elements",1042-6507,1563-5325,2026-04-20,NA,tf2026czelib
photographies,1754-0763,1754-0771,2026-04-20,NA,tf2026czelib
Photography and Culture,1751-4517,1751-4525,2026-04-20,NA,tf2026czelib
Phycologia,0031-8884,2330-2968,2026-04-20,NA,tf2026czelib
Physical & Occupational Therapy In Geriatrics,0270-3181,1541-3152,2026-04-20,NA,tf2026czelib
Physical & Occupational Therapy In Pediatrics,0194-2638,1541-3144,2026-04-20,NA,tf2026czelib
Physical Education and Sport Pedagogy,1740-8989,1742-5786,2026-04-20,NA,tf2026czelib
Physical Geography,0272-3646,1930-0557,2026-04-20,NA,tf2026czelib
Physical Therapy Reviews,1083-3196,1743-288X,2026-04-20,NA,tf2026czelib
Physics and Chemistry of Liquids : An International Journal,0031-9104,1029-0451,2026-04-20,NA,tf2026czelib
Physiotherapy Theory and Practice : An International Journal of Physical Therapy,0959-3985,1532-5040,2026-04-20,NA,tf2026czelib
Plains Anthropologist,0032-0447,2052-546X,2026-04-20,NA,tf2026czelib
Planning Perspectives,0266-5433,1466-4518,2026-04-20,NA,tf2026czelib
Planning Practice & Research,0269-7459,1360-0583,2026-04-20,NA,tf2026czelib
Planning Theory & Practice,1464-9357,1470-000X,2026-04-20,NA,tf2026czelib
Plant Biosystems - An International Journal Dealing with all Aspects of Plant Biology : Official Journal of the Societa Botanica Italiana,1126-3504,1724-5575,2026-04-20,NA,tf2026czelib
Plant Ecology & Diversity,1755-0874,1755-1668,2026-04-20,NA,tf2026czelib
Polar Geography,1088-937X,1939-0513,2026-04-20,NA,tf2026czelib
Police Practice and Research : An International Journal,1561-4263,1477-271X,2026-04-20,NA,tf2026czelib
Policing and Society : An International Journal of Research and Policy,1043-9463,1477-2728,2026-04-20,NA,tf2026czelib
Policy Reviews in Higher Education,2332-2969,2332-2950,2026-04-20,NA,tf2026czelib
Policy Studies,0144-2872,1470-1006,2026-04-20,NA,tf2026czelib
Political Communication,1058-4609,1091-7675,2026-04-20,NA,tf2026czelib
Political Science,0032-3187,2041-0611,2026-04-20,NA,tf2026czelib
Political Theology,1462-317X,1743-1719,2026-04-20,NA,tf2026czelib
"Politics, Groups, and Identities",2156-5503,2156-5511,2026-04-20,NA,tf2026czelib
"Politics, Religion & Ideology",2156-7689,2156-7697,2026-04-20,NA,tf2026czelib
Politikon : South African Journal of Political Studies,0258-9346,1470-1014,2026-04-20,NA,tf2026czelib
Polycyclic Aromatic Compounds,1040-6638,1563-5333,2026-04-20,NA,tf2026czelib
Polymer Reviews,1558-3724,1558-3716,2026-04-20,NA,tf2026czelib
Polymer-Plastics Technology and Materials,2574-0881,2574-089X,2026-04-20,NA,tf2026czelib
Popular Communication : The International Journal of Media and Culture,1540-5702,1540-5710,2026-04-20,NA,tf2026czelib
Popular Music and Society,0300-7766,1740-1712,2026-04-20,NA,tf2026czelib
Population Studies : A Journal of Demography,0032-4728,1477-4747,2026-04-20,NA,tf2026czelib
Porn Studies,2326-8743,2326-8751,2026-04-20,NA,tf2026czelib
Post Reproductive Health,2053-3691,2053-3705,2026-04-20,NA,tf2026czelib
Post-Communist Economies,1463-1377,1465-3958,2026-04-20,NA,tf2026czelib
Post-Medieval Archaeology,0079-4236,1745-8137,2026-04-20,NA,tf2026czelib
Post-Soviet Affairs,1060-586X,1938-2855,2026-04-20,NA,tf2026czelib
Postcolonial Studies,1368-8790,1466-1888,2026-04-20,NA,tf2026czelib
Postgraduate Medicine,0032-5481,1941-9260,2026-04-20,NA,tf2026czelib
Practical Theology,1756-073X,1756-0748,2026-04-20,NA,tf2026czelib
PRACTICE : Contemporary Issues in Practitioner Education,2578-3858,2578-3866,2026-04-20,NA,tf2026czelib
Practice : Social Work in Action,0950-3153,1742-4909,2026-04-20,NA,tf2026czelib
Practicing Anthropology,0888-4552,2994-1628,2026-04-20,NA,tf2026czelib
Prehospital Emergency Care,1090-3127,1545-0066,2026-04-20,NA,tf2026czelib
Preparative Biochemistry & Biotechnology,1082-6068,1532-2297,2026-04-20,NA,tf2026czelib
Preventing School Failure: Alternative Education for Children and Youth,1045-988X,1940-4387,2026-04-20,NA,tf2026czelib
"PRIMUS : Problems, Resources, and Issues in Mathematics Undergraduate Studies",1051-1970,1935-4053,2026-04-20,NA,tf2026czelib
Problems of Post-Communism,1075-8216,1557-783X,2026-04-20,NA,tf2026czelib
Production Planning & Control : The Management of Operations,0953-7287,1366-5871,2026-04-20,NA,tf2026czelib
Professional Development in Education,1941-5257,1941-5265,2026-04-20,NA,tf2026czelib
Progress in Palliative Care : Science and the Art of Caring,0969-9260,1743-291X,2026-04-20,NA,tf2026czelib
"Prose Studies : History, Theory, Criticism",0144-0357,1743-9426,2026-04-20,NA,tf2026czelib
Psychiatry : Interpersonal and Biological Processes,0033-2747,1943-281X,2026-04-20,NA,tf2026czelib
"Psychiatry, Psychology and Law",1321-8719,1934-1687,2026-04-20,NA,tf2026czelib
"Psychoanalysis, Self and Context",2472-0038,2472-0046,2026-04-20,NA,tf2026czelib
Psychoanalytic Dialogues : The International Journal of Relational Perspectives,1048-1885,1940-9222,2026-04-20,NA,tf2026czelib
Psychoanalytic Inquiry : A Topical Journal for Mental Health Professionals,0735-1690,1940-9133,2026-04-20,NA,tf2026czelib
Psychoanalytic Perspectives,1551-806X,2163-6958,2026-04-20,NA,tf2026czelib
Psychoanalytic Psychotherapy,0266-8734,1474-9734,2026-04-20,NA,tf2026czelib
Psychoanalytic Social Work,1522-8878,1522-9033,2026-04-20,NA,tf2026czelib
"Psychodynamic Practice : Individuals, Groups and Organisations",1475-3634,1475-3626,2026-04-20,NA,tf2026czelib
Psychological Inquiry : An International Journal for the Advancement of Psychological Theory,1047-840X,1532-7965,2026-04-20,NA,tf2026czelib
Psychological Perspectives : A Quarterly Journal of Jungian Thought,0033-2925,1556-3030,2026-04-20,NA,tf2026czelib
Psychology & Health,0887-0446,1476-8321,2026-04-20,NA,tf2026czelib
Psychology & Sexuality,1941-9899,1941-9902,2026-04-20,NA,tf2026czelib
"Psychology, Crime & Law",1068-316X,1477-2744,2026-04-20,NA,tf2026czelib
"Psychology, Health & Medicine",1354-8506,1465-3966,2026-04-20,NA,tf2026czelib
"Psychosis : Psychological, Social and Integrative Approaches",1752-2439,1752-2447,2026-04-20,NA,tf2026czelib
Psychotherapy Research,1050-3307,1468-4381,2026-04-20,NA,tf2026czelib
Public Archaeology,1465-5187,1753-5530,2026-04-20,NA,tf2026czelib
Public Art Dialogue,2150-2552,2150-2560,2026-04-20,NA,tf2026czelib
Public Integrity,1099-9922,1558-0989,2026-04-20,NA,tf2026czelib
Public Library Quarterly,0161-6846,1541-1540,2026-04-20,NA,tf2026czelib
Public Management Review,1471-9037,1471-9045,2026-04-20,NA,tf2026czelib
Public Money & Management,0954-0962,1467-9302,2026-04-20,NA,tf2026czelib
Public Performance & Management Review,1530-9576,1557-9271,2026-04-20,NA,tf2026czelib
Public Services Quarterly,1522-8959,1522-9114,2026-04-20,NA,tf2026czelib
Publications of the English Goethe Society,0959-3683,1749-6284,2026-04-20,NA,tf2026czelib
Quaestiones Mathematicae,1607-3606,1727-933X,2026-04-20,NA,tf2026czelib
Qualitative Research in Psychology,1478-0887,1478-0895,2026-04-20,NA,tf2026czelib
"Qualitative Research in Sport, Exercise and Health",2159-676X,2159-6778,2026-04-20,NA,tf2026czelib
Qualitative Research Reports in Communication,1745-9435,1745-9443,2026-04-20,NA,tf2026czelib
Quality Engineering,0898-2112,1532-4222,2026-04-20,NA,tf2026czelib
Quality in Higher Education,1353-8322,1470-1081,2026-04-20,NA,tf2026czelib
Quality Management Journal,1068-6967,2575-6222,2026-04-20,NA,tf2026czelib
Quality Technology & Quantitative Management,NA,1684-3703,2026-04-20,NA,tf2026czelib
Quantitative Finance,1469-7688,1469-7696,2026-04-20,NA,tf2026czelib
Quantitative InfraRed Thermography Journal,1768-6733,2116-7176,2026-04-20,NA,tf2026czelib
Quarterly Journal of Speech,0033-5630,1479-5779,2026-04-20,NA,tf2026czelib
Quarterly Review of Film and Video,1050-9208,1543-5326,2026-04-20,NA,tf2026czelib
Quest,0033-6297,1543-2750,2026-04-20,NA,tf2026czelib
Race Ethnicity and Education,1361-3324,1470-109X,2026-04-20,NA,tf2026czelib
Radiation Effects and Defects in Solids : Incorporating Plasma Science and Plasma Technology,1042-0150,1029-4953,2026-04-20,NA,tf2026czelib
Reading & Writing Quarterly : Overcoming Learning Difficulties,1057-3569,1521-0693,2026-04-20,NA,tf2026czelib
Reading Psychology,0270-2711,1521-0685,2026-04-20,NA,tf2026czelib
Reflective Practice : International and Multidisciplinary Perspectives,1462-3943,1470-1103,2026-04-20,NA,tf2026czelib
Reformation,1357-4175,1752-0738,2026-04-20,NA,tf2026czelib
Reformation & Renaissance Review,1462-2459,1743-1727,2026-04-20,NA,tf2026czelib
Regional & Federal Studies,1359-7566,1743-9434,2026-04-20,NA,tf2026czelib
Regional Studies,0034-3404,1360-0591,2026-04-20,NA,tf2026czelib
Religion,0048-721X,1096-1151,2026-04-20,NA,tf2026czelib
Religion & Education,1550-7394,1949-8381,2026-04-20,NA,tf2026czelib
"Religion, Brain & Behavior",2153-599X,2153-5981,2026-04-20,NA,tf2026czelib
"Religion, State and Society",0963-7494,1465-3974,2026-04-20,NA,tf2026czelib
Religious Education : The official journal of the Religious Education Association,0034-4087,1547-3201,2026-04-20,NA,tf2026czelib
Remote Sensing Letters,2150-704X,2150-7058,2026-04-20,NA,tf2026czelib
Representation : Journal of Representative Democracy,0034-4893,1749-4001,2026-04-20,NA,tf2026czelib
Research and Practice in Intellectual and Developmental Disabilities,2329-7018,2329-7026,2026-04-20,NA,tf2026czelib
Research in Dance Education,1464-7893,1470-1111,2026-04-20,NA,tf2026czelib
Research in Drama Education: The Journal of Applied Theatre and Performance,1356-9783,1470-112X,2026-04-20,NA,tf2026czelib
Research in Human Development,1542-7609,1542-7617,2026-04-20,NA,tf2026czelib
Research in Materials Science,NA,3065-4327,2026-04-20,NA,tf2026czelib
Research in Mathematics Education,1479-4802,1754-0178,2026-04-20,NA,tf2026czelib
Research in Nondestructive Evaluation,0934-9847,1432-2110,2026-04-20,NA,tf2026czelib
Research in Post-Compulsory Education,1359-6748,1747-5112,2026-04-20,NA,tf2026czelib
Research in Science & Technological Education,0263-5143,1470-1138,2026-04-20,NA,tf2026czelib
Research in Sports Medicine : An International Journal,1543-8627,1543-8635,2026-04-20,NA,tf2026czelib
Research on Language and Social Interaction,0835-1813,1532-7973,2026-04-20,NA,tf2026czelib
Research Papers in Education,0267-1522,1470-1146,2026-04-20,NA,tf2026czelib
Research Quarterly for Exercise and Sport,0270-1367,2168-3824,2026-04-20,NA,tf2026czelib
Research Synthesis in Applied Linguistics,2998-4475,2998-4483,2026-04-20,NA,tf2026czelib
Research-Technology Management,0895-6308,1930-0166,2026-04-20,NA,tf2026czelib
Residential Treatment For Children & Youth,0886-571X,1541-0358,2026-04-20,NA,tf2026czelib
Rethinking History : The Journal of Theory and Practice,1364-2529,1470-1154,2026-04-20,NA,tf2026czelib
"Rethinking Marxism : A Journal of Economics, Culture & Society",0893-5696,1475-8059,2026-04-20,NA,tf2026czelib
Review of Communication,NA,1535-8593,2026-04-20,NA,tf2026czelib
"Review of Education, Pedagogy, and Cultural Studies",1071-4413,1556-3022,2026-04-20,NA,tf2026czelib
Review of International Political Economy,0969-2290,1466-4526,2026-04-20,NA,tf2026czelib
Review of Political Economy,0953-8259,1465-3982,2026-04-20,NA,tf2026czelib
Review of Social Economy,0034-6764,1470-1162,2026-04-20,NA,tf2026czelib
Review: Literature and Arts of the Americas,0890-5762,1743-0666,2026-04-20,NA,tf2026czelib
Reviews in Anthropology,0093-8157,1556-3014,2026-04-20,NA,tf2026czelib
Reviews in Fisheries Science & Aquaculture,2330-8249,2330-8257,2026-04-20,NA,tf2026czelib
Revolutionary Russia,0954-6545,1743-7873,2026-04-20,NA,tf2026czelib
Rhetoric Review,0735-0198,1532-7981,2026-04-20,NA,tf2026czelib
Rhetoric Society Quarterly,0277-3945,1930-322X,2026-04-20,NA,tf2026czelib
Ringing & Migration,0307-8698,2159-8355,2026-04-20,NA,tf2026czelib
RMLE Online : Research in Middle Level Education,NA,1940-4476,2026-04-20,NA,tf2026czelib
Road Materials and Pavement Design,1468-0629,2164-7402,2026-04-20,NA,tf2026czelib
Rock Music Studies,1940-1159,1940-1167,2026-04-20,NA,tf2026czelib
Roeper Review,0278-3193,1940-865X,2026-04-20,NA,tf2026czelib
Romance Quarterly,0883-1157,1940-3216,2026-04-20,NA,tf2026czelib
Romance Studies,0263-9904,1745-8153,2026-04-20,NA,tf2026czelib
Rural Society,1037-1656,2204-0536,2026-04-20,NA,tf2026czelib
"Rural Theology : International, Ecumenical and Interdisciplinary Perspectives",1470-4994,2042-1273,2026-04-20,NA,tf2026czelib
Safety and Reliability,0961-7353,2469-4126,2026-04-20,NA,tf2026czelib
Safundi,1753-3171,1543-1304,2026-04-20,NA,tf2026czelib
SAR and QSAR in Environmental Research,1062-936X,1029-046X,2026-04-20,NA,tf2026czelib
Scandinavian Actuarial Journal,0346-1238,1651-2030,2026-04-20,NA,tf2026czelib
Scandinavian Economic History Review,0358-5522,1750-2837,2026-04-20,NA,tf2026czelib
Scandinavian Journal of Clinical and Laboratory Investigation,0036-5513,1502-7686,2026-04-20,NA,tf2026czelib
Scandinavian Journal of Educational Research,0031-3831,1470-1170,2026-04-20,NA,tf2026czelib
Scandinavian Journal of Forest Research,0282-7581,1651-1891,2026-04-20,NA,tf2026czelib
Scandinavian Journal of Gastroenterology,0036-5521,1502-7708,2026-04-20,NA,tf2026czelib
Scandinavian Journal of History,0346-8755,1502-7716,2026-04-20,NA,tf2026czelib
Scandinavian Journal of Hospitality and Tourism,1502-2250,1502-2269,2026-04-20,NA,tf2026czelib
Scandinavian Journal of Rheumatology,0300-9742,1502-7732,2026-04-20,NA,tf2026czelib
Scandinavian Journal of the Old Testament : An International Journal of Nordic Theology,0901-8328,1502-7244,2026-04-20,NA,tf2026czelib
Scando-Slavica,0080-6765,1600-082X,2026-04-20,NA,tf2026czelib
Scatterplot : The MAA Journal of Data Science,NA,2993-2955,2026-04-20,NA,tf2026czelib
SCHOLE: A Journal of Leisure Studies and Recreation Education,1937-156X,2162-4097,2026-04-20,NA,tf2026czelib
"School Effectiveness and School Improvement : An International Journal of Research, Policy and Practice",0924-3453,1744-5124,2026-04-20,NA,tf2026czelib
School Leadership & Management : Formerly School Organisation,1363-2434,1364-2626,2026-04-20,NA,tf2026czelib
School Psychology Review,NA,2372-966X,2026-04-20,NA,tf2026czelib
Science & Technology Libraries,0194-262X,1541-1109,2026-04-20,NA,tf2026czelib
Science Activities : Projects and Curriculum Ideas in STEM Classrooms,0036-8121,1940-1302,2026-04-20,NA,tf2026czelib
Science and Children,0036-8148,1943-4812,2026-04-20,NA,tf2026czelib
Science and Medicine in Football,2473-3938,2473-4446,2026-04-20,NA,tf2026czelib
Science and Technology for the Built Environment,2374-4731,2374-474X,2026-04-20,NA,tf2026czelib
Science as Culture,0950-5431,1470-1189,2026-04-20,NA,tf2026czelib
Science Scope,0887-2376,1943-4901,2026-04-20,NA,tf2026czelib
Scientific Studies of Reading,1088-8438,1532-799X,2026-04-20,NA,tf2026czelib
Scottish Geographical Journal,1470-2541,1751-665X,2026-04-20,NA,tf2026czelib
Scrutiny2 : Issues in English Studies in Southern Africa,1812-5441,1753-5409,2026-04-20,NA,tf2026czelib
Security Studies,0963-6412,1556-1852,2026-04-20,NA,tf2026czelib
Self and Identity,1529-8868,1529-8876,2026-04-20,NA,tf2026czelib
Seminars in Ophthalmology,0882-0538,1744-5205,2026-04-20,NA,tf2026czelib
Separation & Purification Reviews,1542-2119,1542-2127,2026-04-20,NA,tf2026czelib
Separation Science and Technology,0149-6395,1520-5754,2026-04-20,NA,tf2026czelib
Sequential Analysis : Design Methods and Applications,0747-4946,1532-4176,2026-04-20,NA,tf2026czelib
Serials Review,0098-7913,1879-095X,2026-04-20,NA,tf2026czelib
Services Marketing Quarterly,1533-2969,1533-2977,2026-04-20,NA,tf2026czelib
Settler Colonial Studies,2201-473X,1838-0743,2026-04-20,NA,tf2026czelib
"Sex Education : Sexuality, Society and Learning",1468-1811,1472-0825,2026-04-20,NA,tf2026czelib
Sexual and Gender Diversity in Social Services,2993-3021,2993-303X,2026-04-20,NA,tf2026czelib
Sexual and Relationship Therapy,1468-1994,1468-1749,2026-04-20,NA,tf2026czelib
Sexual Health & Compulsivity,2692-9953,2692-9996,2026-04-20,NA,tf2026czelib
Shakespeare,1745-0918,1745-0926,2026-04-20,NA,tf2026czelib
Ship Technology Research : Schiffstechnik,0937-7255,2056-7111,2026-04-20,NA,tf2026czelib
Ships and Offshore Structures,1744-5302,1754-212X,2026-04-20,NA,tf2026czelib
"Sikh Formations : Religion, Culture, Theory",1744-8727,1744-8735,2026-04-20,NA,tf2026czelib
Slavery & Abolition : A Journal of Slave and Post-Slave Studies,0144-039X,1743-9523,2026-04-20,NA,tf2026czelib
Slavic & East European Information Resources,1522-8886,1522-9041,2026-04-20,NA,tf2026czelib
Slavonica,1361-7427,1745-8145,2026-04-20,NA,tf2026czelib
Small Enterprise Research,1321-5906,1175-0979,2026-04-20,NA,tf2026czelib
Small Wars & Insurgencies,0959-2318,1743-9558,2026-04-20,NA,tf2026czelib
Smart Materials & Methods,NA,2996-3176,2026-04-20,NA,tf2026czelib
Smart Science,NA,2308-0477,2026-04-20,NA,tf2026czelib
Soccer & Society,1466-0970,1743-9590,2026-04-20,NA,tf2026czelib
Social & Cultural Geography,1464-9365,1470-1197,2026-04-20,NA,tf2026czelib
Social and Environmental Accountability Journal,0969-160X,2156-2245,2026-04-20,NA,tf2026czelib
Social Dynamics : A journal of African studies,0253-3952,1940-7874,2026-04-20,NA,tf2026czelib
"Social Epistemology : A Journal of Knowledge, Culture and Policy",0269-1728,1464-5297,2026-04-20,NA,tf2026czelib
Social History,0307-1022,1470-1200,2026-04-20,NA,tf2026czelib
"Social Identities : Journal for the Study of Race, Nation and Culture",1350-4630,1363-0296,2026-04-20,NA,tf2026czelib
Social Movement Studies,1474-2837,1474-2829,2026-04-20,NA,tf2026czelib
Social Neuroscience,1747-0919,1747-0927,2026-04-20,NA,tf2026czelib
Social Sciences in China,0252-9203,1940-5952,2026-04-20,NA,tf2026czelib
Social Semiotics,1035-0330,1470-1219,2026-04-20,NA,tf2026czelib
Social Work Education : The International Journal,0261-5479,1470-1227,2026-04-20,NA,tf2026czelib
Social Work in Health Care,0098-1389,1541-034X,2026-04-20,NA,tf2026czelib
Social Work in Mental Health,1533-2985,1533-2993,2026-04-20,NA,tf2026czelib
Social Work in Public Health,1937-1918,1937-190X,2026-04-20,NA,tf2026czelib
Social Work With Groups,0160-9513,1540-9481,2026-04-20,NA,tf2026czelib
Socialism and Democracy,0885-4300,1745-2635,2026-04-20,NA,tf2026czelib
Society & Natural Resources : An International Journal,0894-1920,1521-0723,2026-04-20,NA,tf2026czelib
Sociological Focus,0038-0237,2162-1128,2026-04-20,NA,tf2026czelib
Sociological Spectrum : Mid-South Sociological Association,0273-2173,1521-0707,2026-04-20,NA,tf2026czelib
Soft Materials,1539-445X,1539-4468,2026-04-20,NA,tf2026czelib
Soil and Sediment Contamination: An International Journal,1532-0383,1549-7887,2026-04-20,NA,tf2026czelib
Soil Science and Plant Nutrition,0038-0768,1747-0765,2026-04-20,NA,tf2026czelib
Solvent Extraction and Ion Exchange,0736-6299,1532-2262,2026-04-20,NA,tf2026czelib
Somatosensory & Motor Research,0899-0220,1369-1651,2026-04-20,NA,tf2026czelib
"Souls : A Critical Journal of Black Politics, Culture, and Society",1099-9949,1548-3843,2026-04-20,NA,tf2026czelib
Sound Studies : An Interdisciplinary Journal,2055-1940,2055-1959,2026-04-20,NA,tf2026czelib
South African Geographical Journal,0373-6245,2151-2418,2026-04-20,NA,tf2026czelib
South African Historical Journal,0258-2473,1726-1686,2026-04-20,NA,tf2026czelib
South African Journal of Accounting Research,1029-1954,2376-3981,2026-04-20,NA,tf2026czelib
South African Journal of African Languages,0257-2117,2305-1159,2026-04-20,NA,tf2026czelib
South African Journal of International Affairs,1022-0461,1938-0275,2026-04-20,NA,tf2026czelib
South African Journal of Philosophy,0258-0136,2073-4867,2026-04-20,NA,tf2026czelib
South African Journal of Plant and Soil,0257-1862,2167-034X,2026-04-20,NA,tf2026czelib
South African Journal on Human Rights,0258-7203,1996-2126,2026-04-20,NA,tf2026czelib
South African Review of Sociology,2152-8586,2072-1978,2026-04-20,NA,tf2026czelib
South African Theatre Journal,1013-7548,2163-7660,2026-04-20,NA,tf2026czelib
South Asia: Journal of South Asian Studies,0085-6401,1479-0270,2026-04-20,NA,tf2026czelib
South Asian Diaspora,1943-8192,1943-8184,2026-04-20,NA,tf2026czelib
South Asian History and Culture,1947-2498,1947-2501,2026-04-20,NA,tf2026czelib
South Asian Popular Culture,1474-6689,1474-6697,2026-04-20,NA,tf2026czelib
South Asian Review,0275-9527,2573-9476,2026-04-20,NA,tf2026czelib
South Asian Studies,0266-6030,2153-2699,2026-04-20,NA,tf2026czelib
South East Asia Research,0967-828X,2043-6874,2026-04-20,NA,tf2026czelib
South European Society and Politics,1360-8746,1743-9612,2026-04-20,NA,tf2026czelib
Southeast European and Black Sea Studies,1468-3857,1743-9639,2026-04-20,NA,tf2026czelib
Southeastern Archaeology,0734-578X,2168-4723,2026-04-20,NA,tf2026czelib
Southern African Linguistics and Applied Language Studies,1607-3614,1727-9461,2026-04-20,NA,tf2026czelib
Southern Communication Journal,1041-794X,1930-3203,2026-04-20,NA,tf2026czelib
Southern Forests: a Journal of Forest Science,2070-2620,2070-2639,2026-04-20,NA,tf2026czelib
Space and Polity,1356-2576,1470-1235,2026-04-20,NA,tf2026czelib
Spanish Journal of Finance and Accounting / Revista EspaÃ±ola de FinanciaciÃ³n y Contabilidad,0210-2412,2332-0753,2026-04-20,NA,tf2026czelib
Spatial Cognition & Computation : An Interdisciplinary Journal,1387-5868,1542-7633,2026-04-20,NA,tf2026czelib
Spatial Economic Analysis,1742-1772,1742-1780,2026-04-20,NA,tf2026czelib
Spectroscopy Letters : An International Journal for Rapid Communication,0038-7010,1532-2289,2026-04-20,NA,tf2026czelib
"Speech, Language and Hearing",2050-571X,2050-5728,2026-04-20,NA,tf2026czelib
Sport in History,1746-0263,1746-0271,2026-04-20,NA,tf2026czelib
"Sport in Society : Cultures, Commerce, Media, Politics",1743-0437,1743-0445,2026-04-20,NA,tf2026czelib
Sport Management Review,1441-3523,1839-2083,2026-04-20,NA,tf2026czelib
"Sport, Education and Society",1357-3322,1470-1243,2026-04-20,NA,tf2026czelib
"Sport, Ethics and Philosophy",1751-1321,1751-133X,2026-04-20,NA,tf2026czelib
Sports Biomechanics,1476-3141,1752-6116,2026-04-20,NA,tf2026czelib
Sports Coaching Review,2164-0629,2164-0637,2026-04-20,NA,tf2026czelib
"Stanislavski Studies : Practice, Legacy, and Contemporary Theater",2056-7790,2054-4170,2026-04-20,NA,tf2026czelib
Statistics : A Journal of Theoretical and Applied Statistics,0233-1888,1029-4910,2026-04-20,NA,tf2026czelib
Statistics in Biopharmaceutical Research,NA,1946-6315,2026-04-20,NA,tf2026czelib
Stochastic Analysis and Applications,0736-2994,1532-9356,2026-04-20,NA,tf2026czelib
Stochastic Models,1532-6349,1532-4214,2026-04-20,NA,tf2026czelib
Stochastics : An International Journal of Probability and Stochastic Processes,1744-2508,1744-2516,2026-04-20,NA,tf2026czelib
Strabismus,0927-3972,1744-5132,2026-04-20,NA,tf2026czelib
Strategic Analysis,0970-0161,1754-0054,2026-04-20,NA,tf2026czelib
Strategies : A Journal for Physical and Sport Educators,0892-4562,2168-3778,2026-04-20,NA,tf2026czelib
Structural Engineering International,1016-8664,1683-0350,2026-04-20,NA,tf2026czelib
Structural Equation Modeling: A Multidisciplinary Journal,1070-5511,1532-8007,2026-04-20,NA,tf2026czelib
"Structure and Infrastructure Engineering : Maintenance, Management, Life-Cycle Design and Performance",1573-2479,1744-8980,2026-04-20,NA,tf2026czelib
Studia Neophilologica,0039-3274,1651-2308,2026-04-20,NA,tf2026czelib
Studia Theologica - Nordic Journal of Theology,0039-338X,1502-7791,2026-04-20,NA,tf2026czelib
Studies in Art Education : A Journal of Issues and Research,0039-3541,2325-8039,2026-04-20,NA,tf2026czelib
Studies in Australasian Cinema,1750-3175,1750-3183,2026-04-20,NA,tf2026czelib
Studies in Chinese Religions,2372-9988,2372-9996,2026-04-20,NA,tf2026czelib
"Studies in Clinical Social Work: Transforming Practice, Education and Research",2837-6811,2837-682X,2026-04-20,NA,tf2026czelib
Studies in Conflict & Terrorism,1057-610X,1521-0731,2026-04-20,NA,tf2026czelib
Studies in Conservation,0039-3630,2047-0584,2026-04-20,NA,tf2026czelib
Studies in Continuing Education,0158-037X,1470-126X,2026-04-20,NA,tf2026czelib
Studies in Documentary Film,1750-3280,1750-3299,2026-04-20,NA,tf2026czelib
Studies in Economics and Econometrics,0379-6205,2693-5198,2026-04-20,NA,tf2026czelib
Studies in European Cinema,1741-1548,2040-0594,2026-04-20,NA,tf2026czelib
Studies in Gender and Sexuality,1524-0657,1940-9206,2026-04-20,NA,tf2026czelib
Studies in Higher Education,0307-5079,1470-174X,2026-04-20,NA,tf2026czelib
Studies in Political Economy / Recherches en Ã©conomie politique : A Socialist Review,0707-8552,1918-7033,2026-04-20,NA,tf2026czelib
Studies in Russian and Soviet Cinema,1750-3132,1750-3140,2026-04-20,NA,tf2026czelib
Studies in Science Education,0305-7267,1940-8412,2026-04-20,NA,tf2026czelib
Studies in the Education of Adults,0266-0830,1478-9833,2026-04-20,NA,tf2026czelib
Studies in the History of Gardens & Designed Landscapes : An International Quarterly,1460-1176,1943-2186,2026-04-20,NA,tf2026czelib
Studies in Theatre and Performance,1468-2761,2040-0616,2026-04-20,NA,tf2026czelib
Studies in Travel Writing,1364-5145,1755-7550,2026-04-20,NA,tf2026czelib
Studies on Neotropical Fauna and Environment,0165-0521,1744-5140,2026-04-20,NA,tf2026czelib
Studying Teacher Education : A journal of self-study of teacher education practices,1742-5964,1742-5972,2026-04-20,NA,tf2026czelib
Substance Use & Misuse,1082-6084,1532-2491,2026-04-20,NA,tf2026czelib
Supply Chain Forum: An International Journal,1625-8312,1624-6039,2026-04-20,NA,tf2026czelib
Supramolecular Chemistry,1061-0278,1029-0478,2026-04-20,NA,tf2026czelib
Survey Review,0039-6265,1752-2706,2026-04-20,NA,tf2026czelib
Sustainable & Green Materials,2996-5292,2996-4369,2026-04-20,NA,tf2026czelib
Sustainable and Resilient Infrastructure,2378-9689,2378-9697,2026-04-20,NA,tf2026czelib
Symbolae Osloenses : Norwegian Journal of Greek and Latin Studies,0039-7679,1502-7805,2026-04-20,NA,tf2026czelib
Symposium: A Quarterly Journal in Modern Literatures,0039-7709,1931-0676,2026-04-20,NA,tf2026czelib
Synchrotron Radiation News,0894-0886,1931-7344,2026-04-20,NA,tf2026czelib
Synthetic Communications : An International Journal for Rapid Communication of Synthetic Organic Chemistry,0039-7911,1532-2432,2026-04-20,NA,tf2026czelib
Systematics and Biodiversity,1477-2000,1478-0933,2026-04-20,NA,tf2026czelib
Systems Biology in Reproductive Medicine,1939-6368,1939-6376,2026-04-20,NA,tf2026czelib
Teacher Development : An international journal of teachers' professional development,1366-4530,1747-5120,2026-04-20,NA,tf2026czelib
Teachers and Teaching : theory and practice,1354-0602,1470-1278,2026-04-20,NA,tf2026czelib
Teaching and Learning in Medicine : An International Journal,1040-1334,1532-8015,2026-04-20,NA,tf2026czelib
Teaching Artist Journal,1541-1796,1541-180X,2026-04-20,NA,tf2026czelib
Teaching Education,1047-6210,1470-1286,2026-04-20,NA,tf2026czelib
Teaching in Higher Education : Critical Perspectives,1356-2517,1470-1294,2026-04-20,NA,tf2026czelib
Technical Communication Quarterly,1057-2252,1542-7625,2026-04-20,NA,tf2026czelib
Technology Analysis & Strategic Management,0953-7325,1465-3990,2026-04-20,NA,tf2026czelib
"Technology, Pedagogy and Education",1475-939X,1747-5139,2026-04-20,NA,tf2026czelib
Technology|Architecture + Design,2475-1448,2475-143X,2026-04-20,NA,tf2026czelib
Technometrics,0040-1706,1537-2723,2026-04-20,NA,tf2026czelib
Tel Aviv : Journal of the Institute of Archaeology of Tel Aviv University,0334-4355,2040-4786,2026-04-20,NA,tf2026czelib
Temperature,2332-8940,2332-8959,2026-04-20,NA,tf2026czelib
Terrae Incognitae : The Journal of the Society for the History of Discoveries,0082-2884,2040-8706,2026-04-20,NA,tf2026czelib
"Territory, Politics, Governance",2162-2671,2162-268X,2026-04-20,NA,tf2026czelib
Terrorism and Political Violence,0954-6553,1556-1836,2026-04-20,NA,tf2026czelib
Text and Performance Quarterly,1046-2937,1479-5760,2026-04-20,NA,tf2026czelib
TEXTILE : Cloth and Culture,1475-9756,1751-8350,2026-04-20,NA,tf2026czelib
Textile History,0040-4969,1743-2952,2026-04-20,NA,tf2026czelib
Textual Practice,0950-236X,1470-1308,2026-04-20,NA,tf2026czelib
The AAG Review of Books,NA,2325-548X,2026-04-20,NA,tf2026czelib
The American Journal of Bioethics,1526-5161,1536-0075,2026-04-20,NA,tf2026czelib
The American Journal of Drug and Alcohol Abuse : Encompassing All Addictive Disorders,0095-2990,1097-9891,2026-04-20,NA,tf2026czelib
The American Journal of Family Therapy,0192-6187,1521-0383,2026-04-20,NA,tf2026czelib
The American Mathematical Monthly,0002-9890,1930-0972,2026-04-20,NA,tf2026czelib
The American Statistician,0003-1305,1537-2731,2026-04-20,NA,tf2026czelib
The Art Bulletin,0004-3079,1559-6478,2026-04-20,NA,tf2026czelib
The Asia Pacific Journal of Anthropology,1444-2213,1740-9314,2026-04-20,NA,tf2026czelib
The Black Scholar : Journal of Black Studies and Research,0006-4246,2162-5387,2026-04-20,NA,tf2026czelib
The Cartographic Journal : The World of Mapping,0008-7041,1743-2774,2026-04-20,NA,tf2026czelib
The Chinese Economy,1097-1475,1558-0954,2026-04-20,NA,tf2026czelib
The Chinese Historical Review,1547-402X,2048-7827,2026-04-20,NA,tf2026czelib
"The Clearing House: A Journal of Educational Strategies, Issues and Ideas",0009-8655,1939-912X,2026-04-20,NA,tf2026czelib
The Clinical Neuropsychologist,1385-4046,1744-4144,2026-04-20,NA,tf2026czelib
The Clinical Supervisor,0732-5223,1545-231X,2026-04-20,NA,tf2026czelib
The College Mathematics Journal,0746-8342,1931-1346,2026-04-20,NA,tf2026czelib
The Communication Review,1071-4421,1547-7487,2026-04-20,NA,tf2026czelib
The Court Historian,1462-9712,2056-3450,2026-04-20,NA,tf2026czelib
The Design Journal : An International Journal for All Aspects of Design,1460-6925,1756-3062,2026-04-20,NA,tf2026czelib
The Educational Forum,0013-1725,1938-8098,2026-04-20,NA,tf2026czelib
The Engineering Economist : A Journal Devoted to the Problems of Capital Investment,0013-791X,1547-2701,2026-04-20,NA,tf2026czelib
The European Journal of Contraception & Reproductive Health Care,1362-5187,1473-0782,2026-04-20,NA,tf2026czelib
The European Journal of Finance,1351-847X,1466-4364,2026-04-20,NA,tf2026czelib
The European Journal of the History of Economic Thought,0967-2567,1469-5936,2026-04-20,NA,tf2026czelib
The European Legacy : Toward New Paradigms,1084-8770,1470-1316,2026-04-20,NA,tf2026czelib
The Explicator,0014-4940,1939-926X,2026-04-20,NA,tf2026czelib
The Fibonacci Quarterly,0015-0517,2641-340X,2026-04-20,NA,tf2026czelib
The Geography Teacher,1933-8341,1752-6884,2026-04-20,NA,tf2026czelib
"The Germanic Review: Literature, Culture, Theory",0016-8890,1930-6962,2026-04-20,NA,tf2026czelib
The Global Sixties : An Interdisciplinary Journal,2770-8888,2770-890X,2026-04-20,NA,tf2026czelib
The Historian,0018-2370,1540-6563,2026-04-20,NA,tf2026czelib
The Historic Environment: Policy & Practice,1756-7505,1756-7513,2026-04-20,NA,tf2026czelib
The History of the Family,1081-602X,1873-5398,2026-04-20,NA,tf2026czelib
The Imaging Science Journal,1368-2199,1743-131X,2026-04-20,NA,tf2026czelib
The Information Society : An International Journal,0197-2243,1087-6537,2026-04-20,NA,tf2026czelib
The International History Review,0707-5332,1949-6540,2026-04-20,NA,tf2026czelib
The International Information & Library Review,1057-2317,1095-9297,2026-04-20,NA,tf2026czelib
The International Journal for the History of Engineering & Technology,1758-1206,1758-1214,2026-04-20,NA,tf2026czelib
The International Journal for the Psychology of Religion,1050-8619,1532-7582,2026-04-20,NA,tf2026czelib
The International Journal of Aerospace Psychology,2472-1840,2472-1832,2026-04-20,NA,tf2026czelib
The International Journal of Human Resource Management,0958-5192,1466-4399,2026-04-20,NA,tf2026czelib
The International Journal of Human Rights,1364-2987,1744-053X,2026-04-20,NA,tf2026czelib
The International Journal of Psychoanalysis,0020-7578,1745-8315,2026-04-20,NA,tf2026czelib
The International Journal of the History of Sport,0952-3367,1743-9035,2026-04-20,NA,tf2026czelib
"The International Review of Retail, Distribution and Consumer Research",0959-3969,1466-4402,2026-04-20,NA,tf2026czelib
The International Spectator : Italian Journal of International Affairs,0393-2729,1751-9721,2026-04-20,NA,tf2026czelib
The International Trade Journal,0885-3908,1521-0545,2026-04-20,NA,tf2026czelib
The Interpreter and Translator Trainer,1750-399X,1757-0417,2026-04-20,NA,tf2026czelib
The Italianist,0261-4340,1748-619X,2026-04-20,NA,tf2026czelib
The Japanese Political Economy,2329-194X,2329-1958,2026-04-20,NA,tf2026czelib
The Journal for Specialists in Group Work,0193-3922,1549-6295,2026-04-20,NA,tf2026czelib
The Journal of Adhesion,0021-8464,1545-5823,2026-04-20,NA,tf2026czelib
The Journal of Agricultural Education and Extension : Competence for Rural Innovation and Transformation,1389-224X,1750-8622,2026-04-20,NA,tf2026czelib
The Journal of Architecture,1360-2365,1466-4410,2026-04-20,NA,tf2026czelib
"The Journal of Arts Management, Law, and Society",1063-2921,1930-7799,2026-04-20,NA,tf2026czelib
The Journal of Continuing Higher Education,0737-7363,1948-4801,2026-04-20,NA,tf2026czelib
The Journal of Development Studies,0022-0388,1743-9140,2026-04-20,NA,tf2026czelib
The Journal of Economic Education,0022-0485,2152-4068,2026-04-20,NA,tf2026czelib
The Journal of Educational Research,0022-0671,1940-0675,2026-04-20,NA,tf2026czelib
The Journal of Environmental Education,0095-8964,1940-1892,2026-04-20,NA,tf2026czelib
The Journal of Experimental Education,0022-0973,1940-0683,2026-04-20,NA,tf2026czelib
The Journal of Forensic Psychiatry & Psychology,1478-9949,1478-9957,2026-04-20,NA,tf2026czelib
The Journal of General Psychology,0022-1309,1940-0888,2026-04-20,NA,tf2026czelib
The Journal of Genetic Psychology : Research and Theory on Human Development,0022-1325,1940-0896,2026-04-20,NA,tf2026czelib
The Journal of Higher Education,0022-1546,1538-4640,2026-04-20,NA,tf2026czelib
The Journal of Holocaust Research,2578-5648,2578-5656,2026-04-20,NA,tf2026czelib
The Journal of Horticultural Science and Biotechnology,1462-0316,2380-4084,2026-04-20,NA,tf2026czelib
The Journal of Imperial and Commonwealth History,0308-6534,1743-9329,2026-04-20,NA,tf2026czelib
The Journal of International Trade & Economic Development : An International and Comparative Review,0963-8199,1469-9559,2026-04-20,NA,tf2026czelib
The Journal of Legal History,0144-0365,1744-0564,2026-04-20,NA,tf2026czelib
The Journal of Legislative Studies,1357-2334,1743-9337,2026-04-20,NA,tf2026czelib
The Journal of LGBTQ+ Mental Health,3067-8935,3067-8943,2026-04-20,NA,tf2026czelib
The Journal of Mathematical Sociology,0022-250X,1545-5874,2026-04-20,NA,tf2026czelib
The Journal of Modern Craft,1749-6772,1749-6780,2026-04-20,NA,tf2026czelib
The Journal of North African Studies,1362-9387,1743-9345,2026-04-20,NA,tf2026czelib
The Journal of Pacific History,0022-3344,1469-9605,2026-04-20,NA,tf2026czelib
The Journal of Peasant Studies,0306-6150,1743-9361,2026-04-20,NA,tf2026czelib
The Journal of Positive Psychology : Dedicated to furthering research and promoting good practice,1743-9760,1743-9779,2026-04-20,NA,tf2026czelib
The Journal of Psychology : Interdisciplinary and Applied,0022-3980,1940-1019,2026-04-20,NA,tf2026czelib
The Journal of Sex Research,0022-4499,1559-8519,2026-04-20,NA,tf2026czelib
The Journal of Slavic Military Studies,1351-8046,1556-3006,2026-04-20,NA,tf2026czelib
The Journal of Social Psychology,0022-4545,1940-1183,2026-04-20,NA,tf2026czelib
The Journal of Spinal Cord Medicine,1079-0268,2045-7723,2026-04-20,NA,tf2026czelib
The Journal of the Middle East and Africa,2152-0844,2152-0852,2026-04-20,NA,tf2026czelib
The Journal of The Textile Institute,0040-5000,1754-2340,2026-04-20,NA,tf2026czelib
The Keats-Shelley Review,0952-4142,2042-1362,2026-04-20,NA,tf2026czelib
The Language Learning Journal,0957-1736,1753-2167,2026-04-20,NA,tf2026czelib
The Law Teacher,0306-9400,1943-0353,2026-04-20,NA,tf2026czelib
The London Journal : A Review of Metropolitan Society Past and Present,0305-8034,1749-6322,2026-04-20,NA,tf2026czelib
The Mariner's Mirror,0025-3359,2049-680X,2026-04-20,NA,tf2026czelib
The Mathematical Gazette,0025-5572,2056-6328,2026-04-20,NA,tf2026czelib
The Neurodiagnostic Journal,2164-6821,2375-8627,2026-04-20,NA,tf2026czelib
The New Bioethics : A Multidisciplinary Journal of Biotechnology and the Body,2050-2877,2050-2885,2026-04-20,NA,tf2026czelib
The New Educator,1547-688X,1549-9243,2026-04-20,NA,tf2026czelib
The Nonproliferation Review,1073-6700,1746-1766,2026-04-20,NA,tf2026czelib
The Oral History Review,0094-0798,1533-8592,2026-04-20,NA,tf2026czelib
The Pacific Review,0951-2748,1470-1332,2026-04-20,NA,tf2026czelib
The Physician and Sportsmedicine,0091-3847,2326-3660,2026-04-20,NA,tf2026czelib
The Polar Journal,2154-896X,2154-8978,2026-04-20,NA,tf2026czelib
The Professional Geographer,0033-0124,1467-9272,2026-04-20,NA,tf2026czelib
The Psychoanalytic Quarterly,0033-2828,2167-4086,2026-04-20,NA,tf2026czelib
The Psychoanalytic Study of the Child,0079-7308,2474-3356,2026-04-20,NA,tf2026czelib
The Reference Librarian,0276-3877,1541-1117,2026-04-20,NA,tf2026czelib
The Review of Faith & International Affairs,1557-0274,1931-7743,2026-04-20,NA,tf2026czelib
The Round Table : The Commonwealth Journal of International Affairs and Policy Studies,0035-8533,1474-029X,2026-04-20,NA,tf2026czelib
The RUSI Journal,0307-1847,1744-0378,2026-04-20,NA,tf2026czelib
The Scandinavian Psychoanalytic Review,0106-2301,1600-0803,2026-04-20,NA,tf2026czelib
The Senses and Society,1745-8927,1745-8935,2026-04-20,NA,tf2026czelib
The Serials Librarian : From the Printed Page to the Digital Age,0361-526X,1541-1095,2026-04-20,NA,tf2026czelib
The Service Industries Journal,0264-2069,1743-9507,2026-04-20,NA,tf2026czelib
The Seventeenth Century,0268-117X,2050-4616,2026-04-20,NA,tf2026czelib
The Social Science Journal,0362-3319,1873-5355,2026-04-20,NA,tf2026czelib
The Social Studies,0037-7996,2152-405X,2026-04-20,NA,tf2026czelib
The Sociological Quarterly,0038-0253,1533-8525,2026-04-20,NA,tf2026czelib
The Teacher Educator,0887-8730,1938-8101,2026-04-20,NA,tf2026czelib
The Theory and Practice of Legislation,2050-8840,2050-8859,2026-04-20,NA,tf2026czelib
The Translator,1355-6509,1757-0409,2026-04-20,NA,tf2026czelib
The Washington Quarterly,0163-660X,1530-9177,2026-04-20,NA,tf2026czelib
The Wilson Journal of Ornithology,1559-4491,1938-5447,2026-04-20,NA,tf2026czelib
The World Journal of Biological Psychiatry,1562-2975,1814-1412,2026-04-20,NA,tf2026czelib
Theatre and Performance Design,2332-2551,2332-2578,2026-04-20,NA,tf2026czelib
Theatre Research International,0307-8833,1474-0672,2026-04-20,NA,tf2026czelib
"Theatre, Dance and Performance Training",1944-3927,1944-3919,2026-04-20,NA,tf2026czelib
Theology & Sexuality,1355-8358,1745-5170,2026-04-20,NA,tf2026czelib
Theology and Science,1474-6700,1474-6719,2026-04-20,NA,tf2026czelib
Theoretical Issues in Ergonomics Science,1463-922X,1464-536X,2026-04-20,NA,tf2026czelib
Theory & Research in Social Education,0093-3104,2163-1654,2026-04-20,NA,tf2026czelib
Theory Into Practice,0040-5841,1543-0421,2026-04-20,NA,tf2026czelib
Thinking & Reasoning,1354-6783,1464-0708,2026-04-20,NA,tf2026czelib
Third Text,0952-8822,1475-5297,2026-04-20,NA,tf2026czelib
Third World Quarterly,0143-6597,1360-2241,2026-04-20,NA,tf2026czelib
"Time and Mind : The Journal of Archaeology, Consciousness and Culture",1751-696X,1751-6978,2026-04-20,NA,tf2026czelib
Tissue Barriers,NA,2168-8370,2026-04-20,NA,tf2026czelib
Topics in Stroke Rehabilitation,1074-9357,1945-5119,2026-04-20,NA,tf2026czelib
Total Quality Management & Business Excellence,1478-3363,1478-3371,2026-04-20,NA,tf2026czelib
"Tourism Geographies : An International Journal of Tourism Space, Place and Environment",1461-6688,1470-1340,2026-04-20,NA,tf2026czelib
Tourism Planning & Development,2156-8316,2156-8324,2026-04-20,NA,tf2026czelib
Tourism Recreation Research,0250-8281,2320-0308,2026-04-20,NA,tf2026czelib
Toxicological & Environmental Chemistry,0277-2248,1029-0486,2026-04-20,NA,tf2026czelib
Toxicology Mechanisms and Methods,1537-6516,1537-6524,2026-04-20,NA,tf2026czelib
Toxin Reviews,1556-9543,1556-9551,2026-04-20,NA,tf2026czelib
Traffic Injury Prevention,1538-9588,1538-957X,2026-04-20,NA,tf2026czelib
Transactional Analysis Journal,0362-1537,2329-5244,2026-04-20,NA,tf2026czelib
Transactions of the IMF : The International Journal of Surface Engineering and Coatings,0020-2967,1745-9192,2026-04-20,NA,tf2026czelib
Transactions of the Royal Society of South Africa,0035-919X,2154-0098,2026-04-20,NA,tf2026czelib
Transactions of the Royal Society of South Australia,0372-1426,2204-0293,2026-04-20,NA,tf2026czelib
Transcription,2154-1264,2154-1272,2026-04-20,NA,tf2026czelib
Translation Review,0737-4836,2164-0564,2026-04-20,NA,tf2026czelib
Translation Studies,1478-1700,1751-2921,2026-04-20,NA,tf2026czelib
Transnational Legal Theory,2041-4005,2041-4013,2026-04-20,NA,tf2026czelib
Transnational Screens,2578-5273,2578-5265,2026-04-20,NA,tf2026czelib
Transport Reviews,0144-1647,1464-5327,2026-04-20,NA,tf2026czelib
Transportation Letters : The International Journal of Transportation Research,1942-7867,1942-7875,2026-04-20,NA,tf2026czelib
Transportation Planning and Technology,0308-1060,1029-0354,2026-04-20,NA,tf2026czelib
Transportmetrica A: Transport Science,2324-9935,2324-9943,2026-04-20,NA,tf2026czelib
Transportmetrica B: Transport Dynamics,2168-0566,2168-0582,2026-04-20,NA,tf2026czelib
Tribology Transactions,1040-2004,1547-397X,2026-04-20,NA,tf2026czelib
Turkish Studies,1468-3849,1743-9663,2026-04-20,NA,tf2026czelib
Ultrastructural Pathology,0191-3123,1521-0758,2026-04-20,NA,tf2026czelib
Urban Geography,0272-3638,1938-2847,2026-04-20,NA,tf2026czelib
Urban Policy and Research,0811-1146,1476-7244,2026-04-20,NA,tf2026czelib
Urban Research & Practice,1753-5069,1753-5077,2026-04-20,NA,tf2026czelib
Urban Resilience and Earthquake Engineering,NA,3065-6680,2026-04-20,NA,tf2026czelib
Urban Water Journal,1573-062X,1744-9006,2026-04-20,NA,tf2026czelib
Vehicle System Dynamics : International Journal of Vehicle Mechanics and Mobility,0042-3114,1744-5159,2026-04-20,NA,tf2026czelib
Venture Capital : An International Journal of Entrepreneurial Finance,1369-1066,1464-5343,2026-04-20,NA,tf2026czelib
Vernacular Architecture,0305-5477,1749-6292,2026-04-20,NA,tf2026czelib
"Victims & Offenders : An International Journal of Evidence-based Research, Policy, and Practice",1556-4886,1556-4991,2026-04-20,NA,tf2026czelib
Visitor Studies,1064-5578,1934-7715,2026-04-20,NA,tf2026czelib
Visual Anthropology,0894-9468,1545-5920,2026-04-20,NA,tf2026czelib
Visual Cognition,1350-6285,1464-0716,2026-04-20,NA,tf2026czelib
Visual Communication Quarterly,1555-1393,1555-1407,2026-04-20,NA,tf2026czelib
Visual Culture in Britain,1471-4787,1941-8361,2026-04-20,NA,tf2026czelib
Visual Resources : an international journal on images and their uses,0197-3762,1477-2809,2026-04-20,NA,tf2026czelib
Visual Studies,1472-586X,1472-5878,2026-04-20,NA,tf2026czelib
Voice and Speech Review,2326-8263,2326-8271,2026-04-20,NA,tf2026czelib
"Vulnerable Children and Youth Studies : An International Interdisciplinary Journal for Research, Policy and Care",1745-0128,1745-0136,2026-04-20,NA,tf2026czelib
War & Society,0729-2473,2042-4345,2026-04-20,NA,tf2026czelib
Wasafiri,0269-0055,1747-1508,2026-04-20,NA,tf2026czelib
Water International,0250-8060,1941-1707,2026-04-20,NA,tf2026czelib
Waves in Random and Complex Media,1745-5030,1745-5049,2026-04-20,NA,tf2026czelib
Weatherwise,0043-1672,1940-1310,2026-04-20,NA,tf2026czelib
Welding International,0950-7116,1754-2138,2026-04-20,NA,tf2026czelib
West European Politics,0140-2382,1743-9655,2026-04-20,NA,tf2026czelib
Western Journal of Communication,1057-0314,1745-1027,2026-04-20,NA,tf2026czelib
Whitehall Papers,0268-1307,1754-5382,2026-04-20,NA,tf2026czelib
Whiteness and Education,2379-3406,2379-3414,2026-04-20,NA,tf2026czelib
Women & Criminal Justice,0897-4454,1541-0323,2026-04-20,NA,tf2026czelib
Women & Health,0363-0242,1541-0331,2026-04-20,NA,tf2026czelib
Women & Performance: a journal of feminist theory,0740-770X,1748-5819,2026-04-20,NA,tf2026czelib
Women & Therapy,0270-3149,1541-0315,2026-04-20,NA,tf2026czelib
Women: a cultural review,0957-4042,1470-1367,2026-04-20,NA,tf2026czelib
Women's History Review,0961-2025,1747-583X,2026-04-20,NA,tf2026czelib
Women's Reproductive Health,2329-3691,2329-3713,2026-04-20,NA,tf2026czelib
Women's Studies : An inter-disciplinary journal,0049-7878,1547-7045,2026-04-20,NA,tf2026czelib
Women's Writing,0969-9082,1747-5848,2026-04-20,NA,tf2026czelib
Wood Material Science & Engineering,1748-0272,1748-0280,2026-04-20,NA,tf2026czelib
WORD,0043-7956,2373-5112,2026-04-20,NA,tf2026czelib
Word & Image : A Journal of Verbal/Visual Enquiry,0266-6286,1943-2178,2026-04-20,NA,tf2026czelib
"Work & Stress : An International Journal of Work, Health & Organisations",0267-8373,1464-5335,2026-04-20,NA,tf2026czelib
World Archaeology,0043-8243,1470-1375,2026-04-20,NA,tf2026czelib
World Art,2150-0894,2150-0908,2026-04-20,NA,tf2026czelib
World Futures : The Journal of New Paradigm Research,0260-4027,1556-1844,2026-04-20,NA,tf2026czelib
World Leisure Journal,1607-8055,2333-4509,2026-04-20,NA,tf2026czelib
World's Poultry Science Journal,0043-9339,1743-4777,2026-04-20,NA,tf2026czelib
Xenobiotica : the fate of foreign compounds in biological systems,0049-8254,1366-5928,2026-04-20,NA,tf2026czelib
Yorkshire Archaeological Journal : A Review of History and Archaeology in the County,0084-4276,2045-0664,2026-04-20,NA,tf2026czelib
Youth Theatre Journal,0892-9092,1948-4798,2026-04-20,NA,tf2026czelib
Zoology in the Middle East,0939-7140,2326-2680,2026-04-20,NA,tf2026czelib
Biographical Memoirs,NA,1748-8494,2026-04-20,NA,trs2026caul
Biology Letters,NA,1744-957X,2026-04-20,NA,trs2026caul
Interface Focus,NA,2042-8901,2026-04-20,NA,trs2026caul
Journal of the Royal Society Interface,NA,1742-5662,2026-04-20,NA,trs2026caul
Notes and Records,NA,1743-0178,2026-04-20,NA,trs2026caul
Open Biology,NA,2046-2441,2026-04-20,NA,trs2026caul
Philosophical Transactions of the Royal Society A,NA,1471-2962,2026-04-20,NA,trs2026caul
Philosophical Transactions of the Royal Society B,NA,1471-2970,2026-04-20,NA,trs2026caul
Proceedings of the Royal Society A,NA,1471-2946,2026-04-20,NA,trs2026caul
Proceedings of the Royal Society B,NA,1471-2954,2026-04-20,NA,trs2026caul
Royal Society Open Science,NA,2054-5703,2026-04-20,NA,trs2026caul
Biology Letters,NA,1744-957X,2026-04-20,NA,trs2026kaust
Interface Focus,NA,2042-8901,2026-04-20,NA,trs2026kaust
Journal of the Royal Society Interface,NA,1742-5662,2026-04-20,NA,trs2026kaust
Notes and Records,NA,1743-0178,2026-04-20,NA,trs2026kaust
Open Biology,NA,2046-2441,2026-04-20,NA,trs2026kaust
Philosophical Transactions of the Royal Society A,NA,1471-2962,2026-04-20,NA,trs2026kaust
Philosophical Transactions of the Royal Society B,NA,1471-2970,2026-04-20,NA,trs2026kaust
Proceedings of the Royal Society A,NA,1471-2946,2026-04-20,NA,trs2026kaust
Proceedings of the Royal Society B,NA,1471-2954,2026-04-20,NA,trs2026kaust
Royal Society Open Science,NA,2054-5703,2026-04-20,NA,trs2026kaust
Abacus,NA,1467-6281,2026-04-20,NA,wiley2026caul
Academic Emergency Medicine,NA,1553-2712,2026-04-20,NA,wiley2026caul
Accounting & Finance,NA,1467-629X,2026-04-20,NA,wiley2026caul
Accounting Perspectives,NA,1911-3838,2026-04-20,NA,wiley2026caul
Acta Anaesthesiologica Scandinavica,NA,1399-6576,2026-04-20,NA,wiley2026caul
Acta Crystallographica Section A: Foundations and Advances,NA,2053-2733,2026-04-20,NA,wiley2026caul
"Acta Crystallographica Section B: Structural Science, Crystal Engineering and Materials",NA,2052-5206,2026-04-20,NA,wiley2026caul
Acta Crystallographica Section C: Structural Chemistry,NA,2053-2296,2026-04-20,NA,wiley2026caul
Acta Crystallographica Section D: Structural Biology,NA,2059-7983,2026-04-20,NA,wiley2026caul
Acta Crystallographica Section F: Structural Biology Communications,NA,2053-230X,2026-04-20,NA,wiley2026caul
Acta Geologica Sinica (English Edition),NA,1755-6724,2026-04-20,NA,wiley2026caul
Acta Ophthalmologica,NA,1755-3768,2026-04-20,NA,wiley2026caul
Acta Paediatrica,NA,1651-2227,2026-04-20,NA,wiley2026caul
Acta Physiologica,NA,1748-1716,2026-04-20,NA,wiley2026caul
Acta Psychiatrica Scandinavica,NA,1600-0447,2026-04-20,NA,wiley2026caul
Acta Zoologica,NA,1463-6395,2026-04-20,NA,wiley2026caul
Addiction,NA,1360-0443,2026-04-20,NA,wiley2026caul
Advanced Biology,NA,2701-0198,2026-04-20,NA,wiley2026caul
Advanced Control for Applications: Engineering and Industrial Systems,NA,2578-0727,2026-04-20,NA,wiley2026caul
Advanced Energy Materials,NA,1614-6840,2026-04-20,NA,wiley2026caul
Advanced Engineering Materials,NA,1527-2648,2026-04-20,NA,wiley2026caul
Advanced Functional Materials,NA,1616-3028,2026-04-20,NA,wiley2026caul
Advanced Healthcare Materials,NA,2192-2659,2026-04-20,NA,wiley2026caul
Advanced Materials,NA,1521-4095,2026-04-20,NA,wiley2026caul
Advanced Materials Technologies,NA,2365-709X,2026-04-20,NA,wiley2026caul
Advanced Optical Materials,NA,2195-1071,2026-04-20,NA,wiley2026caul
Advanced Quantum Technologies,NA,2511-9044,2026-04-20,NA,wiley2026caul
Advanced Sustainable Systems,NA,2366-7486,2026-04-20,NA,wiley2026caul
Advanced Synthesis & Catalysis,NA,1615-4169,2026-04-20,NA,wiley2026caul
Advanced Theory and Simulations,NA,2513-0390,2026-04-20,NA,wiley2026caul
Advanced Therapeutics,NA,2366-3987,2026-04-20,NA,wiley2026caul
Advances in Digestive Medicine,NA,2351-9800,2026-04-20,NA,wiley2026caul
AEM Education and Training,NA,2472-5390,2026-04-20,NA,wiley2026caul
African Development Review,NA,1467-8268,2026-04-20,NA,wiley2026caul
African Journal of Ecology,NA,1365-2028,2026-04-20,NA,wiley2026caul
Aggressive Behavior,NA,1098-2337,2026-04-20,NA,wiley2026caul
Agribusiness,NA,1520-6297,2026-04-20,NA,wiley2026caul
Agricultural and Forest Entomology,NA,1461-9563,2026-04-20,NA,wiley2026caul
Agricultural Economics,NA,1574-0862,2026-04-20,NA,wiley2026caul
Agronomy Journal,NA,1435-0645,2026-04-20,NA,wiley2026caul
AIChE Journal,NA,1547-5905,2026-04-20,NA,wiley2026caul
"Alcohol, Clinical and Experimental Research",NA,2993-7175,2026-04-20,NA,wiley2026caul
Alimentary Pharmacology & Therapeutics,NA,1365-2036,2026-04-20,NA,wiley2026caul
Allergy,NA,1398-9995,2026-04-20,NA,wiley2026caul
American Anthropologist,NA,1548-1433,2026-04-20,NA,wiley2026caul
American Business Law Journal,NA,1744-1714,2026-04-20,NA,wiley2026caul
American Ethnologist,NA,1548-1425,2026-04-20,NA,wiley2026caul
American Journal of Agricultural Economics,NA,1467-8276,2026-04-20,NA,wiley2026caul
American Journal of Biological Anthropology,NA,2692-7691,2026-04-20,NA,wiley2026caul
American Journal of Botany,NA,1537-2197,2026-04-20,NA,wiley2026caul
American Journal of Community Psychology,NA,1573-2770,2026-04-20,NA,wiley2026caul
American Journal of Hematology,NA,1096-8652,2026-04-20,NA,wiley2026caul
American Journal of Human Biology,NA,1520-6300,2026-04-20,NA,wiley2026caul
American Journal of Industrial Medicine,NA,1097-0274,2026-04-20,NA,wiley2026caul
American Journal of Medical Genetics Part A,NA,1552-4833,2026-04-20,NA,wiley2026caul
American Journal of Medical Genetics Part B: Neuropsychiatric Genetics,NA,1552-485X,2026-04-20,NA,wiley2026caul
American Journal of Medical Genetics Part C: Seminars in Medical Genetics,NA,1552-4876,2026-04-20,NA,wiley2026caul
American Journal of Political Science,NA,1540-5907,2026-04-20,NA,wiley2026caul
American Journal of Primatology,NA,1098-2345,2026-04-20,NA,wiley2026caul
American Journal of Reproductive Immunology,NA,1600-0897,2026-04-20,NA,wiley2026caul
Anaesthesia,NA,1365-2044,2026-04-20,NA,wiley2026caul
Anaesthesia Reports,NA,2637-3726,2026-04-20,NA,wiley2026caul
Analyses of Social Issues and Public Policy,NA,1530-2415,2026-04-20,NA,wiley2026caul
Analysis & Sensing,NA,2629-2742,2026-04-20,NA,wiley2026caul
Analytic Philosophy,NA,2153-960X,2026-04-20,NA,wiley2026caul
"Anatomia, Histologia, Embryologia",NA,1439-0264,2026-04-20,NA,wiley2026caul
Anatomical Sciences Education,NA,1935-9780,2026-04-20,NA,wiley2026caul
Andrology,NA,2047-2927,2026-04-20,NA,wiley2026caul
Angewandte Chemie,NA,1521-3757,2026-04-20,NA,wiley2026caul
Angewandte Chemie International Edition,NA,1521-3773,2026-04-20,NA,wiley2026caul
Animal Conservation,NA,1469-1795,2026-04-20,NA,wiley2026caul
Animal Genetics,NA,1365-2052,2026-04-20,NA,wiley2026caul
Animal Science Journal,NA,1740-0929,2026-04-20,NA,wiley2026caul
Annalen der Physik,NA,1521-3889,2026-04-20,NA,wiley2026caul
Annals of Anthropological Practice,NA,2153-9588,2026-04-20,NA,wiley2026caul
Annals of Applied Biology,NA,1744-7348,2026-04-20,NA,wiley2026caul
Annals of Human Genetics,NA,1469-1809,2026-04-20,NA,wiley2026caul
Annals of Neurology,NA,1531-8249,2026-04-20,NA,wiley2026caul
Annals of Public and Cooperative Economics,NA,1467-8292,2026-04-20,NA,wiley2026caul
Annals of the New York Academy of Sciences,NA,1749-6632,2026-04-20,NA,wiley2026caul
Anthropology & Education Quarterly,NA,1548-1492,2026-04-20,NA,wiley2026caul
Anthropology and Humanism,NA,1548-1409,2026-04-20,NA,wiley2026caul
Anthropology of Consciousness,NA,1556-3537,2026-04-20,NA,wiley2026caul
Anthropology of Work Review,NA,1548-1417,2026-04-20,NA,wiley2026caul
Anthropology Today,NA,1467-8322,2026-04-20,NA,wiley2026caul
Antipode,NA,1467-8330,2026-04-20,NA,wiley2026caul
ANZ Journal of Surgery,NA,1445-2197,2026-04-20,NA,wiley2026caul
AORN Journal,NA,1878-0369,2026-04-20,NA,wiley2026caul
APMIS,NA,1600-0463,2026-04-20,NA,wiley2026caul
Applied Cognitive Psychology,NA,1099-0720,2026-04-20,NA,wiley2026caul
Applied Economic Perspectives and Policy,NA,2040-5804,2026-04-20,NA,wiley2026caul
Applied Organometallic Chemistry,NA,1099-0739,2026-04-20,NA,wiley2026caul
Applied Psychology,NA,1464-0597,2026-04-20,NA,wiley2026caul
Applied Psychology: Health and Well-Being,NA,1758-0854,2026-04-20,NA,wiley2026caul
Applied Research,NA,2702-4288,2026-04-20,NA,wiley2026caul
Applied Stochastic Models in Business and Industry,NA,1526-4025,2026-04-20,NA,wiley2026caul
Applied Vegetation Science,NA,1654-109X,2026-04-20,NA,wiley2026caul
Aquatic Conservation: Marine and Freshwater Ecosystems,NA,1099-0755,2026-04-20,NA,wiley2026caul
Arabian Archaeology and Epigraphy,NA,1600-0471,2026-04-20,NA,wiley2026caul
Archaeological Papers of the American Anthropological Association,NA,1551-8248,2026-04-20,NA,wiley2026caul
Archaeological Prospection,NA,1099-0763,2026-04-20,NA,wiley2026caul
Archaeology in Oceania,NA,1834-4453,2026-04-20,NA,wiley2026caul
Archaeometry,NA,1475-4754,2026-04-20,NA,wiley2026caul
Archiv der Pharmazie,NA,1521-4184,2026-04-20,NA,wiley2026caul
Archives of Insect Biochemistry and Physiology,NA,1520-6327,2026-04-20,NA,wiley2026caul
Area,NA,1475-4762,2026-04-20,NA,wiley2026caul
Arthritis & Rheumatology,NA,2326-5205,2026-04-20,NA,wiley2026caul
Arthritis Care & Research,NA,2151-4658,2026-04-20,NA,wiley2026caul
Arthroscopy,NA,1526-3231,2026-04-20,NA,wiley2026caul
Artificial Organs,NA,1525-1594,2026-04-20,NA,wiley2026caul
Asia Pacific Journal of Human Resources,NA,1744-7941,2026-04-20,NA,wiley2026caul
Asia Pacific Viewpoint,NA,1467-8373,2026-04-20,NA,wiley2026caul
Asia-Pacific Economic History Review,NA,2832-157X,2026-04-20,NA,wiley2026caul
Asia-Pacific Journal of Clinical Oncology,NA,1743-7563,2026-04-20,NA,wiley2026caul
Asia-Pacific Journal of Financial Studies,NA,2041-6156,2026-04-20,NA,wiley2026caul
Asia-Pacific Psychiatry,NA,1758-5872,2026-04-20,NA,wiley2026caul
Asian Economic Journal,NA,1467-8381,2026-04-20,NA,wiley2026caul
Asian Economic Policy Review,NA,1748-3131,2026-04-20,NA,wiley2026caul
Asian Journal of Control,NA,1934-6093,2026-04-20,NA,wiley2026caul
Asian Journal of Endoscopic Surgery,NA,1758-5910,2026-04-20,NA,wiley2026caul
Asian Journal of Organic Chemistry,NA,2193-5815,2026-04-20,NA,wiley2026caul
Asian Journal of Social Psychology,NA,1467-839X,2026-04-20,NA,wiley2026caul
Asian Politics & Policy,NA,1943-0787,2026-04-20,NA,wiley2026caul
Asian Social Work and Policy Review,NA,1753-1411,2026-04-20,NA,wiley2026caul
Asian-Pacific Economic Literature,NA,1467-8411,2026-04-20,NA,wiley2026caul
Astronomische Nachrichten,NA,1521-3994,2026-04-20,NA,wiley2026caul
Austral Ecology,NA,1442-9993,2026-04-20,NA,wiley2026caul
Austral Entomology,NA,2052-1758,2026-04-20,NA,wiley2026caul
Australasian Journal of Dermatology,NA,1440-0960,2026-04-20,NA,wiley2026caul
Australasian Journal of Ultrasound in Medicine,NA,2205-0140,2026-04-20,NA,wiley2026caul
Australasian Journal on Ageing,NA,1741-6612,2026-04-20,NA,wiley2026caul
Australian & New Zealand Journal of Statistics,NA,1467-842X,2026-04-20,NA,wiley2026caul
Australian Accounting Review,NA,1835-2561,2026-04-20,NA,wiley2026caul
Australian and New Zealand Journal of Family Therapy,NA,1467-8438,2026-04-20,NA,wiley2026caul
Australian and New Zealand Journal of Obstetrics and Gynaecology,NA,1479-828X,2026-04-20,NA,wiley2026caul
Australian Dental Journal,NA,1834-7819,2026-04-20,NA,wiley2026caul
Australian Economic Papers,NA,1467-8454,2026-04-20,NA,wiley2026caul
Australian Endodontic Journal,NA,1747-4477,2026-04-20,NA,wiley2026caul
Australian Journal of Politics and History,NA,1467-8497,2026-04-20,NA,wiley2026caul
Australian Journal of Public Administration,NA,1467-8500,2026-04-20,NA,wiley2026caul
Australian Journal of Rural Health,NA,1440-1584,2026-04-20,NA,wiley2026caul
Australian Journal of Social Issues,NA,1839-4655,2026-04-20,NA,wiley2026caul
Australian Occupational Therapy Journal,NA,1440-1630,2026-04-20,NA,wiley2026caul
Australian Veterinary Journal,NA,1751-0813,2026-04-20,NA,wiley2026caul
Autism Research,NA,1939-3806,2026-04-20,NA,wiley2026caul
AWWA Water Science,NA,2577-8161,2026-04-20,NA,wiley2026caul
Basic & Clinical Pharmacology & Toxicology,NA,1742-7843,2026-04-20,NA,wiley2026caul
Basin Research,NA,1365-2117,2026-04-20,NA,wiley2026caul
Batteries & Supercaps,NA,2566-6223,2026-04-20,NA,wiley2026caul
Behavioral Interventions,NA,1099-078X,2026-04-20,NA,wiley2026caul
Behavioral Sciences & the Law,NA,1099-0798,2026-04-20,NA,wiley2026caul
Berichte zur Wissenschaftsgeschichte,NA,1522-2365,2026-04-20,NA,wiley2026caul
Biochemistry and Molecular Biology Education,NA,1539-3429,2026-04-20,NA,wiley2026caul
Bioelectromagnetics,NA,1521-186X,2026-04-20,NA,wiley2026caul
BioEssays,NA,1521-1878,2026-04-20,NA,wiley2026caul
Bioethics,NA,1467-8519,2026-04-20,NA,wiley2026caul
BioFactors,NA,1872-8081,2026-04-20,NA,wiley2026caul
"Biofuels, Bioproducts and Biorefining",NA,1932-1031,2026-04-20,NA,wiley2026caul
Biological Reviews,NA,1469-185X,2026-04-20,NA,wiley2026caul
Biology of the Cell,NA,1768-322X,2026-04-20,NA,wiley2026caul
Biomedical Chromatography,NA,1099-0801,2026-04-20,NA,wiley2026caul
Biometrical Journal,NA,1521-4036,2026-04-20,NA,wiley2026caul
Biopharmaceutics & Drug Disposition,NA,1099-081X,2026-04-20,NA,wiley2026caul
Biopolymers,NA,1097-0282,2026-04-20,NA,wiley2026caul
Biotechnology and Applied Biochemistry,NA,1470-8744,2026-04-20,NA,wiley2026caul
Biotechnology and Bioengineering,NA,1097-0290,2026-04-20,NA,wiley2026caul
Biotechnology Journal,NA,1860-7314,2026-04-20,NA,wiley2026caul
Biotechnology Progress,NA,1520-6033,2026-04-20,NA,wiley2026caul
Biotropica,NA,1744-7429,2026-04-20,NA,wiley2026caul
Bipolar Disorders,NA,1399-5618,2026-04-20,NA,wiley2026caul
Birth,NA,1523-536X,2026-04-20,NA,wiley2026caul
Birth Defects Research,NA,2472-1727,2026-04-20,NA,wiley2026caul
BJOG: An International Journal of Obstetrics and Gynaecology,NA,1471-0528,2026-04-20,NA,wiley2026caul
BJU International,NA,1464-410X,2026-04-20,NA,wiley2026caul
British Educational Research Journal,NA,1469-3518,2026-04-20,NA,wiley2026caul
British Journal of Clinical Pharmacology,NA,1365-2125,2026-04-20,NA,wiley2026caul
British Journal of Clinical Psychology,NA,2044-8260,2026-04-20,NA,wiley2026caul
British Journal of Developmental Psychology,NA,2044-835X,2026-04-20,NA,wiley2026caul
British Journal of Educational Psychology,NA,2044-8279,2026-04-20,NA,wiley2026caul
British Journal of Educational Technology,NA,1467-8535,2026-04-20,NA,wiley2026caul
British Journal of Haematology,NA,1365-2141,2026-04-20,NA,wiley2026caul
British Journal of Health Psychology,NA,2044-8287,2026-04-20,NA,wiley2026caul
British Journal of Industrial Relations,NA,1467-8543,2026-04-20,NA,wiley2026caul
British Journal of Learning Disabilities,NA,1468-3156,2026-04-20,NA,wiley2026caul
British Journal of Management,NA,1467-8551,2026-04-20,NA,wiley2026caul
British Journal of Mathematical and Statistical Psychology,NA,2044-8317,2026-04-20,NA,wiley2026caul
British Journal of Pharmacology,NA,1476-5381,2026-04-20,NA,wiley2026caul
British Journal of Psychology,NA,2044-8295,2026-04-20,NA,wiley2026caul
British Journal of Psychotherapy,NA,1752-0118,2026-04-20,NA,wiley2026caul
British Journal of Social Psychology,NA,2044-8309,2026-04-20,NA,wiley2026caul
British Journal of Special Education,NA,1467-8578,2026-04-20,NA,wiley2026caul
Bulletin of Economic Research,NA,1467-8586,2026-04-20,NA,wiley2026caul
Bulletin of Latin American Research,NA,1470-9856,2026-04-20,NA,wiley2026caul
Bulletin of the Korean Chemical Society,NA,1229-5949,2026-04-20,NA,wiley2026caul
Bulletin of the London Mathematical Society,NA,1469-2120,2026-04-20,NA,wiley2026caul
Business and Society Review,NA,1467-8594,2026-04-20,NA,wiley2026caul
"Business Ethics, the Environment & Responsibility",NA,2694-6424,2026-04-20,NA,wiley2026caul
Business Strategy and Development,NA,2572-3170,2026-04-20,NA,wiley2026caul
Business Strategy and the Environment,NA,1099-0836,2026-04-20,NA,wiley2026caul
Canadian Geographies / Les géographies canadiennes,NA,1541-0064,2026-04-20,NA,wiley2026caul
Canadian Journal of Administrative Sciences / Revue Canadienne des Sciences de l'Administration,NA,1936-4490,2026-04-20,NA,wiley2026caul
Canadian Journal of Agricultural Economics/Revue canadienne d'agroeconomie,NA,1744-7976,2026-04-20,NA,wiley2026caul
Canadian Journal of Economics/Revue canadienne d'économique,NA,1540-5982,2026-04-20,NA,wiley2026caul
Canadian Public Administration,NA,1754-7121,2026-04-20,NA,wiley2026caul
Canadian Review of Sociology/Revue canadienne de sociologie,NA,1755-618X,2026-04-20,NA,wiley2026caul
Cancer,NA,1097-0142,2026-04-20,NA,wiley2026caul
Cancer Cytopathology,NA,1934-6638,2026-04-20,NA,wiley2026caul
Catheterization and Cardiovascular Interventions,NA,1522-726X,2026-04-20,NA,wiley2026caul
ce/papers,NA,2509-7075,2026-04-20,NA,wiley2026caul
Cell Biochemistry and Function,NA,1099-0844,2026-04-20,NA,wiley2026caul
Cell Biology International,NA,1095-8355,2026-04-20,NA,wiley2026caul
Cereal Chemistry,NA,1943-3638,2026-04-20,NA,wiley2026caul
ChemBioChem,NA,1439-7633,2026-04-20,NA,wiley2026caul
ChemBioEng Reviews,NA,2196-9744,2026-04-20,NA,wiley2026caul
ChemCatChem,NA,1867-3899,2026-04-20,NA,wiley2026caul
Chemical Biology & Drug Design,NA,1747-0285,2026-04-20,NA,wiley2026caul
Chemical Engineering & Technology,NA,1521-4125,2026-04-20,NA,wiley2026caul
Chemie Ingenieur Technik,NA,1522-2640,2026-04-20,NA,wiley2026caul
Chemistry - A European Journal,NA,1521-3765,2026-04-20,NA,wiley2026caul
Chemistry - An Asian Journal,NA,1861-471X,2026-04-20,NA,wiley2026caul
Chemistry & Biodiversity,NA,1612-1880,2026-04-20,NA,wiley2026caul
ChemistrySelect,NA,2365-6549,2026-04-20,NA,wiley2026caul
ChemKon,NA,1521-3730,2026-04-20,NA,wiley2026caul
ChemMedChem,NA,1860-7187,2026-04-20,NA,wiley2026caul
CHEMNANOMAT,NA,2199-692X,2026-04-20,NA,wiley2026caul
ChemPhotoChem,NA,2367-0932,2026-04-20,NA,wiley2026caul
ChemPhysChem,NA,1439-7641,2026-04-20,NA,wiley2026caul
ChemPlusChem,NA,2192-6506,2026-04-20,NA,wiley2026caul
ChemSusChem,NA,1864-564X,2026-04-20,NA,wiley2026caul
ChemSystemsChem,NA,2570-4206,2026-04-20,NA,wiley2026caul
Child & Family Social Work,NA,1365-2206,2026-04-20,NA,wiley2026caul
Child Abuse Review,NA,1099-0852,2026-04-20,NA,wiley2026caul
Child and Adolescent Mental Health,NA,1475-3588,2026-04-20,NA,wiley2026caul
"Child: Care, Health and Development",NA,1365-2214,2026-04-20,NA,wiley2026caul
Children & Society,NA,1099-0860,2026-04-20,NA,wiley2026caul
China & World Economy,NA,1749-124X,2026-04-20,NA,wiley2026caul
Chinese Journal of Chemistry,NA,1614-7065,2026-04-20,NA,wiley2026caul
Chirality,NA,1520-636X,2026-04-20,NA,wiley2026caul
City & Society,NA,1548-744X,2026-04-20,NA,wiley2026caul
Civil Engineering Design,NA,2625-073X,2026-04-20,NA,wiley2026caul
Cladistics,NA,1096-0031,2026-04-20,NA,wiley2026caul
"CLEAN - Soil, Air, Water",NA,1863-0669,2026-04-20,NA,wiley2026caul
Clinical & Experimental Allergy,NA,1365-2222,2026-04-20,NA,wiley2026caul
Clinical & Experimental Ophthalmology,NA,1442-9071,2026-04-20,NA,wiley2026caul
Clinical Advances in Periodontics,NA,2163-0097,2026-04-20,NA,wiley2026caul
Clinical Anatomy,NA,1098-2353,2026-04-20,NA,wiley2026caul
Clinical and Experimental Neuroimmunology,NA,1759-1961,2026-04-20,NA,wiley2026caul
Clinical and Experimental Pharmacology and Physiology,NA,1440-1681,2026-04-20,NA,wiley2026caul
Clinical Endocrinology,NA,1365-2265,2026-04-20,NA,wiley2026caul
Clinical Genetics,NA,1399-0004,2026-04-20,NA,wiley2026caul
Clinical Implant Dentistry and Related Research,NA,1708-8208,2026-04-20,NA,wiley2026caul
Clinical Obesity,NA,1758-8111,2026-04-20,NA,wiley2026caul
Clinical Oral Implants Research,NA,1600-0501,2026-04-20,NA,wiley2026caul
Clinical Otolaryngology,NA,1749-4486,2026-04-20,NA,wiley2026caul
Clinical Pharmacology & Therapeutics,NA,1532-6535,2026-04-20,NA,wiley2026caul
Clinical Pharmacology in Drug Development,NA,2160-7648,2026-04-20,NA,wiley2026caul
Clinical Physiology and Functional Imaging,NA,1475-097X,2026-04-20,NA,wiley2026caul
Clinical Psychology & Psychotherapy,NA,1099-0879,2026-04-20,NA,wiley2026caul
Clinical Transplantation,NA,1399-0012,2026-04-20,NA,wiley2026caul
Cochrane Library* (Not eligible for APC coverage through a Transitional Deal),NA,1465-1858,2026-04-20,NA,wiley2026caul
Cognitive Science,NA,1551-6709,2026-04-20,NA,wiley2026caul
Color Research and Application,NA,1520-6378,2026-04-20,NA,wiley2026caul
Coloration Technology,NA,1478-4408,2026-04-20,NA,wiley2026caul
Colorectal Disease,NA,1463-1318,2026-04-20,NA,wiley2026caul
Communications on Pure and Applied Mathematics,NA,1097-0312,2026-04-20,NA,wiley2026caul
Community Dentistry and Oral Epidemiology,NA,1600-0528,2026-04-20,NA,wiley2026caul
Comprehensive Physiology,NA,2040-4603,2026-04-20,NA,wiley2026caul
Comprehensive Reviews in Food Science and Food Safety,NA,1541-4337,2026-04-20,NA,wiley2026caul
Computational Intelligence,NA,1467-8640,2026-04-20,NA,wiley2026caul
Computer Animation and Virtual Worlds,NA,1546-427X,2026-04-20,NA,wiley2026caul
Computer Applications In Engineering Education,NA,1099-0542,2026-04-20,NA,wiley2026caul
Computer Graphics Forum,NA,1467-8659,2026-04-20,NA,wiley2026caul
Concurrency and Computation: Practice and Experience,NA,1532-0634,2026-04-20,NA,wiley2026caul
Conflict Resolution Quarterly,NA,1541-1508,2026-04-20,NA,wiley2026caul
Congenital Anomalies,NA,1741-4520,2026-04-20,NA,wiley2026caul
Conservation Biology,NA,1523-1739,2026-04-20,NA,wiley2026caul
Constellations,NA,1467-8675,2026-04-20,NA,wiley2026caul
Consumer Psychology Review,NA,2476-1281,2026-04-20,NA,wiley2026caul
Contact Dermatitis,NA,1600-0536,2026-04-20,NA,wiley2026caul
Contemporary Accounting Research,NA,1911-3846,2026-04-20,NA,wiley2026caul
Contemporary Economic Policy,NA,1465-7287,2026-04-20,NA,wiley2026caul
Contributions to Plasma Physics,NA,1521-3986,2026-04-20,NA,wiley2026caul
Corporate Governance: An International Review,NA,1467-8683,2026-04-20,NA,wiley2026caul
Corporate Social Responsibility and Environmental Management,NA,1535-3966,2026-04-20,NA,wiley2026caul
Counselling and Psychotherapy Research,NA,1746-1405,2026-04-20,NA,wiley2026caul
Counselor Education and Supervision,NA,1556-6978,2026-04-20,NA,wiley2026caul
Creativity and Innovation Management,NA,1467-8691,2026-04-20,NA,wiley2026caul
Criminal Behaviour and Mental Health,NA,1471-2857,2026-04-20,NA,wiley2026caul
Criminology,NA,1745-9125,2026-04-20,NA,wiley2026caul
Criminology & Public Policy,NA,1745-9133,2026-04-20,NA,wiley2026caul
Critical Quarterly,NA,1467-8705,2026-04-20,NA,wiley2026caul
Crop Science,NA,1435-0653,2026-04-20,NA,wiley2026caul
"Crop, Forage & Turfgrass Management",NA,2374-3832,2026-04-20,NA,wiley2026caul
Crystal Research and Technology,NA,1521-4079,2026-04-20,NA,wiley2026caul
"Culture, Agriculture, Food and Environment",NA,2153-9561,2026-04-20,NA,wiley2026caul
Curator: The Museum Journal,NA,2151-6952,2026-04-20,NA,wiley2026caul
Current Protocols,NA,2691-1299,2026-04-20,NA,wiley2026caul
Curtis's Botanical Magazine,NA,1467-8748,2026-04-20,NA,wiley2026caul
Cytometry Part A,NA,1552-4930,2026-04-20,NA,wiley2026caul
Cytometry Part B: Clinical Cytometry,NA,1552-4957,2026-04-20,NA,wiley2026caul
Cytopathology,NA,1365-2303,2026-04-20,NA,wiley2026caul
Cytoskeleton,NA,1949-3592,2026-04-20,NA,wiley2026caul
Decision Sciences,NA,1540-5915,2026-04-20,NA,wiley2026caul
Decision Sciences Journal of Innovative Education,NA,1540-4609,2026-04-20,NA,wiley2026caul
Dental Traumatology,NA,1600-9657,2026-04-20,NA,wiley2026caul
Dermatological Reviews,NA,2637-7489,2026-04-20,NA,wiley2026caul
Developing World Bioethics,NA,1471-8847,2026-04-20,NA,wiley2026caul
Development and Change,NA,1467-7660,2026-04-20,NA,wiley2026caul
Development Policy Review,NA,1467-7679,2026-04-20,NA,wiley2026caul
"Development, Growth & Differentiation",NA,1440-169X,2026-04-20,NA,wiley2026caul
Developmental Dynamics,NA,1097-0177,2026-04-20,NA,wiley2026caul
Developmental Medicine & Child Neurology,NA,1469-8749,2026-04-20,NA,wiley2026caul
Developmental Neurobiology,NA,1932-846X,2026-04-20,NA,wiley2026caul
Developmental Psychobiology,NA,1098-2302,2026-04-20,NA,wiley2026caul
Developmental Science,NA,1467-7687,2026-04-20,NA,wiley2026caul
"Diabetes, Obesity and Metabolism",NA,1463-1326,2026-04-20,NA,wiley2026caul
Diabetes/Metabolism Research and Reviews,NA,1520-7560,2026-04-20,NA,wiley2026caul
Diabetic Medicine,NA,1464-5491,2026-04-20,NA,wiley2026caul
Diagnostic Cytopathology,NA,1097-0339,2026-04-20,NA,wiley2026caul
Dialog,NA,1540-6385,2026-04-20,NA,wiley2026caul
Die Unterrichtspraxis/Teaching German,NA,1756-1221,2026-04-20,NA,wiley2026caul
Digest of Middle East Studies,NA,1949-3606,2026-04-20,NA,wiley2026caul
Digestive Endoscopy,NA,1443-1661,2026-04-20,NA,wiley2026caul
Disasters,NA,1467-7717,2026-04-20,NA,wiley2026caul
Drug and Alcohol Review,NA,1465-3362,2026-04-20,NA,wiley2026caul
Drug Development Research,NA,1098-2299,2026-04-20,NA,wiley2026caul
Drug Testing and Analysis,NA,1942-7611,2026-04-20,NA,wiley2026caul
Dyslexia,NA,1099-0909,2026-04-20,NA,wiley2026caul
Early Intervention in Psychiatry,NA,1751-7893,2026-04-20,NA,wiley2026caul
Early Medieval Europe,NA,1468-0254,2026-04-20,NA,wiley2026caul
Earth Surface Processes and Landforms,NA,1096-9837,2026-04-20,NA,wiley2026caul
Earthquake Engineering & Structural Dynamics,NA,1096-9845,2026-04-20,NA,wiley2026caul
Earthquake Engineering and Resilience,NA,2770-5706,2026-04-20,NA,wiley2026caul
Earthquake Spectra,NA,1944-8201,2026-04-20,NA,wiley2026caul
Echocardiography,NA,1540-8175,2026-04-20,NA,wiley2026caul
Ecohydrology,NA,1936-0592,2026-04-20,NA,wiley2026caul
Ecological Applications,NA,1939-5582,2026-04-20,NA,wiley2026caul
Ecological Entomology,NA,1365-2311,2026-04-20,NA,wiley2026caul
Ecological Management & Restoration,NA,1442-8903,2026-04-20,NA,wiley2026caul
Ecological Monographs,NA,1557-7015,2026-04-20,NA,wiley2026caul
Ecological Research,NA,1440-1703,2026-04-20,NA,wiley2026caul
Ecology,NA,1939-9170,2026-04-20,NA,wiley2026caul
Ecology Letters,NA,1461-0248,2026-04-20,NA,wiley2026caul
Ecology of Freshwater Fish,NA,1600-0633,2026-04-20,NA,wiley2026caul
Econometrica,NA,1468-0262,2026-04-20,NA,wiley2026caul
Economic Affairs,NA,1468-0270,2026-04-20,NA,wiley2026caul
Economic Anthropology,NA,2330-4847,2026-04-20,NA,wiley2026caul
Economic Inquiry,NA,1465-7295,2026-04-20,NA,wiley2026caul
Economic Notes,NA,1468-0300,2026-04-20,NA,wiley2026caul
Economic Papers; A journal of applied economics and policy,NA,1759-3441,2026-04-20,NA,wiley2026caul
Economic Record,NA,1475-4932,2026-04-20,NA,wiley2026caul
Economica,NA,1468-0335,2026-04-20,NA,wiley2026caul
Economics & Politics,NA,1468-0343,2026-04-20,NA,wiley2026caul
Economics of Transition and Institutional Change,NA,2577-6983,2026-04-20,NA,wiley2026caul
Educational Measurement: Issues and Practice,NA,1745-3992,2026-04-20,NA,wiley2026caul
Educational Theory,NA,1741-5446,2026-04-20,NA,wiley2026caul
Electrical Engineering in Japan,NA,1520-6416,2026-04-20,NA,wiley2026caul
Electroanalysis,NA,1521-4109,2026-04-20,NA,wiley2026caul
Electronics and Communications in Japan,NA,1942-9541,2026-04-20,NA,wiley2026caul
ELECTROPHORESIS,NA,1522-2683,2026-04-20,NA,wiley2026caul
Emergency Medicine Australasia,NA,1742-6723,2026-04-20,NA,wiley2026caul
Energy Storage,NA,2578-4862,2026-04-20,NA,wiley2026caul
Energy Technology,NA,2194-4296,2026-04-20,NA,wiley2026caul
Entomologia Experimentalis et Applicata,NA,1570-7458,2026-04-20,NA,wiley2026caul
Entomological Research,NA,1748-5967,2026-04-20,NA,wiley2026caul
Entomological Science,NA,1479-8298,2026-04-20,NA,wiley2026caul
Environmental and Molecular Mutagenesis,NA,1098-2280,2026-04-20,NA,wiley2026caul
Environmental Microbiology,NA,1462-2920,2026-04-20,NA,wiley2026caul
Environmental Policy and Governance,NA,1756-9338,2026-04-20,NA,wiley2026caul
Environmental Progress & Sustainable Energy,NA,1944-7450,2026-04-20,NA,wiley2026caul
Environmental Quality Management,NA,1520-6483,2026-04-20,NA,wiley2026caul
Environmental Toxicology,NA,1522-7278,2026-04-20,NA,wiley2026caul
Environmetrics,NA,1099-095X,2026-04-20,NA,wiley2026caul
Epilepsia,NA,1528-1167,2026-04-20,NA,wiley2026caul
Epileptic Disorders,NA,1950-6945,2026-04-20,NA,wiley2026caul
EPPO Bulletin,NA,1365-2338,2026-04-20,NA,wiley2026caul
Equine Veterinary Education,NA,2042-3292,2026-04-20,NA,wiley2026caul
Equine Veterinary Journal,NA,2042-3306,2026-04-20,NA,wiley2026caul
Ethics & Human Research,NA,2578-2363,2026-04-20,NA,wiley2026caul
Ethology,NA,1439-0310,2026-04-20,NA,wiley2026caul
Ethos,NA,1548-1352,2026-04-20,NA,wiley2026caul
EuroChoices,NA,1746-692X,2026-04-20,NA,wiley2026caul
European Eating Disorders Review,NA,1099-0968,2026-04-20,NA,wiley2026caul
European Financial Management,NA,1468-036X,2026-04-20,NA,wiley2026caul
European Journal of Clinical Investigation,NA,1365-2362,2026-04-20,NA,wiley2026caul
European Journal of Dental Education,NA,1600-0579,2026-04-20,NA,wiley2026caul
European Journal of Education,NA,1465-3435,2026-04-20,NA,wiley2026caul
European Journal of Haematology,NA,1600-0609,2026-04-20,NA,wiley2026caul
European Journal of Immunology,NA,1521-4141,2026-04-20,NA,wiley2026caul
European Journal of Inorganic Chemistry,NA,1099-0682,2026-04-20,NA,wiley2026caul
European Journal of Lipid Science and Technology,NA,1438-9312,2026-04-20,NA,wiley2026caul
European Journal of Neuroscience,NA,1460-9568,2026-04-20,NA,wiley2026caul
European Journal of Oral Sciences,NA,1600-0722,2026-04-20,NA,wiley2026caul
European Journal of Organic Chemistry,NA,1099-0690,2026-04-20,NA,wiley2026caul
European Journal of Pain,NA,1532-2149,2026-04-20,NA,wiley2026caul
European Journal of Philosophy,NA,1468-0378,2026-04-20,NA,wiley2026caul
European Journal of Social Psychology,NA,1099-0992,2026-04-20,NA,wiley2026caul
European Journal of Soil Science,NA,1365-2389,2026-04-20,NA,wiley2026caul
European Law Journal,NA,1468-0386,2026-04-20,NA,wiley2026caul
European Management Review,NA,1740-4762,2026-04-20,NA,wiley2026caul
European Policy Analysis,NA,2380-6567,2026-04-20,NA,wiley2026caul
Evolution & Development,NA,1525-142X,2026-04-20,NA,wiley2026caul
Evolutionary Anthropology,NA,1520-6505,2026-04-20,NA,wiley2026caul
Experimental Dermatology,NA,1600-0625,2026-04-20,NA,wiley2026caul
Expert Systems,NA,1468-0394,2026-04-20,NA,wiley2026caul
Family & Consumer Sciences Research Journal,NA,1552-3934,2026-04-20,NA,wiley2026caul
Family Court Review,NA,1744-1617,2026-04-20,NA,wiley2026caul
Family Process,NA,1545-5300,2026-04-20,NA,wiley2026caul
Family Relations,NA,1741-3729,2026-04-20,NA,wiley2026caul
Fatigue & Fracture of Engineering Materials & Structures,NA,1460-2695,2026-04-20,NA,wiley2026caul
FEBS Letters,NA,1873-3468,2026-04-20,NA,wiley2026caul
Feddes Repertorium,NA,1522-239X,2026-04-20,NA,wiley2026caul
Feminist Anthropology,NA,2643-7961,2026-04-20,NA,wiley2026caul
Financial Accountability & Management,NA,1468-0408,2026-04-20,NA,wiley2026caul
Financial Management,NA,1755-053X,2026-04-20,NA,wiley2026caul
"Financial Markets, Institutions & Instruments",NA,1468-0416,2026-04-20,NA,wiley2026caul
Fire and Materials,NA,1099-1018,2026-04-20,NA,wiley2026caul
Fiscal Studies,NA,1475-5890,2026-04-20,NA,wiley2026caul
Fish and Fisheries,NA,1467-2979,2026-04-20,NA,wiley2026caul
Fisheries Management and Ecology,NA,1365-2400,2026-04-20,NA,wiley2026caul
Fisheries Oceanography,NA,1365-2419,2026-04-20,NA,wiley2026caul
Flavour and Fragrance Journal,NA,1099-1026,2026-04-20,NA,wiley2026caul
Foreign Language Annals,NA,1944-9720,2026-04-20,NA,wiley2026caul
Forest Pathology,NA,1439-0329,2026-04-20,NA,wiley2026caul
Fortschritte der Physik,NA,1521-3978,2026-04-20,NA,wiley2026caul
Freshwater Biology,NA,1365-2427,2026-04-20,NA,wiley2026caul
Frontiers in Ecology and the Environment,NA,1540-9309,2026-04-20,NA,wiley2026caul
Fuel Cells,NA,1615-6854,2026-04-20,NA,wiley2026caul
Fundamental & Clinical Pharmacology,NA,1472-8206,2026-04-20,NA,wiley2026caul
Futures & Foresight Science,NA,2573-5152,2026-04-20,NA,wiley2026caul
GAMM - Mitteilungen,NA,1522-2608,2026-04-20,NA,wiley2026caul
Gender & History,NA,1468-0424,2026-04-20,NA,wiley2026caul
"Gender, Work & Organization",NA,1468-0432,2026-04-20,NA,wiley2026caul
General Anthropology,NA,1939-3466,2026-04-20,NA,wiley2026caul
Genes to Cells,NA,1365-2443,2026-04-20,NA,wiley2026caul
"Genes, Chromosomes and Cancer",NA,1098-2264,2026-04-20,NA,wiley2026caul
genesis,NA,1526-968X,2026-04-20,NA,wiley2026caul
Genetic Epidemiology,NA,1098-2272,2026-04-20,NA,wiley2026caul
Geoarchaeology,NA,1520-6548,2026-04-20,NA,wiley2026caul
Geobiology,NA,1472-4669,2026-04-20,NA,wiley2026caul
Geographical Analysis,NA,1538-4632,2026-04-20,NA,wiley2026caul
Geographical Research,NA,1745-5871,2026-04-20,NA,wiley2026caul
Geography Compass,NA,1749-8198,2026-04-20,NA,wiley2026caul
Geological Journal,NA,1099-1034,2026-04-20,NA,wiley2026caul
Geology Today,NA,1365-2451,2026-04-20,NA,wiley2026caul
Geophysical Prospecting,NA,1365-2478,2026-04-20,NA,wiley2026caul
Geostandards and Geoanalytical Research,NA,1751-908X,2026-04-20,NA,wiley2026caul
Geriatrics & Gerontology International,NA,1447-0594,2026-04-20,NA,wiley2026caul
German Life and Letters,NA,1468-0483,2026-04-20,NA,wiley2026caul
Gerodontology,NA,1741-2358,2026-04-20,NA,wiley2026caul
Glia,NA,1098-1136,2026-04-20,NA,wiley2026caul
Global Biogeochemical Cycles,NA,1944-9224,2026-04-20,NA,wiley2026caul
Global Business and Organizational Excellence,NA,1932-2062,2026-04-20,NA,wiley2026caul
Global Change Biology,NA,1365-2486,2026-04-20,NA,wiley2026caul
Global Ecology and Biogeography,NA,1466-8238,2026-04-20,NA,wiley2026caul
Global Networks,NA,1471-0374,2026-04-20,NA,wiley2026caul
Global Policy,NA,1758-5899,2026-04-20,NA,wiley2026caul
Global Strategy Journal,NA,2042-5805,2026-04-20,NA,wiley2026caul
Governance,NA,1468-0491,2026-04-20,NA,wiley2026caul
Grass and Forage Science,NA,1365-2494,2026-04-20,NA,wiley2026caul
Grassland Science,NA,1744-697X,2026-04-20,NA,wiley2026caul
Greenhouse Gases: Science and Technology,NA,2152-3878,2026-04-20,NA,wiley2026caul
Groundwater,NA,1745-6584,2026-04-20,NA,wiley2026caul
Groundwater Monitoring & Remediation,NA,1745-6592,2026-04-20,NA,wiley2026caul
Growth and Change,NA,1468-2257,2026-04-20,NA,wiley2026caul
Haemophilia,NA,1365-2516,2026-04-20,NA,wiley2026caul
Hastings Center Report,NA,1552-146X,2026-04-20,NA,wiley2026caul
Head & Neck,NA,1097-0347,2026-04-20,NA,wiley2026caul
Headache: The Journal of Head and Face Pain,NA,1526-4610,2026-04-20,NA,wiley2026caul
Health Economics,NA,1099-1050,2026-04-20,NA,wiley2026caul
Health Information and Libraries Journal,NA,1471-1842,2026-04-20,NA,wiley2026caul
Health Promotion Journal of Australia,NA,2201-1617,2026-04-20,NA,wiley2026caul
Health Services Research,NA,1475-6773,2026-04-20,NA,wiley2026caul
Heat Transfer,NA,2688-4542,2026-04-20,NA,wiley2026caul
Helicobacter,NA,1523-5378,2026-04-20,NA,wiley2026caul
Helvetica Chimica Acta,NA,1522-2675,2026-04-20,NA,wiley2026caul
Hematological Oncology,NA,1099-1069,2026-04-20,NA,wiley2026caul
Hemodialysis International,NA,1542-4758,2026-04-20,NA,wiley2026caul
Hepatology Research,NA,1872-034X,2026-04-20,NA,wiley2026caul
Higher Education Quarterly,NA,1468-2273,2026-04-20,NA,wiley2026caul
Hippocampus,NA,1098-1063,2026-04-20,NA,wiley2026caul
Histopathology,NA,1365-2559,2026-04-20,NA,wiley2026caul
History,NA,1468-229X,2026-04-20,NA,wiley2026caul
History and Theory,NA,1468-2303,2026-04-20,NA,wiley2026caul
History Compass,NA,1478-0542,2026-04-20,NA,wiley2026caul
HIV Medicine,NA,1468-1293,2026-04-20,NA,wiley2026caul
HLA: Immune Response Genetics,NA,2059-2310,2026-04-20,NA,wiley2026caul
Human Factors and Ergonomics in Manufacturing & Service Industries,NA,1520-6564,2026-04-20,NA,wiley2026caul
Human Psychopharmacology: Clinical and Experimental,NA,1099-1077,2026-04-20,NA,wiley2026caul
Human Resource Development Quarterly,NA,1532-1096,2026-04-20,NA,wiley2026caul
Human Resource Management,NA,1099-050X,2026-04-20,NA,wiley2026caul
Human Resource Management Journal,NA,1748-8583,2026-04-20,NA,wiley2026caul
Hydrological Processes,NA,1099-1085,2026-04-20,NA,wiley2026caul
Ibis,NA,1474-919X,2026-04-20,NA,wiley2026caul
IEEJ Transactions on Electrical and Electronic Engineering,NA,1931-4981,2026-04-20,NA,wiley2026caul
Immunological Reviews,NA,1600-065X,2026-04-20,NA,wiley2026caul
Immunology,NA,1365-2567,2026-04-20,NA,wiley2026caul
Immunology & Cell Biology,NA,1440-1711,2026-04-20,NA,wiley2026caul
In Practice,NA,2042-7689,2026-04-20,NA,wiley2026caul
Industrial Relations,NA,1468-232X,2026-04-20,NA,wiley2026caul
Industrial Relations Journal,NA,1468-2338,2026-04-20,NA,wiley2026caul
Infancy,NA,1532-7078,2026-04-20,NA,wiley2026caul
Infant and Child Development,NA,1522-7219,2026-04-20,NA,wiley2026caul
Infant Mental Health Journal,NA,1097-0355,2026-04-20,NA,wiley2026caul
Information Systems Journal,NA,1365-2575,2026-04-20,NA,wiley2026caul
Insect Conservation and Diversity,NA,1752-4598,2026-04-20,NA,wiley2026caul
Insect Molecular Biology,NA,1365-2583,2026-04-20,NA,wiley2026caul
Insect Science,NA,1744-7917,2026-04-20,NA,wiley2026caul
Integrative Zoology,NA,1749-4877,2026-04-20,NA,wiley2026caul
"Intelligent Systems in Accounting, Finance and Management",NA,2160-0074,2026-04-20,NA,wiley2026caul
Internal Medicine Journal,NA,1445-5994,2026-04-20,NA,wiley2026caul
International Economic Review,NA,1468-2354,2026-04-20,NA,wiley2026caul
International Endodontic Journal,NA,1365-2591,2026-04-20,NA,wiley2026caul
International Finance,NA,1468-2362,2026-04-20,NA,wiley2026caul
International Forum of Allergy & Rhinology,NA,2042-6984,2026-04-20,NA,wiley2026caul
International Insolvency Review,NA,1099-1107,2026-04-20,NA,wiley2026caul
International Journal for Numerical and Analytical Methods in Geomechanics,NA,1096-9853,2026-04-20,NA,wiley2026caul
International Journal for Numerical Methods in Biomedical Engineering,NA,2040-7947,2026-04-20,NA,wiley2026caul
International Journal for Numerical Methods in Engineering,NA,1097-0207,2026-04-20,NA,wiley2026caul
International Journal for Numerical Methods in Fluids,NA,1097-0363,2026-04-20,NA,wiley2026caul
International Journal of Adaptive Control and Signal Processing,NA,1099-1115,2026-04-20,NA,wiley2026caul
International Journal of Applied Ceramic Technology,NA,1744-7402,2026-04-20,NA,wiley2026caul
International Journal of Applied Glass Science,NA,2041-1294,2026-04-20,NA,wiley2026caul
International Journal of Applied Linguistics,NA,1473-4192,2026-04-20,NA,wiley2026caul
International Journal of Applied Psychoanalytic Studies,NA,1556-9187,2026-04-20,NA,wiley2026caul
International Journal of Art & Design Education,NA,1476-8070,2026-04-20,NA,wiley2026caul
International Journal of Auditing,NA,1099-1123,2026-04-20,NA,wiley2026caul
International Journal of Cancer,NA,1097-0215,2026-04-20,NA,wiley2026caul
International Journal of Chemical Kinetics,NA,1097-4601,2026-04-20,NA,wiley2026caul
International Journal of Circuit Theory and Applications,NA,1097-007X,2026-04-20,NA,wiley2026caul
International Journal of Climatology,NA,1097-0088,2026-04-20,NA,wiley2026caul
International Journal of Communication Systems,NA,1099-1131,2026-04-20,NA,wiley2026caul
International Journal of Consumer Studies,NA,1470-6431,2026-04-20,NA,wiley2026caul
International Journal of Cosmetic Science,NA,1468-2494,2026-04-20,NA,wiley2026caul
International Journal of Dairy Technology,NA,1471-0307,2026-04-20,NA,wiley2026caul
International Journal of Dental Hygiene,NA,1601-5037,2026-04-20,NA,wiley2026caul
International Journal of Dermatology,NA,1365-4632,2026-04-20,NA,wiley2026caul
International Journal of Developmental Neuroscience,NA,1873-474X,2026-04-20,NA,wiley2026caul
International Journal of Eating Disorders,NA,1098-108X,2026-04-20,NA,wiley2026caul
International Journal of Economic Theory,NA,1742-7363,2026-04-20,NA,wiley2026caul
International Journal of Finance & Economics,NA,1099-1158,2026-04-20,NA,wiley2026caul
International Journal of Geriatric Psychiatry,NA,1099-1166,2026-04-20,NA,wiley2026caul
International Journal of Gynecology & Obstetrics,NA,1879-3479,2026-04-20,NA,wiley2026caul
International Journal of Imaging Systems and Technology,NA,1098-1098,2026-04-20,NA,wiley2026caul
International Journal of Immunogenetics,NA,1744-313X,2026-04-20,NA,wiley2026caul
International Journal of Laboratory Hematology,NA,1751-553X,2026-04-20,NA,wiley2026caul
International Journal of Language & Communication Disorders,NA,1460-6984,2026-04-20,NA,wiley2026caul
International Journal of Management Reviews,NA,1468-2370,2026-04-20,NA,wiley2026caul
International Journal of Mental Health Nursing,NA,1447-0349,2026-04-20,NA,wiley2026caul
International Journal of Network Management,NA,1099-1190,2026-04-20,NA,wiley2026caul
"International Journal of Numerical Modelling: Electronic Networks, Devices and Fields",NA,1099-1204,2026-04-20,NA,wiley2026caul
International Journal of Nursing Practice,NA,1440-172X,2026-04-20,NA,wiley2026caul
International Journal of Older People Nursing,NA,1748-3743,2026-04-20,NA,wiley2026caul
International Journal of Osteoarchaeology,NA,1099-1212,2026-04-20,NA,wiley2026caul
International Journal of Paediatric Dentistry,NA,1365-263X,2026-04-20,NA,wiley2026caul
International Journal of Psychology,NA,1464-066X,2026-04-20,NA,wiley2026caul
International Journal of Quantum Chemistry,NA,1097-461X,2026-04-20,NA,wiley2026caul
International Journal of Rheumatic Diseases,NA,1756-185X,2026-04-20,NA,wiley2026caul
International Journal of Robust and Nonlinear Control,NA,1099-1239,2026-04-20,NA,wiley2026caul
International Journal of Satellite Communications and Networking,NA,1542-0981,2026-04-20,NA,wiley2026caul
International Journal of Selection and Assessment,NA,1468-2389,2026-04-20,NA,wiley2026caul
International Journal of Social Welfare,NA,1468-2397,2026-04-20,NA,wiley2026caul
International Journal of Systematic Theology,NA,1468-2400,2026-04-20,NA,wiley2026caul
International Journal of Tourism Research,NA,1522-1970,2026-04-20,NA,wiley2026caul
International Journal of Training and Development,NA,1468-2419,2026-04-20,NA,wiley2026caul
International Journal of Urban and Regional Research,NA,1468-2427,2026-04-20,NA,wiley2026caul
International Journal of Urological Nursing,NA,1749-771X,2026-04-20,NA,wiley2026caul
International Journal of Urology,NA,1442-2042,2026-04-20,NA,wiley2026caul
International Migration,NA,1468-2435,2026-04-20,NA,wiley2026caul
International Nursing Review,NA,1466-7657,2026-04-20,NA,wiley2026caul
International Review of Finance,NA,1468-2443,2026-04-20,NA,wiley2026caul
International Review of Hydrobiology,NA,1522-2632,2026-04-20,NA,wiley2026caul
International Review of Mission,NA,1758-6631,2026-04-20,NA,wiley2026caul
International Social Science Journal,NA,1468-2451,2026-04-20,NA,wiley2026caul
International Social Security Review,NA,1468-246X,2026-04-20,NA,wiley2026caul
International Statistical Review,NA,1751-5823,2026-04-20,NA,wiley2026caul
International Transactions in Operational Research,NA,1475-3995,2026-04-20,NA,wiley2026caul
Internet Technology Letters,NA,2476-1508,2026-04-20,NA,wiley2026caul
IPPR Progressive Review,NA,2573-2331,2026-04-20,NA,wiley2026caul
Irrigation and Drainage,NA,1531-0361,2026-04-20,NA,wiley2026caul
Island Arc,NA,1440-1738,2026-04-20,NA,wiley2026caul
Israel Journal of Chemistry,NA,1869-5868,2026-04-20,NA,wiley2026caul
IUBMB Life,NA,1521-6551,2026-04-20,NA,wiley2026caul
JACCP: Journal of the American College of Clinical Pharmacy,NA,2574-9870,2026-04-20,NA,wiley2026caul
Japan Journal of Nursing Science,NA,1742-7924,2026-04-20,NA,wiley2026caul
Japanese Journal of Sociology,NA,2769-1357,2026-04-20,NA,wiley2026caul
JCMS: Journal of Common Market Studies,NA,1468-5965,2026-04-20,NA,wiley2026caul
Journal der Deutschen Dermatologischen Gesellschaft,NA,1610-0387,2026-04-20,NA,wiley2026caul
Journal For Eighteenth-Century Studies,NA,1754-0208,2026-04-20,NA,wiley2026caul
Journal for Specialists In Pediatric Nursing,NA,1744-6155,2026-04-20,NA,wiley2026caul
Journal for the Anthropology of North America,NA,2475-5389,2026-04-20,NA,wiley2026caul
Journal for the Scientific Study of Religion,NA,1468-5906,2026-04-20,NA,wiley2026caul
Journal for the Theory of Social Behaviour,NA,1468-5914,2026-04-20,NA,wiley2026caul
Journal of Accounting Research,NA,1475-679X,2026-04-20,NA,wiley2026caul
Journal of Addictions & Offender Counseling,NA,2161-1874,2026-04-20,NA,wiley2026caul
Journal of Adolescence,NA,1095-9254,2026-04-20,NA,wiley2026caul
Journal of Adolescent & Adult Literacy,NA,1936-2706,2026-04-20,NA,wiley2026caul
Journal of Advanced Nursing,NA,1365-2648,2026-04-20,NA,wiley2026caul
Journal of Agrarian Change,NA,1471-0366,2026-04-20,NA,wiley2026caul
Journal of Agricultural Economics,NA,1477-9552,2026-04-20,NA,wiley2026caul
Journal of Agronomy and Crop Science,NA,1439-037X,2026-04-20,NA,wiley2026caul
Journal of Analytical Psychology,NA,1468-5922,2026-04-20,NA,wiley2026caul
Journal of Anatomy,NA,1469-7580,2026-04-20,NA,wiley2026caul
Journal of Animal Breeding and Genetics,NA,1439-0388,2026-04-20,NA,wiley2026caul
Journal of Animal Ecology,NA,1365-2656,2026-04-20,NA,wiley2026caul
Journal of Animal Physiology and Animal Nutrition,NA,1439-0396,2026-04-20,NA,wiley2026caul
Journal of Applied Behavior Analysis,NA,1938-3703,2026-04-20,NA,wiley2026caul
Journal of Applied Crystallography,NA,1600-5767,2026-04-20,NA,wiley2026caul
Journal of Applied Ecology,NA,1365-2664,2026-04-20,NA,wiley2026caul
Journal of Applied Econometrics,NA,1099-1255,2026-04-20,NA,wiley2026caul
Journal of Applied Entomology,NA,1439-0418,2026-04-20,NA,wiley2026caul
Journal of Applied Philosophy,NA,1468-5930,2026-04-20,NA,wiley2026caul
Journal of Applied Polymer Science,NA,1097-4628,2026-04-20,NA,wiley2026caul
Journal of Applied Research in Intellectual Disabilities,NA,1468-3148,2026-04-20,NA,wiley2026caul
Journal of Applied Social Psychology,NA,1559-1816,2026-04-20,NA,wiley2026caul
Journal of Applied Toxicology,NA,1099-1263,2026-04-20,NA,wiley2026caul
Journal of Basic Microbiology,NA,1521-4028,2026-04-20,NA,wiley2026caul
Journal of Behavioral Decision Making,NA,1099-0771,2026-04-20,NA,wiley2026caul
Journal of Biochemical and Molecular Toxicology,NA,1099-0461,2026-04-20,NA,wiley2026caul
Journal of Biogeography,NA,1365-2699,2026-04-20,NA,wiley2026caul
Journal of Biomedical Materials Research Part A,NA,1552-4965,2026-04-20,NA,wiley2026caul
Journal of Biomedical Materials Research Part B: Applied Biomaterials,NA,1552-4981,2026-04-20,NA,wiley2026caul
Journal of Biophotonics,NA,1864-0648,2026-04-20,NA,wiley2026caul
Journal of Business Finance & Accounting,NA,1468-5957,2026-04-20,NA,wiley2026caul
Journal of Business Logistics,NA,2158-1592,2026-04-20,NA,wiley2026caul
Journal of Cardiovascular Electrophysiology,NA,1540-8167,2026-04-20,NA,wiley2026caul
Journal of Cellular Biochemistry,NA,1097-4644,2026-04-20,NA,wiley2026caul
Journal of Cellular Physiology,NA,1097-4652,2026-04-20,NA,wiley2026caul
Journal of Chemical Technology and Biotechnology,NA,1097-4660,2026-04-20,NA,wiley2026caul
Journal of Chemometrics,NA,1099-128X,2026-04-20,NA,wiley2026caul
Journal of Child and Adolescent Psychiatric Nursing,NA,1744-6171,2026-04-20,NA,wiley2026caul
Journal of Child Psychology and Psychiatry,NA,1469-7610,2026-04-20,NA,wiley2026caul
Journal of Clinical Apheresis,NA,1098-1101,2026-04-20,NA,wiley2026caul
Journal of Clinical Nursing,NA,1365-2702,2026-04-20,NA,wiley2026caul
Journal of Clinical Periodontology,NA,1600-051X,2026-04-20,NA,wiley2026caul
Journal of Clinical Psychology,NA,1097-4679,2026-04-20,NA,wiley2026caul
Journal of Clinical Ultrasound,NA,1097-0096,2026-04-20,NA,wiley2026caul
Journal of Combinatorial Designs,NA,1520-6610,2026-04-20,NA,wiley2026caul
Journal of Community & Applied Social Psychology,NA,1099-1298,2026-04-20,NA,wiley2026caul
Journal of Community Psychology,NA,1520-6629,2026-04-20,NA,wiley2026caul
Journal of Computational Chemistry,NA,1096-987X,2026-04-20,NA,wiley2026caul
Journal of Computer Assisted Learning,NA,1365-2729,2026-04-20,NA,wiley2026caul
Journal of Consumer Affairs,NA,1745-6606,2026-04-20,NA,wiley2026caul
Journal of Consumer Behaviour,NA,1479-1838,2026-04-20,NA,wiley2026caul
Journal of Consumer Psychology,NA,1532-7663,2026-04-20,NA,wiley2026caul
Journal of Contingencies and Crisis Management,NA,1468-5973,2026-04-20,NA,wiley2026caul
Journal of Corporate Accounting & Finance,NA,1097-0053,2026-04-20,NA,wiley2026caul
Journal of Counseling & Development,NA,1556-6676,2026-04-20,NA,wiley2026caul
Journal of Critical Infrastructure Policy,NA,2693-3101,2026-04-20,NA,wiley2026caul
Journal of Cutaneous Pathology,NA,1600-0560,2026-04-20,NA,wiley2026caul
Journal of Dental Education,NA,1930-7837,2026-04-20,NA,wiley2026caul
Journal of Digestive Diseases,NA,1751-2980,2026-04-20,NA,wiley2026caul
Journal of Ecology,NA,1365-2745,2026-04-20,NA,wiley2026caul
Journal of Economic Surveys,NA,1467-6419,2026-04-20,NA,wiley2026caul
Journal of Economics & Management Strategy,NA,1530-9134,2026-04-20,NA,wiley2026caul
Journal of Educational Measurement,NA,1745-3984,2026-04-20,NA,wiley2026caul
Journal of Elder Policy,NA,2767-7451,2026-04-20,NA,wiley2026caul
Journal of Empirical Legal Studies,NA,1740-1461,2026-04-20,NA,wiley2026caul
Journal of Employment Counseling,NA,2161-1920,2026-04-20,NA,wiley2026caul
Journal of Engineering Education,NA,2168-9830,2026-04-20,NA,wiley2026caul
Journal of Environmental Quality,NA,1537-2537,2026-04-20,NA,wiley2026caul
Journal of Esthetic and Restorative Dentistry,NA,1708-8240,2026-04-20,NA,wiley2026caul
Journal of Eukaryotic Microbiology,NA,1550-7408,2026-04-20,NA,wiley2026caul
Journal of Evaluation in Clinical Practice,NA,1365-2753,2026-04-20,NA,wiley2026caul
Journal of Evidence-Based Medicine,NA,1756-5391,2026-04-20,NA,wiley2026caul
Journal of Experimental Zoology Part A: Ecological and Intergrative Physiology,NA,1932-5231,2026-04-20,NA,wiley2026caul
Journal of Experimental Zoology Part B: Molecular and Developmental Evolution,NA,1552-5015,2026-04-20,NA,wiley2026caul
Journal of Family Theory & Review,NA,1756-2589,2026-04-20,NA,wiley2026caul
Journal of Family Therapy,NA,1467-6427,2026-04-20,NA,wiley2026caul
Journal of Field Robotics,NA,1556-4967,2026-04-20,NA,wiley2026caul
Journal of Financial Research,NA,1475-6803,2026-04-20,NA,wiley2026caul
Journal of Fish Biology,NA,1095-8649,2026-04-20,NA,wiley2026caul
Journal of Fish Diseases,NA,1365-2761,2026-04-20,NA,wiley2026caul
Journal of Food Process Engineering,NA,1745-4530,2026-04-20,NA,wiley2026caul
Journal of Food Safety,NA,1745-4565,2026-04-20,NA,wiley2026caul
Journal of Food Science,NA,1750-3841,2026-04-20,NA,wiley2026caul
Journal of Forecasting,NA,1099-131X,2026-04-20,NA,wiley2026caul
Journal of Forensic Sciences,NA,1556-4029,2026-04-20,NA,wiley2026caul
Journal of Gastroenterology and Hepatology,NA,1440-1746,2026-04-20,NA,wiley2026caul
Journal of Genetic Counseling,NA,1573-3599,2026-04-20,NA,wiley2026caul
Journal of Geophysical Research: Atmospheres,NA,2169-8996,2026-04-20,NA,wiley2026caul
Journal of Geophysical Research: Biogeosciences,NA,2169-8961,2026-04-20,NA,wiley2026caul
Journal of Geophysical Research: Earth Surface,NA,2169-9011,2026-04-20,NA,wiley2026caul
Journal of Geophysical Research: Oceans,NA,2169-9291,2026-04-20,NA,wiley2026caul
Journal of Geophysical Research: Planets,NA,2169-9100,2026-04-20,NA,wiley2026caul
Journal of Geophysical Research: Solid Earth,NA,2169-9356,2026-04-20,NA,wiley2026caul
Journal of Geophysical Research: Space Physics,NA,2169-9402,2026-04-20,NA,wiley2026caul
Journal of Graph Theory,NA,1097-0118,2026-04-20,NA,wiley2026caul
Journal of Healthcare Risk Management,NA,2040-0861,2026-04-20,NA,wiley2026caul
Journal of Hepato-Biliary-Pancreatic Sciences,NA,1868-6982,2026-04-20,NA,wiley2026caul
Journal of Heterocyclic Chemistry,NA,1943-5193,2026-04-20,NA,wiley2026caul
Journal of Hospital Medicine,NA,1553-5606,2026-04-20,NA,wiley2026caul
Journal of Human Nutrition and Dietetics,NA,1365-277X,2026-04-20,NA,wiley2026caul
Journal of Inherited Metabolic Disease,NA,1573-2665,2026-04-20,NA,wiley2026caul
Journal of Integrative Plant Biology,NA,1744-7909,2026-04-20,NA,wiley2026caul
Journal of Intellectual Disability Research,NA,1365-2788,2026-04-20,NA,wiley2026caul
Journal of Internal Medicine,NA,1365-2796,2026-04-20,NA,wiley2026caul
Journal of International Development,NA,1099-1328,2026-04-20,NA,wiley2026caul
Journal of International Financial Management & Accounting,NA,1467-646X,2026-04-20,NA,wiley2026caul
Journal of Investigative Psychology and Offender Profiling,NA,1544-4767,2026-04-20,NA,wiley2026caul
Journal of Labelled Compounds and Radiopharmaceuticals,NA,1099-1344,2026-04-20,NA,wiley2026caul
Journal of Law and Society,NA,1467-6478,2026-04-20,NA,wiley2026caul
Journal of Leadership Studies,NA,1935-262X,2026-04-20,NA,wiley2026caul
Journal of Legal Studies Education,NA,1744-1722,2026-04-20,NA,wiley2026caul
Journal of Linguistic Anthropology,NA,1548-1395,2026-04-20,NA,wiley2026caul
Journal of Magnetic Resonance Imaging,NA,1522-2586,2026-04-20,NA,wiley2026caul
Journal of Management Studies,NA,1467-6486,2026-04-20,NA,wiley2026caul
Journal of Marital and Family Therapy,NA,1752-0606,2026-04-20,NA,wiley2026caul
Journal of Marriage and Family,NA,1741-3737,2026-04-20,NA,wiley2026caul
Journal of Mass Spectrometry,NA,1096-9888,2026-04-20,NA,wiley2026caul
Journal of Medical Imaging and Radiation Oncology,NA,1754-9485,2026-04-20,NA,wiley2026caul
Journal of Medical Primatology,NA,1600-0684,2026-04-20,NA,wiley2026caul
Journal of Medical Virology,NA,1096-9071,2026-04-20,NA,wiley2026caul
Journal of Metamorphic Geology,NA,1525-1314,2026-04-20,NA,wiley2026caul
Journal of Microscopy,NA,1365-2818,2026-04-20,NA,wiley2026caul
Journal of Midwifery & Women's Health,NA,1542-2011,2026-04-20,NA,wiley2026caul
Journal of Molecular Recognition,NA,1099-1352,2026-04-20,NA,wiley2026caul
"Journal of Money, Credit and Banking",NA,1538-4616,2026-04-20,NA,wiley2026caul
Journal of Morphology,NA,1097-4687,2026-04-20,NA,wiley2026caul
Journal of Multi-Criteria Decision Analysis,NA,1099-1360,2026-04-20,NA,wiley2026caul
Journal of Multicultural Counseling and Development,NA,2161-1912,2026-04-20,NA,wiley2026caul
Journal of Neurochemistry,NA,1471-4159,2026-04-20,NA,wiley2026caul
Journal of Neuroendocrinology,NA,1365-2826,2026-04-20,NA,wiley2026caul
Journal of Neuroimaging,NA,1552-6569,2026-04-20,NA,wiley2026caul
Journal of Neuropsychology,NA,1748-6653,2026-04-20,NA,wiley2026caul
Journal of Neuroscience Research,NA,1097-4547,2026-04-20,NA,wiley2026caul
Journal of Nursing Scholarship,NA,1547-5069,2026-04-20,NA,wiley2026caul
Journal of Obstetrics and Gynaecology Research,NA,1447-0756,2026-04-20,NA,wiley2026caul
Journal of Occupational and Organizational Psychology,NA,2044-8325,2026-04-20,NA,wiley2026caul
Journal of Operations Management,NA,1873-1317,2026-04-20,NA,wiley2026caul
Journal of Oral Pathology & Medicine,NA,1600-0714,2026-04-20,NA,wiley2026caul
Journal of Oral Rehabilitation,NA,1365-2842,2026-04-20,NA,wiley2026caul
Journal of Organizational Behavior,NA,1099-1379,2026-04-20,NA,wiley2026caul
Journal of Orthopaedic Research ®,NA,1554-527X,2026-04-20,NA,wiley2026caul
Journal of Paediatrics and Child Health,NA,1440-1754,2026-04-20,NA,wiley2026caul
Journal of Parenteral and Enteral Nutrition,NA,1941-2444,2026-04-20,NA,wiley2026caul
Journal of Pediatric Gastroenterology and Nutrition,NA,1536-4801,2026-04-20,NA,wiley2026caul
Journal of Peptide Science,NA,1099-1387,2026-04-20,NA,wiley2026caul
Journal of Periodontal Research,NA,1600-0765,2026-04-20,NA,wiley2026caul
Journal of Periodontology,NA,1943-3670,2026-04-20,NA,wiley2026caul
Journal of Personality,NA,1467-6494,2026-04-20,NA,wiley2026caul
Journal of Petroleum Geology,NA,1747-5457,2026-04-20,NA,wiley2026caul
Journal of Pharmacy Practice and Research,NA,2055-2335,2026-04-20,NA,wiley2026caul
Journal of Philanthropy,NA,2691-1361,2026-04-20,NA,wiley2026caul
Journal of Phycology,NA,1529-8817,2026-04-20,NA,wiley2026caul
Journal of Physical Organic Chemistry,NA,1099-1395,2026-04-20,NA,wiley2026caul
Journal of Phytopathology,NA,1439-0434,2026-04-20,NA,wiley2026caul
Journal of Pineal Research,NA,1600-079X,2026-04-20,NA,wiley2026caul
Journal of Plant Nutrition and Soil Science,NA,1522-2624,2026-04-20,NA,wiley2026caul
Journal of Plant Registrations,NA,1940-3496,2026-04-20,NA,wiley2026caul
Journal of Policy Analysis and Management,NA,1520-6688,2026-04-20,NA,wiley2026caul
Journal of Policy and Practice In Intellectual Disabilities,NA,1741-1130,2026-04-20,NA,wiley2026caul
Journal of Polymer Science,NA,2642-4169,2026-04-20,NA,wiley2026caul
Journal of Product Innovation Management,NA,1540-5885,2026-04-20,NA,wiley2026caul
Journal of Prosthodontics,NA,1532-849X,2026-04-20,NA,wiley2026caul
Journal of Psychiatric and Mental Health Nursing,NA,1365-2850,2026-04-20,NA,wiley2026caul
Journal of Public Affairs,NA,1479-1854,2026-04-20,NA,wiley2026caul
Journal of Public Economic Theory,NA,1467-9779,2026-04-20,NA,wiley2026caul
Journal of Public Health Dentistry,NA,1752-7325,2026-04-20,NA,wiley2026caul
Journal of Quaternary Science,NA,1099-1417,2026-04-20,NA,wiley2026caul
Journal of Raman Spectroscopy,NA,1097-4555,2026-04-20,NA,wiley2026caul
Journal Of Regional Science,NA,1467-9787,2026-04-20,NA,wiley2026caul
Journal of Religious Ethics,NA,1467-9795,2026-04-20,NA,wiley2026caul
Journal of Religious History,NA,1467-9809,2026-04-20,NA,wiley2026caul
Journal of Renal Care,NA,1755-6686,2026-04-20,NA,wiley2026caul
Journal of Research in Reading,NA,1467-9817,2026-04-20,NA,wiley2026caul
Journal of Research in Science Teaching,NA,1098-2736,2026-04-20,NA,wiley2026caul
Journal of Research in Special Educational Needs,NA,1471-3802,2026-04-20,NA,wiley2026caul
Journal of Research On Adolescence,NA,1532-7795,2026-04-20,NA,wiley2026caul
Journal of Risk and Insurance,NA,1539-6975,2026-04-20,NA,wiley2026caul
Journal of School Health,NA,1746-1561,2026-04-20,NA,wiley2026caul
Journal of Sensory Studies,NA,1745-459X,2026-04-20,NA,wiley2026caul
Journal of Separation Science,NA,1615-9314,2026-04-20,NA,wiley2026caul
Journal of Sleep Research,NA,1365-2869,2026-04-20,NA,wiley2026caul
Journal of Small Animal Practice,NA,1748-5827,2026-04-20,NA,wiley2026caul
Journal of Social Issues,NA,1540-4560,2026-04-20,NA,wiley2026caul
Journal of Social Philosophy,NA,1467-9833,2026-04-20,NA,wiley2026caul
Journal of Sociolinguistics,NA,1467-9841,2026-04-20,NA,wiley2026caul
Journal of Software: Evolution and Process,NA,2047-7481,2026-04-20,NA,wiley2026caul
Journal of Supply Chain Management,NA,1745-493X,2026-04-20,NA,wiley2026caul
Journal of Surfactants and Detergents,NA,1558-9293,2026-04-20,NA,wiley2026caul
Journal of Surgical Oncology,NA,1096-9098,2026-04-20,NA,wiley2026caul
Journal of Systematics and Evolution,NA,1759-6831,2026-04-20,NA,wiley2026caul
Journal of Texture Studies,NA,1745-4603,2026-04-20,NA,wiley2026caul
Journal of the American Ceramic Society,NA,1551-2916,2026-04-20,NA,wiley2026caul
Journal of the American Geriatrics Society,NA,1532-5415,2026-04-20,NA,wiley2026caul
Journal of The American Oil Chemists' Society,NA,1558-9331,2026-04-20,NA,wiley2026caul
Journal of the American Water Resources Association,NA,1752-1688,2026-04-20,NA,wiley2026caul
Journal of the Association for Information Science and Technology,NA,2330-1643,2026-04-20,NA,wiley2026caul
Journal of the Chinese Chemical Society,NA,2192-6549,2026-04-20,NA,wiley2026caul
Journal of the European Academy of Dermatology and Venereology,NA,1468-3083,2026-04-20,NA,wiley2026caul
Journal of the Experimental Analysis of Behavior,NA,1938-3711,2026-04-20,NA,wiley2026caul
Journal of the History of the Behavioral Sciences,NA,1520-6696,2026-04-20,NA,wiley2026caul
Journal of the London Mathematical Society,NA,1469-7750,2026-04-20,NA,wiley2026caul
Journal of the Peripheral Nervous System,NA,1529-8027,2026-04-20,NA,wiley2026caul
Journal of the Royal Anthropological Institute,NA,1467-9655,2026-04-20,NA,wiley2026caul
Journal of the Royal Society of New Zealand,NA,1175-8899,2026-04-20,NA,wiley2026caul
Journal of the Science of Food and Agriculture,NA,1097-0010,2026-04-20,NA,wiley2026caul
Journal of the Society for Information Display,NA,1938-3657,2026-04-20,NA,wiley2026caul
Journal of Time Series Analysis,NA,1467-9892,2026-04-20,NA,wiley2026caul
Journal of Topology,NA,1753-8424,2026-04-20,NA,wiley2026caul
Journal of Traumatic Stress,NA,1573-6598,2026-04-20,NA,wiley2026caul
Journal of Ultrasound in Medicine,NA,1550-9613,2026-04-20,NA,wiley2026caul
Journal of Vegetation Science,NA,1654-1103,2026-04-20,NA,wiley2026caul
Journal of Veterinary Emergency and Critical Care,NA,1476-4431,2026-04-20,NA,wiley2026caul
Journal of Veterinary Pharmacology and Therapeutics,NA,1365-2885,2026-04-20,NA,wiley2026caul
Journal of Vinyl & Additive Technology,NA,1548-0585,2026-04-20,NA,wiley2026caul
Journal of Viral Hepatitis,NA,1365-2893,2026-04-20,NA,wiley2026caul
Journal of Zoology,NA,1469-7998,2026-04-20,NA,wiley2026caul
Juvenile and Family Court Journal,NA,1755-6988,2026-04-20,NA,wiley2026caul
"Knee Surgery, Sports Traumatology, Arthroscopy",NA,1433-7347,2026-04-20,NA,wiley2026caul
Knowledge and Process Management,NA,1099-1441,2026-04-20,NA,wiley2026caul
Kyklos,NA,1467-6435,2026-04-20,NA,wiley2026caul
LABOUR,NA,1467-9914,2026-04-20,NA,wiley2026caul
"Lakes & Reservoirs: Science, Policy and Management for Sustainable Use",NA,1440-1770,2026-04-20,NA,wiley2026caul
Land Degradation & Development,NA,1099-145X,2026-04-20,NA,wiley2026caul
Language and Linguistics Compass,NA,1749-818X,2026-04-20,NA,wiley2026caul
Language Learning,NA,1467-9922,2026-04-20,NA,wiley2026caul
Laser & Photonics Reviews,NA,1863-8899,2026-04-20,NA,wiley2026caul
Lasers in Surgery and Medicine,NA,1096-9101,2026-04-20,NA,wiley2026caul
Latin American Policy,NA,2041-7373,2026-04-20,NA,wiley2026caul
Law & Policy,NA,1467-9930,2026-04-20,NA,wiley2026caul
Leader to Leader,NA,1531-5355,2026-04-20,NA,wiley2026caul
Legal and Criminological Psychology,NA,2044-8333,2026-04-20,NA,wiley2026caul
Legislative Studies Quarterly,NA,1939-9162,2026-04-20,NA,wiley2026caul
Limnology and Oceanography,NA,1939-5590,2026-04-20,NA,wiley2026caul
Limnology and Oceanography Bulletin,NA,1539-6088,2026-04-20,NA,wiley2026caul
Limnology and Oceanography: Methods,NA,1541-5856,2026-04-20,NA,wiley2026caul
Lipids,NA,1558-9307,2026-04-20,NA,wiley2026caul
Literacy,NA,1741-4369,2026-04-20,NA,wiley2026caul
Literature Compass,NA,1741-4113,2026-04-20,NA,wiley2026caul
Liver International,NA,1478-3231,2026-04-20,NA,wiley2026caul
Lubrication Science,NA,1557-6833,2026-04-20,NA,wiley2026caul
Luminescence,NA,1522-7243,2026-04-20,NA,wiley2026caul
LUTS: Lower Urinary Tract Symptoms,NA,1757-5672,2026-04-20,NA,wiley2026caul
Macromolecular Bioscience,NA,1616-5195,2026-04-20,NA,wiley2026caul
Macromolecular Chemistry and Physics,NA,1521-3935,2026-04-20,NA,wiley2026caul
Macromolecular Rapid Communications,NA,1521-3927,2026-04-20,NA,wiley2026caul
Macromolecular Reaction Engineering,NA,1862-8338,2026-04-20,NA,wiley2026caul
Macromolecular Symposia,NA,1521-3900,2026-04-20,NA,wiley2026caul
Macromolecular Theory and Simulations,NA,1521-3919,2026-04-20,NA,wiley2026caul
Magnetic Resonance in Chemistry,NA,1097-458X,2026-04-20,NA,wiley2026caul
Magnetic Resonance in Medicine,NA,1522-2594,2026-04-20,NA,wiley2026caul
Mammal Review,NA,1365-2907,2026-04-20,NA,wiley2026caul
Managerial and Decision Economics,NA,1099-1468,2026-04-20,NA,wiley2026caul
Marine Ecology,NA,1439-0485,2026-04-20,NA,wiley2026caul
Marine Mammal Science,NA,1748-7692,2026-04-20,NA,wiley2026caul
Mass Spectrometry Reviews,NA,1098-2787,2026-04-20,NA,wiley2026caul
Materials and Corrosion,NA,1521-4176,2026-04-20,NA,wiley2026caul
Materialwissenschaft und Werkstofftechnik,NA,1521-4052,2026-04-20,NA,wiley2026caul
Mathematical Finance,NA,1467-9965,2026-04-20,NA,wiley2026caul
Mathematical Logic Quarterly,NA,1521-3870,2026-04-20,NA,wiley2026caul
Mathematical Methods in the Applied Sciences,NA,1099-1476,2026-04-20,NA,wiley2026caul
Mathematika,NA,2041-7942,2026-04-20,NA,wiley2026caul
Mathematische Nachrichten,NA,1522-2616,2026-04-20,NA,wiley2026caul
Medical and Veterinary Entomology,NA,1365-2915,2026-04-20,NA,wiley2026caul
Medical Anthropology Quarterly,NA,1548-1387,2026-04-20,NA,wiley2026caul
Medical Education,NA,1365-2923,2026-04-20,NA,wiley2026caul
Medical Journal of Australia,NA,1326-5377,2026-04-20,NA,wiley2026caul
Medical Physics,NA,2473-4209,2026-04-20,NA,wiley2026caul
Medicinal Research Reviews,NA,1098-1128,2026-04-20,NA,wiley2026caul
Metaphilosophy,NA,1467-9973,2026-04-20,NA,wiley2026caul
Meteoritics & Planetary Science,NA,1945-5100,2026-04-20,NA,wiley2026caul
Metroeconomica,NA,1467-999X,2026-04-20,NA,wiley2026caul
Microbiology and Immunology,NA,1348-0421,2026-04-20,NA,wiley2026caul
Microcirculation,NA,1549-8719,2026-04-20,NA,wiley2026caul
Microscopy Research and Technique,NA,1097-0029,2026-04-20,NA,wiley2026caul
Microsurgery,NA,1098-2752,2026-04-20,NA,wiley2026caul
Microwave and Optical Technology Letters,NA,1098-2760,2026-04-20,NA,wiley2026caul
Middle East Policy,NA,1475-4967,2026-04-20,NA,wiley2026caul
Milton Quarterly,NA,1094-348X,2026-04-20,NA,wiley2026caul
Mind & Language,NA,1468-0017,2026-04-20,NA,wiley2026caul
"Mind, Brain, and Education",NA,1751-228X,2026-04-20,NA,wiley2026caul
Modern Theology,NA,1468-0025,2026-04-20,NA,wiley2026caul
Molecular Carcinogenesis,NA,1098-2744,2026-04-20,NA,wiley2026caul
Molecular Ecology,NA,1365-294X,2026-04-20,NA,wiley2026caul
Molecular Informatics,NA,1868-1751,2026-04-20,NA,wiley2026caul
Molecular Microbiology,NA,1365-2958,2026-04-20,NA,wiley2026caul
Molecular Nutrition & Food Research,NA,1613-4133,2026-04-20,NA,wiley2026caul
Molecular Oral Microbiology,NA,2041-1014,2026-04-20,NA,wiley2026caul
Molecular Reproduction and Development,NA,1098-2795,2026-04-20,NA,wiley2026caul
Movement Disorders,NA,1531-8257,2026-04-20,NA,wiley2026caul
Movement Disorders Clinical Practice,NA,2330-1619,2026-04-20,NA,wiley2026caul
Muscle & Nerve,NA,1097-4598,2026-04-20,NA,wiley2026caul
Musculoskeletal Care,NA,1557-0681,2026-04-20,NA,wiley2026caul
Museum Anthropology,NA,1548-1379,2026-04-20,NA,wiley2026caul
Music Analysis,NA,1468-2249,2026-04-20,NA,wiley2026caul
Nations and Nationalism,NA,1469-8129,2026-04-20,NA,wiley2026caul
Natural Resources Forum,NA,1477-8947,2026-04-20,NA,wiley2026caul
Natural Sciences Education,NA,2168-8281,2026-04-20,NA,wiley2026caul
Naval Research Logistics,NA,1520-6750,2026-04-20,NA,wiley2026caul
Near Surface Geophysics,NA,1873-0604,2026-04-20,NA,wiley2026caul
Nephrology,NA,1440-1797,2026-04-20,NA,wiley2026caul
Networks,NA,1097-0037,2026-04-20,NA,wiley2026caul
Neurogastroenterology & Motility,NA,1365-2982,2026-04-20,NA,wiley2026caul
Neurology and Clinical Neuroscience,NA,2049-4173,2026-04-20,NA,wiley2026caul
Neuropathology,NA,1440-1789,2026-04-20,NA,wiley2026caul
Neuropathology and Applied Neurobiology,NA,1365-2990,2026-04-20,NA,wiley2026caul
Neurourology and Urodynamics,NA,1520-6777,2026-04-20,NA,wiley2026caul
New Directions for Adult and Continuing Education,NA,1536-0717,2026-04-20,NA,wiley2026caul
New Directions for Community Colleges,NA,1536-0733,2026-04-20,NA,wiley2026caul
New Directions for Evaluation,NA,1534-875X,2026-04-20,NA,wiley2026caul
New Directions for Higher Education,NA,1536-0741,2026-04-20,NA,wiley2026caul
New Directions for Student Leadership,NA,2373-3357,2026-04-20,NA,wiley2026caul
New Directions for Student Services,NA,1536-0695,2026-04-20,NA,wiley2026caul
New Directions for Teaching and Learning,NA,1536-0768,2026-04-20,NA,wiley2026caul
New Phytologist,NA,1469-8137,2026-04-20,NA,wiley2026caul
"New Technology, Work and Employment",NA,1468-005X,2026-04-20,NA,wiley2026caul
New Zealand Geographer,NA,1745-7939,2026-04-20,NA,wiley2026caul
New Zealand Journal of Agricultural Research,NA,1175-8775,2026-04-20,NA,wiley2026caul
New Zealand Journal of Botany,NA,1175-8643,2026-04-20,NA,wiley2026caul
New Zealand Journal of Crop and Horticultural Science,NA,1175-8783,2026-04-20,NA,wiley2026caul
New Zealand Journal of Geology and Geophysics,NA,1175-8791,2026-04-20,NA,wiley2026caul
New Zealand Journal of Marine and Freshwater Research,NA,1175-8805,2026-04-20,NA,wiley2026caul
New Zealand Journal of Zoology,NA,1175-8821,2026-04-20,NA,wiley2026caul
NMR in Biomedicine,NA,1099-1492,2026-04-20,NA,wiley2026caul
Nonprofit Management & Leadership,NA,1542-7854,2026-04-20,NA,wiley2026caul
Noûs,NA,1468-0068,2026-04-20,NA,wiley2026caul
Numerical Linear Algebra With Applications,NA,1099-1506,2026-04-20,NA,wiley2026caul
Numerical Methods for Partial Differential Equations,NA,1098-2426,2026-04-20,NA,wiley2026caul
Nursing & Health Sciences,NA,1442-2018,2026-04-20,NA,wiley2026caul
Nursing In Critical Care,NA,1478-5153,2026-04-20,NA,wiley2026caul
Nursing Inquiry,NA,1440-1800,2026-04-20,NA,wiley2026caul
Nursing Philosophy,NA,1466-769X,2026-04-20,NA,wiley2026caul
Nutrition & Dietetics,NA,1747-0080,2026-04-20,NA,wiley2026caul
Nutrition Bulletin,NA,1467-3010,2026-04-20,NA,wiley2026caul
Nutrition in Clinical Practice,NA,1941-2452,2026-04-20,NA,wiley2026caul
Obesity,NA,1930-739X,2026-04-20,NA,wiley2026caul
Obesity Reviews,NA,1467-789X,2026-04-20,NA,wiley2026caul
Oceania,NA,1834-4461,2026-04-20,NA,wiley2026caul
Oikos,NA,1600-0706,2026-04-20,NA,wiley2026caul
OPEC Energy Review,NA,1753-0237,2026-04-20,NA,wiley2026caul
Optimal Control Applications and Methods,NA,1099-1514,2026-04-20,NA,wiley2026caul
Optometry and Vision Science,NA,1538-9235,2026-04-20,NA,wiley2026caul
Oral Diseases,NA,1601-0825,2026-04-20,NA,wiley2026caul
Oral Science International,NA,1881-4204,2026-04-20,NA,wiley2026caul
Oral Surgery,NA,1752-248X,2026-04-20,NA,wiley2026caul
Orbis Litterarum,NA,1600-0730,2026-04-20,NA,wiley2026caul
Orthodontics & Craniofacial Research,NA,1601-6343,2026-04-20,NA,wiley2026caul
Otolaryngology-Head and Neck Surgery,NA,1097-6817,2026-04-20,NA,wiley2026caul
Oxford Bulletin of Economics and Statistics,NA,1468-0084,2026-04-20,NA,wiley2026caul
Oxford Journal of Archaeology,NA,1468-0092,2026-04-20,NA,wiley2026caul
Pacific Economic Review,NA,1468-0106,2026-04-20,NA,wiley2026caul
Pacific Focus,NA,1976-5118,2026-04-20,NA,wiley2026caul
Pacific Philosophical Quarterly,NA,1468-0114,2026-04-20,NA,wiley2026caul
Pacing and Clinical Electrophysiology,NA,1540-8159,2026-04-20,NA,wiley2026caul
Packaging Technology and Science,NA,1099-1522,2026-04-20,NA,wiley2026caul
Paediatric and Perinatal Epidemiology,NA,1365-3016,2026-04-20,NA,wiley2026caul
Pain Practice,NA,1533-2500,2026-04-20,NA,wiley2026caul
Palaeontology,NA,1475-4983,2026-04-20,NA,wiley2026caul
Paleoceanography and Paleoclimatology,NA,2572-4525,2026-04-20,NA,wiley2026caul
Papers in Palaeontology,NA,2056-2802,2026-04-20,NA,wiley2026caul
Parasite Immunology,NA,1365-3024,2026-04-20,NA,wiley2026caul
Parliamentary History,NA,1750-0206,2026-04-20,NA,wiley2026caul
Particle & Particle Systems Characterization,NA,1521-4117,2026-04-20,NA,wiley2026caul
Pathology International,NA,1440-1827,2026-04-20,NA,wiley2026caul
Peace & Change,NA,1468-0130,2026-04-20,NA,wiley2026caul
Pediatric Allergy and Immunology,NA,1399-3038,2026-04-20,NA,wiley2026caul
Pediatric Anesthesia,NA,1460-9592,2026-04-20,NA,wiley2026caul
Pediatric Blood & Cancer,NA,1545-5017,2026-04-20,NA,wiley2026caul
Pediatric Dermatology,NA,1525-1470,2026-04-20,NA,wiley2026caul
Pediatric Obesity,NA,2047-6310,2026-04-20,NA,wiley2026caul
Pediatric Pulmonology,NA,1099-0496,2026-04-20,NA,wiley2026caul
Pediatric Transplantation,NA,1399-3046,2026-04-20,NA,wiley2026caul
Pediatrics International,NA,1442-200X,2026-04-20,NA,wiley2026caul
Peptide Science,NA,2475-8817,2026-04-20,NA,wiley2026caul
Periodontology 2000,NA,1600-0757,2026-04-20,NA,wiley2026caul
Permafrost and Periglacial Processes,NA,1099-1530,2026-04-20,NA,wiley2026caul
Personal Relationships,NA,1475-6811,2026-04-20,NA,wiley2026caul
Personality and Mental Health,NA,1932-863X,2026-04-20,NA,wiley2026caul
Personnel Psychology,NA,1744-6570,2026-04-20,NA,wiley2026caul
Perspectives On Sexual and Reproductive Health,NA,1931-2393,2026-04-20,NA,wiley2026caul
Pest Management Science,NA,1526-4998,2026-04-20,NA,wiley2026caul
Pharmaceutical Statistics,NA,1539-1612,2026-04-20,NA,wiley2026caul
Pharmacoepidemiology and Drug Safety,NA,1099-1557,2026-04-20,NA,wiley2026caul
Pharmacotherapy: The Journal of Human Pharmacology and Drug Therapy,NA,1875-9114,2026-04-20,NA,wiley2026caul
Philosophical Investigations,NA,1467-9205,2026-04-20,NA,wiley2026caul
Philosophical Issues,NA,1758-2237,2026-04-20,NA,wiley2026caul
Philosophical Perspectives,NA,1520-8583,2026-04-20,NA,wiley2026caul
Philosophy & Public Affairs,NA,1088-4963,2026-04-20,NA,wiley2026caul
Philosophy and Phenomenological Research,NA,1933-1592,2026-04-20,NA,wiley2026caul
Philosophy Compass,NA,1747-9991,2026-04-20,NA,wiley2026caul
Photochemistry and Photobiology,NA,1751-1097,2026-04-20,NA,wiley2026caul
"Photodermatology, Photoimmunology & Photomedicine",NA,1600-0781,2026-04-20,NA,wiley2026caul
Phycological Research,NA,1440-1835,2026-04-20,NA,wiley2026caul
physica status solidi (a) applications and materials science,NA,1862-6319,2026-04-20,NA,wiley2026caul
physica status solidi (b) basic solid state physics,NA,1521-3951,2026-04-20,NA,wiley2026caul
physica status solidi (RRL) rapid research letters,NA,1862-6270,2026-04-20,NA,wiley2026caul
Physik in unserer Zeit,NA,1521-3943,2026-04-20,NA,wiley2026caul
Physiologia Plantarum,NA,1399-3054,2026-04-20,NA,wiley2026caul
Physiological Entomology,NA,1365-3032,2026-04-20,NA,wiley2026caul
Physiotherapy Research International,NA,1471-2865,2026-04-20,NA,wiley2026caul
Phytochemical Analysis,NA,1099-1565,2026-04-20,NA,wiley2026caul
Phytotherapy Research,NA,1099-1573,2026-04-20,NA,wiley2026caul
Pigment Cell & Melanoma Research,NA,1755-148X,2026-04-20,NA,wiley2026caul
Plant Biology,NA,1438-8677,2026-04-20,NA,wiley2026caul
Plant Breeding,NA,1439-0523,2026-04-20,NA,wiley2026caul
Plant Pathology,NA,1365-3059,2026-04-20,NA,wiley2026caul
"Plant, Cell & Environment",NA,1365-3040,2026-04-20,NA,wiley2026caul
Plasma Processes and Polymers,NA,1612-8869,2026-04-20,NA,wiley2026caul
PM&R,NA,1934-1563,2026-04-20,NA,wiley2026caul
PoLAR: Political and Legal Anthropology Review,NA,1555-2934,2026-04-20,NA,wiley2026caul
Policy & Internet,NA,1944-2866,2026-04-20,NA,wiley2026caul
Policy Studies Journal,NA,1541-0072,2026-04-20,NA,wiley2026caul
Political Psychology,NA,1467-9221,2026-04-20,NA,wiley2026caul
Politics & Policy,NA,1747-1346,2026-04-20,NA,wiley2026caul
Polymer Composites,NA,1548-0569,2026-04-20,NA,wiley2026caul
Polymer Engineering & Science,NA,1548-2634,2026-04-20,NA,wiley2026caul
Polymer International,NA,1097-0126,2026-04-20,NA,wiley2026caul
Polymers for Advanced Technologies,NA,1099-1581,2026-04-20,NA,wiley2026caul
Popular Culture Review,NA,2831-865X,2026-04-20,NA,wiley2026caul
Population and Development Review,NA,1728-4457,2026-04-20,NA,wiley2026caul
Population Ecology,NA,1438-390X,2026-04-20,NA,wiley2026caul
"Population, Space and Place",NA,1544-8452,2026-04-20,NA,wiley2026caul
Poverty & Public Policy,NA,1944-2858,2026-04-20,NA,wiley2026caul
Prenatal Diagnosis,NA,1097-0223,2026-04-20,NA,wiley2026caul
Presidential Studies Quarterly,NA,1741-5705,2026-04-20,NA,wiley2026caul
Proceedings in Applied Mathematics & Mechanics,NA,1617-7061,2026-04-20,NA,wiley2026caul
Proceedings of the London Mathematical Society,NA,1460-244X,2026-04-20,NA,wiley2026caul
Process Safety Progress,NA,1547-5913,2026-04-20,NA,wiley2026caul
Progress in Photovoltaics: Research and Applications,NA,1099-159X,2026-04-20,NA,wiley2026caul
"Propellants, Explosives, Pyrotechnics",NA,1521-4087,2026-04-20,NA,wiley2026caul
Protein Science,NA,1469-896X,2026-04-20,NA,wiley2026caul
"Proteins: Structure, Function, and Bioinformatics",NA,1097-0134,2026-04-20,NA,wiley2026caul
Proteomics,NA,1615-9861,2026-04-20,NA,wiley2026caul
PROTEOMICS - Clinical Applications,NA,1862-8354,2026-04-20,NA,wiley2026caul
Psychiatry and Clinical Neurosciences,NA,1440-1819,2026-04-20,NA,wiley2026caul
Psycho-Oncology,NA,1099-1611,2026-04-20,NA,wiley2026caul
Psychogeriatrics,NA,1479-8301,2026-04-20,NA,wiley2026caul
Psychology & Marketing,NA,1520-6793,2026-04-20,NA,wiley2026caul
"Psychology and Psychotherapy: Theory, Research and Practice",NA,2044-8341,2026-04-20,NA,wiley2026caul
Psychology in the Schools,NA,1520-6807,2026-04-20,NA,wiley2026caul
Psychophysiology,NA,1469-8986,2026-04-20,NA,wiley2026caul
Public Administration,NA,1467-9299,2026-04-20,NA,wiley2026caul
Public Administration and Development,NA,1099-162X,2026-04-20,NA,wiley2026caul
Public Administration Review,NA,1540-6210,2026-04-20,NA,wiley2026caul
Public Budgeting & Finance,NA,1540-5850,2026-04-20,NA,wiley2026caul
Public Health Nursing,NA,1525-1446,2026-04-20,NA,wiley2026caul
Quality and Reliability Engineering International,NA,1099-1638,2026-04-20,NA,wiley2026caul
Quarterly Journal of the Royal Meteorological Society,NA,1477-870X,2026-04-20,NA,wiley2026caul
R&D Management,NA,1467-9310,2026-04-20,NA,wiley2026caul
Radio Science,NA,1944-799X,2026-04-20,NA,wiley2026caul
Random Structures & Algorithms,NA,1098-2418,2026-04-20,NA,wiley2026caul
Rapid Communications in Mass Spectrometry,NA,1097-0231,2026-04-20,NA,wiley2026caul
Ratio,NA,1467-9329,2026-04-20,NA,wiley2026caul
Ratio Juris,NA,1467-9337,2026-04-20,NA,wiley2026caul
Reading Research Quarterly,NA,1936-2722,2026-04-20,NA,wiley2026caul
Real Estate Economics,NA,1540-6229,2026-04-20,NA,wiley2026caul
Regulation & Governance,NA,1748-5991,2026-04-20,NA,wiley2026caul
Religion Compass,NA,1749-8171,2026-04-20,NA,wiley2026caul
Religious Studies Review,NA,1748-0922,2026-04-20,NA,wiley2026caul
Remediation,NA,1520-6831,2026-04-20,NA,wiley2026caul
Renaissance Studies,NA,1477-4658,2026-04-20,NA,wiley2026caul
Reproduction in Domestic Animals,NA,1439-0531,2026-04-20,NA,wiley2026caul
Research in Nursing & Health,NA,1098-240X,2026-04-20,NA,wiley2026caul
Resource Geology,NA,1751-3928,2026-04-20,NA,wiley2026caul
Respirology,NA,1440-1843,2026-04-20,NA,wiley2026caul
Restoration Ecology,NA,1526-100X,2026-04-20,NA,wiley2026caul
Review of Development Economics,NA,1467-9361,2026-04-20,NA,wiley2026caul
Review of Education,NA,2049-6613,2026-04-20,NA,wiley2026caul
"Review of European, Comparative & International Environmental Law",NA,2050-0394,2026-04-20,NA,wiley2026caul
Review of Financial Economics,NA,1873-5924,2026-04-20,NA,wiley2026caul
Review of Income and Wealth,NA,1475-4991,2026-04-20,NA,wiley2026caul
Review of International Economics,NA,1467-9396,2026-04-20,NA,wiley2026caul
Review of Policy Research,NA,1541-1338,2026-04-20,NA,wiley2026caul
Reviews in Aquaculture,NA,1753-5131,2026-04-20,NA,wiley2026caul
Reviews in Medical Virology,NA,1099-1654,2026-04-20,NA,wiley2026caul
Reviews in Religion & Theology,NA,1467-9418,2026-04-20,NA,wiley2026caul
Reviews of Geophysics,NA,1944-9208,2026-04-20,NA,wiley2026caul
Risk Analysis,NA,1539-6924,2026-04-20,NA,wiley2026caul
Risk Management and Insurance Review,NA,1540-6296,2026-04-20,NA,wiley2026caul
"Risk, Hazards & Crisis in Public Policy",NA,1944-4079,2026-04-20,NA,wiley2026caul
River Research and Applications,NA,1535-1467,2026-04-20,NA,wiley2026caul
Rural Sociology,NA,1549-0831,2026-04-20,NA,wiley2026caul
Scandinavian Journal of Caring Sciences,NA,1471-6712,2026-04-20,NA,wiley2026caul
Scandinavian Journal of Immunology,NA,1365-3083,2026-04-20,NA,wiley2026caul
Scandinavian Journal of Medicine & Science in Sports,NA,1600-0838,2026-04-20,NA,wiley2026caul
Scandinavian Journal of Psychology,NA,1467-9450,2026-04-20,NA,wiley2026caul
Scandinavian Journal of Statistics,NA,1467-9469,2026-04-20,NA,wiley2026caul
Scandinavian Political Studies,NA,1467-9477,2026-04-20,NA,wiley2026caul
School Science and Mathematics,NA,1949-8594,2026-04-20,NA,wiley2026caul
Science Education,NA,1098-237X,2026-04-20,NA,wiley2026caul
Scottish Journal of Political Economy,NA,1467-9485,2026-04-20,NA,wiley2026caul
"Sculpture, Monuments and Open Space",NA,2993-3439,2026-04-20,NA,wiley2026caul
Security and Privacy,NA,2475-6725,2026-04-20,NA,wiley2026caul
Sedimentology,NA,1365-3091,2026-04-20,NA,wiley2026caul
Seminars in Dialysis,NA,1525-139X,2026-04-20,NA,wiley2026caul
Separation Science Plus,NA,2573-1815,2026-04-20,NA,wiley2026caul
"Sexuality, Gender & Policy",NA,2639-5355,2026-04-20,NA,wiley2026caul
Singapore Journal of Tropical Geography,NA,1467-9493,2026-04-20,NA,wiley2026caul
Small,NA,1613-6829,2026-04-20,NA,wiley2026caul
Small Methods,NA,2366-9608,2026-04-20,NA,wiley2026caul
Social and Personality Psychology Compass,NA,1751-9004,2026-04-20,NA,wiley2026caul
Social Development,NA,1467-9507,2026-04-20,NA,wiley2026caul
Social Issues and Policy Review,NA,1751-2409,2026-04-20,NA,wiley2026caul
Social Policy & Administration,NA,1467-9515,2026-04-20,NA,wiley2026caul
Social Science Quarterly,NA,1540-6237,2026-04-20,NA,wiley2026caul
Sociologia Ruralis,NA,1467-9523,2026-04-20,NA,wiley2026caul
Sociological Forum,NA,1573-7861,2026-04-20,NA,wiley2026caul
Sociological Inquiry,NA,1475-682X,2026-04-20,NA,wiley2026caul
Sociology Compass,NA,1751-9020,2026-04-20,NA,wiley2026caul
Sociology Lens,NA,1467-6443,2026-04-20,NA,wiley2026caul
Sociology of Health & Illness,NA,1467-9566,2026-04-20,NA,wiley2026caul
"Software Testing, Verification & Reliability",NA,1099-1689,2026-04-20,NA,wiley2026caul
Software: Practice and Experience,NA,1097-024X,2026-04-20,NA,wiley2026caul
Soil Science Society of America Journal,NA,1435-0661,2026-04-20,NA,wiley2026caul
Soil Use and Management,NA,1475-2743,2026-04-20,NA,wiley2026caul
Solar RRL,NA,2367-198X,2026-04-20,NA,wiley2026caul
Sonography,NA,2054-6750,2026-04-20,NA,wiley2026caul
South African Journal of Economics,NA,1813-6982,2026-04-20,NA,wiley2026caul
Southern Economic Journal,NA,2325-8012,2026-04-20,NA,wiley2026caul
Special Care in Dentistry,NA,1754-4505,2026-04-20,NA,wiley2026caul
Starch - Stärke,NA,1521-379X,2026-04-20,NA,wiley2026caul
Stat,NA,2049-1573,2026-04-20,NA,wiley2026caul
Statistica Neerlandica,NA,1467-9574,2026-04-20,NA,wiley2026caul
Statistical Analysis and Data Mining,NA,1932-1872,2026-04-20,NA,wiley2026caul
Statistics in Medicine,NA,1097-0258,2026-04-20,NA,wiley2026caul
Steel Construction: Design and Research,NA,1867-0539,2026-04-20,NA,wiley2026caul
Steel Research International,NA,1869-344X,2026-04-20,NA,wiley2026caul
Strain,NA,1475-1305,2026-04-20,NA,wiley2026caul
Strategic Change,NA,1099-1697,2026-04-20,NA,wiley2026caul
Strategic Entrepreneurship Journal,NA,1932-443X,2026-04-20,NA,wiley2026caul
Strategic Management Journal,NA,1097-0266,2026-04-20,NA,wiley2026caul
Stress and Health,NA,1532-2998,2026-04-20,NA,wiley2026caul
Structural Concrete,NA,1751-7648,2026-04-20,NA,wiley2026caul
Studia Linguistica,NA,1467-9582,2026-04-20,NA,wiley2026caul
Studies in Applied Mathematics,NA,1467-9590,2026-04-20,NA,wiley2026caul
Studies In Ethnicity and Nationalism,NA,1754-9469,2026-04-20,NA,wiley2026caul
Studies in Family Planning,NA,1728-4465,2026-04-20,NA,wiley2026caul
Suicide and Life-Threatening Behavior,NA,1943-278X,2026-04-20,NA,wiley2026caul
Support for Learning,NA,1467-9604,2026-04-20,NA,wiley2026caul
Surface and Interface Analysis,NA,1096-9918,2026-04-20,NA,wiley2026caul
Surgical Practice,NA,1744-1633,2026-04-20,NA,wiley2026caul
Sustainable Development,NA,1099-1719,2026-04-20,NA,wiley2026caul
Swiss Political Science Review,NA,1662-6370,2026-04-20,NA,wiley2026caul
Symbolic Interaction,NA,1533-8665,2026-04-20,NA,wiley2026caul
Synapse,NA,1098-2396,2026-04-20,NA,wiley2026caul
Syntax,NA,1467-9612,2026-04-20,NA,wiley2026caul
System Dynamics Review,NA,1099-1727,2026-04-20,NA,wiley2026caul
Systematic Entomology,NA,1365-3113,2026-04-20,NA,wiley2026caul
Systems Engineering,NA,1520-6858,2026-04-20,NA,wiley2026caul
Systems Research and Behavioral Science,NA,1099-1743,2026-04-20,NA,wiley2026caul
TAXON,NA,1996-8175,2026-04-20,NA,wiley2026caul
Teaching Statistics,NA,1467-9639,2026-04-20,NA,wiley2026caul
Teaching Theology & Religion,NA,1467-9647,2026-04-20,NA,wiley2026caul
Tectonics,NA,1944-9194,2026-04-20,NA,wiley2026caul
Terra Nova,NA,1365-3121,2026-04-20,NA,wiley2026caul
TESOL Journal,NA,1949-3533,2026-04-20,NA,wiley2026caul
TESOL Quarterly,NA,1545-7249,2026-04-20,NA,wiley2026caul
The American Journal of Economics and Sociology,NA,1536-7150,2026-04-20,NA,wiley2026caul
The American Journal on Addictions,NA,1521-0391,2026-04-20,NA,wiley2026caul
The Anatomical Record,NA,1932-8494,2026-04-20,NA,wiley2026caul
The Australian Economic Review,NA,1467-8462,2026-04-20,NA,wiley2026caul
The Australian Journal of Agricultural and Resource Economics,NA,1467-8489,2026-04-20,NA,wiley2026caul
The Australian Journal of Anthropology,NA,1757-6547,2026-04-20,NA,wiley2026caul
The British Journal of Sociology,NA,1468-4446,2026-04-20,NA,wiley2026caul
The Canadian Journal of Chemical Engineering,NA,1939-019X,2026-04-20,NA,wiley2026caul
The Canadian Journal of Statistics/La revue canadienne de statistique,NA,1708-945X,2026-04-20,NA,wiley2026caul
The Career Development Quarterly,NA,2161-0045,2026-04-20,NA,wiley2026caul
The Chemical Record,NA,1528-0691,2026-04-20,NA,wiley2026caul
The Clinical Teacher,NA,1743-498X,2026-04-20,NA,wiley2026caul
The Curriculum Journal,NA,1469-3704,2026-04-20,NA,wiley2026caul
The Developing Economies,NA,1746-1049,2026-04-20,NA,wiley2026caul
The Economic History Review,NA,1468-0289,2026-04-20,NA,wiley2026caul
The Ecumenical Review,NA,1758-6623,2026-04-20,NA,wiley2026caul
The Electronic Journal of Information Systems in Developing Countries,NA,1681-4835,2026-04-20,NA,wiley2026caul
The FASEB Journal,NA,1530-6860,2026-04-20,NA,wiley2026caul
The FEBS Journal,NA,1742-4658,2026-04-20,NA,wiley2026caul
The Financial Review,NA,1540-6288,2026-04-20,NA,wiley2026caul
The Geographical Journal,NA,1475-4959,2026-04-20,NA,wiley2026caul
The German Quarterly,NA,1756-1183,2026-04-20,NA,wiley2026caul
The Heythrop Journal,NA,1468-2265,2026-04-20,NA,wiley2026caul
The Howard Journal of Crime and Justice,NA,2059-1101,2026-04-20,NA,wiley2026caul
The International Journal of Health Planning and Management,NA,1099-1751,2026-04-20,NA,wiley2026caul
The International Journal of Medical Robotics and Computer Assisted Surgery,NA,1478-596X,2026-04-20,NA,wiley2026caul
The Journal of American Culture,NA,1542-734X,2026-04-20,NA,wiley2026caul
The Journal of Clinical Pharmacology,NA,1552-4604,2026-04-20,NA,wiley2026caul
The Journal of Comparative Neurology,NA,1096-9861,2026-04-20,NA,wiley2026caul
The Journal of Creative Behavior,NA,2162-6057,2026-04-20,NA,wiley2026caul
The Journal of Dermatology,NA,1346-8138,2026-04-20,NA,wiley2026caul
The Journal of Finance,NA,1540-6261,2026-04-20,NA,wiley2026caul
The Journal of Futures Markets,NA,1096-9934,2026-04-20,NA,wiley2026caul
The Journal of Gene Medicine,NA,1521-2254,2026-04-20,NA,wiley2026caul
The Journal of Humanistic Counseling,NA,2161-1939,2026-04-20,NA,wiley2026caul
The Journal of Industrial Economics,NA,1467-6451,2026-04-20,NA,wiley2026caul
The Journal of Latin American and Caribbean Anthropology,NA,1935-4940,2026-04-20,NA,wiley2026caul
The Journal of Pathology,NA,1096-9896,2026-04-20,NA,wiley2026caul
The Journal of Physiology,NA,1469-7793,2026-04-20,NA,wiley2026caul
The Journal of Popular Culture,NA,1540-5931,2026-04-20,NA,wiley2026caul
The Journal of Rural Health,NA,1748-0361,2026-04-20,NA,wiley2026caul
The Journal of Wildlife Management,NA,1937-2817,2026-04-20,NA,wiley2026caul
The Journal of World Intellectual Property,NA,1747-1796,2026-04-20,NA,wiley2026caul
The Laryngoscope,NA,1531-4995,2026-04-20,NA,wiley2026caul
The Manchester School,NA,1467-9957,2026-04-20,NA,wiley2026caul
The Milbank Quarterly,NA,1468-0009,2026-04-20,NA,wiley2026caul
The Modern Language Journal,NA,1540-4781,2026-04-20,NA,wiley2026caul
The Modern Law Review,NA,1468-2230,2026-04-20,NA,wiley2026caul
The Muslim World,NA,1478-1913,2026-04-20,NA,wiley2026caul
The Obstetrician & Gynaecologist,NA,1744-4667,2026-04-20,NA,wiley2026caul
The Philosophical Forum,NA,1467-9191,2026-04-20,NA,wiley2026caul
The Photogrammetric Record,NA,1477-9730,2026-04-20,NA,wiley2026caul
The Plant Journal,NA,1365-313X,2026-04-20,NA,wiley2026caul
The Political Quarterly,NA,1467-923X,2026-04-20,NA,wiley2026caul
The Prostate,NA,1097-0045,2026-04-20,NA,wiley2026caul
The RAND Journal of Economics,NA,1756-2171,2026-04-20,NA,wiley2026caul
The Reading Teacher,NA,1936-2714,2026-04-20,NA,wiley2026caul
The Russian Review,NA,1467-9434,2026-04-20,NA,wiley2026caul
The Scandinavian Journal of Economics,NA,1467-9442,2026-04-20,NA,wiley2026caul
The Southern Journal of Philosophy,NA,2041-6962,2026-04-20,NA,wiley2026caul
The Structural Design of Tall and Special Buildings,NA,1541-7808,2026-04-20,NA,wiley2026caul
The World Economy,NA,1467-9701,2026-04-20,NA,wiley2026caul
Theoria,NA,1755-2567,2026-04-20,NA,wiley2026caul
Therapeutic Apheresis and Dialysis,NA,1744-9987,2026-04-20,NA,wiley2026caul
Thunderbird International Business Review,NA,1520-6874,2026-04-20,NA,wiley2026caul
Tijdschrift voor Economische en Sociale Geografie,NA,1467-9663,2026-04-20,NA,wiley2026caul
Topics in Cognitive Science,NA,1756-8765,2026-04-20,NA,wiley2026caul
Traditional & Kampo Medicine,NA,2053-4515,2026-04-20,NA,wiley2026caul
Traffic,NA,1600-0854,2026-04-20,NA,wiley2026caul
Transactions in GIS,NA,1467-9671,2026-04-20,NA,wiley2026caul
Transactions of the Institute of British Geographers,NA,1475-5661,2026-04-20,NA,wiley2026caul
Transactions of the Philological Society,NA,1467-968X,2026-04-20,NA,wiley2026caul
Transactions on Emerging Telecommunications Technologies,NA,2161-3915,2026-04-20,NA,wiley2026caul
Transfusion,NA,1537-2995,2026-04-20,NA,wiley2026caul
Transfusion Medicine,NA,1365-3148,2026-04-20,NA,wiley2026caul
Transplant Infectious Disease,NA,1399-3062,2026-04-20,NA,wiley2026caul
Transportation Journal,NA,2157-328X,2026-04-20,NA,wiley2026caul
Tropical Medicine & International Health,NA,1365-3156,2026-04-20,NA,wiley2026caul
Ultrasound in Obstetrics & Gynecology,NA,1469-0705,2026-04-20,NA,wiley2026caul
Veterinary and Comparative Oncology,NA,1476-5829,2026-04-20,NA,wiley2026caul
Veterinary Clinical Pathology,NA,1939-165X,2026-04-20,NA,wiley2026caul
Veterinary Dermatology,NA,1365-3164,2026-04-20,NA,wiley2026caul
Veterinary Ophthalmology,NA,1463-5224,2026-04-20,NA,wiley2026caul
Veterinary Radiology & Ultrasound,NA,1740-8261,2026-04-20,NA,wiley2026caul
Veterinary Record,NA,2042-7670,2026-04-20,NA,wiley2026caul
Veterinary Record Case Reports,NA,2052-6121,2026-04-20,NA,wiley2026caul
Veterinary Surgery,NA,1532-950X,2026-04-20,NA,wiley2026caul
Vietnam Journal of Chemistry,NA,2572-8288,2026-04-20,NA,wiley2026caul
Visual Anthropology Review,NA,1548-7458,2026-04-20,NA,wiley2026caul
Vox Sanguinis,NA,1423-0410,2026-04-20,NA,wiley2026caul
Water and Environment Journal,NA,1747-6593,2026-04-20,NA,wiley2026caul
Water Environment Research,NA,1554-7531,2026-04-20,NA,wiley2026caul
Weather,NA,1477-8696,2026-04-20,NA,wiley2026caul
Weed Biology and Management,NA,1445-6664,2026-04-20,NA,wiley2026caul
Weed Research,NA,1365-3180,2026-04-20,NA,wiley2026caul
Wildlife Monographs,NA,1938-5455,2026-04-20,NA,wiley2026caul
WIREs Climate Change,NA,1757-7799,2026-04-20,NA,wiley2026caul
WIREs Cognitive Science,NA,1939-5086,2026-04-20,NA,wiley2026caul
WIREs Computational Molecular Science,NA,1759-0884,2026-04-20,NA,wiley2026caul
WIREs Computational Statistics,NA,1939-0068,2026-04-20,NA,wiley2026caul
WIREs Data Mining and Knowledge Discovery,NA,1942-4795,2026-04-20,NA,wiley2026caul
WIREs Energy and Environment,NA,2041-840X,2026-04-20,NA,wiley2026caul
WIREs Forensic Science,NA,2573-9468,2026-04-20,NA,wiley2026caul
WIREs Mechanisms of Disease,NA,2692-9368,2026-04-20,NA,wiley2026caul
WIREs Nanomedicine and Nanobiotechnology,NA,1939-0041,2026-04-20,NA,wiley2026caul
WIREs RNA,NA,1757-7012,2026-04-20,NA,wiley2026caul
WIREs Water,NA,2049-1948,2026-04-20,NA,wiley2026caul
World Affairs,NA,1940-1582,2026-04-20,NA,wiley2026caul
World Englishes,NA,1467-971X,2026-04-20,NA,wiley2026caul
World Food Policy,NA,2372-8639,2026-04-20,NA,wiley2026caul
World Journal of Surgery,NA,1432-2323,2026-04-20,NA,wiley2026caul
World Medical & Health Policy,NA,1948-4682,2026-04-20,NA,wiley2026caul
World Water Policy,NA,2639-541X,2026-04-20,NA,wiley2026caul
Worldviews on Evidence-Based Nursing,NA,1741-6787,2026-04-20,NA,wiley2026caul
Wound Repair and Regeneration,NA,1524-475X,2026-04-20,NA,wiley2026caul
X-Ray Spectrometry,NA,1097-4539,2026-04-20,NA,wiley2026caul
Xenotransplantation,NA,1399-3089,2026-04-20,NA,wiley2026caul
Yeast,NA,1097-0061,2026-04-20,NA,wiley2026caul
ZAMM - Journal of Applied Mathematics and Mechanics,NA,1521-4001,2026-04-20,NA,wiley2026caul
Zeitschrift für anorganische und allgemeine Chemie,NA,1521-3749,2026-04-20,NA,wiley2026caul
Zoo Biology,NA,1098-2361,2026-04-20,NA,wiley2026caul
Zoologica Scripta,NA,1463-6409,2026-04-20,NA,wiley2026caul
Zoonoses and Public Health,NA,1863-2378,2026-04-20,NA,wiley2026caul
Abstract and Applied Analysis,NA,1687-0409,2026-04-20,NA,wiley2026caul
ACR Open Rheumatology,NA,2578-5745,2026-04-20,NA,wiley2026caul
Acta Neurologica Scandinavica,NA,1600-0404,2026-04-20,NA,wiley2026caul
Acta Obstetricia et Gynecologica Scandinavica,NA,1600-0412,2026-04-20,NA,wiley2026caul
Active and Passive Electronic Components,NA,1563-5031,2026-04-20,NA,wiley2026caul
Acute Medicine & Surgery,NA,2052-8817,2026-04-20,NA,wiley2026caul
Addiction Biology,NA,1369-1600,2026-04-20,NA,wiley2026caul
Advanced Chemical Engineering,NA,3053-786X,2026-04-20,NA,wiley2026caul
Advanced Electronic Materials,NA,2199-160X,2026-04-20,NA,wiley2026caul
Advanced Energy and Sustainability Research,NA,2699-9412,2026-04-20,NA,wiley2026caul
Advanced Genetics,NA,2641-6573,2026-04-20,NA,wiley2026caul
Advanced Gut & Microbiome Research,NA,2755-1652,2026-04-20,NA,wiley2026caul
Advanced Intelligent Discovery,NA,2943-9981,2026-04-20,NA,wiley2026caul
Advanced Intelligent Systems,NA,2640-4567,2026-04-20,NA,wiley2026caul
Advanced Materials Interfaces,NA,2196-7350,2026-04-20,NA,wiley2026caul
Advanced NanoBioMed Research,NA,2699-9307,2026-04-20,NA,wiley2026caul
Advanced Photonics Research,NA,2699-9293,2026-04-20,NA,wiley2026caul
Advanced Physics Research,NA,2751-1200,2026-04-20,NA,wiley2026caul
Advanced Robotics Research,NA,2943-9973,2026-04-20,NA,wiley2026caul
Advanced Science,NA,2198-3844,2026-04-20,NA,wiley2026caul
Advanced Sensor Research,NA,2751-1219,2026-04-20,NA,wiley2026caul
Advances in Agriculture,NA,2314-7539,2026-04-20,NA,wiley2026caul
Advances in Astronomy,NA,1687-7977,2026-04-20,NA,wiley2026caul
Advances in Cell and Gene Therapy,NA,2573-8461,2026-04-20,NA,wiley2026caul
Advances in Civil Engineering,NA,1687-8094,2026-04-20,NA,wiley2026caul
Advances in Condensed Matter Physics,NA,1687-8124,2026-04-20,NA,wiley2026caul
Advances in Fuzzy Systems,NA,1687-711X,2026-04-20,NA,wiley2026caul
Advances in Hematology,NA,1687-9112,2026-04-20,NA,wiley2026caul
Advances in High Energy Physics,NA,1687-7365,2026-04-20,NA,wiley2026caul
Advances in Human-Computer Interaction,NA,1687-5907,2026-04-20,NA,wiley2026caul
Advances in Materials Science and Engineering,NA,1687-8442,2026-04-20,NA,wiley2026caul
Advances in Mathematical Physics,NA,1687-9139,2026-04-20,NA,wiley2026caul
Advances in Meteorology,NA,1687-9317,2026-04-20,NA,wiley2026caul
Advances in Multimedia,NA,1687-5699,2026-04-20,NA,wiley2026caul
Advances in Orthopedics,NA,2090-3472,2026-04-20,NA,wiley2026caul
Advances in Pharmacological and Pharmaceutical Sciences,NA,2633-4690,2026-04-20,NA,wiley2026caul
Advances in Polymer Technology,NA,1098-2329,2026-04-20,NA,wiley2026caul
Advances in Public Health,NA,2314-7784,2026-04-20,NA,wiley2026caul
Advances in Urology,NA,1687-6377,2026-04-20,NA,wiley2026caul
Advances in Virology,NA,1687-8647,2026-04-20,NA,wiley2026caul
Aggregate,NA,2692-4560,2026-04-20,NA,wiley2026caul
Aging and Cancer,NA,2643-8909,2026-04-20,NA,wiley2026caul
Aging Cell,NA,1474-9726,2026-04-20,NA,wiley2026caul
Aging Medicine,NA,2475-0360,2026-04-20,NA,wiley2026caul
Agricultural & Environmental Letters,NA,2471-9625,2026-04-20,NA,wiley2026caul
AgriFood: Journal of Agricultural Products for Food,NA,3066-9448,2026-04-20,NA,wiley2026caul
"Agrosystems, Geosciences & Environment",NA,2639-6696,2026-04-20,NA,wiley2026caul
AGU Advances,NA,2576-604X,2026-04-20,NA,wiley2026caul
AI & Innovation,NA,3067-3941,2026-04-20,NA,wiley2026caul
AI Magazine,NA,2371-9621,2026-04-20,NA,wiley2026caul
AIDS Research and Treatment,NA,2090-1259,2026-04-20,NA,wiley2026caul
Alzheimer's & Dementia,NA,1552-5279,2026-04-20,NA,wiley2026caul
Alzheimer's & Dementia: Behavior & Socioeconomics of Aging,NA,2997-3805,2026-04-20,NA,wiley2026caul
"Alzheimer's & Dementia: Diagnosis, Assessment & Disease Monitoring",NA,2352-8729,2026-04-20,NA,wiley2026caul
Alzheimer's & Dementia: Translational Research & Clinical Interventions,NA,2352-8737,2026-04-20,NA,wiley2026caul
Analytical Cellular Pathology,NA,2210-7185,2026-04-20,NA,wiley2026caul
Analytical Science Advances,NA,2628-5452,2026-04-20,NA,wiley2026caul
Andrologia,NA,1439-0272,2026-04-20,NA,wiley2026caul
Anemia,NA,2090-1275,2026-04-20,NA,wiley2026caul
Anesthesiology Research and Practice,NA,1687-6970,2026-04-20,NA,wiley2026caul
Animal Models and Experimental Medicine,NA,2576-2095,2026-04-20,NA,wiley2026caul
Animal Research and One Health,NA,2835-5075,2026-04-20,NA,wiley2026caul
Annals of Clinical and Translational Neurology,NA,2328-9503,2026-04-20,NA,wiley2026caul
Annals of Gastroenterological Surgery,NA,2475-0328,2026-04-20,NA,wiley2026caul
Annals of Noninvasive Electrocardiology,NA,1542-474X,2026-04-20,NA,wiley2026caul
Annals of the Child Neurology Society,NA,2831-3267,2026-04-20,NA,wiley2026caul
Applications in Plant Sciences,NA,2168-0450,2026-04-20,NA,wiley2026caul
Applied AI Letters,NA,2689-5595,2026-04-20,NA,wiley2026caul
Applied and Environmental Soil Science,NA,1687-7675,2026-04-20,NA,wiley2026caul
Applied Bionics and Biomechanics,NA,1754-2103,2026-04-20,NA,wiley2026caul
Applied Computational Intelligence and Soft Computing,NA,1687-9732,2026-04-20,NA,wiley2026caul
Aquaculture Nutrition,NA,1365-2095,2026-04-20,NA,wiley2026caul
Aquaculture Research,NA,1365-2109,2026-04-20,NA,wiley2026caul
"Aquaculture, Fish and Fisheries",NA,2693-8847,2026-04-20,NA,wiley2026caul
Arthroscopy Techniques,NA,2212-6287,2026-04-20,NA,wiley2026caul
"Arthroscopy, Sports Medicine, and Rehabilitation",NA,2666-061X,2026-04-20,NA,wiley2026caul
Artificial Intelligence for Engineering,NA,3067-2481,2026-04-20,NA,wiley2026caul
Asia & The Pacific Policy Studies,NA,2050-2680,2026-04-20,NA,wiley2026caul
Asia-Pacific Journal of Chemical Engineering,NA,1932-2143,2026-04-20,NA,wiley2026caul
Atmospheric Science Letters,NA,1530-261X,2026-04-20,NA,wiley2026caul
Australian Journal of Grape and Wine Research,NA,1755-0238,2026-04-20,NA,wiley2026caul
Barrier Immunity,NA,2994-1806,2026-04-20,NA,wiley2026caul
Battery Energy,NA,2768-1696,2026-04-20,NA,wiley2026caul
Behavioural Neurology,NA,1875-8584,2026-04-20,NA,wiley2026caul
Biochemistry Research International,NA,2090-2255,2026-04-20,NA,wiley2026caul
Bioengineering & Translational Medicine,NA,2380-6761,2026-04-20,NA,wiley2026caul
Bioinorganic Chemistry and Applications,NA,1687-479X,2026-04-20,NA,wiley2026caul
Biological Diversity,NA,2994-4139,2026-04-20,NA,wiley2026caul
BioMed Research International,NA,2314-6141,2026-04-20,NA,wiley2026caul
Biosurface and Biotribology,NA,2405-4518,2026-04-20,NA,wiley2026caul
BJUI Compass,NA,2688-4526,2026-04-20,NA,wiley2026caul
BMEMat,NA,2751-7446,2026-04-20,NA,wiley2026caul
Boreas,NA,1502-3885,2026-04-20,NA,wiley2026caul
Brain and Behavior,NA,2162-3279,2026-04-20,NA,wiley2026caul
Brain Health,NA,3067-2708,2026-04-20,NA,wiley2026caul
Brain Pathology,NA,1750-3639,2026-04-20,NA,wiley2026caul
Brain-X,NA,2835-3153,2026-04-20,NA,wiley2026caul
CA: A Cancer Journal for Clinicians,NA,1542-4863,2026-04-20,NA,wiley2026caul
CAAI Transactions on Intelligence Technology,NA,2468-2322,2026-04-20,NA,wiley2026caul
Canadian Journal of Gastroenterology and Hepatology,NA,2291-2797,2026-04-20,NA,wiley2026caul
Canadian Journal of Infectious Diseases and Medical Microbiology,NA,1918-1493,2026-04-20,NA,wiley2026caul
Canadian Respiratory Journal,NA,1916-7245,2026-04-20,NA,wiley2026caul
Cancer Innovation,NA,2770-9183,2026-04-20,NA,wiley2026caul
Cancer Medicine,NA,2045-7634,2026-04-20,NA,wiley2026caul
Cancer Nexus,NA,2998-0623,2026-04-20,NA,wiley2026caul
Cancer Reports,NA,2573-8348,2026-04-20,NA,wiley2026caul
Cancer Science,NA,1349-7006,2026-04-20,NA,wiley2026caul
Carbon and Hydrogen,NA,3067-1205,2026-04-20,NA,wiley2026caul
Carbon Energy,NA,2637-9368,2026-04-20,NA,wiley2026caul
Carbon Innovation,NA,3065-6001,2026-04-20,NA,wiley2026caul
Carbon Neutralization,NA,2769-3325,2026-04-20,NA,wiley2026caul
Cardiology Research and Practice,NA,2090-0597,2026-04-20,NA,wiley2026caul
Cardiovascular Therapeutics,NA,1755-5922,2026-04-20,NA,wiley2026caul
Case Reports in Anesthesiology,NA,2090-6390,2026-04-20,NA,wiley2026caul
Case Reports in Cardiology,NA,2090-6412,2026-04-20,NA,wiley2026caul
Case Reports in Critical Care,NA,2090-6439,2026-04-20,NA,wiley2026caul
Case Reports in Dentistry,NA,2090-6455,2026-04-20,NA,wiley2026caul
Case Reports in Dermatological Medicine,NA,2090-6471,2026-04-20,NA,wiley2026caul
Case Reports in Endocrinology,NA,2090-651X,2026-04-20,NA,wiley2026caul
Case Reports in Gastrointestinal Medicine,NA,2090-6536,2026-04-20,NA,wiley2026caul
Case Reports in Genetics,NA,2090-6552,2026-04-20,NA,wiley2026caul
Case Reports in Hematology,NA,2090-6579,2026-04-20,NA,wiley2026caul
Case Reports in Hepatology,NA,2090-6595,2026-04-20,NA,wiley2026caul
Case Reports in Immunology,NA,2090-6617,2026-04-20,NA,wiley2026caul
Case Reports in Infectious Diseases,NA,2090-6633,2026-04-20,NA,wiley2026caul
Case Reports in Medicine,NA,1687-9635,2026-04-20,NA,wiley2026caul
Case Reports in Nephrology,NA,2090-665X,2026-04-20,NA,wiley2026caul
Case Reports in Neurological Medicine,NA,2090-6676,2026-04-20,NA,wiley2026caul
Case Reports in Obstetrics and Gynecology,NA,2090-6692,2026-04-20,NA,wiley2026caul
Case Reports in Oncological Medicine,NA,2090-6714,2026-04-20,NA,wiley2026caul
Case Reports in Ophthalmological Medicine,NA,2090-6730,2026-04-20,NA,wiley2026caul
Case Reports in Orthopedics,NA,2090-6757,2026-04-20,NA,wiley2026caul
Case Reports in Otolaryngology,NA,2090-6773,2026-04-20,NA,wiley2026caul
Case Reports in Pathology,NA,2090-679X,2026-04-20,NA,wiley2026caul
Case Reports in Pediatrics,NA,2090-6811,2026-04-20,NA,wiley2026caul
Case Reports in Psychiatry,NA,2090-6838,2026-04-20,NA,wiley2026caul
Case Reports in Pulmonology,NA,2090-6854,2026-04-20,NA,wiley2026caul
Case Reports in Radiology,NA,2090-6870,2026-04-20,NA,wiley2026caul
Case Reports in Rheumatology,NA,2090-6897,2026-04-20,NA,wiley2026caul
Case Reports in Surgery,NA,2090-6919,2026-04-20,NA,wiley2026caul
Case Reports in Transplantation,NA,2090-6951,2026-04-20,NA,wiley2026caul
Case Reports in Urology,NA,2090-6978,2026-04-20,NA,wiley2026caul
Case Reports in Vascular Medicine,NA,2090-6994,2026-04-20,NA,wiley2026caul
Case Reports in Veterinary Medicine,NA,2090-701X,2026-04-20,NA,wiley2026caul
Cell Proliferation,NA,1365-2184,2026-04-20,NA,wiley2026caul
Cellular Microbiology,NA,1462-5822,2026-04-20,NA,wiley2026caul
ChemElectroChem,NA,2196-0216,2026-04-20,NA,wiley2026caul
ChemFoodChem,NA,2510-9936,2026-04-20,NA,wiley2026caul
Chemistry - Methods,NA,2628-9725,2026-04-20,NA,wiley2026caul
ChemistryEurope,NA,2751-4765,2026-04-20,NA,wiley2026caul
ChemistryOpen,NA,2191-1363,2026-04-20,NA,wiley2026caul
Chronic Diseases and Translational Medicine,NA,2589-0514,2026-04-20,NA,wiley2026caul
CleanMat,NA,2837-6722,2026-04-20,NA,wiley2026caul
Climate Resilience and Sustainability,NA,2692-4587,2026-04-20,NA,wiley2026caul
Clinical & Translational Immunology,NA,2050-0068,2026-04-20,NA,wiley2026caul
Clinical and Experimental Dental Research,NA,2057-4347,2026-04-20,NA,wiley2026caul
Clinical and Public Health Guidelines,NA,2836-3973,2026-04-20,NA,wiley2026caul
Clinical and Translational Allergy,NA,2045-7022,2026-04-20,NA,wiley2026caul
Clinical and Translational Discovery,NA,2768-0622,2026-04-20,NA,wiley2026caul
Clinical and Translational Medicine,NA,2001-1326,2026-04-20,NA,wiley2026caul
Clinical and Translational Science,NA,1752-8062,2026-04-20,NA,wiley2026caul
Clinical Cardiology,NA,1932-8737,2026-04-20,NA,wiley2026caul
Clinical Case Reports,NA,2050-0904,2026-04-20,NA,wiley2026caul
Clinical Neuroimaging,NA,2837-3219,2026-04-20,NA,wiley2026caul
cMat,NA,3006-2691,2026-04-20,NA,wiley2026caul
CNS Neuroscience & Therapeutics,NA,1755-5949,2026-04-20,NA,wiley2026caul
Cochrane Evidence Synthesis and Methods,NA,2832-9023,2026-04-20,NA,wiley2026caul
Cognitive Computation and Systems,NA,2517-7567,2026-04-20,NA,wiley2026caul
Community Science,NA,2692-9430,2026-04-20,NA,wiley2026caul
Complexity,NA,1099-0526,2026-04-20,NA,wiley2026caul
Computational and Mathematical Methods,NA,2577-7408,2026-04-20,NA,wiley2026caul
Computational and Systems Oncology,NA,2689-9655,2026-04-20,NA,wiley2026caul
"Concepts in Magnetic Resonance Part A, Bridging Education and Research",NA,1552-5023,2026-04-20,NA,wiley2026caul
Conservation Letters,NA,1755-263X,2026-04-20,NA,wiley2026caul
Conservation Science and Practice,NA,2578-4854,2026-04-20,NA,wiley2026caul
Contemporary European Politics,NA,2833-0188,2026-04-20,NA,wiley2026caul
CPT: Pharmacometrics & Systems Pharmacology,NA,2163-8306,2026-04-20,NA,wiley2026caul
Critical Care Research and Practice,NA,2090-1313,2026-04-20,NA,wiley2026caul
cScience,NA,3067-6630,2026-04-20,NA,wiley2026caul
Deep Underground Science and Engineering,NA,2770-1328,2026-04-20,NA,wiley2026caul
DEN Open,NA,2692-4609,2026-04-20,NA,wiley2026caul
Depression and Anxiety,NA,1520-6394,2026-04-20,NA,wiley2026caul
Dermatologic Therapy,NA,1529-8019,2026-04-20,NA,wiley2026caul
Dermatology Research and Practice,NA,1687-6113,2026-04-20,NA,wiley2026caul
Digital Twins and Applications,NA,2995-2182,2026-04-20,NA,wiley2026caul
Discrete Dynamics in Nature and Society,NA,1607-887X,2026-04-20,NA,wiley2026caul
Diversity & Inclusion Research,NA,2835-236X,2026-04-20,NA,wiley2026caul
Diversity and Distributions,NA,1472-4642,2026-04-20,NA,wiley2026caul
Droplet,NA,2731-4375,2026-04-20,NA,wiley2026caul
Earth and Space Science,NA,2333-5084,2026-04-20,NA,wiley2026caul
Earth Stewardship,NA,2835-3617,2026-04-20,NA,wiley2026caul
Earth's Future,NA,2328-4277,2026-04-20,NA,wiley2026caul
EcoEnergy,NA,2835-9399,2026-04-20,NA,wiley2026caul
Ecography,NA,1600-0587,2026-04-20,NA,wiley2026caul
Ecological Solutions and Evidence,NA,2688-8319,2026-04-20,NA,wiley2026caul
Ecology and Evolution,NA,2045-7758,2026-04-20,NA,wiley2026caul
EcoMat,NA,2567-3173,2026-04-20,NA,wiley2026caul
Ecosphere,NA,2150-8925,2026-04-20,NA,wiley2026caul
eFood,NA,2666-3066,2026-04-20,NA,wiley2026caul
EFSA Journal,NA,1831-4732,2026-04-20,NA,wiley2026caul
eJhaem,NA,2688-6146,2026-04-20,NA,wiley2026caul
Electrochemical Science Advances,NA,2698-5977,2026-04-20,NA,wiley2026caul
Electron,NA,2751-2614,2026-04-20,NA,wiley2026caul
Electronics Letters,NA,1350-911X,2026-04-20,NA,wiley2026caul
Emergency Medicine International,NA,2090-2859,2026-04-20,NA,wiley2026caul
"Endocrinology, Diabetes & Metabolism",NA,2398-9238,2026-04-20,NA,wiley2026caul
Energy & Environmental Materials,NA,2575-0356,2026-04-20,NA,wiley2026caul
Energy Conversion and Economics,NA,2634-1581,2026-04-20,NA,wiley2026caul
Energy Science & Engineering,NA,2050-0505,2026-04-20,NA,wiley2026caul
Engineering Biology,NA,2398-6182,2026-04-20,NA,wiley2026caul
Engineering Reports,NA,2577-8196,2026-04-20,NA,wiley2026caul
Environmental DNA,NA,2637-4943,2026-04-20,NA,wiley2026caul
Environmental Microbiology Reports,NA,1758-2229,2026-04-20,NA,wiley2026caul
Environmental Psychology Research,NA,3067-6789,2026-04-20,NA,wiley2026caul
Epilepsia Open,NA,2470-9239,2026-04-20,NA,wiley2026caul
European Journal of Neurology,NA,1468-1331,2026-04-20,NA,wiley2026caul
European Journal of Sport Science,NA,1536-7290,2026-04-20,NA,wiley2026caul
Evolutionary Applications,NA,1752-4571,2026-04-20,NA,wiley2026caul
Experimental Physiology,NA,1469-445X,2026-04-20,NA,wiley2026caul
Exploration,NA,2766-2098,2026-04-20,NA,wiley2026caul
Eye & ENT Research,NA,2835-1088,2026-04-20,NA,wiley2026caul
FASEB BioAdvances,NA,2573-9832,2026-04-20,NA,wiley2026caul
FEBS Open Bio,NA,2211-5463,2026-04-20,NA,wiley2026caul
Financial Planning Review,NA,2573-8615,2026-04-20,NA,wiley2026caul
FlexMat,NA,2836-9106,2026-04-20,NA,wiley2026caul
FlexTech,NA,2771-1714,2026-04-20,NA,wiley2026caul
Food and Energy Security,NA,2048-3694,2026-04-20,NA,wiley2026caul
Food Bioengineering,NA,2770-2081,2026-04-20,NA,wiley2026caul
Food Biomacromolecules,NA,2996-2757,2026-04-20,NA,wiley2026caul
Food Chemistry International,NA,3065-9027,2026-04-20,NA,wiley2026caul
Food Frontiers,NA,2643-8429,2026-04-20,NA,wiley2026caul
Food Safety and Health,NA,2835-1096,2026-04-20,NA,wiley2026caul
Food Science & Nutrition,NA,2048-7177,2026-04-20,NA,wiley2026caul
Functional Ecology,NA,1365-2435,2026-04-20,NA,wiley2026caul
Future Humanities,NA,2770-2030,2026-04-20,NA,wiley2026caul
Future in Educational Research,NA,2835-9402,2026-04-20,NA,wiley2026caul
Future Postharvest and Food,NA,2837-6846,2026-04-20,NA,wiley2026caul
Gastroenterology Research and Practice,NA,1687-630X,2026-04-20,NA,wiley2026caul
GastroHep,NA,1478-1239,2026-04-20,NA,wiley2026caul
GCB Bioenergy,NA,1757-1707,2026-04-20,NA,wiley2026caul
General Psychiatry,NA,2517-729X,2026-04-20,NA,wiley2026caul
"Genes, Brain and Behavior",NA,1601-183X,2026-04-20,NA,wiley2026caul
Genetics Research,NA,1469-5073,2026-04-20,NA,wiley2026caul
Geo: Geography and Environment,NA,2054-4049,2026-04-20,NA,wiley2026caul
"Geochemistry, Geophysics, Geosystems",NA,1525-2027,2026-04-20,NA,wiley2026caul
Geofluids,NA,1468-8123,2026-04-20,NA,wiley2026caul
GeoHealth,NA,2471-1403,2026-04-20,NA,wiley2026caul
Geophysical Research Letters,NA,1944-8007,2026-04-20,NA,wiley2026caul
Geoscience Data Journal,NA,2049-6060,2026-04-20,NA,wiley2026caul
Global Challenges,NA,2056-6646,2026-04-20,NA,wiley2026caul
Global Change Biology Communications,NA,3066-9200,2026-04-20,NA,wiley2026caul
Grassland Research,NA,2770-1743,2026-04-20,NA,wiley2026caul
Gut Medicine,NA,3067-2791,2026-04-20,NA,wiley2026caul
Health & Social Care in the Community,NA,1365-2524,2026-04-20,NA,wiley2026caul
Health Care Science,NA,2771-1757,2026-04-20,NA,wiley2026caul
Health Expectations,NA,1369-7625,2026-04-20,NA,wiley2026caul
Health Science Reports,NA,2398-8835,2026-04-20,NA,wiley2026caul
Healthcare Technology Letters,NA,2053-3713,2026-04-20,NA,wiley2026caul
HemaSphere,NA,2572-9241,2026-04-20,NA,wiley2026caul
Heteroatom Chemistry,NA,1098-1071,2026-04-20,NA,wiley2026caul
High Voltage,NA,2397-7264,2026-04-20,NA,wiley2026caul
Hong Kong Journal of Emergency Medicine,NA,2309-5407,2026-04-20,NA,wiley2026caul
Human Behavior and Emerging Technologies,NA,2578-1863,2026-04-20,NA,wiley2026caul
Human Brain Mapping,NA,1097-0193,2026-04-20,NA,wiley2026caul
Human Mutation,NA,1098-1004,2026-04-20,NA,wiley2026caul
Ibrain,NA,2769-2795,2026-04-20,NA,wiley2026caul
IET Biometrics,NA,2047-4946,2026-04-20,NA,wiley2026caul
IET Blockchain,NA,2634-1573,2026-04-20,NA,wiley2026caul
"IET Circuits, Devices & Systems",NA,1751-8598,2026-04-20,NA,wiley2026caul
IET Collaborative Intelligent Manufacturing,NA,2516-8398,2026-04-20,NA,wiley2026caul
IET Communications,NA,1751-8636,2026-04-20,NA,wiley2026caul
IET Computer Vision,NA,1751-9640,2026-04-20,NA,wiley2026caul
IET Computers & Digital Techniques,NA,1751-861X,2026-04-20,NA,wiley2026caul
IET Control Theory & Applications,NA,1751-8652,2026-04-20,NA,wiley2026caul
IET Cyber-Physical Systems: Theory & Applications,NA,2398-3396,2026-04-20,NA,wiley2026caul
IET Cyber-Systems and Robotics,NA,2631-6315,2026-04-20,NA,wiley2026caul
IET Electric Power Applications,NA,1751-8679,2026-04-20,NA,wiley2026caul
IET Electrical Materials and Applications,NA,2996-0851,2026-04-20,NA,wiley2026caul
IET Electrical Systems in Transportation,NA,2042-9746,2026-04-20,NA,wiley2026caul
IET Energy Systems Integration,NA,2516-8401,2026-04-20,NA,wiley2026caul
"IET Generation, Transmission & Distribution",NA,1751-8695,2026-04-20,NA,wiley2026caul
IET Image Processing,NA,1751-9667,2026-04-20,NA,wiley2026caul
IET Information Security,NA,1751-8717,2026-04-20,NA,wiley2026caul
IET Intelligent Transport Systems,NA,1751-9578,2026-04-20,NA,wiley2026caul
"IET Microwaves, Antennas & Propagation",NA,1751-8733,2026-04-20,NA,wiley2026caul
IET Nanobiotechnology,NA,1751-875X,2026-04-20,NA,wiley2026caul
IET Nanodielectrics,NA,2514-3255,2026-04-20,NA,wiley2026caul
IET Networks,NA,2047-4962,2026-04-20,NA,wiley2026caul
IET Optoelectronics,NA,1751-8776,2026-04-20,NA,wiley2026caul
IET Power Electronics,NA,1755-4543,2026-04-20,NA,wiley2026caul
IET Quantum Communication,NA,2632-8925,2026-04-20,NA,wiley2026caul
"IET Radar, Sonar & Navigation",NA,1751-8792,2026-04-20,NA,wiley2026caul
IET Renewable Power Generation,NA,1752-1424,2026-04-20,NA,wiley2026caul
"IET Science, Measurement & Technology",NA,1751-8830,2026-04-20,NA,wiley2026caul
IET Signal Processing,NA,1751-9683,2026-04-20,NA,wiley2026caul
IET Smart Cities,NA,2631-7680,2026-04-20,NA,wiley2026caul
IET Smart Grid,NA,2515-2947,2026-04-20,NA,wiley2026caul
IET Software,NA,1751-8814,2026-04-20,NA,wiley2026caul
IET Systems Biology,NA,1751-8857,2026-04-20,NA,wiley2026caul
IET Wireless Sensor Systems,NA,2043-6394,2026-04-20,NA,wiley2026caul
IJU Case Reports,NA,2577-171X,2026-04-20,NA,wiley2026caul
iLABMED,NA,2834-4448,2026-04-20,NA,wiley2026caul
iMeta,NA,2770-596X,2026-04-20,NA,wiley2026caul
iMetaMed,NA,3066-988X,2026-04-20,NA,wiley2026caul
iMetaOmics,NA,2996-9514,2026-04-20,NA,wiley2026caul
"Immunity, Inflammation and Disease",NA,2050-4527,2026-04-20,NA,wiley2026caul
ImmunoMedicine,NA,2510-5345,2026-04-20,NA,wiley2026caul
Indoor Air,NA,1600-0668,2026-04-20,NA,wiley2026caul
iNew Medicine,NA,3067-2767,2026-04-20,NA,wiley2026caul
Influenza and Other Respiratory Viruses,NA,1750-2659,2026-04-20,NA,wiley2026caul
InfoMat,NA,2567-3165,2026-04-20,NA,wiley2026caul
Information & Functional Materials,NA,2751-9457,2026-04-20,NA,wiley2026caul
InfoScience,NA,2769-5883,2026-04-20,NA,wiley2026caul
Integrative Conservation,NA,2770-9329,2026-04-20,NA,wiley2026caul
Interdisciplinary Materials,NA,2767-441X,2026-04-20,NA,wiley2026caul
Interdisciplinary Medicine,NA,2832-6245,2026-04-20,NA,wiley2026caul
Interdisciplinary Perspectives on Infectious Diseases,NA,1687-7098,2026-04-20,NA,wiley2026caul
International Journal of Aerospace Engineering,NA,1687-5974,2026-04-20,NA,wiley2026caul
International Journal of Agronomy,NA,1687-8167,2026-04-20,NA,wiley2026caul
International Journal of Analytical Chemistry,NA,1687-8779,2026-04-20,NA,wiley2026caul
International Journal of Antennas and Propagation,NA,1687-5877,2026-04-20,NA,wiley2026caul
International Journal of Biomaterials,NA,1687-8795,2026-04-20,NA,wiley2026caul
International Journal of Biomedical Imaging,NA,1687-4196,2026-04-20,NA,wiley2026caul
International Journal of Breast Cancer,NA,2090-3189,2026-04-20,NA,wiley2026caul
International Journal of Cell Biology,NA,1687-8884,2026-04-20,NA,wiley2026caul
International Journal of Ceramic Engineering & Science,NA,2578-3270,2026-04-20,NA,wiley2026caul
International Journal of Chemical Engineering,NA,1687-8078,2026-04-20,NA,wiley2026caul
International Journal of Clinical Practice,NA,1742-1241,2026-04-20,NA,wiley2026caul
International Journal of Computer Games Technology,NA,1687-7055,2026-04-20,NA,wiley2026caul
International Journal of Dentistry,NA,1687-8736,2026-04-20,NA,wiley2026caul
International Journal of Differential Equations,NA,1687-9651,2026-04-20,NA,wiley2026caul
International Journal of Digital Multimedia Broadcasting,NA,1687-7586,2026-04-20,NA,wiley2026caul
International Journal of Distributed Sensor Networks,NA,1550-1477,2026-04-20,NA,wiley2026caul
International Journal of Electrochemistry,NA,2090-3537,2026-04-20,NA,wiley2026caul
International Journal of Endocrinology,NA,1687-8345,2026-04-20,NA,wiley2026caul
International Journal of Energy Research,NA,1099-114X,2026-04-20,NA,wiley2026caul
International Journal of Food Science,NA,2314-5765,2026-04-20,NA,wiley2026caul
International Journal of Forestry Research,NA,1687-9376,2026-04-20,NA,wiley2026caul
International Journal of Genomics,NA,2314-4378,2026-04-20,NA,wiley2026caul
International Journal of Geophysics,NA,1687-8868,2026-04-20,NA,wiley2026caul
International Journal of Hepatology,NA,2090-3456,2026-04-20,NA,wiley2026caul
International Journal of Hypertension,NA,2090-0392,2026-04-20,NA,wiley2026caul
International Journal of Inflammation,NA,2042-0099,2026-04-20,NA,wiley2026caul
International Journal of Intelligent Systems,NA,1098-111X,2026-04-20,NA,wiley2026caul
International Journal of Mathematics and Mathematical Sciences,NA,1687-0425,2026-04-20,NA,wiley2026caul
International Journal of Mechanical System Dynamics,NA,2767-1402,2026-04-20,NA,wiley2026caul
International Journal of Methods in Psychiatric Research,NA,1557-0657,2026-04-20,NA,wiley2026caul
International Journal of Microbiology,NA,1687-9198,2026-04-20,NA,wiley2026caul
International Journal of Nephrology,NA,2090-2158,2026-04-20,NA,wiley2026caul
International Journal of Optics,NA,1687-9392,2026-04-20,NA,wiley2026caul
International Journal of Pediatrics,NA,1687-9759,2026-04-20,NA,wiley2026caul
International Journal of Photoenergy,NA,1687-529X,2026-04-20,NA,wiley2026caul
International Journal of Polymer Science,NA,1687-9430,2026-04-20,NA,wiley2026caul
International Journal of Reconfigurable Computing,NA,1687-7209,2026-04-20,NA,wiley2026caul
International Journal of RF and Microwave Computer-Aided Engineering,NA,1099-047X,2026-04-20,NA,wiley2026caul
International Journal of Rotating Machinery,NA,1542-3034,2026-04-20,NA,wiley2026caul
International Journal of Telemedicine and Applications,NA,1687-6423,2026-04-20,NA,wiley2026caul
International Journal of Vascular Medicine,NA,2090-2832,2026-04-20,NA,wiley2026caul
International Journal of Zoology,NA,1687-8485,2026-04-20,NA,wiley2026caul
International Studies of Economics,NA,2831-3224,2026-04-20,NA,wiley2026caul
International Transactions on Electrical Energy Systems,NA,2050-7038,2026-04-20,NA,wiley2026caul
International Wound Journal,NA,1742-481X,2026-04-20,NA,wiley2026caul
iRadiology,NA,2834-2879,2026-04-20,NA,wiley2026caul
Japan Architectural Review,NA,2475-8876,2026-04-20,NA,wiley2026caul
JCC Plus,NA,3066-943X,2026-04-20,NA,wiley2026caul
JCPP Advances,NA,2692-9384,2026-04-20,NA,wiley2026caul
JCSM Communications,NA,2996-1394,2026-04-20,NA,wiley2026caul
JEADV Clinical Practice,NA,2768-6566,2026-04-20,NA,wiley2026caul
JGH Open,NA,2397-9070,2026-04-20,NA,wiley2026caul
JIMD Reports,NA,2192-8312,2026-04-20,NA,wiley2026caul
JOR Spine,NA,2572-1143,2026-04-20,NA,wiley2026caul
Journal of Advanced Transportation,NA,2042-3195,2026-04-20,NA,wiley2026caul
Journal of Advances in Modeling Earth Systems,NA,1942-2466,2026-04-20,NA,wiley2026caul
Journal of Aging Research,NA,2090-2212,2026-04-20,NA,wiley2026caul
Journal of Analytical Methods in Chemistry,NA,2090-8873,2026-04-20,NA,wiley2026caul
Journal of Applied Clinical Medical Physics,NA,1526-9914,2026-04-20,NA,wiley2026caul
Journal of Applied Mathematics,NA,1687-0042,2026-04-20,NA,wiley2026caul
Journal of Arrhythmia,NA,1883-2148,2026-04-20,NA,wiley2026caul
Journal of Avian Biology,NA,1600-048X,2026-04-20,NA,wiley2026caul
"Journal of Cachexia, Sarcopenia and Muscle",NA,2190-6009,2026-04-20,NA,wiley2026caul
Journal of Cardiac Surgery,NA,1540-8191,2026-04-20,NA,wiley2026caul
Journal of Cell Communication and Signaling,NA,1873-961X,2026-04-20,NA,wiley2026caul
Journal of Cellular and Molecular Medicine,NA,1582-4934,2026-04-20,NA,wiley2026caul
Journal of Chemistry,NA,2090-9071,2026-04-20,NA,wiley2026caul
Journal of Clinical Laboratory Analysis,NA,1098-2825,2026-04-20,NA,wiley2026caul
Journal of Clinical Pharmacy and Therapeutics,NA,1365-2710,2026-04-20,NA,wiley2026caul
Journal of Combustion,NA,2090-1976,2026-04-20,NA,wiley2026caul
Journal of Computer Networks and Communications,NA,2090-715X,2026-04-20,NA,wiley2026caul
Journal of Control Science and Engineering,NA,1687-5257,2026-04-20,NA,wiley2026caul
Journal of Cosmetic Dermatology,NA,1473-2165,2026-04-20,NA,wiley2026caul
Journal of Diabetes,NA,1753-0407,2026-04-20,NA,wiley2026caul
Journal of Diabetes Investigation,NA,2040-1124,2026-04-20,NA,wiley2026caul
Journal of Diabetes Research,NA,2314-6753,2026-04-20,NA,wiley2026caul
Journal of Electrical and Computer Engineering,NA,2090-0155,2026-04-20,NA,wiley2026caul
Journal of Engineering,NA,2314-4912,2026-04-20,NA,wiley2026caul
Journal of Experimental Orthopaedics,NA,2197-1153,2026-04-20,NA,wiley2026caul
Journal of Extracellular Biology,NA,2768-2811,2026-04-20,NA,wiley2026caul
Journal of Extracellular Vesicles,NA,2001-3078,2026-04-20,NA,wiley2026caul
Journal of Finance: Insights and Perspectives,NA,2993-3153,2026-04-20,NA,wiley2026caul
Journal of Flood Risk Management,NA,1753-318X,2026-04-20,NA,wiley2026caul
Journal of Food Biochemistry,NA,1745-4514,2026-04-20,NA,wiley2026caul
Journal of Food Processing and Preservation,NA,1745-4549,2026-04-20,NA,wiley2026caul
Journal of Food Quality,NA,1745-4557,2026-04-20,NA,wiley2026caul
Journal of Foot and Ankle Research,NA,1757-1146,2026-04-20,NA,wiley2026caul
Journal of Function Spaces,NA,2314-8888,2026-04-20,NA,wiley2026caul
Journal of General and Family Medicine,NA,2189-7948,2026-04-20,NA,wiley2026caul
Journal of Geophysical Research: Machine Learning and Computation,NA,2993-5210,2026-04-20,NA,wiley2026caul
Journal of Immunology Research,NA,2314-7156,2026-04-20,NA,wiley2026caul
Journal of Interventional Cardiology,NA,1540-8183,2026-04-20,NA,wiley2026caul
Journal of Mathematics,NA,2314-4785,2026-04-20,NA,wiley2026caul
Journal of Medical Radiation Sciences,NA,2051-3909,2026-04-20,NA,wiley2026caul
Journal of Nanotechnology,NA,1687-9511,2026-04-20,NA,wiley2026caul
Journal of Nucleic Acids,NA,2090-021X,2026-04-20,NA,wiley2026caul
Journal of Nursing Management,NA,1365-2834,2026-04-20,NA,wiley2026caul
Journal of Nutrition and Metabolism,NA,2090-0732,2026-04-20,NA,wiley2026caul
Journal of Obesity,NA,2090-0716,2026-04-20,NA,wiley2026caul
Journal of Ophthalmology,NA,2090-0058,2026-04-20,NA,wiley2026caul
Journal of Osteoporosis,NA,2042-0064,2026-04-20,NA,wiley2026caul
Journal of Parasitology Research,NA,2090-0031,2026-04-20,NA,wiley2026caul
Journal of Pregnancy,NA,2090-2735,2026-04-20,NA,wiley2026caul
Journal of Probability and Statistics,NA,1687-9538,2026-04-20,NA,wiley2026caul
Journal of Robotics,NA,1687-9619,2026-04-20,NA,wiley2026caul
Journal of Sensors,NA,1687-7268,2026-04-20,NA,wiley2026caul
Journal of Skin Cancer,NA,2090-2913,2026-04-20,NA,wiley2026caul
Journal of Spectroscopy,NA,2314-4939,2026-04-20,NA,wiley2026caul
Journal of Sustainable Agriculture and Environment,NA,2767-035X,2026-04-20,NA,wiley2026caul
Journal of Synchrotron Radiation,NA,1600-5775,2026-04-20,NA,wiley2026caul
Journal of the Agricultural and Applied Economics Association,NA,2769-2485,2026-04-20,NA,wiley2026caul
Journal of the American Heart Association,NA,2047-9980,2026-04-20,NA,wiley2026caul
Journal of the International AIDS Society,NA,1758-2652,2026-04-20,NA,wiley2026caul
Journal of the World Aquaculture Society,NA,1749-7345,2026-04-20,NA,wiley2026caul
Journal of Theoretical Social Psychology,NA,2475-0387,2026-04-20,NA,wiley2026caul
Journal of Tissue Engineering and Regenerative Medicine,NA,1932-7005,2026-04-20,NA,wiley2026caul
Journal of Toxicology,NA,1687-8205,2026-04-20,NA,wiley2026caul
Journal of Transplantation,NA,2090-0015,2026-04-20,NA,wiley2026caul
Journal of Tropical Medicine,NA,1687-9694,2026-04-20,NA,wiley2026caul
JPGN Reports,NA,2691-171X,2026-04-20,NA,wiley2026caul
JSFA Reports,NA,2573-5098,2026-04-20,NA,wiley2026caul
Kōtuitui: New Zealand Journal of Social Sciences Online,NA,1177-083X,2026-04-20,NA,wiley2026caul
Laryngoscope Investigative Otolaryngology,NA,2378-8038,2026-04-20,NA,wiley2026caul
Learned Publishing,NA,1741-4857,2026-04-20,NA,wiley2026caul
Learning Health Systems,NA,2379-6146,2026-04-20,NA,wiley2026caul
Legume Science,NA,2639-6181,2026-04-20,NA,wiley2026caul
Lifestyle Medicine,NA,2688-3740,2026-04-20,NA,wiley2026caul
Limnology and Oceanography Letters,NA,2378-2242,2026-04-20,NA,wiley2026caul
Liver International Communications,NA,2642-3561,2026-04-20,NA,wiley2026caul
Macromolecular Materials and Engineering,NA,1439-2054,2026-04-20,NA,wiley2026caul
Material Design & Processing Communications,NA,2577-6576,2026-04-20,NA,wiley2026caul
Materials Genome Engineering Advances,NA,2940-9497,2026-04-20,NA,wiley2026caul
Maternal & Child Nutrition,NA,1740-8709,2026-04-20,NA,wiley2026caul
Med Research,NA,2998-4971,2026-04-20,NA,wiley2026caul
MedComm,NA,2688-2663,2026-04-20,NA,wiley2026caul
MedComm - Biomaterials and Applications,NA,2769-643X,2026-04-20,NA,wiley2026caul
MedComm - Future Medicine,NA,2769-6456,2026-04-20,NA,wiley2026caul
MedComm - Oncology,NA,2769-6448,2026-04-20,NA,wiley2026caul
Mediators of Inflammation,NA,1466-1861,2026-04-20,NA,wiley2026caul
Medicine Advances,NA,2834-4405,2026-04-20,NA,wiley2026caul
Mental Health Science,NA,2642-3588,2026-04-20,NA,wiley2026caul
Mental Illness,NA,2036-7465,2026-04-20,NA,wiley2026caul
MetalMat,NA,2940-1402,2026-04-20,NA,wiley2026caul
Meteorological Applications,NA,1469-8080,2026-04-20,NA,wiley2026caul
Methods in Ecology and Evolution,NA,2041-210X,2026-04-20,NA,wiley2026caul
Micro & Nano Letters,NA,1750-0443,2026-04-20,NA,wiley2026caul
Microbial Biotechnology,NA,1751-7915,2026-04-20,NA,wiley2026caul
MicrobiologyOpen,NA,2045-8827,2026-04-20,NA,wiley2026caul
Microbiota Medicine Research,NA,2097-6941,2026-04-20,NA,wiley2026caul
mLife,NA,2770-100X,2026-04-20,NA,wiley2026caul
Modelling and Simulation in Engineering,NA,1687-5605,2026-04-20,NA,wiley2026caul
Modern Agriculture,NA,2751-4102,2026-04-20,NA,wiley2026caul
Molecular Ecology Resources,NA,1755-0998,2026-04-20,NA,wiley2026caul
Molecular Genetics & Genomic Medicine,NA,2324-9269,2026-04-20,NA,wiley2026caul
Molecular Oncology,NA,1878-0261,2026-04-20,NA,wiley2026caul
Molecular Plant Pathology,NA,1364-3703,2026-04-20,NA,wiley2026caul
Mycoses,NA,1439-0507,2026-04-20,NA,wiley2026caul
Nano Select,NA,2688-4011,2026-04-20,NA,wiley2026caul
Nanophotonics,NA,2192-8614,2026-04-20,NA,wiley2026caul
National Materials,NA,3067-6851,2026-04-20,NA,wiley2026caul
Natural Resource Modeling,NA,1939-7445,2026-04-20,NA,wiley2026caul
Natural Sciences,NA,2698-6248,2026-04-20,NA,wiley2026caul
Neural Plasticity,NA,1687-5443,2026-04-20,NA,wiley2026caul
Neurology Research International,NA,2090-1860,2026-04-20,NA,wiley2026caul
Neuroprotection,NA,2770-730X,2026-04-20,NA,wiley2026caul
Neuropsychopharmacology Reports,NA,2574-173X,2026-04-20,NA,wiley2026caul
New Directions for Child and Adolescent Development,NA,1534-8687,2026-04-20,NA,wiley2026caul
New Plant Protection,NA,2994-9890,2026-04-20,NA,wiley2026caul
Nordic Journal of Botany,NA,1756-1051,2026-04-20,NA,wiley2026caul
Nursing Forum,NA,1744-6198,2026-04-20,NA,wiley2026caul
Nursing Open,NA,2054-1058,2026-04-20,NA,wiley2026caul
Nursing Plus,NA,2771-179X,2026-04-20,NA,wiley2026caul
Nursing Research and Practice,NA,2090-1437,2026-04-20,NA,wiley2026caul
Obesity Science & Practice,NA,2055-2238,2026-04-20,NA,wiley2026caul
Obstetrics and Gynecology International,NA,1687-9597,2026-04-20,NA,wiley2026caul
Occupational Therapy International,NA,1557-0703,2026-04-20,NA,wiley2026caul
Orthopaedic Surgery,NA,1757-7861,2026-04-20,NA,wiley2026caul
OTO Open,NA,2473-974X,2026-04-20,NA,wiley2026caul
Oxidative Medicine and Cellular Longevity,NA,1942-0994,2026-04-20,NA,wiley2026caul
Paediatric and Neonatal Pain,NA,2637-3807,2026-04-20,NA,wiley2026caul
Pain Research and Management,NA,1918-1523,2026-04-20,NA,wiley2026caul
Parkinson's Disease,NA,2042-0080,2026-04-20,NA,wiley2026caul
Pediatric Discovery,NA,2835-5598,2026-04-20,NA,wiley2026caul
Pediatric Investigation,NA,2574-2272,2026-04-20,NA,wiley2026caul
People and Nature,NA,2575-8314,2026-04-20,NA,wiley2026caul
Perspectives in Psychiatric Care,NA,1744-6163,2026-04-20,NA,wiley2026caul
Perspectives of Earth and Space Scientists,NA,2637-6989,2026-04-20,NA,wiley2026caul
Pharmacology Research & Perspectives,NA,2052-1707,2026-04-20,NA,wiley2026caul
PhotoMat,NA,2771-3164,2026-04-20,NA,wiley2026caul
Physiological Reports,NA,2051-817X,2026-04-20,NA,wiley2026caul
Phytochemicals in Food and Medicine,NA,3068-7306,2026-04-20,NA,wiley2026caul
Plant Biotechnology Journal,NA,1467-7652,2026-04-20,NA,wiley2026caul
Plant Direct,NA,2475-4455,2026-04-20,NA,wiley2026caul
Plant Species Biology,NA,1442-1984,2026-04-20,NA,wiley2026caul
Plant-Environment Interactions,NA,2575-6265,2026-04-20,NA,wiley2026caul
"Plants, People, Planet",NA,2572-2611,2026-04-20,NA,wiley2026caul
Portal Hypertension & Cirrhosis,NA,2770-5846,2026-04-20,NA,wiley2026caul
PPAR Research,NA,1687-4765,2026-04-20,NA,wiley2026caul
Precision Medical Sciences,NA,2642-2514,2026-04-20,NA,wiley2026caul
Precision Radiation Oncology,NA,2398-7324,2026-04-20,NA,wiley2026caul
Pregnancy: Official Journal of the Society for Maternal-Fetal Medicine,NA,2997-9684,2026-04-20,NA,wiley2026caul
Progress in Neurology and Psychiatry,NA,1931-227X,2026-04-20,NA,wiley2026caul
Prostate Cancer,NA,2090-312X,2026-04-20,NA,wiley2026caul
Proteoglycan Research,NA,2832-3556,2026-04-20,NA,wiley2026caul
PsyCh Journal,NA,2046-0260,2026-04-20,NA,wiley2026caul
Psyche: A Journal of Entomology,NA,1687-7438,2026-04-20,NA,wiley2026caul
Psychiatric Research and Clinical Practice,NA,2575-5609,2026-04-20,NA,wiley2026caul
Psychiatry and Clinical Neurosciences Reports,NA,2769-2558,2026-04-20,NA,wiley2026caul
Public Health Challenges,NA,2769-2450,2026-04-20,NA,wiley2026caul
Pulmonary Circulation,NA,2045-8940,2026-04-20,NA,wiley2026caul
Pulmonary Medicine,NA,2090-1844,2026-04-20,NA,wiley2026caul
Quantitative Biology,NA,2095-4697,2026-04-20,NA,wiley2026caul
Quantitative Economics,NA,1759-7331,2026-04-20,NA,wiley2026caul
Quantum Engineering,NA,2577-0470,2026-04-20,NA,wiley2026caul
Radiology Research and Practice,NA,2090-195X,2026-04-20,NA,wiley2026caul
Rare Metals,NA,1867-7185,2026-04-20,NA,wiley2026caul
Remote Sensing in Ecology and Conservation,NA,2056-3485,2026-04-20,NA,wiley2026caul
Reproductive Medicine and Biology,NA,1447-0578,2026-04-20,NA,wiley2026caul
"Reproductive, Female and Child Health",NA,2768-7228,2026-04-20,NA,wiley2026caul
Respirology Case Reports,NA,2051-3380,2026-04-20,NA,wiley2026caul
Responsive Materials,NA,2834-8966,2026-04-20,NA,wiley2026caul
Rheumatology & Autoimmunity,NA,2767-1429,2026-04-20,NA,wiley2026caul
River,NA,2750-4867,2026-04-20,NA,wiley2026caul
Safety Science and Technology,NA,3068-3475,2026-04-20,NA,wiley2026caul
SCI Sustainability,NA,2997-6286,2026-04-20,NA,wiley2026caul
Science and Technology of Nuclear Installations,NA,1687-6083,2026-04-20,NA,wiley2026caul
Scientifica,NA,2090-908X,2026-04-20,NA,wiley2026caul
Security and Communication Networks,NA,1939-0122,2026-04-20,NA,wiley2026caul
Sensory Neuroscience,NA,2997-8874,2026-04-20,NA,wiley2026caul
Shock and Vibration,NA,1875-9203,2026-04-20,NA,wiley2026caul
Skin Research and Technology,NA,1600-0846,2026-04-20,NA,wiley2026caul
Small Science,NA,2688-4046,2026-04-20,NA,wiley2026caul
Small Structures,NA,2688-4062,2026-04-20,NA,wiley2026caul
Smart Medicine,NA,2688-819X,2026-04-20,NA,wiley2026caul
Smart Molecules,NA,2751-4595,2026-04-20,NA,wiley2026caul
SmartMat,NA,2751-1871,2026-04-20,NA,wiley2026caul
Space Weather,NA,1542-7390,2026-04-20,NA,wiley2026caul
SPE Polymers,NA,2690-3857,2026-04-20,NA,wiley2026caul
Stem Cells International,NA,1687-9678,2026-04-20,NA,wiley2026caul
Stroke Research and Treatment,NA,2042-0056,2026-04-20,NA,wiley2026caul
Structural Control and Health Monitoring,NA,1545-2263,2026-04-20,NA,wiley2026caul
SusMat,NA,2692-4552,2026-04-20,NA,wiley2026caul
Sustainable Food Proteins,NA,2771-9693,2026-04-20,NA,wiley2026caul
The Breast Journal,NA,1524-4741,2026-04-20,NA,wiley2026caul
The Bulletin of the Ecological Society of America,NA,2327-6096,2026-04-20,NA,wiley2026caul
The Clinical Respiratory Journal,NA,1752-699X,2026-04-20,NA,wiley2026caul
The Depositional Record,NA,2055-4877,2026-04-20,NA,wiley2026caul
The Journal of Clinical Hypertension,NA,1751-7176,2026-04-20,NA,wiley2026caul
The Journal of Engineering,NA,2051-3305,2026-04-20,NA,wiley2026caul
The Journal of Pathology: Clinical Research,NA,2056-4538,2026-04-20,NA,wiley2026caul
The Kaohsiung Journal of Medical Sciences,NA,2410-8650,2026-04-20,NA,wiley2026caul
The Plant Genome,NA,1940-3372,2026-04-20,NA,wiley2026caul
The Plant Phenome Journal,NA,2578-2703,2026-04-20,NA,wiley2026caul
The Scientific World Journal,NA,1537-744X,2026-04-20,NA,wiley2026caul
Theoretical Economics,NA,1555-7561,2026-04-20,NA,wiley2026caul
Thoracic Cancer,NA,1759-7714,2026-04-20,NA,wiley2026caul
Thrombosis and Circulation Research,NA,3069-8359,2026-04-20,NA,wiley2026caul
Transactions of the London Mathematical Society,NA,2052-4986,2026-04-20,NA,wiley2026caul
Transboundary and Emerging Diseases,NA,1865-1682,2026-04-20,NA,wiley2026caul
Transformative Chemistry,NA,2998-2006,2026-04-20,NA,wiley2026caul
Translational Sports Medicine,NA,2573-8488,2026-04-20,NA,wiley2026caul
Trends in Urology & Men's Health,NA,2044-3749,2026-04-20,NA,wiley2026caul
United European Gastroenterology Journal,NA,2050-6414,2026-04-20,NA,wiley2026caul
Urban Agriculture & Regional Food Systems,NA,2575-1220,2026-04-20,NA,wiley2026caul
UroPrecision,NA,2835-1053,2026-04-20,NA,wiley2026caul
Vadose Zone Journal,NA,1539-1663,2026-04-20,NA,wiley2026caul
Vascular Research,NA,2097-7085,2026-04-20,NA,wiley2026caul
Veterinary Medicine and Science,NA,2053-1095,2026-04-20,NA,wiley2026caul
Veterinary Medicine International,NA,2042-0048,2026-04-20,NA,wiley2026caul
Veterinary Record Open,NA,2052-6113,2026-04-20,NA,wiley2026caul
View,NA,2688-268X,2026-04-20,NA,wiley2026caul
Water Resources Research,NA,1944-7973,2026-04-20,NA,wiley2026caul
Wildlife Biology,NA,1903-220X,2026-04-20,NA,wiley2026caul
Wildlife Letters,NA,2832-5869,2026-04-20,NA,wiley2026caul
Wildlife Society Bulletin,NA,2328-5540,2026-04-20,NA,wiley2026caul
Wind Energy,NA,1099-1824,2026-04-20,NA,wiley2026caul
World Journal of Otorhinolaryngology - Head and Neck Surgery,NA,2589-1081,2026-04-20,NA,wiley2026caul
Acta Neuropsychiatrica,0924-2708,1601-5215,2026-04-21,NA,cam2023lyrasis
Acta Numerica,0962-4929,1474-0508,2026-04-21,NA,cam2023lyrasis
Advances in Applied Probability,0001-8678,1475-6064,2026-04-21,NA,cam2023lyrasis
Advances in Archaeological Practice,NA,2326-3768,2026-04-21,NA,cam2023lyrasis
Africa,0001-9720,1750-0184,2026-04-21,NA,cam2023lyrasis
"Africa Bibliography, Research and Documentation",2752-6399,2752-6402,2026-04-21,NA,cam2023lyrasis
African Studies Review,0002-0206,1555-2462,2026-04-21,NA,cam2023lyrasis
Ageing & Society,0144-686X,1469-1779,2026-04-21,NA,cam2023lyrasis
Agricultural and Resource Economics Review,1068-2805,2372-2614,2026-04-21,NA,cam2023lyrasis
AI EDAM,0890-0604,1469-1760,2026-04-21,NA,cam2023lyrasis
American Antiquity,0002-7316,2325-5064,2026-04-21,NA,cam2023lyrasis
American Journal of International Law,0002-9300,2161-7953,2026-04-21,NA,cam2023lyrasis
American Journal of Law & Medicine,0098-8588,2375-835X,2026-04-21,NA,cam2023lyrasis
American Political Science Review,0003-0554,1537-5943,2026-04-21,NA,cam2023lyrasis
Anatolian Studies,0066-1546,2048-0849,2026-04-21,NA,cam2023lyrasis
Ancient Mesoamerica,0956-5361,1469-1787,2026-04-21,NA,cam2023lyrasis
Animal Health Research Reviews,1466-2523,1475-2654,2026-04-21,NA,cam2023lyrasis
Animal Nutriomics,2977-3776,2977-3784,2026-04-21,NA,cam2023lyrasis
Animal Welfare,NA,2054-1538,2026-04-21,NA,cam2023lyrasis
"Annales. Histoire, Sciences Sociales",0395-2649,1953-8146,2026-04-21,NA,cam2023lyrasis
Annals of Actuarial Science,1748-4995,1748-5002,2026-04-21,NA,cam2023lyrasis
Annals of Glaciology,0260-3055,1727-5644,2026-04-21,NA,cam2023lyrasis
Annual of the British School at Athens,0068-2454,2045-2403,2026-04-21,NA,cam2023lyrasis
Annual Review of Applied Linguistics,0267-1905,1471-6356,2026-04-21,NA,cam2023lyrasis
Antarctic Science,0954-1020,1365-2079,2026-04-21,NA,cam2023lyrasis
Antichthon,0066-4774,2056-8819,2026-04-21,NA,cam2023lyrasis
Antimicrobial Stewardship & Healthcare Epidemiology,NA,2732-494X,2026-04-21,NA,cam2023lyrasis
Antiquity,0003-598X,1745-1744,2026-04-21,NA,cam2023lyrasis
Applied Psycholinguistics,0142-7164,1469-1817,2026-04-21,NA,cam2023lyrasis
Archaeological Dialogues,1380-2038,1478-2294,2026-04-21,NA,cam2023lyrasis
Archaeological Reports,0570-6084,2041-4102,2026-04-21,NA,cam2023lyrasis
Art Libraries Journal,0307-4722,2059-7525,2026-04-21,NA,cam2023lyrasis
Asia-Pacific Journal,NA,1557-4660,2026-04-21,NA,cam2023lyrasis
Asian Journal of Comparative Law,2194-6078,1932-0205,2026-04-21,NA,cam2023lyrasis
Asian Journal of International Law,2044-2513,2044-2521,2026-04-21,NA,cam2023lyrasis
Asian Journal of Law and Society,2052-9015,2052-9023,2026-04-21,NA,cam2023lyrasis
ASTIN Bulletin: The Journal of the IAA,0515-0361,1783-1350,2026-04-21,NA,cam2023lyrasis
Australasian Journal of Special and Inclusive Education,2515-0731,2515-074X,2026-04-21,NA,cam2023lyrasis
Australian Journal of Environmental Education,0814-0626,2049-775X,2026-04-21,NA,cam2023lyrasis
Austrian History Yearbook,0067-2378,1558-5255,2026-04-21,NA,cam2023lyrasis
Behavioural and Cognitive Psychotherapy,1352-4658,1469-1833,2026-04-21,NA,cam2023lyrasis
Behavioural Public Policy,2398-063X,2398-0648,2026-04-21,NA,cam2023lyrasis
Bilingualism: Language and Cognition,1366-7289,1469-1841,2026-04-21,NA,cam2023lyrasis
Biotechnology Design,NA,2977-9057,2026-04-21,NA,cam2023lyrasis
Bird Conservation International,0959-2709,1474-0001,2026-04-21,NA,cam2023lyrasis
BJHS Themes,2058-850X,2056-354X,2026-04-21,NA,cam2023lyrasis
BJPsych Advances,2056-4678,2056-4686,2026-04-21,NA,cam2023lyrasis
BJPsych Bulletin,2056-4694,2056-4708,2026-04-21,NA,cam2023lyrasis
BJPsych International,2056-4740,2058-6264,2026-04-21,NA,cam2023lyrasis
BJPsych Open,NA,2056-4724,2026-04-21,NA,cam2023lyrasis
Britannia,0068-113X,1753-5352,2026-04-21,NA,cam2023lyrasis
British Catholic History,2055-7973,2055-7981,2026-04-21,NA,cam2023lyrasis
British Journal of Music Education,0265-0517,1469-2104,2026-04-21,NA,cam2023lyrasis
British Journal of Nutrition,0007-1145,1475-2662,2026-04-21,NA,cam2023lyrasis
British Journal of Political Science,0007-1234,1469-2112,2026-04-21,NA,cam2023lyrasis
Bulletin of Entomological Research,0007-4853,1475-2670,2026-04-21,NA,cam2023lyrasis
Bulletin of SOAS,0041-977X,1474-0699,2026-04-21,NA,cam2023lyrasis
Bulletin of Symbolic Logic,1079-8986,1943-5894,2026-04-21,NA,cam2023lyrasis
Bulletin of the Australian Mathematical Society,0004-9727,1755-1633,2026-04-21,NA,cam2023lyrasis
Business and Human Rights Journal,2057-0198,2057-0201,2026-04-21,NA,cam2023lyrasis
Business and Politics,1369-5258,1469-3569,2026-04-21,NA,cam2023lyrasis
Business Ethics Quarterly,1052-150X,2153-3326,2026-04-21,NA,cam2023lyrasis
Business History Review,0007-6805,2044-768X,2026-04-21,NA,cam2023lyrasis
Byzantine and Modern Greek Studies,0307-0131,1749-625X,2026-04-21,NA,cam2023lyrasis
Cambridge Archaeological Journal,0959-7743,1474-0540,2026-04-21,NA,cam2023lyrasis
Cambridge Forum on AI: Culture and Society,NA,3033-3725,2026-04-21,NA,cam2023lyrasis
Cambridge Forum on AI: Law and Governance,NA,3033-3733,2026-04-21,NA,cam2023lyrasis
Cambridge Forum on Corporate Climate Governance,NA,3049-8503,2026-04-21,NA,cam2023lyrasis
Cambridge Forum on Technology and Global Affairs,NA,2977-6708,2026-04-21,NA,cam2023lyrasis
Cambridge Journal of Postcolonial Literary Inquiry,2052-2614,2052-2622,2026-04-21,NA,cam2023lyrasis
Cambridge Materials: Circularity,NA,2978-168X,2026-04-21,NA,cam2023lyrasis
Cambridge Materials: Energy,NA,2978-1698,2026-04-21,NA,cam2023lyrasis
Cambridge Materials: Health,NA,2978-1701,2026-04-21,NA,cam2023lyrasis
Cambridge Materials: Water,NA,2978-171X,2026-04-21,NA,cam2023lyrasis
Cambridge Opera Journal,0954-5867,1474-0621,2026-04-21,NA,cam2023lyrasis
Cambridge Prisms: Antimicrobial Resistance,NA,2977-7550,2026-04-21,NA,cam2023lyrasis
Cambridge Prisms: Carbon Technologies,NA,2977-0505,2026-04-21,NA,cam2023lyrasis
Cambridge Prisms: Coastal Futures,NA,2754-7205,2026-04-21,NA,cam2023lyrasis
Cambridge Prisms: Drylands,NA,2976-5293,2026-04-21,NA,cam2023lyrasis
Cambridge Prisms: Energy Transitions,NA,3049-4672,2026-04-21,NA,cam2023lyrasis
Cambridge Prisms: Extinction,NA,2755-0958,2026-04-21,NA,cam2023lyrasis
Cambridge Prisms: Global Mental Health,NA,2054-4251,2026-04-21,NA,cam2023lyrasis
Cambridge Prisms: Plastics,NA,2755-094X,2026-04-21,NA,cam2023lyrasis
Cambridge Prisms: Water,NA,2755-1776,2026-04-21,NA,cam2023lyrasis
Cambridge Quarterly of Healthcare Ethics,0963-1801,1469-2147,2026-04-21,NA,cam2023lyrasis
Cambridge Yearbook of European Legal Studies,1528-8870,2049-7636,2026-04-21,NA,cam2023lyrasis
Canadian Journal of Law & Jurisprudence,0841-8209,2056-4260,2026-04-21,NA,cam2023lyrasis
Canadian Journal of Law and Society / La Revue Canadienne Droit et Société,0829-3201,1911-0227,2026-04-21,NA,cam2023lyrasis
Canadian Journal of Linguistics/Revue canadienne de linguistique,0008-4131,1710-1115,2026-04-21,NA,cam2023lyrasis
Canadian Journal of Mathematics,0008-414X,1496-4279,2026-04-21,NA,cam2023lyrasis
Canadian Journal of Neurological Sciences,0317-1671,2057-0155,2026-04-21,NA,cam2023lyrasis
Canadian Journal of Philosophy,0045-5091,1911-0820,2026-04-21,NA,cam2023lyrasis
Canadian Journal of Political Science/Revue canadienne de science politique,0008-4239,1744-9324,2026-04-21,NA,cam2023lyrasis
Canadian Journal on Aging / La Revue canadienne du vieillissement,0714-9808,1710-1107,2026-04-21,NA,cam2023lyrasis
Canadian Mathematical Bulletin,0008-4395,1496-4287,2026-04-21,NA,cam2023lyrasis
Canadian Mathematical Communications,NA,2976-8594,2026-04-21,NA,cam2023lyrasis
Canadian Yearbook of International Law/Annuaire canadien de droit international,0069-0058,1925-0169,2026-04-21,NA,cam2023lyrasis
Cardiology in the Young,1047-9511,1467-1107,2026-04-21,NA,cam2023lyrasis
Central European History,0008-9389,1569-1616,2026-04-21,NA,cam2023lyrasis
Church History,0009-6407,1755-2613,2026-04-21,NA,cam2023lyrasis
Clay Minerals,0009-8558,1471-8030,2026-04-21,NA,cam2023lyrasis
Clays and Clay Minerals,0009-8604,1552-8367,2026-04-21,NA,cam2023lyrasis
CNS Spectrums,1092-8529,2165-6509,2026-04-21,NA,cam2023lyrasis
"Combinatorics, Probability and Computing",0963-5483,1469-2163,2026-04-21,NA,cam2023lyrasis
Comparative Studies in Society and History,0010-4175,1475-2999,2026-04-21,NA,cam2023lyrasis
Compositio Mathematica,0010-437X,1570-5846,2026-04-21,NA,cam2023lyrasis
Computational Humanities Research,NA,2977-8158,2026-04-21,NA,cam2023lyrasis
Contemporary European History,0960-7773,1469-2171,2026-04-21,NA,cam2023lyrasis
Critical Pakistan Studies,NA,2753-2712,2026-04-21,NA,cam2023lyrasis
Dance Research Journal,0149-7677,1940-509X,2026-04-21,NA,cam2023lyrasis
Data & Policy,NA,2632-3249,2026-04-21,NA,cam2023lyrasis
Data-Centric Engineering,NA,2632-6736,2026-04-21,NA,cam2023lyrasis
Democratic Theory,2332-8894,2332-8908,2026-04-21,NA,cam2023lyrasis
Design Science,NA,2053-4701,2026-04-21,NA,cam2023lyrasis
Development and Psychopathology,0954-5794,1469-2198,2026-04-21,NA,cam2023lyrasis
Dialogue: Canadian Philosophical Review / Revue canadienne de philosophie,0012-2173,1759-0949,2026-04-21,NA,cam2023lyrasis
Disaster Medicine and Public Health Preparedness,1935-7893,1938-744X,2026-04-21,NA,cam2023lyrasis
Du Bois Review: Social Science Research on Race,1742-058X,1742-0598,2026-04-21,NA,cam2023lyrasis
Early China,0362-5028,2325-2324,2026-04-21,NA,cam2023lyrasis
Early Medieval England and its Neighbours,NA,3033-3679,2026-04-21,NA,cam2023lyrasis
Early Music History,0261-1279,1474-0559,2026-04-21,NA,cam2023lyrasis
Earth and Environmental Science Transactions of The Royal Society of Edinburgh,1755-6910,1755-6929,2026-04-21,NA,cam2023lyrasis
Ecclesiastical Law Journal,0956-618X,1751-8539,2026-04-21,NA,cam2023lyrasis
Econometric Theory,0266-4666,1469-4360,2026-04-21,NA,cam2023lyrasis
Economics & Philosophy,0266-2671,1474-0028,2026-04-21,NA,cam2023lyrasis
Eighteenth-Century Music,1478-5706,1478-5714,2026-04-21,NA,cam2023lyrasis
English Language & Linguistics,1360-6743,1469-4379,2026-04-21,NA,cam2023lyrasis
English Today,0266-0784,1474-0567,2026-04-21,NA,cam2023lyrasis
Enterprise & Society,1467-2227,1467-2235,2026-04-21,NA,cam2023lyrasis
Environment and Development Economics,1355-770X,1469-4395,2026-04-21,NA,cam2023lyrasis
Environmental Conservation,0376-8929,1469-4387,2026-04-21,NA,cam2023lyrasis
Environmental Data Science,NA,2634-4602,2026-04-21,NA,cam2023lyrasis
Epidemiology & Infection,0950-2688,1469-4409,2026-04-21,NA,cam2023lyrasis
Epidemiology and Psychiatric Sciences,2045-7960,2045-7979,2026-04-21,NA,cam2023lyrasis
Episteme,1742-3600,1750-0117,2026-04-21,NA,cam2023lyrasis
Ergodic Theory and Dynamical Systems,0143-3857,1469-4417,2026-04-21,NA,cam2023lyrasis
Ethics & International Affairs,0892-6794,1747-7093,2026-04-21,NA,cam2023lyrasis
European Constitutional Law Review,1574-0196,1744-5515,2026-04-21,NA,cam2023lyrasis
European Journal of Applied Mathematics,0956-7925,1469-4425,2026-04-21,NA,cam2023lyrasis
European Journal of Archaeology,1461-9571,1741-2722,2026-04-21,NA,cam2023lyrasis
European Journal of International Security,2057-5637,2057-5645,2026-04-21,NA,cam2023lyrasis
European Journal of Political Research,0304-4130,1475-6765,2026-04-21,NA,cam2023lyrasis
European Journal of Risk Regulation,1867-299X,2190-8249,2026-04-21,NA,cam2023lyrasis
European Journal of Sociology / Archives Européennes de Sociologie,0003-9756,1474-0583,2026-04-21,NA,cam2023lyrasis
European Law Open,NA,2752-6135,2026-04-21,NA,cam2023lyrasis
European Political Science,1680-4333,1682-0983,2026-04-21,NA,cam2023lyrasis
European Political Science Review,1755-7739,1755-7747,2026-04-21,NA,cam2023lyrasis
European Psychiatry,0924-9338,1778-3585,2026-04-21,NA,cam2023lyrasis
European Review,1062-7987,1474-0575,2026-04-21,NA,cam2023lyrasis
Evolutionary Human Sciences,NA,2513-843X,2026-04-21,NA,cam2023lyrasis
Experimental Agriculture,0014-4797,1469-4441,2026-04-21,NA,cam2023lyrasis
Experimental Economics,1386-4157,1573-6938,2026-04-21,NA,cam2023lyrasis
Expert Reviews in Molecular Medicine,NA,1462-3994,2026-04-21,NA,cam2023lyrasis
Federal Law Review,0067-205X,1444-6928,2026-04-21,NA,cam2023lyrasis
Finance and Society,NA,2059-5999,2026-04-21,NA,cam2023lyrasis
Financial History Review,0968-5650,1474-0052,2026-04-21,NA,cam2023lyrasis
Flow,NA,2633-4259,2026-04-21,NA,cam2023lyrasis
"Forum of Mathematics, Pi",NA,2050-5086,2026-04-21,NA,cam2023lyrasis
"Forum of Mathematics, Sigma",NA,2050-5094,2026-04-21,NA,cam2023lyrasis
Geo-Bio Interfaces,NA,2755-385X,2026-04-21,NA,cam2023lyrasis
Geological Magazine,0016-7568,1469-5081,2026-04-21,NA,cam2023lyrasis
German Law Journal,NA,2071-8322,2026-04-21,NA,cam2023lyrasis
Glasgow Mathematical Journal,0017-0895,1469-509X,2026-04-21,NA,cam2023lyrasis
Global Constitutionalism,2045-3817,2045-3825,2026-04-21,NA,cam2023lyrasis
Global Sustainability,NA,2059-4798,2026-04-21,NA,cam2023lyrasis
Government and Opposition,0017-257X,1477-7053,2026-04-21,NA,cam2023lyrasis
Greece & Rome,0017-3835,1477-4550,2026-04-21,NA,cam2023lyrasis
Gut Microbiome,NA,2632-2897,2026-04-21,NA,cam2023lyrasis
Harvard Theological Review,0017-8160,1475-4517,2026-04-21,NA,cam2023lyrasis
"Health Economics, Policy and Law",1744-1331,1744-134X,2026-04-21,NA,cam2023lyrasis
Hegel Bulletin,2051-5367,2051-5375,2026-04-21,NA,cam2023lyrasis
High Power Laser Science and Engineering,2095-4719,2052-3289,2026-04-21,NA,cam2023lyrasis
History in Africa,0361-5413,1558-2744,2026-04-21,NA,cam2023lyrasis
History of Education Quarterly,0018-2680,1748-5959,2026-04-21,NA,cam2023lyrasis
Horizons,0360-9669,2050-8557,2026-04-21,NA,cam2023lyrasis
Hypatia,0887-5367,1527-2001,2026-04-21,NA,cam2023lyrasis
Industrial and Organizational Psychology,1754-9426,1754-9434,2026-04-21,NA,cam2023lyrasis
Infection Control & Hospital Epidemiology,0899-823X,1559-6834,2026-04-21,NA,cam2023lyrasis
International & Comparative Law Quarterly,0020-5893,1471-6895,2026-04-21,NA,cam2023lyrasis
International Annals of Criminology,0003-4452,2398-676X,2026-04-21,NA,cam2023lyrasis
International Journal of Asian Studies,1479-5914,1479-5922,2026-04-21,NA,cam2023lyrasis
International Journal of Astrobiology,1473-5504,1475-3006,2026-04-21,NA,cam2023lyrasis
International Journal of Cultural Property,0940-7391,1465-7317,2026-04-21,NA,cam2023lyrasis
International Journal of Law in Context,1744-5523,1744-5531,2026-04-21,NA,cam2023lyrasis
International Journal of Microwave and Wireless Technologies,1759-0787,1759-0795,2026-04-21,NA,cam2023lyrasis
International Journal of Middle East Studies,0020-7438,1471-6380,2026-04-21,NA,cam2023lyrasis
International Journal of Technology Assessment in Health Care,0266-4623,1471-6348,2026-04-21,NA,cam2023lyrasis
International Labor and Working-Class History,0147-5479,1471-6445,2026-04-21,NA,cam2023lyrasis
International Legal Materials,0020-7829,1930-6571,2026-04-21,NA,cam2023lyrasis
International Organization,0020-8183,1531-5088,2026-04-21,NA,cam2023lyrasis
International Review of Social History,0020-8590,1469-512X,2026-04-21,NA,cam2023lyrasis
International Review of the Red Cross,1816-3831,1607-5889,2026-04-21,NA,cam2023lyrasis
International Theory,1752-9719,1752-9727,2026-04-21,NA,cam2023lyrasis
Invasive Plant Science and Management,1939-7291,1939-747X,2026-04-21,NA,cam2023lyrasis
Iranian studies,0021-0862,1475-4819,2026-04-21,NA,cam2023lyrasis
IRAQ,0021-0889,2053-4744,2026-04-21,NA,cam2023lyrasis
Irish Historical Studies,0021-1214,2056-4139,2026-04-21,NA,cam2023lyrasis
Irish Journal of Psychological Medicine,0790-9667,2051-6967,2026-04-21,NA,cam2023lyrasis
Israel Law Review,0021-2237,2047-9336,2026-04-21,NA,cam2023lyrasis
Italian Political Science Review / Rivista Italiana di Scienza Politica,0048-8402,2057-4908,2026-04-21,NA,cam2023lyrasis
Itinerario,0165-1153,2041-2827,2026-04-21,NA,cam2023lyrasis
Japanese Journal of Political Science,1468-1099,1474-0060,2026-04-21,NA,cam2023lyrasis
Journal of African Law,0021-8553,1464-3731,2026-04-21,NA,cam2023lyrasis
Journal of Agricultural and Applied Economics,1074-0708,2056-7405,2026-04-21,NA,cam2023lyrasis
Journal of American Studies,0021-8758,1469-5154,2026-04-21,NA,cam2023lyrasis
Journal of Anglican Studies,1740-3553,1745-5278,2026-04-21,NA,cam2023lyrasis
Journal of Applied Probability,0021-9002,1475-6072,2026-04-21,NA,cam2023lyrasis
Journal of Benefit-Cost Analysis,2194-5888,2152-2812,2026-04-21,NA,cam2023lyrasis
Journal of Biosocial Science,0021-9320,1469-7599,2026-04-21,NA,cam2023lyrasis
Journal of British Studies,0021-9371,1545-6986,2026-04-21,NA,cam2023lyrasis
Journal of Child Language,0305-0009,1469-7602,2026-04-21,NA,cam2023lyrasis
Journal of Chinese History 中國歷史學刊,2059-1632,2059-1640,2026-04-21,NA,cam2023lyrasis
Journal of Clinical and Translational Science,NA,2059-8661,2026-04-21,NA,cam2023lyrasis
Journal of Dairy Research,0022-0299,1469-7629,2026-04-21,NA,cam2023lyrasis
Journal of Demographic Economics,2054-0892,2054-0906,2026-04-21,NA,cam2023lyrasis
Journal of Developmental Origins of Health and Disease,2040-1744,2040-1752,2026-04-21,NA,cam2023lyrasis
Journal of East Asian Studies,1598-2408,2234-6643,2026-04-21,NA,cam2023lyrasis
Journal of Experimental Political Science,2052-2630,2052-2649,2026-04-21,NA,cam2023lyrasis
Journal of Financial and Quantitative Analysis,0022-1090,1756-6916,2026-04-21,NA,cam2023lyrasis
Journal of Financial Literacy and Wellbeing,NA,2753-3212,2026-04-21,NA,cam2023lyrasis
Journal of Fluid Mechanics,0022-1120,1469-7645,2026-04-21,NA,cam2023lyrasis
Journal of French Language Studies,0959-2695,1474-0079,2026-04-21,NA,cam2023lyrasis
Journal of Germanic Linguistics,1470-5427,1475-3014,2026-04-21,NA,cam2023lyrasis
Journal of Glaciology,0022-1430,1727-5652,2026-04-21,NA,cam2023lyrasis
Journal of Global History,1740-0228,1740-0236,2026-04-21,NA,cam2023lyrasis
Journal of Helminthology,0022-149X,1475-2697,2026-04-21,NA,cam2023lyrasis
Journal of Institutional Economics,1744-1374,1744-1382,2026-04-21,NA,cam2023lyrasis
Journal of International and Comparative Social Policy,2169-9763,2169-978X,2026-04-21,NA,cam2023lyrasis
Journal of Latin American Studies,0022-216X,1469-767X,2026-04-21,NA,cam2023lyrasis
Journal of Law and Courts,2164-6570,2164-6589,2026-04-21,NA,cam2023lyrasis
Journal of Law and Religion,0748-0814,2163-3088,2026-04-21,NA,cam2023lyrasis
"Journal of Law, Medicine & Ethics",1073-1105,1748-720X,2026-04-21,NA,cam2023lyrasis
Journal of Linguistic Geography,NA,2049-7547,2026-04-21,NA,cam2023lyrasis
Journal of Linguistics,0022-2267,1469-7742,2026-04-21,NA,cam2023lyrasis
Journal of Management & Organization,1833-3672,1839-3527,2026-04-21,NA,cam2023lyrasis
Journal of Nonlinear Waves,NA,3033-4268,2026-04-21,NA,cam2023lyrasis
Journal of Nutritional Science,2048-6790,2048-6790,2026-04-21,NA,cam2023lyrasis
Journal of Paleontology,0022-3360,1937-2337,2026-04-21,NA,cam2023lyrasis
Journal of Pension Economics & Finance,1474-7472,1475-3022,2026-04-21,NA,cam2023lyrasis
Journal of Plasma Physics,0022-3778,1469-7807,2026-04-21,NA,cam2023lyrasis
Journal of Policy History,0898-0306,1528-4190,2026-04-21,NA,cam2023lyrasis
Journal of Public Policy,0143-814X,1469-7815,2026-04-21,NA,cam2023lyrasis
"Journal of Race, Ethnicity, and Politics",NA,2056-6085,2026-04-21,NA,cam2023lyrasis
Journal of Radiotherapy in Practice,1460-3969,1467-1131,2026-04-21,NA,cam2023lyrasis
Journal of Roman Archaeology,1047-7594,2331-5709,2026-04-21,NA,cam2023lyrasis
Journal of Social Policy,0047-2794,1469-7823,2026-04-21,NA,cam2023lyrasis
Journal of the American Philosophical Association,2053-4477,2053-4485,2026-04-21,NA,cam2023lyrasis
Journal of the Australian Mathematical Society,1446-7887,1446-8107,2026-04-21,NA,cam2023lyrasis
Journal of the Economic Science Association,2199-6784,2199-6776,2026-04-21,NA,cam2023lyrasis
Journal of the History of Economic Thought,1053-8372,1469-9656,2026-04-21,NA,cam2023lyrasis
Journal of the Institute of Mathematics of Jussieu,1474-7480,1475-3030,2026-04-21,NA,cam2023lyrasis
Journal of the International Neuropsychological Society,1355-6177,1469-7661,2026-04-21,NA,cam2023lyrasis
Journal of the International Phonetic Association,0025-1003,1475-3502,2026-04-21,NA,cam2023lyrasis
Journal of the Marine Biological Association of the United Kingdom,0025-3154,1469-7769,2026-04-21,NA,cam2023lyrasis
Journal of the Royal Asiatic Society,1356-1863,1474-0591,2026-04-21,NA,cam2023lyrasis
Journal of the Royal Musical Association,0269-0403,1471-6933,2026-04-21,NA,cam2023lyrasis
Journal of the Society for American Music,1752-1963,1752-1971,2026-04-21,NA,cam2023lyrasis
Journal of Tropical Ecology,0266-4674,1469-7831,2026-04-21,NA,cam2023lyrasis
Journal of Wine Economics,1931-4361,1931-437X,2026-04-21,NA,cam2023lyrasis
Judgment and Decision Making,NA,1930-2975,2026-04-21,NA,cam2023lyrasis
Kantian Review,1369-4154,2044-2394,2026-04-21,NA,cam2023lyrasis
Language,0097-8507,1535-0665,2026-04-21,NA,cam2023lyrasis
Language and Cognition,1866-9808,1866-9859,2026-04-21,NA,cam2023lyrasis
Language in Society,0047-4045,1469-8013,2026-04-21,NA,cam2023lyrasis
Language Teaching,0261-4448,1475-3049,2026-04-21,NA,cam2023lyrasis
Language Variation and Change,0954-3945,1469-8021,2026-04-21,NA,cam2023lyrasis
Latin American Antiquity,1045-6635,2325-5080,2026-04-21,NA,cam2023lyrasis
Latin American Politics and Society,1531-426X,1548-2456,2026-04-21,NA,cam2023lyrasis
Latin American research review,0023-8791,1542-4278,2026-04-21,NA,cam2023lyrasis
Law & Social Inquiry,0897-6546,1747-4469,2026-04-21,NA,cam2023lyrasis
Law & Society Review,0738-2480,1939-9022,2026-04-21,NA,cam2023lyrasis
Law and History Review,0738-2480,1939-9022,2026-04-21,NA,cam2023lyrasis
Legal Studies,0261-3875,1748-121X,2026-04-21,NA,cam2023lyrasis
Legal Theory,1352-3252,1469-8048,2026-04-21,NA,cam2023lyrasis
Leiden Journal of International Law,0922-1565,1478-9698,2026-04-21,NA,cam2023lyrasis
Libyan Studies,0263-7189,2052-6148,2026-04-21,NA,cam2023lyrasis
Macroeconomic Dynamics,1365-1005,1469-8056,2026-04-21,NA,cam2023lyrasis
Management and Organization Review,1740-8776,1740-8784,2026-04-21,NA,cam2023lyrasis
Mathematical Proceedings of the Cambridge Philosophical Society,0305-0041,1469-8064,2026-04-21,NA,cam2023lyrasis
Mathematical Structures in Computer Science,0960-1295,1469-8072,2026-04-21,NA,cam2023lyrasis
Medical History,0025-7273,2048-8343,2026-04-21,NA,cam2023lyrasis
"Memory, Mind & Media",NA,2635-0238,2026-04-21,NA,cam2023lyrasis
Mineralogical Magazine,0026-461X,1471-8022,2026-04-21,NA,cam2023lyrasis
Modern American History,2515-0456,2397-1851,2026-04-21,NA,cam2023lyrasis
Modern Asian Studies,0026-749X,1469-8099,2026-04-21,NA,cam2023lyrasis
Modern Intellectual History,1479-2443,1479-2451,2026-04-21,NA,cam2023lyrasis
Modern Italy,1353-2944,1469-9877,2026-04-21,NA,cam2023lyrasis
Moduli,2949-7647,2977-1382,2026-04-21,NA,cam2023lyrasis
Nagoya Mathematical Journal,0027-7630,2152-6842,2026-04-21,NA,cam2023lyrasis
National Institute Economic Review,0027-9501,1741-3036,2026-04-21,NA,cam2023lyrasis
Nationalities Papers,0090-5992,1465-3923,2026-04-21,NA,cam2023lyrasis
Natural Language Processing,NA,2977-0424,2026-04-21,NA,cam2023lyrasis
Network Science,2050-1242,2050-1250,2026-04-21,NA,cam2023lyrasis
New Blackfriars,0028-4289,1741-2005,2026-04-21,NA,cam2023lyrasis
New Perspectives on Turkey,0896-6346,1305-3299,2026-04-21,NA,cam2023lyrasis
New Testament Studies,0028-6885,1469-8145,2026-04-21,NA,cam2023lyrasis
New Theatre Quarterly,0266-464X,1474-0613,2026-04-21,NA,cam2023lyrasis
Nineteenth-Century Music Review,1479-4098,2044-8414,2026-04-21,NA,cam2023lyrasis
Nordic Journal of Linguistics,0332-5865,1502-4717,2026-04-21,NA,cam2023lyrasis
Nutrition Research Reviews,0954-4224,1475-2700,2026-04-21,NA,cam2023lyrasis
Organised Sound,1355-7718,1469-8153,2026-04-21,NA,cam2023lyrasis
Oryx,0030-6053,1365-3008,2026-04-21,NA,cam2023lyrasis
Paleobiology,0094-8373,1938-5331,2026-04-21,NA,cam2023lyrasis
Palliative & Supportive Care,1478-9515,1478-9523,2026-04-21,NA,cam2023lyrasis
Parasitology,0031-1820,1469-8161,2026-04-21,NA,cam2023lyrasis
Personality Neuroscience,NA,2513-9886,2026-04-21,NA,cam2023lyrasis
Perspectives on Politics,1537-5927,1541-0986,2026-04-21,NA,cam2023lyrasis
Philosophy,0031-8191,1469-817X,2026-04-21,NA,cam2023lyrasis
Philosophy of Science,0031-8248,1539-767X,2026-04-21,NA,cam2023lyrasis
Phonological Data and Analysis,NA,2642-1828,2026-04-21,NA,cam2023lyrasis
Phonology,0952-6757,1469-8188,2026-04-21,NA,cam2023lyrasis
Plainsong & Medieval Music,0961-1371,1474-0087,2026-04-21,NA,cam2023lyrasis
Plant Genetic Resources,1479-2621,1479-263X,2026-04-21,NA,cam2023lyrasis
Polar Record,0032-2474,1475-3057,2026-04-21,NA,cam2023lyrasis
Political Analysis,1047-1987,1476-4989,2026-04-21,NA,cam2023lyrasis
Political Data Yearbook,2047-8844,2047-8852,2026-04-21,NA,cam2023lyrasis
Political Science Research and Methods,2049-8470,2049-8489,2026-04-21,NA,cam2023lyrasis
Politics & Gender,1743-923X,1743-9248,2026-04-21,NA,cam2023lyrasis
Politics and Religion,1755-0483,1755-0491,2026-04-21,NA,cam2023lyrasis
Politics and the Life Sciences,0730-9384,1471-5457,2026-04-21,NA,cam2023lyrasis
Popular Music,0261-1430,1474-0095,2026-04-21,NA,cam2023lyrasis
Prehospital and Disaster Medicine,1049-023X,1945-1938,2026-04-21,NA,cam2023lyrasis
Primary Health Care Research & Development,1463-4236,1477-1128,2026-04-21,NA,cam2023lyrasis
Probability in the Engineering and Informational Sciences,0269-9648,1469-8951,2026-04-21,NA,cam2023lyrasis
Proceedings of the ASIL Annual Meeting,0272-5037,2169-1118,2026-04-21,NA,cam2023lyrasis
Proceedings of the Edinburgh Mathematical Society,0013-0915,1464-3839,2026-04-21,NA,cam2023lyrasis
Proceedings of the International Astronomical Union,1743-9213,1743-9221,2026-04-21,NA,cam2023lyrasis
Proceedings of the Nutrition Society,0029-6651,1475-2719,2026-04-21,NA,cam2023lyrasis
Proceedings of the Prehistoric Society,0079-497X,2050-2729,2026-04-21,NA,cam2023lyrasis
Proceedings of the Royal Society of Edinburgh Section A: Mathematics,0308-2105,1473-7124,2026-04-21,NA,cam2023lyrasis
PS: Political Science & Politics,1049-0965,1537-5935,2026-04-21,NA,cam2023lyrasis
Psychological Medicine,0033-2917,1469-8978,2026-04-21,NA,cam2023lyrasis
Psychometrika,0033-3123,1860-0980,2026-04-21,NA,cam2023lyrasis
Public Health Nutrition,1368-9800,1475-2727,2026-04-21,NA,cam2023lyrasis
Public Humanities,NA,2977-0173,2026-04-21,NA,cam2023lyrasis
Publications of the Astronomical Society of Australia,1323-3580,1448-6083,2026-04-21,NA,cam2023lyrasis
QRB Discovery,NA,2633-2892,2026-04-21,NA,cam2023lyrasis
Quantitative Plant Biology,NA,2632-8828,2026-04-21,NA,cam2023lyrasis
Quarterly Reviews of Biophysics,0033-5835,1469-8994,2026-04-21,NA,cam2023lyrasis
Quaternary Research,0033-5894,1096-0287,2026-04-21,NA,cam2023lyrasis
Radiocarbon,0033-8222,1945-5755,2026-04-21,NA,cam2023lyrasis
ReCALL,0958-3440,1474-0109,2026-04-21,NA,cam2023lyrasis
Religion and American Culture,1052-1151,1533-8568,2026-04-21,NA,cam2023lyrasis
Religious Studies,0034-4125,1469-901X,2026-04-21,NA,cam2023lyrasis
Renewable Agriculture and Food Systems,1742-1705,1742-1713,2026-04-21,NA,cam2023lyrasis
Research Synthesis Methods,1759-2879,1759-2887,2026-04-21,NA,cam2023lyrasis
Review of International Studies,0260-2105,1469-9044,2026-04-21,NA,cam2023lyrasis
Review of Middle East Studies,2151-3481,2329-3225,2026-04-21,NA,cam2023lyrasis
Revista de Historia Economica - Journal of Iberian and Latin American Economic History,0212-6109,2041-3335,2026-04-21,NA,cam2023lyrasis
Robotica,0263-5747,1469-8668,2026-04-21,NA,cam2023lyrasis
Royal Institute of Philosophy Supplements,1358-2461,1755-3555,2026-04-21,NA,cam2023lyrasis
Royal Musical Association Research Chronicle,1472-3808,2167-4027,2026-04-21,NA,cam2023lyrasis
Rural History,0956-7933,1474-0656,2026-04-21,NA,cam2023lyrasis
Science in Context,0269-8897,1474-0664,2026-04-21,NA,cam2023lyrasis
Scottish Journal of Theology,0036-9306,1475-3065,2026-04-21,NA,cam2023lyrasis
Seed Science Research,0960-2585,1475-2735,2026-04-21,NA,cam2023lyrasis
Signs and Society,2326-4489,2326-4497,2026-04-21,NA,cam2023lyrasis
Slavic Review,0037-6779,2325-7784,2026-04-21,NA,cam2023lyrasis
Social Philosophy and Policy,0265-0525,1471-6437,2026-04-21,NA,cam2023lyrasis
Social Policy and Society,1474-7464,1475-3073,2026-04-21,NA,cam2023lyrasis
Social Science History,0145-5532,1527-8034,2026-04-21,NA,cam2023lyrasis
State Politics & Policy Quarterly,1532-4400,1946-1607,2026-04-21,NA,cam2023lyrasis
Studies in American Political Development,0898-588X,1469-8692,2026-04-21,NA,cam2023lyrasis
Studies in Church History,0424-2084,2059-0644,2026-04-21,NA,cam2023lyrasis
Studies in Second Language Acquisition,0272-2631,1470-1545,2026-04-21,NA,cam2023lyrasis
TDR,1054-2043,1531-4715,2026-04-21,NA,cam2023lyrasis
The Aeronautical Journal,0001-9240,2059-6464,2026-04-21,NA,cam2023lyrasis
The Americas,0003-1615,1533-6247,2026-04-21,NA,cam2023lyrasis
The Antiquaries Journal,0003-5815,1758-5309,2026-04-21,NA,cam2023lyrasis
The ANZIAM Journal,1446-1811,1446-8735,2026-04-21,NA,cam2023lyrasis
The British Journal for the History of Science,0007-0874,1474-001X,2026-04-21,NA,cam2023lyrasis
The British Journal of Psychiatry,0007-1250,1472-1465,2026-04-21,NA,cam2023lyrasis
The Cambridge Classical Journal,1750-2705,2047-993X,2026-04-21,NA,cam2023lyrasis
The Cambridge Law Journal,0008-1973,1469-2139,2026-04-21,NA,cam2023lyrasis
The Canadian Entomologist,0008-347X,1918-3240,2026-04-21,NA,cam2023lyrasis
The China Quarterly,0305-7410,1468-2648,2026-04-21,NA,cam2023lyrasis
The Classical Quarterly,0009-8388,1471-6844,2026-04-21,NA,cam2023lyrasis
The Classical Review,0009-840X,1464-3561,2026-04-21,NA,cam2023lyrasis
The Cognitive Behaviour Therapist,NA,1754-470X,2026-04-21,NA,cam2023lyrasis
The Economic and Labour Relations Review,1035-3046,1838-2673,2026-04-21,NA,cam2023lyrasis
The Historical Journal,0018-246X,1469-5103,2026-04-21,NA,cam2023lyrasis
The Journal of African History,0021-8537,1469-5138,2026-04-21,NA,cam2023lyrasis
The Journal of Agricultural Science,0021-8596,1469-5146,2026-04-21,NA,cam2023lyrasis
The Journal of Ecclesiastical History,0022-0469,1469-7637,2026-04-21,NA,cam2023lyrasis
The Journal of Economic History,0022-0507,1471-6372,2026-04-21,NA,cam2023lyrasis
The Journal of Hellenic Studies,0075-4269,2041-4099,2026-04-21,NA,cam2023lyrasis
The Journal of Laryngology & Otology,0022-2151,1748-5460,2026-04-21,NA,cam2023lyrasis
The Journal of Modern African Studies,0022-278X,1469-7777,2026-04-21,NA,cam2023lyrasis
The Journal of Navigation,0373-4633,1469-7785,2026-04-21,NA,cam2023lyrasis
The Journal of Roman Studies,0075-4358,1753-528X,2026-04-21,NA,cam2023lyrasis
The Journal of Symbolic Logic,0022-4812,1943-5886,2026-04-21,NA,cam2023lyrasis
The Journal of the Gilded Age and Progressive Era,1537-7814,1943-3557,2026-04-21,NA,cam2023lyrasis
The Lichenologist,0024-2829,1096-1135,2026-04-21,NA,cam2023lyrasis
The Review of Politics,0034-6705,1748-6858,2026-04-21,NA,cam2023lyrasis
The Review of Symbolic Logic,1755-0203,1755-0211,2026-04-21,NA,cam2023lyrasis
The Spanish Journal of Psychology,1138-7416,1988-2904,2026-04-21,NA,cam2023lyrasis
Theory and Practice of Logic Programming,1471-0684,1475-3081,2026-04-21,NA,cam2023lyrasis
Think,1477-1756,1755-1196,2026-04-21,NA,cam2023lyrasis
Traditions of Music and Dance,3033-4233,3033-4241,2026-04-21,NA,cam2023lyrasis
TRaNS: Trans-Regional and -National Studies of Southeast Asia,2051-364X,2051-3658,2026-04-21,NA,cam2023lyrasis
Transactions of the Royal Historical Society,0080-4401,1474-0648,2026-04-21,NA,cam2023lyrasis
Transnational Environmental Law,2047-1025,2047-1033,2026-04-21,NA,cam2023lyrasis
Twentieth-century music,1478-5722,1478-5730,2026-04-21,NA,cam2023lyrasis
Twin Research and Human Genetics,1832-4274,1839-2628,2026-04-21,NA,cam2023lyrasis
Urban History,0963-9268,1469-8706,2026-04-21,NA,cam2023lyrasis
Utilitas,0953-8208,1741-6183,2026-04-21,NA,cam2023lyrasis
Victorian Literature and Culture,1060-1503,1470-1553,2026-04-21,NA,cam2023lyrasis
Voluntas: International Journal of Voluntary and Nonprofit Organizations,0957-8765,1573-7888,2026-04-21,NA,cam2023lyrasis
Wearable Technologies,NA,2631-7176,2026-04-21,NA,cam2023lyrasis
Weed Science,0043-1745,1550-2759,2026-04-21,NA,cam2023lyrasis
Weed Technology,0890-037X,1550-2740,2026-04-21,NA,cam2023lyrasis
World Trade Review,1474-7456,1475-3138,2026-04-21,NA,cam2023lyrasis
Zygote,0967-1994,1469-8730,2026-04-21,NA,cam2023lyrasis
Acta Neuropsychiatrica,0924-2708,1601-5215,2026-04-21,NA,cam2026tubitak
Acta Numerica,0962-4929,1474-0508,2026-04-21,NA,cam2026tubitak
Advances in Applied Probability,0001-8678,1475-6064,2026-04-21,NA,cam2026tubitak
Advances in Archaeological Practice,NA,2326-3768,2026-04-21,NA,cam2026tubitak
Africa,0001-9720,1750-0184,2026-04-21,NA,cam2026tubitak
"Africa Bibliography, Research and Documentation",2752-6399,2752-6402,2026-04-21,NA,cam2026tubitak
African Studies Review,0002-0206,1555-2462,2026-04-21,NA,cam2026tubitak
Ageing & Society,0144-686X,1469-1779,2026-04-21,NA,cam2026tubitak
Agricultural and Resource Economics Review,1068-2805,2372-2614,2026-04-21,NA,cam2026tubitak
AI EDAM,0890-0604,1469-1760,2026-04-21,NA,cam2026tubitak
American Antiquity,0002-7316,2325-5064,2026-04-21,NA,cam2026tubitak
American Journal of International Law,0002-9300,2161-7953,2026-04-21,NA,cam2026tubitak
American Journal of Law & Medicine,0098-8588,2375-835X,2026-04-21,NA,cam2026tubitak
American Political Science Review,0003-0554,1537-5943,2026-04-21,NA,cam2026tubitak
Anatolian Studies,0066-1546,2048-0849,2026-04-21,NA,cam2026tubitak
Ancient Mesoamerica,0956-5361,1469-1787,2026-04-21,NA,cam2026tubitak
Animal Health Research Reviews,1466-2523,1475-2654,2026-04-21,NA,cam2026tubitak
Animal Nutriomics,2977-3776,2977-3784,2026-04-21,NA,cam2026tubitak
Animal Welfare,NA,2054-1538,2026-04-21,NA,cam2026tubitak
"Annales. Histoire, Sciences Sociales",0395-2649,1953-8146,2026-04-21,NA,cam2026tubitak
Annals of Actuarial Science,1748-4995,1748-5002,2026-04-21,NA,cam2026tubitak
Annals of Glaciology,0260-3055,1727-5644,2026-04-21,NA,cam2026tubitak
Annual of the British School at Athens,0068-2454,2045-2403,2026-04-21,NA,cam2026tubitak
Annual Review of Applied Linguistics,0267-1905,1471-6356,2026-04-21,NA,cam2026tubitak
Antarctic Science,0954-1020,1365-2079,2026-04-21,NA,cam2026tubitak
Antichthon,0066-4774,2056-8819,2026-04-21,NA,cam2026tubitak
Antimicrobial Stewardship & Healthcare Epidemiology,NA,2732-494X,2026-04-21,NA,cam2026tubitak
Antiquity,0003-598X,1745-1744,2026-04-21,NA,cam2026tubitak
Applied Psycholinguistics,0142-7164,1469-1817,2026-04-21,NA,cam2026tubitak
Archaeological Dialogues,1380-2038,1478-2294,2026-04-21,NA,cam2026tubitak
Archaeological Reports,0570-6084,2041-4102,2026-04-21,NA,cam2026tubitak
Art Libraries Journal,0307-4722,2059-7525,2026-04-21,NA,cam2026tubitak
Asia-Pacific Journal,NA,1557-4660,2026-04-21,NA,cam2026tubitak
Asian Journal of Comparative Law,2194-6078,1932-0205,2026-04-21,NA,cam2026tubitak
Asian Journal of International Law,2044-2513,2044-2521,2026-04-21,NA,cam2026tubitak
Asian Journal of Law and Society,2052-9015,2052-9023,2026-04-21,NA,cam2026tubitak
ASTIN Bulletin: The Journal of the IAA,0515-0361,1783-1350,2026-04-21,NA,cam2026tubitak
Australasian Journal of Special and Inclusive Education,2515-0731,2515-074X,2026-04-21,NA,cam2026tubitak
Australian Journal of Environmental Education,0814-0626,2049-775X,2026-04-21,NA,cam2026tubitak
Austrian History Yearbook,0067-2378,1558-5255,2026-04-21,NA,cam2026tubitak
Behavioural and Cognitive Psychotherapy,1352-4658,1469-1833,2026-04-21,NA,cam2026tubitak
Behavioural Public Policy,2398-063X,2398-0648,2026-04-21,NA,cam2026tubitak
Bilingualism: Language and Cognition,1366-7289,1469-1841,2026-04-21,NA,cam2026tubitak
Biotechnology Design,NA,2977-9057,2026-04-21,NA,cam2026tubitak
Bird Conservation International,0959-2709,1474-0001,2026-04-21,NA,cam2026tubitak
BJHS Themes,2058-850X,2056-354X,2026-04-21,NA,cam2026tubitak
BJPsych Advances,2056-4678,2056-4686,2026-04-21,NA,cam2026tubitak
BJPsych Bulletin,2056-4694,2056-4708,2026-04-21,NA,cam2026tubitak
BJPsych International,2056-4740,2058-6264,2026-04-21,NA,cam2026tubitak
BJPsych Open,NA,2056-4724,2026-04-21,NA,cam2026tubitak
Britannia,0068-113X,1753-5352,2026-04-21,NA,cam2026tubitak
British Catholic History,2055-7973,2055-7981,2026-04-21,NA,cam2026tubitak
British Journal of Music Education,0265-0517,1469-2104,2026-04-21,NA,cam2026tubitak
British Journal of Nutrition,0007-1145,1475-2662,2026-04-21,NA,cam2026tubitak
British Journal of Political Science,0007-1234,1469-2112,2026-04-21,NA,cam2026tubitak
Bulletin of Entomological Research,0007-4853,1475-2670,2026-04-21,NA,cam2026tubitak
Bulletin of SOAS,0041-977X,1474-0699,2026-04-21,NA,cam2026tubitak
Bulletin of Symbolic Logic,1079-8986,1943-5894,2026-04-21,NA,cam2026tubitak
Bulletin of the Australian Mathematical Society,0004-9727,1755-1633,2026-04-21,NA,cam2026tubitak
Business and Human Rights Journal,2057-0198,2057-0201,2026-04-21,NA,cam2026tubitak
Business and Politics,1369-5258,1469-3569,2026-04-21,NA,cam2026tubitak
Business Ethics Quarterly,1052-150X,2153-3326,2026-04-21,NA,cam2026tubitak
Business History Review,0007-6805,2044-768X,2026-04-21,NA,cam2026tubitak
Byzantine and Modern Greek Studies,0307-0131,1749-625X,2026-04-21,NA,cam2026tubitak
Cambridge Archaeological Journal,0959-7743,1474-0540,2026-04-21,NA,cam2026tubitak
Cambridge Forum on AI: Culture and Society,NA,3033-3725,2026-04-21,NA,cam2026tubitak
Cambridge Forum on AI: Law and Governance,NA,3033-3733,2026-04-21,NA,cam2026tubitak
Cambridge Forum on Corporate Climate Governance,NA,3049-8503,2026-04-21,NA,cam2026tubitak
Cambridge Forum on Technology and Global Affairs,NA,2977-6708,2026-04-21,NA,cam2026tubitak
Cambridge Journal of Postcolonial Literary Inquiry,2052-2614,2052-2622,2026-04-21,NA,cam2026tubitak
Cambridge Materials: Circularity,NA,2978-168X,2026-04-21,NA,cam2026tubitak
Cambridge Materials: Energy,NA,2978-1698,2026-04-21,NA,cam2026tubitak
Cambridge Materials: Health,NA,2978-1701,2026-04-21,NA,cam2026tubitak
Cambridge Materials: Water,NA,2978-171X,2026-04-21,NA,cam2026tubitak
Cambridge Opera Journal,0954-5867,1474-0621,2026-04-21,NA,cam2026tubitak
Cambridge Prisms: Antimicrobial Resistance,NA,2977-7550,2026-04-21,NA,cam2026tubitak
Cambridge Prisms: Carbon Technologies,NA,2977-0505,2026-04-21,NA,cam2026tubitak
Cambridge Prisms: Coastal Futures,NA,2754-7205,2026-04-21,NA,cam2026tubitak
Cambridge Prisms: Drylands,NA,2976-5293,2026-04-21,NA,cam2026tubitak
Cambridge Prisms: Energy Transitions,NA,3049-4672,2026-04-21,NA,cam2026tubitak
Cambridge Prisms: Extinction,NA,2755-0958,2026-04-21,NA,cam2026tubitak
Cambridge Prisms: Global Mental Health,NA,2054-4251,2026-04-21,NA,cam2026tubitak
Cambridge Prisms: Plastics,NA,2755-094X,2026-04-21,NA,cam2026tubitak
Cambridge Prisms: Water,NA,2755-1776,2026-04-21,NA,cam2026tubitak
Cambridge Quarterly of Healthcare Ethics,0963-1801,1469-2147,2026-04-21,NA,cam2026tubitak
Cambridge Yearbook of European Legal Studies,1528-8870,2049-7636,2026-04-21,NA,cam2026tubitak
Canadian Journal of Law & Jurisprudence,0841-8209,2056-4260,2026-04-21,NA,cam2026tubitak
Canadian Journal of Law and Society / La Revue Canadienne Droit et Société,0829-3201,1911-0227,2026-04-21,NA,cam2026tubitak
Canadian Journal of Linguistics/Revue canadienne de linguistique,0008-4131,1710-1115,2026-04-21,NA,cam2026tubitak
Canadian Journal of Mathematics,0008-414X,1496-4279,2026-04-21,NA,cam2026tubitak
Canadian Journal of Neurological Sciences,0317-1671,2057-0155,2026-04-21,NA,cam2026tubitak
Canadian Journal of Philosophy,0045-5091,1911-0820,2026-04-21,NA,cam2026tubitak
Canadian Journal of Political Science/Revue canadienne de science politique,0008-4239,1744-9324,2026-04-21,NA,cam2026tubitak
Canadian Journal on Aging / La Revue canadienne du vieillissement,0714-9808,1710-1107,2026-04-21,NA,cam2026tubitak
Canadian Mathematical Bulletin,0008-4395,1496-4287,2026-04-21,NA,cam2026tubitak
Canadian Mathematical Communications,NA,2976-8594,2026-04-21,NA,cam2026tubitak
Canadian Yearbook of International Law/Annuaire canadien de droit international,0069-0058,1925-0169,2026-04-21,NA,cam2026tubitak
Cardiology in the Young,1047-9511,1467-1107,2026-04-21,NA,cam2026tubitak
Central European History,0008-9389,1569-1616,2026-04-21,NA,cam2026tubitak
Church History,0009-6407,1755-2613,2026-04-21,NA,cam2026tubitak
Clay Minerals,0009-8558,1471-8030,2026-04-21,NA,cam2026tubitak
Clays and Clay Minerals,0009-8604,1552-8367,2026-04-21,NA,cam2026tubitak
CNS Spectrums,1092-8529,2165-6509,2026-04-21,NA,cam2026tubitak
"Combinatorics, Probability and Computing",0963-5483,1469-2163,2026-04-21,NA,cam2026tubitak
Comparative Studies in Society and History,0010-4175,1475-2999,2026-04-21,NA,cam2026tubitak
Compositio Mathematica,0010-437X,1570-5846,2026-04-21,NA,cam2026tubitak
Computational Humanities Research,NA,2977-8158,2026-04-21,NA,cam2026tubitak
Contemporary European History,0960-7773,1469-2171,2026-04-21,NA,cam2026tubitak
Critical Pakistan Studies,NA,2753-2712,2026-04-21,NA,cam2026tubitak
Dance Research Journal,0149-7677,1940-509X,2026-04-21,NA,cam2026tubitak
Data & Policy,NA,2632-3249,2026-04-21,NA,cam2026tubitak
Data-Centric Engineering,NA,2632-6736,2026-04-21,NA,cam2026tubitak
Democratic Theory,2332-8894,2332-8908,2026-04-21,NA,cam2026tubitak
Design Science,NA,2053-4701,2026-04-21,NA,cam2026tubitak
Development and Psychopathology,0954-5794,1469-2198,2026-04-21,NA,cam2026tubitak
Dialogue: Canadian Philosophical Review / Revue canadienne de philosophie,0012-2173,1759-0949,2026-04-21,NA,cam2026tubitak
Disaster Medicine and Public Health Preparedness,1935-7893,1938-744X,2026-04-21,NA,cam2026tubitak
Du Bois Review: Social Science Research on Race,1742-058X,1742-0598,2026-04-21,NA,cam2026tubitak
Early China,0362-5028,2325-2324,2026-04-21,NA,cam2026tubitak
Early Medieval England and its Neighbours,NA,3033-3679,2026-04-21,NA,cam2026tubitak
Early Music History,0261-1279,1474-0559,2026-04-21,NA,cam2026tubitak
Earth and Environmental Science Transactions of The Royal Society of Edinburgh,1755-6910,1755-6929,2026-04-21,NA,cam2026tubitak
Ecclesiastical Law Journal,0956-618X,1751-8539,2026-04-21,NA,cam2026tubitak
Econometric Theory,0266-4666,1469-4360,2026-04-21,NA,cam2026tubitak
Economics & Philosophy,0266-2671,1474-0028,2026-04-21,NA,cam2026tubitak
Eighteenth-Century Music,1478-5706,1478-5714,2026-04-21,NA,cam2026tubitak
English Language & Linguistics,1360-6743,1469-4379,2026-04-21,NA,cam2026tubitak
English Today,0266-0784,1474-0567,2026-04-21,NA,cam2026tubitak
Enterprise & Society,1467-2227,1467-2235,2026-04-21,NA,cam2026tubitak
Environment and Development Economics,1355-770X,1469-4395,2026-04-21,NA,cam2026tubitak
Environmental Conservation,0376-8929,1469-4387,2026-04-21,NA,cam2026tubitak
Environmental Data Science,NA,2634-4602,2026-04-21,NA,cam2026tubitak
Epidemiology & Infection,0950-2688,1469-4409,2026-04-21,NA,cam2026tubitak
Epidemiology and Psychiatric Sciences,2045-7960,2045-7979,2026-04-21,NA,cam2026tubitak
Episteme,1742-3600,1750-0117,2026-04-21,NA,cam2026tubitak
Ergodic Theory and Dynamical Systems,0143-3857,1469-4417,2026-04-21,NA,cam2026tubitak
Ethics & International Affairs,0892-6794,1747-7093,2026-04-21,NA,cam2026tubitak
European Constitutional Law Review,1574-0196,1744-5515,2026-04-21,NA,cam2026tubitak
European Journal of Applied Mathematics,0956-7925,1469-4425,2026-04-21,NA,cam2026tubitak
European Journal of Archaeology,1461-9571,1741-2722,2026-04-21,NA,cam2026tubitak
European Journal of International Security,2057-5637,2057-5645,2026-04-21,NA,cam2026tubitak
European Journal of Political Research,0304-4130,1475-6765,2026-04-21,NA,cam2026tubitak
European Journal of Risk Regulation,1867-299X,2190-8249,2026-04-21,NA,cam2026tubitak
European Journal of Sociology / Archives Européennes de Sociologie,0003-9756,1474-0583,2026-04-21,NA,cam2026tubitak
European Law Open,NA,2752-6135,2026-04-21,NA,cam2026tubitak
European Political Science,1680-4333,1682-0983,2026-04-21,NA,cam2026tubitak
European Political Science Review,1755-7739,1755-7747,2026-04-21,NA,cam2026tubitak
European Psychiatry,0924-9338,1778-3585,2026-04-21,NA,cam2026tubitak
European Review,1062-7987,1474-0575,2026-04-21,NA,cam2026tubitak
Evolutionary Human Sciences,NA,2513-843X,2026-04-21,NA,cam2026tubitak
Experimental Agriculture,0014-4797,1469-4441,2026-04-21,NA,cam2026tubitak
Experimental Economics,1386-4157,1573-6938,2026-04-21,NA,cam2026tubitak
Expert Reviews in Molecular Medicine,NA,1462-3994,2026-04-21,NA,cam2026tubitak
Federal Law Review,0067-205X,1444-6928,2026-04-21,NA,cam2026tubitak
Finance and Society,NA,2059-5999,2026-04-21,NA,cam2026tubitak
Financial History Review,0968-5650,1474-0052,2026-04-21,NA,cam2026tubitak
Flow,NA,2633-4259,2026-04-21,NA,cam2026tubitak
"Forum of Mathematics, Pi",NA,2050-5086,2026-04-21,NA,cam2026tubitak
"Forum of Mathematics, Sigma",NA,2050-5094,2026-04-21,NA,cam2026tubitak
Geo-Bio Interfaces,NA,2755-385X,2026-04-21,NA,cam2026tubitak
Geological Magazine,0016-7568,1469-5081,2026-04-21,NA,cam2026tubitak
German Law Journal,NA,2071-8322,2026-04-21,NA,cam2026tubitak
Glasgow Mathematical Journal,0017-0895,1469-509X,2026-04-21,NA,cam2026tubitak
Global Constitutionalism,2045-3817,2045-3825,2026-04-21,NA,cam2026tubitak
Global Sustainability,NA,2059-4798,2026-04-21,NA,cam2026tubitak
Government and Opposition,0017-257X,1477-7053,2026-04-21,NA,cam2026tubitak
Greece & Rome,0017-3835,1477-4550,2026-04-21,NA,cam2026tubitak
Gut Microbiome,NA,2632-2897,2026-04-21,NA,cam2026tubitak
Harvard Theological Review,0017-8160,1475-4517,2026-04-21,NA,cam2026tubitak
"Health Economics, Policy and Law",1744-1331,1744-134X,2026-04-21,NA,cam2026tubitak
Hegel Bulletin,2051-5367,2051-5375,2026-04-21,NA,cam2026tubitak
High Power Laser Science and Engineering,2095-4719,2052-3289,2026-04-21,NA,cam2026tubitak
History in Africa,0361-5413,1558-2744,2026-04-21,NA,cam2026tubitak
History of Education Quarterly,0018-2680,1748-5959,2026-04-21,NA,cam2026tubitak
Horizons,0360-9669,2050-8557,2026-04-21,NA,cam2026tubitak
Hypatia,0887-5367,1527-2001,2026-04-21,NA,cam2026tubitak
Industrial and Organizational Psychology,1754-9426,1754-9434,2026-04-21,NA,cam2026tubitak
Infection Control & Hospital Epidemiology,0899-823X,1559-6834,2026-04-21,NA,cam2026tubitak
International & Comparative Law Quarterly,0020-5893,1471-6895,2026-04-21,NA,cam2026tubitak
International Annals of Criminology,0003-4452,2398-676X,2026-04-21,NA,cam2026tubitak
International Journal of Asian Studies,1479-5914,1479-5922,2026-04-21,NA,cam2026tubitak
International Journal of Astrobiology,1473-5504,1475-3006,2026-04-21,NA,cam2026tubitak
International Journal of Cultural Property,0940-7391,1465-7317,2026-04-21,NA,cam2026tubitak
International Journal of Law in Context,1744-5523,1744-5531,2026-04-21,NA,cam2026tubitak
International Journal of Microwave and Wireless Technologies,1759-0787,1759-0795,2026-04-21,NA,cam2026tubitak
International Journal of Middle East Studies,0020-7438,1471-6380,2026-04-21,NA,cam2026tubitak
International Journal of Technology Assessment in Health Care,0266-4623,1471-6348,2026-04-21,NA,cam2026tubitak
International Labor and Working-Class History,0147-5479,1471-6445,2026-04-21,NA,cam2026tubitak
International Legal Materials,0020-7829,1930-6571,2026-04-21,NA,cam2026tubitak
International Organization,0020-8183,1531-5088,2026-04-21,NA,cam2026tubitak
International Review of Social History,0020-8590,1469-512X,2026-04-21,NA,cam2026tubitak
International Review of the Red Cross,1816-3831,1607-5889,2026-04-21,NA,cam2026tubitak
International Theory,1752-9719,1752-9727,2026-04-21,NA,cam2026tubitak
Invasive Plant Science and Management,1939-7291,1939-747X,2026-04-21,NA,cam2026tubitak
Iranian studies,0021-0862,1475-4819,2026-04-21,NA,cam2026tubitak
IRAQ,0021-0889,2053-4744,2026-04-21,NA,cam2026tubitak
Irish Historical Studies,0021-1214,2056-4139,2026-04-21,NA,cam2026tubitak
Irish Journal of Psychological Medicine,0790-9667,2051-6967,2026-04-21,NA,cam2026tubitak
Israel Law Review,0021-2237,2047-9336,2026-04-21,NA,cam2026tubitak
Italian Political Science Review / Rivista Italiana di Scienza Politica,0048-8402,2057-4908,2026-04-21,NA,cam2026tubitak
Itinerario,0165-1153,2041-2827,2026-04-21,NA,cam2026tubitak
Japanese Journal of Political Science,1468-1099,1474-0060,2026-04-21,NA,cam2026tubitak
Journal of African Law,0021-8553,1464-3731,2026-04-21,NA,cam2026tubitak
Journal of Agricultural and Applied Economics,1074-0708,2056-7405,2026-04-21,NA,cam2026tubitak
Journal of American Studies,0021-8758,1469-5154,2026-04-21,NA,cam2026tubitak
Journal of Anglican Studies,1740-3553,1745-5278,2026-04-21,NA,cam2026tubitak
Journal of Applied Probability,0021-9002,1475-6072,2026-04-21,NA,cam2026tubitak
Journal of Benefit-Cost Analysis,2194-5888,2152-2812,2026-04-21,NA,cam2026tubitak
Journal of Biosocial Science,0021-9320,1469-7599,2026-04-21,NA,cam2026tubitak
Journal of British Studies,0021-9371,1545-6986,2026-04-21,NA,cam2026tubitak
Journal of Child Language,0305-0009,1469-7602,2026-04-21,NA,cam2026tubitak
Journal of Chinese History 中國歷史學刊,2059-1632,2059-1640,2026-04-21,NA,cam2026tubitak
Journal of Clinical and Translational Science,NA,2059-8661,2026-04-21,NA,cam2026tubitak
Journal of Dairy Research,0022-0299,1469-7629,2026-04-21,NA,cam2026tubitak
Journal of Demographic Economics,2054-0892,2054-0906,2026-04-21,NA,cam2026tubitak
Journal of Developmental Origins of Health and Disease,2040-1744,2040-1752,2026-04-21,NA,cam2026tubitak
Journal of East Asian Studies,1598-2408,2234-6643,2026-04-21,NA,cam2026tubitak
Journal of Experimental Political Science,2052-2630,2052-2649,2026-04-21,NA,cam2026tubitak
Journal of Financial and Quantitative Analysis,0022-1090,1756-6916,2026-04-21,NA,cam2026tubitak
Journal of Financial Literacy and Wellbeing,NA,2753-3212,2026-04-21,NA,cam2026tubitak
Journal of Fluid Mechanics,0022-1120,1469-7645,2026-04-21,NA,cam2026tubitak
Journal of French Language Studies,0959-2695,1474-0079,2026-04-21,NA,cam2026tubitak
Journal of Germanic Linguistics,1470-5427,1475-3014,2026-04-21,NA,cam2026tubitak
Journal of Glaciology,0022-1430,1727-5652,2026-04-21,NA,cam2026tubitak
Journal of Global History,1740-0228,1740-0236,2026-04-21,NA,cam2026tubitak
Journal of Helminthology,0022-149X,1475-2697,2026-04-21,NA,cam2026tubitak
Journal of Institutional Economics,1744-1374,1744-1382,2026-04-21,NA,cam2026tubitak
Journal of International and Comparative Social Policy,2169-9763,2169-978X,2026-04-21,NA,cam2026tubitak
Journal of Latin American Studies,0022-216X,1469-767X,2026-04-21,NA,cam2026tubitak
Journal of Law and Courts,2164-6570,2164-6589,2026-04-21,NA,cam2026tubitak
Journal of Law and Religion,0748-0814,2163-3088,2026-04-21,NA,cam2026tubitak
"Journal of Law, Medicine & Ethics",1073-1105,1748-720X,2026-04-21,NA,cam2026tubitak
Journal of Linguistic Geography,NA,2049-7547,2026-04-21,NA,cam2026tubitak
Journal of Linguistics,0022-2267,1469-7742,2026-04-21,NA,cam2026tubitak
Journal of Management & Organization,1833-3672,1839-3527,2026-04-21,NA,cam2026tubitak
Journal of Nonlinear Waves,NA,3033-4268,2026-04-21,NA,cam2026tubitak
Journal of Nutritional Science,2048-6790,2048-6790,2026-04-21,NA,cam2026tubitak
Journal of Paleontology,0022-3360,1937-2337,2026-04-21,NA,cam2026tubitak
Journal of Pension Economics & Finance,1474-7472,1475-3022,2026-04-21,NA,cam2026tubitak
Journal of Plasma Physics,0022-3778,1469-7807,2026-04-21,NA,cam2026tubitak
Journal of Policy History,0898-0306,1528-4190,2026-04-21,NA,cam2026tubitak
Journal of Public Policy,0143-814X,1469-7815,2026-04-21,NA,cam2026tubitak
"Journal of Race, Ethnicity, and Politics",NA,2056-6085,2026-04-21,NA,cam2026tubitak
Journal of Radiotherapy in Practice,1460-3969,1467-1131,2026-04-21,NA,cam2026tubitak
Journal of Roman Archaeology,1047-7594,2331-5709,2026-04-21,NA,cam2026tubitak
Journal of Social Policy,0047-2794,1469-7823,2026-04-21,NA,cam2026tubitak
Journal of the American Philosophical Association,2053-4477,2053-4485,2026-04-21,NA,cam2026tubitak
Journal of the Australian Mathematical Society,1446-7887,1446-8107,2026-04-21,NA,cam2026tubitak
Journal of the Economic Science Association,2199-6784,2199-6776,2026-04-21,NA,cam2026tubitak
Journal of the History of Economic Thought,1053-8372,1469-9656,2026-04-21,NA,cam2026tubitak
Journal of the Institute of Mathematics of Jussieu,1474-7480,1475-3030,2026-04-21,NA,cam2026tubitak
Journal of the International Neuropsychological Society,1355-6177,1469-7661,2026-04-21,NA,cam2026tubitak
Journal of the International Phonetic Association,0025-1003,1475-3502,2026-04-21,NA,cam2026tubitak
Journal of the Marine Biological Association of the United Kingdom,0025-3154,1469-7769,2026-04-21,NA,cam2026tubitak
Journal of the Royal Asiatic Society,1356-1863,1474-0591,2026-04-21,NA,cam2026tubitak
Journal of the Royal Musical Association,0269-0403,1471-6933,2026-04-21,NA,cam2026tubitak
Journal of the Society for American Music,1752-1963,1752-1971,2026-04-21,NA,cam2026tubitak
Journal of Tropical Ecology,0266-4674,1469-7831,2026-04-21,NA,cam2026tubitak
Journal of Wine Economics,1931-4361,1931-437X,2026-04-21,NA,cam2026tubitak
Judgment and Decision Making,NA,1930-2975,2026-04-21,NA,cam2026tubitak
Kantian Review,1369-4154,2044-2394,2026-04-21,NA,cam2026tubitak
Language,0097-8507,1535-0665,2026-04-21,NA,cam2026tubitak
Language and Cognition,1866-9808,1866-9859,2026-04-21,NA,cam2026tubitak
Language in Society,0047-4045,1469-8013,2026-04-21,NA,cam2026tubitak
Language Teaching,0261-4448,1475-3049,2026-04-21,NA,cam2026tubitak
Language Variation and Change,0954-3945,1469-8021,2026-04-21,NA,cam2026tubitak
Latin American Antiquity,1045-6635,2325-5080,2026-04-21,NA,cam2026tubitak
Latin American Politics and Society,1531-426X,1548-2456,2026-04-21,NA,cam2026tubitak
Latin American research review,0023-8791,1542-4278,2026-04-21,NA,cam2026tubitak
Law & Social Inquiry,0897-6546,1747-4469,2026-04-21,NA,cam2026tubitak
Law & Society Review,0738-2480,1939-9022,2026-04-21,NA,cam2026tubitak
Law and History Review,0738-2480,1939-9022,2026-04-21,NA,cam2026tubitak
Legal Studies,0261-3875,1748-121X,2026-04-21,NA,cam2026tubitak
Legal Theory,1352-3252,1469-8048,2026-04-21,NA,cam2026tubitak
Leiden Journal of International Law,0922-1565,1478-9698,2026-04-21,NA,cam2026tubitak
Libyan Studies,0263-7189,2052-6148,2026-04-21,NA,cam2026tubitak
Macroeconomic Dynamics,1365-1005,1469-8056,2026-04-21,NA,cam2026tubitak
Management and Organization Review,1740-8776,1740-8784,2026-04-21,NA,cam2026tubitak
Mathematical Proceedings of the Cambridge Philosophical Society,0305-0041,1469-8064,2026-04-21,NA,cam2026tubitak
Mathematical Structures in Computer Science,0960-1295,1469-8072,2026-04-21,NA,cam2026tubitak
Medical History,0025-7273,2048-8343,2026-04-21,NA,cam2026tubitak
"Memory, Mind & Media",NA,2635-0238,2026-04-21,NA,cam2026tubitak
Mineralogical Magazine,0026-461X,1471-8022,2026-04-21,NA,cam2026tubitak
Modern American History,2515-0456,2397-1851,2026-04-21,NA,cam2026tubitak
Modern Asian Studies,0026-749X,1469-8099,2026-04-21,NA,cam2026tubitak
Modern Intellectual History,1479-2443,1479-2451,2026-04-21,NA,cam2026tubitak
Modern Italy,1353-2944,1469-9877,2026-04-21,NA,cam2026tubitak
Moduli,2949-7647,2977-1382,2026-04-21,NA,cam2026tubitak
Nagoya Mathematical Journal,0027-7630,2152-6842,2026-04-21,NA,cam2026tubitak
National Institute Economic Review,0027-9501,1741-3036,2026-04-21,NA,cam2026tubitak
Nationalities Papers,0090-5992,1465-3923,2026-04-21,NA,cam2026tubitak
Natural Language Processing,NA,2977-0424,2026-04-21,NA,cam2026tubitak
Network Science,2050-1242,2050-1250,2026-04-21,NA,cam2026tubitak
New Blackfriars,0028-4289,1741-2005,2026-04-21,NA,cam2026tubitak
New Perspectives on Turkey,0896-6346,1305-3299,2026-04-21,NA,cam2026tubitak
New Testament Studies,0028-6885,1469-8145,2026-04-21,NA,cam2026tubitak
New Theatre Quarterly,0266-464X,1474-0613,2026-04-21,NA,cam2026tubitak
Nineteenth-Century Music Review,1479-4098,2044-8414,2026-04-21,NA,cam2026tubitak
Nordic Journal of Linguistics,0332-5865,1502-4717,2026-04-21,NA,cam2026tubitak
Nutrition Research Reviews,0954-4224,1475-2700,2026-04-21,NA,cam2026tubitak
Organised Sound,1355-7718,1469-8153,2026-04-21,NA,cam2026tubitak
Oryx,0030-6053,1365-3008,2026-04-21,NA,cam2026tubitak
Paleobiology,0094-8373,1938-5331,2026-04-21,NA,cam2026tubitak
Palliative & Supportive Care,1478-9515,1478-9523,2026-04-21,NA,cam2026tubitak
Parasitology,0031-1820,1469-8161,2026-04-21,NA,cam2026tubitak
Personality Neuroscience,NA,2513-9886,2026-04-21,NA,cam2026tubitak
Perspectives on Politics,1537-5927,1541-0986,2026-04-21,NA,cam2026tubitak
Philosophy,0031-8191,1469-817X,2026-04-21,NA,cam2026tubitak
Philosophy of Science,0031-8248,1539-767X,2026-04-21,NA,cam2026tubitak
Phonological Data and Analysis,NA,2642-1828,2026-04-21,NA,cam2026tubitak
Phonology,0952-6757,1469-8188,2026-04-21,NA,cam2026tubitak
Plainsong & Medieval Music,0961-1371,1474-0087,2026-04-21,NA,cam2026tubitak
Plant Genetic Resources,1479-2621,1479-263X,2026-04-21,NA,cam2026tubitak
Polar Record,0032-2474,1475-3057,2026-04-21,NA,cam2026tubitak
Political Analysis,1047-1987,1476-4989,2026-04-21,NA,cam2026tubitak
Political Data Yearbook,2047-8844,2047-8852,2026-04-21,NA,cam2026tubitak
Political Science Research and Methods,2049-8470,2049-8489,2026-04-21,NA,cam2026tubitak
Politics & Gender,1743-923X,1743-9248,2026-04-21,NA,cam2026tubitak
Politics and Religion,1755-0483,1755-0491,2026-04-21,NA,cam2026tubitak
Politics and the Life Sciences,0730-9384,1471-5457,2026-04-21,NA,cam2026tubitak
Popular Music,0261-1430,1474-0095,2026-04-21,NA,cam2026tubitak
Prehospital and Disaster Medicine,1049-023X,1945-1938,2026-04-21,NA,cam2026tubitak
Primary Health Care Research & Development,1463-4236,1477-1128,2026-04-21,NA,cam2026tubitak
Probability in the Engineering and Informational Sciences,0269-9648,1469-8951,2026-04-21,NA,cam2026tubitak
Proceedings of the ASIL Annual Meeting,0272-5037,2169-1118,2026-04-21,NA,cam2026tubitak
Proceedings of the Edinburgh Mathematical Society,0013-0915,1464-3839,2026-04-21,NA,cam2026tubitak
Proceedings of the International Astronomical Union,1743-9213,1743-9221,2026-04-21,NA,cam2026tubitak
Proceedings of the Nutrition Society,0029-6651,1475-2719,2026-04-21,NA,cam2026tubitak
Proceedings of the Prehistoric Society,0079-497X,2050-2729,2026-04-21,NA,cam2026tubitak
Proceedings of the Royal Society of Edinburgh Section A: Mathematics,0308-2105,1473-7124,2026-04-21,NA,cam2026tubitak
PS: Political Science & Politics,1049-0965,1537-5935,2026-04-21,NA,cam2026tubitak
Psychological Medicine,0033-2917,1469-8978,2026-04-21,NA,cam2026tubitak
Psychometrika,0033-3123,1860-0980,2026-04-21,NA,cam2026tubitak
Public Health Nutrition,1368-9800,1475-2727,2026-04-21,NA,cam2026tubitak
Public Humanities,NA,2977-0173,2026-04-21,NA,cam2026tubitak
Publications of the Astronomical Society of Australia,1323-3580,1448-6083,2026-04-21,NA,cam2026tubitak
QRB Discovery,NA,2633-2892,2026-04-21,NA,cam2026tubitak
Quantitative Plant Biology,NA,2632-8828,2026-04-21,NA,cam2026tubitak
Quarterly Reviews of Biophysics,0033-5835,1469-8994,2026-04-21,NA,cam2026tubitak
Quaternary Research,0033-5894,1096-0287,2026-04-21,NA,cam2026tubitak
Radiocarbon,0033-8222,1945-5755,2026-04-21,NA,cam2026tubitak
ReCALL,0958-3440,1474-0109,2026-04-21,NA,cam2026tubitak
Religion and American Culture,1052-1151,1533-8568,2026-04-21,NA,cam2026tubitak
Religious Studies,0034-4125,1469-901X,2026-04-21,NA,cam2026tubitak
Renewable Agriculture and Food Systems,1742-1705,1742-1713,2026-04-21,NA,cam2026tubitak
Research Synthesis Methods,1759-2879,1759-2887,2026-04-21,NA,cam2026tubitak
Review of International Studies,0260-2105,1469-9044,2026-04-21,NA,cam2026tubitak
Review of Middle East Studies,2151-3481,2329-3225,2026-04-21,NA,cam2026tubitak
Revista de Historia Economica - Journal of Iberian and Latin American Economic History,0212-6109,2041-3335,2026-04-21,NA,cam2026tubitak
Robotica,0263-5747,1469-8668,2026-04-21,NA,cam2026tubitak
Royal Institute of Philosophy Supplements,1358-2461,1755-3555,2026-04-21,NA,cam2026tubitak
Royal Musical Association Research Chronicle,1472-3808,2167-4027,2026-04-21,NA,cam2026tubitak
Rural History,0956-7933,1474-0656,2026-04-21,NA,cam2026tubitak
Science in Context,0269-8897,1474-0664,2026-04-21,NA,cam2026tubitak
Scottish Journal of Theology,0036-9306,1475-3065,2026-04-21,NA,cam2026tubitak
Seed Science Research,0960-2585,1475-2735,2026-04-21,NA,cam2026tubitak
Signs and Society,2326-4489,2326-4497,2026-04-21,NA,cam2026tubitak
Slavic Review,0037-6779,2325-7784,2026-04-21,NA,cam2026tubitak
Social Philosophy and Policy,0265-0525,1471-6437,2026-04-21,NA,cam2026tubitak
Social Policy and Society,1474-7464,1475-3073,2026-04-21,NA,cam2026tubitak
Social Science History,0145-5532,1527-8034,2026-04-21,NA,cam2026tubitak
State Politics & Policy Quarterly,1532-4400,1946-1607,2026-04-21,NA,cam2026tubitak
Studies in American Political Development,0898-588X,1469-8692,2026-04-21,NA,cam2026tubitak
Studies in Church History,0424-2084,2059-0644,2026-04-21,NA,cam2026tubitak
Studies in Second Language Acquisition,0272-2631,1470-1545,2026-04-21,NA,cam2026tubitak
TDR,1054-2043,1531-4715,2026-04-21,NA,cam2026tubitak
The Aeronautical Journal,0001-9240,2059-6464,2026-04-21,NA,cam2026tubitak
The Americas,0003-1615,1533-6247,2026-04-21,NA,cam2026tubitak
The Antiquaries Journal,0003-5815,1758-5309,2026-04-21,NA,cam2026tubitak
The ANZIAM Journal,1446-1811,1446-8735,2026-04-21,NA,cam2026tubitak
The British Journal for the History of Science,0007-0874,1474-001X,2026-04-21,NA,cam2026tubitak
The British Journal of Psychiatry,0007-1250,1472-1465,2026-04-21,NA,cam2026tubitak
The Cambridge Classical Journal,1750-2705,2047-993X,2026-04-21,NA,cam2026tubitak
The Cambridge Law Journal,0008-1973,1469-2139,2026-04-21,NA,cam2026tubitak
The Canadian Entomologist,0008-347X,1918-3240,2026-04-21,NA,cam2026tubitak
The China Quarterly,0305-7410,1468-2648,2026-04-21,NA,cam2026tubitak
The Classical Quarterly,0009-8388,1471-6844,2026-04-21,NA,cam2026tubitak
The Classical Review,0009-840X,1464-3561,2026-04-21,NA,cam2026tubitak
The Cognitive Behaviour Therapist,NA,1754-470X,2026-04-21,NA,cam2026tubitak
The Economic and Labour Relations Review,1035-3046,1838-2673,2026-04-21,NA,cam2026tubitak
The Historical Journal,0018-246X,1469-5103,2026-04-21,NA,cam2026tubitak
The Journal of African History,0021-8537,1469-5138,2026-04-21,NA,cam2026tubitak
The Journal of Agricultural Science,0021-8596,1469-5146,2026-04-21,NA,cam2026tubitak
The Journal of Ecclesiastical History,0022-0469,1469-7637,2026-04-21,NA,cam2026tubitak
The Journal of Economic History,0022-0507,1471-6372,2026-04-21,NA,cam2026tubitak
The Journal of Hellenic Studies,0075-4269,2041-4099,2026-04-21,NA,cam2026tubitak
The Journal of Laryngology & Otology,0022-2151,1748-5460,2026-04-21,NA,cam2026tubitak
The Journal of Modern African Studies,0022-278X,1469-7777,2026-04-21,NA,cam2026tubitak
The Journal of Navigation,0373-4633,1469-7785,2026-04-21,NA,cam2026tubitak
The Journal of Roman Studies,0075-4358,1753-528X,2026-04-21,NA,cam2026tubitak
The Journal of Symbolic Logic,0022-4812,1943-5886,2026-04-21,NA,cam2026tubitak
The Journal of the Gilded Age and Progressive Era,1537-7814,1943-3557,2026-04-21,NA,cam2026tubitak
The Lichenologist,0024-2829,1096-1135,2026-04-21,NA,cam2026tubitak
The Review of Politics,0034-6705,1748-6858,2026-04-21,NA,cam2026tubitak
The Review of Symbolic Logic,1755-0203,1755-0211,2026-04-21,NA,cam2026tubitak
The Spanish Journal of Psychology,1138-7416,1988-2904,2026-04-21,NA,cam2026tubitak
Theory and Practice of Logic Programming,1471-0684,1475-3081,2026-04-21,NA,cam2026tubitak
Think,1477-1756,1755-1196,2026-04-21,NA,cam2026tubitak
Traditions of Music and Dance,3033-4233,3033-4241,2026-04-21,NA,cam2026tubitak
TRaNS: Trans-Regional and -National Studies of Southeast Asia,2051-364X,2051-3658,2026-04-21,NA,cam2026tubitak
Transactions of the Royal Historical Society,0080-4401,1474-0648,2026-04-21,NA,cam2026tubitak
Transnational Environmental Law,2047-1025,2047-1033,2026-04-21,NA,cam2026tubitak
Twentieth-century music,1478-5722,1478-5730,2026-04-21,NA,cam2026tubitak
Twin Research and Human Genetics,1832-4274,1839-2628,2026-04-21,NA,cam2026tubitak
Urban History,0963-9268,1469-8706,2026-04-21,NA,cam2026tubitak
Utilitas,0953-8208,1741-6183,2026-04-21,NA,cam2026tubitak
Victorian Literature and Culture,1060-1503,1470-1553,2026-04-21,NA,cam2026tubitak
Voluntas: International Journal of Voluntary and Nonprofit Organizations,0957-8765,1573-7888,2026-04-21,NA,cam2026tubitak
Wearable Technologies,NA,2631-7176,2026-04-21,NA,cam2026tubitak
Weed Science,0043-1745,1550-2759,2026-04-21,NA,cam2026tubitak
Weed Technology,0890-037X,1550-2740,2026-04-21,NA,cam2026tubitak
World Trade Review,1474-7456,1475-3138,2026-04-21,NA,cam2026tubitak
Zygote,0967-1994,1469-8730,2026-04-21,NA,cam2026tubitak
