journal_name,issn_print,issn_online,first_seen,last_seen,esac_id
Academic Pediatrics,NA,1876-2859,2026-06-02,NA,els2023crui
Academic Radiology,NA,1076-6332,2026-06-02,NA,els2023crui
Accident Analysis & Prevention,NA,0001-4575,2026-06-02,NA,els2023crui
"Accounting, Organizations and Society",NA,0361-3682,2026-06-02,NA,els2023crui
Acta Astronautica,NA,0094-5765,2026-06-02,NA,els2023crui
Acta Biomaterialia,NA,1742-7061,2026-06-02,NA,els2023crui
Acta Colombiana de Cuidado Intensivo,NA,0122-7262,2026-06-02,NA,els2023crui
Acta Histochemica,NA,0065-1281,2026-06-02,NA,els2023crui
Acta Materialia,NA,1359-6454,2026-06-02,NA,els2023crui
Acta Oecologica,NA,1146-609X,2026-06-02,NA,els2023crui
Acta Otorrinolaringológica (English Edition),NA,2173-5735,2026-06-02,NA,els2023crui
Acta Otorrinolaringológica Española,NA,0001-6519,2026-06-02,NA,els2023crui
Acta Physico-Chimica Sinica,NA,1000-6818,2026-06-02,NA,els2023crui
Acta Tropica,NA,0001-706X,2026-06-02,NA,els2023crui
Actas Urológicas Españolas,NA,0210-4806,2026-06-02,NA,els2023crui
Actas Urológicas Españolas (English Edition),NA,2173-5786,2026-06-02,NA,els2023crui
Ad Hoc Networks,NA,1570-8705,2026-06-02,NA,els2023crui
Addictive Behaviors,NA,0306-4603,2026-06-02,NA,els2023crui
Additive Manufacturing,NA,2214-8604,2026-06-02,NA,els2023crui
Advanced Drug Delivery Reviews,NA,0169-409X,2026-06-02,NA,els2023crui
Advanced Engineering Informatics,NA,1474-0346,2026-06-02,NA,els2023crui
Advanced Powder Technology,NA,0921-8831,2026-06-02,NA,els2023crui
Advances in Accounting,NA,0882-6110,2026-06-02,NA,els2023crui
Advances in Applied Mathematics,NA,0196-8858,2026-06-02,NA,els2023crui
Advances in Biological Regulation,NA,2212-4926,2026-06-02,NA,els2023crui
Advances in Colloid and Interface Science,NA,0001-8686,2026-06-02,NA,els2023crui
Advances in Engineering Software,NA,0965-9978,2026-06-02,NA,els2023crui
Advances in Integrative Medicine,NA,2212-9588,2026-06-02,NA,els2023crui
Advances in Kidney Disease and Health,NA,2949-8139,2026-06-02,NA,els2023crui
Advances in Life Course Research,NA,1569-4909,2026-06-02,NA,els2023crui
Advances in Mathematics,NA,0001-8708,2026-06-02,NA,els2023crui
Advances in Medical Sciences,NA,1896-1126,2026-06-02,NA,els2023crui
Advances in Space Research,NA,0273-1177,2026-06-02,NA,els2023crui
Advances in Water Resources,NA,0309-1708,2026-06-02,NA,els2023crui
Advancing Medical-Surgical Nursing,NA,3050-8592,2026-06-02,NA,els2023crui
Aeolian Research,NA,1875-9637,2026-06-02,NA,els2023crui
Aerospace Science and Technology,NA,1270-9638,2026-06-02,NA,els2023crui
AEÜ - International Journal of Electronics and Communications,NA,1434-8411,2026-06-02,NA,els2023crui
African Transport Studies,NA,2950-1962,2026-06-02,NA,els2023crui
Ageing Research Reviews,NA,1568-1637,2026-06-02,NA,els2023crui
Aggression and Violent Behavior,NA,1359-1789,2026-06-02,NA,els2023crui
Agricultural and Forest Meteorology,NA,0168-1923,2026-06-02,NA,els2023crui
Agricultural Systems,NA,0308-521X,2026-06-02,NA,els2023crui
Agricultural Water Management,NA,0378-3774,2026-06-02,NA,els2023crui
"Agriculture, Ecosystems & Environment",NA,0167-8809,2026-06-02,NA,els2023crui
Air Medical Journal,NA,1067-991X,2026-06-02,NA,els2023crui
AJO-DO Clinical Companion,NA,2666-4305,2026-06-02,NA,els2023crui
Alcohol,NA,0741-8329,2026-06-02,NA,els2023crui
Algal Research,NA,2211-9264,2026-06-02,NA,els2023crui
American Heart Journal,NA,0002-8703,2026-06-02,NA,els2023crui
American Journal of Emergency Medicine,NA,0735-6757,2026-06-02,NA,els2023crui
American Journal of Infection Control,NA,0196-6553,2026-06-02,NA,els2023crui
American Journal of Kidney Diseases,NA,0272-6386,2026-06-02,NA,els2023crui
American Journal of Obstetrics & Gynecology,NA,0002-9378,2026-06-02,NA,els2023crui
American Journal of Obstetrics & Gynecology MFM,NA,2589-9333,2026-06-02,NA,els2023crui
American Journal of Ophthalmology,NA,0002-9394,2026-06-02,NA,els2023crui
American Journal of Orthodontics and Dentofacial Orthopedics,NA,0889-5406,2026-06-02,NA,els2023crui
American Journal of Otolaryngology,NA,0196-0709,2026-06-02,NA,els2023crui
American Journal of Pharmaceutical Education,NA,0002-9459,2026-06-02,NA,els2023crui
American Journal of Preventive Medicine,NA,0749-3797,2026-06-02,NA,els2023crui
American Journal of Transplantation,NA,1600-6135,2026-06-02,NA,els2023crui
Anaerobe,NA,1075-9964,2026-06-02,NA,els2023crui
Anaesthesia Critical Care & Pain Medicine,NA,2352-5568,2026-06-02,NA,els2023crui
Analytic Methods in Accident Research,NA,2213-6657,2026-06-02,NA,els2023crui
Analytica Chimica Acta,NA,0003-2670,2026-06-02,NA,els2023crui
Analytical Biochemistry,NA,0003-2697,2026-06-02,NA,els2023crui
Anesthésie & Réanimation,NA,2352-5800,2026-06-02,NA,els2023crui
Animal Behaviour,NA,0003-3472,2026-06-02,NA,els2023crui
Animal Feed Science and Technology,NA,0377-8401,2026-06-02,NA,els2023crui
Animal Reproduction Science,NA,0378-4320,2026-06-02,NA,els2023crui
Annales de Chirurgie Plastique Esthétique,NA,0294-1260,2026-06-02,NA,els2023crui
Annales de Dermatologie et de Vénéréologie,NA,0151-9638,2026-06-02,NA,els2023crui
Annales de Paléontologie,NA,0753-3969,2026-06-02,NA,els2023crui
Annales de Pathologie,NA,0242-6498,2026-06-02,NA,els2023crui
Annales d'Endocrinologie,NA,0003-4266,2026-06-02,NA,els2023crui
Annales Françaises d'Oto-Rhino-Laryngologie et de Pathologie Cervico-Faciale,NA,1879-7261,2026-06-02,NA,els2023crui
Annales Médico-Psychologiques,NA,0003-4487,2026-06-02,NA,els2023crui
"Annals of Allergy, Asthma & Immunology",NA,1081-1206,2026-06-02,NA,els2023crui
Annals of Anatomy,NA,0940-9602,2026-06-02,NA,els2023crui
Annals of Diagnostic Pathology,NA,1092-9134,2026-06-02,NA,els2023crui
Annals of Emergency Medicine,NA,0196-0644,2026-06-02,NA,els2023crui
Annals of Epidemiology,NA,1047-2797,2026-06-02,NA,els2023crui
Annals of Nuclear Energy,NA,0306-4549,2026-06-02,NA,els2023crui
Annals of Oncology,NA,0923-7534,2026-06-02,NA,els2023crui
Annals of Physical and Rehabilitation Medicine,NA,1877-0657,2026-06-02,NA,els2023crui
Annals of Physics,NA,0003-4916,2026-06-02,NA,els2023crui
Annals of Pure and Applied Logic,NA,0168-0072,2026-06-02,NA,els2023crui
Annals of the Rheumatic Diseases,NA,0003-4967,2026-06-02,NA,els2023crui
Annals of Tourism Research,NA,0160-7383,2026-06-02,NA,els2023crui
Annals of Vascular Surgery,NA,0890-5096,2026-06-02,NA,els2023crui
Annual Reviews in Control,NA,1367-5788,2026-06-02,NA,els2023crui
Anthropocene,NA,2213-3054,2026-06-02,NA,els2023crui
Antiviral Research,NA,0166-3542,2026-06-02,NA,els2023crui
Appetite,NA,0195-6663,2026-06-02,NA,els2023crui
Applied Acoustics,NA,0003-682X,2026-06-02,NA,els2023crui
Applied and Computational Harmonic Analysis,NA,1063-5203,2026-06-02,NA,els2023crui
Applied Animal Behaviour Science,NA,0168-1591,2026-06-02,NA,els2023crui
Applied Catalysis A: General,NA,0926-860X,2026-06-02,NA,els2023crui
Applied Catalysis B: Environment and Energy,NA,0926-3373,2026-06-02,NA,els2023crui
Applied Clay Science,NA,0169-1317,2026-06-02,NA,els2023crui
Applied Corpus Linguistics,NA,2666-7991,2026-06-02,NA,els2023crui
Applied Energy,NA,0306-2619,2026-06-02,NA,els2023crui
Applied Ergonomics,NA,0003-6870,2026-06-02,NA,els2023crui
Applied Geochemistry,NA,0883-2927,2026-06-02,NA,els2023crui
Applied Geography,NA,0143-6228,2026-06-02,NA,els2023crui
Applied Materials Today,NA,2352-9407,2026-06-02,NA,els2023crui
Applied Mathematical Modelling,NA,0307-904X,2026-06-02,NA,els2023crui
Applied Mathematics and Computation,NA,0096-3003,2026-06-02,NA,els2023crui
Applied Mathematics Letters,NA,0893-9659,2026-06-02,NA,els2023crui
Applied Numerical Mathematics,NA,0168-9274,2026-06-02,NA,els2023crui
Applied Nursing Research,NA,0897-1897,2026-06-02,NA,els2023crui
Applied Ocean Research,NA,0141-1187,2026-06-02,NA,els2023crui
Applied Radiation and Isotopes,NA,0969-8043,2026-06-02,NA,els2023crui
Applied Soft Computing,NA,1568-4946,2026-06-02,NA,els2023crui
Applied Soil Ecology,NA,0929-1393,2026-06-02,NA,els2023crui
Applied Studies in Innovative Learning and Teaching,NA,3051-3243,2026-06-02,NA,els2023crui
Applied Surface Science,NA,0169-4332,2026-06-02,NA,els2023crui
Applied Thermal Engineering,NA,1359-4311,2026-06-02,NA,els2023crui
Aquacultural Engineering,NA,0144-8609,2026-06-02,NA,els2023crui
Aquaculture,NA,0044-8486,2026-06-02,NA,els2023crui
Aquatic Botany,NA,0304-3770,2026-06-02,NA,els2023crui
Aquatic Toxicology,NA,0166-445X,2026-06-02,NA,els2023crui
Arab Journal of Gastroenterology,NA,1687-1979,2026-06-02,NA,els2023crui
Archaeological Research in Asia,NA,2352-2267,2026-06-02,NA,els2023crui
Archives de Pédiatrie,NA,0929-693X,2026-06-02,NA,els2023crui
Archives des Maladies du Coeur et des Vaisseaux: Pratique,NA,1261-694X,2026-06-02,NA,els2023crui
Archives des Maladies Professionnelles et de l'Environnement,NA,1775-8785,2026-06-02,NA,els2023crui
Archives of Biochemistry and Biophysics,NA,0003-9861,2026-06-02,NA,els2023crui
Archives of Cardiovascular Diseases,NA,1875-2136,2026-06-02,NA,els2023crui
Archives of Gerontology and Geriatrics,NA,0167-4943,2026-06-02,NA,els2023crui
Archives of Legal Medicine,NA,2950-3949,2026-06-02,NA,els2023crui
Archives of Medical Research,NA,0188-4409,2026-06-02,NA,els2023crui
Archives of Oral Biology,NA,0003-9969,2026-06-02,NA,els2023crui
Archives of Physical Medicine and Rehabilitation,NA,0003-9993,2026-06-02,NA,els2023crui
Archives of Psychiatric Nursing,NA,0883-9417,2026-06-02,NA,els2023crui
Archivos de Bronconeumología,NA,0300-2896,2026-06-02,NA,els2023crui
Archivos de la Sociedad Española de Oftalmología,NA,0365-6691,2026-06-02,NA,els2023crui
Archivos de la Sociedad Española de Oftalmología (English Edition),NA,2173-5794,2026-06-02,NA,els2023crui
Arthropod Structure & Development,NA,1467-8039,2026-06-02,NA,els2023crui
Artificial Intelligence,NA,0004-3702,2026-06-02,NA,els2023crui
Artificial Intelligence for Transportation,NA,3050-8606,2026-06-02,NA,els2023crui
Artificial Intelligence in Medicine,NA,0933-3657,2026-06-02,NA,els2023crui
Asian Journal of Psychiatry,NA,1876-2018,2026-06-02,NA,els2023crui
Asian Journal of Social Science,NA,1568-4849,2026-06-02,NA,els2023crui
Assessing Writing,NA,1075-2935,2026-06-02,NA,els2023crui
Astronomy and Computing,NA,2213-1337,2026-06-02,NA,els2023crui
Astroparticle Physics,NA,0927-6505,2026-06-02,NA,els2023crui
Atherosclerosis,NA,0021-9150,2026-06-02,NA,els2023crui
Atmospheric Environment,NA,1352-2310,2026-06-02,NA,els2023crui
Atmospheric Pollution Research,NA,1309-1042,2026-06-02,NA,els2023crui
Atmospheric Research,NA,0169-8095,2026-06-02,NA,els2023crui
Atomic Data and Nuclear Data Tables,NA,0092-640X,2026-06-02,NA,els2023crui
Auris Nasus Larynx,NA,0385-8146,2026-06-02,NA,els2023crui
Australasian Emergency Care,NA,2588-994X,2026-06-02,NA,els2023crui
Australian Critical Care,NA,1036-7314,2026-06-02,NA,els2023crui
Autoimmunity Reviews,NA,1568-9972,2026-06-02,NA,els2023crui
Automatica,NA,0005-1098,2026-06-02,NA,els2023crui
Automation in Construction,NA,0926-5805,2026-06-02,NA,els2023crui
Autonomic Neuroscience: Basic and Clinical,NA,1566-0702,2026-06-02,NA,els2023crui
Behavior Therapy,NA,0005-7894,2026-06-02,NA,els2023crui
Behaviour Research and Therapy,NA,0005-7967,2026-06-02,NA,els2023crui
Behavioural Brain Research,NA,0166-4328,2026-06-02,NA,els2023crui
Behavioural Processes,NA,0376-6357,2026-06-02,NA,els2023crui
Best Practice & Research Clinical Anaesthesiology,NA,1521-6896,2026-06-02,NA,els2023crui
Best Practice & Research Clinical Endocrinology & Metabolism,NA,1521-690X,2026-06-02,NA,els2023crui
Best Practice & Research Clinical Gastroenterology,NA,1521-6918,2026-06-02,NA,els2023crui
Best Practice & Research Clinical Haematology,NA,1521-6926,2026-06-02,NA,els2023crui
Best Practice & Research Clinical Obstetrics & Gynaecology,NA,1521-6934,2026-06-02,NA,els2023crui
Best Practice & Research Clinical Rheumatology,NA,1521-6942,2026-06-02,NA,els2023crui
Big Data Research,NA,2214-5796,2026-06-02,NA,els2023crui
Bioactive Carbohydrates and Dietary Fibre,NA,2212-6198,2026-06-02,NA,els2023crui
Biocatalysis and Agricultural Biotechnology,NA,1878-8181,2026-06-02,NA,els2023crui
Biochemical and Biophysical Research Communications,NA,0006-291X,2026-06-02,NA,els2023crui
Biochemical Engineering Journal,NA,1369-703X,2026-06-02,NA,els2023crui
Biochemical Pharmacology,NA,0006-2952,2026-06-02,NA,els2023crui
Biochemical Systematics and Ecology,NA,0305-1978,2026-06-02,NA,els2023crui
Biochimica et Biophysica Acta: Bioenergetics,NA,0005-2728,2026-06-02,NA,els2023crui
Biochimica et Biophysica Acta: Biomembranes,NA,0005-2736,2026-06-02,NA,els2023crui
Biochimica et Biophysica Acta: Gene Regulatory Mechanisms,NA,1874-9399,2026-06-02,NA,els2023crui
Biochimica et Biophysica Acta: General Subjects,NA,0304-4165,2026-06-02,NA,els2023crui
Biochimica et Biophysica Acta: Molecular and Cell Biology of Lipids,NA,1388-1981,2026-06-02,NA,els2023crui
Biochimica et Biophysica Acta: Molecular Basis of Disease,NA,0925-4439,2026-06-02,NA,els2023crui
Biochimica et Biophysica Acta: Molecular Cell Research,NA,0167-4889,2026-06-02,NA,els2023crui
Biochimica et Biophysica Acta: Proteins and Proteomics,NA,1570-9639,2026-06-02,NA,els2023crui
Biochimica et Biophysica Acta: Reviews on Cancer,NA,0304-419X,2026-06-02,NA,els2023crui
Biochimie,NA,0300-9084,2026-06-02,NA,els2023crui
Biocybernetics and Biomedical Engineering,NA,0208-5216,2026-06-02,NA,els2023crui
Bioelectrochemistry,NA,1567-5394,2026-06-02,NA,els2023crui
Biological Conservation,NA,0006-3207,2026-06-02,NA,els2023crui
Biological Control,NA,1049-9644,2026-06-02,NA,els2023crui
Biological Psychiatry,NA,0006-3223,2026-06-02,NA,els2023crui
Biological Psychiatry: Cognitive Neuroscience and Neuroimaging,NA,2451-9022,2026-06-02,NA,els2023crui
Biological Psychology,NA,0301-0511,2026-06-02,NA,els2023crui
Biologicals,NA,1045-1056,2026-06-02,NA,els2023crui
Biomass & Bioenergy,NA,0961-9534,2026-06-02,NA,els2023crui
Biomaterials,NA,0142-9612,2026-06-02,NA,els2023crui
Biomaterials Advances,NA,2772-9508,2026-06-02,NA,els2023crui
Biomedical Signal Processing and Control,NA,1746-8094,2026-06-02,NA,els2023crui
Bioorganic & Medicinal Chemistry,NA,0968-0896,2026-06-02,NA,els2023crui
Bioorganic & Medicinal Chemistry Letters,NA,0960-894X,2026-06-02,NA,els2023crui
Bioorganic Chemistry,NA,0045-2068,2026-06-02,NA,els2023crui
Biophysical Chemistry,NA,0301-4622,2026-06-02,NA,els2023crui
Biophysical Journal,NA,0006-3495,2026-06-02,NA,els2023crui
Bioprinting,NA,2405-8866,2026-06-02,NA,els2023crui
Bioresource Technology,NA,0960-8524,2026-06-02,NA,els2023crui
Bioresource Technology Reports,NA,2589-014X,2026-06-02,NA,els2023crui
Biosensors and Bioelectronics,NA,0956-5663,2026-06-02,NA,els2023crui
BioSystems,NA,0303-2647,2026-06-02,NA,els2023crui
Biosystems Engineering,NA,1537-5110,2026-06-02,NA,els2023crui
Biotechnology Advances,NA,0734-9750,2026-06-02,NA,els2023crui
BJA Education,NA,2058-5349,2026-06-02,NA,els2023crui
"Blood Cells, Molecules and Diseases",NA,1079-9796,2026-06-02,NA,els2023crui
Blood Reviews,NA,0268-960X,2026-06-02,NA,els2023crui
Body Image,NA,1740-1445,2026-06-02,NA,els2023crui
Bone,NA,8756-3282,2026-06-02,NA,els2023crui
Brachytherapy,NA,1538-4721,2026-06-02,NA,els2023crui
Brain & Development,NA,0387-7604,2026-06-02,NA,els2023crui
Brain and Cognition,NA,0278-2626,2026-06-02,NA,els2023crui
Brain and Language,NA,0093-934X,2026-06-02,NA,els2023crui
Brain Mechanisms,NA,3050-6425,2026-06-02,NA,els2023crui
Brain Research,NA,0006-8993,2026-06-02,NA,els2023crui
Brain Research Bulletin,NA,0361-9230,2026-06-02,NA,els2023crui
"Brain, Behavior, and Immunity",NA,0889-1591,2026-06-02,NA,els2023crui
Brazilian Journal of Physical Therapy,NA,1413-3555,2026-06-02,NA,els2023crui
British Journal of Anaesthesia,NA,0007-0912,2026-06-02,NA,els2023crui
British Journal of Oral and Maxillofacial Surgery,NA,0266-4356,2026-06-02,NA,els2023crui
Building and Environment,NA,0360-1323,2026-06-02,NA,els2023crui
Bulletin des Sciences Mathématiques,NA,0007-4497,2026-06-02,NA,els2023crui
Bulletin du Cancer,NA,0007-4551,2026-06-02,NA,els2023crui
Burns,NA,0305-4179,2026-06-02,NA,els2023crui
Business Horizons,NA,0007-6813,2026-06-02,NA,els2023crui
Cahiers de Nutrition et de Diététique,NA,0007-9960,2026-06-02,NA,els2023crui
Calphad,NA,0364-5916,2026-06-02,NA,els2023crui
Canadian Journal of Cardiology,NA,0828-282X,2026-06-02,NA,els2023crui
Canadian Journal of Diabetes,NA,1499-2671,2026-06-02,NA,els2023crui
Canadian Journal of Ophthalmology,NA,0008-4182,2026-06-02,NA,els2023crui
Cancer Cell,NA,1535-6108,2026-06-02,NA,els2023crui
Cancer Epidemiology,NA,1877-7821,2026-06-02,NA,els2023crui
Cancer Genetics,NA,2210-7762,2026-06-02,NA,els2023crui
Cancer Letters,NA,0304-3835,2026-06-02,NA,els2023crui
Cancer Radiothérapie,NA,1278-3218,2026-06-02,NA,els2023crui
Cancer Treatment Reviews,NA,0305-7372,2026-06-02,NA,els2023crui
Carbohydrate Polymers,NA,0144-8617,2026-06-02,NA,els2023crui
Carbohydrate Research,NA,0008-6215,2026-06-02,NA,els2023crui
Carbon,NA,0008-6223,2026-06-02,NA,els2023crui
Cardiovascular Pathology,NA,1054-8807,2026-06-02,NA,els2023crui
Cardiovascular Revascularization Medicine,NA,1553-8389,2026-06-02,NA,els2023crui
Case Studies on Transport Policy,NA,2213-624X,2026-06-02,NA,els2023crui
Catalysis Today,NA,0920-5861,2026-06-02,NA,els2023crui
CATENA,NA,0341-8162,2026-06-02,NA,els2023crui
Cell,NA,0092-8674,2026-06-02,NA,els2023crui
Cell Biomaterials,NA,3050-5623,2026-06-02,NA,els2023crui
Cell Calcium,NA,0143-4160,2026-06-02,NA,els2023crui
Cell Chemical Biology,NA,2451-9456,2026-06-02,NA,els2023crui
Cell Host & Microbe,NA,1931-3128,2026-06-02,NA,els2023crui
Cell Metabolism,NA,1550-4131,2026-06-02,NA,els2023crui
Cell Stem Cell,NA,1934-5909,2026-06-02,NA,els2023crui
Cell Systems,NA,2405-4712,2026-06-02,NA,els2023crui
Cells & Development,NA,2667-2901,2026-06-02,NA,els2023crui
Cellular Immunology,NA,0008-8749,2026-06-02,NA,els2023crui
Cellular Signalling,NA,0898-6568,2026-06-02,NA,els2023crui
Cement and Concrete Composites,NA,0958-9465,2026-06-02,NA,els2023crui
Cement and Concrete Research,NA,0008-8846,2026-06-02,NA,els2023crui
Ceramics International,NA,0272-8842,2026-06-02,NA,els2023crui
"Chaos, Solitons & Fractals",NA,0960-0779,2026-06-02,NA,els2023crui
Chem,NA,2451-9294,2026-06-02,NA,els2023crui
Chem Catalysis,NA,2667-1093,2026-06-02,NA,els2023crui
Chem Circularity,NA,3051-2948,2026-06-02,NA,els2023crui
Chemical Data Collections,NA,2405-8300,2026-06-02,NA,els2023crui
Chemical Engineering and Processing - Process Intensification,NA,0255-2701,2026-06-02,NA,els2023crui
Chemical Engineering Journal,NA,1385-8947,2026-06-02,NA,els2023crui
Chemical Engineering Research and Design,NA,0263-8762,2026-06-02,NA,els2023crui
Chemical Engineering Science,NA,0009-2509,2026-06-02,NA,els2023crui
Chemical Geology,NA,0009-2541,2026-06-02,NA,els2023crui
Chemical Physics,NA,0301-0104,2026-06-02,NA,els2023crui
Chemical Physics Letters,NA,0009-2614,2026-06-02,NA,els2023crui
Chemico-Biological Interactions,NA,0009-2797,2026-06-02,NA,els2023crui
Chemistry and Physics of Lipids,NA,0009-3084,2026-06-02,NA,els2023crui
Chemometrics and Intelligent Laboratory Systems,NA,0169-7439,2026-06-02,NA,els2023crui
Chemosphere,NA,0045-6535,2026-06-02,NA,els2023crui
CHEST,NA,0012-3692,2026-06-02,NA,els2023crui
Child Abuse & Neglect,NA,0145-2134,2026-06-02,NA,els2023crui
Children and Youth Services Review,NA,0190-7409,2026-06-02,NA,els2023crui
China Economic Review,NA,1043-951X,2026-06-02,NA,els2023crui
Chinese Journal of Chemical Engineering,NA,1004-9541,2026-06-02,NA,els2023crui
Chinese Journal of Physics,NA,0577-9073,2026-06-02,NA,els2023crui
Chinese Journal of Structural Chemistry,NA,0254-5861,2026-06-02,NA,els2023crui
CIRP Annals,NA,0007-8506,2026-06-02,NA,els2023crui
CIRP Journal of Manufacturing Science and Technology,NA,1755-5817,2026-06-02,NA,els2023crui
Cirugía Española,NA,0009-739X,2026-06-02,NA,els2023crui
Cirugía Española (English edition),NA,2173-5077,2026-06-02,NA,els2023crui
Cities,NA,0264-2751,2026-06-02,NA,els2023crui
"City, Culture and Society",NA,1877-9166,2026-06-02,NA,els2023crui
Clinica Chimica Acta,NA,0009-8981,2026-06-02,NA,els2023crui
Clínica e Investigación en Arteriosclerosis,NA,0214-9168,2026-06-02,NA,els2023crui
Clínica e Investigación en Arteriosclerosis (English Edition),NA,2529-9123,2026-06-02,NA,els2023crui
Clínica e Investigación en Ginecología y Obstetricia,NA,0210-573X,2026-06-02,NA,els2023crui
Clinical Biochemistry,NA,0009-9120,2026-06-02,NA,els2023crui
Clinical Biomechanics,NA,0268-0033,2026-06-02,NA,els2023crui
Clinical Breast Cancer,NA,1526-8209,2026-06-02,NA,els2023crui
Clinical Colorectal Cancer,NA,1533-0028,2026-06-02,NA,els2023crui
Clinical Gastroenterology and Hepatology,NA,1542-3565,2026-06-02,NA,els2023crui
Clinical Genitourinary Cancer,NA,1558-7673,2026-06-02,NA,els2023crui
Clinical Imaging,NA,0899-7071,2026-06-02,NA,els2023crui
Clinical Immunology,NA,1521-6616,2026-06-02,NA,els2023crui
Clinical Lung Cancer,NA,1525-7304,2026-06-02,NA,els2023crui
"Clinical Lymphoma, Myeloma & Leukemia",NA,2152-2650,2026-06-02,NA,els2023crui
Clinical Microbiology and Infection,NA,1198-743X,2026-06-02,NA,els2023crui
Clinical Microbiology Newsletter,NA,0196-4399,2026-06-02,NA,els2023crui
Clinical Neurology and Neurosurgery,NA,0303-8467,2026-06-02,NA,els2023crui
Clinical Neurophysiology,NA,1388-2457,2026-06-02,NA,els2023crui
Clinical Nutrition,NA,0261-5614,2026-06-02,NA,els2023crui
Clinical Nutrition ESPEN,NA,2405-4577,2026-06-02,NA,els2023crui
Clinical Oncology,NA,0936-6555,2026-06-02,NA,els2023crui
Clinical Psychology Review,NA,0272-7358,2026-06-02,NA,els2023crui
Clinical Radiology,NA,0009-9260,2026-06-02,NA,els2023crui
Clinical Simulation in Nursing,NA,1876-1399,2026-06-02,NA,els2023crui
Clinical Therapeutics,NA,0149-2918,2026-06-02,NA,els2023crui
Clinics and Research in Hepatology and Gastroenterology,NA,2210-7401,2026-06-02,NA,els2023crui
Clinics in Dermatology,NA,0738-081X,2026-06-02,NA,els2023crui
Coastal Engineering,NA,0378-3839,2026-06-02,NA,els2023crui
Cognition,NA,0010-0277,2026-06-02,NA,els2023crui
Cognitive and Behavioral Practice,NA,1077-7229,2026-06-02,NA,els2023crui
Cognitive Development,NA,0885-2014,2026-06-02,NA,els2023crui
Cognitive Psychology,NA,0010-0285,2026-06-02,NA,els2023crui
Cognitive Systems Research,NA,1389-0417,2026-06-02,NA,els2023crui
Cold Regions Science and Technology,NA,0165-232X,2026-06-02,NA,els2023crui
Collegian,NA,1322-7696,2026-06-02,NA,els2023crui
Colloids and Surfaces A: Physicochemical and Engineering Aspects,NA,0927-7757,2026-06-02,NA,els2023crui
Colloids and Surfaces B: Biointerfaces,NA,0927-7765,2026-06-02,NA,els2023crui
Colloids and Surfaces C: Environmental Aspects,NA,2949-7590,2026-06-02,NA,els2023crui
Combustion and Flame,NA,0010-2180,2026-06-02,NA,els2023crui
Communications in Nonlinear Science and Numerical Simulation,NA,1007-5704,2026-06-02,NA,els2023crui
Comparative Biochemistry and Physiology - Part A: Molecular & Integrative Physiology,NA,1095-6433,2026-06-02,NA,els2023crui
Comparative Biochemistry and Physiology - Part B: Biochemistry & Molecular Biology,NA,1096-4959,2026-06-02,NA,els2023crui
Comparative Biochemistry and Physiology - Part C: Toxicology & Pharmacology,NA,1532-0456,2026-06-02,NA,els2023crui
Comparative Biochemistry and Physiology - Part D: Genomics and Proteomics,NA,1744-117X,2026-06-02,NA,els2023crui
"Comparative Immunology, Microbiology & Infectious Diseases",NA,0147-9571,2026-06-02,NA,els2023crui
Complementary Therapies in Clinical Practice,NA,1744-3881,2026-06-02,NA,els2023crui
Composite Structures,NA,0263-8223,2026-06-02,NA,els2023crui
Composites Communications,NA,2452-2139,2026-06-02,NA,els2023crui
Composites Part A: Applied Science and Manufacturing,NA,1359-835X,2026-06-02,NA,els2023crui
Composites Part B: Engineering,NA,1359-8368,2026-06-02,NA,els2023crui
Composites Science and Technology,NA,0266-3538,2026-06-02,NA,els2023crui
Computational and Theoretical Chemistry,NA,2210-271X,2026-06-02,NA,els2023crui
Computational Biology and Chemistry,NA,1476-9271,2026-06-02,NA,els2023crui
Computational Condensed Matter,NA,2352-2143,2026-06-02,NA,els2023crui
Computational Geometry,NA,0925-7721,2026-06-02,NA,els2023crui
Computational Materials Science,NA,0927-0256,2026-06-02,NA,els2023crui
Computational Statistics & Data Analysis,NA,0167-9473,2026-06-02,NA,els2023crui
Computational Toxicology,NA,2468-1113,2026-06-02,NA,els2023crui
Computer Aided Geometric Design,NA,0167-8396,2026-06-02,NA,els2023crui
Computer Communications,NA,0140-3664,2026-06-02,NA,els2023crui
Computer Law & Security Review,NA,2212-473X,2026-06-02,NA,els2023crui
Computer Methods and Programs in Biomedicine,NA,0169-2607,2026-06-02,NA,els2023crui
Computer Methods in Applied Mechanics and Engineering,NA,0045-7825,2026-06-02,NA,els2023crui
Computer Networks,NA,1389-1286,2026-06-02,NA,els2023crui
Computer Physics Communications,NA,0010-4655,2026-06-02,NA,els2023crui
Computer Science Review,NA,1574-0137,2026-06-02,NA,els2023crui
Computer Speech and Language,NA,0885-2308,2026-06-02,NA,els2023crui
Computer Standards & Interfaces,NA,0920-5489,2026-06-02,NA,els2023crui
Computer Vision and Image Understanding,NA,1077-3142,2026-06-02,NA,els2023crui
Computer-Aided Design,NA,0010-4485,2026-06-02,NA,els2023crui
Computerized Medical Imaging and Graphics,NA,0895-6111,2026-06-02,NA,els2023crui
Computers & Chemical Engineering,NA,0098-1354,2026-06-02,NA,els2023crui
Computers & Education,NA,0360-1315,2026-06-02,NA,els2023crui
Computers & Electrical Engineering,NA,0045-7906,2026-06-02,NA,els2023crui
Computers & Fluids,NA,0045-7930,2026-06-02,NA,els2023crui
Computers & Geosciences,NA,0098-3004,2026-06-02,NA,els2023crui
Computers & Graphics,NA,0097-8493,2026-06-02,NA,els2023crui
Computers & Industrial Engineering,NA,0360-8352,2026-06-02,NA,els2023crui
Computers & Mathematics with Applications,NA,0898-1221,2026-06-02,NA,els2023crui
Computers & Operations Research,NA,0305-0548,2026-06-02,NA,els2023crui
Computers & Security,NA,0167-4048,2026-06-02,NA,els2023crui
Computers & Structures,NA,0045-7949,2026-06-02,NA,els2023crui
Computers and Composition,NA,8755-4615,2026-06-02,NA,els2023crui
Computers and Electronics in Agriculture,NA,0168-1699,2026-06-02,NA,els2023crui
Computers and Geotechnics,NA,0266-352X,2026-06-02,NA,els2023crui
Computers in Biology and Medicine,NA,0010-4825,2026-06-02,NA,els2023crui
Computers in Human Behavior,NA,0747-5632,2026-06-02,NA,els2023crui
Computers in Industry,NA,0166-3615,2026-06-02,NA,els2023crui
"Computers, Environment and Urban Systems",NA,0198-9715,2026-06-02,NA,els2023crui
Consciousness and Cognition,NA,1053-8100,2026-06-02,NA,els2023crui
Construction and Building Materials,NA,0950-0618,2026-06-02,NA,els2023crui
Contact Lens & Anterior Eye,NA,1367-0484,2026-06-02,NA,els2023crui
Contemporary Clinical Trials,NA,1551-7144,2026-06-02,NA,els2023crui
Contemporary Educational Psychology,NA,0361-476X,2026-06-02,NA,els2023crui
Continental Shelf Research,NA,0278-4343,2026-06-02,NA,els2023crui
Contraception,NA,0010-7824,2026-06-02,NA,els2023crui
Control Engineering Practice,NA,0967-0661,2026-06-02,NA,els2023crui
Coordination Chemistry Reviews,NA,0010-8545,2026-06-02,NA,els2023crui
Corrosion Science,NA,0010-938X,2026-06-02,NA,els2023crui
Cortex,NA,0010-9452,2026-06-02,NA,els2023crui
Cretaceous Research,NA,0195-6671,2026-06-02,NA,els2023crui
Critical Perspectives on Accounting,NA,1045-2354,2026-06-02,NA,els2023crui
Critical Reviews in Oncology/Hematology,NA,1040-8428,2026-06-02,NA,els2023crui
Crop Protection,NA,0261-2194,2026-06-02,NA,els2023crui
Cryobiology,NA,0011-2240,2026-06-02,NA,els2023crui
Cryogenics,NA,0011-2275,2026-06-02,NA,els2023crui
Current Applied Physics,NA,1567-1739,2026-06-02,NA,els2023crui
Current Biology,NA,0960-9822,2026-06-02,NA,els2023crui
Current Opinion in Behavioral Sciences,NA,2352-1546,2026-06-02,NA,els2023crui
Current Opinion in Biomedical Engineering,NA,2468-4511,2026-06-02,NA,els2023crui
Current Opinion in Biotechnology,NA,0958-1669,2026-06-02,NA,els2023crui
Current Opinion in Cell Biology,NA,0955-0674,2026-06-02,NA,els2023crui
Current Opinion in Chemical Biology,NA,1367-5931,2026-06-02,NA,els2023crui
Current Opinion in Chemical Engineering,NA,2211-3398,2026-06-02,NA,els2023crui
Current Opinion in Colloid & Interface Science,NA,1359-0294,2026-06-02,NA,els2023crui
Current Opinion in Electrochemistry,NA,2451-9103,2026-06-02,NA,els2023crui
Current Opinion in Endocrine and Metabolic Research,NA,2451-9650,2026-06-02,NA,els2023crui
Current Opinion in Environmental Science & Health,NA,2468-5844,2026-06-02,NA,els2023crui
Current Opinion in Environmental Sustainability,NA,1877-3435,2026-06-02,NA,els2023crui
Current Opinion in Food Science,NA,2214-7993,2026-06-02,NA,els2023crui
Current Opinion in Genetics & Development,NA,0959-437X,2026-06-02,NA,els2023crui
Current Opinion in Green and Sustainable Chemistry,NA,2452-2236,2026-06-02,NA,els2023crui
Current Opinion in Immunology,NA,0952-7915,2026-06-02,NA,els2023crui
Current Opinion in Insect Science,NA,2214-5745,2026-06-02,NA,els2023crui
Current Opinion in Microbiology,NA,1369-5274,2026-06-02,NA,els2023crui
Current Opinion in Neurobiology,NA,0959-4388,2026-06-02,NA,els2023crui
Current Opinion in Pharmacology,NA,1471-4892,2026-06-02,NA,els2023crui
Current Opinion in Physiology,NA,2468-8673,2026-06-02,NA,els2023crui
Current Opinion in Plant Biology,NA,1369-5266,2026-06-02,NA,els2023crui
Current Opinion in Psychology,NA,2352-250X,2026-06-02,NA,els2023crui
Current Opinion in Solid State & Materials Science,NA,1359-0286,2026-06-02,NA,els2023crui
Current Opinion in Structural Biology,NA,0959-440X,2026-06-02,NA,els2023crui
Current Opinion in Systems Biology,NA,2452-3100,2026-06-02,NA,els2023crui
Current Opinion in Toxicology,NA,2468-2020,2026-06-02,NA,els2023crui
Current Opinion in Virology,NA,1879-6257,2026-06-02,NA,els2023crui
Current Problems in Cancer,NA,0147-0272,2026-06-02,NA,els2023crui
Current Problems in Cardiology,NA,0146-2806,2026-06-02,NA,els2023crui
Current Problems in Diagnostic Radiology,NA,0363-0188,2026-06-02,NA,els2023crui
Current Problems in Pediatric and Adolescent Health Care,NA,1538-5442,2026-06-02,NA,els2023crui
Current Problems in Surgery,NA,0011-3840,2026-06-02,NA,els2023crui
Current Research in Translational Medicine,NA,2452-3186,2026-06-02,NA,els2023crui
Currents in Pharmacy Teaching and Learning,NA,1877-1297,2026-06-02,NA,els2023crui
Cytokine,NA,1043-4666,2026-06-02,NA,els2023crui
Cytokine & Growth Factor Reviews,NA,1359-6101,2026-06-02,NA,els2023crui
Cytotherapy,NA,1465-3249,2026-06-02,NA,els2023crui
Data & Knowledge Engineering,NA,0169-023X,2026-06-02,NA,els2023crui
Decision Support Systems,NA,0167-9236,2026-06-02,NA,els2023crui
Deep-Sea Research Part I: Oceanographic Research Papers,NA,0967-0637,2026-06-02,NA,els2023crui
Deep-Sea Research Part II: Topical Studies in Oceanography,NA,0967-0645,2026-06-02,NA,els2023crui
Dendrochronologia,NA,1125-7865,2026-06-02,NA,els2023crui
Dental Materials,NA,0109-5641,2026-06-02,NA,els2023crui
Desalination,NA,0011-9164,2026-06-02,NA,els2023crui
Design Studies,NA,0142-694X,2026-06-02,NA,els2023crui
Development and Sustainability in Economics and Finance,NA,2950-5240,2026-06-02,NA,els2023crui
Developmental & Comparative Immunology,NA,0145-305X,2026-06-02,NA,els2023crui
Developmental Biology,NA,0012-1606,2026-06-02,NA,els2023crui
Developmental Cell,NA,1534-5807,2026-06-02,NA,els2023crui
Developmental Review,NA,0273-2297,2026-06-02,NA,els2023crui
Device,NA,2666-9986,2026-06-02,NA,els2023crui
Diabetes & Metabolic Syndrome: Clinical Research & Reviews,NA,1871-4021,2026-06-02,NA,els2023crui
Diabetes & Metabolism,NA,1262-3636,2026-06-02,NA,els2023crui
Diabetes Research and Clinical Practice,NA,0168-8227,2026-06-02,NA,els2023crui
Diagnostic and Interventional Imaging,NA,2211-5684,2026-06-02,NA,els2023crui
Diagnostic Microbiology and Infectious Disease,NA,0732-8893,2026-06-02,NA,els2023crui
Diamond and Related Materials,NA,0925-9635,2026-06-02,NA,els2023crui
Differential Geometry and its Applications,NA,0926-2245,2026-06-02,NA,els2023crui
Differentiation,NA,0301-4681,2026-06-02,NA,els2023crui
Digestive and Liver Disease,NA,1590-8658,2026-06-02,NA,els2023crui
Digital Applications in Archaeology and Cultural Heritage,NA,2212-0548,2026-06-02,NA,els2023crui
Digital Signal Processing,NA,1051-2004,2026-06-02,NA,els2023crui
Disability and Health Journal,NA,1936-6574,2026-06-02,NA,els2023crui
"Discourse, Context & Media",NA,2211-6958,2026-06-02,NA,els2023crui
Discrete Applied Mathematics,NA,0166-218X,2026-06-02,NA,els2023crui
Discrete Mathematics,NA,0012-365X,2026-06-02,NA,els2023crui
Discrete Optimization,NA,1572-5286,2026-06-02,NA,els2023crui
Disease-A-Month,NA,0011-5029,2026-06-02,NA,els2023crui
Displays,NA,0141-9382,2026-06-02,NA,els2023crui
DNA Repair,NA,1568-7864,2026-06-02,NA,els2023crui
Domestic Animal Endocrinology,NA,0739-7240,2026-06-02,NA,els2023crui
Douleurs,NA,1624-5687,2026-06-02,NA,els2023crui
Drug and Alcohol Dependence,NA,0376-8716,2026-06-02,NA,els2023crui
Drug Discovery Today,NA,1359-6446,2026-06-02,NA,els2023crui
Drug Metabolism and Disposition,NA,0090-9556,2026-06-02,NA,els2023crui
Drug Metabolism and Pharmacokinetics,NA,1347-4367,2026-06-02,NA,els2023crui
Drug Resistance Updates,NA,1368-7646,2026-06-02,NA,els2023crui
Dyes and Pigments,NA,0143-7208,2026-06-02,NA,els2023crui
Dynamics of Atmospheres and Oceans,NA,0377-0265,2026-06-02,NA,els2023crui
Early Childhood Research Quarterly,NA,0885-2006,2026-06-02,NA,els2023crui
Early Human Development,NA,0378-3782,2026-06-02,NA,els2023crui
Earth and Planetary Science Letters,NA,0012-821X,2026-06-02,NA,els2023crui
Earth-Science Reviews,NA,0012-8252,2026-06-02,NA,els2023crui
Eating Behaviors,NA,1471-0153,2026-06-02,NA,els2023crui
Ecohydrology & Hydrobiology,NA,1642-3593,2026-06-02,NA,els2023crui
Ecological Complexity,NA,1476-945X,2026-06-02,NA,els2023crui
Ecological Economics,NA,0921-8009,2026-06-02,NA,els2023crui
Ecological Engineering,NA,0925-8574,2026-06-02,NA,els2023crui
Ecological Frontiers,NA,2950-5097,2026-06-02,NA,els2023crui
Ecological Genetics and Genomics,NA,2405-9854,2026-06-02,NA,els2023crui
Ecological Informatics,NA,1574-9541,2026-06-02,NA,els2023crui
Ecological Modelling,NA,0304-3800,2026-06-02,NA,els2023crui
Econometrics and Statistics,NA,2452-3062,2026-06-02,NA,els2023crui
Economic Analysis and Policy,NA,0313-5926,2026-06-02,NA,els2023crui
Economic Modelling,NA,0264-9993,2026-06-02,NA,els2023crui
Economic Systems,NA,0939-3625,2026-06-02,NA,els2023crui
Economics & Human Biology,NA,1570-677X,2026-06-02,NA,els2023crui
Economics Letters,NA,0165-1765,2026-06-02,NA,els2023crui
Economics of Education Review,NA,0272-7757,2026-06-02,NA,els2023crui
Economics of Transportation,NA,2212-0122,2026-06-02,NA,els2023crui
Ecosystem Services,NA,2212-0416,2026-06-02,NA,els2023crui
Education for Chemical Engineers,NA,1749-7728,2026-06-02,NA,els2023crui
Educational Research Review,NA,1747-938X,2026-06-02,NA,els2023crui
Electoral Studies,NA,0261-3794,2026-06-02,NA,els2023crui
Electric Power Systems Research,NA,0378-7796,2026-06-02,NA,els2023crui
Electrochimica Acta,NA,0013-4686,2026-06-02,NA,els2023crui
Electronic Commerce Research and Applications,NA,1567-4223,2026-06-02,NA,els2023crui
Emerging Markets Review,NA,1566-0141,2026-06-02,NA,els2023crui
"Emotion, Space and Society",NA,1755-4586,2026-06-02,NA,els2023crui
Endeavour,NA,0160-9327,2026-06-02,NA,els2023crui
Endocrine Practice,NA,1530-891X,2026-06-02,NA,els2023crui
"Endocrinología, Diabetes y Nutrición",NA,2530-0164,2026-06-02,NA,els2023crui
"Endocrinología, Diabetes y Nutrición (English Edition)",NA,2530-0180,2026-06-02,NA,els2023crui
Energy,NA,0360-5442,2026-06-02,NA,els2023crui
Energy 360,NA,2950-4872,2026-06-02,NA,els2023crui
Energy and Buildings,NA,0378-7788,2026-06-02,NA,els2023crui
Energy and Climate Change,NA,2666-2787,2026-06-02,NA,els2023crui
Energy Conversion and Management,NA,0196-8904,2026-06-02,NA,els2023crui
Energy Economics,NA,0140-9883,2026-06-02,NA,els2023crui
Energy for Sustainable Development,NA,0973-0826,2026-06-02,NA,els2023crui
Energy Policy,NA,0301-4215,2026-06-02,NA,els2023crui
Energy Research & Social Science,NA,2214-6296,2026-06-02,NA,els2023crui
Energy Storage Materials,NA,2405-8297,2026-06-02,NA,els2023crui
EnergyChem,NA,2589-7780,2026-06-02,NA,els2023crui
Enfermedades Infecciosas y Microbiología Clínica,NA,0213-005X,2026-06-02,NA,els2023crui
Enfermedades Infecciosas y Microbiología Clínica (English Edition),NA,2529-993X,2026-06-02,NA,els2023crui
Enfermería Clínica,NA,1130-8621,2026-06-02,NA,els2023crui
Enfermería Clínica (English Edition),NA,2445-1479,2026-06-02,NA,els2023crui
Enfermería intensiva,NA,1130-2399,2026-06-02,NA,els2023crui
Enfermería Intensiva (English Edition),NA,2529-9840,2026-06-02,NA,els2023crui
Engineering Analysis with Boundary Elements,NA,0955-7997,2026-06-02,NA,els2023crui
Engineering Applications of Artificial Intelligence,NA,0952-1976,2026-06-02,NA,els2023crui
Engineering Failure Analysis,NA,1350-6307,2026-06-02,NA,els2023crui
Engineering Fracture Mechanics,NA,0013-7944,2026-06-02,NA,els2023crui
Engineering Geology,NA,0013-7952,2026-06-02,NA,els2023crui
Engineering Structures,NA,0141-0296,2026-06-02,NA,els2023crui
English for Specific Purposes,NA,0889-4906,2026-06-02,NA,els2023crui
Entertainment Computing,NA,1875-9521,2026-06-02,NA,els2023crui
Environmental and Experimental Botany,NA,0098-8472,2026-06-02,NA,els2023crui
Environmental Development,NA,2211-4645,2026-06-02,NA,els2023crui
Environmental Impact Assessment Review,NA,0195-9255,2026-06-02,NA,els2023crui
Environmental Innovation and Societal Transitions,NA,2210-4224,2026-06-02,NA,els2023crui
Environmental Modelling & Software,NA,1364-8152,2026-06-02,NA,els2023crui
"Environmental Nanotechnology, Monitoring and Management",NA,2215-1532,2026-06-02,NA,els2023crui
Environmental Pollution,NA,0269-7491,2026-06-02,NA,els2023crui
Environmental Research,NA,0013-9351,2026-06-02,NA,els2023crui
Environmental Science & Policy,NA,1462-9011,2026-06-02,NA,els2023crui
Environmental Toxicology and Pharmacology,NA,1382-6689,2026-06-02,NA,els2023crui
Enzyme and Microbial Technology,NA,0141-0229,2026-06-02,NA,els2023crui
Epilepsy & Behavior,NA,1525-5050,2026-06-02,NA,els2023crui
Epilepsy Research,NA,0920-1211,2026-06-02,NA,els2023crui
"Estuarine, Coastal and Shelf Science",NA,0272-7714,2026-06-02,NA,els2023crui
"Ethics, Medicine & Public Health",NA,2352-5525,2026-06-02,NA,els2023crui
Éthique & Santé,NA,1765-4629,2026-06-02,NA,els2023crui
eTransportation,NA,2590-1168,2026-06-02,NA,els2023crui
"European Annals of Otorhinolaryngology, Head and Neck Diseases",NA,1879-7296,2026-06-02,NA,els2023crui
European Economic Review,NA,0014-2921,2026-06-02,NA,els2023crui
European Journal of Agronomy,NA,1161-0301,2026-06-02,NA,els2023crui
European Journal of Cancer,NA,0959-8049,2026-06-02,NA,els2023crui
European Journal of Combinatorics,NA,0195-6698,2026-06-02,NA,els2023crui
European Journal of Control,NA,0947-3580,2026-06-02,NA,els2023crui
European Journal of Integrative Medicine,NA,1876-3820,2026-06-02,NA,els2023crui
European Journal of Internal Medicine,NA,0953-6205,2026-06-02,NA,els2023crui
European Journal of Mechanics - A/Solids,NA,0997-7538,2026-06-02,NA,els2023crui
European Journal of Mechanics - B/Fluids,NA,0997-7546,2026-06-02,NA,els2023crui
European Journal of Medical Genetics,NA,1769-7212,2026-06-02,NA,els2023crui
European Journal of Medicinal Chemistry,NA,0223-5234,2026-06-02,NA,els2023crui
European Journal of Obstetrics & Gynecology and Reproductive Biology,NA,0301-2115,2026-06-02,NA,els2023crui
European Journal of Oncology Nursing,NA,1462-3889,2026-06-02,NA,els2023crui
European Journal of Operational Research,NA,0377-2217,2026-06-02,NA,els2023crui
European Journal of Paediatric Neurology,NA,1090-3798,2026-06-02,NA,els2023crui
European Journal of Pharmaceutics and Biopharmaceutics,NA,0939-6411,2026-06-02,NA,els2023crui
European Journal of Pharmacology,NA,0014-2999,2026-06-02,NA,els2023crui
European Journal of Political Economy,NA,0176-2680,2026-06-02,NA,els2023crui
European Journal of Protistology,NA,0932-4739,2026-06-02,NA,els2023crui
European Journal of Radiology,NA,0720-048X,2026-06-02,NA,els2023crui
European Journal of Soil Biology,NA,1164-5563,2026-06-02,NA,els2023crui
European Journal of Surgical Oncology,NA,0748-7983,2026-06-02,NA,els2023crui
European Journal of Trauma & Dissociation,NA,2468-7499,2026-06-02,NA,els2023crui
European Journal of Vascular and Endovascular Surgery,NA,1078-5884,2026-06-02,NA,els2023crui
European Management Journal,NA,0263-2373,2026-06-02,NA,els2023crui
European Neuropsychopharmacology,NA,0924-977X,2026-06-02,NA,els2023crui
European Polymer Journal,NA,0014-3057,2026-06-02,NA,els2023crui
European Review of Applied Psychology,NA,1162-9088,2026-06-02,NA,els2023crui
European Urology,NA,0302-2838,2026-06-02,NA,els2023crui
European Urology Focus,NA,2405-4569,2026-06-02,NA,els2023crui
European Urology Oncology,NA,2588-9311,2026-06-02,NA,els2023crui
Evaluation and Program Planning,NA,0149-7189,2026-06-02,NA,els2023crui
Evolution and Human Behavior,NA,1090-5138,2026-06-02,NA,els2023crui
Experimental and Molecular Pathology,NA,0014-4800,2026-06-02,NA,els2023crui
Experimental Cell Research,NA,0014-4827,2026-06-02,NA,els2023crui
Experimental Eye Research,NA,0014-4835,2026-06-02,NA,els2023crui
Experimental Gerontology,NA,0531-5565,2026-06-02,NA,els2023crui
Experimental Hematology,NA,0301-472X,2026-06-02,NA,els2023crui
Experimental Neurology,NA,0014-4886,2026-06-02,NA,els2023crui
Experimental Parasitology,NA,0014-4894,2026-06-02,NA,els2023crui
Experimental Thermal and Fluid Science,NA,0894-1777,2026-06-02,NA,els2023crui
Expert Systems with Applications,NA,0957-4174,2026-06-02,NA,els2023crui
Explorations in Economic History,NA,0014-4983,2026-06-02,NA,els2023crui
EXPLORE,NA,1550-8307,2026-06-02,NA,els2023crui
Expositiones Mathematicae,NA,0723-0869,2026-06-02,NA,els2023crui
Extreme Mechanics Letters,NA,2352-4316,2026-06-02,NA,els2023crui
F&S Reviews,NA,2666-5719,2026-06-02,NA,els2023crui
F&S Science,NA,2666-335X,2026-06-02,NA,els2023crui
Fertility and Sterility,NA,0015-0282,2026-06-02,NA,els2023crui
Field Crops Research,NA,0378-4290,2026-06-02,NA,els2023crui
Finance Research Letters,NA,1544-6123,2026-06-02,NA,els2023crui
Finite Elements in Analysis and Design,NA,0168-874X,2026-06-02,NA,els2023crui
Finite Fields and Their Applications,NA,1071-5797,2026-06-02,NA,els2023crui
Fire Safety Journal,NA,0379-7112,2026-06-02,NA,els2023crui
Fish & Shellfish Immunology,NA,1050-4648,2026-06-02,NA,els2023crui
Fisheries Research,NA,0165-7836,2026-06-02,NA,els2023crui
Fisioterapia,NA,0211-5638,2026-06-02,NA,els2023crui
Fitoterapia,NA,0367-326X,2026-06-02,NA,els2023crui
FlatChem,NA,2452-2627,2026-06-02,NA,els2023crui
Flora,NA,0367-2530,2026-06-02,NA,els2023crui
Flow Measurement and Instrumentation,NA,0955-5986,2026-06-02,NA,els2023crui
Fluid Phase Equilibria,NA,0378-3812,2026-06-02,NA,els2023crui
Food and Bioproducts Processing,NA,0960-3085,2026-06-02,NA,els2023crui
Food and Chemical Toxicology,NA,0278-6915,2026-06-02,NA,els2023crui
Food and Humanity,NA,2949-8244,2026-06-02,NA,els2023crui
Food Bioscience,NA,2212-4292,2026-06-02,NA,els2023crui
Food Chemistry,NA,0308-8146,2026-06-02,NA,els2023crui
Food Control,NA,0956-7135,2026-06-02,NA,els2023crui
Food Hydrocolloids,NA,0268-005X,2026-06-02,NA,els2023crui
Food Microbiology,NA,0740-0020,2026-06-02,NA,els2023crui
Food Packaging and Shelf Life,NA,2214-2894,2026-06-02,NA,els2023crui
Food Policy,NA,0306-9192,2026-06-02,NA,els2023crui
Food Quality and Preference,NA,0950-3293,2026-06-02,NA,els2023crui
Food Research International,NA,0963-9969,2026-06-02,NA,els2023crui
Food Structure,NA,2213-3291,2026-06-02,NA,els2023crui
Food Webs,NA,2352-2496,2026-06-02,NA,els2023crui
Foot and Ankle Surgery,NA,1268-7731,2026-06-02,NA,els2023crui
Football Studies,NA,3051-2689,2026-06-02,NA,els2023crui
Forensic Chemistry,NA,2468-1709,2026-06-02,NA,els2023crui
Forensic Imaging,NA,2666-2256,2026-06-02,NA,els2023crui
Forensic Science International,NA,0379-0738,2026-06-02,NA,els2023crui
Forensic Science International: Digital Investigation,NA,2666-2817,2026-06-02,NA,els2023crui
Forensic Science International: Genetics,NA,1872-4973,2026-06-02,NA,els2023crui
Forensic Science International: Genetics Supplement Series,NA,1875-1768,2026-06-02,NA,els2023crui
Forest Ecology and Management,NA,0378-1127,2026-06-02,NA,els2023crui
Forest Policy and Economics,NA,1389-9341,2026-06-02,NA,els2023crui
Free Radical Biology & Medicine,NA,0891-5849,2026-06-02,NA,els2023crui
Frontiers in Neuroendocrinology,NA,0091-3022,2026-06-02,NA,els2023crui
Fuel,NA,0016-2361,2026-06-02,NA,els2023crui
Fuel Processing Technology,NA,0378-3820,2026-06-02,NA,els2023crui
Fungal Biology,NA,1878-6146,2026-06-02,NA,els2023crui
Fungal Biology Reviews,NA,1749-4613,2026-06-02,NA,els2023crui
Fungal Ecology,NA,1754-5048,2026-06-02,NA,els2023crui
Fungal Genetics and Biology,NA,1087-1845,2026-06-02,NA,els2023crui
Fusion Engineering and Design,NA,0920-3796,2026-06-02,NA,els2023crui
Fuß & Sprunggelenk,NA,1619-9987,2026-06-02,NA,els2023crui
Future Generation Computer Systems,NA,0167-739X,2026-06-02,NA,els2023crui
Futures,NA,0016-3287,2026-06-02,NA,els2023crui
Fuzzy Sets and Systems,NA,0165-0114,2026-06-02,NA,els2023crui
Gait & Posture,NA,0966-6362,2026-06-02,NA,els2023crui
Games and Economic Behavior,NA,0899-8256,2026-06-02,NA,els2023crui
Gas Science and Engineering,NA,2949-9089,2026-06-02,NA,els2023crui
Gastroenterología y Hepatología,NA,0210-5705,2026-06-02,NA,els2023crui
Gastroenterología y Hepatología (English Edition),NA,2444-3824,2026-06-02,NA,els2023crui
Gastroenterology,NA,0016-5085,2026-06-02,NA,els2023crui
Gastrointestinal Endoscopy,NA,0016-5107,2026-06-02,NA,els2023crui
Gene,NA,0378-1119,2026-06-02,NA,els2023crui
Gene Expression Patterns,NA,1567-133X,2026-06-02,NA,els2023crui
Gene Reports,NA,2452-0144,2026-06-02,NA,els2023crui
General and Comparative Endocrinology,NA,0016-6480,2026-06-02,NA,els2023crui
General Hospital Psychiatry,NA,0163-8343,2026-06-02,NA,els2023crui
Genetics in Medicine,NA,1098-3600,2026-06-02,NA,els2023crui
Geobios,NA,0016-6995,2026-06-02,NA,els2023crui
Geochemistry,NA,0009-2819,2026-06-02,NA,els2023crui
Geochimica et Cosmochimica Acta,NA,0016-7037,2026-06-02,NA,els2023crui
Geoderma,NA,0016-7061,2026-06-02,NA,els2023crui
Geoderma Regional,NA,2352-0094,2026-06-02,NA,els2023crui
Geoenergy Science and Engineering,NA,2949-8910,2026-06-02,NA,els2023crui
Geoforum,NA,0016-7185,2026-06-02,NA,els2023crui
Geomechanics for Energy and the Environment,NA,2352-3808,2026-06-02,NA,els2023crui
Geomorphology,NA,0169-555X,2026-06-02,NA,els2023crui
Geotextiles and Geomembranes,NA,0266-1144,2026-06-02,NA,els2023crui
Geothermics,NA,0375-6505,2026-06-02,NA,els2023crui
Geriatric Nursing,NA,0197-4572,2026-06-02,NA,els2023crui
Global and Planetary Change,NA,0921-8181,2026-06-02,NA,els2023crui
Global Economics Research,NA,3050-8037,2026-06-02,NA,els2023crui
Global Environmental Change,NA,0959-3780,2026-06-02,NA,els2023crui
Global Finance Journal,NA,1044-0283,2026-06-02,NA,els2023crui
Global Food Security,NA,2211-9124,2026-06-02,NA,els2023crui
Gondwana Research,NA,1342-937X,2026-06-02,NA,els2023crui
Government Information Quarterly,NA,0740-624X,2026-06-02,NA,els2023crui
Graphical Models,NA,1524-0703,2026-06-02,NA,els2023crui
Groundwater for Sustainable Development,NA,2352-801X,2026-06-02,NA,els2023crui
Growth Hormone & IGF Research,NA,1096-6374,2026-06-02,NA,els2023crui
Gynecologic Oncology,NA,0090-8258,2026-06-02,NA,els2023crui
Gynécologie Obstétrique Fertilité & Sénologie,NA,2468-7189,2026-06-02,NA,els2023crui
Habitat International,NA,0197-3975,2026-06-02,NA,els2023crui
Hand Surgery & Rehabilitation,NA,2468-1229,2026-06-02,NA,els2023crui
Harmful Algae,NA,1568-9883,2026-06-02,NA,els2023crui
Health & Place,NA,1353-8292,2026-06-02,NA,els2023crui
Health Policy,NA,0168-8510,2026-06-02,NA,els2023crui
Health Policy and Technology,NA,2211-8837,2026-06-02,NA,els2023crui
Healthcare: The Journal of Delivery Science and Innovation,NA,2213-0764,2026-06-02,NA,els2023crui
Hearing Research,NA,0378-5955,2026-06-02,NA,els2023crui
Heart & Lung,NA,0147-9563,2026-06-02,NA,els2023crui
Heart Rhythm,NA,1547-5271,2026-06-02,NA,els2023crui
"Heart, Lung and Circulation",NA,1443-9506,2026-06-02,NA,els2023crui
High Energy Density Physics,NA,1574-1818,2026-06-02,NA,els2023crui
Hipertensión y Riesgo Vascular,NA,1889-1837,2026-06-02,NA,els2023crui
Historia Mathematica,NA,0315-0860,2026-06-02,NA,els2023crui
Hormones and Behavior,NA,0018-506X,2026-06-02,NA,els2023crui
HPB,NA,1365-182X,2026-06-02,NA,els2023crui
Human Gene,NA,2773-0441,2026-06-02,NA,els2023crui
Human Immunology,NA,0198-8859,2026-06-02,NA,els2023crui
Human Movement Science,NA,0167-9457,2026-06-02,NA,els2023crui
Human Pathology,NA,0046-8177,2026-06-02,NA,els2023crui
Human Resource Management Review,NA,1053-4822,2026-06-02,NA,els2023crui
Hydrometallurgy,NA,0304-386X,2026-06-02,NA,els2023crui
Icarus,NA,0019-1035,2026-06-02,NA,els2023crui
IFAC Journal of Systems and Control,NA,2468-6018,2026-06-02,NA,els2023crui
Image and Vision Computing,NA,0262-8856,2026-06-02,NA,els2023crui
Imagerie de la Femme,NA,1776-9817,2026-06-02,NA,els2023crui
Immunity,NA,1074-7613,2026-06-02,NA,els2023crui
Immunobiology,NA,0171-2985,2026-06-02,NA,els2023crui
Immunology Letters,NA,0165-2478,2026-06-02,NA,els2023crui
In Analysis,NA,2542-3606,2026-06-02,NA,els2023crui
Indagationes Mathematicae,NA,0019-3577,2026-06-02,NA,els2023crui
Indian Journal of Medical Microbiology,NA,0255-0857,2026-06-02,NA,els2023crui
Industrial Crops and Products,NA,0926-6690,2026-06-02,NA,els2023crui
Industrial Marketing Management,NA,0019-8501,2026-06-02,NA,els2023crui
Infant Behavior and Development,NA,0163-6383,2026-06-02,NA,els2023crui
"Infection, Disease & Health",NA,2468-0451,2026-06-02,NA,els2023crui
Infectious Diseases Now,NA,2666-9919,2026-06-02,NA,els2023crui
Information & Management,NA,0378-7206,2026-06-02,NA,els2023crui
Information and Computation,NA,0890-5401,2026-06-02,NA,els2023crui
Information and Organization,NA,1471-7727,2026-06-02,NA,els2023crui
Information and Software Technology,NA,0950-5849,2026-06-02,NA,els2023crui
Information Economics and Policy,NA,0167-6245,2026-06-02,NA,els2023crui
Information Fusion,NA,1566-2535,2026-06-02,NA,els2023crui
Information Processing & Management,NA,0306-4573,2026-06-02,NA,els2023crui
Information Processing Letters,NA,0020-0190,2026-06-02,NA,els2023crui
Information Sciences,NA,0020-0255,2026-06-02,NA,els2023crui
Information Systems,NA,0306-4379,2026-06-02,NA,els2023crui
Infrared Physics & Technology,NA,1350-4495,2026-06-02,NA,els2023crui
Injury,NA,0020-1383,2026-06-02,NA,els2023crui
Innovative Food Science and Emerging Technologies,NA,1466-8564,2026-06-02,NA,els2023crui
Inorganic Chemistry Communications,NA,1387-7003,2026-06-02,NA,els2023crui
Inorganica Chimica Acta,NA,0020-1693,2026-06-02,NA,els2023crui
Insect Biochemistry and Molecular Biology,NA,0965-1748,2026-06-02,NA,els2023crui
Insurance: Mathematics and Economics,NA,0167-6687,2026-06-02,NA,els2023crui
Integration,NA,0167-9260,2026-06-02,NA,els2023crui
Intelligence,NA,0160-2896,2026-06-02,NA,els2023crui
Intensive and Critical Care Nursing,NA,0964-3397,2026-06-02,NA,els2023crui
Intermetallics,NA,0966-9795,2026-06-02,NA,els2023crui
International Biodeterioration & Biodegradation,NA,0964-8305,2026-06-02,NA,els2023crui
International Business Review,NA,0969-5931,2026-06-02,NA,els2023crui
International Communications in Heat and Mass Transfer,NA,0735-1933,2026-06-02,NA,els2023crui
International Dairy Journal,NA,0958-6946,2026-06-02,NA,els2023crui
International Economics,NA,2110-7017,2026-06-02,NA,els2023crui
International Emergency Nursing,NA,1755-599X,2026-06-02,NA,els2023crui
International Immunopharmacology,NA,1567-5769,2026-06-02,NA,els2023crui
International Journal for Parasitology,NA,0020-7519,2026-06-02,NA,els2023crui
International Journal of Accounting Information Systems,NA,1467-0895,2026-06-02,NA,els2023crui
International Journal of Adhesion and Adhesives,NA,0143-7496,2026-06-02,NA,els2023crui
International Journal of Antimicrobial Agents,NA,0924-8579,2026-06-02,NA,els2023crui
International Journal of Approximate Reasoning,NA,0888-613X,2026-06-02,NA,els2023crui
International Journal of Biological Macromolecules,NA,0141-8130,2026-06-02,NA,els2023crui
International Journal of Cardiology,NA,0167-5273,2026-06-02,NA,els2023crui
International Journal of Child-Computer Interaction,NA,2212-8689,2026-06-02,NA,els2023crui
International Journal of Coal Geology,NA,0166-5162,2026-06-02,NA,els2023crui
International Journal of Critical Infrastructure Protection,NA,1874-5482,2026-06-02,NA,els2023crui
International Journal of Disaster Risk Reduction,NA,2212-4209,2026-06-02,NA,els2023crui
International Journal of Drug Policy,NA,0955-3959,2026-06-02,NA,els2023crui
International Journal of Educational Development,NA,0738-0593,2026-06-02,NA,els2023crui
International Journal of Educational Research,NA,0883-0355,2026-06-02,NA,els2023crui
International Journal of Electrical Power & Energy Systems,NA,0142-0615,2026-06-02,NA,els2023crui
International Journal of Engineering Science,NA,0020-7225,2026-06-02,NA,els2023crui
International Journal of Fatigue,NA,0142-1123,2026-06-02,NA,els2023crui
International Journal of Food Microbiology,NA,0168-1605,2026-06-02,NA,els2023crui
International Journal of Forecasting,NA,0169-2070,2026-06-02,NA,els2023crui
International Journal of Gastronomy and Food Science,NA,1878-450X,2026-06-02,NA,els2023crui
International Journal of Greenhouse Gas Control,NA,1750-5836,2026-06-02,NA,els2023crui
International Journal of Gynecological Cancer,NA,1048-891X,2026-06-02,NA,els2023crui
International Journal of Heat and Fluid Flow,NA,0142-727X,2026-06-02,NA,els2023crui
International Journal of Heat and Mass Transfer,NA,0017-9310,2026-06-02,NA,els2023crui
International Journal of Hospitality Management,NA,0278-4319,2026-06-02,NA,els2023crui
International Journal of Human-Computer Studies,NA,1071-5819,2026-06-02,NA,els2023crui
International Journal of Hydrogen Energy,NA,0360-3199,2026-06-02,NA,els2023crui
International Journal of Hygiene and Environmental Health,NA,1438-4639,2026-06-02,NA,els2023crui
International Journal of Impact Engineering,NA,0734-743X,2026-06-02,NA,els2023crui
International Journal of Industrial Ergonomics,NA,0169-8141,2026-06-02,NA,els2023crui
International Journal of Industrial Organization,NA,0167-7187,2026-06-02,NA,els2023crui
International Journal of Information Management,NA,0268-4012,2026-06-02,NA,els2023crui
International Journal of Intercultural Relations,NA,0147-1767,2026-06-02,NA,els2023crui
International Journal of Law and Psychiatry,NA,0160-2527,2026-06-02,NA,els2023crui
"International Journal of Law, Crime and Justice",NA,1756-0616,2026-06-02,NA,els2023crui
International Journal of Machine Tools and Manufacture,NA,0890-6955,2026-06-02,NA,els2023crui
International Journal of Mass Spectrometry,NA,1387-3806,2026-06-02,NA,els2023crui
International Journal of Mechanical Sciences,NA,0020-7403,2026-06-02,NA,els2023crui
International Journal of Medical Informatics,NA,1386-5056,2026-06-02,NA,els2023crui
International Journal of Multiphase Flow,NA,0301-9322,2026-06-02,NA,els2023crui
International Journal of Non-Linear Mechanics,NA,0020-7462,2026-06-02,NA,els2023crui
International Journal of Nursing Studies,NA,0020-7489,2026-06-02,NA,els2023crui
International Journal of Obstetric Anesthesia,NA,0959-289X,2026-06-02,NA,els2023crui
International Journal of Oral and Maxillofacial Surgery,NA,0901-5027,2026-06-02,NA,els2023crui
International Journal of Orthopaedic and Trauma Nursing,NA,1878-1241,2026-06-02,NA,els2023crui
International Journal of Osteopathic Medicine,NA,1746-0689,2026-06-02,NA,els2023crui
International Journal of Paleopathology,NA,1879-9817,2026-06-02,NA,els2023crui
International Journal of Pediatric Otorhinolaryngology,NA,0165-5876,2026-06-02,NA,els2023crui
International Journal of Pharmaceutics,NA,0378-5173,2026-06-02,NA,els2023crui
International Journal of Plasticity,NA,0749-6419,2026-06-02,NA,els2023crui
International Journal of Pressure Vessels and Piping,NA,0308-0161,2026-06-02,NA,els2023crui
International Journal of Production Economics,NA,0925-5273,2026-06-02,NA,els2023crui
International Journal of Project Management,NA,0263-7863,2026-06-02,NA,els2023crui
International Journal of Psychophysiology,NA,0167-8760,2026-06-02,NA,els2023crui
"International Journal of Radiation Oncology, Biology, Physics",NA,0360-3016,2026-06-02,NA,els2023crui
International Journal of Refractory Metals and Hard Materials,NA,0263-4368,2026-06-02,NA,els2023crui
International Journal of Refrigeration,NA,0140-7007,2026-06-02,NA,els2023crui
International Journal of Research in Marketing,NA,0167-8116,2026-06-02,NA,els2023crui
International Journal of Rock Mechanics and Mining Sciences,NA,1365-1609,2026-06-02,NA,els2023crui
International Journal of Solids and Structures,NA,0020-7683,2026-06-02,NA,els2023crui
International Journal of Thermal Sciences,NA,1290-0729,2026-06-02,NA,els2023crui
International Orthodontics,NA,1761-7227,2026-06-02,NA,els2023crui
International Review of Economics & Finance,NA,1059-0560,2026-06-02,NA,els2023crui
International Review of Economics Education,NA,1477-3880,2026-06-02,NA,els2023crui
International Review of Financial Analysis,NA,1057-5219,2026-06-02,NA,els2023crui
International Review of Law and Economics,NA,0144-8188,2026-06-02,NA,els2023crui
Internet of Things,NA,2542-6605,2026-06-02,NA,els2023crui
IRBM,NA,1959-0318,2026-06-02,NA,els2023crui
ISA Transactions,NA,0019-0578,2026-06-02,NA,els2023crui
ISPRS Journal of Photogrammetry and Remote Sensing,NA,0924-2716,2026-06-02,NA,els2023crui
JACC: Cardiovascular Imaging,NA,1936-878X,2026-06-02,NA,els2023crui
JACC: Cardiovascular Interventions,NA,1936-8798,2026-06-02,NA,els2023crui
JACC: Clinical Electrophysiology,NA,2405-500X,2026-06-02,NA,els2023crui
JACC: Heart Failure,NA,2213-1779,2026-06-02,NA,els2023crui
Japan and the World Economy,NA,0922-1425,2026-06-02,NA,els2023crui
Joint Bone Spine,NA,1297-319X,2026-06-02,NA,els2023crui
Joule,NA,2542-4351,2026-06-02,NA,els2023crui
Journal de Chirurgie Viscérale,NA,1878-786X,2026-06-02,NA,els2023crui
Journal de Mathématiques Pures et Appliquées,NA,0021-7824,2026-06-02,NA,els2023crui
Journal de Pédiatrie et de Puériculture,NA,0987-7983,2026-06-02,NA,els2023crui
Journal de Traumatologie du Sport,NA,0762-915X,2026-06-02,NA,els2023crui
Journal d'Imagerie Diagnostique et Interventionnelle,NA,2543-3431,2026-06-02,NA,els2023crui
Journal for Nature Conservation,NA,1617-1381,2026-06-02,NA,els2023crui
Journal Français d'Ophtalmologie,NA,0181-5512,2026-06-02,NA,els2023crui
Journal of AAPOS,NA,1091-8531,2026-06-02,NA,els2023crui
Journal of Accounting and Economics,NA,0165-4101,2026-06-02,NA,els2023crui
Journal of Accounting and Public Policy,NA,0278-4254,2026-06-02,NA,els2023crui
Journal of Accounting Education,NA,0748-5751,2026-06-02,NA,els2023crui
Journal of Adolescent Health,NA,1054-139X,2026-06-02,NA,els2023crui
Journal of Aerosol Science,NA,0021-8502,2026-06-02,NA,els2023crui
Journal of Affective Disorders,NA,0165-0327,2026-06-02,NA,els2023crui
Journal of African Earth Sciences,NA,1464-343X,2026-06-02,NA,els2023crui
Journal of Aging Studies,NA,0890-4065,2026-06-02,NA,els2023crui
Journal of Air Transport Management,NA,0969-6997,2026-06-02,NA,els2023crui
Journal of Algebra,NA,0021-8693,2026-06-02,NA,els2023crui
Journal of Allergy and Clinical Immunology,NA,0091-6749,2026-06-02,NA,els2023crui
Journal of Alloys and Compounds,NA,0925-8388,2026-06-02,NA,els2023crui
Journal of Alloys and Compounds Communications,NA,2950-2845,2026-06-02,NA,els2023crui
Journal of Analytical and Applied Pyrolysis,NA,0165-2370,2026-06-02,NA,els2023crui
Journal of Anthropological Archaeology,NA,0278-4165,2026-06-02,NA,els2023crui
Journal of Anxiety Disorders,NA,0887-6185,2026-06-02,NA,els2023crui
Journal of Applied Developmental Psychology,NA,0193-3973,2026-06-02,NA,els2023crui
Journal of Applied Geophysics,NA,0926-9851,2026-06-02,NA,els2023crui
Journal of Applied Research on Medicinal and Aromatic Plants,NA,2214-7861,2026-06-02,NA,els2023crui
Journal of Approximation Theory,NA,0021-9045,2026-06-02,NA,els2023crui
Journal of Archaeological Science,NA,0305-4403,2026-06-02,NA,els2023crui
Journal of Archaeological Science: Reports,NA,2352-409X,2026-06-02,NA,els2023crui
Journal of Arid Environments,NA,0140-1963,2026-06-02,NA,els2023crui
Journal of Arthroplasty,NA,0883-5403,2026-06-02,NA,els2023crui
Journal of Asian Earth Sciences,NA,1367-9120,2026-06-02,NA,els2023crui
Journal of Asian Economics,NA,1049-0078,2026-06-02,NA,els2023crui
Journal of Asia-Pacific Entomology,NA,1226-8615,2026-06-02,NA,els2023crui
Journal of Atmospheric and Solar-Terrestrial Physics,NA,1364-6826,2026-06-02,NA,els2023crui
Journal of Autoimmunity,NA,0896-8411,2026-06-02,NA,els2023crui
Journal of Banking & Finance,NA,0378-4266,2026-06-02,NA,els2023crui
Journal of Behavior Therapy and Experimental Psychiatry,NA,0005-7916,2026-06-02,NA,els2023crui
Journal of Behavioral and Cognitive Therapy,NA,2589-9791,2026-06-02,NA,els2023crui
Journal of Behavioral and Experimental Economics,NA,2214-8043,2026-06-02,NA,els2023crui
Journal of Behavioral and Experimental Finance,NA,2214-6350,2026-06-02,NA,els2023crui
Journal of Biomechanics,NA,0021-9290,2026-06-02,NA,els2023crui
Journal of Biomedical Informatics,NA,1532-0464,2026-06-02,NA,els2023crui
Journal of Biotechnology,NA,0168-1656,2026-06-02,NA,els2023crui
Journal of Bodywork and Movement Therapies,NA,1360-8592,2026-06-02,NA,els2023crui
Journal of Building Engineering,NA,2352-7102,2026-06-02,NA,els2023crui
Journal of Business Research,NA,0148-2963,2026-06-02,NA,els2023crui
Journal of Business Venturing,NA,0883-9026,2026-06-02,NA,els2023crui
Journal of Business Venturing Design,NA,2667-2774,2026-06-02,NA,els2023crui
Journal of Business Venturing Insights,NA,2352-6734,2026-06-02,NA,els2023crui
Journal of Cancer Policy,NA,2213-5383,2026-06-02,NA,els2023crui
Journal of Cardiac Failure,NA,1071-9164,2026-06-02,NA,els2023crui
Journal of Cardiology,NA,0914-5087,2026-06-02,NA,els2023crui
Journal of Cardiology Cases,NA,1878-5409,2026-06-02,NA,els2023crui
Journal of Cardiothoracic and Vascular Anesthesia,NA,1053-0770,2026-06-02,NA,els2023crui
Journal of Cardiovascular Computed Tomography,NA,1934-5925,2026-06-02,NA,els2023crui
Journal of Catalysis,NA,0021-9517,2026-06-02,NA,els2023crui
Journal of Cereal Science,NA,0733-5210,2026-06-02,NA,els2023crui
Journal of Chiropractic Humanities,NA,1556-3499,2026-06-02,NA,els2023crui
Journal of Chiropractic Medicine,NA,1556-3707,2026-06-02,NA,els2023crui
Journal of Choice Modelling,NA,1755-5345,2026-06-02,NA,els2023crui
Journal of Chromatography A,NA,0021-9673,2026-06-02,NA,els2023crui
Journal of Chromatography B,NA,1570-0232,2026-06-02,NA,els2023crui
Journal of Cleaner Production,NA,0959-6526,2026-06-02,NA,els2023crui
Journal of Climate Finance,NA,2949-7280,2026-06-02,NA,els2023crui
Journal of Clinical and Experimental Hepatology,NA,0973-6883,2026-06-02,NA,els2023crui
Journal of Clinical Anesthesia,NA,0952-8180,2026-06-02,NA,els2023crui
Journal of Clinical Densitometry,NA,1094-6950,2026-06-02,NA,els2023crui
Journal of Clinical Epidemiology,NA,0895-4356,2026-06-02,NA,els2023crui
Journal of Clinical Lipidology,NA,1933-2874,2026-06-02,NA,els2023crui
Journal of Clinical Neuroscience,NA,0967-5868,2026-06-02,NA,els2023crui
Journal of Clinical Orthopaedics and Trauma,NA,0976-5662,2026-06-02,NA,els2023crui
Journal of Clinical Virology,NA,1386-6532,2026-06-02,NA,els2023crui
Journal of CO2 Utilization,NA,2212-9820,2026-06-02,NA,els2023crui
Journal of Colloid and Interface Science,NA,0021-9797,2026-06-02,NA,els2023crui
"Journal of Combinatorial Theory, Series A",NA,0097-3165,2026-06-02,NA,els2023crui
"Journal of Combinatorial Theory, Series B",NA,0095-8956,2026-06-02,NA,els2023crui
Journal of Commodity Markets,NA,2405-8513,2026-06-02,NA,els2023crui
Journal of Communication Disorders,NA,0021-9924,2026-06-02,NA,els2023crui
Journal of Comparative Economics,NA,0147-5967,2026-06-02,NA,els2023crui
Journal of Comparative Pathology,NA,0021-9975,2026-06-02,NA,els2023crui
Journal of Complexity,NA,0885-064X,2026-06-02,NA,els2023crui
Journal of Computational and Applied Mathematics,NA,0377-0427,2026-06-02,NA,els2023crui
Journal of Computational Physics,NA,0021-9991,2026-06-02,NA,els2023crui
Journal of Computational Science,NA,1877-7503,2026-06-02,NA,els2023crui
Journal of Computer and System Sciences,NA,0022-0000,2026-06-02,NA,els2023crui
Journal of Computer Languages,NA,2590-1184,2026-06-02,NA,els2023crui
Journal of Constructional Steel Research,NA,0143-974X,2026-06-02,NA,els2023crui
Journal of Contaminant Hydrology,NA,0169-7722,2026-06-02,NA,els2023crui
Journal of Contemporary Accounting & Economics,NA,1815-5669,2026-06-02,NA,els2023crui
Journal of Contextual Behavioral Science,NA,2212-1447,2026-06-02,NA,els2023crui
Journal of Controlled Release,NA,0168-3659,2026-06-02,NA,els2023crui
Journal of Co-operative Organization and Management,NA,2213-297X,2026-06-02,NA,els2023crui
Journal of Corporate Finance,NA,0929-1199,2026-06-02,NA,els2023crui
Journal of Cranio-Maxillofacial Surgery,NA,1010-5182,2026-06-02,NA,els2023crui
Journal of Criminal Justice,NA,0047-2352,2026-06-02,NA,els2023crui
Journal of Critical Care,NA,0883-9441,2026-06-02,NA,els2023crui
Journal of Crystal Growth,NA,0022-0248,2026-06-02,NA,els2023crui
Journal of Cultural Heritage,NA,1296-2074,2026-06-02,NA,els2023crui
Journal of Cystic Fibrosis,NA,1569-1993,2026-06-02,NA,els2023crui
Journal of Dentistry,NA,0300-5712,2026-06-02,NA,els2023crui
Journal of Dermatological Science,NA,0923-1811,2026-06-02,NA,els2023crui
Journal of Destination Marketing & Management,NA,2212-571X,2026-06-02,NA,els2023crui
Journal of Development Economics,NA,0304-3878,2026-06-02,NA,els2023crui
Journal of Diabetes and its Complications,NA,1056-8727,2026-06-02,NA,els2023crui
Journal of Differential Equations,NA,0022-0396,2026-06-02,NA,els2023crui
Journal of Drug Delivery Science and Technology,NA,1773-2247,2026-06-02,NA,els2023crui
Journal of Econometrics,NA,0304-4076,2026-06-02,NA,els2023crui
Journal of Economic Behavior & Organization,NA,0167-2681,2026-06-02,NA,els2023crui
Journal of Economic Dynamics and Control,NA,0165-1889,2026-06-02,NA,els2023crui
Journal of Economic Psychology,NA,0167-4870,2026-06-02,NA,els2023crui
Journal of Economic Theory,NA,0022-0531,2026-06-02,NA,els2023crui
Journal of Economics and Business,NA,0148-6195,2026-06-02,NA,els2023crui
Journal of Electroanalytical Chemistry,NA,1572-6657,2026-06-02,NA,els2023crui
Journal of Electrocardiology,NA,0022-0736,2026-06-02,NA,els2023crui
Journal of Electromyography and Kinesiology,NA,1050-6411,2026-06-02,NA,els2023crui
Journal of Electron Spectroscopy and Related Phenomena,NA,0368-2048,2026-06-02,NA,els2023crui
Journal of Electrostatics,NA,0304-3886,2026-06-02,NA,els2023crui
Journal of Emergency Nursing,NA,0099-1767,2026-06-02,NA,els2023crui
Journal of Empirical Finance,NA,0927-5398,2026-06-02,NA,els2023crui
Journal of Endodontics,NA,0099-2399,2026-06-02,NA,els2023crui
Journal of Energy Chemistry,NA,2095-4956,2026-06-02,NA,els2023crui
Journal of Energy Storage,NA,2352-152X,2026-06-02,NA,els2023crui
Journal of Engineering and Technology Management,NA,0923-4748,2026-06-02,NA,els2023crui
Journal of English for Academic Purposes,NA,1475-1585,2026-06-02,NA,els2023crui
Journal of Environmental Chemical Engineering,NA,2213-3437,2026-06-02,NA,els2023crui
Journal of Environmental Economics and Management,NA,0095-0696,2026-06-02,NA,els2023crui
Journal of Environmental Management,NA,0301-4797,2026-06-02,NA,els2023crui
Journal of Environmental Psychology,NA,0272-4944,2026-06-02,NA,els2023crui
Journal of Environmental Radioactivity,NA,0265-931X,2026-06-02,NA,els2023crui
Journal of Environmental Sciences,NA,1001-0742,2026-06-02,NA,els2023crui
Journal of Epidemiology and Population Health,NA,2950-4333,2026-06-02,NA,els2023crui
Journal of Equine Veterinary Science,NA,0737-0806,2026-06-02,NA,els2023crui
Journal of Ethnopharmacology,NA,0378-8741,2026-06-02,NA,els2023crui
Journal of Evidence-Based Dental Practice,NA,1532-3382,2026-06-02,NA,els2023crui
Journal of Exotic Pet Medicine,NA,1557-5063,2026-06-02,NA,els2023crui
Journal of Experimental Child Psychology,NA,0022-0965,2026-06-02,NA,els2023crui
Journal of Experimental Horticulture,NA,3051-1186,2026-06-02,NA,els2023crui
Journal of Experimental Marine Biology and Ecology,NA,0022-0981,2026-06-02,NA,els2023crui
Journal of Experimental Social Psychology,NA,0022-1031,2026-06-02,NA,els2023crui
Journal of Family Business Strategy,NA,1877-8585,2026-06-02,NA,els2023crui
Journal of Financial Economics,NA,0304-405X,2026-06-02,NA,els2023crui
Journal of Financial Intermediation,NA,1042-9573,2026-06-02,NA,els2023crui
Journal of Financial Markets,NA,1386-4181,2026-06-02,NA,els2023crui
Journal of Financial Stability,NA,1572-3089,2026-06-02,NA,els2023crui
Journal of Fluency Disorders,NA,0094-730X,2026-06-02,NA,els2023crui
Journal of Fluids and Structures,NA,0889-9746,2026-06-02,NA,els2023crui
Journal of Fluorine Chemistry,NA,0022-1139,2026-06-02,NA,els2023crui
Journal of Food Composition and Analysis,NA,0889-1575,2026-06-02,NA,els2023crui
Journal of Food Engineering,NA,0260-8774,2026-06-02,NA,els2023crui
Journal of Forensic and Legal Medicine,NA,1752-928X,2026-06-02,NA,els2023crui
Journal of Functional Analysis,NA,0022-1236,2026-06-02,NA,els2023crui
Journal of Gastrointestinal Surgery,NA,1091-255X,2026-06-02,NA,els2023crui
Journal of Genetics and Genomics,NA,1673-8527,2026-06-02,NA,els2023crui
Journal of Geochemical Exploration,NA,0375-6742,2026-06-02,NA,els2023crui
Journal of Geodynamics,NA,0264-3707,2026-06-02,NA,els2023crui
Journal of Geometry and Physics,NA,0393-0440,2026-06-02,NA,els2023crui
Journal of Geriatric Oncology,NA,1879-4068,2026-06-02,NA,els2023crui
Journal of Great Lakes Research,NA,0380-1330,2026-06-02,NA,els2023crui
Journal of Gynecology Obstetrics and Human Reproduction,NA,2468-7847,2026-06-02,NA,els2023crui
Journal of Hand and Microsurgery,NA,0974-3227,2026-06-02,NA,els2023crui
Journal of Hand Therapy,NA,0894-1130,2026-06-02,NA,els2023crui
Journal of Hazardous Materials,NA,0304-3894,2026-06-02,NA,els2023crui
Journal of Health Economics,NA,0167-6296,2026-06-02,NA,els2023crui
Journal of Healthcare Quality Research,NA,2603-6479,2026-06-02,NA,els2023crui
Journal of Hepatology,NA,0168-8278,2026-06-02,NA,els2023crui
Journal of Herbal Medicine,NA,2210-8033,2026-06-02,NA,els2023crui
Journal of High Energy Astrophysics,NA,2214-4048,2026-06-02,NA,els2023crui
Journal of Historical Geography,NA,0305-7488,2026-06-02,NA,els2023crui
Journal of Hospital Infection,NA,0195-6701,2026-06-02,NA,els2023crui
Journal of Hospitality and Tourism Management,NA,1447-6770,2026-06-02,NA,els2023crui
"Journal of Hospitality, Leisure, Sport & Tourism Education",NA,1473-8376,2026-06-02,NA,els2023crui
Journal of Housing Economics,NA,1051-1377,2026-06-02,NA,els2023crui
Journal of Human Evolution,NA,0047-2484,2026-06-02,NA,els2023crui
Journal of Hydro-environment Research,NA,1570-6443,2026-06-02,NA,els2023crui
Journal of Hydrology,NA,0022-1694,2026-06-02,NA,els2023crui
Journal of Immunological Methods,NA,0022-1759,2026-06-02,NA,els2023crui
Journal of Industrial and Engineering Chemistry,NA,1226-086X,2026-06-02,NA,els2023crui
Journal of Industrial Information Integration,NA,2452-414X,2026-06-02,NA,els2023crui
Journal of Infection,NA,0163-4453,2026-06-02,NA,els2023crui
Journal of Information Security and Applications,NA,2214-2126,2026-06-02,NA,els2023crui
Journal of Informetrics,NA,1751-1577,2026-06-02,NA,els2023crui
Journal of Inorganic Biochemistry,NA,0162-0134,2026-06-02,NA,els2023crui
Journal of Insect Physiology,NA,0022-1910,2026-06-02,NA,els2023crui
Journal of Integrative Medicine,NA,2095-4964,2026-06-02,NA,els2023crui
"Journal of International Accounting, Auditing and Taxation",NA,1061-9518,2026-06-02,NA,els2023crui
Journal of International Economics,NA,0022-1996,2026-06-02,NA,els2023crui
"Journal of International Financial Markets, Institutions & Money",NA,1042-4431,2026-06-02,NA,els2023crui
Journal of International Management,NA,1075-4253,2026-06-02,NA,els2023crui
Journal of International Money and Finance,NA,0261-5606,2026-06-02,NA,els2023crui
Journal of Interprofessional Education & Practice,NA,2405-4526,2026-06-02,NA,els2023crui
Journal of Invertebrate Pathology,NA,0022-2011,2026-06-02,NA,els2023crui
Journal of Investigative Dermatology,NA,0022-202X,2026-06-02,NA,els2023crui
Journal of Logical and Algebraic Methods in Programming,NA,2352-2208,2026-06-02,NA,els2023crui
Journal of Loss Prevention in the Process Industries,NA,0950-4230,2026-06-02,NA,els2023crui
Journal of Luminescence,NA,0022-2313,2026-06-02,NA,els2023crui
Journal of Macroeconomics,NA,0164-0704,2026-06-02,NA,els2023crui
Journal of Magnetic Resonance,NA,1090-7807,2026-06-02,NA,els2023crui
Journal of Magnetism and Magnetic Materials,NA,0304-8853,2026-06-02,NA,els2023crui
Journal of Manufacturing Processes,NA,1526-6125,2026-06-02,NA,els2023crui
Journal of Manufacturing Systems,NA,0278-6125,2026-06-02,NA,els2023crui
Journal of Marine Systems,NA,0924-7963,2026-06-02,NA,els2023crui
Journal of Materials Processing Technology,NA,0924-0136,2026-06-02,NA,els2023crui
Journal of Materials Science & Technology,NA,1005-0302,2026-06-02,NA,els2023crui
Journal of Mathematical Analysis and Applications,NA,0022-247X,2026-06-02,NA,els2023crui
Journal of Mathematical Economics,NA,0304-4068,2026-06-02,NA,els2023crui
Journal of Mathematical Psychology,NA,0022-2496,2026-06-02,NA,els2023crui
Journal of Medical Imaging and Radiation Sciences,NA,1939-8654,2026-06-02,NA,els2023crui
Journal of Medical Mycology,NA,1156-5233,2026-06-02,NA,els2023crui
Journal of Membrane Science,NA,0376-7388,2026-06-02,NA,els2023crui
Journal of Memory and Language,NA,0749-596X,2026-06-02,NA,els2023crui
Journal of Microbiological Methods,NA,0167-7012,2026-06-02,NA,els2023crui
Journal of Minimally Invasive Gynecology,NA,1553-4650,2026-06-02,NA,els2023crui
Journal of Molecular and Cellular Cardiology,NA,0022-2828,2026-06-02,NA,els2023crui
Journal of Molecular Biology,NA,0022-2836,2026-06-02,NA,els2023crui
Journal of Molecular Graphics and Modelling,NA,1093-3263,2026-06-02,NA,els2023crui
Journal of Molecular Liquids,NA,0167-7322,2026-06-02,NA,els2023crui
Journal of Molecular Spectroscopy,NA,0022-2852,2026-06-02,NA,els2023crui
Journal of Molecular Structure,NA,0022-2860,2026-06-02,NA,els2023crui
Journal of Monetary Economics,NA,0304-3932,2026-06-02,NA,els2023crui
Journal of Multinational Financial Management,NA,1042-444X,2026-06-02,NA,els2023crui
Journal of Multivariate Analysis,NA,0047-259X,2026-06-02,NA,els2023crui
Journal of Neonatal Nursing,NA,1355-1841,2026-06-02,NA,els2023crui
Journal of Network and Computer Applications,NA,1084-8045,2026-06-02,NA,els2023crui
Journal of Neuroimmunology,NA,0165-5728,2026-06-02,NA,els2023crui
Journal of Neurolinguistics,NA,0911-6044,2026-06-02,NA,els2023crui
Journal of Neuroradiology,NA,0150-9861,2026-06-02,NA,els2023crui
Journal of Neuroscience Methods,NA,0165-0270,2026-06-02,NA,els2023crui
Journal of Non-Crystalline Solids,NA,0022-3093,2026-06-02,NA,els2023crui
Journal of Non-Newtonian Fluid Mechanics,NA,0377-0257,2026-06-02,NA,els2023crui
Journal of Nuclear Cardiology,NA,1071-3581,2026-06-02,NA,els2023crui
Journal of Nuclear Materials,NA,0022-3115,2026-06-02,NA,els2023crui
Journal of Number Theory,NA,0022-314X,2026-06-02,NA,els2023crui
Journal of Nursing Regulation,NA,2155-8256,2026-06-02,NA,els2023crui
Journal of Nutrition Education and Behavior,NA,1499-4046,2026-06-02,NA,els2023crui
Journal of Obsessive-Compulsive and Related Disorders,NA,2211-3649,2026-06-02,NA,els2023crui
"Journal of Obstetric, Gynecologic, & Neonatal Nursing",NA,0884-2175,2026-06-02,NA,els2023crui
Journal of Obstetrics and Gynaecology Canada,NA,1701-2163,2026-06-02,NA,els2023crui
Journal of Oral and Maxillofacial Surgery,NA,0278-2391,2026-06-02,NA,els2023crui
"Journal of Oral and Maxillofacial Surgery, Medicine, and Pathology",NA,2212-5558,2026-06-02,NA,els2023crui
Journal of Oral Biology and Craniofacial Research,NA,2212-4268,2026-06-02,NA,els2023crui
Journal of Oral Biosciences,NA,1349-0079,2026-06-02,NA,els2023crui
Journal of Organometallic Chemistry,NA,0022-328X,2026-06-02,NA,els2023crui
Journal of Orthopaedic Science,NA,0949-2658,2026-06-02,NA,els2023crui
Journal of Orthopaedics,NA,0972-978X,2026-06-02,NA,els2023crui
Journal of Outdoor Recreation and Tourism,NA,2213-0780,2026-06-02,NA,els2023crui
Journal of Pain and Symptom Management,NA,0885-3924,2026-06-02,NA,els2023crui
Journal of Parallel and Distributed Computing,NA,0743-7315,2026-06-02,NA,els2023crui
Journal of Pediatric and Adolescent Gynecology,NA,1083-3188,2026-06-02,NA,els2023crui
Journal of Pediatric Health Care,NA,0891-5245,2026-06-02,NA,els2023crui
Journal of Pediatric Nursing,NA,0882-5963,2026-06-02,NA,els2023crui
Journal of Pediatric Surgery,NA,0022-3468,2026-06-02,NA,els2023crui
Journal of Pediatric Urology,NA,1477-5131,2026-06-02,NA,els2023crui
Journal of PeriAnesthesia Nursing,NA,1089-9472,2026-06-02,NA,els2023crui
Journal of Pharmaceutical and Biomedical Analysis,NA,0731-7085,2026-06-02,NA,els2023crui
Journal of Pharmaceutical Sciences,NA,0022-3549,2026-06-02,NA,els2023crui
Journal of Pharmacological and Toxicological Methods,NA,1056-8719,2026-06-02,NA,els2023crui
Journal of Phonetics,NA,0095-4470,2026-06-02,NA,els2023crui
Journal of Photochemistry and Photobiology A: Chemistry,NA,1010-6030,2026-06-02,NA,els2023crui
Journal of Photochemistry and Photobiology B: Biology,NA,1011-1344,2026-06-02,NA,els2023crui
Journal of Photochemistry and Photobiology C: Photochemistry Reviews,NA,1389-5567,2026-06-02,NA,els2023crui
Journal of Physics and Chemistry of Solids,NA,0022-3697,2026-06-02,NA,els2023crui
Journal of Plant Physiology,NA,0176-1617,2026-06-02,NA,els2023crui
"Journal of Plastic, Reconstructive & Aesthetic Surgery",NA,1748-6815,2026-06-02,NA,els2023crui
Journal of Policy Modeling,NA,0161-8938,2026-06-02,NA,els2023crui
Journal of Power Sources,NA,0378-7753,2026-06-02,NA,els2023crui
Journal of Pragmatics,NA,0378-2166,2026-06-02,NA,els2023crui
Journal of Process Control,NA,0959-1524,2026-06-02,NA,els2023crui
Journal of Professional Nursing,NA,8755-7223,2026-06-02,NA,els2023crui
Journal of Proteomics,NA,1874-3919,2026-06-02,NA,els2023crui
Journal of Psychiatric Research,NA,0022-3956,2026-06-02,NA,els2023crui
Journal of Psychosomatic Research,NA,0022-3999,2026-06-02,NA,els2023crui
Journal of Public Economics,NA,0047-2727,2026-06-02,NA,els2023crui
Journal of Purchasing and Supply Management,NA,1478-4092,2026-06-02,NA,els2023crui
Journal of Pure and Applied Algebra,NA,0022-4049,2026-06-02,NA,els2023crui
Journal of Quantitative Spectroscopy & Radiative Transfer,NA,0022-4073,2026-06-02,NA,els2023crui
Journal of Radiology Nursing,NA,1546-0843,2026-06-02,NA,els2023crui
Journal of Rail Transport Planning & Management,NA,2210-9706,2026-06-02,NA,els2023crui
Journal of Rare Earths,NA,1002-0721,2026-06-02,NA,els2023crui
Journal of Renal Nutrition,NA,1051-2276,2026-06-02,NA,els2023crui
Journal of Reproductive Immunology,NA,0165-0378,2026-06-02,NA,els2023crui
Journal of Research in Personality,NA,0092-6566,2026-06-02,NA,els2023crui
Journal of Retailing,NA,0022-4359,2026-06-02,NA,els2023crui
Journal of Retailing and Consumer Services,NA,0969-6989,2026-06-02,NA,els2023crui
Journal of Rural Studies,NA,0743-0167,2026-06-02,NA,els2023crui
Journal of Safety Research,NA,0022-4375,2026-06-02,NA,els2023crui
Journal of School Psychology,NA,0022-4405,2026-06-02,NA,els2023crui
Journal of Science and Medicine in Sport,NA,1440-2440,2026-06-02,NA,els2023crui
Journal of Second Language Writing,NA,1060-3743,2026-06-02,NA,els2023crui
Journal of Shoulder and Elbow Surgery,NA,1058-2746,2026-06-02,NA,els2023crui
Journal of Solid State Chemistry,NA,0022-4596,2026-06-02,NA,els2023crui
Journal of Sound and Vibration,NA,0022-460X,2026-06-02,NA,els2023crui
Journal of South American Earth Sciences,NA,0895-9811,2026-06-02,NA,els2023crui
Journal of Space Safety Engineering,NA,2468-8967,2026-06-02,NA,els2023crui
Journal of Statistical Planning and Inference,NA,0378-3758,2026-06-02,NA,els2023crui
"Journal of Stomatology, Oral and Maxillofacial Surgery",NA,2468-7855,2026-06-02,NA,els2023crui
Journal of Stored Products Research,NA,0022-474X,2026-06-02,NA,els2023crui
Journal of Strategy & Innovation,NA,3050-7901,2026-06-02,NA,els2023crui
Journal of Stroke & Cerebrovascular Diseases,NA,1052-3057,2026-06-02,NA,els2023crui
Journal of Structural Biology,NA,1047-8477,2026-06-02,NA,els2023crui
Journal of Structural Geology,NA,0191-8141,2026-06-02,NA,els2023crui
Journal of Subatomic Particles and Cosmology,NA,3050-4805,2026-06-02,NA,els2023crui
Journal of Substance Use and Addiction Treatment,NA,2949-8759,2026-06-02,NA,els2023crui
Journal of Surgical Education,NA,1931-7204,2026-06-02,NA,els2023crui
Journal of Surgical Research,NA,0022-4804,2026-06-02,NA,els2023crui
Journal of Sustainable Finance and Accounting,NA,2950-3701,2026-06-02,NA,els2023crui
Journal of Symbolic Computation,NA,0747-7171,2026-06-02,NA,els2023crui
Journal of Systems and Software,NA,0164-1212,2026-06-02,NA,els2023crui
Journal of Systems Architecture,NA,1383-7621,2026-06-02,NA,els2023crui
Journal of the Academy of Consultation-Liaison Psychiatry,NA,2667-2960,2026-06-02,NA,els2023crui
Journal of the Academy of Nutrition and Dietetics,NA,2212-2672,2026-06-02,NA,els2023crui
Journal of the American Academy of Child & Adolescent Psychiatry,NA,0890-8567,2026-06-02,NA,els2023crui
Journal of the American Academy of Dermatology,NA,0190-9622,2026-06-02,NA,els2023crui
Journal of the American College of Radiology,NA,1546-1440,2026-06-02,NA,els2023crui
Journal of the American Medical Directors Association,NA,1525-8610,2026-06-02,NA,els2023crui
Journal of the American Pharmacists Association,NA,1544-3191,2026-06-02,NA,els2023crui
Journal of the American Society of Cytopathology,NA,2213-2945,2026-06-02,NA,els2023crui
Journal of the American Society of Echocardiography,NA,0894-7317,2026-06-02,NA,els2023crui
Journal of the Energy Institute,NA,1743-9671,2026-06-02,NA,els2023crui
Journal of the European Ceramic Society,NA,0955-2219,2026-06-02,NA,els2023crui
Journal of the Franklin Institute,NA,0016-0032,2026-06-02,NA,els2023crui
Journal of the Indian Chemical Society,NA,0019-4522,2026-06-02,NA,els2023crui
Journal of the Japanese and International Economies,NA,0889-1583,2026-06-02,NA,els2023crui
Journal of the Mechanical Behavior of Biomedical Materials,NA,1751-6161,2026-06-02,NA,els2023crui
Journal of the Mechanics and Physics of Solids,NA,0022-5096,2026-06-02,NA,els2023crui
Journal of the National Medical Association,NA,0027-9684,2026-06-02,NA,els2023crui
Journal of the Neurological Sciences,NA,0022-510X,2026-06-02,NA,els2023crui
Journal of the Taiwan Institute of Chemical Engineers,NA,1876-1070,2026-06-02,NA,els2023crui
Journal of the World Federation of Orthodontists,NA,2212-4438,2026-06-02,NA,els2023crui
Journal of Theoretical Biology,NA,0022-5193,2026-06-02,NA,els2023crui
Journal of Thermal Biology,NA,0306-4565,2026-06-02,NA,els2023crui
Journal of Thoracic Oncology,NA,1556-0864,2026-06-02,NA,els2023crui
Journal of Thrombosis and Haemostasis,NA,1538-7836,2026-06-02,NA,els2023crui
Journal of Tissue Viability,NA,0965-206X,2026-06-02,NA,els2023crui
Journal of Trace Elements in Medicine and Biology,NA,0946-672X,2026-06-02,NA,els2023crui
Journal of Transport & Health,NA,2214-1405,2026-06-02,NA,els2023crui
Journal of Transport Geography,NA,0966-6923,2026-06-02,NA,els2023crui
Journal of Urban Economics,NA,0094-1190,2026-06-02,NA,els2023crui
Journal of Vascular and Interventional Radiology,NA,1051-0443,2026-06-02,NA,els2023crui
Journal of Vascular Nursing,NA,1062-0303,2026-06-02,NA,els2023crui
Journal of Vascular Surgery,NA,0741-5214,2026-06-02,NA,els2023crui
Journal of Vascular Surgery: Venous and Lymphatic Disorders,NA,2213-333X,2026-06-02,NA,els2023crui
Journal of Veterinary Behavior,NA,1558-7878,2026-06-02,NA,els2023crui
Journal of Veterinary Cardiology,NA,1760-2734,2026-06-02,NA,els2023crui
Journal of Virological Methods,NA,0166-0934,2026-06-02,NA,els2023crui
Journal of Visceral Surgery,NA,1878-7886,2026-06-02,NA,els2023crui
Journal of Visual Communication and Image Representation,NA,1047-3203,2026-06-02,NA,els2023crui
Journal of Vocational Behavior,NA,0001-8791,2026-06-02,NA,els2023crui
Journal of Voice,NA,0892-1997,2026-06-02,NA,els2023crui
Journal of Volcanology and Geothermal Research,NA,0377-0273,2026-06-02,NA,els2023crui
Journal of Water Process Engineering,NA,2214-7144,2026-06-02,NA,els2023crui
Journal of Web Semantics,NA,1570-8268,2026-06-02,NA,els2023crui
Journal of Wind Engineering and Industrial Aerodynamics,NA,0167-6105,2026-06-02,NA,els2023crui
Journal of World Business,NA,1090-9516,2026-06-02,NA,els2023crui
Kidney International,NA,0085-2538,2026-06-02,NA,els2023crui
"Kinésithérapie, la Revue",NA,1779-0123,2026-06-02,NA,els2023crui
Knowledge-Based Systems,NA,0950-7051,2026-06-02,NA,els2023crui
La Presse Médicale,NA,0755-4982,2026-06-02,NA,els2023crui
La Presse Médicale Formation,NA,2666-4798,2026-06-02,NA,els2023crui
La Revue de Médecine Interne,NA,0248-8663,2026-06-02,NA,els2023crui
Laboratory Investigation,NA,0023-6837,2026-06-02,NA,els2023crui
Labour Economics,NA,0927-5371,2026-06-02,NA,els2023crui
Land Use Policy,NA,0264-8377,2026-06-02,NA,els2023crui
Landscape and Urban Planning,NA,0169-2046,2026-06-02,NA,els2023crui
Language & Communication,NA,0271-5309,2026-06-02,NA,els2023crui
Language Sciences,NA,0388-0001,2026-06-02,NA,els2023crui
L'Anthropologie,NA,0003-5521,2026-06-02,NA,els2023crui
Latin American Transport Studies,NA,2950-0249,2026-06-02,NA,els2023crui
Le Pharmacien Clinicien,NA,2772-9532,2026-06-02,NA,els2023crui
Le Praticien en Anesthésie Réanimation,NA,1279-7960,2026-06-02,NA,els2023crui
Learning and Individual Differences,NA,1041-6080,2026-06-02,NA,els2023crui
Learning and Instruction,NA,0959-4752,2026-06-02,NA,els2023crui
Learning and Motivation,NA,0023-9690,2026-06-02,NA,els2023crui
Learning in Context,NA,3050-578X,2026-06-02,NA,els2023crui
"Learning, Culture and Social Interaction",NA,2210-6561,2026-06-02,NA,els2023crui
Legal Medicine,NA,1344-6223,2026-06-02,NA,els2023crui
L'Encéphale,NA,0013-7006,2026-06-02,NA,els2023crui
Leukemia Research,NA,0145-2126,2026-06-02,NA,els2023crui
L'Évolution Psychiatrique,NA,0014-3855,2026-06-02,NA,els2023crui
Library & Information Science Research,NA,0740-8188,2026-06-02,NA,els2023crui
Life Sciences,NA,0024-3205,2026-06-02,NA,els2023crui
Life Sciences in Space Research,NA,2214-5524,2026-06-02,NA,els2023crui
Limnologica,NA,0075-9511,2026-06-02,NA,els2023crui
Linear Algebra and its Applications,NA,0024-3795,2026-06-02,NA,els2023crui
Lingua,NA,0024-3841,2026-06-02,NA,els2023crui
Linguistics and Education,NA,0898-5898,2026-06-02,NA,els2023crui
Lithos,NA,0024-4937,2026-06-02,NA,els2023crui
Livestock Science,NA,1871-1413,2026-06-02,NA,els2023crui
Long Range Planning,NA,0024-6301,2026-06-02,NA,els2023crui
Lung Cancer,NA,0169-5002,2026-06-02,NA,els2023crui
Magnetic Resonance Imaging,NA,0730-725X,2026-06-02,NA,els2023crui
Management Accounting Research,NA,1044-5005,2026-06-02,NA,els2023crui
Manufacturing Letters,NA,2213-8463,2026-06-02,NA,els2023crui
Marine Chemistry,NA,0304-4203,2026-06-02,NA,els2023crui
Marine Environmental Research,NA,0141-1136,2026-06-02,NA,els2023crui
Marine Genomics,NA,1874-7787,2026-06-02,NA,els2023crui
Marine Geology,NA,0025-3227,2026-06-02,NA,els2023crui
Marine Geoscience and Energy Resources,NA,3117-5775,2026-06-02,NA,els2023crui
Marine Micropaleontology,NA,0377-8398,2026-06-02,NA,els2023crui
Marine Policy,NA,0308-597X,2026-06-02,NA,els2023crui
Marine Pollution Bulletin,NA,0025-326X,2026-06-02,NA,els2023crui
Marine Structures,NA,0951-8339,2026-06-02,NA,els2023crui
Marketing Strategy Journal,NA,2950-3086,2026-06-02,NA,els2023crui
Materialia,NA,2589-1529,2026-06-02,NA,els2023crui
Materials Characterization,NA,1044-5803,2026-06-02,NA,els2023crui
Materials Chemistry and Physics,NA,0254-0584,2026-06-02,NA,els2023crui
Materials Chemistry and Physics: Sustainability and Energy,NA,3050-4716,2026-06-02,NA,els2023crui
Materials Letters,NA,0167-577X,2026-06-02,NA,els2023crui
Materials Research Bulletin,NA,0025-5408,2026-06-02,NA,els2023crui
Materials Science and Engineering: A,NA,0921-5093,2026-06-02,NA,els2023crui
Materials Science and Engineering: B,NA,0921-5107,2026-06-02,NA,els2023crui
Materials Science and Engineering: R: Reports,NA,0927-796X,2026-06-02,NA,els2023crui
Materials Science in Semiconductor Processing,NA,1369-8001,2026-06-02,NA,els2023crui
Materials Today,NA,1369-7021,2026-06-02,NA,els2023crui
Materials Today Chemistry,NA,2468-5194,2026-06-02,NA,els2023crui
Materials Today Communications,NA,2352-4928,2026-06-02,NA,els2023crui
Materials Today Energy,NA,2468-6069,2026-06-02,NA,els2023crui
Materials Today Nano,NA,2588-8420,2026-06-02,NA,els2023crui
Materials Today Physics,NA,2542-5293,2026-06-02,NA,els2023crui
Materials Today Sustainability,NA,2589-2347,2026-06-02,NA,els2023crui
Mathematical Biosciences,NA,0025-5564,2026-06-02,NA,els2023crui
Mathematical Social Sciences,NA,0165-4896,2026-06-02,NA,els2023crui
Mathematics and Computers in Simulation,NA,0378-4754,2026-06-02,NA,els2023crui
Matrix Biology,NA,0945-053X,2026-06-02,NA,els2023crui
Matter,NA,2590-2385,2026-06-02,NA,els2023crui
Maturitas,NA,0378-5122,2026-06-02,NA,els2023crui
Mayo Clinic Proceedings,NA,0025-6196,2026-06-02,NA,els2023crui
Measurement,NA,0263-2241,2026-06-02,NA,els2023crui
Meat Science,NA,0309-1740,2026-06-02,NA,els2023crui
Mechanical Systems and Signal Processing,NA,0888-3270,2026-06-02,NA,els2023crui
Mechanics of Materials,NA,0167-6636,2026-06-02,NA,els2023crui
Mechanics Research Communications,NA,0093-6413,2026-06-02,NA,els2023crui
Mechanism and Machine Theory,NA,0094-114X,2026-06-02,NA,els2023crui
Mechanisms of Ageing and Development,NA,0047-6374,2026-06-02,NA,els2023crui
Mechatronics,NA,0957-4158,2026-06-02,NA,els2023crui
Med,NA,2666-6340,2026-06-02,NA,els2023crui
Médecine & Droit,NA,1246-7391,2026-06-02,NA,els2023crui
Médecine de Catastrophe - Urgences Collectives,NA,1279-8479,2026-06-02,NA,els2023crui
Médecine des Maladies Métaboliques,NA,1957-2557,2026-06-02,NA,els2023crui
Médecine du Sommeil,NA,1769-4493,2026-06-02,NA,els2023crui
Médecine Nucléaire,NA,0928-1258,2026-06-02,NA,els2023crui
Médecine Palliative,NA,1636-6522,2026-06-02,NA,els2023crui
Medical Dosimetry,NA,0958-3947,2026-06-02,NA,els2023crui
Medical Hypotheses,NA,0306-9877,2026-06-02,NA,els2023crui
Medical Image Analysis,NA,1361-8415,2026-06-02,NA,els2023crui
Medicina Clínica,NA,0025-7753,2026-06-02,NA,els2023crui
Medicina Clínica (English Edition),NA,2387-0206,2026-06-02,NA,els2023crui
Medicina de Familia. SEMERGEN,NA,1138-3593,2026-06-02,NA,els2023crui
Medicina Intensiva,NA,0210-5691,2026-06-02,NA,els2023crui
Medicina Intensiva (English Edition),NA,2173-5727,2026-06-02,NA,els2023crui
Mental Health & Prevention,NA,2212-6570,2026-06-02,NA,els2023crui
Mental Health and Physical Activity,NA,1755-2966,2026-06-02,NA,els2023crui
Metabolic Engineering,NA,1096-7176,2026-06-02,NA,els2023crui
Metabolism,NA,0026-0495,2026-06-02,NA,els2023crui
Methods,NA,1046-2023,2026-06-02,NA,els2023crui
Micro and Nanostructures,NA,2773-0123,2026-06-02,NA,els2023crui
Microbial Pathogenesis,NA,0882-4010,2026-06-02,NA,els2023crui
Microbial Risk Analysis,NA,2352-3522,2026-06-02,NA,els2023crui
Microbiological Research,NA,0944-5013,2026-06-02,NA,els2023crui
Microchemical Journal,NA,0026-265X,2026-06-02,NA,els2023crui
Microelectronic Engineering,NA,0167-9317,2026-06-02,NA,els2023crui
Microelectronics Journal,NA,1879-2391,2026-06-02,NA,els2023crui
Microelectronics Reliability,NA,0026-2714,2026-06-02,NA,els2023crui
Micron,NA,0968-4328,2026-06-02,NA,els2023crui
Microporous and Mesoporous Materials,NA,1387-1811,2026-06-02,NA,els2023crui
Microprocessors and Microsystems,NA,0141-9331,2026-06-02,NA,els2023crui
Microvascular Research,NA,0026-2862,2026-06-02,NA,els2023crui
Midwifery,NA,0266-6138,2026-06-02,NA,els2023crui
Minerals Engineering,NA,0892-6875,2026-06-02,NA,els2023crui
Mitochondrion,NA,1567-7249,2026-06-02,NA,els2023crui
Modern Pathology,NA,0893-3952,2026-06-02,NA,els2023crui
Molecular and Biochemical Parasitology,NA,0166-6851,2026-06-02,NA,els2023crui
Molecular and Cellular Endocrinology,NA,0303-7207,2026-06-02,NA,els2023crui
Molecular and Cellular Neuroscience,NA,1044-7431,2026-06-02,NA,els2023crui
Molecular and Cellular Probes,NA,0890-8508,2026-06-02,NA,els2023crui
Molecular Aspects of Medicine,NA,0098-2997,2026-06-02,NA,els2023crui
Molecular Catalysis,NA,2468-8231,2026-06-02,NA,els2023crui
Molecular Cell,NA,1097-2765,2026-06-02,NA,els2023crui
Molecular Genetics and Metabolism,NA,1096-7192,2026-06-02,NA,els2023crui
Molecular Immunology,NA,0161-5890,2026-06-02,NA,els2023crui
Molecular Pharmacology,NA,0026-895X,2026-06-02,NA,els2023crui
Molecular Phylogenetics and Evolution,NA,1055-7903,2026-06-02,NA,els2023crui
Molecular Plant,NA,1674-2052,2026-06-02,NA,els2023crui
Molecular Therapy,NA,1525-0016,2026-06-02,NA,els2023crui
Morphologie,NA,1286-0115,2026-06-02,NA,els2023crui
Motricité Cérébrale,NA,0245-5919,2026-06-02,NA,els2023crui
Multiple Sclerosis and Related Disorders,NA,2211-0348,2026-06-02,NA,els2023crui
Musculoskeletal Science and Practice,NA,2468-7812,2026-06-02,NA,els2023crui
Mutation Research: Fundamental and Molecular Mechanisms of Mutagenesis,NA,1386-1964,2026-06-02,NA,els2023crui
Mutation Research: Genetic Toxicology and Environmental Mutagenesis,NA,1383-5718,2026-06-02,NA,els2023crui
Mutation Research: Reviews in Mutation Research,NA,1383-5742,2026-06-02,NA,els2023crui
Nano Communication Networks,NA,1878-7789,2026-06-02,NA,els2023crui
Nano Energy,NA,2211-2855,2026-06-02,NA,els2023crui
Nano Today,NA,1748-0132,2026-06-02,NA,els2023crui
NanoImpact,NA,2452-0748,2026-06-02,NA,els2023crui
"Nanomedicine: Nanotechnology, Biology and Medicine",NA,1549-9634,2026-06-02,NA,els2023crui
Nano-Structures & Nano-Objects,NA,2352-507X,2026-06-02,NA,els2023crui
NDT & E International,NA,0963-8695,2026-06-02,NA,els2023crui
Neural Networks,NA,0893-6080,2026-06-02,NA,els2023crui
Neurobiology of Aging,NA,0197-4580,2026-06-02,NA,els2023crui
Neurobiology of Learning and Memory,NA,1074-7427,2026-06-02,NA,els2023crui
Neurochemistry International,NA,0197-0186,2026-06-02,NA,els2023crui
Neurochirurgie,NA,0028-3770,2026-06-02,NA,els2023crui
Neurocirugía,NA,1130-1473,2026-06-02,NA,els2023crui
Neurocirugía (English Edition),NA,2529-8496,2026-06-02,NA,els2023crui
Neurocomputing,NA,0925-2312,2026-06-02,NA,els2023crui
Neuromodulation: Technology at the Neural Interface,NA,1094-7159,2026-06-02,NA,els2023crui
Neuromuscular Disorders,NA,0960-8966,2026-06-02,NA,els2023crui
Neuron,NA,0896-6273,2026-06-02,NA,els2023crui
Neuropeptides,NA,0143-4179,2026-06-02,NA,els2023crui
Neuropharmacology,NA,0028-3908,2026-06-02,NA,els2023crui
Neurophysiologie Clinique,NA,0987-7053,2026-06-02,NA,els2023crui
Neuropsychiatrie de l'Enfance et de l'Adolescence,NA,0222-9617,2026-06-02,NA,els2023crui
Neuropsychologia,NA,0028-3932,2026-06-02,NA,els2023crui
Neuroscience,NA,0306-4522,2026-06-02,NA,els2023crui
Neuroscience & Biobehavioral Reviews,NA,0149-7634,2026-06-02,NA,els2023crui
Neuroscience Letters,NA,0304-3940,2026-06-02,NA,els2023crui
Neuroscience Research,NA,0168-0102,2026-06-02,NA,els2023crui
NeuroToxicology,NA,0161-813X,2026-06-02,NA,els2023crui
Neurotoxicology and Teratology,NA,0892-0362,2026-06-02,NA,els2023crui
New Astronomy,NA,1384-1076,2026-06-02,NA,els2023crui
New Astronomy Reviews,NA,1387-6473,2026-06-02,NA,els2023crui
New Ideas in Psychology,NA,0732-118X,2026-06-02,NA,els2023crui
Newton,NA,2950-6360,2026-06-02,NA,els2023crui
Next Research,NA,3050-4759,2026-06-02,NA,els2023crui
Nitric Oxide,NA,1089-8603,2026-06-02,NA,els2023crui
Nonlinear Analysis,NA,0362-546X,2026-06-02,NA,els2023crui
Nonlinear Analysis: Hybrid Systems,NA,1751-570X,2026-06-02,NA,els2023crui
Nonlinear Analysis: Real World Applications,NA,1468-1218,2026-06-02,NA,els2023crui
Nonlinear Science,NA,3050-5178,2026-06-02,NA,els2023crui
NPG Neurologie - Psychiatrie - Gériatrie,NA,1627-4830,2026-06-02,NA,els2023crui
Nuclear Data Sheets,NA,0090-3752,2026-06-02,NA,els2023crui
Nuclear Engineering and Design,NA,0029-5493,2026-06-02,NA,els2023crui
"Nuclear Instruments and Methods in Physics Research Section A: Accelerators, Spectrometers, Detectors and Associated Equipment",NA,0168-9002,2026-06-02,NA,els2023crui
Nuclear Instruments and Methods in Physics Research Section B: Beam Interactions with Materials and Atoms,NA,0168-583X,2026-06-02,NA,els2023crui
Nuclear Medicine and Biology,NA,0969-8051,2026-06-02,NA,els2023crui
Nuclear Physics A,NA,0375-9474,2026-06-02,NA,els2023crui
Nurse Education in Practice,NA,1471-5953,2026-06-02,NA,els2023crui
Nurse Education Today,NA,0260-6917,2026-06-02,NA,els2023crui
Nurse Leader,NA,1541-4612,2026-06-02,NA,els2023crui
Nursing for Women's Health,NA,1751-4851,2026-06-02,NA,els2023crui
Nursing Outlook,NA,0029-6554,2026-06-02,NA,els2023crui
Nutrition,NA,0899-9007,2026-06-02,NA,els2023crui
Nutrition Clinique et Métabolisme,NA,0985-0562,2026-06-02,NA,els2023crui
Nutrition Research,NA,0271-5317,2026-06-02,NA,els2023crui
"Nutrition, Metabolism & Cardiovascular Diseases",NA,0939-4753,2026-06-02,NA,els2023crui
Obesity Medicine,NA,2451-8476,2026-06-02,NA,els2023crui
Obesity Research & Clinical Practice,NA,1871-403X,2026-06-02,NA,els2023crui
Ocean & Coastal Management,NA,0964-5691,2026-06-02,NA,els2023crui
Ocean Engineering,NA,0029-8018,2026-06-02,NA,els2023crui
Ocean Modelling,NA,1463-5003,2026-06-02,NA,els2023crui
Omega,NA,0305-0483,2026-06-02,NA,els2023crui
One Earth,NA,2590-3322,2026-06-02,NA,els2023crui
Online Social Networks and Media,NA,2468-6964,2026-06-02,NA,els2023crui
Operations Research Letters,NA,0167-6377,2026-06-02,NA,els2023crui
"Operations Research, Data Analytics and Logistics",NA,3050-7847,2026-06-02,NA,els2023crui
Operative Techniques in Orthopaedics,NA,1048-6666,2026-06-02,NA,els2023crui
Operative Techniques in Otolaryngology - Head and Neck Surgery,NA,1043-1810,2026-06-02,NA,els2023crui
Operative Techniques in Sports Medicine,NA,1060-1872,2026-06-02,NA,els2023crui
Operative Techniques in Thoracic and Cardiovascular Surgery,NA,1522-2942,2026-06-02,NA,els2023crui
Ophthalmology,NA,0161-6420,2026-06-02,NA,els2023crui
Ophthalmology Glaucoma,NA,2589-4196,2026-06-02,NA,els2023crui
Ophthalmology Retina,NA,2468-6530,2026-06-02,NA,els2023crui
Optical Fiber Technology,NA,1068-5200,2026-06-02,NA,els2023crui
Optical Materials,NA,0925-3467,2026-06-02,NA,els2023crui
Optical Switching and Networking,NA,1573-4277,2026-06-02,NA,els2023crui
Optics & Laser Technology,NA,0030-3992,2026-06-02,NA,els2023crui
Optics and Lasers in Engineering,NA,0143-8166,2026-06-02,NA,els2023crui
Optics Communications,NA,0030-4018,2026-06-02,NA,els2023crui
Optik,NA,0030-4026,2026-06-02,NA,els2023crui
Oral Oncology,NA,1368-8375,2026-06-02,NA,els2023crui
"Oral Surgery, Oral Medicine, Oral Pathology and Oral Radiology",NA,2212-4403,2026-06-02,NA,els2023crui
Ore and Energy Resource Geology,NA,2666-2612,2026-06-02,NA,els2023crui
Organic Electronics,NA,1566-1199,2026-06-02,NA,els2023crui
Organic Geochemistry,NA,0146-6380,2026-06-02,NA,els2023crui
Organizational Behavior and Human Decision Processes,NA,0749-5978,2026-06-02,NA,els2023crui
Organizational Dynamics,NA,0090-2616,2026-06-02,NA,els2023crui
Orthopaedics & Traumatology: Surgery & Research,NA,1877-0568,2026-06-02,NA,els2023crui
Osteoarthritis and Cartilage,NA,1063-4584,2026-06-02,NA,els2023crui
Osteopathische Medizin,NA,1615-9071,2026-06-02,NA,els2023crui
Pacific-Basin Finance Journal,NA,0927-538X,2026-06-02,NA,els2023crui
Paediatric Respiratory Reviews,NA,1526-0542,2026-06-02,NA,els2023crui
Pain Management Nursing,NA,1524-9042,2026-06-02,NA,els2023crui
"Palaeogeography, Palaeoclimatology, Palaeoecology",NA,0031-0182,2026-06-02,NA,els2023crui
Palaeoworld,NA,1871-174X,2026-06-02,NA,els2023crui
Pancreatology,NA,1424-3903,2026-06-02,NA,els2023crui
Parallel Computing,NA,0167-8191,2026-06-02,NA,els2023crui
Parasitology International,NA,1383-5769,2026-06-02,NA,els2023crui
Parkinsonism & Related Disorders,NA,1353-8020,2026-06-02,NA,els2023crui
Particuology,NA,1674-2001,2026-06-02,NA,els2023crui
Pathology,NA,0031-3025,2026-06-02,NA,els2023crui
Pathology - Research and Practice,NA,0344-0338,2026-06-02,NA,els2023crui
Patient Education and Counseling,NA,0738-3991,2026-06-02,NA,els2023crui
Pattern Recognition,NA,0031-3203,2026-06-02,NA,els2023crui
Pattern Recognition Letters,NA,0167-8655,2026-06-02,NA,els2023crui
Peace and Sustainability,NA,2950-6425,2026-06-02,NA,els2023crui
Pediatric Dental Journal,NA,0917-2394,2026-06-02,NA,els2023crui
Pediatric Neurology,NA,0887-8994,2026-06-02,NA,els2023crui
Pedobiologia,NA,0031-4056,2026-06-02,NA,els2023crui
Peptides,NA,0196-9781,2026-06-02,NA,els2023crui
Perfectionnement en Pédiatrie,NA,2588-932X,2026-06-02,NA,els2023crui
Performance Enhancement & Health,NA,2211-2669,2026-06-02,NA,els2023crui
Performance Evaluation,NA,0166-5316,2026-06-02,NA,els2023crui
Perioperative Care and Operating Room Management,NA,2405-6030,2026-06-02,NA,els2023crui
Personality and Individual Differences,NA,0191-8869,2026-06-02,NA,els2023crui
Personalized Medicine in Psychiatry,NA,2468-1717,2026-06-02,NA,els2023crui
"Perspectives in Plant Ecology, Evolution and Systematics",NA,1433-8319,2026-06-02,NA,els2023crui
Pervasive and Mobile Computing,NA,1574-1192,2026-06-02,NA,els2023crui
Pesticide Biochemistry and Physiology,NA,0048-3575,2026-06-02,NA,els2023crui
Pharmacological Research,NA,1043-6618,2026-06-02,NA,els2023crui
Pharmacological Research - Natural Products,NA,2950-1997,2026-06-02,NA,els2023crui
Pharmacological Research - Reports,NA,2950-2004,2026-06-02,NA,els2023crui
Pharmacological Reviews,NA,0031-6997,2026-06-02,NA,els2023crui
Pharmacology & Therapeutics,NA,0163-7258,2026-06-02,NA,els2023crui
Pharmacology Biochemistry and Behavior,NA,0091-3057,2026-06-02,NA,els2023crui
PharmaNutrition,NA,2213-4344,2026-06-02,NA,els2023crui
Photodiagnosis and Photodynamic Therapy,NA,1572-1000,2026-06-02,NA,els2023crui
Photonics and Nanostructures - Fundamentals and Applications,NA,1569-4410,2026-06-02,NA,els2023crui
Physica A: Statistical Mechanics and its Applications,NA,0378-4371,2026-06-02,NA,els2023crui
Physica B: Condensed Matter,NA,0921-4526,2026-06-02,NA,els2023crui
Physica C: Superconductivity and its Applications,NA,0921-4534,2026-06-02,NA,els2023crui
Physica D: Nonlinear Phenomena,NA,0167-2789,2026-06-02,NA,els2023crui
Physica E: Low-Dimensional Systems and Nanostructures,NA,1386-9477,2026-06-02,NA,els2023crui
Physica Medica,NA,1120-1797,2026-06-02,NA,els2023crui
Physical Communication,NA,1874-4907,2026-06-02,NA,els2023crui
Physical Therapy in Sport,NA,1466-853X,2026-06-02,NA,els2023crui
"Physics and Chemistry of the Earth, Parts A/B/C",NA,1474-7065,2026-06-02,NA,els2023crui
Physics Letters A,NA,0375-9601,2026-06-02,NA,els2023crui
Physics of Life Reviews,NA,1571-0645,2026-06-02,NA,els2023crui
Physics of the Dark Universe,NA,2212-6864,2026-06-02,NA,els2023crui
Physics of the Earth and Planetary Interiors,NA,0031-9201,2026-06-02,NA,els2023crui
Physics Reports,NA,0370-1573,2026-06-02,NA,els2023crui
Physiological and Molecular Plant Pathology,NA,0885-5765,2026-06-02,NA,els2023crui
Physiology & Behavior,NA,0031-9384,2026-06-02,NA,els2023crui
Physiotherapy,NA,0031-9406,2026-06-02,NA,els2023crui
Phytochemistry,NA,0031-9422,2026-06-02,NA,els2023crui
Phytochemistry Letters,NA,1874-3900,2026-06-02,NA,els2023crui
Phytomedicine,NA,0944-7113,2026-06-02,NA,els2023crui
Piel,NA,0213-9251,2026-06-02,NA,els2023crui
Placenta,NA,0143-4004,2026-06-02,NA,els2023crui
Planetary and Space Science,NA,0032-0633,2026-06-02,NA,els2023crui
Plant Gene,NA,2352-4073,2026-06-02,NA,els2023crui
Plant Physiology and Biochemistry,NA,0981-9428,2026-06-02,NA,els2023crui
Plant Research,NA,3117-5821,2026-06-02,NA,els2023crui
Plant Science,NA,0168-9452,2026-06-02,NA,els2023crui
Plasmid,NA,0147-619X,2026-06-02,NA,els2023crui
Poetics,NA,0304-422X,2026-06-02,NA,els2023crui
Polar Science,NA,1873-9652,2026-06-02,NA,els2023crui
Political Geography,NA,0962-6298,2026-06-02,NA,els2023crui
Polyhedron,NA,0277-5387,2026-06-02,NA,els2023crui
Polymer,NA,0032-3861,2026-06-02,NA,els2023crui
Polymer Degradation and Stability,NA,0141-3910,2026-06-02,NA,els2023crui
Postharvest Biology and Technology,NA,0925-5214,2026-06-02,NA,els2023crui
Powder Technology,NA,0032-5910,2026-06-02,NA,els2023crui
Practical Radiation Oncology,NA,1879-8500,2026-06-02,NA,els2023crui
Pratique Neurologique - FMC,NA,1878-7762,2026-06-02,NA,els2023crui
Pratiques Psychologiques,NA,1269-1763,2026-06-02,NA,els2023crui
Precambrian Research,NA,0301-9268,2026-06-02,NA,els2023crui
Precision Engineering,NA,0141-6359,2026-06-02,NA,els2023crui
Pregnancy Hypertension,NA,2210-7789,2026-06-02,NA,els2023crui
Preventive Medicine,NA,0091-7435,2026-06-02,NA,els2023crui
Preventive Veterinary Medicine,NA,0167-5877,2026-06-02,NA,els2023crui
Primary Care Diabetes,NA,1751-9918,2026-06-02,NA,els2023crui
Probabilistic Engineering Mechanics,NA,0266-8920,2026-06-02,NA,els2023crui
Proceedings of the Combustion Institute,NA,1540-7489,2026-06-02,NA,els2023crui
Proceedings of the Geologists' Association,NA,0016-7878,2026-06-02,NA,els2023crui
Process Biochemistry,NA,1359-5113,2026-06-02,NA,els2023crui
Process Safety and Environmental Protection,NA,0957-5820,2026-06-02,NA,els2023crui
Progress in Aerospace Sciences,NA,0376-0421,2026-06-02,NA,els2023crui
Progress in Biophysics & Molecular Biology,NA,0079-6107,2026-06-02,NA,els2023crui
Progress in Cardiovascular Diseases,NA,0033-0620,2026-06-02,NA,els2023crui
Progress in Economic Geography,NA,2949-6942,2026-06-02,NA,els2023crui
Progress in Energy and Combustion Science,NA,0360-1285,2026-06-02,NA,els2023crui
Progress in Engineering Science,NA,2950-4252,2026-06-02,NA,els2023crui
Progress in Lipid Research,NA,0163-7827,2026-06-02,NA,els2023crui
Progress in Materials Science,NA,0079-6425,2026-06-02,NA,els2023crui
Progress in Natural Science: Materials International,NA,1002-0071,2026-06-02,NA,els2023crui
Progress in Neurobiology,NA,0301-0082,2026-06-02,NA,els2023crui
Progress in Neuro-Psychopharmacology & Biological Psychiatry,NA,0278-5846,2026-06-02,NA,els2023crui
Progress in Nuclear Energy,NA,0149-1970,2026-06-02,NA,els2023crui
Progress in Nuclear Magnetic Resonance Spectroscopy,NA,0079-6565,2026-06-02,NA,els2023crui
Progress in Oceanography,NA,0079-6611,2026-06-02,NA,els2023crui
Progress in Organic Coatings,NA,0300-9440,2026-06-02,NA,els2023crui
Progress in Particle and Nuclear Physics,NA,0146-6410,2026-06-02,NA,els2023crui
Progress in Pediatric Cardiology,NA,1058-9813,2026-06-02,NA,els2023crui
Progress in Planning,NA,0305-9006,2026-06-02,NA,els2023crui
Progress in Polymer Science,NA,0079-6700,2026-06-02,NA,els2023crui
Progress in Quantum Electronics,NA,0079-6727,2026-06-02,NA,els2023crui
Progress in Retinal and Eye Research,NA,1350-9462,2026-06-02,NA,els2023crui
Progress in Solid State Chemistry,NA,0079-6786,2026-06-02,NA,els2023crui
Progress in Surface Science,NA,0079-6816,2026-06-02,NA,els2023crui
Prostaglandins & Other Lipid Mediators,NA,1098-8823,2026-06-02,NA,els2023crui
"Prostaglandins, Leukotrienes & Essential Fatty Acids",NA,0952-3278,2026-06-02,NA,els2023crui
Protein Expression and Purification,NA,1046-5928,2026-06-02,NA,els2023crui
Protist,NA,1434-4610,2026-06-02,NA,els2023crui
Psiquiatría Biológica,NA,1134-5934,2026-06-02,NA,els2023crui
Psychiatry Research,NA,0165-1781,2026-06-02,NA,els2023crui
Psychiatry Research: Neuroimaging,NA,0925-4927,2026-06-02,NA,els2023crui
Psychologie du Travail et des Organisations,NA,1420-2530,2026-06-02,NA,els2023crui
Psychology of Sport and Exercise,NA,1469-0292,2026-06-02,NA,els2023crui
Psychoneuroendocrinology,NA,0306-4530,2026-06-02,NA,els2023crui
Public Health,NA,0033-3506,2026-06-02,NA,els2023crui
Public Relations Review,NA,0363-8111,2026-06-02,NA,els2023crui
Pulmonary Pharmacology & Therapeutics,NA,1094-5539,2026-06-02,NA,els2023crui
Quaternary Geochronology,NA,1871-1014,2026-06-02,NA,els2023crui
Quaternary International,NA,1040-6182,2026-06-02,NA,els2023crui
Quaternary Science Reviews,NA,0277-3791,2026-06-02,NA,els2023crui
Radiation Measurements,NA,1350-4487,2026-06-02,NA,els2023crui
Radiation Physics and Chemistry,NA,0969-806X,2026-06-02,NA,els2023crui
Radiography,NA,1078-8174,2026-06-02,NA,els2023crui
Radiología,NA,0033-8338,2026-06-02,NA,els2023crui
Radiología (English Edition),NA,2173-5107,2026-06-02,NA,els2023crui
Radiotherapy & Oncology,NA,0167-8140,2026-06-02,NA,els2023crui
Rangeland Ecology & Management,NA,1550-7424,2026-06-02,NA,els2023crui
Rangelands,NA,0190-0528,2026-06-02,NA,els2023crui
Reactive and Functional Polymers,NA,1381-5148,2026-06-02,NA,els2023crui
REC: CardioClinics,NA,2605-1532,2026-06-02,NA,els2023crui
Regional Science and Urban Economics,NA,0166-0462,2026-06-02,NA,els2023crui
Regional Studies in Marine Science,NA,2352-4855,2026-06-02,NA,els2023crui
Regulatory Toxicology and Pharmacology,NA,0273-2300,2026-06-02,NA,els2023crui
Rehabilitación,NA,0048-7120,2026-06-02,NA,els2023crui
Reliability Engineering & System Safety,NA,0951-8320,2026-06-02,NA,els2023crui
Remote Sensing Applications: Society and Environment,NA,2352-9385,2026-06-02,NA,els2023crui
Remote Sensing of Environment,NA,0034-4257,2026-06-02,NA,els2023crui
Renewable & Sustainable Energy Reviews,NA,1364-0321,2026-06-02,NA,els2023crui
Renewable Energy,NA,0960-1481,2026-06-02,NA,els2023crui
Renewable Energy Focus,NA,1755-0084,2026-06-02,NA,els2023crui
Reproductive Biology,NA,1642-431X,2026-06-02,NA,els2023crui
Reproductive BioMedicine Online,NA,1472-6483,2026-06-02,NA,els2023crui
Reproductive Toxicology,NA,0890-6238,2026-06-02,NA,els2023crui
Research in Autism,NA,3050-6565,2026-06-02,NA,els2023crui
Research in Developmental Disabilities,NA,0891-4222,2026-06-02,NA,els2023crui
Research in Economics,NA,1090-9443,2026-06-02,NA,els2023crui
Research in International Business and Finance,NA,0275-5319,2026-06-02,NA,els2023crui
Research in Neurodiversity,NA,3050-5798,2026-06-02,NA,els2023crui
Research in Organizational Behavior,NA,0191-3085,2026-06-02,NA,els2023crui
Research in Social and Administrative Pharmacy,NA,1551-7411,2026-06-02,NA,els2023crui
Research in Social Stratification and Mobility,NA,0276-5624,2026-06-02,NA,els2023crui
Research in Transportation Business & Management,NA,2210-5395,2026-06-02,NA,els2023crui
Research in Transportation Economics,NA,0739-8859,2026-06-02,NA,els2023crui
Research in Veterinary Science,NA,0034-5288,2026-06-02,NA,els2023crui
Research Methods in Applied Linguistics,NA,2772-7661,2026-06-02,NA,els2023crui
Research Policy,NA,0048-7333,2026-06-02,NA,els2023crui
Resource and Energy Economics,NA,0928-7655,2026-06-02,NA,els2023crui
Resources Policy,NA,0301-4207,2026-06-02,NA,els2023crui
"Resources, Conservation & Recycling",NA,0921-3449,2026-06-02,NA,els2023crui
Respiratory Investigation,NA,2212-5345,2026-06-02,NA,els2023crui
Respiratory Medicine,NA,0954-6111,2026-06-02,NA,els2023crui
Respiratory Medicine and Research,NA,2590-0412,2026-06-02,NA,els2023crui
Respiratory Physiology & Neurobiology,NA,1569-9048,2026-06-02,NA,els2023crui
Resuscitation,NA,0300-9572,2026-06-02,NA,els2023crui
Reumatología Clínica,NA,1699-258X,2026-06-02,NA,els2023crui
Reumatología Clínica (English Edition),NA,2173-5743,2026-06-02,NA,els2023crui
Review of Economic Dynamics,NA,1094-2025,2026-06-02,NA,els2023crui
Review of Palaeobotany and Palynology,NA,0034-6667,2026-06-02,NA,els2023crui
Revista Clínica Española,NA,0014-2565,2026-06-02,NA,els2023crui
Revista Clínica Española (English Edition),NA,2254-8874,2026-06-02,NA,els2023crui
Revista Colombiana de Reumatología,NA,0121-8123,2026-06-02,NA,els2023crui
Revista Colombiana de Reumatología (English Edition),NA,2444-4405,2026-06-02,NA,els2023crui
"Revista de Logopedia, Foniatría y Audiología",NA,0214-4603,2026-06-02,NA,els2023crui
Revista de Psicodidáctica,NA,1136-1034,2026-06-02,NA,els2023crui
Revista de Psicodidáctica (English Edition),NA,2530-3805,2026-06-02,NA,els2023crui
Revista de Senología y Patología Mamaria,NA,0214-1582,2026-06-02,NA,els2023crui
Revista Española de Anestesiología y Reanimación,NA,0034-9356,2026-06-02,NA,els2023crui
Revista Española de Anestesiología y Reanimación (English Edition),NA,2341-1929,2026-06-02,NA,els2023crui
Revista Española de Cardiología,NA,0300-8932,2026-06-02,NA,els2023crui
Revista Española de Cardiología (English Edition),NA,1885-5857,2026-06-02,NA,els2023crui
Revista Española de Geriatría y Gerontología,NA,0211-139X,2026-06-02,NA,els2023crui
Revista Española de Medicina Legal,NA,0377-4732,2026-06-02,NA,els2023crui
Revista Española de Medicina Nuclear e Imagen Molecular,NA,2253-654X,2026-06-02,NA,els2023crui
Revista Española de Medicina Nuclear e Imagen Molecular (English Edition),NA,2253-8089,2026-06-02,NA,els2023crui
Revista Española de Patología,NA,1699-8855,2026-06-02,NA,els2023crui
Revista Iberoamericana de Micología,NA,1130-1406,2026-06-02,NA,els2023crui
Revue de Chirurgie Orthopédique et Traumatologique,NA,1877-0517,2026-06-02,NA,els2023crui
Revue de Micropaléontologie,NA,0035-1598,2026-06-02,NA,els2023crui
Revue du Rhumatisme,NA,1169-8330,2026-06-02,NA,els2023crui
Revue Française d'Allergologie,NA,1877-0320,2026-06-02,NA,els2023crui
Revue Neurologique,NA,0035-3787,2026-06-02,NA,els2023crui
Rhizosphere,NA,2452-2198,2026-06-02,NA,els2023crui
Robotics and Autonomous Systems,NA,0921-8890,2026-06-02,NA,els2023crui
Robotics and Computer-Integrated Manufacturing,NA,0736-5845,2026-06-02,NA,els2023crui
Safety Science,NA,0925-7535,2026-06-02,NA,els2023crui
Sages-Femmes,NA,1637-4088,2026-06-02,NA,els2023crui
Scandinavian Journal of Management,NA,0956-5221,2026-06-02,NA,els2023crui
Schizophrenia Research,NA,0920-9964,2026-06-02,NA,els2023crui
Science & Justice,NA,1355-0306,2026-06-02,NA,els2023crui
Science & Sports,NA,0765-1597,2026-06-02,NA,els2023crui
Science Bulletin,NA,2095-9273,2026-06-02,NA,els2023crui
Science of Computer Programming,NA,0167-6423,2026-06-02,NA,els2023crui
Science of the Total Environment,NA,0048-9697,2026-06-02,NA,els2023crui
Scientia Horticulturae,NA,0304-4238,2026-06-02,NA,els2023crui
Scripta Materialia,NA,1359-6462,2026-06-02,NA,els2023crui
Sedimentary Geology,NA,0037-0738,2026-06-02,NA,els2023crui
Seizure: European Journal of Epilepsy,NA,1059-1311,2026-06-02,NA,els2023crui
Seminars in Arthritis and Rheumatism,NA,0049-0172,2026-06-02,NA,els2023crui
Seminars in Arthroplasty: JSES,NA,1045-4527,2026-06-02,NA,els2023crui
Seminars in Cancer Biology,NA,1044-579X,2026-06-02,NA,els2023crui
Seminars in Cell and Developmental Biology,NA,1084-9521,2026-06-02,NA,els2023crui
Seminars in Colon and Rectal Surgery,NA,1043-1489,2026-06-02,NA,els2023crui
Seminars in Diagnostic Pathology,NA,0740-2570,2026-06-02,NA,els2023crui
Seminars in Fetal & Neonatal Medicine,NA,1744-165X,2026-06-02,NA,els2023crui
Seminars in Hematology,NA,0037-1963,2026-06-02,NA,els2023crui
Seminars in Immunology,NA,1044-5323,2026-06-02,NA,els2023crui
Seminars in Nephrology,NA,0270-9295,2026-06-02,NA,els2023crui
Seminars in Nuclear Medicine,NA,0001-2998,2026-06-02,NA,els2023crui
Seminars in Oncology,NA,0093-7754,2026-06-02,NA,els2023crui
Seminars in Oncology Nursing,NA,0749-2081,2026-06-02,NA,els2023crui
Seminars in Orthodontics,NA,1073-8746,2026-06-02,NA,els2023crui
Seminars in Pediatric Neurology,NA,1071-9091,2026-06-02,NA,els2023crui
Seminars in Pediatric Surgery,NA,1055-8586,2026-06-02,NA,els2023crui
Seminars in Perinatology,NA,0146-0005,2026-06-02,NA,els2023crui
Seminars in Radiation Oncology,NA,1053-4296,2026-06-02,NA,els2023crui
Seminars in Roentgenology,NA,0037-198X,2026-06-02,NA,els2023crui
Seminars in Spine Surgery,NA,1040-7383,2026-06-02,NA,els2023crui
Seminars in Thoracic and Cardiovascular Surgery,NA,1043-0679,2026-06-02,NA,els2023crui
Seminars in Thoracic and Cardiovascular Surgery: Pediatric Cardiac Surgery Annual,NA,1092-9126,2026-06-02,NA,els2023crui
"Seminars in Ultrasound, CT and MRI",NA,0887-2171,2026-06-02,NA,els2023crui
Seminars in Vascular Surgery,NA,0895-7967,2026-06-02,NA,els2023crui
Sensors and Actuators A: Physical,NA,0924-4247,2026-06-02,NA,els2023crui
Sensors and Actuators B: Chemical,NA,0925-4005,2026-06-02,NA,els2023crui
Separation and Purification Technology,NA,1383-5866,2026-06-02,NA,els2023crui
Sexual & Reproductive Healthcare,NA,1877-5756,2026-06-02,NA,els2023crui
Signal Processing,NA,0165-1684,2026-06-02,NA,els2023crui
Signal Processing: Image Communication,NA,0923-5965,2026-06-02,NA,els2023crui
Simulation Modelling Practice and Theory,NA,1569-190X,2026-06-02,NA,els2023crui
Slavic Literatures,NA,2950-3965,2026-06-02,NA,els2023crui
Sleep Health,NA,2352-7218,2026-06-02,NA,els2023crui
Sleep Medicine,NA,1389-9457,2026-06-02,NA,els2023crui
Sleep Medicine Reviews,NA,1087-0792,2026-06-02,NA,els2023crui
Small Ruminant Research,NA,0921-4488,2026-06-02,NA,els2023crui
Smart Health,NA,2352-6483,2026-06-02,NA,els2023crui
Social Networks,NA,0378-8733,2026-06-02,NA,els2023crui
Social Science & Medicine,NA,0277-9536,2026-06-02,NA,els2023crui
Social Science Research,NA,0049-089X,2026-06-02,NA,els2023crui
Socio-Economic Planning Sciences,NA,0038-0121,2026-06-02,NA,els2023crui
Soil & Tillage Research,NA,0167-1987,2026-06-02,NA,els2023crui
Soil Biology & Biochemistry,NA,0038-0717,2026-06-02,NA,els2023crui
Soil Dynamics and Earthquake Engineering,NA,0267-7261,2026-06-02,NA,els2023crui
Solar Energy,NA,0038-092X,2026-06-02,NA,els2023crui
Solar Energy Materials and Solar Cells,NA,0927-0248,2026-06-02,NA,els2023crui
Solid State Communications,NA,0038-1098,2026-06-02,NA,els2023crui
Solid State Ionics,NA,0167-2738,2026-06-02,NA,els2023crui
Solid State Nuclear Magnetic Resonance,NA,0926-2040,2026-06-02,NA,els2023crui
Solid State Sciences,NA,1293-2558,2026-06-02,NA,els2023crui
Solid-State Electronics,NA,0038-1101,2026-06-02,NA,els2023crui
South African Journal of Botany,NA,0254-6299,2026-06-02,NA,els2023crui
Space Policy,NA,0265-9646,2026-06-02,NA,els2023crui
Spanish Journal of Legal Medicine,NA,2445-4249,2026-06-02,NA,els2023crui
Spanish Journal of Psychiatry and Mental Health,NA,2950-2853,2026-06-02,NA,els2023crui
Spatial and Spatio-temporal Epidemiology,NA,1877-5845,2026-06-02,NA,els2023crui
Spatial Statistics,NA,2211-6753,2026-06-02,NA,els2023crui
Spectrochimica Acta Part A: Molecular and Biomolecular Spectroscopy,NA,1386-1425,2026-06-02,NA,els2023crui
Spectrochimica Acta Part B: Atomic Spectroscopy,NA,0584-8547,2026-06-02,NA,els2023crui
Speech Communication,NA,0167-6393,2026-06-02,NA,els2023crui
Sports Economics Review,NA,2773-1618,2026-06-02,NA,els2023crui
Sports Orthopaedics and Traumatology,NA,0949-328X,2026-06-02,NA,els2023crui
Statistics & Probability Letters,NA,0167-7152,2026-06-02,NA,els2023crui
Steroids,NA,0039-128X,2026-06-02,NA,els2023crui
Stochastic Processes and their Applications,NA,0304-4149,2026-06-02,NA,els2023crui
Strategic Business Research,NA,3051-0643,2026-06-02,NA,els2023crui
Structural Change and Economic Dynamics,NA,0954-349X,2026-06-02,NA,els2023crui
Structural Safety,NA,0167-4730,2026-06-02,NA,els2023crui
Structure,NA,0969-2126,2026-06-02,NA,els2023crui
Structures,NA,2352-0124,2026-06-02,NA,els2023crui
Studies in Educational Evaluation,NA,0191-491X,2026-06-02,NA,els2023crui
Studies in History and Philosophy of Science,NA,0039-3681,2026-06-02,NA,els2023crui
Surface and Coatings Technology,NA,0257-8972,2026-06-02,NA,els2023crui
Surface Science,NA,0039-6028,2026-06-02,NA,els2023crui
Surface Science Reports,NA,0167-5729,2026-06-02,NA,els2023crui
Surfaces and Interfaces,NA,2468-0230,2026-06-02,NA,els2023crui
Surgery,NA,0039-6060,2026-06-02,NA,els2023crui
Surgery for Obesity and Related Diseases,NA,1550-7289,2026-06-02,NA,els2023crui
Surgical Oncology,NA,0960-7404,2026-06-02,NA,els2023crui
Survey of Ophthalmology,NA,0039-6257,2026-06-02,NA,els2023crui
Sustainable Chemistry and Pharmacy,NA,2352-5541,2026-06-02,NA,els2023crui
Sustainable Chemistry One World,NA,2950-3574,2026-06-02,NA,els2023crui
Sustainable Cities and Society,NA,2210-6707,2026-06-02,NA,els2023crui
Sustainable Computing: Informatics and Systems,NA,2210-5379,2026-06-02,NA,els2023crui
Sustainable Energy Technologies and Assessments,NA,2213-1388,2026-06-02,NA,els2023crui
"Sustainable Energy, Grids and Networks",NA,2352-4677,2026-06-02,NA,els2023crui
Sustainable Materials and Technologies,NA,2214-9937,2026-06-02,NA,els2023crui
Sustainable Production and Consumption,NA,2352-5509,2026-06-02,NA,els2023crui
Swarm and Evolutionary Computation,NA,2210-6502,2026-06-02,NA,els2023crui
Synthetic Metals,NA,0379-6779,2026-06-02,NA,els2023crui
System,NA,0346-251X,2026-06-02,NA,els2023crui
Systematic and Applied Microbiology,NA,0723-2020,2026-06-02,NA,els2023crui
Systems & Control Letters,NA,0167-6911,2026-06-02,NA,els2023crui
Systems Ethnopharmacology and Sustainable Bioresources,NA,3117-5767,2026-06-02,NA,els2023crui
Talanta,NA,0039-9140,2026-06-02,NA,els2023crui
Teaching and Learning in Nursing,NA,1557-3087,2026-06-02,NA,els2023crui
Teaching and Teacher Education,NA,0742-051X,2026-06-02,NA,els2023crui
Techniques and Innovations in Gastrointestinal Endoscopy,NA,2590-0307,2026-06-02,NA,els2023crui
Techniques in Vascular and Interventional Radiology,NA,1089-2516,2026-06-02,NA,els2023crui
Technological Forecasting and Social Change,NA,0040-1625,2026-06-02,NA,els2023crui
Technology in Society,NA,0160-791X,2026-06-02,NA,els2023crui
Technovation,NA,0166-4972,2026-06-02,NA,els2023crui
Tectonophysics,NA,0040-1951,2026-06-02,NA,els2023crui
Telecommunications Policy,NA,0308-5961,2026-06-02,NA,els2023crui
Telematics and Informatics,NA,0736-5853,2026-06-02,NA,els2023crui
Tetrahedron,NA,0040-4020,2026-06-02,NA,els2023crui
Tetrahedron Letters,NA,0040-4039,2026-06-02,NA,els2023crui
The American Journal of Cardiology,NA,0002-9149,2026-06-02,NA,els2023crui
The American Journal of Clinical Nutrition,NA,0002-9165,2026-06-02,NA,els2023crui
The American Journal of Geriatric Psychiatry,NA,1064-7481,2026-06-02,NA,els2023crui
The American Journal of Human Genetics,NA,0002-9297,2026-06-02,NA,els2023crui
The American Journal of Medicine,NA,0002-9343,2026-06-02,NA,els2023crui
The American Journal of Pathology,NA,0002-9440,2026-06-02,NA,els2023crui
The American Journal of Surgery,NA,0002-9610,2026-06-02,NA,els2023crui
The American Journal of the Medical Sciences,NA,0002-9629,2026-06-02,NA,els2023crui
The Annals of Thoracic Surgery,NA,0003-4975,2026-06-02,NA,els2023crui
The Arts in Psychotherapy,NA,0197-4556,2026-06-02,NA,els2023crui
The British Accounting Review,NA,0890-8389,2026-06-02,NA,els2023crui
The Egyptian Rheumatologist,NA,1110-1164,2026-06-02,NA,els2023crui
The Electricity Journal,NA,1040-6190,2026-06-02,NA,els2023crui
The European Journal of Psychiatry,NA,0213-6163,2026-06-02,NA,els2023crui
The Extractive Industries and Society,NA,2214-790X,2026-06-02,NA,els2023crui
The Foot,NA,0958-2592,2026-06-02,NA,els2023crui
The French Journal of Urology,NA,2950-3930,2026-06-02,NA,els2023crui
The International Journal of Biochemistry & Cell Biology,NA,1357-2725,2026-06-02,NA,els2023crui
The International Journal of Management Education,NA,1472-8117,2026-06-02,NA,els2023crui
The Internet and Higher Education,NA,1096-7516,2026-06-02,NA,els2023crui
The Joint Commission Journal on Quality and Patient Safety,NA,1553-7250,2026-06-02,NA,els2023crui
The Journal for Nurse Practitioners,NA,1555-4155,2026-06-02,NA,els2023crui
The Journal of Academic Librarianship,NA,0099-1333,2026-06-02,NA,els2023crui
The Journal of Allergy and Clinical Immunology: In Practice,NA,2213-2198,2026-06-02,NA,els2023crui
The Journal of Chemical Thermodynamics,NA,0021-9614,2026-06-02,NA,els2023crui
The Journal of Economic Asymmetries,NA,1703-4949,2026-06-02,NA,els2023crui
The Journal of Emergency Medicine,NA,0736-4679,2026-06-02,NA,els2023crui
The Journal of Foot & Ankle Surgery,NA,1067-2516,2026-06-02,NA,els2023crui
The Journal of Hand Surgery,NA,0363-5023,2026-06-02,NA,els2023crui
The Journal of Heart and Lung Transplantation,NA,1053-2498,2026-06-02,NA,els2023crui
The Journal of Mathematical Behavior,NA,0732-3123,2026-06-02,NA,els2023crui
The Journal of Molecular Diagnostics,NA,1525-1578,2026-06-02,NA,els2023crui
The Journal of Nutrition,NA,0022-3166,2026-06-02,NA,els2023crui
The Journal of Nutritional Biochemistry,NA,0955-2863,2026-06-02,NA,els2023crui
The Journal of Pain,NA,1526-5900,2026-06-02,NA,els2023crui
The Journal of Pediatrics,NA,0022-3476,2026-06-02,NA,els2023crui
The Journal of Pharmacology and Experimental Therapeutics,NA,0022-3565,2026-06-02,NA,els2023crui
The Journal of Prosthetic Dentistry,NA,0022-3913,2026-06-02,NA,els2023crui
The Journal of Steroid Biochemistry and Molecular Biology,NA,0960-0760,2026-06-02,NA,els2023crui
The Journal of Strategic Information Systems,NA,0963-8687,2026-06-02,NA,els2023crui
The Journal of Supercritical Fluids,NA,0896-8446,2026-06-02,NA,els2023crui
The Journal of the American Dental Association,NA,0002-8177,2026-06-02,NA,els2023crui
The Journal of the Economics of Ageing,NA,2212-828X,2026-06-02,NA,els2023crui
The Journal of Thoracic and Cardiovascular Surgery,NA,0022-5223,2026-06-02,NA,els2023crui
The Knee,NA,0968-0160,2026-06-02,NA,els2023crui
The Leadership Quarterly,NA,1048-9843,2026-06-02,NA,els2023crui
The North American Journal of Economics and Finance,NA,1062-9408,2026-06-02,NA,els2023crui
The Ocular Surface,NA,1542-0124,2026-06-02,NA,els2023crui
The Quarterly Review of Economics and Finance,NA,1062-9769,2026-06-02,NA,els2023crui
The Spine Journal,NA,1529-9430,2026-06-02,NA,els2023crui
The Surgeon,NA,1479-666X,2026-06-02,NA,els2023crui
The Veterinary Journal,NA,1090-0233,2026-06-02,NA,els2023crui
Theoretical and Applied Fracture Mechanics,NA,0167-8442,2026-06-02,NA,els2023crui
Theoretical Computer Science,NA,0304-3975,2026-06-02,NA,els2023crui
Theoretical Population Biology,NA,0040-5809,2026-06-02,NA,els2023crui
Therapies,NA,0040-5957,2026-06-02,NA,els2023crui
Theriogenology,NA,0093-691X,2026-06-02,NA,els2023crui
Thermal Advances,NA,3050-4635,2026-06-02,NA,els2023crui
Thermal Science and Engineering Progress,NA,2451-9049,2026-06-02,NA,els2023crui
Thermochimica Acta,NA,0040-6031,2026-06-02,NA,els2023crui
Thin Solid Films,NA,0040-6090,2026-06-02,NA,els2023crui
Thinking Skills and Creativity,NA,1871-1871,2026-06-02,NA,els2023crui
Thin-Walled Structures,NA,0263-8231,2026-06-02,NA,els2023crui
Thrombosis Research,NA,0049-3848,2026-06-02,NA,els2023crui
Ticks and Tick-borne Diseases,NA,1877-959X,2026-06-02,NA,els2023crui
Tissue and Cell,NA,0040-8166,2026-06-02,NA,els2023crui
Topics in Companion Animal Medicine,NA,1938-9736,2026-06-02,NA,els2023crui
Topology and its Applications,NA,0166-8641,2026-06-02,NA,els2023crui
Total Chemistry,NA,3050-581X,2026-06-02,NA,els2023crui
Total Environment Advances,NA,2950-3957,2026-06-02,NA,els2023crui
Total Environment Engineering,NA,2950-631X,2026-06-02,NA,els2023crui
Tourism Management,NA,0261-5177,2026-06-02,NA,els2023crui
Tourism Management Perspectives,NA,2211-9736,2026-06-02,NA,els2023crui
Toxicologie Analytique et Clinique,NA,2352-0078,2026-06-02,NA,els2023crui
Toxicology,NA,0300-483X,2026-06-02,NA,els2023crui
Toxicology and Applied Pharmacology,NA,0041-008X,2026-06-02,NA,els2023crui
Toxicology in Vitro,NA,0887-2333,2026-06-02,NA,els2023crui
Toxicology Letters,NA,0378-4274,2026-06-02,NA,els2023crui
Toxicon,NA,0041-0101,2026-06-02,NA,els2023crui
Transfusion and Apheresis Science,NA,1473-0502,2026-06-02,NA,els2023crui
Transfusion Clinique et Biologique,NA,1246-7820,2026-06-02,NA,els2023crui
Transfusion Medicine Reviews,NA,0887-7963,2026-06-02,NA,els2023crui
Translational Research,NA,1931-5244,2026-06-02,NA,els2023crui
Transnational Mobilities,NA,3117-5511,2026-06-02,NA,els2023crui
Transplant Immunology,NA,0966-3274,2026-06-02,NA,els2023crui
Transplantation and Cellular Therapy,NA,2666-6367,2026-06-02,NA,els2023crui
Transplantation Proceedings,NA,0041-1345,2026-06-02,NA,els2023crui
Transplantation Reviews,NA,0955-470X,2026-06-02,NA,els2023crui
Transport Policy,NA,0967-070X,2026-06-02,NA,els2023crui
Transportation Geotechnics,NA,2214-3912,2026-06-02,NA,els2023crui
Transportation Research Part A: Policy and Practice,NA,0965-8564,2026-06-02,NA,els2023crui
Transportation Research Part B: Methodological,NA,0191-2615,2026-06-02,NA,els2023crui
Transportation Research Part C: Emerging Technologies,NA,0968-090X,2026-06-02,NA,els2023crui
Transportation Research Part D: Transport and Environment,NA,1361-9209,2026-06-02,NA,els2023crui
Transportation Research Part E: Logistics and Transportation Review,NA,1366-5545,2026-06-02,NA,els2023crui
Transportation Research Part F: Traffic Psychology and Behaviour,NA,1369-8478,2026-06-02,NA,els2023crui
Travel Behaviour and Society,NA,2214-367X,2026-06-02,NA,els2023crui
Travel Medicine and Infectious Disease,NA,1477-8939,2026-06-02,NA,els2023crui
Trends in Anaesthesia and Critical Care,NA,2210-8440,2026-06-02,NA,els2023crui
Trends in Analytical Chemistry,NA,0165-9936,2026-06-02,NA,els2023crui
Trends in Biochemical Sciences,NA,0968-0004,2026-06-02,NA,els2023crui
Trends in Biotechnology,NA,0167-7799,2026-06-02,NA,els2023crui
Trends in Cancer,NA,2405-8033,2026-06-02,NA,els2023crui
Trends in Cardiovascular Medicine,NA,1050-1738,2026-06-02,NA,els2023crui
Trends in Cell Biology,NA,0962-8924,2026-06-02,NA,els2023crui
Trends in Chemistry,NA,2589-5974,2026-06-02,NA,els2023crui
Trends in Cognitive Sciences,NA,1364-6613,2026-06-02,NA,els2023crui
Trends in Ecology & Evolution,NA,0169-5347,2026-06-02,NA,els2023crui
Trends in Endocrinology & Metabolism,NA,1043-2760,2026-06-02,NA,els2023crui
Trends in Environmental Analytical Chemistry,NA,2214-1588,2026-06-02,NA,els2023crui
Trends in Food Science & Technology,NA,0924-2244,2026-06-02,NA,els2023crui
Trends in Genetics,NA,0168-9525,2026-06-02,NA,els2023crui
Trends in Immunology,NA,1471-4906,2026-06-02,NA,els2023crui
Trends in Microbiology,NA,0966-842X,2026-06-02,NA,els2023crui
Trends in Molecular Medicine,NA,1471-4914,2026-06-02,NA,els2023crui
Trends in Neuroscience and Education,NA,2211-9493,2026-06-02,NA,els2023crui
Trends in Neurosciences,NA,0166-2236,2026-06-02,NA,els2023crui
Trends in Parasitology,NA,1471-4922,2026-06-02,NA,els2023crui
Trends in Pharmacological Sciences,NA,0165-6147,2026-06-02,NA,els2023crui
Trends in Plant Science,NA,1360-1385,2026-06-02,NA,els2023crui
Tribology International,NA,0301-679X,2026-06-02,NA,els2023crui
Tuberculosis,NA,1472-9792,2026-06-02,NA,els2023crui
Tunnelling and Underground Space Technology,NA,0886-7798,2026-06-02,NA,els2023crui
Ultramicroscopy,NA,0304-3991,2026-06-02,NA,els2023crui
Ultrasonics,NA,0041-624X,2026-06-02,NA,els2023crui
Ultrasound in Medicine & Biology,NA,0301-5629,2026-06-02,NA,els2023crui
Urban Climate,NA,2212-0955,2026-06-02,NA,els2023crui
Urban Forestry & Urban Greening,NA,1618-8667,2026-06-02,NA,els2023crui
Urologic Oncology: Seminars and Original Investigations,NA,1078-1439,2026-06-02,NA,els2023crui
Urology,NA,0090-4295,2026-06-02,NA,els2023crui
Utilities Policy,NA,0957-1787,2026-06-02,NA,els2023crui
Vaccine,NA,0264-410X,2026-06-02,NA,els2023crui
Vacunas,NA,1576-9887,2026-06-02,NA,els2023crui
Vacunas (English Edition),NA,2445-1460,2026-06-02,NA,els2023crui
Vacuum,NA,0042-207X,2026-06-02,NA,els2023crui
Value in Health,NA,1098-3015,2026-06-02,NA,els2023crui
Value in Health Regional Issues,NA,2212-1099,2026-06-02,NA,els2023crui
Vascular Diseases,NA,3050-6581,2026-06-02,NA,els2023crui
Vascular Pharmacology,NA,1537-1891,2026-06-02,NA,els2023crui
Vehicular Communications,NA,2214-2096,2026-06-02,NA,els2023crui
Veterinary Anaesthesia and Analgesia,NA,1467-2987,2026-06-02,NA,els2023crui
Veterinary Immunology and Immunopathology,NA,0165-2427,2026-06-02,NA,els2023crui
Veterinary Microbiology,NA,0378-1135,2026-06-02,NA,els2023crui
Veterinary Parasitology,NA,0304-4017,2026-06-02,NA,els2023crui
Veterinary Parasitology: Regional Studies and Reports,NA,2405-9390,2026-06-02,NA,els2023crui
Vibrational Spectroscopy,NA,0924-2031,2026-06-02,NA,els2023crui
Virology,NA,0042-6822,2026-06-02,NA,els2023crui
Virus Research,NA,0168-1702,2026-06-02,NA,els2023crui
Vision Research,NA,0042-6989,2026-06-02,NA,els2023crui
Visual Journal of Emergency Medicine,NA,2405-4690,2026-06-02,NA,els2023crui
Waste Management,NA,0956-053X,2026-06-02,NA,els2023crui
Water Research,NA,0043-1354,2026-06-02,NA,els2023crui
Water Security,NA,2468-3124,2026-06-02,NA,els2023crui
Wave Motion,NA,0165-2125,2026-06-02,NA,els2023crui
Wear,NA,0043-1648,2026-06-02,NA,els2023crui
Women and Birth,NA,1871-5192,2026-06-02,NA,els2023crui
Women's Health Issues,NA,1049-3867,2026-06-02,NA,els2023crui
Women's Studies International Forum,NA,0277-5395,2026-06-02,NA,els2023crui
World Development,NA,0305-750X,2026-06-02,NA,els2023crui
World Development Perspectives,NA,2452-2929,2026-06-02,NA,els2023crui
World Neurosurgery,NA,1878-8750,2026-06-02,NA,els2023crui
World Patent Information,NA,0172-2190,2026-06-02,NA,els2023crui
"Zeitschrift für Evidenz, Fortbildung und Qualität im Gesundheitswesen",NA,1865-9217,2026-06-02,NA,els2023crui
Zoologischer Anzeiger,NA,0044-5231,2026-06-02,NA,els2023crui
Zoology,NA,0944-2006,2026-06-02,NA,els2023crui
AACE Endocrinology and Diabetes,NA,3050-9157,2026-05-21,NA,els2025ukb
aBIOTECH,NA,2662-1738,2026-05-21,NA,els2025ukb
Academic Pathology,NA,2374-2895,2026-05-21,NA,els2025ukb
Academic Pediatrics,NA,1876-2859,2026-05-21,NA,els2025ukb
Academic Radiology,NA,1076-6332,2026-05-21,NA,els2025ukb
Accident Analysis & Prevention,NA,0001-4575,2026-05-21,NA,els2025ukb
Accounting Open,NA,3050-5461,2026-05-21,NA,els2025ukb
"Accounting, Organizations and Society",NA,0361-3682,2026-05-21,NA,els2025ukb
Acta Astronautica,NA,0094-5765,2026-05-21,NA,els2025ukb
Acta Biomaterialia,NA,1742-7061,2026-05-21,NA,els2025ukb
Acta Colombiana de Cuidado Intensivo,NA,0122-7262,2026-05-21,NA,els2025ukb
Acta Histochemica,NA,0065-1281,2026-05-21,NA,els2025ukb
Acta Materialia,NA,1359-6454,2026-05-21,NA,els2025ukb
Acta Oecologica,NA,1146-609X,2026-05-21,NA,els2025ukb
Acta Otorrinolaringológica (English Edition),NA,2173-5735,2026-05-21,NA,els2025ukb
Acta Otorrinolaringológica Española,NA,0001-6519,2026-05-21,NA,els2025ukb
Acta Pharmaceutica Sinica B,NA,2211-3835,2026-05-21,NA,els2025ukb
Acta Physico-Chimica Sinica,NA,1000-6818,2026-05-21,NA,els2025ukb
Acta Psychologica,NA,0001-6918,2026-05-21,NA,els2025ukb
Acta Tropica,NA,0001-706X,2026-05-21,NA,els2025ukb
Actas Urológicas Españolas,NA,0210-4806,2026-05-21,NA,els2025ukb
Actas Urológicas Españolas (English Edition),NA,2173-5786,2026-05-21,NA,els2025ukb
Ad Hoc Networks,NA,1570-8705,2026-05-21,NA,els2025ukb
Addiction Neuroscience,NA,2772-3925,2026-05-21,NA,els2025ukb
Addictive Behaviors,NA,0306-4603,2026-05-21,NA,els2025ukb
Addictive Behaviors Reports,NA,2352-8532,2026-05-21,NA,els2025ukb
Additive Manufacturing,NA,2214-8604,2026-05-21,NA,els2025ukb
Additive Manufacturing Letters,NA,2772-3690,2026-05-21,NA,els2025ukb
Advanced Drug Delivery Reviews,NA,0169-409X,2026-05-21,NA,els2025ukb
Advanced Engineering Informatics,NA,1474-0346,2026-05-21,NA,els2025ukb
Advanced Powder Technology,NA,0921-8831,2026-05-21,NA,els2025ukb
Advanced Sensor and Energy Materials,NA,2773-045X,2026-05-21,NA,els2025ukb
Advances in Accounting,NA,0882-6110,2026-05-21,NA,els2025ukb
Advances in Applied Energy,NA,2666-7924,2026-05-21,NA,els2025ukb
Advances in Applied Mathematics,NA,0196-8858,2026-05-21,NA,els2025ukb
Advances in Bamboo Science,NA,2773-1391,2026-05-21,NA,els2025ukb
Advances in Biological Regulation,NA,2212-4926,2026-05-21,NA,els2025ukb
Advances in Business and Management Research,NA,3051-0511,2026-05-21,NA,els2025ukb
Advances in Cancer Biology - Metastasis,NA,2667-3940,2026-05-21,NA,els2025ukb
Advances in Colloid and Interface Science,NA,0001-8686,2026-05-21,NA,els2025ukb
Advances in Engineering Software,NA,0965-9978,2026-05-21,NA,els2025ukb
Advances in Industrial and Manufacturing Engineering,NA,2666-9129,2026-05-21,NA,els2025ukb
Advances in Integrative Medicine,NA,2212-9588,2026-05-21,NA,els2025ukb
Advances in Kidney Disease and Health,NA,2949-8139,2026-05-21,NA,els2025ukb
Advances in Life Course Research,NA,1569-4909,2026-05-21,NA,els2025ukb
Advances in Mathematics,NA,0001-8708,2026-05-21,NA,els2025ukb
Advances in Medical Sciences,NA,1896-1126,2026-05-21,NA,els2025ukb
Advances in Nutrition,NA,2161-8313,2026-05-21,NA,els2025ukb
Advances in Ophthalmology Practice and Research,NA,2667-3762,2026-05-21,NA,els2025ukb
Advances in Oral and Maxillofacial Surgery,NA,2667-1476,2026-05-21,NA,els2025ukb
Advances in Patient-Reported Outcomes,NA,3050-6964,2026-05-21,NA,els2025ukb
Advances in Radiation Oncology,NA,2452-1094,2026-05-21,NA,els2025ukb
Advances in Redox Research,NA,2667-1379,2026-05-21,NA,els2025ukb
Advances in Sample Preparation,NA,2772-5820,2026-05-21,NA,els2025ukb
Advances in Space Research,NA,0273-1177,2026-05-21,NA,els2025ukb
Advances in Water Resources,NA,0309-1708,2026-05-21,NA,els2025ukb
Advancing Medical-Surgical Nursing,NA,3050-8592,2026-05-21,NA,els2025ukb
Aeolian Research,NA,1875-9637,2026-05-21,NA,els2025ukb
Aerospace Science and Technology,NA,1270-9638,2026-05-21,NA,els2025ukb
AEÜ - International Journal of Electronics and Communications,NA,1434-8411,2026-05-21,NA,els2025ukb
African Journal of Emergency Medicine,NA,2211-419X,2026-05-21,NA,els2025ukb
African Transport Studies,NA,2950-1962,2026-05-21,NA,els2025ukb
Ageing Research Reviews,NA,1568-1637,2026-05-21,NA,els2025ukb
Aggression and Violent Behavior,NA,1359-1789,2026-05-21,NA,els2025ukb
Aging and Health Research,NA,2667-0321,2026-05-21,NA,els2025ukb
Aging Brain,NA,2589-9589,2026-05-21,NA,els2025ukb
Agricultural and Forest Meteorology,NA,0168-1923,2026-05-21,NA,els2025ukb
Agricultural Systems,NA,0308-521X,2026-05-21,NA,els2025ukb
Agricultural Water Management,NA,0378-3774,2026-05-21,NA,els2025ukb
"Agriculture, Ecosystems & Environment",NA,0167-8809,2026-05-21,NA,els2025ukb
AI Thermal Fluids,NA,3050-5852,2026-05-21,NA,els2025ukb
Ain Shams Engineering Journal,NA,2090-4479,2026-05-21,NA,els2025ukb
Air Medical Journal,NA,1067-991X,2026-05-21,NA,els2025ukb
AJO International,NA,2950-2535,2026-05-21,NA,els2025ukb
AJO-DO Clinical Companion,NA,2666-4305,2026-05-21,NA,els2025ukb
AJOG Global Reports,NA,2666-5778,2026-05-21,NA,els2025ukb
AJPM Focus,NA,2773-0654,2026-05-21,NA,els2025ukb
Alcohol,NA,0741-8329,2026-05-21,NA,els2025ukb
Alexandria Engineering Journal,NA,1110-0168,2026-05-21,NA,els2025ukb
Algal Research,NA,2211-9264,2026-05-21,NA,els2025ukb
American Heart Journal,NA,0002-8703,2026-05-21,NA,els2025ukb
American Heart Journal Plus: Cardiology Research and Practice,NA,2666-6022,2026-05-21,NA,els2025ukb
American Journal of Emergency Medicine,NA,0735-6757,2026-05-21,NA,els2025ukb
American Journal of Infection Control,NA,0196-6553,2026-05-21,NA,els2025ukb
American Journal of Kidney Diseases,NA,0272-6386,2026-05-21,NA,els2025ukb
American Journal of Medicine Open,NA,2667-0364,2026-05-21,NA,els2025ukb
American Journal of Obstetrics & Gynecology,NA,0002-9378,2026-05-21,NA,els2025ukb
American Journal of Obstetrics & Gynecology MFM,NA,2589-9333,2026-05-21,NA,els2025ukb
American Journal of Ophthalmology,NA,0002-9394,2026-05-21,NA,els2025ukb
American Journal of Ophthalmology Case Reports,NA,2451-9936,2026-05-21,NA,els2025ukb
American Journal of Orthodontics and Dentofacial Orthopedics,NA,0889-5406,2026-05-21,NA,els2025ukb
American Journal of Otolaryngology,NA,0196-0709,2026-05-21,NA,els2025ukb
American Journal of Pharmaceutical Education,NA,0002-9459,2026-05-21,NA,els2025ukb
American Journal of Preventive Cardiology,NA,2666-6677,2026-05-21,NA,els2025ukb
American Journal of Preventive Medicine,NA,0749-3797,2026-05-21,NA,els2025ukb
American Journal of Transplantation,NA,1600-6135,2026-05-21,NA,els2025ukb
Ampersand,NA,2215-0390,2026-05-21,NA,els2025ukb
Anaerobe,NA,1075-9964,2026-05-21,NA,els2025ukb
Anaesthesia Critical Care & Pain Medicine,NA,2352-5568,2026-05-21,NA,els2025ukb
Analytic Methods in Accident Research,NA,2213-6657,2026-05-21,NA,els2025ukb
Analytica Chimica Acta,NA,0003-2670,2026-05-21,NA,els2025ukb
Analytical Biochemistry,NA,0003-2697,2026-05-21,NA,els2025ukb
Anesthésie & Réanimation,NA,2352-5800,2026-05-21,NA,els2025ukb
animal,NA,1751-7311,2026-05-21,NA,els2025ukb
animal - open space,NA,2772-6940,2026-05-21,NA,els2025ukb
Animal Behaviour,NA,0003-3472,2026-05-21,NA,els2025ukb
Animal Feed Science and Technology,NA,0377-8401,2026-05-21,NA,els2025ukb
Animal Reproduction Science,NA,0378-4320,2026-05-21,NA,els2025ukb
Annales de Chirurgie Plastique Esthétique,NA,0294-1260,2026-05-21,NA,els2025ukb
Annales de Dermatologie et de Vénéréologie,NA,0151-9638,2026-05-21,NA,els2025ukb
Annales de Paléontologie,NA,0753-3969,2026-05-21,NA,els2025ukb
Annales de Pathologie,NA,0242-6498,2026-05-21,NA,els2025ukb
Annales d'Endocrinologie,NA,0003-4266,2026-05-21,NA,els2025ukb
Annales Françaises d'Oto-Rhino-Laryngologie et de Pathologie Cervico-Faciale,NA,1879-7261,2026-05-21,NA,els2025ukb
Annales Médico-Psychologiques,NA,0003-4487,2026-05-21,NA,els2025ukb
Annals of 3D Printed Medicine,NA,2666-9641,2026-05-21,NA,els2025ukb
Annals of Agricultural Sciences,NA,0570-1783,2026-05-21,NA,els2025ukb
"Annals of Allergy, Asthma & Immunology",NA,1081-1206,2026-05-21,NA,els2025ukb
Annals of Anatomy,NA,0940-9602,2026-05-21,NA,els2025ukb
Annals of Diagnostic Pathology,NA,1092-9134,2026-05-21,NA,els2025ukb
Annals of Emergency Medicine,NA,0196-0644,2026-05-21,NA,els2025ukb
Annals of Epidemiology,NA,1047-2797,2026-05-21,NA,els2025ukb
Annals of Hepatology,NA,1665-2681,2026-05-21,NA,els2025ukb
Annals of Intensive Care,NA,2110-5820,2026-05-21,NA,els2025ukb
Annals of Nuclear Energy,NA,0306-4549,2026-05-21,NA,els2025ukb
Annals of Oncology,NA,0923-7534,2026-05-21,NA,els2025ukb
Annals of Physical and Rehabilitation Medicine,NA,1877-0657,2026-05-21,NA,els2025ukb
Annals of Physics,NA,0003-4916,2026-05-21,NA,els2025ukb
Annals of Pure and Applied Logic,NA,0168-0072,2026-05-21,NA,els2025ukb
Annals of the Rheumatic Diseases,NA,0003-4967,2026-05-21,NA,els2025ukb
Annals of Thoracic Surgery Short Reports,NA,2772-9931,2026-05-21,NA,els2025ukb
Annals of Tourism Research,NA,0160-7383,2026-05-21,NA,els2025ukb
Annals of Tourism Research Empirical Insights,NA,2666-9579,2026-05-21,NA,els2025ukb
Annals of Vascular Surgery,NA,0890-5096,2026-05-21,NA,els2025ukb
Annals of Vascular Surgery - Brief Reports and Innovations,NA,2772-6878,2026-05-21,NA,els2025ukb
Annual Reviews in Control,NA,1367-5788,2026-05-21,NA,els2025ukb
Anthropocene,NA,2213-3054,2026-05-21,NA,els2025ukb
Antiviral Research,NA,0166-3542,2026-05-21,NA,els2025ukb
Appetite,NA,0195-6663,2026-05-21,NA,els2025ukb
Appetite: Disordered Eating,NA,3117-3950,2026-05-21,NA,els2025ukb
Applications in Energy and Combustion Science,NA,2666-352X,2026-05-21,NA,els2025ukb
Applications in Engineering Science,NA,2666-4968,2026-05-21,NA,els2025ukb
Applied Acoustics,NA,0003-682X,2026-05-21,NA,els2025ukb
Applied and Computational Harmonic Analysis,NA,1063-5203,2026-05-21,NA,els2025ukb
Applied Animal Behaviour Science,NA,0168-1591,2026-05-21,NA,els2025ukb
Applied Animal Science,NA,2590-2865,2026-05-21,NA,els2025ukb
Applied Biomolecules: Bioactive Materials,NA,3117-5031,2026-05-21,NA,els2025ukb
Applied Catalysis A: General,NA,0926-860X,2026-05-21,NA,els2025ukb
Applied Catalysis B: Environment and Energy,NA,0926-3373,2026-05-21,NA,els2025ukb
Applied Catalysis O: Open,NA,2950-6484,2026-05-21,NA,els2025ukb
Applied Clay Science,NA,0169-1317,2026-05-21,NA,els2025ukb
Applied Computing and Geosciences,NA,2590-1974,2026-05-21,NA,els2025ukb
Applied Corpus Linguistics,NA,2666-7991,2026-05-21,NA,els2025ukb
Applied Energy,NA,0306-2619,2026-05-21,NA,els2025ukb
Applied Ergonomics,NA,0003-6870,2026-05-21,NA,els2025ukb
Applied Food Research,NA,2772-5022,2026-05-21,NA,els2025ukb
Applied Geochemistry,NA,0883-2927,2026-05-21,NA,els2025ukb
Applied Geography,NA,0143-6228,2026-05-21,NA,els2025ukb
Applied Materials Today,NA,2352-9407,2026-05-21,NA,els2025ukb
Applied Mathematical Modelling,NA,0307-904X,2026-05-21,NA,els2025ukb
Applied Mathematics and Computation,NA,0096-3003,2026-05-21,NA,els2025ukb
Applied Mathematics Letters,NA,0893-9659,2026-05-21,NA,els2025ukb
Applied Numerical Mathematics,NA,0168-9274,2026-05-21,NA,els2025ukb
Applied Nursing Research,NA,0897-1897,2026-05-21,NA,els2025ukb
Applied Ocean Research,NA,0141-1187,2026-05-21,NA,els2025ukb
Applied Radiation and Isotopes,NA,0969-8043,2026-05-21,NA,els2025ukb
Applied Soft Computing,NA,1568-4946,2026-05-21,NA,els2025ukb
Applied Soil Ecology,NA,0929-1393,2026-05-21,NA,els2025ukb
Applied Studies in Innovative Learning and Teaching,NA,3051-3243,2026-05-21,NA,els2025ukb
Applied Surface Science,NA,0169-4332,2026-05-21,NA,els2025ukb
Applied Surface Science Advances,NA,2666-5239,2026-05-21,NA,els2025ukb
Applied Thermal Engineering,NA,1359-4311,2026-05-21,NA,els2025ukb
Aquacultural Engineering,NA,0144-8609,2026-05-21,NA,els2025ukb
Aquaculture,NA,0044-8486,2026-05-21,NA,els2025ukb
Aquaculture Reports,NA,2352-5134,2026-05-21,NA,els2025ukb
Aquatic Botany,NA,0304-3770,2026-05-21,NA,els2025ukb
Aquatic Toxicology,NA,0166-445X,2026-05-21,NA,els2025ukb
Arab Journal of Gastroenterology,NA,1687-1979,2026-05-21,NA,els2025ukb
Archaeological Research in Asia,NA,2352-2267,2026-05-21,NA,els2025ukb
Archives de Pédiatrie,NA,0929-693X,2026-05-21,NA,els2025ukb
Archives des Maladies du Coeur et des Vaisseaux: Pratique,NA,1261-694X,2026-05-21,NA,els2025ukb
Archives des Maladies Professionnelles et de l'Environnement,NA,1775-8785,2026-05-21,NA,els2025ukb
Archives of Biochemistry and Biophysics,NA,0003-9861,2026-05-21,NA,els2025ukb
Archives of Cardiovascular Diseases,NA,1875-2136,2026-05-21,NA,els2025ukb
Archives of Gerontology and Geriatrics,NA,0167-4943,2026-05-21,NA,els2025ukb
Archives of Gerontology and Geriatrics Plus,NA,2950-3078,2026-05-21,NA,els2025ukb
Archives of Legal Medicine,NA,2950-3949,2026-05-21,NA,els2025ukb
Archives of Medical Research,NA,0188-4409,2026-05-21,NA,els2025ukb
Archives of Oral Biology,NA,0003-9969,2026-05-21,NA,els2025ukb
Archives of Physical Medicine and Rehabilitation,NA,0003-9993,2026-05-21,NA,els2025ukb
Archives of Psychiatric Nursing,NA,0883-9417,2026-05-21,NA,els2025ukb
Archives of Rehabilitation Research and Clinical Translation,NA,2590-1095,2026-05-21,NA,els2025ukb
Archivos de Bronconeumología,NA,0300-2896,2026-05-21,NA,els2025ukb
Archivos de la Sociedad Española de Oftalmología,NA,0365-6691,2026-05-21,NA,els2025ukb
Archivos de la Sociedad Española de Oftalmología (English Edition),NA,2173-5794,2026-05-21,NA,els2025ukb
Array,NA,2590-0056,2026-05-21,NA,els2025ukb
Arthroplasty Today,NA,2352-3441,2026-05-21,NA,els2025ukb
Arthropod Structure & Development,NA,1467-8039,2026-05-21,NA,els2025ukb
Artificial Intelligence,NA,0004-3702,2026-05-21,NA,els2025ukb
Artificial Intelligence Chemistry,NA,2949-7477,2026-05-21,NA,els2025ukb
Artificial Intelligence for Transportation,NA,3050-8606,2026-05-21,NA,els2025ukb
Artificial Intelligence in Emergency Medicine,NA,3051-2883,2026-05-21,NA,els2025ukb
Artificial Intelligence in Medicine,NA,0933-3657,2026-05-21,NA,els2025ukb
Artificial Intelligence in the Life Sciences,NA,2667-3185,2026-05-21,NA,els2025ukb
Asia and the Global Economy,NA,2667-1115,2026-05-21,NA,els2025ukb
Asia Pacific Management Review,NA,1029-3132,2026-05-21,NA,els2025ukb
Asian Journal of Psychiatry,NA,1876-2018,2026-05-21,NA,els2025ukb
Asian Journal of Social Science,NA,1568-4849,2026-05-21,NA,els2025ukb
Asian Transport Studies,NA,2185-5560,2026-05-21,NA,els2025ukb
Asia-Pacific Journal of Oncology Nursing,NA,2347-5625,2026-05-21,NA,els2025ukb
Asia-Pacific Journal of Ophthalmology,NA,2162-0989,2026-05-21,NA,els2025ukb
Aspects of Molecular Medicine,NA,2949-6888,2026-05-21,NA,els2025ukb
ASPET Discovery,NA,3050-5674,2026-05-21,NA,els2025ukb
Assessing Writing,NA,1075-2935,2026-05-21,NA,els2025ukb
Astronomy and Computing,NA,2213-1337,2026-05-21,NA,els2025ukb
Astroparticle Physics,NA,0927-6505,2026-05-21,NA,els2025ukb
Atención Primaria,NA,0212-6567,2026-05-21,NA,els2025ukb
Atherosclerosis,NA,0021-9150,2026-05-21,NA,els2025ukb
Atherosclerosis Plus,NA,2667-0895,2026-05-21,NA,els2025ukb
Atmospheric Environment,NA,1352-2310,2026-05-21,NA,els2025ukb
Atmospheric Environment: X,NA,2590-1621,2026-05-21,NA,els2025ukb
Atmospheric Pollution Research,NA,1309-1042,2026-05-21,NA,els2025ukb
Atmospheric Research,NA,0169-8095,2026-05-21,NA,els2025ukb
Atomic Data and Nuclear Data Tables,NA,0092-640X,2026-05-21,NA,els2025ukb
Auris Nasus Larynx,NA,0385-8146,2026-05-21,NA,els2025ukb
Australasian Emergency Care,NA,2588-994X,2026-05-21,NA,els2025ukb
Australian and New Zealand Journal of Public Health,NA,1326-0200,2026-05-21,NA,els2025ukb
Australian Critical Care,NA,1036-7314,2026-05-21,NA,els2025ukb
Autoimmunity Reviews,NA,1568-9972,2026-05-21,NA,els2025ukb
Automatica,NA,0005-1098,2026-05-21,NA,els2025ukb
Automation in Construction,NA,0926-5805,2026-05-21,NA,els2025ukb
Autonomic Neuroscience: Basic and Clinical,NA,1566-0702,2026-05-21,NA,els2025ukb
Bacteriophage,NA,3051-2697,2026-05-21,NA,els2025ukb
Basic and Applied Ecology,NA,1439-1791,2026-05-21,NA,els2025ukb
BBA Advances,NA,2667-1603,2026-05-21,NA,els2025ukb
Behavior Therapy,NA,0005-7894,2026-05-21,NA,els2025ukb
Behaviour Research and Therapy,NA,0005-7967,2026-05-21,NA,els2025ukb
Behavioural Brain Research,NA,0166-4328,2026-05-21,NA,els2025ukb
Behavioural Processes,NA,0376-6357,2026-05-21,NA,els2025ukb
Best Practice & Research Clinical Anaesthesiology,NA,1521-6896,2026-05-21,NA,els2025ukb
Best Practice & Research Clinical Endocrinology & Metabolism,NA,1521-690X,2026-05-21,NA,els2025ukb
Best Practice & Research Clinical Gastroenterology,NA,1521-6918,2026-05-21,NA,els2025ukb
Best Practice & Research Clinical Haematology,NA,1521-6926,2026-05-21,NA,els2025ukb
Best Practice & Research Clinical Obstetrics & Gynaecology,NA,1521-6934,2026-05-21,NA,els2025ukb
Best Practice & Research Clinical Rheumatology,NA,1521-6942,2026-05-21,NA,els2025ukb
Big Data Research,NA,2214-5796,2026-05-21,NA,els2025ukb
Bioactive Carbohydrates and Dietary Fibre,NA,2212-6198,2026-05-21,NA,els2025ukb
Biocatalysis and Agricultural Biotechnology,NA,1878-8181,2026-05-21,NA,els2025ukb
Biochemical and Biophysical Research Communications,NA,0006-291X,2026-05-21,NA,els2025ukb
Biochemical Engineering Journal,NA,1369-703X,2026-05-21,NA,els2025ukb
Biochemical Pharmacology,NA,0006-2952,2026-05-21,NA,els2025ukb
Biochemical Systematics and Ecology,NA,0305-1978,2026-05-21,NA,els2025ukb
Biochemistry and Biophysics Reports,NA,2405-5808,2026-05-21,NA,els2025ukb
Biochimica et Biophysica Acta: Bioenergetics,NA,0005-2728,2026-05-21,NA,els2025ukb
Biochimica et Biophysica Acta: Biomembranes,NA,0005-2736,2026-05-21,NA,els2025ukb
Biochimica et Biophysica Acta: Gene Regulatory Mechanisms,NA,1874-9399,2026-05-21,NA,els2025ukb
Biochimica et Biophysica Acta: General Subjects,NA,0304-4165,2026-05-21,NA,els2025ukb
Biochimica et Biophysica Acta: Molecular and Cell Biology of Lipids,NA,1388-1981,2026-05-21,NA,els2025ukb
Biochimica et Biophysica Acta: Molecular Basis of Disease,NA,0925-4439,2026-05-21,NA,els2025ukb
Biochimica et Biophysica Acta: Molecular Cell Research,NA,0167-4889,2026-05-21,NA,els2025ukb
Biochimica et Biophysica Acta: Proteins and Proteomics,NA,1570-9639,2026-05-21,NA,els2025ukb
Biochimica et Biophysica Acta: Reviews on Cancer,NA,0304-419X,2026-05-21,NA,els2025ukb
Biochimie,NA,0300-9084,2026-05-21,NA,els2025ukb
Biocybernetics and Biomedical Engineering,NA,0208-5216,2026-05-21,NA,els2025ukb
BioDesign Research,NA,2693-1257,2026-05-21,NA,els2025ukb
Bioelectrochemistry,NA,1567-5394,2026-05-21,NA,els2025ukb
Biofilm,NA,2590-2075,2026-05-21,NA,els2025ukb
Biological Conservation,NA,0006-3207,2026-05-21,NA,els2025ukb
Biological Control,NA,1049-9644,2026-05-21,NA,els2025ukb
Biological Psychiatry,NA,0006-3223,2026-05-21,NA,els2025ukb
Biological Psychiatry Global Open Science,NA,2667-1743,2026-05-21,NA,els2025ukb
Biological Psychiatry: Cognitive Neuroscience and Neuroimaging,NA,2451-9022,2026-05-21,NA,els2025ukb
Biological Psychology,NA,0301-0511,2026-05-21,NA,els2025ukb
Biologicals,NA,1045-1056,2026-05-21,NA,els2025ukb
Biomarkers in Neuropsychiatry,NA,2666-1446,2026-05-21,NA,els2025ukb
Biomass & Bioenergy,NA,0961-9534,2026-05-21,NA,els2025ukb
Biomass Futures,NA,3051-4444,2026-05-21,NA,els2025ukb
Biomaterials,NA,0142-9612,2026-05-21,NA,els2025ukb
Biomaterials Advances,NA,2772-9508,2026-05-21,NA,els2025ukb
Biomaterials and Biosystems,NA,2666-5344,2026-05-21,NA,els2025ukb
Biomaterials and Living Medicine for Pharmaceutics,NA,3117-4663,2026-05-21,NA,els2025ukb
Biomedical Engineering Advances,NA,2667-0992,2026-05-21,NA,els2025ukb
Biomedical Journal,NA,2319-4170,2026-05-21,NA,els2025ukb
Biomedical Signal Processing and Control,NA,1746-8094,2026-05-21,NA,els2025ukb
Biomedicine & Pharmacotherapy,NA,0753-3322,2026-05-21,NA,els2025ukb
Bioorganic & Medicinal Chemistry,NA,0968-0896,2026-05-21,NA,els2025ukb
Bioorganic & Medicinal Chemistry Letters,NA,0960-894X,2026-05-21,NA,els2025ukb
Bioorganic Chemistry,NA,0045-2068,2026-05-21,NA,els2025ukb
Biophysical Chemistry,NA,0301-4622,2026-05-21,NA,els2025ukb
Biophysical Reports,NA,2667-0747,2026-05-21,NA,els2025ukb
Bioprinting,NA,2405-8866,2026-05-21,NA,els2025ukb
Bioresource Technology,NA,0960-8524,2026-05-21,NA,els2025ukb
Bioresource Technology Reports,NA,2589-014X,2026-05-21,NA,els2025ukb
Biosafety and Health,NA,2590-0536,2026-05-21,NA,els2025ukb
Biosensors and Bioelectronics,NA,0956-5663,2026-05-21,NA,els2025ukb
Biosensors and Bioelectronics: X,NA,2590-1370,2026-05-21,NA,els2025ukb
BioSystems,NA,0303-2647,2026-05-21,NA,els2025ukb
Biosystems Engineering,NA,1537-5110,2026-05-21,NA,els2025ukb
Biotechnology Advances,NA,0734-9750,2026-05-21,NA,els2025ukb
Biotechnology Reports,NA,2215-017X,2026-05-21,NA,els2025ukb
BJA Education,NA,2058-5349,2026-05-21,NA,els2025ukb
BJA Open,NA,2772-6096,2026-05-21,NA,els2025ukb
"Blood Cells, Molecules and Diseases",NA,1079-9796,2026-05-21,NA,els2025ukb
Blood Reviews,NA,0268-960X,2026-05-21,NA,els2025ukb
Body Image,NA,1740-1445,2026-05-21,NA,els2025ukb
Boletín de la Sociedad Española de Cerámica y Vidrio,NA,0366-3175,2026-05-21,NA,els2025ukb
Bone,NA,8756-3282,2026-05-21,NA,els2025ukb
Bone Reports,NA,2352-1872,2026-05-21,NA,els2025ukb
Brachytherapy,NA,1538-4721,2026-05-21,NA,els2025ukb
Brain & Development,NA,0387-7604,2026-05-21,NA,els2025ukb
Brain and Cognition,NA,0278-2626,2026-05-21,NA,els2025ukb
Brain and Development Case Reports,NA,2950-2217,2026-05-21,NA,els2025ukb
Brain and Environment,NA,3050-5917,2026-05-21,NA,els2025ukb
Brain and Language,NA,0093-934X,2026-05-21,NA,els2025ukb
Brain and Spine,NA,2772-5294,2026-05-21,NA,els2025ukb
Brain Behavior and Immunity Integrative,NA,2949-8341,2026-05-21,NA,els2025ukb
Brain Disorders,NA,2666-4593,2026-05-21,NA,els2025ukb
Brain Mechanisms,NA,3050-6425,2026-05-21,NA,els2025ukb
Brain Organoid and Systems Neuroscience Journal,NA,2949-9216,2026-05-21,NA,els2025ukb
Brain Research,NA,0006-8993,2026-05-21,NA,els2025ukb
Brain Research Bulletin,NA,0361-9230,2026-05-21,NA,els2025ukb
Brain Stimulation,NA,1935-861X,2026-05-21,NA,els2025ukb
"Brain, Behavior, & Immunity - Health",NA,2666-3546,2026-05-21,NA,els2025ukb
"Brain, Behavior, and Immunity",NA,0889-1591,2026-05-21,NA,els2025ukb
Brazilian Journal of Otorhinolaryngology,NA,1808-8694,2026-05-21,NA,els2025ukb
Brazilian Journal of Physical Therapy,NA,1413-3555,2026-05-21,NA,els2025ukb
British Journal of Anaesthesia,NA,0007-0912,2026-05-21,NA,els2025ukb
British Journal of Oral and Maxillofacial Surgery,NA,0266-4356,2026-05-21,NA,els2025ukb
Building and Environment,NA,0360-1323,2026-05-21,NA,els2025ukb
Bulletin des Sciences Mathématiques,NA,0007-4497,2026-05-21,NA,els2025ukb
Bulletin du Cancer,NA,0007-4551,2026-05-21,NA,els2025ukb
Burns,NA,0305-4179,2026-05-21,NA,els2025ukb
Burns Open,NA,2468-9122,2026-05-21,NA,els2025ukb
Business Horizons,NA,0007-6813,2026-05-21,NA,els2025ukb
Cahiers de Nutrition et de Diététique,NA,0007-9960,2026-05-21,NA,els2025ukb
Calphad,NA,0364-5916,2026-05-21,NA,els2025ukb
Canadian Journal of Cardiology,NA,0828-282X,2026-05-21,NA,els2025ukb
Canadian Journal of Diabetes,NA,1499-2671,2026-05-21,NA,els2025ukb
Canadian Journal of Ophthalmology,NA,0008-4182,2026-05-21,NA,els2025ukb
Cancer Epidemiology,NA,1877-7821,2026-05-21,NA,els2025ukb
Cancer Genetics,NA,2210-7762,2026-05-21,NA,els2025ukb
Cancer Letters,NA,0304-3835,2026-05-21,NA,els2025ukb
Cancer Neuroscience,NA,3051-3235,2026-05-21,NA,els2025ukb
Cancer Pathogenesis and Therapy,NA,2949-7132,2026-05-21,NA,els2025ukb
Cancer Radiothérapie,NA,1278-3218,2026-05-21,NA,els2025ukb
Cancer Treatment and Research Communications,NA,2468-2942,2026-05-21,NA,els2025ukb
Cancer Treatment Reviews,NA,0305-7372,2026-05-21,NA,els2025ukb
Carbohydrate Polymer Technologies and Applications,NA,2666-8939,2026-05-21,NA,els2025ukb
Carbohydrate Polymers,NA,0144-8617,2026-05-21,NA,els2025ukb
Carbohydrate Research,NA,0008-6215,2026-05-21,NA,els2025ukb
Carbon,NA,0008-6223,2026-05-21,NA,els2025ukb
Carbon Capture Science & Technology,NA,2772-6568,2026-05-21,NA,els2025ukb
Carbon Neutral Technologies,NA,3050-6603,2026-05-21,NA,els2025ukb
Carbon Trends,NA,2667-0569,2026-05-21,NA,els2025ukb
Cardiovascular Pathology,NA,1054-8807,2026-05-21,NA,els2025ukb
Cardiovascular Revascularization Medicine,NA,1553-8389,2026-05-21,NA,els2025ukb
Cardiovascular Revascularization Medicine: Interesting Cases,NA,2950-2756,2026-05-21,NA,els2025ukb
CASE,NA,2468-6441,2026-05-21,NA,els2025ukb
Case Reports in Women's Health,NA,2214-9112,2026-05-21,NA,els2025ukb
Case Studies in Chemical and Environmental Engineering,NA,2666-0164,2026-05-21,NA,els2025ukb
Case Studies in Construction Materials,NA,2214-5095,2026-05-21,NA,els2025ukb
Case Studies in Thermal Engineering,NA,2214-157X,2026-05-21,NA,els2025ukb
Case Studies on Transport Policy,NA,2213-624X,2026-05-21,NA,els2025ukb
Catalysis Today,NA,0920-5861,2026-05-21,NA,els2025ukb
CATENA,NA,0341-8162,2026-05-21,NA,els2025ukb
Cell Calcium,NA,0143-4160,2026-05-21,NA,els2025ukb
Cell Death,NA,3051-1151,2026-05-21,NA,els2025ukb
Cell Genomics,NA,2666-979X,2026-05-21,NA,els2025ukb
Cell Insight,NA,2772-8927,2026-05-21,NA,els2025ukb
Cell Reports,NA,2211-1247,2026-05-21,NA,els2025ukb
Cell Reports Medicine,NA,2666-3791,2026-05-21,NA,els2025ukb
Cell Reports Methods,NA,2667-2375,2026-05-21,NA,els2025ukb
Cell Reports Physical Science,NA,2666-3864,2026-05-21,NA,els2025ukb
Cell Reports Sustainability,NA,2949-7906,2026-05-21,NA,els2025ukb
Cell Stress and Chaperones,NA,1355-8145,2026-05-21,NA,els2025ukb
Cells & Development,NA,2667-2901,2026-05-21,NA,els2025ukb
Cellular and Molecular Gastroenterology and Hepatology,NA,2352-345X,2026-05-21,NA,els2025ukb
Cellular Immunology,NA,0008-8749,2026-05-21,NA,els2025ukb
Cellular Signalling,NA,0898-6568,2026-05-21,NA,els2025ukb
Cement,NA,2666-5492,2026-05-21,NA,els2025ukb
Cement and Concrete Composites,NA,0958-9465,2026-05-21,NA,els2025ukb
Cement and Concrete Research,NA,0008-8846,2026-05-21,NA,els2025ukb
Ceramics International,NA,0272-8842,2026-05-21,NA,els2025ukb
Cerebral Circulation - Cognition and Behavior,NA,2666-2450,2026-05-21,NA,els2025ukb
"Chaos, Solitons & Fractals",NA,0960-0779,2026-05-21,NA,els2025ukb
Chemical Data Collections,NA,2405-8300,2026-05-21,NA,els2025ukb
Chemical Engineering and Processing - Process Intensification,NA,0255-2701,2026-05-21,NA,els2025ukb
Chemical Engineering Journal,NA,1385-8947,2026-05-21,NA,els2025ukb
Chemical Engineering Journal Advances,NA,2666-8211,2026-05-21,NA,els2025ukb
Chemical Engineering Journal: Green and Sustainable,NA,3051-0031,2026-05-21,NA,els2025ukb
Chemical Engineering Research and Design,NA,0263-8762,2026-05-21,NA,els2025ukb
Chemical Engineering Science,NA,0009-2509,2026-05-21,NA,els2025ukb
Chemical Geology,NA,0009-2541,2026-05-21,NA,els2025ukb
Chemical Physics,NA,0301-0104,2026-05-21,NA,els2025ukb
Chemical Physics Impact,NA,2667-0224,2026-05-21,NA,els2025ukb
Chemical Physics Letters,NA,0009-2614,2026-05-21,NA,els2025ukb
Chemical Thermodynamics and Thermal Analysis,NA,2667-3126,2026-05-21,NA,els2025ukb
Chemico-Biological Interactions,NA,0009-2797,2026-05-21,NA,els2025ukb
Chemistry and Physics of Lipids,NA,0009-3084,2026-05-21,NA,els2025ukb
Chemistry of Inorganic Materials,NA,2949-7469,2026-05-21,NA,els2025ukb
Chemometrics and Intelligent Laboratory Systems,NA,0169-7439,2026-05-21,NA,els2025ukb
Chemosphere,NA,0045-6535,2026-05-21,NA,els2025ukb
CHEST,NA,0012-3692,2026-05-21,NA,els2025ukb
CHEST Critical Care,NA,2949-7884,2026-05-21,NA,els2025ukb
CHEST Pulmonary,NA,2949-7892,2026-05-21,NA,els2025ukb
Child Abuse & Neglect,NA,0145-2134,2026-05-21,NA,els2025ukb
Child Protection and Practice,NA,2950-1938,2026-05-21,NA,els2025ukb
Children and Youth Services Review,NA,0190-7409,2026-05-21,NA,els2025ukb
China Economic Review,NA,1043-951X,2026-05-21,NA,els2025ukb
Chinese Herbal Medicines,NA,1674-6384,2026-05-21,NA,els2025ukb
Chinese Journal of Analytical Chemistry,NA,1872-2040,2026-05-21,NA,els2025ukb
Chinese Journal of Chemical Engineering,NA,1004-9541,2026-05-21,NA,els2025ukb
Chinese Journal of Physics,NA,0577-9073,2026-05-21,NA,els2025ukb
Chinese Journal of Structural Chemistry,NA,0254-5861,2026-05-21,NA,els2025ukb
Chinese Medical Journal Pulmonary and Critical Care Medicine,NA,2772-5588,2026-05-21,NA,els2025ukb
Chip,NA,2709-4723,2026-05-21,NA,els2025ukb
CIRP Annals,NA,0007-8506,2026-05-21,NA,els2025ukb
CIRP Journal of Manufacturing Science and Technology,NA,1755-5817,2026-05-21,NA,els2025ukb
Cirugía Española,NA,0009-739X,2026-05-21,NA,els2025ukb
Cirugía Española (English edition),NA,2173-5077,2026-05-21,NA,els2025ukb
Cities,NA,0264-2751,2026-05-21,NA,els2025ukb
Cities: Smarter Futures,NA,3117-3764,2026-05-21,NA,els2025ukb
City and Environment Interactions,NA,2590-2520,2026-05-21,NA,els2025ukb
"City, Culture and Society",NA,1877-9166,2026-05-21,NA,els2025ukb
CJC Open,NA,2589-790X,2026-05-21,NA,els2025ukb
CJC Pediatric and Congenital Heart Disease,NA,2772-8129,2026-05-21,NA,els2025ukb
Cleaner and Circular Bioeconomy,NA,2772-8013,2026-05-21,NA,els2025ukb
Cleaner and Responsible Consumption,NA,2666-7843,2026-05-21,NA,els2025ukb
Cleaner Chemical Engineering,NA,2772-7823,2026-05-21,NA,els2025ukb
Cleaner Energy Systems,NA,2772-7831,2026-05-21,NA,els2025ukb
Cleaner Engineering and Technology,NA,2666-7908,2026-05-21,NA,els2025ukb
Cleaner Environmental Systems,NA,2666-7894,2026-05-21,NA,els2025ukb
Cleaner Food Systems,NA,3050-8355,2026-05-21,NA,els2025ukb
Cleaner Logistics and Supply Chain,NA,2772-3909,2026-05-21,NA,els2025ukb
Cleaner Manufacturing,NA,3050-998X,2026-05-21,NA,els2025ukb
Cleaner Materials,NA,2772-3976,2026-05-21,NA,els2025ukb
Cleaner Production Letters,NA,2666-7916,2026-05-21,NA,els2025ukb
Cleaner Waste Systems,NA,2772-9125,2026-05-21,NA,els2025ukb
Cleaner Water,NA,2950-2632,2026-05-21,NA,els2025ukb
Climate Change Ecology,NA,2666-9005,2026-05-21,NA,els2025ukb
Climate Physics and Atmospheric Science: Scientific Insights and Societal Challenges,NA,3051-4088,2026-05-21,NA,els2025ukb
Climate Risk Management,NA,2212-0963,2026-05-21,NA,els2025ukb
Climate Services,NA,2405-8807,2026-05-21,NA,els2025ukb
Clinica Chimica Acta,NA,0009-8981,2026-05-21,NA,els2025ukb
Clínica e Investigación en Arteriosclerosis,NA,0214-9168,2026-05-21,NA,els2025ukb
Clínica e Investigación en Arteriosclerosis (English Edition),NA,2529-9123,2026-05-21,NA,els2025ukb
Clínica e Investigación en Ginecología y Obstetricia,NA,0210-573X,2026-05-21,NA,els2025ukb
Clinical and Translational Radiation Oncology,NA,2405-6308,2026-05-21,NA,els2025ukb
Clinical Biochemistry,NA,0009-9120,2026-05-21,NA,els2025ukb
Clinical Biomechanics,NA,0268-0033,2026-05-21,NA,els2025ukb
Clinical Breast Cancer,NA,1526-8209,2026-05-21,NA,els2025ukb
Clinical Colorectal Cancer,NA,1533-0028,2026-05-21,NA,els2025ukb
Clinical Dental Journal,NA,3117-4892,2026-05-21,NA,els2025ukb
Clinical Epidemiology and Global Health,NA,2213-3984,2026-05-21,NA,els2025ukb
Clinical Gastroenterology and Hepatology,NA,1542-3565,2026-05-21,NA,els2025ukb
Clinical Genitourinary Cancer,NA,1558-7673,2026-05-21,NA,els2025ukb
Clinical Imaging,NA,0899-7071,2026-05-21,NA,els2025ukb
Clinical Immunology,NA,1521-6616,2026-05-21,NA,els2025ukb
Clinical Immunology Communications,NA,2772-6134,2026-05-21,NA,els2025ukb
Clinical Infection in Practice,NA,2590-1702,2026-05-21,NA,els2025ukb
Clinical Lung Cancer,NA,1525-7304,2026-05-21,NA,els2025ukb
"Clinical Lymphoma, Myeloma & Leukemia",NA,2152-2650,2026-05-21,NA,els2025ukb
Clinical Medicine,NA,1470-2118,2026-05-21,NA,els2025ukb
Clinical Microbiology and Infection,NA,1198-743X,2026-05-21,NA,els2025ukb
Clinical Microbiology Newsletter,NA,0196-4399,2026-05-21,NA,els2025ukb
Clinical Neurology and Neurosurgery,NA,0303-8467,2026-05-21,NA,els2025ukb
Clinical Neurophysiology,NA,1388-2457,2026-05-21,NA,els2025ukb
Clinical Neurophysiology Practice,NA,2467-981X,2026-05-21,NA,els2025ukb
Clinical Nutrition,NA,0261-5614,2026-05-21,NA,els2025ukb
Clinical Nutrition ESPEN,NA,2405-4577,2026-05-21,NA,els2025ukb
Clinical Nutrition Open Science,NA,2667-2685,2026-05-21,NA,els2025ukb
Clinical Oncology,NA,0936-6555,2026-05-21,NA,els2025ukb
Clinical Parkinsonism & Related Disorders,NA,2590-1125,2026-05-21,NA,els2025ukb
Clinical Psychology Review,NA,0272-7358,2026-05-21,NA,els2025ukb
Clinical Radiology,NA,0009-9260,2026-05-21,NA,els2025ukb
Clinical Simulation in Nursing,NA,1876-1399,2026-05-21,NA,els2025ukb
Clinical Surgical Oncology,NA,2773-160X,2026-05-21,NA,els2025ukb
Clinical Therapeutics,NA,0149-2918,2026-05-21,NA,els2025ukb
Clinical Traditional Medicine and Pharmacology,NA,2097-3829,2026-05-21,NA,els2025ukb
Clinics,NA,1807-5932,2026-05-21,NA,els2025ukb
Clinics and Research in Hepatology and Gastroenterology,NA,2210-7401,2026-05-21,NA,els2025ukb
Clinics in Dermatology,NA,0738-081X,2026-05-21,NA,els2025ukb
CMI Communications,NA,2950-5909,2026-05-21,NA,els2025ukb
Coacervates,NA,3117-6178,2026-05-21,NA,els2025ukb
Coastal Engineering,NA,0378-3839,2026-05-21,NA,els2025ukb
Cognition,NA,0010-0277,2026-05-21,NA,els2025ukb
Cognitive and Behavioral Practice,NA,1077-7229,2026-05-21,NA,els2025ukb
Cognitive Development,NA,0885-2014,2026-05-21,NA,els2025ukb
Cognitive Psychology,NA,0010-0285,2026-05-21,NA,els2025ukb
Cognitive Systems Research,NA,1389-0417,2026-05-21,NA,els2025ukb
Cold Regions Science and Technology,NA,0165-232X,2026-05-21,NA,els2025ukb
Collegian,NA,1322-7696,2026-05-21,NA,els2025ukb
Colloid and Interface Science Communications,NA,2215-0382,2026-05-21,NA,els2025ukb
Colloids and Surfaces A: Physicochemical and Engineering Aspects,NA,0927-7757,2026-05-21,NA,els2025ukb
Colloids and Surfaces B: Biointerfaces,NA,0927-7765,2026-05-21,NA,els2025ukb
Colloids and Surfaces C: Environmental Aspects,NA,2949-7590,2026-05-21,NA,els2025ukb
Combustion and Flame,NA,0010-2180,2026-05-21,NA,els2025ukb
Communications in Nonlinear Science and Numerical Simulation,NA,1007-5704,2026-05-21,NA,els2025ukb
Comparative Biochemistry and Physiology - Part A: Molecular & Integrative Physiology,NA,1095-6433,2026-05-21,NA,els2025ukb
Comparative Biochemistry and Physiology - Part B: Biochemistry & Molecular Biology,NA,1096-4959,2026-05-21,NA,els2025ukb
Comparative Biochemistry and Physiology - Part C: Toxicology & Pharmacology,NA,1532-0456,2026-05-21,NA,els2025ukb
Comparative Biochemistry and Physiology - Part D: Genomics and Proteomics,NA,1744-117X,2026-05-21,NA,els2025ukb
Comparative Immunology Reports,NA,2950-3116,2026-05-21,NA,els2025ukb
"Comparative Immunology, Microbiology & Infectious Diseases",NA,0147-9571,2026-05-21,NA,els2025ukb
Complementary Therapies in Clinical Practice,NA,1744-3881,2026-05-21,NA,els2025ukb
Complementary Therapies in Medicine,NA,0965-2299,2026-05-21,NA,els2025ukb
Composite Structures,NA,0263-8223,2026-05-21,NA,els2025ukb
Composites Communications,NA,2452-2139,2026-05-21,NA,els2025ukb
Composites Part A: Applied Science and Manufacturing,NA,1359-835X,2026-05-21,NA,els2025ukb
Composites Part B: Engineering,NA,1359-8368,2026-05-21,NA,els2025ukb
Composites Part C: Open Access,NA,2666-6820,2026-05-21,NA,els2025ukb
Composites Science and Technology,NA,0266-3538,2026-05-21,NA,els2025ukb
Comprehensive Psychiatry,NA,0010-440X,2026-05-21,NA,els2025ukb
Comprehensive Psychoneuroendocrinology,NA,2666-4976,2026-05-21,NA,els2025ukb
Computational and Structural Biotechnology Reports,NA,2950-3639,2026-05-21,NA,els2025ukb
Computational and Theoretical Chemistry,NA,2210-271X,2026-05-21,NA,els2025ukb
Computational Biology and Chemistry,NA,1476-9271,2026-05-21,NA,els2025ukb
Computational Condensed Matter,NA,2352-2143,2026-05-21,NA,els2025ukb
Computational Geometry,NA,0925-7721,2026-05-21,NA,els2025ukb
Computational Materials Science,NA,0927-0256,2026-05-21,NA,els2025ukb
Computational Materials Today,NA,2950-4635,2026-05-21,NA,els2025ukb
Computational Particle Mechanics,NA,2196-4386,2026-05-21,NA,els2025ukb
Computational Statistics & Data Analysis,NA,0167-9473,2026-05-21,NA,els2025ukb
Computational Toxicology,NA,2468-1113,2026-05-21,NA,els2025ukb
Computer Aided Geometric Design,NA,0167-8396,2026-05-21,NA,els2025ukb
Computer Communications,NA,0140-3664,2026-05-21,NA,els2025ukb
Computer Law & Security Review,NA,2212-473X,2026-05-21,NA,els2025ukb
Computer Methods and Programs in Biomedicine,NA,0169-2607,2026-05-21,NA,els2025ukb
Computer Methods and Programs in Biomedicine Update,NA,2666-9900,2026-05-21,NA,els2025ukb
Computer Methods in Applied Mechanics and Engineering,NA,0045-7825,2026-05-21,NA,els2025ukb
Computer Networks,NA,1389-1286,2026-05-21,NA,els2025ukb
Computer Physics Communications,NA,0010-4655,2026-05-21,NA,els2025ukb
Computer Science Review,NA,1574-0137,2026-05-21,NA,els2025ukb
Computer Speech and Language,NA,0885-2308,2026-05-21,NA,els2025ukb
Computer Standards & Interfaces,NA,0920-5489,2026-05-21,NA,els2025ukb
Computer Vision and Image Understanding,NA,1077-3142,2026-05-21,NA,els2025ukb
Computer-Aided Design,NA,0010-4485,2026-05-21,NA,els2025ukb
Computerized Medical Imaging and Graphics,NA,0895-6111,2026-05-21,NA,els2025ukb
Computers & Chemical Engineering,NA,0098-1354,2026-05-21,NA,els2025ukb
Computers & Education,NA,0360-1315,2026-05-21,NA,els2025ukb
Computers & Education: X Reality,NA,2949-6780,2026-05-21,NA,els2025ukb
Computers & Electrical Engineering,NA,0045-7906,2026-05-21,NA,els2025ukb
Computers & Fluids,NA,0045-7930,2026-05-21,NA,els2025ukb
Computers & Geosciences,NA,0098-3004,2026-05-21,NA,els2025ukb
Computers & Graphics,NA,0097-8493,2026-05-21,NA,els2025ukb
Computers & Industrial Engineering,NA,0360-8352,2026-05-21,NA,els2025ukb
Computers & Mathematics with Applications,NA,0898-1221,2026-05-21,NA,els2025ukb
Computers & Operations Research,NA,0305-0548,2026-05-21,NA,els2025ukb
Computers & Security,NA,0167-4048,2026-05-21,NA,els2025ukb
Computers & Structures,NA,0045-7949,2026-05-21,NA,els2025ukb
Computers and Composition,NA,8755-4615,2026-05-21,NA,els2025ukb
Computers and Education Open,NA,2666-5573,2026-05-21,NA,els2025ukb
Computers and Education: Artificial Intelligence,NA,2666-920X,2026-05-21,NA,els2025ukb
Computers and Electronics in Agriculture,NA,0168-1699,2026-05-21,NA,els2025ukb
Computers and Geotechnics,NA,0266-352X,2026-05-21,NA,els2025ukb
Computers in Biology and Medicine,NA,0010-4825,2026-05-21,NA,els2025ukb
Computers in Human Behavior,NA,0747-5632,2026-05-21,NA,els2025ukb
Computers in Human Behavior Reports,NA,2451-9588,2026-05-21,NA,els2025ukb
Computers in Human Behavior: Artificial Humans,NA,2949-8821,2026-05-21,NA,els2025ukb
Computers in Industry,NA,0166-3615,2026-05-21,NA,els2025ukb
"Computers, Environment and Urban Systems",NA,0198-9715,2026-05-21,NA,els2025ukb
Consciousness and Cognition,NA,1053-8100,2026-05-21,NA,els2025ukb
Construction and Building Materials,NA,0950-0618,2026-05-21,NA,els2025ukb
Construction and Building Materials in Transportation,NA,3117-650X,2026-05-21,NA,els2025ukb
Contact Lens & Anterior Eye,NA,1367-0484,2026-05-21,NA,els2025ukb
Contemporary Clinical Trials,NA,1551-7144,2026-05-21,NA,els2025ukb
Contemporary Clinical Trials Communications,NA,2451-8654,2026-05-21,NA,els2025ukb
Contemporary Educational Psychology,NA,0361-476X,2026-05-21,NA,els2025ukb
Continence,NA,2772-9737,2026-05-21,NA,els2025ukb
Continence Reports,NA,2772-9745,2026-05-21,NA,els2025ukb
Continental Shelf Research,NA,0278-4343,2026-05-21,NA,els2025ukb
Contraception,NA,0010-7824,2026-05-21,NA,els2025ukb
Control Engineering Practice,NA,0967-0661,2026-05-21,NA,els2025ukb
Coordination Chemistry Research,NA,2950-4864,2026-05-21,NA,els2025ukb
Coordination Chemistry Reviews,NA,0010-8545,2026-05-21,NA,els2025ukb
Corrosion Science,NA,0010-938X,2026-05-21,NA,els2025ukb
Cortex,NA,0010-9452,2026-05-21,NA,els2025ukb
Cretaceous Research,NA,0195-6671,2026-05-21,NA,els2025ukb
Critical Perspectives on Accounting,NA,1045-2354,2026-05-21,NA,els2025ukb
Critical Reviews in Oncology/Hematology,NA,1040-8428,2026-05-21,NA,els2025ukb
Crop and Environment,NA,2773-126X,2026-05-21,NA,els2025ukb
Crop Protection,NA,0261-2194,2026-05-21,NA,els2025ukb
Cryobiology,NA,0011-2240,2026-05-21,NA,els2025ukb
Cryogenics,NA,0011-2275,2026-05-21,NA,els2025ukb
Current Applied Physics,NA,1567-1739,2026-05-21,NA,els2025ukb
Current Developments in Nutrition,NA,2475-2991,2026-05-21,NA,els2025ukb
Current Opinion in Behavioral Sciences,NA,2352-1546,2026-05-21,NA,els2025ukb
Current Opinion in Biomedical Engineering,NA,2468-4511,2026-05-21,NA,els2025ukb
Current Opinion in Biotechnology,NA,0958-1669,2026-05-21,NA,els2025ukb
Current Opinion in Cell Biology,NA,0955-0674,2026-05-21,NA,els2025ukb
Current Opinion in Chemical Biology,NA,1367-5931,2026-05-21,NA,els2025ukb
Current Opinion in Chemical Engineering,NA,2211-3398,2026-05-21,NA,els2025ukb
Current Opinion in Colloid & Interface Science,NA,1359-0294,2026-05-21,NA,els2025ukb
Current Opinion in Electrochemistry,NA,2451-9103,2026-05-21,NA,els2025ukb
Current Opinion in Endocrine and Metabolic Research,NA,2451-9650,2026-05-21,NA,els2025ukb
Current Opinion in Environmental Science & Health,NA,2468-5844,2026-05-21,NA,els2025ukb
Current Opinion in Environmental Sustainability,NA,1877-3435,2026-05-21,NA,els2025ukb
Current Opinion in Food Science,NA,2214-7993,2026-05-21,NA,els2025ukb
Current Opinion in Genetics & Development,NA,0959-437X,2026-05-21,NA,els2025ukb
Current Opinion in Green and Sustainable Chemistry,NA,2452-2236,2026-05-21,NA,els2025ukb
Current Opinion in Immunology,NA,0952-7915,2026-05-21,NA,els2025ukb
Current Opinion in Insect Science,NA,2214-5745,2026-05-21,NA,els2025ukb
Current Opinion in Microbiology,NA,1369-5274,2026-05-21,NA,els2025ukb
Current Opinion in Neurobiology,NA,0959-4388,2026-05-21,NA,els2025ukb
Current Opinion in Pharmacology,NA,1471-4892,2026-05-21,NA,els2025ukb
Current Opinion in Physiology,NA,2468-8673,2026-05-21,NA,els2025ukb
Current Opinion in Plant Biology,NA,1369-5266,2026-05-21,NA,els2025ukb
Current Opinion in Psychology,NA,2352-250X,2026-05-21,NA,els2025ukb
Current Opinion in Solid State & Materials Science,NA,1359-0286,2026-05-21,NA,els2025ukb
Current Opinion in Structural Biology,NA,0959-440X,2026-05-21,NA,els2025ukb
Current Opinion in Systems Biology,NA,2452-3100,2026-05-21,NA,els2025ukb
Current Opinion in Toxicology,NA,2468-2020,2026-05-21,NA,els2025ukb
Current Opinion in Virology,NA,1879-6257,2026-05-21,NA,els2025ukb
Current Plant Biology,NA,2214-6628,2026-05-21,NA,els2025ukb
Current Problems in Cancer,NA,0147-0272,2026-05-21,NA,els2025ukb
Current Problems in Cancer: Case Reports,NA,2666-6219,2026-05-21,NA,els2025ukb
Current Problems in Cardiology,NA,0146-2806,2026-05-21,NA,els2025ukb
Current Problems in Diagnostic Radiology,NA,0363-0188,2026-05-21,NA,els2025ukb
Current Problems in Pediatric and Adolescent Health Care,NA,1538-5442,2026-05-21,NA,els2025ukb
Current Problems in Surgery,NA,0011-3840,2026-05-21,NA,els2025ukb
Current Research in Behavioral Sciences,NA,2666-5182,2026-05-21,NA,els2025ukb
Current Research in Biotechnology,NA,2590-2628,2026-05-21,NA,els2025ukb
Current Research in Ecological and Social Psychology,NA,2666-6227,2026-05-21,NA,els2025ukb
Current Research in Environmental Sustainability,NA,2666-0490,2026-05-21,NA,els2025ukb
Current Research in Food Science,NA,2665-9271,2026-05-21,NA,els2025ukb
Current Research in Green and Sustainable Chemistry,NA,2666-0865,2026-05-21,NA,els2025ukb
Current Research in Insect Science,NA,2666-5158,2026-05-21,NA,els2025ukb
Current Research in Microbial Sciences,NA,2666-5174,2026-05-21,NA,els2025ukb
Current Research in Neurobiology,NA,2665-945X,2026-05-21,NA,els2025ukb
Current Research in Parasitology and Vector-Borne Diseases,NA,2667-114X,2026-05-21,NA,els2025ukb
Current Research in Pharmacology and Drug Discovery,NA,2590-2571,2026-05-21,NA,els2025ukb
Current Research in Physiology,NA,2665-9441,2026-05-21,NA,els2025ukb
Current Research in Structural Biology,NA,2665-928X,2026-05-21,NA,els2025ukb
Current Research in Toxicology,NA,2666-027X,2026-05-21,NA,els2025ukb
Current Research in Translational Medicine,NA,2452-3186,2026-05-21,NA,els2025ukb
Current Therapeutic Research,NA,0011-393X,2026-05-21,NA,els2025ukb
Currents in Pharmacy Teaching and Learning,NA,1877-1297,2026-05-21,NA,els2025ukb
Cytokine,NA,1043-4666,2026-05-21,NA,els2025ukb
Cytokine & Growth Factor Reviews,NA,1359-6101,2026-05-21,NA,els2025ukb
Cytotherapy,NA,1465-3249,2026-05-21,NA,els2025ukb
Data & Knowledge Engineering,NA,0169-023X,2026-05-21,NA,els2025ukb
Data in Brief,NA,2352-3409,2026-05-21,NA,els2025ukb
DeCarbon,NA,2949-8813,2026-05-21,NA,els2025ukb
Decision Analytics Journal,NA,2772-6622,2026-05-21,NA,els2025ukb
Decision Support Systems,NA,0167-9236,2026-05-21,NA,els2025ukb
Deep Brain Stimulation,NA,2949-6691,2026-05-21,NA,els2025ukb
Deep-Sea Research Part I: Oceanographic Research Papers,NA,0967-0637,2026-05-21,NA,els2025ukb
Deep-Sea Research Part II: Topical Studies in Oceanography,NA,0967-0645,2026-05-21,NA,els2025ukb
Dendrochronologia,NA,1125-7865,2026-05-21,NA,els2025ukb
Dental Materials,NA,0109-5641,2026-05-21,NA,els2025ukb
Dentistry Review,NA,2772-5596,2026-05-21,NA,els2025ukb
Desalination,NA,0011-9164,2026-05-21,NA,els2025ukb
Desalination and Water Treatment,NA,1944-3986,2026-05-21,NA,els2025ukb
Design Studies,NA,0142-694X,2026-05-21,NA,els2025ukb
Development and Sustainability in Economics and Finance,NA,2950-5240,2026-05-21,NA,els2025ukb
Developmental & Comparative Immunology,NA,0145-305X,2026-05-21,NA,els2025ukb
Developmental Biology,NA,0012-1606,2026-05-21,NA,els2025ukb
Developmental Cognitive Neuroscience,NA,1878-9293,2026-05-21,NA,els2025ukb
Developmental Review,NA,0273-2297,2026-05-21,NA,els2025ukb
Developments in the Built Environment,NA,2666-1659,2026-05-21,NA,els2025ukb
Diabetes & Metabolic Syndrome: Clinical Research & Reviews,NA,1871-4021,2026-05-21,NA,els2025ukb
Diabetes & Metabolism,NA,1262-3636,2026-05-21,NA,els2025ukb
Diabetes Epidemiology and Management,NA,2666-9706,2026-05-21,NA,els2025ukb
Diabetes Research and Clinical Practice,NA,0168-8227,2026-05-21,NA,els2025ukb
Diagnostic and Interventional Imaging,NA,2211-5684,2026-05-21,NA,els2025ukb
Diagnostic Microbiology and Infectious Disease,NA,0732-8893,2026-05-21,NA,els2025ukb
Dialogues in Health,NA,2772-6533,2026-05-21,NA,els2025ukb
Diamond and Related Materials,NA,0925-9635,2026-05-21,NA,els2025ukb
Differential Geometry and its Applications,NA,0926-2245,2026-05-21,NA,els2025ukb
Differentiation,NA,0301-4681,2026-05-21,NA,els2025ukb
Digestive and Liver Disease,NA,1590-8658,2026-05-21,NA,els2025ukb
Digital Applications in Archaeology and Cultural Heritage,NA,2212-0548,2026-05-21,NA,els2025ukb
Digital Business,NA,2666-9544,2026-05-21,NA,els2025ukb
Digital Chemical Engineering,NA,2772-5081,2026-05-21,NA,els2025ukb
Digital Dentistry Journal,NA,2950-6433,2026-05-21,NA,els2025ukb
Digital Engineering,NA,2950-550X,2026-05-21,NA,els2025ukb
Digital Geography and Society,NA,2666-3783,2026-05-21,NA,els2025ukb
Digital Signal Processing,NA,1051-2004,2026-05-21,NA,els2025ukb
Disability and Health Journal,NA,1936-6574,2026-05-21,NA,els2025ukb
"Discourse, Context & Media",NA,2211-6958,2026-05-21,NA,els2025ukb
Discrete Applied Mathematics,NA,0166-218X,2026-05-21,NA,els2025ukb
Discrete Mathematics,NA,0012-365X,2026-05-21,NA,els2025ukb
Discrete Optimization,NA,1572-5286,2026-05-21,NA,els2025ukb
Disease and Therapeutics,NA,3050-9998,2026-05-21,NA,els2025ukb
Disease-A-Month,NA,0011-5029,2026-05-21,NA,els2025ukb
Displays,NA,0141-9382,2026-05-21,NA,els2025ukb
DNA Repair,NA,1568-7864,2026-05-21,NA,els2025ukb
Domestic Animal Endocrinology,NA,0739-7240,2026-05-21,NA,els2025ukb
Douleurs,NA,1624-5687,2026-05-21,NA,els2025ukb
Drug and Alcohol Dependence,NA,0376-8716,2026-05-21,NA,els2025ukb
Drug and Alcohol Dependence Reports,NA,2772-7246,2026-05-21,NA,els2025ukb
Drug Discovery Today,NA,1359-6446,2026-05-21,NA,els2025ukb
Drug Metabolism and Disposition,NA,0090-9556,2026-05-21,NA,els2025ukb
Drug Metabolism and Pharmacokinetics,NA,1347-4367,2026-05-21,NA,els2025ukb
Drug Resistance Updates,NA,1368-7646,2026-05-21,NA,els2025ukb
Dyes and Pigments,NA,0143-7208,2026-05-21,NA,els2025ukb
Dynamics of Atmospheres and Oceans,NA,0377-0265,2026-05-21,NA,els2025ukb
EANM Innovation,NA,3051-2913,2026-05-21,NA,els2025ukb
Early Childhood Research Quarterly,NA,0885-2006,2026-05-21,NA,els2025ukb
Early Human Development,NA,0378-3782,2026-05-21,NA,els2025ukb
Earth and Planetary Science Letters,NA,0012-821X,2026-05-21,NA,els2025ukb
Earth History and Biodiversity,NA,2950-4759,2026-05-21,NA,els2025ukb
Earth System,NA,3051-3111,2026-05-21,NA,els2025ukb
Earth System Governance,NA,2589-8116,2026-05-21,NA,els2025ukb
Earth-Science Reviews,NA,0012-8252,2026-05-21,NA,els2025ukb
Eating Behaviors,NA,1471-0153,2026-05-21,NA,els2025ukb
eBioMedicine,NA,2352-3964,2026-05-21,NA,els2025ukb
eClinicalMedicine,NA,2589-5370,2026-05-21,NA,els2025ukb
Ecohydrology & Hydrobiology,NA,1642-3593,2026-05-21,NA,els2025ukb
Ecological Complexity,NA,1476-945X,2026-05-21,NA,els2025ukb
Ecological Economics,NA,0921-8009,2026-05-21,NA,els2025ukb
Ecological Engineering,NA,0925-8574,2026-05-21,NA,els2025ukb
Ecological Frontiers,NA,2950-5097,2026-05-21,NA,els2025ukb
Ecological Genetics and Genomics,NA,2405-9854,2026-05-21,NA,els2025ukb
Ecological Indicators,NA,1470-160X,2026-05-21,NA,els2025ukb
Ecological Informatics,NA,1574-9541,2026-05-21,NA,els2025ukb
Ecological Modelling,NA,0304-3800,2026-05-21,NA,els2025ukb
Econometrics and Statistics,NA,2452-3062,2026-05-21,NA,els2025ukb
Economic Analysis and Policy,NA,0313-5926,2026-05-21,NA,els2025ukb
Economic Modelling,NA,0264-9993,2026-05-21,NA,els2025ukb
Economic Systems,NA,0939-3625,2026-05-21,NA,els2025ukb
Economics & Human Biology,NA,1570-677X,2026-05-21,NA,els2025ukb
Economics Letters,NA,0165-1765,2026-05-21,NA,els2025ukb
Economics of Education Review,NA,0272-7757,2026-05-21,NA,els2025ukb
Economics of Transportation,NA,2212-0122,2026-05-21,NA,els2025ukb
Ecosystem Services,NA,2212-0416,2026-05-21,NA,els2025ukb
Ecotoxicology and Environmental Safety,NA,0147-6513,2026-05-21,NA,els2025ukb
Educación Médica,NA,1575-1813,2026-05-21,NA,els2025ukb
Education for Chemical Engineers,NA,1749-7728,2026-05-21,NA,els2025ukb
Educational Research Review,NA,1747-938X,2026-05-21,NA,els2025ukb
Egyptian Informatics Journal,NA,1110-8665,2026-05-21,NA,els2025ukb
Egyptian Journal of Aquatic Research,NA,1687-4285,2026-05-21,NA,els2025ukb
EJC Paediatric Oncology,NA,2772-610X,2026-05-21,NA,els2025ukb
EJC Skin Cancer,NA,2772-6118,2026-05-21,NA,els2025ukb
EJVES Vascular Forum,NA,2666-688X,2026-05-21,NA,els2025ukb
Electoral Studies,NA,0261-3794,2026-05-21,NA,els2025ukb
Electric Power Systems Research,NA,0378-7796,2026-05-21,NA,els2025ukb
Electrochemistry Communications,NA,1388-2481,2026-05-21,NA,els2025ukb
Electrochimica Acta,NA,0013-4686,2026-05-21,NA,els2025ukb
Electronic Commerce Research and Applications,NA,1567-4223,2026-05-21,NA,els2025ukb
Electronic Journal of Biotechnology,NA,0717-3458,2026-05-21,NA,els2025ukb
Emerging Markets Review,NA,1566-0141,2026-05-21,NA,els2025ukb
"Emerging Trends in Drugs, Addictions, and Health",NA,2667-1182,2026-05-21,NA,els2025ukb
"Emotion, Space and Society",NA,1755-4586,2026-05-21,NA,els2025ukb
Endeavour,NA,0160-9327,2026-05-21,NA,els2025ukb
Endocrine and Metabolic Science,NA,2666-3961,2026-05-21,NA,els2025ukb
Endocrine Practice,NA,1530-891X,2026-05-21,NA,els2025ukb
"Endocrinología, Diabetes y Nutrición",NA,2530-0164,2026-05-21,NA,els2025ukb
"Endocrinología, Diabetes y Nutrición (English Edition)",NA,2530-0180,2026-05-21,NA,els2025ukb
Energy,NA,0360-5442,2026-05-21,NA,els2025ukb
Energy 360,NA,2950-4872,2026-05-21,NA,els2025ukb
Energy and AI,NA,2666-5468,2026-05-21,NA,els2025ukb
Energy and Buildings,NA,0378-7788,2026-05-21,NA,els2025ukb
Energy and Climate Change,NA,2666-2787,2026-05-21,NA,els2025ukb
Energy Conversion and Management,NA,0196-8904,2026-05-21,NA,els2025ukb
Energy Conversion and Management: X,NA,2590-1745,2026-05-21,NA,els2025ukb
Energy Economics,NA,0140-9883,2026-05-21,NA,els2025ukb
Energy Efficiency First,NA,2950-1563,2026-05-21,NA,els2025ukb
Energy for Sustainable Development,NA,0973-0826,2026-05-21,NA,els2025ukb
Energy Nexus,NA,2772-4271,2026-05-21,NA,els2025ukb
Energy Policy,NA,0301-4215,2026-05-21,NA,els2025ukb
Energy Reports,NA,2352-4847,2026-05-21,NA,els2025ukb
Energy Research & Social Science,NA,2214-6296,2026-05-21,NA,els2025ukb
Energy Reviews,NA,2772-9702,2026-05-21,NA,els2025ukb
Energy Storage Materials,NA,2405-8297,2026-05-21,NA,els2025ukb
Energy Strategy Reviews,NA,2211-467X,2026-05-21,NA,els2025ukb
EnergyChem,NA,2589-7780,2026-05-21,NA,els2025ukb
eNeurologicalSci,NA,2405-6502,2026-05-21,NA,els2025ukb
Enfermedades Infecciosas y Microbiología Clínica,NA,0213-005X,2026-05-21,NA,els2025ukb
Enfermedades Infecciosas y Microbiología Clínica (English Edition),NA,2529-993X,2026-05-21,NA,els2025ukb
Enfermería Clínica,NA,1130-8621,2026-05-21,NA,els2025ukb
Enfermería Clínica (English Edition),NA,2445-1479,2026-05-21,NA,els2025ukb
Enfermería intensiva,NA,1130-2399,2026-05-21,NA,els2025ukb
Enfermería Intensiva (English Edition),NA,2529-9840,2026-05-21,NA,els2025ukb
Engineering,NA,2095-8099,2026-05-21,NA,els2025ukb
Engineering Analysis with Boundary Elements,NA,0955-7997,2026-05-21,NA,els2025ukb
Engineering Applications of Artificial Intelligence,NA,0952-1976,2026-05-21,NA,els2025ukb
Engineering Failure Analysis,NA,1350-6307,2026-05-21,NA,els2025ukb
Engineering Fracture Mechanics,NA,0013-7944,2026-05-21,NA,els2025ukb
Engineering Geology,NA,0013-7952,2026-05-21,NA,els2025ukb
"Engineering Science and Technology, an International Journal",NA,2215-0986,2026-05-21,NA,els2025ukb
Engineering Structures,NA,0141-0296,2026-05-21,NA,els2025ukb
English for Specific Purposes,NA,0889-4906,2026-05-21,NA,els2025ukb
Entertainment Computing,NA,1875-9521,2026-05-21,NA,els2025ukb
Environment International,NA,0160-4120,2026-05-21,NA,els2025ukb
Environmental Advances,NA,2666-7657,2026-05-21,NA,els2025ukb
Environmental and Experimental Botany,NA,0098-8472,2026-05-21,NA,els2025ukb
Environmental and Sustainability Indicators,NA,2665-9727,2026-05-21,NA,els2025ukb
Environmental Challenges,NA,2667-0100,2026-05-21,NA,els2025ukb
Environmental Development,NA,2211-4645,2026-05-21,NA,els2025ukb
Environmental Impact Assessment Review,NA,0195-9255,2026-05-21,NA,els2025ukb
Environmental Innovation and Societal Transitions,NA,2210-4224,2026-05-21,NA,els2025ukb
Environmental Management: Economics and Policy,NA,3117-325X,2026-05-21,NA,els2025ukb
Environmental Management: Emerging Contaminants,NA,3117-5929,2026-05-21,NA,els2025ukb
Environmental Management: Engineering and Technology,NA,3117-3268,2026-05-21,NA,els2025ukb
Environmental Management: Smart Solutions,NA,3117-6496,2026-05-21,NA,els2025ukb
Environmental Modelling & Software,NA,1364-8152,2026-05-21,NA,els2025ukb
"Environmental Nanotechnology, Monitoring and Management",NA,2215-1532,2026-05-21,NA,els2025ukb
Environmental Nexus,NA,3050-9890,2026-05-21,NA,els2025ukb
Environmental Pollution,NA,0269-7491,2026-05-21,NA,els2025ukb
Environmental Research,NA,0013-9351,2026-05-21,NA,els2025ukb
Environmental Science & Policy,NA,1462-9011,2026-05-21,NA,els2025ukb
Environmental Science and Ecotechnology,NA,2666-4984,2026-05-21,NA,els2025ukb
Environmental Technology & Innovation,NA,2352-1864,2026-05-21,NA,els2025ukb
Environmental Toxicology and Pharmacology,NA,1382-6689,2026-05-21,NA,els2025ukb
Enzyme and Microbial Technology,NA,0141-0229,2026-05-21,NA,els2025ukb
Epidemics,NA,1755-4365,2026-05-21,NA,els2025ukb
Epilepsy & Behavior,NA,1525-5050,2026-05-21,NA,els2025ukb
Epilepsy & Behavior Reports,NA,2589-9864,2026-05-21,NA,els2025ukb
Epilepsy Research,NA,0920-1211,2026-05-21,NA,els2025ukb
"e-Prime – Nexus of Electrical, Electronic, and Intelligent Engineering",NA,2772-6711,2026-05-21,NA,els2025ukb
Equity Neuroscience,NA,3050-8401,2026-05-21,NA,els2025ukb
ESMO Gastrointestinal Oncology,NA,2949-8198,2026-05-21,NA,els2025ukb
ESMO Open,NA,2059-7029,2026-05-21,NA,els2025ukb
ESMO Rare Cancers,NA,3050-4619,2026-05-21,NA,els2025ukb
ESMO Real World Data and Digital Oncology,NA,2949-8201,2026-05-21,NA,els2025ukb
"Estuarine, Coastal and Shelf Science",NA,0272-7714,2026-05-21,NA,els2025ukb
"Ethics, Medicine & Public Health",NA,2352-5525,2026-05-21,NA,els2025ukb
Éthique & Santé,NA,1765-4629,2026-05-21,NA,els2025ukb
eTransportation,NA,2590-1168,2026-05-21,NA,els2025ukb
EULAR Rheumatology Open,NA,3050-7081,2026-05-21,NA,els2025ukb
EURO Journal on Computational Optimization,NA,2192-4406,2026-05-21,NA,els2025ukb
EURO Journal on Decision Processes,NA,2193-9438,2026-05-21,NA,els2025ukb
EURO Journal on Transportation and Logistics,NA,2192-4376,2026-05-21,NA,els2025ukb
"European Annals of Otorhinolaryngology, Head and Neck Diseases",NA,1879-7296,2026-05-21,NA,els2025ukb
European Economic Review,NA,0014-2921,2026-05-21,NA,els2025ukb
European Journal of Agronomy,NA,1161-0301,2026-05-21,NA,els2025ukb
European Journal of Cancer,NA,0959-8049,2026-05-21,NA,els2025ukb
European Journal of Cell Biology,NA,0171-9335,2026-05-21,NA,els2025ukb
European Journal of Combinatorics,NA,0195-6698,2026-05-21,NA,els2025ukb
European Journal of Control,NA,0947-3580,2026-05-21,NA,els2025ukb
European Journal of Integrative Medicine,NA,1876-3820,2026-05-21,NA,els2025ukb
European Journal of Internal Medicine,NA,0953-6205,2026-05-21,NA,els2025ukb
European Journal of Mechanics - A/Solids,NA,0997-7538,2026-05-21,NA,els2025ukb
European Journal of Mechanics - B/Fluids,NA,0997-7546,2026-05-21,NA,els2025ukb
European Journal of Medical Genetics,NA,1769-7212,2026-05-21,NA,els2025ukb
European Journal of Medicinal Chemistry,NA,0223-5234,2026-05-21,NA,els2025ukb
European Journal of Medicinal Chemistry Reports,NA,2772-4174,2026-05-21,NA,els2025ukb
European Journal of Obstetrics & Gynecology and Reproductive Biology,NA,0301-2115,2026-05-21,NA,els2025ukb
European Journal of Obstetrics & Gynecology and Reproductive Biology: X,NA,2590-1613,2026-05-21,NA,els2025ukb
European Journal of Oncology Nursing,NA,1462-3889,2026-05-21,NA,els2025ukb
European Journal of Operational Research,NA,0377-2217,2026-05-21,NA,els2025ukb
European Journal of Paediatric Neurology,NA,1090-3798,2026-05-21,NA,els2025ukb
European Journal of Pharmaceutical Sciences,NA,0928-0987,2026-05-21,NA,els2025ukb
European Journal of Pharmaceutics and Biopharmaceutics,NA,0939-6411,2026-05-21,NA,els2025ukb
European Journal of Pharmacology,NA,0014-2999,2026-05-21,NA,els2025ukb
European Journal of Political Economy,NA,0176-2680,2026-05-21,NA,els2025ukb
European Journal of Protistology,NA,0932-4739,2026-05-21,NA,els2025ukb
European Journal of Radiology,NA,0720-048X,2026-05-21,NA,els2025ukb
European Journal of Radiology Artificial Intelligence,NA,3050-5771,2026-05-21,NA,els2025ukb
European Journal of Radiology Open,NA,2352-0477,2026-05-21,NA,els2025ukb
European Journal of Soil Biology,NA,1164-5563,2026-05-21,NA,els2025ukb
European Journal of Surgical Oncology,NA,0748-7983,2026-05-21,NA,els2025ukb
European Journal of Trauma & Dissociation,NA,2468-7499,2026-05-21,NA,els2025ukb
European Journal of Vascular and Endovascular Surgery,NA,1078-5884,2026-05-21,NA,els2025ukb
European Management Journal,NA,0263-2373,2026-05-21,NA,els2025ukb
European Neuropsychopharmacology,NA,0924-977X,2026-05-21,NA,els2025ukb
European Polymer Journal,NA,0014-3057,2026-05-21,NA,els2025ukb
European Poultry Science,NA,0003-9098,2026-05-21,NA,els2025ukb
European Research on Management and Business Economics,NA,2444-8834,2026-05-21,NA,els2025ukb
European Review of Applied Psychology,NA,1162-9088,2026-05-21,NA,els2025ukb
European Transport Studies,NA,2950-2985,2026-05-21,NA,els2025ukb
European Urology,NA,0302-2838,2026-05-21,NA,els2025ukb
European Urology Focus,NA,2405-4569,2026-05-21,NA,els2025ukb
European Urology Oncology,NA,2588-9311,2026-05-21,NA,els2025ukb
European Urology Open Science,NA,2666-1683,2026-05-21,NA,els2025ukb
Evaluation and Program Planning,NA,0149-7189,2026-05-21,NA,els2025ukb
Evolution and Human Behavior,NA,1090-5138,2026-05-21,NA,els2025ukb
Evolving Earth,NA,2950-1172,2026-05-21,NA,els2025ukb
Examples and Counterexamples,NA,2666-657X,2026-05-21,NA,els2025ukb
Experimental and Molecular Pathology,NA,0014-4800,2026-05-21,NA,els2025ukb
Experimental Cell Research,NA,0014-4827,2026-05-21,NA,els2025ukb
Experimental Eye Research,NA,0014-4835,2026-05-21,NA,els2025ukb
Experimental Gerontology,NA,0531-5565,2026-05-21,NA,els2025ukb
Experimental Hematology,NA,0301-472X,2026-05-21,NA,els2025ukb
Experimental Neurology,NA,0014-4886,2026-05-21,NA,els2025ukb
Experimental Parasitology,NA,0014-4894,2026-05-21,NA,els2025ukb
Experimental Thermal and Fluid Science,NA,0894-1777,2026-05-21,NA,els2025ukb
Expert Systems with Applications,NA,0957-4174,2026-05-21,NA,els2025ukb
Explorations in Economic History,NA,0014-4983,2026-05-21,NA,els2025ukb
Exploratory Research in Clinical and Social Pharmacy,NA,2667-2766,2026-05-21,NA,els2025ukb
EXPLORE,NA,1550-8307,2026-05-21,NA,els2025ukb
Expositiones Mathematicae,NA,0723-0869,2026-05-21,NA,els2025ukb
Extracellular Vesicle,NA,2773-0417,2026-05-21,NA,els2025ukb
Extreme Mechanics Letters,NA,2352-4316,2026-05-21,NA,els2025ukb
F&S Reports,NA,2666-3341,2026-05-21,NA,els2025ukb
F&S Reviews,NA,2666-5719,2026-05-21,NA,els2025ukb
F&S Science,NA,2666-335X,2026-05-21,NA,els2025ukb
Farming System,NA,2949-9119,2026-05-21,NA,els2025ukb
Fermented Foods,NA,3051-231X,2026-05-21,NA,els2025ukb
Fertility and Sterility,NA,0015-0282,2026-05-21,NA,els2025ukb
Field Crops Research,NA,0378-4290,2026-05-21,NA,els2025ukb
Finance Research Letters,NA,1544-6123,2026-05-21,NA,els2025ukb
Finance Research Open,NA,3050-7006,2026-05-21,NA,els2025ukb
Finite Elements in Analysis and Design,NA,0168-874X,2026-05-21,NA,els2025ukb
Finite Fields and Their Applications,NA,1071-5797,2026-05-21,NA,els2025ukb
Fire Safety Journal,NA,0379-7112,2026-05-21,NA,els2025ukb
First Nations Health and Wellbeing - The Lowitja Journal,NA,2949-8406,2026-05-21,NA,els2025ukb
Fish & Shellfish Immunology,NA,1050-4648,2026-05-21,NA,els2025ukb
Fisheries Research,NA,0165-7836,2026-05-21,NA,els2025ukb
Fisioterapia,NA,0211-5638,2026-05-21,NA,els2025ukb
Fitoterapia,NA,0367-326X,2026-05-21,NA,els2025ukb
FlatChem,NA,2452-2627,2026-05-21,NA,els2025ukb
Flora,NA,0367-2530,2026-05-21,NA,els2025ukb
Flow Measurement and Instrumentation,NA,0955-5986,2026-05-21,NA,els2025ukb
Fluid Phase Equilibria,NA,0378-3812,2026-05-21,NA,els2025ukb
Food and Bioproducts Processing,NA,0960-3085,2026-05-21,NA,els2025ukb
Food and Chemical Toxicology,NA,0278-6915,2026-05-21,NA,els2025ukb
Food and Humanity,NA,2949-8244,2026-05-21,NA,els2025ukb
Food and Waterborne Parasitology,NA,2405-6766,2026-05-21,NA,els2025ukb
Food Bioscience,NA,2212-4292,2026-05-21,NA,els2025ukb
Food Chemistry,NA,0308-8146,2026-05-21,NA,els2025ukb
Food Chemistry Advances,NA,2772-753X,2026-05-21,NA,els2025ukb
Food Chemistry: Molecular Sciences,NA,2666-5662,2026-05-21,NA,els2025ukb
Food Chemistry: X,NA,2590-1575,2026-05-21,NA,els2025ukb
Food Control,NA,0956-7135,2026-05-21,NA,els2025ukb
Food Hydrocolloids,NA,0268-005X,2026-05-21,NA,els2025ukb
Food Hydrocolloids for Health,NA,2667-0259,2026-05-21,NA,els2025ukb
Food Microbiology,NA,0740-0020,2026-05-21,NA,els2025ukb
Food Packaging and Shelf Life,NA,2214-2894,2026-05-21,NA,els2025ukb
Food Policy,NA,0306-9192,2026-05-21,NA,els2025ukb
Food Quality and Preference,NA,0950-3293,2026-05-21,NA,els2025ukb
Food Research International,NA,0963-9969,2026-05-21,NA,els2025ukb
Food Structure,NA,2213-3291,2026-05-21,NA,els2025ukb
Food Webs,NA,2352-2496,2026-05-21,NA,els2025ukb
"Foot & Ankle Surgery: Techniques, Reports & Cases",NA,2667-3967,2026-05-21,NA,els2025ukb
Foot and Ankle Surgery,NA,1268-7731,2026-05-21,NA,els2025ukb
Football Studies,NA,3051-2689,2026-05-21,NA,els2025ukb
Forces in Mechanics,NA,2666-3597,2026-05-21,NA,els2025ukb
Forensic Chemistry,NA,2468-1709,2026-05-21,NA,els2025ukb
Forensic Imaging,NA,2666-2256,2026-05-21,NA,els2025ukb
Forensic Science International,NA,0379-0738,2026-05-21,NA,els2025ukb
Forensic Science International: Digital Investigation,NA,2666-2817,2026-05-21,NA,els2025ukb
Forensic Science International: Genetics,NA,1872-4973,2026-05-21,NA,els2025ukb
Forensic Science International: Genetics Supplement Series,NA,1875-1768,2026-05-21,NA,els2025ukb
Forensic Science International: Reports,NA,2665-9107,2026-05-21,NA,els2025ukb
Forensic Science International: Synergy,NA,2589-871X,2026-05-21,NA,els2025ukb
Forest Ecology and Management,NA,0378-1127,2026-05-21,NA,els2025ukb
Forest Policy and Economics,NA,1389-9341,2026-05-21,NA,els2025ukb
Franklin Open,NA,2773-1863,2026-05-21,NA,els2025ukb
Free Radical Biology & Medicine,NA,0891-5849,2026-05-21,NA,els2025ukb
Frontiers in Neuroendocrinology,NA,0091-3022,2026-05-21,NA,els2025ukb
Fuel,NA,0016-2361,2026-05-21,NA,els2025ukb
Fuel Communications,NA,2666-0520,2026-05-21,NA,els2025ukb
Fuel Processing Technology,NA,0378-3820,2026-05-21,NA,els2025ukb
Fundamental Plasma Physics,NA,2772-8285,2026-05-21,NA,els2025ukb
Fungal Biology,NA,1878-6146,2026-05-21,NA,els2025ukb
Fungal Biology Reviews,NA,1749-4613,2026-05-21,NA,els2025ukb
Fungal Ecology,NA,1754-5048,2026-05-21,NA,els2025ukb
Fungal Genetics and Biology,NA,1087-1845,2026-05-21,NA,els2025ukb
Fusion Engineering and Design,NA,0920-3796,2026-05-21,NA,els2025ukb
Fuß & Sprunggelenk,NA,1619-9987,2026-05-21,NA,els2025ukb
Future Batteries,NA,2950-2640,2026-05-21,NA,els2025ukb
Future Foods,NA,2666-8335,2026-05-21,NA,els2025ukb
Future Generation Computer Systems,NA,0167-739X,2026-05-21,NA,els2025ukb
Future Healthcare Journal,NA,2514-6645,2026-05-21,NA,els2025ukb
Futures,NA,0016-3287,2026-05-21,NA,els2025ukb
Fuzzy Sets and Systems,NA,0165-0114,2026-05-21,NA,els2025ukb
Gait & Posture,NA,0966-6362,2026-05-21,NA,els2025ukb
Games and Economic Behavior,NA,0899-8256,2026-05-21,NA,els2025ukb
Gas Science and Engineering,NA,2949-9089,2026-05-21,NA,els2025ukb
Gastro Hep Advances,NA,2772-5723,2026-05-21,NA,els2025ukb
Gastroenterología y Hepatología,NA,0210-5705,2026-05-21,NA,els2025ukb
Gastroenterología y Hepatología (English Edition),NA,2444-3824,2026-05-21,NA,els2025ukb
Gastroenterology,NA,0016-5085,2026-05-21,NA,els2025ukb
Gastrointestinal Endoscopy,NA,0016-5107,2026-05-21,NA,els2025ukb
Gene,NA,0378-1119,2026-05-21,NA,els2025ukb
Gene Expression Patterns,NA,1567-133X,2026-05-21,NA,els2025ukb
Gene Reports,NA,2452-0144,2026-05-21,NA,els2025ukb
General and Comparative Endocrinology,NA,0016-6480,2026-05-21,NA,els2025ukb
General Hospital Psychiatry,NA,0163-8343,2026-05-21,NA,els2025ukb
Genetics in Medicine,NA,1098-3600,2026-05-21,NA,els2025ukb
Genetics in Medicine Open,NA,2949-7744,2026-05-21,NA,els2025ukb
Genomics,NA,0888-7543,2026-05-21,NA,els2025ukb
Geobios,NA,0016-6995,2026-05-21,NA,els2025ukb
Geochemistry,NA,0009-2819,2026-05-21,NA,els2025ukb
Geochimica et Cosmochimica Acta,NA,0016-7037,2026-05-21,NA,els2025ukb
Geodata and AI,NA,3050-483X,2026-05-21,NA,els2025ukb
Geoderma,NA,0016-7061,2026-05-21,NA,els2025ukb
Geoderma Regional,NA,2352-0094,2026-05-21,NA,els2025ukb
Geoenergy Science and Engineering,NA,2949-8910,2026-05-21,NA,els2025ukb
Geoforum,NA,0016-7185,2026-05-21,NA,els2025ukb
Geography and Sustainability,NA,2666-6839,2026-05-21,NA,els2025ukb
Geomatica,NA,1195-1036,2026-05-21,NA,els2025ukb
Geomechanics for Energy and the Environment,NA,2352-3808,2026-05-21,NA,els2025ukb
Geomorphology,NA,0169-555X,2026-05-21,NA,els2025ukb
Geopsychiatry,NA,3050-7138,2026-05-21,NA,els2025ukb
Geotextiles and Geomembranes,NA,0266-1144,2026-05-21,NA,els2025ukb
Geothermics,NA,0375-6505,2026-05-21,NA,els2025ukb
Geriatric Nursing,NA,0197-4572,2026-05-21,NA,els2025ukb
Geriatric Nursing: Asia,NA,3051-3146,2026-05-21,NA,els2025ukb
Giant,NA,2666-5425,2026-05-21,NA,els2025ukb
Glial Health Research,NA,2950-4074,2026-05-21,NA,els2025ukb
Global and Earth Surface Processes Change,NA,2950-4740,2026-05-21,NA,els2025ukb
Global and Planetary Change,NA,0921-8181,2026-05-21,NA,els2025ukb
Global Challenges & Regional Science,NA,3050-502X,2026-05-21,NA,els2025ukb
Global Ecology and Conservation,NA,2351-9894,2026-05-21,NA,els2025ukb
Global Economics Research,NA,3050-8037,2026-05-21,NA,els2025ukb
Global Environmental Change,NA,0959-3780,2026-05-21,NA,els2025ukb
Global Environmental Change Advances,NA,2950-1385,2026-05-21,NA,els2025ukb
Global Epidemiology,NA,2590-1133,2026-05-21,NA,els2025ukb
Global Finance Journal,NA,1044-0283,2026-05-21,NA,els2025ukb
Global Food Security,NA,2211-9124,2026-05-21,NA,els2025ukb
Global Neurological Insights,NA,3051-2484,2026-05-21,NA,els2025ukb
Global Pediatrics,NA,2667-0097,2026-05-21,NA,els2025ukb
Gondwana Research,NA,1342-937X,2026-05-21,NA,els2025ukb
Government Information Quarterly,NA,0740-624X,2026-05-21,NA,els2025ukb
Graphical Models,NA,1524-0703,2026-05-21,NA,els2025ukb
Green Analytical Chemistry,NA,2772-5774,2026-05-21,NA,els2025ukb
Groundwater for Sustainable Development,NA,2352-801X,2026-05-21,NA,els2025ukb
Growth Hormone & IGF Research,NA,1096-6374,2026-05-21,NA,els2025ukb
Gut Microbiology,NA,3051-1720,2026-05-21,NA,els2025ukb
Gut Microbiome and Health,NA,3117-3594,2026-05-21,NA,els2025ukb
Gynecologic Oncology,NA,0090-8258,2026-05-21,NA,els2025ukb
Gynecologic Oncology Reports,NA,2352-5789,2026-05-21,NA,els2025ukb
Gynécologie Obstétrique Fertilité & Sénologie,NA,2468-7189,2026-05-21,NA,els2025ukb
Habitat International,NA,0197-3975,2026-05-21,NA,els2025ukb
Hand Surgery & Rehabilitation,NA,2468-1229,2026-05-21,NA,els2025ukb
HardwareX,NA,2468-0672,2026-05-21,NA,els2025ukb
Harmful Algae,NA,1568-9883,2026-05-21,NA,els2025ukb
Health & Place,NA,1353-8292,2026-05-21,NA,els2025ukb
Health Care Transitions,NA,2949-9232,2026-05-21,NA,els2025ukb
Health Policy,NA,0168-8510,2026-05-21,NA,els2025ukb
Health Policy and Technology,NA,2211-8837,2026-05-21,NA,els2025ukb
Health Policy in Asia,NA,3117-4620,2026-05-21,NA,els2025ukb
Health Policy OPEN,NA,2590-2296,2026-05-21,NA,els2025ukb
Health Sciences Review,NA,2772-6320,2026-05-21,NA,els2025ukb
Healthcare Analytics,NA,2772-4425,2026-05-21,NA,els2025ukb
Healthcare: The Journal of Delivery Science and Innovation,NA,2213-0764,2026-05-21,NA,els2025ukb
Hearing Research,NA,0378-5955,2026-05-21,NA,els2025ukb
Heart & Lung,NA,0147-9563,2026-05-21,NA,els2025ukb
Heart Rhythm,NA,1547-5271,2026-05-21,NA,els2025ukb
Heart Rhythm O2,NA,2666-5018,2026-05-21,NA,els2025ukb
"Heart, Lung and Circulation",NA,1443-9506,2026-05-21,NA,els2025ukb
HeartRhythm Case Reports,NA,2214-0271,2026-05-21,NA,els2025ukb
Heavy Rail,NA,3117-3128,2026-05-21,NA,els2025ukb
Heliyon,NA,2405-8440,2026-05-21,NA,els2025ukb
High Energy Density Physics,NA,1574-1818,2026-05-21,NA,els2025ukb
Hipertensión y Riesgo Vascular,NA,1889-1837,2026-05-21,NA,els2025ukb
Historia Mathematica,NA,0315-0860,2026-05-21,NA,els2025ukb
Hormones and Behavior,NA,0018-506X,2026-05-21,NA,els2025ukb
HPB,NA,1365-182X,2026-05-21,NA,els2025ukb
Human Factors in Healthcare,NA,2772-5014,2026-05-21,NA,els2025ukb
Human Gene,NA,2773-0441,2026-05-21,NA,els2025ukb
Human Genetics and Genomics Advances,NA,2666-2477,2026-05-21,NA,els2025ukb
Human Immunology,NA,0198-8859,2026-05-21,NA,els2025ukb
Human Movement Science,NA,0167-9457,2026-05-21,NA,els2025ukb
Human Nutrition & Metabolism,NA,2666-1497,2026-05-21,NA,els2025ukb
Human Pathology,NA,0046-8177,2026-05-21,NA,els2025ukb
Human Pathology Reports,NA,2772-736X,2026-05-21,NA,els2025ukb
Human Resource Management Review,NA,1053-4822,2026-05-21,NA,els2025ukb
Hybrid Advances,NA,2773-207X,2026-05-21,NA,els2025ukb
Hydrometallurgy,NA,0304-386X,2026-05-21,NA,els2025ukb
Hygiene and Environmental Health Advances,NA,2773-0492,2026-05-21,NA,els2025ukb
IBRO Neuroscience Reports,NA,2667-2421,2026-05-21,NA,els2025ukb
Icarus,NA,0019-1035,2026-05-21,NA,els2025ukb
ICT Express,NA,2405-9595,2026-05-21,NA,els2025ukb
IDCases,NA,2214-2509,2026-05-21,NA,els2025ukb
IFAC Journal of Systems and Control,NA,2468-6018,2026-05-21,NA,els2025ukb
iGIE,NA,2949-7086,2026-05-21,NA,els2025ukb
IJC Heart & Vasculature,NA,2352-9067,2026-05-21,NA,els2025ukb
IJID One Health,NA,2949-9151,2026-05-21,NA,els2025ukb
IJID Regions,NA,2772-7076,2026-05-21,NA,els2025ukb
iLIVER,NA,2772-9478,2026-05-21,NA,els2025ukb
Image and Vision Computing,NA,0262-8856,2026-05-21,NA,els2025ukb
Imagerie de la Femme,NA,1776-9817,2026-05-21,NA,els2025ukb
Immunobiology,NA,0171-2985,2026-05-21,NA,els2025ukb
ImmunoInformatics,NA,2667-1190,2026-05-21,NA,els2025ukb
Immunology Letters,NA,0165-2478,2026-05-21,NA,els2025ukb
Immuno-Oncology and Technology,NA,2590-0188,2026-05-21,NA,els2025ukb
In Analysis,NA,2542-3606,2026-05-21,NA,els2025ukb
In Silico Research in Biomedicine,NA,3050-7871,2026-05-21,NA,els2025ukb
Indagationes Mathematicae,NA,0019-3577,2026-05-21,NA,els2025ukb
Indian Journal of Medical Microbiology,NA,0255-0857,2026-05-21,NA,els2025ukb
Indoor Environments,NA,2950-3620,2026-05-21,NA,els2025ukb
Industrial Crops and Products,NA,0926-6690,2026-05-21,NA,els2025ukb
Industrial Marketing Management,NA,0019-8501,2026-05-21,NA,els2025ukb
Infant Behavior and Development,NA,0163-6383,2026-05-21,NA,els2025ukb
Infection Prevention in Practice,NA,2590-0889,2026-05-21,NA,els2025ukb
"Infection, Disease & Health",NA,2468-0451,2026-05-21,NA,els2025ukb
"Infection, Genetics and Evolution",NA,1567-1348,2026-05-21,NA,els2025ukb
Infectious Diseases Now,NA,2666-9919,2026-05-21,NA,els2025ukb
Infectious Medicine,NA,2772-431X,2026-05-21,NA,els2025ukb
Informatics in Medicine Unlocked,NA,2352-9148,2026-05-21,NA,els2025ukb
Information & Management,NA,0378-7206,2026-05-21,NA,els2025ukb
Information and Computation,NA,0890-5401,2026-05-21,NA,els2025ukb
Information and Organization,NA,1471-7727,2026-05-21,NA,els2025ukb
Information and Software Technology,NA,0950-5849,2026-05-21,NA,els2025ukb
Information Economics and Policy,NA,0167-6245,2026-05-21,NA,els2025ukb
Information Fusion,NA,1566-2535,2026-05-21,NA,els2025ukb
Information Processing & Management,NA,0306-4573,2026-05-21,NA,els2025ukb
Information Processing in Agriculture,NA,2214-3173,2026-05-21,NA,els2025ukb
Information Processing Letters,NA,0020-0190,2026-05-21,NA,els2025ukb
Information Sciences,NA,0020-0255,2026-05-21,NA,els2025ukb
Information Systems,NA,0306-4379,2026-05-21,NA,els2025ukb
Infrared Physics & Technology,NA,1350-4495,2026-05-21,NA,els2025ukb
Injury,NA,0020-1383,2026-05-21,NA,els2025ukb
Innovative Food Science and Emerging Technologies,NA,1466-8564,2026-05-21,NA,els2025ukb
Innovative Practice in Breast Health,NA,2950-2128,2026-05-21,NA,els2025ukb
Inorganic Chemistry Communications,NA,1387-7003,2026-05-21,NA,els2025ukb
Inorganica Chimica Acta,NA,0020-1693,2026-05-21,NA,els2025ukb
Insect Biochemistry and Molecular Biology,NA,0965-1748,2026-05-21,NA,els2025ukb
Insurance: Mathematics and Economics,NA,0167-6687,2026-05-21,NA,els2025ukb
Integration,NA,0167-9260,2026-05-21,NA,els2025ukb
Intelligence,NA,0160-2896,2026-05-21,NA,els2025ukb
Intelligence-Based Medicine,NA,2666-5212,2026-05-21,NA,els2025ukb
Intelligent Medicine,NA,2667-1026,2026-05-21,NA,els2025ukb
Intelligent Systems with Applications,NA,2667-3053,2026-05-21,NA,els2025ukb
Intensive and Critical Care Nursing,NA,0964-3397,2026-05-21,NA,els2025ukb
Interdisciplinary Neurosurgery,NA,2214-7519,2026-05-21,NA,els2025ukb
Intermetallics,NA,0966-9795,2026-05-21,NA,els2025ukb
International Biodeterioration & Biodegradation,NA,0964-8305,2026-05-21,NA,els2025ukb
International Business Review,NA,0969-5931,2026-05-21,NA,els2025ukb
International Communications in Heat and Mass Transfer,NA,0735-1933,2026-05-21,NA,els2025ukb
International Dairy Journal,NA,0958-6946,2026-05-21,NA,els2025ukb
International Dental Journal,NA,0020-6539,2026-05-21,NA,els2025ukb
International Economics,NA,2110-7017,2026-05-21,NA,els2025ukb
International Emergency Nursing,NA,1755-599X,2026-05-21,NA,els2025ukb
International Immunopharmacology,NA,1567-5769,2026-05-21,NA,els2025ukb
International Journal for Parasitology,NA,0020-7519,2026-05-21,NA,els2025ukb
International Journal for Parasitology: Drugs and Drug Resistance,NA,2211-3207,2026-05-21,NA,els2025ukb
International Journal for Parasitology: Parasites and Wildlife,NA,2213-2244,2026-05-21,NA,els2025ukb
International Journal of Accounting Information Systems,NA,1467-0895,2026-05-21,NA,els2025ukb
International Journal of Adhesion and Adhesives,NA,0143-7496,2026-05-21,NA,els2025ukb
International Journal of Africa Nursing Sciences,NA,2214-1391,2026-05-21,NA,els2025ukb
International Journal of Antimicrobial Agents,NA,0924-8579,2026-05-21,NA,els2025ukb
International Journal of Applied Earth Observation and Geoinformation,NA,1569-8432,2026-05-21,NA,els2025ukb
International Journal of Approximate Reasoning,NA,0888-613X,2026-05-21,NA,els2025ukb
International Journal of Biological Macromolecules,NA,0141-8130,2026-05-21,NA,els2025ukb
International Journal of Cardiology,NA,0167-5273,2026-05-21,NA,els2025ukb
International Journal of Cardiology Cardiovascular Risk and Prevention,NA,2772-4875,2026-05-21,NA,els2025ukb
International Journal of Cardiology Congenital Heart Disease,NA,2666-6685,2026-05-21,NA,els2025ukb
International Journal of Cardiology Innovations,NA,3051-4452,2026-05-21,NA,els2025ukb
International Journal of Child-Computer Interaction,NA,2212-8689,2026-05-21,NA,els2025ukb
International Journal of Clinical and Health Psychology,NA,1697-2600,2026-05-21,NA,els2025ukb
International Journal of Coal Geology,NA,0166-5162,2026-05-21,NA,els2025ukb
International Journal of Critical Infrastructure Protection,NA,1874-5482,2026-05-21,NA,els2025ukb
International Journal of Disaster Risk Reduction,NA,2212-4209,2026-05-21,NA,els2025ukb
International Journal of Drug Policy,NA,0955-3959,2026-05-21,NA,els2025ukb
International Journal of Educational Development,NA,0738-0593,2026-05-21,NA,els2025ukb
International Journal of Educational Research,NA,0883-0355,2026-05-21,NA,els2025ukb
International Journal of Educational Research Open,NA,2666-3740,2026-05-21,NA,els2025ukb
International Journal of Electrical Power & Energy Systems,NA,0142-0615,2026-05-21,NA,els2025ukb
International Journal of Electrochemical Science,NA,1452-3981,2026-05-21,NA,els2025ukb
International Journal of Engineering Science,NA,0020-7225,2026-05-21,NA,els2025ukb
International Journal of Fatigue,NA,0142-1123,2026-05-21,NA,els2025ukb
International Journal of Food Microbiology,NA,0168-1605,2026-05-21,NA,els2025ukb
International Journal of Forecasting,NA,0169-2070,2026-05-21,NA,els2025ukb
International Journal of Gastronomy and Food Science,NA,1878-450X,2026-05-21,NA,els2025ukb
International Journal of Greenhouse Gas Control,NA,1750-5836,2026-05-21,NA,els2025ukb
International Journal of Gynecological Cancer,NA,1048-891X,2026-05-21,NA,els2025ukb
International Journal of Heat and Fluid Flow,NA,0142-727X,2026-05-21,NA,els2025ukb
International Journal of Heat and Mass Transfer,NA,0017-9310,2026-05-21,NA,els2025ukb
International Journal of Hospitality Management,NA,0278-4319,2026-05-21,NA,els2025ukb
International Journal of Human-Computer Studies,NA,1071-5819,2026-05-21,NA,els2025ukb
International Journal of Hydrogen Energy,NA,0360-3199,2026-05-21,NA,els2025ukb
International Journal of Hygiene and Environmental Health,NA,1438-4639,2026-05-21,NA,els2025ukb
International Journal of Impact Engineering,NA,0734-743X,2026-05-21,NA,els2025ukb
International Journal of Industrial Ergonomics,NA,0169-8141,2026-05-21,NA,els2025ukb
International Journal of Industrial Organization,NA,0167-7187,2026-05-21,NA,els2025ukb
International Journal of Infectious Diseases,NA,1201-9712,2026-05-21,NA,els2025ukb
International Journal of Information Management,NA,0268-4012,2026-05-21,NA,els2025ukb
International Journal of Information Management Data Insights,NA,2667-0968,2026-05-21,NA,els2025ukb
International Journal of Intercultural Relations,NA,0147-1767,2026-05-21,NA,els2025ukb
International Journal of Law and Psychiatry,NA,0160-2527,2026-05-21,NA,els2025ukb
"International Journal of Law, Crime and Justice",NA,1756-0616,2026-05-21,NA,els2025ukb
International Journal of Machine Tools and Manufacture,NA,0890-6955,2026-05-21,NA,els2025ukb
International Journal of Mass Spectrometry,NA,1387-3806,2026-05-21,NA,els2025ukb
International Journal of Mechanical Sciences,NA,0020-7403,2026-05-21,NA,els2025ukb
International Journal of Medical Informatics,NA,1386-5056,2026-05-21,NA,els2025ukb
International Journal of Medical Microbiology,NA,1438-4221,2026-05-21,NA,els2025ukb
International Journal of Multiphase Flow,NA,0301-9322,2026-05-21,NA,els2025ukb
International Journal of Naval Architecture and Ocean Engineering,NA,2092-6782,2026-05-21,NA,els2025ukb
International Journal of Non-Linear Mechanics,NA,0020-7462,2026-05-21,NA,els2025ukb
International Journal of Nursing Studies,NA,0020-7489,2026-05-21,NA,els2025ukb
International Journal of Nursing Studies Advances,NA,2666-142X,2026-05-21,NA,els2025ukb
International Journal of Obstetric Anesthesia,NA,0959-289X,2026-05-21,NA,els2025ukb
International Journal of Oral and Maxillofacial Surgery,NA,0901-5027,2026-05-21,NA,els2025ukb
International Journal of Orthopaedic and Trauma Nursing,NA,1878-1241,2026-05-21,NA,els2025ukb
International Journal of Osteopathic Medicine,NA,1746-0689,2026-05-21,NA,els2025ukb
International Journal of Paleopathology,NA,1879-9817,2026-05-21,NA,els2025ukb
International Journal of Particle Therapy,NA,2331-5180,2026-05-21,NA,els2025ukb
International Journal of Pediatric Otorhinolaryngology,NA,0165-5876,2026-05-21,NA,els2025ukb
International Journal of Pharmaceutics,NA,0378-5173,2026-05-21,NA,els2025ukb
International Journal of Pharmaceutics: X,NA,2590-1567,2026-05-21,NA,els2025ukb
International Journal of Plasticity,NA,0749-6419,2026-05-21,NA,els2025ukb
International Journal of Pressure Vessels and Piping,NA,0308-0161,2026-05-21,NA,els2025ukb
International Journal of Production Economics,NA,0925-5273,2026-05-21,NA,els2025ukb
International Journal of Project Management,NA,0263-7863,2026-05-21,NA,els2025ukb
International Journal of Psychophysiology,NA,0167-8760,2026-05-21,NA,els2025ukb
"International Journal of Radiation Oncology, Biology, Physics",NA,0360-3016,2026-05-21,NA,els2025ukb
International Journal of Refractory Metals and Hard Materials,NA,0263-4368,2026-05-21,NA,els2025ukb
International Journal of Refrigeration,NA,0140-7007,2026-05-21,NA,els2025ukb
International Journal of Research in Marketing,NA,0167-8116,2026-05-21,NA,els2025ukb
International Journal of Rock Mechanics and Mining Sciences,NA,1365-1609,2026-05-21,NA,els2025ukb
International Journal of Solids and Structures,NA,0020-7683,2026-05-21,NA,els2025ukb
International Journal of Thermal Sciences,NA,1290-0729,2026-05-21,NA,els2025ukb
International Journal of Thermofluids,NA,2666-2027,2026-05-21,NA,els2025ukb
International Orthodontics,NA,1761-7227,2026-05-21,NA,els2025ukb
International Psychogeriatrics,NA,1041-6102,2026-05-21,NA,els2025ukb
International Review of Economics & Finance,NA,1059-0560,2026-05-21,NA,els2025ukb
International Review of Economics Education,NA,1477-3880,2026-05-21,NA,els2025ukb
International Review of Financial Analysis,NA,1057-5219,2026-05-21,NA,els2025ukb
International Review of Law and Economics,NA,0144-8188,2026-05-21,NA,els2025ukb
Internet Interventions,NA,2214-7829,2026-05-21,NA,els2025ukb
Internet of Things,NA,2542-6605,2026-05-21,NA,els2025ukb
Intestinal Failure,NA,2950-4562,2026-05-21,NA,els2025ukb
Invention Disclosure,NA,2772-4441,2026-05-21,NA,els2025ukb
iPharma,NA,3117-4701,2026-05-21,NA,els2025ukb
IRBM,NA,1959-0318,2026-05-21,NA,els2025ukb
ISA Transactions,NA,0019-0578,2026-05-21,NA,els2025ukb
iScience,NA,2589-0042,2026-05-21,NA,els2025ukb
ISPRS Journal of Photogrammetry and Remote Sensing,NA,0924-2716,2026-05-21,NA,els2025ukb
ISPRS Open Journal of Photogrammetry and Remote Sensing,NA,2667-3932,2026-05-21,NA,els2025ukb
Italian Journal of Agronomy,NA,1125-4718,2026-05-21,NA,els2025ukb
JAACAP Open,NA,2949-7329,2026-05-21,NA,els2025ukb
JAAD Case Reports,NA,2352-5126,2026-05-21,NA,els2025ukb
JAAD International,NA,2666-3287,2026-05-21,NA,els2025ukb
JAAD Reviews,NA,2950-1989,2026-05-21,NA,els2025ukb
JACC: Advances,NA,2772-963X,2026-05-21,NA,els2025ukb
JACC: Asia,NA,2772-3747,2026-05-21,NA,els2025ukb
JACC: Cardiovascular Imaging,NA,1936-878X,2026-05-21,NA,els2025ukb
JACC: Cardiovascular Interventions,NA,1936-8798,2026-05-21,NA,els2025ukb
JACC: Clinical Electrophysiology,NA,2405-500X,2026-05-21,NA,els2025ukb
JACC: Heart Failure,NA,2213-1779,2026-05-21,NA,els2025ukb
JACEP Open,NA,2688-1152,2026-05-21,NA,els2025ukb
JADA Foundational Science,NA,2772-414X,2026-05-21,NA,els2025ukb
JAND Global Reports,NA,3050-7189,2026-05-21,NA,els2025ukb
Japan and the World Economy,NA,0922-1425,2026-05-21,NA,els2025ukb
JAPhA Pharmacotherapy,NA,2949-9623,2026-05-21,NA,els2025ukb
JAPhA Practice Innovations,NA,2949-9690,2026-05-21,NA,els2025ukb
JCA Advances,NA,2950-5534,2026-05-21,NA,els2025ukb
JCIS Open,NA,2666-934X,2026-05-21,NA,els2025ukb
JEM International,NA,3051-3227,2026-05-21,NA,els2025ukb
JEM Reports,NA,2773-2320,2026-05-21,NA,els2025ukb
JFO Open Ophthalmology,NA,2949-8899,2026-05-21,NA,els2025ukb
JHEP Reports,NA,2589-5559,2026-05-21,NA,els2025ukb
JHLT Open,NA,2950-1334,2026-05-21,NA,els2025ukb
JID Innovations,NA,2667-0267,2026-05-21,NA,els2025ukb
Joint Bone Spine,NA,1297-319X,2026-05-21,NA,els2025ukb
Jornal de Pediatria,NA,0021-7557,2026-05-21,NA,els2025ukb
JOS Case Reports,NA,2772-9648,2026-05-21,NA,els2025ukb
Journal de Chirurgie Viscérale,NA,1878-786X,2026-05-21,NA,els2025ukb
Journal de Mathématiques Pures et Appliquées,NA,0021-7824,2026-05-21,NA,els2025ukb
Journal de Pédiatrie et de Puériculture,NA,0987-7983,2026-05-21,NA,els2025ukb
Journal de Traumatologie du Sport,NA,0762-915X,2026-05-21,NA,els2025ukb
Journal d'Imagerie Diagnostique et Interventionnelle,NA,2543-3431,2026-05-21,NA,els2025ukb
Journal for Nature Conservation,NA,1617-1381,2026-05-21,NA,els2025ukb
Journal Français d'Ophtalmologie,NA,0181-5512,2026-05-21,NA,els2025ukb
Journal of AAPOS,NA,1091-8531,2026-05-21,NA,els2025ukb
Journal of Accounting and Economics,NA,0165-4101,2026-05-21,NA,els2025ukb
Journal of Accounting and Public Policy,NA,0278-4254,2026-05-21,NA,els2025ukb
Journal of Accounting Education,NA,0748-5751,2026-05-21,NA,els2025ukb
Journal of Adolescent Health,NA,1054-139X,2026-05-21,NA,els2025ukb
Journal of Advanced Joining Processes,NA,2666-3309,2026-05-21,NA,els2025ukb
Journal of Advanced Research,NA,2090-1232,2026-05-21,NA,els2025ukb
Journal of Aerosol Science,NA,0021-8502,2026-05-21,NA,els2025ukb
Journal of Affective Disorders,NA,0165-0327,2026-05-21,NA,els2025ukb
Journal of Affective Disorders Reports,NA,2666-9153,2026-05-21,NA,els2025ukb
Journal of African Earth Sciences,NA,1464-343X,2026-05-21,NA,els2025ukb
Journal of Aging Studies,NA,0890-4065,2026-05-21,NA,els2025ukb
Journal of Agriculture and Food Research,NA,2666-1543,2026-05-21,NA,els2025ukb
Journal of Air Transport Management,NA,0969-6997,2026-05-21,NA,els2025ukb
Journal of Algebra,NA,0021-8693,2026-05-21,NA,els2025ukb
Journal of Allergy and Clinical Immunology,NA,0091-6749,2026-05-21,NA,els2025ukb
Journal of Allergy and Clinical Immunology: Global,NA,2772-8293,2026-05-21,NA,els2025ukb
Journal of Allergy and Hypersensitivity Diseases,NA,2950-3124,2026-05-21,NA,els2025ukb
Journal of Alloys and Compounds,NA,0925-8388,2026-05-21,NA,els2025ukb
Journal of Alloys and Compounds Communications,NA,2950-2845,2026-05-21,NA,els2025ukb
Journal of Alloys and Metallurgical Systems,NA,2949-9178,2026-05-21,NA,els2025ukb
Journal of Analytical and Applied Pyrolysis,NA,0165-2370,2026-05-21,NA,els2025ukb
Journal of Anthropological Archaeology,NA,0278-4165,2026-05-21,NA,els2025ukb
Journal of Anxiety Disorders,NA,0887-6185,2026-05-21,NA,els2025ukb
Journal of Applied Developmental Psychology,NA,0193-3973,2026-05-21,NA,els2025ukb
Journal of Applied Geophysics,NA,0926-9851,2026-05-21,NA,els2025ukb
Journal of Applied Poultry Research,NA,1056-6171,2026-05-21,NA,els2025ukb
Journal of Applied Research on Medicinal and Aromatic Plants,NA,2214-7861,2026-05-21,NA,els2025ukb
Journal of Approximation Theory,NA,0021-9045,2026-05-21,NA,els2025ukb
Journal of Aquatic Plants,NA,3051-2301,2026-05-21,NA,els2025ukb
Journal of Archaeological Science,NA,0305-4403,2026-05-21,NA,els2025ukb
Journal of Archaeological Science: Reports,NA,2352-409X,2026-05-21,NA,els2025ukb
Journal of Arid Environments,NA,0140-1963,2026-05-21,NA,els2025ukb
Journal of Arthroplasty,NA,0883-5403,2026-05-21,NA,els2025ukb
Journal of Asian Earth Sciences,NA,1367-9120,2026-05-21,NA,els2025ukb
Journal of Asian Earth Sciences: X,NA,2590-0560,2026-05-21,NA,els2025ukb
Journal of Asian Economics,NA,1049-0078,2026-05-21,NA,els2025ukb
Journal of Asia-Pacific Entomology,NA,1226-8615,2026-05-21,NA,els2025ukb
Journal of Atmospheric and Solar-Terrestrial Physics,NA,1364-6826,2026-05-21,NA,els2025ukb
Journal of Autoimmunity,NA,0896-8411,2026-05-21,NA,els2025ukb
Journal of Ayurveda and Integrative Medicine,NA,0975-9476,2026-05-21,NA,els2025ukb
Journal of Banking & Finance,NA,0378-4266,2026-05-21,NA,els2025ukb
Journal of Behavior Therapy and Experimental Psychiatry,NA,0005-7916,2026-05-21,NA,els2025ukb
Journal of Behavioral and Cognitive Therapy,NA,2589-9791,2026-05-21,NA,els2025ukb
Journal of Behavioral and Experimental Economics,NA,2214-8043,2026-05-21,NA,els2025ukb
Journal of Behavioral and Experimental Finance,NA,2214-6350,2026-05-21,NA,els2025ukb
Journal of Biomechanics,NA,0021-9290,2026-05-21,NA,els2025ukb
Journal of Biomechanics Open,NA,3051-1313,2026-05-21,NA,els2025ukb
Journal of Biomedical Informatics,NA,1532-0464,2026-05-21,NA,els2025ukb
Journal of Biotechnology,NA,0168-1656,2026-05-21,NA,els2025ukb
Journal of Bodywork and Movement Therapies,NA,1360-8592,2026-05-21,NA,els2025ukb
Journal of Bone Oncology,NA,2212-1374,2026-05-21,NA,els2025ukb
Journal of Building Engineering,NA,2352-7102,2026-05-21,NA,els2025ukb
Journal of Business Research,NA,0148-2963,2026-05-21,NA,els2025ukb
Journal of Business Venturing,NA,0883-9026,2026-05-21,NA,els2025ukb
Journal of Business Venturing Design,NA,2667-2774,2026-05-21,NA,els2025ukb
Journal of Business Venturing Insights,NA,2352-6734,2026-05-21,NA,els2025ukb
Journal of Cancer Policy,NA,2213-5383,2026-05-21,NA,els2025ukb
Journal of Cardiac Failure,NA,1071-9164,2026-05-21,NA,els2025ukb
Journal of Cardiac Failure - Intersections,NA,3050-6611,2026-05-21,NA,els2025ukb
Journal of Cardiology,NA,0914-5087,2026-05-21,NA,els2025ukb
Journal of Cardiology Cases,NA,1878-5409,2026-05-21,NA,els2025ukb
Journal of Cardiothoracic and Vascular Anesthesia,NA,1053-0770,2026-05-21,NA,els2025ukb
Journal of Cardiovascular Computed Tomography,NA,1934-5925,2026-05-21,NA,els2025ukb
Journal of Cardiovascular Magnetic Resonance,NA,1097-6647,2026-05-21,NA,els2025ukb
Journal of Cartilage & Joint Preservation,NA,2667-2545,2026-05-21,NA,els2025ukb
Journal of Catalysis,NA,0021-9517,2026-05-21,NA,els2025ukb
Journal of Cereal Science,NA,0733-5210,2026-05-21,NA,els2025ukb
Journal of Chiropractic Humanities,NA,1556-3499,2026-05-21,NA,els2025ukb
Journal of Chiropractic Medicine,NA,1556-3707,2026-05-21,NA,els2025ukb
Journal of Choice Modelling,NA,1755-5345,2026-05-21,NA,els2025ukb
Journal of Chromatography A,NA,0021-9673,2026-05-21,NA,els2025ukb
Journal of Chromatography B,NA,1570-0232,2026-05-21,NA,els2025ukb
Journal of Chromatography Open,NA,2772-3917,2026-05-21,NA,els2025ukb
Journal of Cleaner Production,NA,0959-6526,2026-05-21,NA,els2025ukb
Journal of Climate Finance,NA,2949-7280,2026-05-21,NA,els2025ukb
Journal of Clinical and Experimental Hepatology,NA,0973-6883,2026-05-21,NA,els2025ukb
Journal of Clinical and Translational Endocrinology,NA,2214-6237,2026-05-21,NA,els2025ukb
Journal of Clinical and Translational Endocrinology: Case Reports,NA,2214-6245,2026-05-21,NA,els2025ukb
Journal of Clinical Anesthesia,NA,0952-8180,2026-05-21,NA,els2025ukb
Journal of Clinical Densitometry,NA,1094-6950,2026-05-21,NA,els2025ukb
Journal of Clinical Epidemiology,NA,0895-4356,2026-05-21,NA,els2025ukb
Journal of Clinical Lipidology,NA,1933-2874,2026-05-21,NA,els2025ukb
Journal of Clinical Neuroscience,NA,0967-5868,2026-05-21,NA,els2025ukb
Journal of Clinical Orthopaedics and Trauma,NA,0976-5662,2026-05-21,NA,els2025ukb
Journal of Clinical Tuberculosis and Other Mycobacterial Diseases,NA,2405-5794,2026-05-21,NA,els2025ukb
Journal of Clinical Virology,NA,1386-6532,2026-05-21,NA,els2025ukb
Journal of Clinical Virology Plus,NA,2667-0380,2026-05-21,NA,els2025ukb
Journal of CO2 Utilization,NA,2212-9820,2026-05-21,NA,els2025ukb
Journal of Colloid and Interface Science,NA,0021-9797,2026-05-21,NA,els2025ukb
"Journal of Combinatorial Theory, Series A",NA,0097-3165,2026-05-21,NA,els2025ukb
"Journal of Combinatorial Theory, Series B",NA,0095-8956,2026-05-21,NA,els2025ukb
Journal of Commodity Markets,NA,2405-8513,2026-05-21,NA,els2025ukb
Journal of Communication Disorders,NA,0021-9924,2026-05-21,NA,els2025ukb
Journal of Comparative Economics,NA,0147-5967,2026-05-21,NA,els2025ukb
Journal of Comparative Pathology,NA,0021-9975,2026-05-21,NA,els2025ukb
Journal of Complexity,NA,0885-064X,2026-05-21,NA,els2025ukb
Journal of Computational Algebra,NA,2772-8277,2026-05-21,NA,els2025ukb
Journal of Computational and Applied Mathematics,NA,0377-0427,2026-05-21,NA,els2025ukb
Journal of Computational Mathematics and Data Science,NA,2772-4158,2026-05-21,NA,els2025ukb
Journal of Computational Physics,NA,0021-9991,2026-05-21,NA,els2025ukb
Journal of Computational Science,NA,1877-7503,2026-05-21,NA,els2025ukb
Journal of Computer and System Sciences,NA,0022-0000,2026-05-21,NA,els2025ukb
Journal of Computer Languages,NA,2590-1184,2026-05-21,NA,els2025ukb
Journal of Constructional Steel Research,NA,0143-974X,2026-05-21,NA,els2025ukb
Journal of Contaminant Hydrology,NA,0169-7722,2026-05-21,NA,els2025ukb
Journal of Contemporary Accounting & Economics,NA,1815-5669,2026-05-21,NA,els2025ukb
Journal of Contextual Behavioral Science,NA,2212-1447,2026-05-21,NA,els2025ukb
Journal of Controlled Release,NA,0168-3659,2026-05-21,NA,els2025ukb
Journal of Co-operative Organization and Management,NA,2213-297X,2026-05-21,NA,els2025ukb
Journal of Corporate Finance,NA,0929-1199,2026-05-21,NA,els2025ukb
Journal of Cranio-Maxillofacial Surgery,NA,1010-5182,2026-05-21,NA,els2025ukb
Journal of Creativity,NA,2713-3745,2026-05-21,NA,els2025ukb
Journal of Criminal Justice,NA,0047-2352,2026-05-21,NA,els2025ukb
Journal of Critical Care,NA,0883-9441,2026-05-21,NA,els2025ukb
Journal of Crystal Growth,NA,0022-0248,2026-05-21,NA,els2025ukb
Journal of Cultural Heritage,NA,1296-2074,2026-05-21,NA,els2025ukb
Journal of Cycling and Micromobility Research,NA,2950-1059,2026-05-21,NA,els2025ukb
Journal of Cystic Fibrosis,NA,1569-1993,2026-05-21,NA,els2025ukb
Journal of Dairy Science,NA,0022-0302,2026-05-21,NA,els2025ukb
Journal of Dentistry,NA,0300-5712,2026-05-21,NA,els2025ukb
Journal of Dermatological Science,NA,0923-1811,2026-05-21,NA,els2025ukb
Journal of Destination Marketing & Management,NA,2212-571X,2026-05-21,NA,els2025ukb
Journal of Development Economics,NA,0304-3878,2026-05-21,NA,els2025ukb
Journal of Diabetes and its Complications,NA,1056-8727,2026-05-21,NA,els2025ukb
Journal of Differential Equations,NA,0022-0396,2026-05-21,NA,els2025ukb
Journal of Drug Delivery Science and Technology,NA,1773-2247,2026-05-21,NA,els2025ukb
Journal of Econometrics,NA,0304-4076,2026-05-21,NA,els2025ukb
Journal of Economic Behavior & Organization,NA,0167-2681,2026-05-21,NA,els2025ukb
Journal of Economic Criminology,NA,2949-7914,2026-05-21,NA,els2025ukb
Journal of Economic Dynamics and Control,NA,0165-1889,2026-05-21,NA,els2025ukb
Journal of Economic Psychology,NA,0167-4870,2026-05-21,NA,els2025ukb
Journal of Economic Theory,NA,0022-0531,2026-05-21,NA,els2025ukb
Journal of Economics and Business,NA,0148-6195,2026-05-21,NA,els2025ukb
Journal of Electroanalytical Chemistry,NA,1572-6657,2026-05-21,NA,els2025ukb
Journal of Electrocardiology,NA,0022-0736,2026-05-21,NA,els2025ukb
Journal of Electromyography and Kinesiology,NA,1050-6411,2026-05-21,NA,els2025ukb
Journal of Electron Spectroscopy and Related Phenomena,NA,0368-2048,2026-05-21,NA,els2025ukb
Journal of Electrostatics,NA,0304-3886,2026-05-21,NA,els2025ukb
Journal of Emergency Nursing,NA,0099-1767,2026-05-21,NA,els2025ukb
Journal of Empirical Finance,NA,0927-5398,2026-05-21,NA,els2025ukb
Journal of Endodontics,NA,0099-2399,2026-05-21,NA,els2025ukb
Journal of Energy Chemistry,NA,2095-4956,2026-05-21,NA,els2025ukb
Journal of Energy Storage,NA,2352-152X,2026-05-21,NA,els2025ukb
Journal of Engineering and Technology Management,NA,0923-4748,2026-05-21,NA,els2025ukb
Journal of Engineering Research,NA,2307-1877,2026-05-21,NA,els2025ukb
Journal of English for Academic Purposes,NA,1475-1585,2026-05-21,NA,els2025ukb
Journal of Environmental Chemical Engineering,NA,2213-3437,2026-05-21,NA,els2025ukb
Journal of Environmental Economics and Management,NA,0095-0696,2026-05-21,NA,els2025ukb
Journal of Environmental Management,NA,0301-4797,2026-05-21,NA,els2025ukb
Journal of Environmental Psychology,NA,0272-4944,2026-05-21,NA,els2025ukb
Journal of Environmental Radioactivity,NA,0265-931X,2026-05-21,NA,els2025ukb
Journal of Environmental Sciences,NA,1001-0742,2026-05-21,NA,els2025ukb
Journal of Epidemiology and Population Health,NA,2950-4333,2026-05-21,NA,els2025ukb
Journal of Equine Veterinary Science,NA,0737-0806,2026-05-21,NA,els2025ukb
Journal of Ethnopharmacology,NA,0378-8741,2026-05-21,NA,els2025ukb
Journal of Evidence-Based Dental Practice,NA,1532-3382,2026-05-21,NA,els2025ukb
Journal of Exercise Science & Fitness,NA,1728-869X,2026-05-21,NA,els2025ukb
Journal of Exotic Pet Medicine,NA,1557-5063,2026-05-21,NA,els2025ukb
Journal of Experimental Child Psychology,NA,0022-0965,2026-05-21,NA,els2025ukb
Journal of Experimental Horticulture,NA,3051-1186,2026-05-21,NA,els2025ukb
Journal of Experimental Marine Biology and Ecology,NA,0022-0981,2026-05-21,NA,els2025ukb
Journal of Experimental Social Psychology,NA,0022-1031,2026-05-21,NA,els2025ukb
Journal of Family Business Strategy,NA,1877-8585,2026-05-21,NA,els2025ukb
Journal of Financial Economics,NA,0304-405X,2026-05-21,NA,els2025ukb
Journal of Financial Intermediation,NA,1042-9573,2026-05-21,NA,els2025ukb
Journal of Financial Markets,NA,1386-4181,2026-05-21,NA,els2025ukb
Journal of Financial Stability,NA,1572-3089,2026-05-21,NA,els2025ukb
Journal of Fluency Disorders,NA,0094-730X,2026-05-21,NA,els2025ukb
Journal of Fluids and Structures,NA,0889-9746,2026-05-21,NA,els2025ukb
Journal of Fluorine Chemistry,NA,0022-1139,2026-05-21,NA,els2025ukb
Journal of Food Composition and Analysis,NA,0889-1575,2026-05-21,NA,els2025ukb
Journal of Food Engineering,NA,0260-8774,2026-05-21,NA,els2025ukb
Journal of Food Protection,NA,0362-028X,2026-05-21,NA,els2025ukb
Journal of Forensic and Legal Medicine,NA,1752-928X,2026-05-21,NA,els2025ukb
Journal of Functional Analysis,NA,0022-1236,2026-05-21,NA,els2025ukb
Journal of Functional Foods,NA,1756-4646,2026-05-21,NA,els2025ukb
Journal of Gastrointestinal Surgery,NA,1091-255X,2026-05-21,NA,els2025ukb
Journal of Gastrointestinal Surgery Open,NA,3117-3586,2026-05-21,NA,els2025ukb
Journal of Genetic Engineering and Biotechnology,NA,1687-157X,2026-05-21,NA,els2025ukb
Journal of Genetics and Genomics,NA,1673-8527,2026-05-21,NA,els2025ukb
Journal of Geochemical Exploration,NA,0375-6742,2026-05-21,NA,els2025ukb
Journal of Geodynamics,NA,0264-3707,2026-05-21,NA,els2025ukb
Journal of Geometry and Physics,NA,0393-0440,2026-05-21,NA,els2025ukb
Journal of Geriatric Oncology,NA,1879-4068,2026-05-21,NA,els2025ukb
Journal of Global Antimicrobial Resistance,NA,2213-7165,2026-05-21,NA,els2025ukb
Journal of Great Lakes Research,NA,0380-1330,2026-05-21,NA,els2025ukb
Journal of Gynecology Obstetrics and Human Reproduction,NA,2468-7847,2026-05-21,NA,els2025ukb
Journal of Hand and Microsurgery,NA,0974-3227,2026-05-21,NA,els2025ukb
Journal of Hand Surgery Global Online,NA,2589-5141,2026-05-21,NA,els2025ukb
Journal of Hand Therapy,NA,0894-1130,2026-05-21,NA,els2025ukb
Journal of Hazardous Materials,NA,0304-3894,2026-05-21,NA,els2025ukb
Journal of Hazardous Materials Advances,NA,2772-4166,2026-05-21,NA,els2025ukb
Journal of Hazardous Materials Letters,NA,2666-9110,2026-05-21,NA,els2025ukb
Journal of Hazardous Materials: Organics,NA,3051-0597,2026-05-21,NA,els2025ukb
Journal of Hazardous Materials: Plastics,NA,3051-0600,2026-05-21,NA,els2025ukb
Journal of Health Economics,NA,0167-6296,2026-05-21,NA,els2025ukb
Journal of Healthcare Quality Research,NA,2603-6479,2026-05-21,NA,els2025ukb
Journal of Hepatology,NA,0168-8278,2026-05-21,NA,els2025ukb
Journal of Herbal Medicine,NA,2210-8033,2026-05-21,NA,els2025ukb
Journal of High Energy Astrophysics,NA,2214-4048,2026-05-21,NA,els2025ukb
Journal of Historical Geography,NA,0305-7488,2026-05-21,NA,els2025ukb
Journal of Hospital Infection,NA,0195-6701,2026-05-21,NA,els2025ukb
Journal of Hospitality and Tourism Management,NA,1447-6770,2026-05-21,NA,els2025ukb
"Journal of Hospitality, Leisure, Sport & Tourism Education",NA,1473-8376,2026-05-21,NA,els2025ukb
Journal of Housing Economics,NA,1051-1377,2026-05-21,NA,els2025ukb
Journal of Human Evolution,NA,0047-2484,2026-05-21,NA,els2025ukb
Journal of Hydro-environment Research,NA,1570-6443,2026-05-21,NA,els2025ukb
Journal of Hydrology,NA,0022-1694,2026-05-21,NA,els2025ukb
Journal of Hydrology X,NA,2589-9155,2026-05-21,NA,els2025ukb
Journal of Hydrology: Regional Studies,NA,2214-5818,2026-05-21,NA,els2025ukb
Journal of Immunological Methods,NA,0022-1759,2026-05-21,NA,els2025ukb
Journal of Industrial and Engineering Chemistry,NA,1226-086X,2026-05-21,NA,els2025ukb
Journal of Industrial Information Integration,NA,2452-414X,2026-05-21,NA,els2025ukb
Journal of Infection,NA,0163-4453,2026-05-21,NA,els2025ukb
Journal of Infection and Public Health,NA,1876-0341,2026-05-21,NA,els2025ukb
Journal of Information Security and Applications,NA,2214-2126,2026-05-21,NA,els2025ukb
Journal of Informetrics,NA,1751-1577,2026-05-21,NA,els2025ukb
Journal of Innovation & Knowledge,NA,2444-569X,2026-05-21,NA,els2025ukb
Journal of Inorganic Biochemistry,NA,0162-0134,2026-05-21,NA,els2025ukb
Journal of Insect Physiology,NA,0022-1910,2026-05-21,NA,els2025ukb
Journal of Integrative Medicine,NA,2095-4964,2026-05-21,NA,els2025ukb
Journal of Intensive Medicine,NA,2667-100X,2026-05-21,NA,els2025ukb
"Journal of International Accounting, Auditing and Taxation",NA,1061-9518,2026-05-21,NA,els2025ukb
Journal of International Economics,NA,0022-1996,2026-05-21,NA,els2025ukb
"Journal of International Financial Markets, Institutions & Money",NA,1042-4431,2026-05-21,NA,els2025ukb
Journal of International Management,NA,1075-4253,2026-05-21,NA,els2025ukb
Journal of International Money and Finance,NA,0261-5606,2026-05-21,NA,els2025ukb
Journal of Interprofessional Education & Practice,NA,2405-4526,2026-05-21,NA,els2025ukb
Journal of Invertebrate Pathology,NA,0022-2011,2026-05-21,NA,els2025ukb
Journal of Investigative Dermatology,NA,0022-202X,2026-05-21,NA,els2025ukb
Journal of Ionic Liquids,NA,2772-4220,2026-05-21,NA,els2025ukb
Journal of ISAKOS,NA,2059-7754,2026-05-21,NA,els2025ukb
Journal of Liver Transplantation,NA,2666-9676,2026-05-21,NA,els2025ukb
Journal of Logical and Algebraic Methods in Programming,NA,2352-2208,2026-05-21,NA,els2025ukb
Journal of Loss Prevention in the Process Industries,NA,0950-4230,2026-05-21,NA,els2025ukb
Journal of Luminescence,NA,0022-2313,2026-05-21,NA,els2025ukb
Journal of Macroeconomics,NA,0164-0704,2026-05-21,NA,els2025ukb
Journal of Magnetic Resonance,NA,1090-7807,2026-05-21,NA,els2025ukb
Journal of Magnetic Resonance Open,NA,2666-4410,2026-05-21,NA,els2025ukb
Journal of Magnetism and Magnetic Materials,NA,0304-8853,2026-05-21,NA,els2025ukb
Journal of Manufacturing Processes,NA,1526-6125,2026-05-21,NA,els2025ukb
Journal of Manufacturing Systems,NA,0278-6125,2026-05-21,NA,els2025ukb
Journal of Marine Systems,NA,0924-7963,2026-05-21,NA,els2025ukb
Journal of Materials Processing Technology,NA,0924-0136,2026-05-21,NA,els2025ukb
Journal of Materials Research and Technology,NA,2238-7854,2026-05-21,NA,els2025ukb
Journal of Materials Science & Technology,NA,1005-0302,2026-05-21,NA,els2025ukb
Journal of Materiomics,NA,2352-8478,2026-05-21,NA,els2025ukb
Journal of Mathematical Analysis and Applications,NA,0022-247X,2026-05-21,NA,els2025ukb
Journal of Mathematical Economics,NA,0304-4068,2026-05-21,NA,els2025ukb
Journal of Mathematical Psychology,NA,0022-2496,2026-05-21,NA,els2025ukb
Journal of Medical Imaging and Radiation Sciences,NA,1939-8654,2026-05-21,NA,els2025ukb
Journal of Medical Mycology,NA,1156-5233,2026-05-21,NA,els2025ukb
"Journal of Medicine, Surgery, and Public Health",NA,2949-916X,2026-05-21,NA,els2025ukb
Journal of Membrane Science,NA,0376-7388,2026-05-21,NA,els2025ukb
Journal of Membrane Science Letters,NA,2772-4212,2026-05-21,NA,els2025ukb
Journal of Memory and Language,NA,0749-596X,2026-05-21,NA,els2025ukb
Journal of Microbiological Methods,NA,0167-7012,2026-05-21,NA,els2025ukb
"Journal of Microbiology, Immunology and Infection",NA,1684-1182,2026-05-21,NA,els2025ukb
Journal of Migration and Health,NA,2666-6235,2026-05-21,NA,els2025ukb
Journal of Minimally Invasive Gynecology,NA,1553-4650,2026-05-21,NA,els2025ukb
Journal of Molecular and Cellular Cardiology,NA,0022-2828,2026-05-21,NA,els2025ukb
Journal of Molecular and Cellular Cardiology Plus,NA,2772-9761,2026-05-21,NA,els2025ukb
Journal of Molecular Biology,NA,0022-2836,2026-05-21,NA,els2025ukb
Journal of Molecular Graphics and Modelling,NA,1093-3263,2026-05-21,NA,els2025ukb
Journal of Molecular Liquids,NA,0167-7322,2026-05-21,NA,els2025ukb
Journal of Molecular Spectroscopy,NA,0022-2852,2026-05-21,NA,els2025ukb
Journal of Molecular Structure,NA,0022-2860,2026-05-21,NA,els2025ukb
Journal of Monetary Economics,NA,0304-3932,2026-05-21,NA,els2025ukb
Journal of Mood & Anxiety Disorders,NA,2950-0044,2026-05-21,NA,els2025ukb
Journal of Multinational Financial Management,NA,1042-444X,2026-05-21,NA,els2025ukb
Journal of Multivariate Analysis,NA,0047-259X,2026-05-21,NA,els2025ukb
Journal of Natural Pesticide Research,NA,2773-0786,2026-05-21,NA,els2025ukb
Journal of Neonatal Nursing,NA,1355-1841,2026-05-21,NA,els2025ukb
Journal of Network and Computer Applications,NA,1084-8045,2026-05-21,NA,els2025ukb
Journal of Neuroimmunology,NA,0165-5728,2026-05-21,NA,els2025ukb
Journal of Neurolinguistics,NA,0911-6044,2026-05-21,NA,els2025ukb
Journal of Neuroradiology,NA,0150-9861,2026-05-21,NA,els2025ukb
Journal of Neurorestoratology,NA,2324-2426,2026-05-21,NA,els2025ukb
Journal of Neuroscience Methods,NA,0165-0270,2026-05-21,NA,els2025ukb
Journal of Non-Crystalline Solids,NA,0022-3093,2026-05-21,NA,els2025ukb
Journal of Non-Newtonian Fluid Mechanics,NA,0377-0257,2026-05-21,NA,els2025ukb
Journal of Nuclear Cardiology,NA,1071-3581,2026-05-21,NA,els2025ukb
Journal of Nuclear Materials,NA,0022-3115,2026-05-21,NA,els2025ukb
Journal of Number Theory,NA,0022-314X,2026-05-21,NA,els2025ukb
Journal of Nursing Regulation,NA,2155-8256,2026-05-21,NA,els2025ukb
Journal of Nutrition Education and Behavior,NA,1499-4046,2026-05-21,NA,els2025ukb
Journal of Obsessive-Compulsive and Related Disorders,NA,2211-3649,2026-05-21,NA,els2025ukb
"Journal of Obstetric, Gynecologic, & Neonatal Nursing",NA,0884-2175,2026-05-21,NA,els2025ukb
Journal of Obstetrics and Gynaecology Canada,NA,1701-2163,2026-05-21,NA,els2025ukb
Journal of Ocean Engineering and Science,NA,2468-0133,2026-05-21,NA,els2025ukb
"Journal of Open Innovation: Technology, Market, and Complexity",NA,2199-8531,2026-05-21,NA,els2025ukb
Journal of Optometry,NA,1888-4296,2026-05-21,NA,els2025ukb
Journal of Oral and Maxillofacial Surgery,NA,0278-2391,2026-05-21,NA,els2025ukb
"Journal of Oral and Maxillofacial Surgery, Medicine, and Pathology",NA,2212-5558,2026-05-21,NA,els2025ukb
Journal of Oral Biology and Craniofacial Research,NA,2212-4268,2026-05-21,NA,els2025ukb
Journal of Oral Biosciences,NA,1349-0079,2026-05-21,NA,els2025ukb
Journal of Organometallic Chemistry,NA,0022-328X,2026-05-21,NA,els2025ukb
Journal of Orthopaedic Reports,NA,2773-157X,2026-05-21,NA,els2025ukb
Journal of Orthopaedic Science,NA,0949-2658,2026-05-21,NA,els2025ukb
Journal of Orthopaedic Translation,NA,2214-031X,2026-05-21,NA,els2025ukb
Journal of Orthopaedics,NA,0972-978X,2026-05-21,NA,els2025ukb
Journal of Outdoor Recreation and Tourism,NA,2213-0780,2026-05-21,NA,els2025ukb
Journal of Pain and Symptom Management,NA,0885-3924,2026-05-21,NA,els2025ukb
Journal of Parallel and Distributed Computing,NA,0743-7315,2026-05-21,NA,els2025ukb
Journal of Pathology Informatics,NA,2153-3539,2026-05-21,NA,els2025ukb
Journal of Pediatric and Adolescent Gynecology,NA,1083-3188,2026-05-21,NA,els2025ukb
Journal of Pediatric Health Care,NA,0891-5245,2026-05-21,NA,els2025ukb
Journal of Pediatric Nursing,NA,0882-5963,2026-05-21,NA,els2025ukb
Journal of Pediatric Surgery,NA,0022-3468,2026-05-21,NA,els2025ukb
Journal of Pediatric Surgery Case Reports,NA,2213-5766,2026-05-21,NA,els2025ukb
Journal of Pediatric Surgery Open,NA,2949-7116,2026-05-21,NA,els2025ukb
Journal of Pediatric Urology,NA,1477-5131,2026-05-21,NA,els2025ukb
Journal of PeriAnesthesia Nursing,NA,1089-9472,2026-05-21,NA,els2025ukb
Journal of Pharmaceutical Analysis,NA,2095-1779,2026-05-21,NA,els2025ukb
Journal of Pharmaceutical and Biomedical Analysis,NA,0731-7085,2026-05-21,NA,els2025ukb
Journal of Pharmaceutical and Biomedical Analysis Open,NA,2949-771X,2026-05-21,NA,els2025ukb
Journal of Pharmaceutical Sciences,NA,0022-3549,2026-05-21,NA,els2025ukb
Journal of Pharmacological and Toxicological Methods,NA,1056-8719,2026-05-21,NA,els2025ukb
Journal of Pharmacological Sciences,NA,1347-8613,2026-05-21,NA,els2025ukb
Journal of Phonetics,NA,0095-4470,2026-05-21,NA,els2025ukb
Journal of Photochemistry and Photobiology,NA,2666-4690,2026-05-21,NA,els2025ukb
Journal of Photochemistry and Photobiology A: Chemistry,NA,1010-6030,2026-05-21,NA,els2025ukb
Journal of Photochemistry and Photobiology B: Biology,NA,1011-1344,2026-05-21,NA,els2025ukb
Journal of Photochemistry and Photobiology C: Photochemistry Reviews,NA,1389-5567,2026-05-21,NA,els2025ukb
Journal of Physics and Chemistry of Solids,NA,0022-3697,2026-05-21,NA,els2025ukb
Journal of Plant Physiology,NA,0176-1617,2026-05-21,NA,els2025ukb
"Journal of Plastic, Reconstructive & Aesthetic Surgery",NA,1748-6815,2026-05-21,NA,els2025ukb
Journal of Policy Modeling,NA,0161-8938,2026-05-21,NA,els2025ukb
Journal of Power Sources,NA,0378-7753,2026-05-21,NA,els2025ukb
Journal of Power Sources Advances,NA,2666-2485,2026-05-21,NA,els2025ukb
Journal of Pragmatics,NA,0378-2166,2026-05-21,NA,els2025ukb
Journal of Process Control,NA,0959-1524,2026-05-21,NA,els2025ukb
Journal of Professional Nursing,NA,8755-7223,2026-05-21,NA,els2025ukb
Journal of Proteomics,NA,1874-3919,2026-05-21,NA,els2025ukb
Journal of Psychiatric Research,NA,0022-3956,2026-05-21,NA,els2025ukb
Journal of Psychosomatic Research,NA,0022-3999,2026-05-21,NA,els2025ukb
Journal of Public Economics,NA,0047-2727,2026-05-21,NA,els2025ukb
Journal of Public Transportation,NA,1077-291X,2026-05-21,NA,els2025ukb
Journal of Purchasing and Supply Management,NA,1478-4092,2026-05-21,NA,els2025ukb
Journal of Pure and Applied Algebra,NA,0022-4049,2026-05-21,NA,els2025ukb
Journal of Pyrogeography,NA,3051-0678,2026-05-21,NA,els2025ukb
Journal of Quantitative Spectroscopy & Radiative Transfer,NA,0022-4073,2026-05-21,NA,els2025ukb
Journal of Radiation Research and Applied Sciences,NA,1687-8507,2026-05-21,NA,els2025ukb
Journal of Radiology Nursing,NA,1546-0843,2026-05-21,NA,els2025ukb
Journal of Rail Transport Planning & Management,NA,2210-9706,2026-05-21,NA,els2025ukb
Journal of Rare Earths,NA,1002-0721,2026-05-21,NA,els2025ukb
Journal of Renal Nutrition,NA,1051-2276,2026-05-21,NA,els2025ukb
Journal of Reproductive Immunology,NA,0165-0378,2026-05-21,NA,els2025ukb
Journal of Research in Personality,NA,0092-6566,2026-05-21,NA,els2025ukb
Journal of Responsible Technology,NA,2666-6596,2026-05-21,NA,els2025ukb
Journal of Retailing,NA,0022-4359,2026-05-21,NA,els2025ukb
Journal of Retailing and Consumer Services,NA,0969-6989,2026-05-21,NA,els2025ukb
Journal of Rural Studies,NA,0743-0167,2026-05-21,NA,els2025ukb
Journal of Safety Research,NA,0022-4375,2026-05-21,NA,els2025ukb
Journal of School Psychology,NA,0022-4405,2026-05-21,NA,els2025ukb
Journal of Science and Medicine in Sport,NA,1440-2440,2026-05-21,NA,els2025ukb
Journal of Science: Advanced Materials and Devices,NA,2468-2179,2026-05-21,NA,els2025ukb
Journal of Sea Research,NA,1385-1101,2026-05-21,NA,els2025ukb
Journal of Second Language Writing,NA,1060-3743,2026-05-21,NA,els2025ukb
Journal of Shoulder and Elbow Arthroplasty,NA,2471-5492,2026-05-21,NA,els2025ukb
Journal of Shoulder and Elbow Surgery,NA,1058-2746,2026-05-21,NA,els2025ukb
Journal of Solid State Chemistry,NA,0022-4596,2026-05-21,NA,els2025ukb
Journal of Sound and Vibration,NA,0022-460X,2026-05-21,NA,els2025ukb
Journal of South American Earth Sciences,NA,0895-9811,2026-05-21,NA,els2025ukb
Journal of Space Safety Engineering,NA,2468-8967,2026-05-21,NA,els2025ukb
"Journal of Sports Medicine, Animal Rehabilitation and Physiotherapy",NA,3117-3918,2026-05-21,NA,els2025ukb
Journal of Statistical Planning and Inference,NA,0378-3758,2026-05-21,NA,els2025ukb
"Journal of Stomatology, Oral and Maxillofacial Surgery",NA,2468-7855,2026-05-21,NA,els2025ukb
Journal of Stored Products Research,NA,0022-474X,2026-05-21,NA,els2025ukb
Journal of Strategy & Innovation,NA,3050-7901,2026-05-21,NA,els2025ukb
Journal of Stroke & Cerebrovascular Diseases,NA,1052-3057,2026-05-21,NA,els2025ukb
Journal of Structural Biology,NA,1047-8477,2026-05-21,NA,els2025ukb
Journal of Structural Biology: X,NA,2590-1524,2026-05-21,NA,els2025ukb
Journal of Structural Geology,NA,0191-8141,2026-05-21,NA,els2025ukb
Journal of Subatomic Particles and Cosmology,NA,3050-4805,2026-05-21,NA,els2025ukb
Journal of Substance Use and Addiction Treatment,NA,2949-8759,2026-05-21,NA,els2025ukb
Journal of Surgical Education,NA,1931-7204,2026-05-21,NA,els2025ukb
Journal of Surgical Research,NA,0022-4804,2026-05-21,NA,els2025ukb
Journal of Sustainable Finance and Accounting,NA,2950-3701,2026-05-21,NA,els2025ukb
Journal of Symbolic Computation,NA,0747-7171,2026-05-21,NA,els2025ukb
Journal of Systems and Software,NA,0164-1212,2026-05-21,NA,els2025ukb
Journal of Systems Architecture,NA,1383-7621,2026-05-21,NA,els2025ukb
Journal of the Academy of Consultation-Liaison Psychiatry,NA,2667-2960,2026-05-21,NA,els2025ukb
Journal of the Academy of Nutrition and Dietetics,NA,2212-2672,2026-05-21,NA,els2025ukb
Journal of the Air Transport Research Society,NA,2941-198X,2026-05-21,NA,els2025ukb
Journal of the American Academy of Child & Adolescent Psychiatry,NA,0890-8567,2026-05-21,NA,els2025ukb
Journal of the American Academy of Dermatology,NA,0190-9622,2026-05-21,NA,els2025ukb
Journal of the American College of Radiology,NA,1546-1440,2026-05-21,NA,els2025ukb
Journal of the American Medical Directors Association,NA,1525-8610,2026-05-21,NA,els2025ukb
Journal of the American Pharmacists Association,NA,1544-3191,2026-05-21,NA,els2025ukb
Journal of the American Society of Cytopathology,NA,2213-2945,2026-05-21,NA,els2025ukb
Journal of the American Society of Echocardiography,NA,0894-7317,2026-05-21,NA,els2025ukb
Journal of the Energy Institute,NA,1743-9671,2026-05-21,NA,els2025ukb
Journal of the European Ceramic Society,NA,0955-2219,2026-05-21,NA,els2025ukb
Journal of the European Meteorological Society,NA,2950-6301,2026-05-21,NA,els2025ukb
Journal of the Franklin Institute,NA,0016-0032,2026-05-21,NA,els2025ukb
Journal of the Indian Chemical Society,NA,0019-4522,2026-05-21,NA,els2025ukb
Journal of the Japanese and International Economies,NA,0889-1583,2026-05-21,NA,els2025ukb
Journal of the Mechanical Behavior of Biomedical Materials,NA,1751-6161,2026-05-21,NA,els2025ukb
Journal of the Mechanics and Physics of Solids,NA,0022-5096,2026-05-21,NA,els2025ukb
Journal of the National Cancer Center,NA,2667-0054,2026-05-21,NA,els2025ukb
Journal of the National Medical Association,NA,0027-9684,2026-05-21,NA,els2025ukb
Journal of the Neurological Sciences,NA,0022-510X,2026-05-21,NA,els2025ukb
Journal of the Pediatric Orthopaedic Society of North America,NA,2768-2765,2026-05-21,NA,els2025ukb
Journal of the Society for Cardiovascular Angiography & Interventions,NA,2772-9303,2026-05-21,NA,els2025ukb
Journal of the Taiwan Institute of Chemical Engineers,NA,1876-1070,2026-05-21,NA,els2025ukb
Journal of the World Federation of Orthodontists,NA,2212-4438,2026-05-21,NA,els2025ukb
Journal of Theoretical Biology,NA,0022-5193,2026-05-21,NA,els2025ukb
Journal of Thermal Biology,NA,0306-4565,2026-05-21,NA,els2025ukb
Journal of Thoracic Oncology,NA,1556-0864,2026-05-21,NA,els2025ukb
Journal of Thrombosis and Haemostasis,NA,1538-7836,2026-05-21,NA,els2025ukb
Journal of Tissue Viability,NA,0965-206X,2026-05-21,NA,els2025ukb
Journal of Trace Elements and Minerals,NA,2773-0506,2026-05-21,NA,els2025ukb
Journal of Trace Elements in Medicine and Biology,NA,0946-672X,2026-05-21,NA,els2025ukb
Journal of Translational Autoimmunity,NA,2589-9090,2026-05-21,NA,els2025ukb
Journal of Transport & Health,NA,2214-1405,2026-05-21,NA,els2025ukb
Journal of Transport Geography,NA,0966-6923,2026-05-21,NA,els2025ukb
Journal of Urban Economics,NA,0094-1190,2026-05-21,NA,els2025ukb
Journal of Urban Management,NA,2226-5856,2026-05-21,NA,els2025ukb
Journal of Urban Mobility,NA,2667-0917,2026-05-21,NA,els2025ukb
Journal of Vascular and Interventional Radiology,NA,1051-0443,2026-05-21,NA,els2025ukb
Journal of Vascular Nursing,NA,1062-0303,2026-05-21,NA,els2025ukb
Journal of Vascular Surgery,NA,0741-5214,2026-05-21,NA,els2025ukb
"Journal of Vascular Surgery Cases, Innovations and Techniques",NA,2468-4287,2026-05-21,NA,els2025ukb
Journal of Vascular Surgery: Venous and Lymphatic Disorders,NA,2213-333X,2026-05-21,NA,els2025ukb
Journal of Veterinary Behavior,NA,1558-7878,2026-05-21,NA,els2025ukb
Journal of Veterinary Cardiology,NA,1760-2734,2026-05-21,NA,els2025ukb
Journal of Virological Methods,NA,0166-0934,2026-05-21,NA,els2025ukb
Journal of Virus Eradication,NA,2055-6640,2026-05-21,NA,els2025ukb
Journal of Visceral Surgery,NA,1878-7886,2026-05-21,NA,els2025ukb
Journal of Visual Communication and Image Representation,NA,1047-3203,2026-05-21,NA,els2025ukb
Journal of Vocational Behavior,NA,0001-8791,2026-05-21,NA,els2025ukb
Journal of Voice,NA,0892-1997,2026-05-21,NA,els2025ukb
Journal of Volcanology and Geothermal Research,NA,0377-0273,2026-05-21,NA,els2025ukb
Journal of Water Process Engineering,NA,2214-7144,2026-05-21,NA,els2025ukb
Journal of Web Semantics,NA,1570-8268,2026-05-21,NA,els2025ukb
Journal of Wind Engineering and Industrial Aerodynamics,NA,0167-6105,2026-05-21,NA,els2025ukb
Journal of World Business,NA,1090-9516,2026-05-21,NA,els2025ukb
JPRAS Open,NA,2352-5878,2026-05-21,NA,els2025ukb
JSAMS Plus,NA,2772-6967,2026-05-21,NA,els2025ukb
JSES International,NA,2666-6383,2026-05-21,NA,els2025ukb
"JSES Reviews, Reports, and Techniques",NA,2666-6391,2026-05-21,NA,els2025ukb
JTCVS Open,NA,2666-2736,2026-05-21,NA,els2025ukb
JTCVS Structural and Endovascular,NA,2950-6050,2026-05-21,NA,els2025ukb
JTCVS Techniques,NA,2666-2507,2026-05-21,NA,els2025ukb
JTO Clinical and Research Reports,NA,2666-3643,2026-05-21,NA,els2025ukb
JVS-Vascular Insights,NA,2949-9127,2026-05-21,NA,els2025ukb
JVS-Vascular Science,NA,2666-3503,2026-05-21,NA,els2025ukb
Kidney International,NA,0085-2538,2026-05-21,NA,els2025ukb
Kidney International Case Reports,NA,3117-471X,2026-05-21,NA,els2025ukb
Kidney International Reports,NA,2468-0249,2026-05-21,NA,els2025ukb
Kidney Medicine,NA,2590-0595,2026-05-21,NA,els2025ukb
"Kinésithérapie, la Revue",NA,1779-0123,2026-05-21,NA,els2025ukb
Knowledge-Based Systems,NA,0950-7051,2026-05-21,NA,els2025ukb
KSCE Journal of Civil Engineering,NA,1226-7988,2026-05-21,NA,els2025ukb
La Presse Médicale,NA,0755-4982,2026-05-21,NA,els2025ukb
La Presse Médicale Formation,NA,2666-4798,2026-05-21,NA,els2025ukb
La Revue de Médecine Interne,NA,0248-8663,2026-05-21,NA,els2025ukb
Laboratory Investigation,NA,0023-6837,2026-05-21,NA,els2025ukb
Labour Economics,NA,0927-5371,2026-05-21,NA,els2025ukb
Land Use Policy,NA,0264-8377,2026-05-21,NA,els2025ukb
Landscape and Urban Planning,NA,0169-2046,2026-05-21,NA,els2025ukb
Language & Communication,NA,0271-5309,2026-05-21,NA,els2025ukb
Language Sciences,NA,0388-0001,2026-05-21,NA,els2025ukb
L'Anthropologie,NA,0003-5521,2026-05-21,NA,els2025ukb
Latin American Transport Studies,NA,2950-0249,2026-05-21,NA,els2025ukb
Le Pharmacien Clinicien,NA,2772-9532,2026-05-21,NA,els2025ukb
Le Praticien en Anesthésie Réanimation,NA,1279-7960,2026-05-21,NA,els2025ukb
Learning and Individual Differences,NA,1041-6080,2026-05-21,NA,els2025ukb
Learning and Instruction,NA,0959-4752,2026-05-21,NA,els2025ukb
Learning and Motivation,NA,0023-9690,2026-05-21,NA,els2025ukb
Learning in Context,NA,3050-578X,2026-05-21,NA,els2025ukb
"Learning, Culture and Social Interaction",NA,2210-6561,2026-05-21,NA,els2025ukb
Legal Medicine,NA,1344-6223,2026-05-21,NA,els2025ukb
L'Encéphale,NA,0013-7006,2026-05-21,NA,els2025ukb
Leukemia Research,NA,0145-2126,2026-05-21,NA,els2025ukb
Leukemia Research Reports,NA,2213-0489,2026-05-21,NA,els2025ukb
L'Évolution Psychiatrique,NA,0014-3855,2026-05-21,NA,els2025ukb
Library & Information Science Research,NA,0740-8188,2026-05-21,NA,els2025ukb
Life Sciences,NA,0024-3205,2026-05-21,NA,els2025ukb
Life Sciences in Space Research,NA,2214-5524,2026-05-21,NA,els2025ukb
Limnologica,NA,0075-9511,2026-05-21,NA,els2025ukb
Linear Algebra and its Applications,NA,0024-3795,2026-05-21,NA,els2025ukb
Lingua,NA,0024-3841,2026-05-21,NA,els2025ukb
Linguistics and Education,NA,0898-5898,2026-05-21,NA,els2025ukb
Lithos,NA,0024-4937,2026-05-21,NA,els2025ukb
Livestock Science,NA,1871-1413,2026-05-21,NA,els2025ukb
Long Range Planning,NA,0024-6301,2026-05-21,NA,els2025ukb
Lung Cancer,NA,0169-5002,2026-05-21,NA,els2025ukb
LWT,NA,0023-6438,2026-05-21,NA,els2025ukb
Machine Learning with Applications,NA,2666-8270,2026-05-21,NA,els2025ukb
Magnetic Resonance Imaging,NA,0730-725X,2026-05-21,NA,els2025ukb
Management Accounting Research,NA,1044-5005,2026-05-21,NA,els2025ukb
Manufacturing Letters,NA,2213-8463,2026-05-21,NA,els2025ukb
Marine Chemistry,NA,0304-4203,2026-05-21,NA,els2025ukb
Marine Environmental Research,NA,0141-1136,2026-05-21,NA,els2025ukb
Marine Genomics,NA,1874-7787,2026-05-21,NA,els2025ukb
Marine Geology,NA,0025-3227,2026-05-21,NA,els2025ukb
Marine Geoscience and Energy Resources,NA,3117-5775,2026-05-21,NA,els2025ukb
Marine Micropaleontology,NA,0377-8398,2026-05-21,NA,els2025ukb
Marine Policy,NA,0308-597X,2026-05-21,NA,els2025ukb
Marine Pollution Bulletin,NA,0025-326X,2026-05-21,NA,els2025ukb
Marine Structures,NA,0951-8339,2026-05-21,NA,els2025ukb
Maritime Transport Research,NA,2666-822X,2026-05-21,NA,els2025ukb
Marketing Strategy Journal,NA,2950-3086,2026-05-21,NA,els2025ukb
Mass Gathering Medicine,NA,3050-4562,2026-05-21,NA,els2025ukb
Materialia,NA,2589-1529,2026-05-21,NA,els2025ukb
Materials & Design,NA,0264-1275,2026-05-21,NA,els2025ukb
Materials Characterization,NA,1044-5803,2026-05-21,NA,els2025ukb
Materials Chemistry and Physics,NA,0254-0584,2026-05-21,NA,els2025ukb
Materials Chemistry and Physics: Sustainability and Energy,NA,3050-4716,2026-05-21,NA,els2025ukb
Materials Letters,NA,0167-577X,2026-05-21,NA,els2025ukb
Materials Letters: X,NA,2590-1508,2026-05-21,NA,els2025ukb
Materials Research Bulletin,NA,0025-5408,2026-05-21,NA,els2025ukb
Materials Science and Engineering: A,NA,0921-5093,2026-05-21,NA,els2025ukb
Materials Science and Engineering: B,NA,0921-5107,2026-05-21,NA,els2025ukb
Materials Science and Engineering: R: Reports,NA,0927-796X,2026-05-21,NA,els2025ukb
Materials Science in Semiconductor Processing,NA,1369-8001,2026-05-21,NA,els2025ukb
Materials Today,NA,1369-7021,2026-05-21,NA,els2025ukb
Materials Today Advances,NA,2590-0498,2026-05-21,NA,els2025ukb
Materials Today Bio,NA,2590-0064,2026-05-21,NA,els2025ukb
Materials Today Catalysis,NA,2949-754X,2026-05-21,NA,els2025ukb
Materials Today Chemistry,NA,2468-5194,2026-05-21,NA,els2025ukb
Materials Today Communications,NA,2352-4928,2026-05-21,NA,els2025ukb
Materials Today Electronics,NA,2772-9494,2026-05-21,NA,els2025ukb
Materials Today Energy,NA,2468-6069,2026-05-21,NA,els2025ukb
Materials Today Nano,NA,2588-8420,2026-05-21,NA,els2025ukb
Materials Today Physics,NA,2542-5293,2026-05-21,NA,els2025ukb
Materials Today Quantum,NA,2950-2578,2026-05-21,NA,els2025ukb
Materials Today Sustainability,NA,2589-2347,2026-05-21,NA,els2025ukb
Mathematical Biosciences,NA,0025-5564,2026-05-21,NA,els2025ukb
Mathematical Social Sciences,NA,0165-4896,2026-05-21,NA,els2025ukb
Mathematics and Computers in Simulation,NA,0378-4754,2026-05-21,NA,els2025ukb
Matrix Biology,NA,0945-053X,2026-05-21,NA,els2025ukb
Matrix Biology Plus,NA,2590-0285,2026-05-21,NA,els2025ukb
Maturitas,NA,0378-5122,2026-05-21,NA,els2025ukb
Mayo Clinic Proceedings,NA,0025-6196,2026-05-21,NA,els2025ukb
Mayo Clinic Proceedings: Digital Health,NA,2949-7612,2026-05-21,NA,els2025ukb
"Mayo Clinic Proceedings: Innovations, Quality & Outcomes",NA,2542-4548,2026-05-21,NA,els2025ukb
Measurement,NA,0263-2241,2026-05-21,NA,els2025ukb
Measurement and Evaluations in Cancer Care,NA,2949-8775,2026-05-21,NA,els2025ukb
Measurement: Digitalization,NA,3050-6441,2026-05-21,NA,els2025ukb
Measurement: Energy,NA,2950-3450,2026-05-21,NA,els2025ukb
Measurement: Food,NA,2772-2759,2026-05-21,NA,els2025ukb
Measurement: Sensors,NA,2665-9174,2026-05-21,NA,els2025ukb
Meat Science,NA,0309-1740,2026-05-21,NA,els2025ukb
Mechanical Systems and Signal Processing,NA,0888-3270,2026-05-21,NA,els2025ukb
Mechanics of Materials,NA,0167-6636,2026-05-21,NA,els2025ukb
Mechanics Research Communications,NA,0093-6413,2026-05-21,NA,els2025ukb
Mechanism and Machine Theory,NA,0094-114X,2026-05-21,NA,els2025ukb
Mechanisms of Ageing and Development,NA,0047-6374,2026-05-21,NA,els2025ukb
Mechanobiology in Medicine,NA,2949-9070,2026-05-21,NA,els2025ukb
Mechatronics,NA,0957-4158,2026-05-21,NA,els2025ukb
Médecine & Droit,NA,1246-7391,2026-05-21,NA,els2025ukb
Médecine de Catastrophe - Urgences Collectives,NA,1279-8479,2026-05-21,NA,els2025ukb
Médecine des Maladies Métaboliques,NA,1957-2557,2026-05-21,NA,els2025ukb
Médecine du Sommeil,NA,1769-4493,2026-05-21,NA,els2025ukb
Médecine Nucléaire,NA,0928-1258,2026-05-21,NA,els2025ukb
Médecine Palliative,NA,1636-6522,2026-05-21,NA,els2025ukb
Medical Dosimetry,NA,0958-3947,2026-05-21,NA,els2025ukb
Medical Hypotheses,NA,0306-9877,2026-05-21,NA,els2025ukb
Medical Image Analysis,NA,1361-8415,2026-05-21,NA,els2025ukb
Medical Mycology Case Reports,NA,2211-7539,2026-05-21,NA,els2025ukb
Medical Reports,NA,2949-9186,2026-05-21,NA,els2025ukb
Medicina Clínica,NA,0025-7753,2026-05-21,NA,els2025ukb
Medicina Clínica (English Edition),NA,2387-0206,2026-05-21,NA,els2025ukb
Medicina Clínica Práctica,NA,2603-9249,2026-05-21,NA,els2025ukb
Medicina de Familia. SEMERGEN,NA,1138-3593,2026-05-21,NA,els2025ukb
Medicina Intensiva,NA,0210-5691,2026-05-21,NA,els2025ukb
Medicina Intensiva (English Edition),NA,2173-5727,2026-05-21,NA,els2025ukb
Medicine in Drug Discovery,NA,2590-0986,2026-05-21,NA,els2025ukb
Medicine in Microecology,NA,2590-0978,2026-05-21,NA,els2025ukb
Medicine in Novel Technology and Devices,NA,2590-0935,2026-05-21,NA,els2025ukb
Medicine in Omics,NA,2590-1249,2026-05-21,NA,els2025ukb
"Memories - Materials, Devices, Circuits and Systems",NA,2773-0646,2026-05-21,NA,els2025ukb
Mental Health & Prevention,NA,2212-6570,2026-05-21,NA,els2025ukb
Mental Health and Physical Activity,NA,1755-2966,2026-05-21,NA,els2025ukb
Metabolic Engineering,NA,1096-7176,2026-05-21,NA,els2025ukb
Metabolic Engineering Communications,NA,2214-0301,2026-05-21,NA,els2025ukb
Metabolism,NA,0026-0495,2026-05-21,NA,els2025ukb
Metabolism Open,NA,2589-9368,2026-05-21,NA,els2025ukb
Methods,NA,1046-2023,2026-05-21,NA,els2025ukb
Methods in Psychology,NA,2590-2601,2026-05-21,NA,els2025ukb
MethodsX,NA,2215-0161,2026-05-21,NA,els2025ukb
Micro and Nano Engineering,NA,2590-0072,2026-05-21,NA,els2025ukb
Micro and Nanostructures,NA,2773-0123,2026-05-21,NA,els2025ukb
Microbial Pathogenesis,NA,0882-4010,2026-05-21,NA,els2025ukb
Microbial Risk Analysis,NA,2352-3522,2026-05-21,NA,els2025ukb
Microbiological Research,NA,0944-5013,2026-05-21,NA,els2025ukb
Microchemical Journal,NA,0026-265X,2026-05-21,NA,els2025ukb
Microelectronic Engineering,NA,0167-9317,2026-05-21,NA,els2025ukb
Microelectronics Journal,NA,1879-2391,2026-05-21,NA,els2025ukb
Microelectronics Reliability,NA,0026-2714,2026-05-21,NA,els2025ukb
Micron,NA,0968-4328,2026-05-21,NA,els2025ukb
Microporous and Mesoporous Materials,NA,1387-1811,2026-05-21,NA,els2025ukb
Microprocessors and Microsystems,NA,0141-9331,2026-05-21,NA,els2025ukb
Microvascular Research,NA,0026-2862,2026-05-21,NA,els2025ukb
Midwifery,NA,0266-6138,2026-05-21,NA,els2025ukb
Minerals Engineering,NA,0892-6875,2026-05-21,NA,els2025ukb
Mitochondrion,NA,1567-7249,2026-05-21,NA,els2025ukb
Modern Pathology,NA,0893-3952,2026-05-21,NA,els2025ukb
Molecular and Biochemical Parasitology,NA,0166-6851,2026-05-21,NA,els2025ukb
Molecular and Cellular Endocrinology,NA,0303-7207,2026-05-21,NA,els2025ukb
Molecular and Cellular Neuroscience,NA,1044-7431,2026-05-21,NA,els2025ukb
Molecular and Cellular Probes,NA,0890-8508,2026-05-21,NA,els2025ukb
Molecular Aspects of Medicine,NA,0098-2997,2026-05-21,NA,els2025ukb
Molecular Catalysis,NA,2468-8231,2026-05-21,NA,els2025ukb
Molecular Genetics and Metabolism,NA,1096-7192,2026-05-21,NA,els2025ukb
Molecular Genetics and Metabolism Reports,NA,2214-4269,2026-05-21,NA,els2025ukb
Molecular Immunology,NA,0161-5890,2026-05-21,NA,els2025ukb
Molecular Metabolism,NA,2212-8778,2026-05-21,NA,els2025ukb
Molecular Pharmacology,NA,0026-895X,2026-05-21,NA,els2025ukb
Molecular Phylogenetics and Evolution,NA,1055-7903,2026-05-21,NA,els2025ukb
Molecular Therapy Advances,NA,3117-387X,2026-05-21,NA,els2025ukb
Molecular Therapy: Nucleic Acids,NA,2162-2531,2026-05-21,NA,els2025ukb
Molecular Therapy: Oncology,NA,2950-3299,2026-05-21,NA,els2025ukb
Molecules and Cells,NA,1016-8478,2026-05-21,NA,els2025ukb
Morphologie,NA,1286-0115,2026-05-21,NA,els2025ukb
Motricité Cérébrale,NA,0245-5919,2026-05-21,NA,els2025ukb
Mucosal Immunology,NA,1933-0219,2026-05-21,NA,els2025ukb
Multimodal Transportation,NA,2772-5863,2026-05-21,NA,els2025ukb
Multiple Sclerosis and Related Disorders,NA,2211-0348,2026-05-21,NA,els2025ukb
Musculoskeletal Science and Practice,NA,2468-7812,2026-05-21,NA,els2025ukb
Mutation Research: Fundamental and Molecular Mechanisms of Mutagenesis,NA,1386-1964,2026-05-21,NA,els2025ukb
Mutation Research: Genetic Toxicology and Environmental Mutagenesis,NA,1383-5718,2026-05-21,NA,els2025ukb
Mutation Research: Reviews in Mutation Research,NA,1383-5742,2026-05-21,NA,els2025ukb
NAM Journal,NA,3050-6204,2026-05-21,NA,els2025ukb
Nano Communication Networks,NA,1878-7789,2026-05-21,NA,els2025ukb
Nano Energy,NA,2211-2855,2026-05-21,NA,els2025ukb
Nano Today,NA,1748-0132,2026-05-21,NA,els2025ukb
Nano Trends,NA,2666-9781,2026-05-21,NA,els2025ukb
NanoImpact,NA,2452-0748,2026-05-21,NA,els2025ukb
"Nanomedicine: Nanotechnology, Biology and Medicine",NA,1549-9634,2026-05-21,NA,els2025ukb
Nano-Structures & Nano-Objects,NA,2352-507X,2026-05-21,NA,els2025ukb
Natural Language Processing Journal,NA,2949-7191,2026-05-21,NA,els2025ukb
Nature-Based Solutions,NA,2772-4115,2026-05-21,NA,els2025ukb
NDT & E International,NA,0963-8695,2026-05-21,NA,els2025ukb
Neoplasia,NA,1476-5586,2026-05-21,NA,els2025ukb
Neural Networks,NA,0893-6080,2026-05-21,NA,els2025ukb
Neurobiology of Aging,NA,0197-4580,2026-05-21,NA,els2025ukb
Neurobiology of Disease,NA,0969-9961,2026-05-21,NA,els2025ukb
Neurobiology of Learning and Memory,NA,1074-7427,2026-05-21,NA,els2025ukb
Neurobiology of Pain,NA,2452-073X,2026-05-21,NA,els2025ukb
Neurobiology of Sleep and Circadian Rhythms,NA,2451-9944,2026-05-21,NA,els2025ukb
Neurobiology of Stress,NA,2352-2895,2026-05-21,NA,els2025ukb
Neurochemistry International,NA,0197-0186,2026-05-21,NA,els2025ukb
Neurochirurgie,NA,0028-3770,2026-05-21,NA,els2025ukb
Neurocirugía,NA,1130-1473,2026-05-21,NA,els2025ukb
Neurocirugía (English Edition),NA,2529-8496,2026-05-21,NA,els2025ukb
Neurocomputing,NA,0925-2312,2026-05-21,NA,els2025ukb
NeuroImage,NA,1053-8119,2026-05-21,NA,els2025ukb
NeuroImage Stroke,NA,3117-5740,2026-05-21,NA,els2025ukb
NeuroImage: Clinical,NA,2213-1582,2026-05-21,NA,els2025ukb
NeuroImage: Reports,NA,2666-9560,2026-05-21,NA,els2025ukb
Neuroimmunology Reports,NA,2667-257X,2026-05-21,NA,els2025ukb
Neuromodulation: Technology at the Neural Interface,NA,1094-7159,2026-05-21,NA,els2025ukb
Neuromuscular Disorders,NA,0960-8966,2026-05-21,NA,els2025ukb
Neuropeptides,NA,0143-4179,2026-05-21,NA,els2025ukb
Neuropharmacology,NA,0028-3908,2026-05-21,NA,els2025ukb
Neurophysiologie Clinique,NA,0987-7053,2026-05-21,NA,els2025ukb
Neuropsychiatrie de l'Enfance et de l'Adolescence,NA,0222-9617,2026-05-21,NA,els2025ukb
Neuropsychologia,NA,0028-3932,2026-05-21,NA,els2025ukb
Neuroscience,NA,0306-4522,2026-05-21,NA,els2025ukb
Neuroscience & Biobehavioral Reviews,NA,0149-7634,2026-05-21,NA,els2025ukb
Neuroscience Applied,NA,2772-4085,2026-05-21,NA,els2025ukb
Neuroscience Informatics,NA,2772-5286,2026-05-21,NA,els2025ukb
Neuroscience Letters,NA,0304-3940,2026-05-21,NA,els2025ukb
Neuroscience Research,NA,0168-0102,2026-05-21,NA,els2025ukb
Neurotherapeutics,NA,1878-7479,2026-05-21,NA,els2025ukb
NeuroToxicology,NA,0161-813X,2026-05-21,NA,els2025ukb
Neurotoxicology and Teratology,NA,0892-0362,2026-05-21,NA,els2025ukb
New Astronomy,NA,1384-1076,2026-05-21,NA,els2025ukb
New Astronomy Reviews,NA,1387-6473,2026-05-21,NA,els2025ukb
New Biotechnology,NA,1871-6784,2026-05-21,NA,els2025ukb
New Ideas in Psychology,NA,0732-118X,2026-05-21,NA,els2025ukb
New Microbes and New Infections,NA,2052-2975,2026-05-21,NA,els2025ukb
Next Bioengineering,NA,3050-7235,2026-05-21,NA,els2025ukb
Next Chemical Engineering,NA,3050-7243,2026-05-21,NA,els2025ukb
Next Energy,NA,2949-821X,2026-05-21,NA,els2025ukb
Next Materials,NA,2949-8228,2026-05-21,NA,els2025ukb
Next Nanotechnology,NA,2949-8295,2026-05-21,NA,els2025ukb
Next Research,NA,3050-4759,2026-05-21,NA,els2025ukb
Next Sustainability,NA,2949-8236,2026-05-21,NA,els2025ukb
Nexus,NA,2950-1601,2026-05-21,NA,els2025ukb
NFS Journal,NA,2352-3646,2026-05-21,NA,els2025ukb
Nitric Oxide,NA,1089-8603,2026-05-21,NA,els2025ukb
Nonlinear Analysis,NA,0362-546X,2026-05-21,NA,els2025ukb
Nonlinear Analysis: Hybrid Systems,NA,1751-570X,2026-05-21,NA,els2025ukb
Nonlinear Analysis: Real World Applications,NA,1468-1218,2026-05-21,NA,els2025ukb
Nonlinear Science,NA,3050-5178,2026-05-21,NA,els2025ukb
North American Spine Society Journal (NASSJ),NA,2666-5484,2026-05-21,NA,els2025ukb
NPG Neurologie - Psychiatrie - Gériatrie,NA,1627-4830,2026-05-21,NA,els2025ukb
Nuclear Data Sheets,NA,0090-3752,2026-05-21,NA,els2025ukb
Nuclear Engineering and Design,NA,0029-5493,2026-05-21,NA,els2025ukb
"Nuclear Instruments and Methods in Physics Research Section A: Accelerators, Spectrometers, Detectors and Associated Equipment",NA,0168-9002,2026-05-21,NA,els2025ukb
Nuclear Instruments and Methods in Physics Research Section B: Beam Interactions with Materials and Atoms,NA,0168-583X,2026-05-21,NA,els2025ukb
Nuclear Materials and Energy,NA,2352-1791,2026-05-21,NA,els2025ukb
Nuclear Medicine and Biology,NA,0969-8051,2026-05-21,NA,els2025ukb
Nuclear Physics A,NA,0375-9474,2026-05-21,NA,els2025ukb
Nurse Education in Practice,NA,1471-5953,2026-05-21,NA,els2025ukb
Nurse Education Today,NA,0260-6917,2026-05-21,NA,els2025ukb
Nurse Leader,NA,1541-4612,2026-05-21,NA,els2025ukb
Nursing for Women's Health,NA,1751-4851,2026-05-21,NA,els2025ukb
Nursing Outlook,NA,0029-6554,2026-05-21,NA,els2025ukb
Nutrition,NA,0899-9007,2026-05-21,NA,els2025ukb
Nutrition Clinique et Métabolisme,NA,0985-0562,2026-05-21,NA,els2025ukb
Nutrition Research,NA,0271-5317,2026-05-21,NA,els2025ukb
"Nutrition, Metabolism & Cardiovascular Diseases",NA,0939-4753,2026-05-21,NA,els2025ukb
Nutritional Psychiatry,NA,3051-1569,2026-05-21,NA,els2025ukb
Obesity Medicine,NA,2451-8476,2026-05-21,NA,els2025ukb
Obesity Pillars,NA,2667-3681,2026-05-21,NA,els2025ukb
Obesity Research & Clinical Practice,NA,1871-403X,2026-05-21,NA,els2025ukb
Ocean & Coastal Management,NA,0964-5691,2026-05-21,NA,els2025ukb
Ocean Engineering,NA,0029-8018,2026-05-21,NA,els2025ukb
Ocean Modelling,NA,1463-5003,2026-05-21,NA,els2025ukb
Omega,NA,0305-0483,2026-05-21,NA,els2025ukb
One Health,NA,2352-7714,2026-05-21,NA,els2025ukb
Online Social Networks and Media,NA,2468-6964,2026-05-21,NA,els2025ukb
Open Ceramics,NA,2666-5395,2026-05-21,NA,els2025ukb
Open Nuclear Energy,NA,3051-2808,2026-05-21,NA,els2025ukb
Open Respiratory Archives,NA,2659-6636,2026-05-21,NA,els2025ukb
OpenNano,NA,2352-9520,2026-05-21,NA,els2025ukb
Operations Research Letters,NA,0167-6377,2026-05-21,NA,els2025ukb
Operations Research Perspectives,NA,2214-7160,2026-05-21,NA,els2025ukb
"Operations Research, Data Analytics and Logistics",NA,3050-7847,2026-05-21,NA,els2025ukb
Operative Techniques in Orthopaedics,NA,1048-6666,2026-05-21,NA,els2025ukb
Operative Techniques in Otolaryngology - Head and Neck Surgery,NA,1043-1810,2026-05-21,NA,els2025ukb
Operative Techniques in Sports Medicine,NA,1060-1872,2026-05-21,NA,els2025ukb
Operative Techniques in Thoracic and Cardiovascular Surgery,NA,1522-2942,2026-05-21,NA,els2025ukb
Ophthalmology,NA,0161-6420,2026-05-21,NA,els2025ukb
Ophthalmology Glaucoma,NA,2589-4196,2026-05-21,NA,els2025ukb
Ophthalmology Retina,NA,2468-6530,2026-05-21,NA,els2025ukb
Ophthalmology Science,NA,2666-9145,2026-05-21,NA,els2025ukb
Optical Fiber Technology,NA,1068-5200,2026-05-21,NA,els2025ukb
Optical Materials,NA,0925-3467,2026-05-21,NA,els2025ukb
Optical Materials: X,NA,2590-1478,2026-05-21,NA,els2025ukb
Optical Switching and Networking,NA,1573-4277,2026-05-21,NA,els2025ukb
Optics & Laser Technology,NA,0030-3992,2026-05-21,NA,els2025ukb
Optics and Lasers in Engineering,NA,0143-8166,2026-05-21,NA,els2025ukb
Optics Communications,NA,0030-4018,2026-05-21,NA,els2025ukb
Optik,NA,0030-4026,2026-05-21,NA,els2025ukb
Oral and Maxillofacial Surgery Cases,NA,2214-5419,2026-05-21,NA,els2025ukb
Oral Oncology,NA,1368-8375,2026-05-21,NA,els2025ukb
Oral Oncology Reports,NA,2772-9060,2026-05-21,NA,els2025ukb
"Oral Surgery, Oral Medicine, Oral Pathology and Oral Radiology",NA,2212-4403,2026-05-21,NA,els2025ukb
Ore and Energy Resource Geology,NA,2666-2612,2026-05-21,NA,els2025ukb
Ore Geology Reviews,NA,0169-1368,2026-05-21,NA,els2025ukb
Organic Electronics,NA,1566-1199,2026-05-21,NA,els2025ukb
Organic Geochemistry,NA,0146-6380,2026-05-21,NA,els2025ukb
Organizational Behavior and Human Decision Processes,NA,0749-5978,2026-05-21,NA,els2025ukb
Organizational Dynamics,NA,0090-2616,2026-05-21,NA,els2025ukb
Orthopaedics & Traumatology: Surgery & Research,NA,1877-0568,2026-05-21,NA,els2025ukb
Osteoarthritis and Cartilage,NA,1063-4584,2026-05-21,NA,els2025ukb
Osteoarthritis and Cartilage Open,NA,2665-9131,2026-05-21,NA,els2025ukb
Osteoarthritis Imaging,NA,2772-6541,2026-05-21,NA,els2025ukb
Osteopathische Medizin,NA,1615-9071,2026-05-21,NA,els2025ukb
Otolaryngology Case Reports,NA,2468-5488,2026-05-21,NA,els2025ukb
Pacific-Basin Finance Journal,NA,0927-538X,2026-05-21,NA,els2025ukb
Paediatric Respiratory Reviews,NA,1526-0542,2026-05-21,NA,els2025ukb
Pain Management Nursing,NA,1524-9042,2026-05-21,NA,els2025ukb
"Palaeogeography, Palaeoclimatology, Palaeoecology",NA,0031-0182,2026-05-21,NA,els2025ukb
Palaeoworld,NA,1871-174X,2026-05-21,NA,els2025ukb
Pancreatology,NA,1424-3903,2026-05-21,NA,els2025ukb
Papers in Regional Science,NA,1056-8190,2026-05-21,NA,els2025ukb
Parallel Computing,NA,0167-8191,2026-05-21,NA,els2025ukb
Parasite Epidemiology and Control,NA,2405-6731,2026-05-21,NA,els2025ukb
Parasitology International,NA,1383-5769,2026-05-21,NA,els2025ukb
Parkinsonism & Related Disorders,NA,1353-8020,2026-05-21,NA,els2025ukb
Partial Differential Equations in Applied Mathematics,NA,2666-8181,2026-05-21,NA,els2025ukb
Particuology,NA,1674-2001,2026-05-21,NA,els2025ukb
Pathology,NA,0031-3025,2026-05-21,NA,els2025ukb
Pathology - Research and Practice,NA,0344-0338,2026-05-21,NA,els2025ukb
Patient Education and Counseling,NA,0738-3991,2026-05-21,NA,els2025ukb
Pattern Recognition,NA,0031-3203,2026-05-21,NA,els2025ukb
Pattern Recognition Letters,NA,0167-8655,2026-05-21,NA,els2025ukb
Patterns,NA,2666-3899,2026-05-21,NA,els2025ukb
Peace and Sustainability,NA,2950-6425,2026-05-21,NA,els2025ukb
PEC Global,NA,3117-468X,2026-05-21,NA,els2025ukb
PEC Innovation,NA,2772-6282,2026-05-21,NA,els2025ukb
Pediatric Dental Journal,NA,0917-2394,2026-05-21,NA,els2025ukb
Pediatric Neurology,NA,0887-8994,2026-05-21,NA,els2025ukb
Pedobiologia,NA,0031-4056,2026-05-21,NA,els2025ukb
Peptides,NA,0196-9781,2026-05-21,NA,els2025ukb
Perfectionnement en Pédiatrie,NA,2588-932X,2026-05-21,NA,els2025ukb
Performance Enhancement & Health,NA,2211-2669,2026-05-21,NA,els2025ukb
Performance Evaluation,NA,0166-5316,2026-05-21,NA,els2025ukb
Periodontology Journal,NA,3117-3683,2026-05-21,NA,els2025ukb
Perioperative Care and Operating Room Management,NA,2405-6030,2026-05-21,NA,els2025ukb
Personality and Individual Differences,NA,0191-8869,2026-05-21,NA,els2025ukb
Personalized Medicine in Psychiatry,NA,2468-1717,2026-05-21,NA,els2025ukb
"Perspectives in Plant Ecology, Evolution and Systematics",NA,1433-8319,2026-05-21,NA,els2025ukb
Pervasive and Mobile Computing,NA,1574-1192,2026-05-21,NA,els2025ukb
Pesticide Biochemistry and Physiology,NA,0048-3575,2026-05-21,NA,els2025ukb
Pharmacological Research,NA,1043-6618,2026-05-21,NA,els2025ukb
Pharmacological Research - Modern Chinese Medicine,NA,2667-1425,2026-05-21,NA,els2025ukb
Pharmacological Research - Natural Products,NA,2950-1997,2026-05-21,NA,els2025ukb
Pharmacological Research - Reports,NA,2950-2004,2026-05-21,NA,els2025ukb
Pharmacological Reviews,NA,0031-6997,2026-05-21,NA,els2025ukb
Pharmacology & Therapeutics,NA,0163-7258,2026-05-21,NA,els2025ukb
Pharmacology Biochemistry and Behavior,NA,0091-3057,2026-05-21,NA,els2025ukb
PharmaNutrition,NA,2213-4344,2026-05-21,NA,els2025ukb
Photoacoustics,NA,2213-5979,2026-05-21,NA,els2025ukb
Photodiagnosis and Photodynamic Therapy,NA,1572-1000,2026-05-21,NA,els2025ukb
Photonics and Nanostructures - Fundamentals and Applications,NA,1569-4410,2026-05-21,NA,els2025ukb
Physica A: Statistical Mechanics and its Applications,NA,0378-4371,2026-05-21,NA,els2025ukb
Physica B: Condensed Matter,NA,0921-4526,2026-05-21,NA,els2025ukb
Physica C: Superconductivity and its Applications,NA,0921-4534,2026-05-21,NA,els2025ukb
Physica D: Nonlinear Phenomena,NA,0167-2789,2026-05-21,NA,els2025ukb
Physica E: Low-Dimensional Systems and Nanostructures,NA,1386-9477,2026-05-21,NA,els2025ukb
Physica Medica,NA,1120-1797,2026-05-21,NA,els2025ukb
Physical Communication,NA,1874-4907,2026-05-21,NA,els2025ukb
Physical Therapy in Sport,NA,1466-853X,2026-05-21,NA,els2025ukb
"Physics and Chemistry of the Earth, Parts A/B/C",NA,1474-7065,2026-05-21,NA,els2025ukb
Physics and Imaging in Radiation Oncology,NA,2405-6316,2026-05-21,NA,els2025ukb
Physics Letters A,NA,0375-9601,2026-05-21,NA,els2025ukb
Physics of Life Reviews,NA,1571-0645,2026-05-21,NA,els2025ukb
Physics of the Dark Universe,NA,2212-6864,2026-05-21,NA,els2025ukb
Physics of the Earth and Planetary Interiors,NA,0031-9201,2026-05-21,NA,els2025ukb
Physics Open,NA,2666-0326,2026-05-21,NA,els2025ukb
Physics Reports,NA,0370-1573,2026-05-21,NA,els2025ukb
Physiological and Molecular Plant Pathology,NA,0885-5765,2026-05-21,NA,els2025ukb
Physiology & Behavior,NA,0031-9384,2026-05-21,NA,els2025ukb
Physiotherapy,NA,0031-9406,2026-05-21,NA,els2025ukb
Phytochemistry,NA,0031-9422,2026-05-21,NA,els2025ukb
Phytochemistry Letters,NA,1874-3900,2026-05-21,NA,els2025ukb
Phytomedicine,NA,0944-7113,2026-05-21,NA,els2025ukb
Phytomedicine Plus,NA,2667-0313,2026-05-21,NA,els2025ukb
Piel,NA,0213-9251,2026-05-21,NA,els2025ukb
Placenta,NA,0143-4004,2026-05-21,NA,els2025ukb
Planetary and Space Science,NA,0032-0633,2026-05-21,NA,els2025ukb
Plant Communications,NA,2590-3462,2026-05-21,NA,els2025ukb
Plant Gene,NA,2352-4073,2026-05-21,NA,els2025ukb
Plant Nano Biology,NA,2773-1111,2026-05-21,NA,els2025ukb
Plant Phenomics,NA,2643-6515,2026-05-21,NA,els2025ukb
Plant Physiology and Biochemistry,NA,0981-9428,2026-05-21,NA,els2025ukb
Plant Research,NA,3117-5821,2026-05-21,NA,els2025ukb
Plant Science,NA,0168-9452,2026-05-21,NA,els2025ukb
Plant Stress,NA,2667-064X,2026-05-21,NA,els2025ukb
Plasmid,NA,0147-619X,2026-05-21,NA,els2025ukb
Poetics,NA,0304-422X,2026-05-21,NA,els2025ukb
Polar Science,NA,1873-9652,2026-05-21,NA,els2025ukb
Political Geography,NA,0962-6298,2026-05-21,NA,els2025ukb
Polyhedron,NA,0277-5387,2026-05-21,NA,els2025ukb
Polymer,NA,0032-3861,2026-05-21,NA,els2025ukb
Polymer Degradation and Stability,NA,0141-3910,2026-05-21,NA,els2025ukb
Polymer Testing,NA,0142-9418,2026-05-21,NA,els2025ukb
Postharvest Biology and Technology,NA,0925-5214,2026-05-21,NA,els2025ukb
Poultry Science,NA,0032-5791,2026-05-21,NA,els2025ukb
Powder Technology,NA,0032-5910,2026-05-21,NA,els2025ukb
Power Electronic Devices and Components,NA,2772-3704,2026-05-21,NA,els2025ukb
Practical Laboratory Medicine,NA,2352-5517,2026-05-21,NA,els2025ukb
Practical Radiation Oncology,NA,1879-8500,2026-05-21,NA,els2025ukb
Pratique Neurologique - FMC,NA,1878-7762,2026-05-21,NA,els2025ukb
Pratiques Psychologiques,NA,1269-1763,2026-05-21,NA,els2025ukb
Precambrian Research,NA,0301-9268,2026-05-21,NA,els2025ukb
Precision Engineering,NA,0141-6359,2026-05-21,NA,els2025ukb
Precision Pathology,NA,3117-678X,2026-05-21,NA,els2025ukb
Pregnancy Hypertension,NA,2210-7789,2026-05-21,NA,els2025ukb
Preventive Medicine,NA,0091-7435,2026-05-21,NA,els2025ukb
Preventive Medicine Reports,NA,2211-3355,2026-05-21,NA,els2025ukb
Preventive Veterinary Medicine,NA,0167-5877,2026-05-21,NA,els2025ukb
Preventive Veterinary Medicine: Regional Studies and Reports,NA,3051-3081,2026-05-21,NA,els2025ukb
Primary Care Diabetes,NA,1751-9918,2026-05-21,NA,els2025ukb
Probabilistic Engineering Mechanics,NA,0266-8920,2026-05-21,NA,els2025ukb
Proceedings of the Combustion Institute,NA,1540-7489,2026-05-21,NA,els2025ukb
Proceedings of the Geologists' Association,NA,0016-7878,2026-05-21,NA,els2025ukb
Process Biochemistry,NA,1359-5113,2026-05-21,NA,els2025ukb
Process Safety and Environmental Protection,NA,0957-5820,2026-05-21,NA,els2025ukb
Progress in Aerospace Sciences,NA,0376-0421,2026-05-21,NA,els2025ukb
Progress in Biophysics & Molecular Biology,NA,0079-6107,2026-05-21,NA,els2025ukb
Progress in Cardiovascular Diseases,NA,0033-0620,2026-05-21,NA,els2025ukb
Progress in Disaster Science,NA,2590-0617,2026-05-21,NA,els2025ukb
Progress in Economic Geography,NA,2949-6942,2026-05-21,NA,els2025ukb
Progress in Energy and Combustion Science,NA,0360-1285,2026-05-21,NA,els2025ukb
Progress in Engineering Science,NA,2950-4252,2026-05-21,NA,els2025ukb
Progress in Lipid Research,NA,0163-7827,2026-05-21,NA,els2025ukb
Progress in Materials Science,NA,0079-6425,2026-05-21,NA,els2025ukb
Progress in Natural Science: Materials International,NA,1002-0071,2026-05-21,NA,els2025ukb
Progress in Neurobiology,NA,0301-0082,2026-05-21,NA,els2025ukb
Progress in Neuro-Psychopharmacology & Biological Psychiatry,NA,0278-5846,2026-05-21,NA,els2025ukb
Progress in Nuclear Energy,NA,0149-1970,2026-05-21,NA,els2025ukb
Progress in Nuclear Magnetic Resonance Spectroscopy,NA,0079-6565,2026-05-21,NA,els2025ukb
Progress in Oceanography,NA,0079-6611,2026-05-21,NA,els2025ukb
Progress in Organic Coatings,NA,0300-9440,2026-05-21,NA,els2025ukb
Progress in Particle and Nuclear Physics,NA,0146-6410,2026-05-21,NA,els2025ukb
Progress in Pediatric Cardiology,NA,1058-9813,2026-05-21,NA,els2025ukb
Progress in Planning,NA,0305-9006,2026-05-21,NA,els2025ukb
Progress in Polymer Science,NA,0079-6700,2026-05-21,NA,els2025ukb
Progress in Quantum Electronics,NA,0079-6727,2026-05-21,NA,els2025ukb
Progress in Retinal and Eye Research,NA,1350-9462,2026-05-21,NA,els2025ukb
Progress in Solid State Chemistry,NA,0079-6786,2026-05-21,NA,els2025ukb
Progress in Surface Science,NA,0079-6816,2026-05-21,NA,els2025ukb
Project Leadership and Society,NA,2666-7215,2026-05-21,NA,els2025ukb
Prostaglandins & Other Lipid Mediators,NA,1098-8823,2026-05-21,NA,els2025ukb
"Prostaglandins, Leukotrienes & Essential Fatty Acids",NA,0952-3278,2026-05-21,NA,els2025ukb
Protein Expression and Purification,NA,1046-5928,2026-05-21,NA,els2025ukb
Protist,NA,1434-4610,2026-05-21,NA,els2025ukb
Psiquiatría Biológica,NA,1134-5934,2026-05-21,NA,els2025ukb
Psychedelics,NA,2950-4848,2026-05-21,NA,els2025ukb
Psychiatry Research,NA,0165-1781,2026-05-21,NA,els2025ukb
Psychiatry Research Case Reports,NA,2773-0212,2026-05-21,NA,els2025ukb
Psychiatry Research Communications,NA,2772-5987,2026-05-21,NA,els2025ukb
Psychiatry Research: Neuroimaging,NA,0925-4927,2026-05-21,NA,els2025ukb
Psychologie du Travail et des Organisations,NA,1420-2530,2026-05-21,NA,els2025ukb
Psychology of Sport and Exercise,NA,1469-0292,2026-05-21,NA,els2025ukb
Psychoneuroendocrinology,NA,0306-4530,2026-05-21,NA,els2025ukb
Public Health,NA,0033-3506,2026-05-21,NA,els2025ukb
Public Health in Practice,NA,2666-5352,2026-05-21,NA,els2025ukb
Public Relations Review,NA,0363-8111,2026-05-21,NA,els2025ukb
Pulmonary Function Diagnostics,NA,3051-276X,2026-05-21,NA,els2025ukb
Pulmonary Pharmacology & Therapeutics,NA,1094-5539,2026-05-21,NA,els2025ukb
Quaternary Environments and Humans,NA,2950-2365,2026-05-21,NA,els2025ukb
Quaternary Geochronology,NA,1871-1014,2026-05-21,NA,els2025ukb
Quaternary International,NA,1040-6182,2026-05-21,NA,els2025ukb
Quaternary Science Advances,NA,2666-0334,2026-05-21,NA,els2025ukb
Quaternary Science Reviews,NA,0277-3791,2026-05-21,NA,els2025ukb
Radiation Measurements,NA,1350-4487,2026-05-21,NA,els2025ukb
Radiation Medicine and Protection,NA,2666-5557,2026-05-21,NA,els2025ukb
Radiation Physics and Chemistry,NA,0969-806X,2026-05-21,NA,els2025ukb
Radiography,NA,1078-8174,2026-05-21,NA,els2025ukb
Radiología,NA,0033-8338,2026-05-21,NA,els2025ukb
Radiología (English Edition),NA,2173-5107,2026-05-21,NA,els2025ukb
Radiology Case Reports,NA,1930-0433,2026-05-21,NA,els2025ukb
Radiotherapy & Oncology,NA,0167-8140,2026-05-21,NA,els2025ukb
Rangeland Ecology & Management,NA,1550-7424,2026-05-21,NA,els2025ukb
Rangelands,NA,0190-0528,2026-05-21,NA,els2025ukb
Rare,NA,2950-0087,2026-05-21,NA,els2025ukb
Reactive and Functional Polymers,NA,1381-5148,2026-05-21,NA,els2025ukb
REC: CardioClinics,NA,2605-1532,2026-05-21,NA,els2025ukb
Redox Biochemistry and Chemistry,NA,2773-1766,2026-05-21,NA,els2025ukb
Redox Biology,NA,2213-2317,2026-05-21,NA,els2025ukb
Regenerative Therapy,NA,2352-3204,2026-05-21,NA,els2025ukb
Regional Science and Urban Economics,NA,0166-0462,2026-05-21,NA,els2025ukb
Regional Science Policy & Practice,NA,1757-7802,2026-05-21,NA,els2025ukb
Regional Studies in Marine Science,NA,2352-4855,2026-05-21,NA,els2025ukb
Regulatory Toxicology and Pharmacology,NA,0273-2300,2026-05-21,NA,els2025ukb
Rehabilitación,NA,0048-7120,2026-05-21,NA,els2025ukb
Reliability Engineering & System Safety,NA,0951-8320,2026-05-21,NA,els2025ukb
Remote Sensing Applications: Society and Environment,NA,2352-9385,2026-05-21,NA,els2025ukb
Remote Sensing of Environment,NA,0034-4257,2026-05-21,NA,els2025ukb
Renewable & Sustainable Energy Reviews,NA,1364-0321,2026-05-21,NA,els2025ukb
Renewable and Sustainable Energy Transition,NA,2667-095X,2026-05-21,NA,els2025ukb
Renewable Energy,NA,0960-1481,2026-05-21,NA,els2025ukb
Renewable Energy Focus,NA,1755-0084,2026-05-21,NA,els2025ukb
Reproductive Biology,NA,1642-431X,2026-05-21,NA,els2025ukb
Reproductive BioMedicine Online,NA,1472-6483,2026-05-21,NA,els2025ukb
Reproductive Toxicology,NA,0890-6238,2026-05-21,NA,els2025ukb
Research and Practice in Thrombosis and Haemostasis,NA,2475-0379,2026-05-21,NA,els2025ukb
Research in Autism,NA,3050-6565,2026-05-21,NA,els2025ukb
Research in Developmental Disabilities,NA,0891-4222,2026-05-21,NA,els2025ukb
Research in Diagnostic and Interventional Imaging,NA,2772-6525,2026-05-21,NA,els2025ukb
Research in Economics,NA,1090-9443,2026-05-21,NA,els2025ukb
Research in Globalization,NA,2590-051X,2026-05-21,NA,els2025ukb
Research in International Business and Finance,NA,0275-5319,2026-05-21,NA,els2025ukb
Research in Neurodiversity,NA,3050-5798,2026-05-21,NA,els2025ukb
Research in Organizational Behavior,NA,0191-3085,2026-05-21,NA,els2025ukb
Research in Social and Administrative Pharmacy,NA,1551-7411,2026-05-21,NA,els2025ukb
Research in Social Stratification and Mobility,NA,0276-5624,2026-05-21,NA,els2025ukb
Research in Transportation Business & Management,NA,2210-5395,2026-05-21,NA,els2025ukb
Research in Transportation Economics,NA,0739-8859,2026-05-21,NA,els2025ukb
Research in Veterinary Science,NA,0034-5288,2026-05-21,NA,els2025ukb
Research Methods in Applied Linguistics,NA,2772-7661,2026-05-21,NA,els2025ukb
Research Policy,NA,0048-7333,2026-05-21,NA,els2025ukb
Resource and Energy Economics,NA,0928-7655,2026-05-21,NA,els2025ukb
Resources Policy,NA,0301-4207,2026-05-21,NA,els2025ukb
"Resources, Conservation & Recycling",NA,0921-3449,2026-05-21,NA,els2025ukb
"Resources, Conservation & Recycling Advances",NA,2667-3789,2026-05-21,NA,els2025ukb
"Resources, Environment and Sustainability",NA,2666-9161,2026-05-21,NA,els2025ukb
Respiratory Investigation,NA,2212-5345,2026-05-21,NA,els2025ukb
Respiratory Medicine,NA,0954-6111,2026-05-21,NA,els2025ukb
Respiratory Medicine and Research,NA,2590-0412,2026-05-21,NA,els2025ukb
Respiratory Medicine Case Reports,NA,2213-0071,2026-05-21,NA,els2025ukb
Respiratory Physiology & Neurobiology,NA,1569-9048,2026-05-21,NA,els2025ukb
Results in Applied Mathematics,NA,2590-0374,2026-05-21,NA,els2025ukb
Results in Chemistry,NA,2211-7156,2026-05-21,NA,els2025ukb
Results in Control and Optimization,NA,2666-7207,2026-05-21,NA,els2025ukb
Results in Earth Sciences,NA,2211-7148,2026-05-21,NA,els2025ukb
Results in Engineering,NA,2590-1230,2026-05-21,NA,els2025ukb
Results in Materials,NA,2590-048X,2026-05-21,NA,els2025ukb
Results in Optics,NA,2666-9501,2026-05-21,NA,els2025ukb
Results in Physics,NA,2211-3797,2026-05-21,NA,els2025ukb
Results in Surfaces and Interfaces,NA,2666-8459,2026-05-21,NA,els2025ukb
Resuscitation,NA,0300-9572,2026-05-21,NA,els2025ukb
Resuscitation Plus,NA,2666-5204,2026-05-21,NA,els2025ukb
Reumatología Clínica,NA,1699-258X,2026-05-21,NA,els2025ukb
Reumatología Clínica (English Edition),NA,2173-5743,2026-05-21,NA,els2025ukb
Review of Economic Dynamics,NA,1094-2025,2026-05-21,NA,els2025ukb
Review of Palaeobotany and Palynology,NA,0034-6667,2026-05-21,NA,els2025ukb
Revista Argentina de Microbiología,NA,0325-7541,2026-05-21,NA,els2025ukb
Revista Clínica Española,NA,0014-2565,2026-05-21,NA,els2025ukb
Revista Clínica Española (English Edition),NA,2254-8874,2026-05-21,NA,els2025ukb
Revista Colombiana de Reumatología,NA,0121-8123,2026-05-21,NA,els2025ukb
Revista Colombiana de Reumatología (English Edition),NA,2444-4405,2026-05-21,NA,els2025ukb
Revista de Investigación Clínica,NA,0034-8376,2026-05-21,NA,els2025ukb
"Revista de Logopedia, Foniatría y Audiología",NA,0214-4603,2026-05-21,NA,els2025ukb
Revista de Psicodidáctica,NA,1136-1034,2026-05-21,NA,els2025ukb
Revista de Psicodidáctica (English Edition),NA,2530-3805,2026-05-21,NA,els2025ukb
Revista de Senología y Patología Mamaria,NA,0214-1582,2026-05-21,NA,els2025ukb
Revista Española de Anestesiología y Reanimación,NA,0034-9356,2026-05-21,NA,els2025ukb
Revista Española de Anestesiología y Reanimación (English Edition),NA,2341-1929,2026-05-21,NA,els2025ukb
Revista Española de Cardiología,NA,0300-8932,2026-05-21,NA,els2025ukb
Revista Española de Cardiología (English Edition),NA,1885-5857,2026-05-21,NA,els2025ukb
Revista Española de Geriatría y Gerontología,NA,0211-139X,2026-05-21,NA,els2025ukb
Revista Española de Medicina Legal,NA,0377-4732,2026-05-21,NA,els2025ukb
Revista Española de Medicina Nuclear e Imagen Molecular,NA,2253-654X,2026-05-21,NA,els2025ukb
Revista Española de Medicina Nuclear e Imagen Molecular (English Edition),NA,2253-8089,2026-05-21,NA,els2025ukb
Revista Española de Patología,NA,1699-8855,2026-05-21,NA,els2025ukb
Revista Iberoamericana de Micología,NA,1130-1406,2026-05-21,NA,els2025ukb
Revue de Chirurgie Orthopédique et Traumatologique,NA,1877-0517,2026-05-21,NA,els2025ukb
Revue de Micropaléontologie,NA,0035-1598,2026-05-21,NA,els2025ukb
Revue du Rhumatisme,NA,1169-8330,2026-05-21,NA,els2025ukb
Revue Française d'Allergologie,NA,1877-0320,2026-05-21,NA,els2025ukb
Revue Neurologique,NA,0035-3787,2026-05-21,NA,els2025ukb
Rhizosphere,NA,2452-2198,2026-05-21,NA,els2025ukb
Robotics and Autonomous Systems,NA,0921-8890,2026-05-21,NA,els2025ukb
Robotics and Computer-Integrated Manufacturing,NA,0736-5845,2026-05-21,NA,els2025ukb
Safety Science,NA,0925-7535,2026-05-21,NA,els2025ukb
Sages-Femmes,NA,1637-4088,2026-05-21,NA,els2025ukb
Scandinavian Journal of Management,NA,0956-5221,2026-05-21,NA,els2025ukb
Schizophrenia Research,NA,0920-9964,2026-05-21,NA,els2025ukb
Schizophrenia Research: Cognition,NA,2215-0013,2026-05-21,NA,els2025ukb
Science & Justice,NA,1355-0306,2026-05-21,NA,els2025ukb
Science & Sports,NA,0765-1597,2026-05-21,NA,els2025ukb
Science Bulletin,NA,2095-9273,2026-05-21,NA,els2025ukb
Science of Computer Programming,NA,0167-6423,2026-05-21,NA,els2025ukb
Science of Remote Sensing,NA,2666-0172,2026-05-21,NA,els2025ukb
Science of the Total Environment,NA,0048-9697,2026-05-21,NA,els2025ukb
Scientia Horticulturae,NA,0304-4238,2026-05-21,NA,els2025ukb
Scientific African,NA,2468-2276,2026-05-21,NA,els2025ukb
Scripta Materialia,NA,1359-6462,2026-05-21,NA,els2025ukb
Sedimentary Geology,NA,0037-0738,2026-05-21,NA,els2025ukb
Seizure: European Journal of Epilepsy,NA,1059-1311,2026-05-21,NA,els2025ukb
Seminars in Arthritis and Rheumatism,NA,0049-0172,2026-05-21,NA,els2025ukb
Seminars in Arthroplasty: JSES,NA,1045-4527,2026-05-21,NA,els2025ukb
Seminars in Cancer Biology,NA,1044-579X,2026-05-21,NA,els2025ukb
Seminars in Cell and Developmental Biology,NA,1084-9521,2026-05-21,NA,els2025ukb
Seminars in Colon and Rectal Surgery,NA,1043-1489,2026-05-21,NA,els2025ukb
Seminars in Diagnostic Pathology,NA,0740-2570,2026-05-21,NA,els2025ukb
Seminars in Fetal & Neonatal Medicine,NA,1744-165X,2026-05-21,NA,els2025ukb
Seminars in Hematology,NA,0037-1963,2026-05-21,NA,els2025ukb
Seminars in Immunology,NA,1044-5323,2026-05-21,NA,els2025ukb
Seminars in Nephrology,NA,0270-9295,2026-05-21,NA,els2025ukb
Seminars in Nuclear Medicine,NA,0001-2998,2026-05-21,NA,els2025ukb
Seminars in Oncology,NA,0093-7754,2026-05-21,NA,els2025ukb
Seminars in Oncology Nursing,NA,0749-2081,2026-05-21,NA,els2025ukb
Seminars in Orthodontics,NA,1073-8746,2026-05-21,NA,els2025ukb
Seminars in Pediatric Neurology,NA,1071-9091,2026-05-21,NA,els2025ukb
Seminars in Pediatric Surgery,NA,1055-8586,2026-05-21,NA,els2025ukb
Seminars in Perinatology,NA,0146-0005,2026-05-21,NA,els2025ukb
Seminars in Radiation Oncology,NA,1053-4296,2026-05-21,NA,els2025ukb
Seminars in Roentgenology,NA,0037-198X,2026-05-21,NA,els2025ukb
Seminars in Spine Surgery,NA,1040-7383,2026-05-21,NA,els2025ukb
Seminars in Thoracic and Cardiovascular Surgery,NA,1043-0679,2026-05-21,NA,els2025ukb
Seminars in Thoracic and Cardiovascular Surgery: Pediatric Cardiac Surgery Annual,NA,1092-9126,2026-05-21,NA,els2025ukb
"Seminars in Ultrasound, CT and MRI",NA,0887-2171,2026-05-21,NA,els2025ukb
Seminars in Vascular Surgery,NA,0895-7967,2026-05-21,NA,els2025ukb
Sensing and Bio-Sensing Research,NA,2214-1804,2026-05-21,NA,els2025ukb
Sensors and Actuators A: Physical,NA,0924-4247,2026-05-21,NA,els2025ukb
Sensors and Actuators B: Chemical,NA,0925-4005,2026-05-21,NA,els2025ukb
Sensors and Actuators Reports,NA,2666-0539,2026-05-21,NA,els2025ukb
Separation and Purification Technology,NA,1383-5866,2026-05-21,NA,els2025ukb
Sexual & Reproductive Healthcare,NA,1877-5756,2026-05-21,NA,els2025ukb
Signal Processing,NA,0165-1684,2026-05-21,NA,els2025ukb
Signal Processing: Image Communication,NA,0923-5965,2026-05-21,NA,els2025ukb
Simulation Modelling Practice and Theory,NA,1569-190X,2026-05-21,NA,els2025ukb
SLAS Discovery,NA,2472-5552,2026-05-21,NA,els2025ukb
SLAS Technology,NA,2472-6303,2026-05-21,NA,els2025ukb
Slavic Literatures,NA,2950-3965,2026-05-21,NA,els2025ukb
Sleep Epidemiology,NA,2667-3436,2026-05-21,NA,els2025ukb
Sleep Health,NA,2352-7218,2026-05-21,NA,els2025ukb
Sleep Medicine,NA,1389-9457,2026-05-21,NA,els2025ukb
Sleep Medicine Reviews,NA,1087-0792,2026-05-21,NA,els2025ukb
Sleep Medicine: X,NA,2590-1427,2026-05-21,NA,els2025ukb
Small Ruminant Research,NA,0921-4488,2026-05-21,NA,els2025ukb
Smart Agricultural Technology,NA,2772-3755,2026-05-21,NA,els2025ukb
Smart Energy,NA,2666-9552,2026-05-21,NA,els2025ukb
Smart Health,NA,2352-6483,2026-05-21,NA,els2025ukb
"Social and Emotional Learning: Research, Practice, and Policy",NA,2773-2339,2026-05-21,NA,els2025ukb
Social Networks,NA,0378-8733,2026-05-21,NA,els2025ukb
Social Science & Medicine,NA,0277-9536,2026-05-21,NA,els2025ukb
Social Science Research,NA,0049-089X,2026-05-21,NA,els2025ukb
Social Sciences & Humanities Open,NA,2590-2911,2026-05-21,NA,els2025ukb
Societal Impacts,NA,2949-6977,2026-05-21,NA,els2025ukb
Socio-Economic Planning Sciences,NA,0038-0121,2026-05-21,NA,els2025ukb
Software Impacts,NA,2665-9638,2026-05-21,NA,els2025ukb
SoftwareX,NA,2352-7110,2026-05-21,NA,els2025ukb
Soil & Tillage Research,NA,0167-1987,2026-05-21,NA,els2025ukb
Soil Advances,NA,2950-2896,2026-05-21,NA,els2025ukb
Soil Biology & Biochemistry,NA,0038-0717,2026-05-21,NA,els2025ukb
Soil Dynamics and Earthquake Engineering,NA,0267-7261,2026-05-21,NA,els2025ukb
Soil Security,NA,2667-0062,2026-05-21,NA,els2025ukb
Soils and Foundations,NA,0038-0806,2026-05-21,NA,els2025ukb
Solar Compass,NA,2772-9400,2026-05-21,NA,els2025ukb
Solar Energy,NA,0038-092X,2026-05-21,NA,els2025ukb
Solar Energy Advances,NA,2667-1131,2026-05-21,NA,els2025ukb
Solar Energy Materials and Solar Cells,NA,0927-0248,2026-05-21,NA,els2025ukb
Solid State Communications,NA,0038-1098,2026-05-21,NA,els2025ukb
Solid State Ionics,NA,0167-2738,2026-05-21,NA,els2025ukb
Solid State Nuclear Magnetic Resonance,NA,0926-2040,2026-05-21,NA,els2025ukb
Solid State Sciences,NA,1293-2558,2026-05-21,NA,els2025ukb
Solid-State Electronics,NA,0038-1101,2026-05-21,NA,els2025ukb
South African Journal of Botany,NA,0254-6299,2026-05-21,NA,els2025ukb
South African Journal of Chemical Engineering,NA,1026-9185,2026-05-21,NA,els2025ukb
Space Policy,NA,0265-9646,2026-05-21,NA,els2025ukb
Spanish Journal of Legal Medicine,NA,2445-4249,2026-05-21,NA,els2025ukb
Spanish Journal of Psychiatry and Mental Health,NA,2950-2853,2026-05-21,NA,els2025ukb
Spatial and Spatio-temporal Epidemiology,NA,1877-5845,2026-05-21,NA,els2025ukb
Spatial Statistics,NA,2211-6753,2026-05-21,NA,els2025ukb
Spectrochimica Acta Part A: Molecular and Biomolecular Spectroscopy,NA,1386-1425,2026-05-21,NA,els2025ukb
Spectrochimica Acta Part B: Atomic Spectroscopy,NA,0584-8547,2026-05-21,NA,els2025ukb
Speech Communication,NA,0167-6393,2026-05-21,NA,els2025ukb
Sports Economics Review,NA,2773-1618,2026-05-21,NA,els2025ukb
Sports Orthopaedics and Traumatology,NA,0949-328X,2026-05-21,NA,els2025ukb
SSM - Health Systems,NA,2949-8562,2026-05-21,NA,els2025ukb
SSM - Mental Health,NA,2666-5603,2026-05-21,NA,els2025ukb
SSM - Population Health,NA,2352-8273,2026-05-21,NA,els2025ukb
SSM - Qualitative Research in Health,NA,2667-3215,2026-05-21,NA,els2025ukb
STAR Protocols,NA,2666-1667,2026-05-21,NA,els2025ukb
Statistics & Probability Letters,NA,0167-7152,2026-05-21,NA,els2025ukb
Stem Cell Reports,NA,2213-6711,2026-05-21,NA,els2025ukb
Stem Cell Research,NA,1873-5061,2026-05-21,NA,els2025ukb
Steroids,NA,0039-128X,2026-05-21,NA,els2025ukb
Stochastic Processes and their Applications,NA,0304-4149,2026-05-21,NA,els2025ukb
Strategic Business Research,NA,3051-0643,2026-05-21,NA,els2025ukb
Structural Change and Economic Dynamics,NA,0954-349X,2026-05-21,NA,els2025ukb
Structural Heart,NA,2474-8706,2026-05-21,NA,els2025ukb
Structural Safety,NA,0167-4730,2026-05-21,NA,els2025ukb
Structures,NA,2352-0124,2026-05-21,NA,els2025ukb
Studies in Educational Evaluation,NA,0191-491X,2026-05-21,NA,els2025ukb
Studies in History and Philosophy of Science,NA,0039-3681,2026-05-21,NA,els2025ukb
Superconductivity,NA,2772-8307,2026-05-21,NA,els2025ukb
Supply Chain Analytics,NA,2949-8635,2026-05-21,NA,els2025ukb
Surface and Coatings Technology,NA,0257-8972,2026-05-21,NA,els2025ukb
Surface Science,NA,0039-6028,2026-05-21,NA,els2025ukb
Surface Science Reports,NA,0167-5729,2026-05-21,NA,els2025ukb
Surfaces and Interfaces,NA,2468-0230,2026-05-21,NA,els2025ukb
Surgery,NA,0039-6060,2026-05-21,NA,els2025ukb
Surgery Case Reports: Advances and Techniques,NA,2950-1032,2026-05-21,NA,els2025ukb
Surgery for Obesity and Related Diseases,NA,1550-7289,2026-05-21,NA,els2025ukb
Surgery in Practice and Science,NA,2666-2620,2026-05-21,NA,els2025ukb
Surgery Open Digestive Advance,NA,2667-0089,2026-05-21,NA,els2025ukb
Surgery Open Science,NA,2589-8450,2026-05-21,NA,els2025ukb
Surgical Oncology,NA,0960-7404,2026-05-21,NA,els2025ukb
Surgical Oncology Insight,NA,2950-2470,2026-05-21,NA,els2025ukb
Survey of Ophthalmology,NA,0039-6257,2026-05-21,NA,els2025ukb
Sustainable Chemistry and Pharmacy,NA,2352-5541,2026-05-21,NA,els2025ukb
Sustainable Chemistry for Biodiversity,NA,3050-6212,2026-05-21,NA,els2025ukb
Sustainable Chemistry for Climate Action,NA,2772-8269,2026-05-21,NA,els2025ukb
Sustainable Chemistry for Energy Materials,NA,2950-4775,2026-05-21,NA,els2025ukb
Sustainable Chemistry for the Environment,NA,2949-8392,2026-05-21,NA,els2025ukb
Sustainable Chemistry One World,NA,2950-3574,2026-05-21,NA,els2025ukb
Sustainable Cities and Society,NA,2210-6707,2026-05-21,NA,els2025ukb
Sustainable Cities and Society: Advances,NA,3051-052X,2026-05-21,NA,els2025ukb
Sustainable Computing: Informatics and Systems,NA,2210-5379,2026-05-21,NA,els2025ukb
Sustainable Energy Technologies and Assessments,NA,2213-1388,2026-05-21,NA,els2025ukb
"Sustainable Energy, Grids and Networks",NA,2352-4677,2026-05-21,NA,els2025ukb
Sustainable Futures,NA,2666-1888,2026-05-21,NA,els2025ukb
"Sustainable Geosciences: People, Planet and Prosperity",NA,2950-4929,2026-05-21,NA,els2025ukb
Sustainable Materials and Technologies,NA,2214-9937,2026-05-21,NA,els2025ukb
Sustainable Production and Consumption,NA,2352-5509,2026-05-21,NA,els2025ukb
Sustainable Technology and Entrepreneurship,NA,2773-0328,2026-05-21,NA,els2025ukb
Swarm and Evolutionary Computation,NA,2210-6502,2026-05-21,NA,els2025ukb
Synthetic Metals,NA,0379-6779,2026-05-21,NA,els2025ukb
System,NA,0346-251X,2026-05-21,NA,els2025ukb
Systematic and Applied Microbiology,NA,0723-2020,2026-05-21,NA,els2025ukb
Systems & Control Letters,NA,0167-6911,2026-05-21,NA,els2025ukb
Systems and Soft Computing,NA,2772-9419,2026-05-21,NA,els2025ukb
Systems Ethnopharmacology and Sustainable Bioresources,NA,3117-5767,2026-05-21,NA,els2025ukb
Talanta,NA,0039-9140,2026-05-21,NA,els2025ukb
Talanta Open,NA,2666-8319,2026-05-21,NA,els2025ukb
Teaching and Learning in Nursing,NA,1557-3087,2026-05-21,NA,els2025ukb
Teaching and Teacher Education,NA,0742-051X,2026-05-21,NA,els2025ukb
Technical Innovations & Patient Support in Radiation Oncology,NA,2405-6324,2026-05-21,NA,els2025ukb
Techniques and Innovations in Gastrointestinal Endoscopy,NA,2590-0307,2026-05-21,NA,els2025ukb
Techniques in Vascular and Interventional Radiology,NA,1089-2516,2026-05-21,NA,els2025ukb
Technological Forecasting and Social Change,NA,0040-1625,2026-05-21,NA,els2025ukb
Technology in Society,NA,0160-791X,2026-05-21,NA,els2025ukb
Technovation,NA,0166-4972,2026-05-21,NA,els2025ukb
Tectonophysics,NA,0040-1951,2026-05-21,NA,els2025ukb
Telecommunications Policy,NA,0308-5961,2026-05-21,NA,els2025ukb
Telematics and Informatics,NA,0736-5853,2026-05-21,NA,els2025ukb
Telematics and Informatics Reports,NA,2772-5030,2026-05-21,NA,els2025ukb
Tetrahedron,NA,0040-4020,2026-05-21,NA,els2025ukb
Tetrahedron Chem,NA,2666-951X,2026-05-21,NA,els2025ukb
Tetrahedron Green Chem,NA,2773-2231,2026-05-21,NA,els2025ukb
Tetrahedron Letters,NA,0040-4039,2026-05-21,NA,els2025ukb
The American Journal of Cardiology,NA,0002-9149,2026-05-21,NA,els2025ukb
The American Journal of Clinical Nutrition,NA,0002-9165,2026-05-21,NA,els2025ukb
The American Journal of Geriatric Psychiatry,NA,1064-7481,2026-05-21,NA,els2025ukb
"The American Journal of Geriatric Psychiatry: Open Science, Education, and Practice",NA,2950-3868,2026-05-21,NA,els2025ukb
The American Journal of Medicine,NA,0002-9343,2026-05-21,NA,els2025ukb
The American Journal of Pathology,NA,0002-9440,2026-05-21,NA,els2025ukb
The American Journal of Surgery,NA,0002-9610,2026-05-21,NA,els2025ukb
The American Journal of the Medical Sciences,NA,0002-9629,2026-05-21,NA,els2025ukb
The Annals of Thoracic Surgery,NA,0003-4975,2026-05-21,NA,els2025ukb
The Arts in Psychotherapy,NA,0197-4556,2026-05-21,NA,els2025ukb
The Asian Journal of Shipping and Logistics,NA,2092-5212,2026-05-21,NA,els2025ukb
The Brazilian Journal of Infectious Diseases,NA,1413-8670,2026-05-21,NA,els2025ukb
The Breast,NA,0960-9776,2026-05-21,NA,els2025ukb
The British Accounting Review,NA,0890-8389,2026-05-21,NA,els2025ukb
The Cell Surface,NA,2468-2330,2026-05-21,NA,els2025ukb
The EANM Journal,NA,3051-2921,2026-05-21,NA,els2025ukb
The Egyptian Journal of Remote Sensing and Space Sciences,NA,1110-9823,2026-05-21,NA,els2025ukb
The Egyptian Rheumatologist,NA,1110-1164,2026-05-21,NA,els2025ukb
The Electricity Journal,NA,1040-6190,2026-05-21,NA,els2025ukb
The European Journal of Psychiatry,NA,0213-6163,2026-05-21,NA,els2025ukb
The Extractive Industries and Society,NA,2214-790X,2026-05-21,NA,els2025ukb
The Foot,NA,0958-2592,2026-05-21,NA,els2025ukb
The French Journal of Urology,NA,2950-3930,2026-05-21,NA,els2025ukb
The Innovation,NA,2666-6758,2026-05-21,NA,els2025ukb
The International Journal of Biochemistry & Cell Biology,NA,1357-2725,2026-05-21,NA,els2025ukb
The International Journal of Management Education,NA,1472-8117,2026-05-21,NA,els2025ukb
The Internet and Higher Education,NA,1096-7516,2026-05-21,NA,els2025ukb
The Joint Commission Journal on Quality and Patient Safety,NA,1553-7250,2026-05-21,NA,els2025ukb
The Journal for Nurse Practitioners,NA,1555-4155,2026-05-21,NA,els2025ukb
The Journal of Academic Librarianship,NA,0099-1333,2026-05-21,NA,els2025ukb
The Journal of Aging Research & Lifestyle,NA,2534-773X,2026-05-21,NA,els2025ukb
The Journal of Allergy and Clinical Immunology: In Practice,NA,2213-2198,2026-05-21,NA,els2025ukb
The Journal of Chemical Thermodynamics,NA,0021-9614,2026-05-21,NA,els2025ukb
The Journal of Climate Change and Health,NA,2667-2782,2026-05-21,NA,els2025ukb
The Journal of Economic Asymmetries,NA,1703-4949,2026-05-21,NA,els2025ukb
The Journal of Emergency Medicine,NA,0736-4679,2026-05-21,NA,els2025ukb
The Journal of Foot & Ankle Surgery,NA,1067-2516,2026-05-21,NA,els2025ukb
The Journal of Frailty & Aging,NA,2260-1341,2026-05-21,NA,els2025ukb
The Journal of Hand Surgery,NA,0363-5023,2026-05-21,NA,els2025ukb
The Journal of Heart and Lung Transplantation,NA,1053-2498,2026-05-21,NA,els2025ukb
The Journal of Liquid Biopsy,NA,2950-1954,2026-05-21,NA,els2025ukb
The Journal of Mathematical Behavior,NA,0732-3123,2026-05-21,NA,els2025ukb
The Journal of Molecular Diagnostics,NA,1525-1578,2026-05-21,NA,els2025ukb
The Journal of Nutrition,NA,0022-3166,2026-05-21,NA,els2025ukb
"The Journal of nutrition, health and aging",NA,1279-7707,2026-05-21,NA,els2025ukb
The Journal of Nutritional Biochemistry,NA,0955-2863,2026-05-21,NA,els2025ukb
The Journal of Nutritional Physiology,NA,3050-6247,2026-05-21,NA,els2025ukb
The Journal of Pain,NA,1526-5900,2026-05-21,NA,els2025ukb
The Journal of Pediatrics,NA,0022-3476,2026-05-21,NA,els2025ukb
The Journal of Pediatrics: Clinical Practice,NA,2950-5410,2026-05-21,NA,els2025ukb
The Journal of Pharmacology and Experimental Therapeutics,NA,0022-3565,2026-05-21,NA,els2025ukb
The Journal of Physiological Sciences,NA,1880-6546,2026-05-21,NA,els2025ukb
The Journal of Precision Medicine: Health and Disease,NA,3050-6328,2026-05-21,NA,els2025ukb
The Journal of Prevention of Alzheimer's Disease,NA,2274-5807,2026-05-21,NA,els2025ukb
The Journal of Prosthetic Dentistry,NA,0022-3913,2026-05-21,NA,els2025ukb
The Journal of Steroid Biochemistry and Molecular Biology,NA,0960-0760,2026-05-21,NA,els2025ukb
The Journal of Strategic Information Systems,NA,0963-8687,2026-05-21,NA,els2025ukb
The Journal of Supercritical Fluids,NA,0896-8446,2026-05-21,NA,els2025ukb
The Journal of the American Dental Association,NA,0002-8177,2026-05-21,NA,els2025ukb
The Journal of the Economics of Ageing,NA,2212-828X,2026-05-21,NA,els2025ukb
The Journal of Thoracic and Cardiovascular Surgery,NA,0022-5223,2026-05-21,NA,els2025ukb
The Knee,NA,0968-0160,2026-05-21,NA,els2025ukb
The Lancet Digital Health,NA,2589-7500,2026-05-21,NA,els2025ukb
The Lancet Global Health,NA,2214-109X,2026-05-21,NA,els2025ukb
The Lancet Healthy Longevity,NA,2666-7568,2026-05-21,NA,els2025ukb
The Lancet Microbe,NA,2666-5247,2026-05-21,NA,els2025ukb
The Lancet Planetary Health,NA,2542-5196,2026-05-21,NA,els2025ukb
The Lancet Primary Care,NA,3050-5143,2026-05-21,NA,els2025ukb
The Lancet Public Health,NA,2468-2667,2026-05-21,NA,els2025ukb
The Lancet Regional Health - Africa,NA,3050-5011,2026-05-21,NA,els2025ukb
The Lancet Regional Health - Americas,NA,2667-193X,2026-05-21,NA,els2025ukb
The Lancet Regional Health - Europe,NA,2666-7762,2026-05-21,NA,els2025ukb
The Lancet Regional Health - Southeast Asia,NA,2772-3682,2026-05-21,NA,els2025ukb
The Lancet Regional Health - Western Pacific,NA,2666-6065,2026-05-21,NA,els2025ukb
The Leadership Quarterly,NA,1048-9843,2026-05-21,NA,els2025ukb
The Microbe,NA,2950-1946,2026-05-21,NA,els2025ukb
The North American Journal of Economics and Finance,NA,1062-9408,2026-05-21,NA,els2025ukb
The Ocular Surface,NA,1542-0124,2026-05-21,NA,els2025ukb
The Quarterly Review of Economics and Finance,NA,1062-9769,2026-05-21,NA,els2025ukb
The Royal College of Radiologists Open,NA,2773-0662,2026-05-21,NA,els2025ukb
The Spine Journal,NA,1529-9430,2026-05-21,NA,els2025ukb
The Surgeon,NA,1479-666X,2026-05-21,NA,els2025ukb
The Swine Journal,NA,3117-4132,2026-05-21,NA,els2025ukb
The Veterinary Journal,NA,1090-0233,2026-05-21,NA,els2025ukb
The Veterinary Journal: Pharmacology & Toxicology,NA,3117-5252,2026-05-21,NA,els2025ukb
Theoretical and Applied Fracture Mechanics,NA,0167-8442,2026-05-21,NA,els2025ukb
Theoretical and Applied Mechanics Letters,NA,2095-0349,2026-05-21,NA,els2025ukb
Theoretical Computer Science,NA,0304-3975,2026-05-21,NA,els2025ukb
Theoretical Population Biology,NA,0040-5809,2026-05-21,NA,els2025ukb
Therapies,NA,0040-5957,2026-05-21,NA,els2025ukb
Theriogenology,NA,0093-691X,2026-05-21,NA,els2025ukb
Theriogenology Wild,NA,2773-093X,2026-05-21,NA,els2025ukb
Thermal Advances,NA,3050-4635,2026-05-21,NA,els2025ukb
Thermal Science and Engineering Progress,NA,2451-9049,2026-05-21,NA,els2025ukb
Thermochimica Acta,NA,0040-6031,2026-05-21,NA,els2025ukb
Thin Solid Films,NA,0040-6090,2026-05-21,NA,els2025ukb
Thinking Skills and Creativity,NA,1871-1871,2026-05-21,NA,els2025ukb
Thin-Walled Structures,NA,0263-8231,2026-05-21,NA,els2025ukb
Thrombosis Research,NA,0049-3848,2026-05-21,NA,els2025ukb
Thrombosis Update,NA,2666-5727,2026-05-21,NA,els2025ukb
Thyroid Science,NA,2950-3000,2026-05-21,NA,els2025ukb
Ticks and Tick-borne Diseases,NA,1877-959X,2026-05-21,NA,els2025ukb
Tissue and Cell,NA,0040-8166,2026-05-21,NA,els2025ukb
Tomography of Materials and Structures,NA,2949-673X,2026-05-21,NA,els2025ukb
Topics in Companion Animal Medicine,NA,1938-9736,2026-05-21,NA,els2025ukb
Topology and its Applications,NA,0166-8641,2026-05-21,NA,els2025ukb
Total Chemistry,NA,3050-581X,2026-05-21,NA,els2025ukb
Total Environment Advances,NA,2950-3957,2026-05-21,NA,els2025ukb
Total Environment Engineering,NA,2950-631X,2026-05-21,NA,els2025ukb
Total Environment Microbiology,NA,3050-6417,2026-05-21,NA,els2025ukb
Tourism Management,NA,0261-5177,2026-05-21,NA,els2025ukb
Tourism Management Perspectives,NA,2211-9736,2026-05-21,NA,els2025ukb
Toxicologie Analytique et Clinique,NA,2352-0078,2026-05-21,NA,els2025ukb
Toxicology,NA,0300-483X,2026-05-21,NA,els2025ukb
Toxicology and Applied Pharmacology,NA,0041-008X,2026-05-21,NA,els2025ukb
Toxicology in Vitro,NA,0887-2333,2026-05-21,NA,els2025ukb
Toxicology Letters,NA,0378-4274,2026-05-21,NA,els2025ukb
Toxicology Reports,NA,2214-7500,2026-05-21,NA,els2025ukb
Toxicon,NA,0041-0101,2026-05-21,NA,els2025ukb
Toxicon: X,NA,2590-1710,2026-05-21,NA,els2025ukb
Transcranial Magnetic Stimulation,NA,3050-5291,2026-05-21,NA,els2025ukb
Transformative Energy,NA,3117-4639,2026-05-21,NA,els2025ukb
Transfusion and Apheresis Science,NA,1473-0502,2026-05-21,NA,els2025ukb
Transfusion Clinique et Biologique,NA,1246-7820,2026-05-21,NA,els2025ukb
Transfusion Medicine Reviews,NA,0887-7963,2026-05-21,NA,els2025ukb
Translational Oncology,NA,1936-5233,2026-05-21,NA,els2025ukb
Translational Research,NA,1931-5244,2026-05-21,NA,els2025ukb
Translational Research in Anatomy,NA,2214-854X,2026-05-21,NA,els2025ukb
Transnational Mobilities,NA,3117-5511,2026-05-21,NA,els2025ukb
Transplant Immunology,NA,0966-3274,2026-05-21,NA,els2025ukb
Transplantation and Cellular Therapy,NA,2666-6367,2026-05-21,NA,els2025ukb
Transplantation Proceedings,NA,0041-1345,2026-05-21,NA,els2025ukb
Transplantation Reports,NA,2451-9596,2026-05-21,NA,els2025ukb
Transplantation Reviews,NA,0955-470X,2026-05-21,NA,els2025ukb
Transport Economics and Management,NA,2949-8996,2026-05-21,NA,els2025ukb
Transport Policy,NA,0967-070X,2026-05-21,NA,els2025ukb
Transportation Engineering,NA,2666-691X,2026-05-21,NA,els2025ukb
Transportation Geotechnics,NA,2214-3912,2026-05-21,NA,els2025ukb
Transportation Research Interdisciplinary Perspectives,NA,2590-1982,2026-05-21,NA,els2025ukb
Transportation Research Part A: Policy and Practice,NA,0965-8564,2026-05-21,NA,els2025ukb
Transportation Research Part B: Methodological,NA,0191-2615,2026-05-21,NA,els2025ukb
Transportation Research Part C: Emerging Technologies,NA,0968-090X,2026-05-21,NA,els2025ukb
Transportation Research Part D: Transport and Environment,NA,1361-9209,2026-05-21,NA,els2025ukb
Transportation Research Part E: Logistics and Transportation Review,NA,1366-5545,2026-05-21,NA,els2025ukb
Transportation Research Part F: Traffic Psychology and Behaviour,NA,1369-8478,2026-05-21,NA,els2025ukb
Transportation Research Today,NA,3051-360X,2026-05-21,NA,els2025ukb
Trauma Case Reports,NA,2352-6440,2026-05-21,NA,els2025ukb
Travel Behaviour and Society,NA,2214-367X,2026-05-21,NA,els2025ukb
Travel Medicine and Infectious Disease,NA,1477-8939,2026-05-21,NA,els2025ukb
"Trees, Forests and People",NA,2666-7193,2026-05-21,NA,els2025ukb
Trends in Anaesthesia and Critical Care,NA,2210-8440,2026-05-21,NA,els2025ukb
Trends in Analytical Chemistry,NA,0165-9936,2026-05-21,NA,els2025ukb
Trends in Cardiovascular Medicine,NA,1050-1738,2026-05-21,NA,els2025ukb
Trends in Environmental Analytical Chemistry,NA,2214-1588,2026-05-21,NA,els2025ukb
Trends in Food Science & Technology,NA,0924-2244,2026-05-21,NA,els2025ukb
Trends in Neuroscience and Education,NA,2211-9493,2026-05-21,NA,els2025ukb
Trends Open,NA,3117-3470,2026-05-21,NA,els2025ukb
Tribology and Interfaces,NA,3117-3136,2026-05-21,NA,els2025ukb
Tribology International,NA,0301-679X,2026-05-21,NA,els2025ukb
Tuberculosis,NA,1472-9792,2026-05-21,NA,els2025ukb
Tumour Virus Research,NA,2666-6790,2026-05-21,NA,els2025ukb
Tunnelling and Underground Space Technology,NA,0886-7798,2026-05-21,NA,els2025ukb
Ultramicroscopy,NA,0304-3991,2026-05-21,NA,els2025ukb
Ultrasonics,NA,0041-624X,2026-05-21,NA,els2025ukb
Ultrasonics Sonochemistry,NA,1350-4177,2026-05-21,NA,els2025ukb
Ultrasound in Medicine & Biology,NA,0301-5629,2026-05-21,NA,els2025ukb
Urban Climate,NA,2212-0955,2026-05-21,NA,els2025ukb
Urban Forestry & Urban Greening,NA,1618-8667,2026-05-21,NA,els2025ukb
Urban Transitions,NA,3050-6972,2026-05-21,NA,els2025ukb
Urologic Oncology: Seminars and Original Investigations,NA,1078-1439,2026-05-21,NA,els2025ukb
Urology,NA,0090-4295,2026-05-21,NA,els2025ukb
Urology Case Reports,NA,2214-4420,2026-05-21,NA,els2025ukb
Urology Horizons,NA,3117-3500,2026-05-21,NA,els2025ukb
Urology Video Journal,NA,2590-0897,2026-05-21,NA,els2025ukb
Utilities Policy,NA,0957-1787,2026-05-21,NA,els2025ukb
Vaccine,NA,0264-410X,2026-05-21,NA,els2025ukb
Vaccine: X,NA,2590-1362,2026-05-21,NA,els2025ukb
Vacunas,NA,1576-9887,2026-05-21,NA,els2025ukb
Vacunas (English Edition),NA,2445-1460,2026-05-21,NA,els2025ukb
Vacuum,NA,0042-207X,2026-05-21,NA,els2025ukb
Value in Health,NA,1098-3015,2026-05-21,NA,els2025ukb
Value in Health Regional Issues,NA,2212-1099,2026-05-21,NA,els2025ukb
Vascular Diseases,NA,3050-6581,2026-05-21,NA,els2025ukb
Vascular Pharmacology,NA,1537-1891,2026-05-21,NA,els2025ukb
Vehicular Communications,NA,2214-2096,2026-05-21,NA,els2025ukb
Veterinary Anaesthesia and Analgesia,NA,1467-2987,2026-05-21,NA,els2025ukb
Veterinary and Animal Science,NA,2451-943X,2026-05-21,NA,els2025ukb
Veterinary Immunology and Immunopathology,NA,0165-2427,2026-05-21,NA,els2025ukb
Veterinary Microbiology,NA,0378-1135,2026-05-21,NA,els2025ukb
Veterinary Parasitology,NA,0304-4017,2026-05-21,NA,els2025ukb
Veterinary Parasitology: Regional Studies and Reports,NA,2405-9390,2026-05-21,NA,els2025ukb
Vibrational Spectroscopy,NA,0924-2031,2026-05-21,NA,els2025ukb
VideoGIE,NA,2468-4481,2026-05-21,NA,els2025ukb
Virology,NA,0042-6822,2026-05-21,NA,els2025ukb
Virus Research,NA,0168-1702,2026-05-21,NA,els2025ukb
Vision Research,NA,0042-6989,2026-05-21,NA,els2025ukb
Visual Journal of Emergency Medicine,NA,2405-4690,2026-05-21,NA,els2025ukb
Waste Management,NA,0956-053X,2026-05-21,NA,els2025ukb
Waste Management Bulletin,NA,2949-7507,2026-05-21,NA,els2025ukb
Water Research,NA,0043-1354,2026-05-21,NA,els2025ukb
Water Research X,NA,2589-9147,2026-05-21,NA,els2025ukb
Water Resources and Industry,NA,2212-3717,2026-05-21,NA,els2025ukb
Water Security,NA,2468-3124,2026-05-21,NA,els2025ukb
Wave Motion,NA,0165-2125,2026-05-21,NA,els2025ukb
Wear,NA,0043-1648,2026-05-21,NA,els2025ukb
Weather and Climate Extremes,NA,2212-0947,2026-05-21,NA,els2025ukb
"Wellbeing, Space and Society",NA,2666-5581,2026-05-21,NA,els2025ukb
WFUMB Ultrasound Open,NA,2949-6683,2026-05-21,NA,els2025ukb
Wind Energy and Engineering Research,NA,2950-3604,2026-05-21,NA,els2025ukb
Women and Birth,NA,1871-5192,2026-05-21,NA,els2025ukb
Women's Health Issues,NA,1049-3867,2026-05-21,NA,els2025ukb
Women's Studies International Forum,NA,0277-5395,2026-05-21,NA,els2025ukb
World Allergy Organization Journal,NA,1939-4551,2026-05-21,NA,els2025ukb
World Development,NA,0305-750X,2026-05-21,NA,els2025ukb
World Development Perspectives,NA,2452-2929,2026-05-21,NA,els2025ukb
World Development Sustainability,NA,2772-655X,2026-05-21,NA,els2025ukb
World Neurosurgery,NA,1878-8750,2026-05-21,NA,els2025ukb
World Neurosurgery: X,NA,2590-1397,2026-05-21,NA,els2025ukb
World Patent Information,NA,0172-2190,2026-05-21,NA,els2025ukb
"Zeitschrift für Evidenz, Fortbildung und Qualität im Gesundheitswesen",NA,1865-9217,2026-05-21,NA,els2025ukb
Zeitschrift für Medizinische Physik,NA,0939-3889,2026-05-21,NA,els2025ukb
Zoologischer Anzeiger,NA,0044-5231,2026-05-21,NA,els2025ukb
Zoology,NA,0944-2006,2026-05-21,NA,els2025ukb
"Earth Science, Systems and Society",NA,2634-730X,2026-06-12,NA,gsl2025csic
"Geochemistry: Exploration, Environment, Analysis",1467-7873,2041-4943,2026-06-12,NA,gsl2025csic
Geoenergy,NA,2755-1725,2026-06-12,NA,gsl2025csic
Journal of the Geological Society,0016-7649,2041-479X,2026-06-12,NA,gsl2025csic
Petroleum Geoscience,1354-0793,2041-496X,2026-06-12,NA,gsl2025csic
Proceedings of the Yorkshire Geological Society,0044-0604,2041-4811,2026-06-12,NA,gsl2025csic
Quarterly Journal of Engineering Geology and Hydrogeology,1470-9236,2041-4803,2026-06-12,NA,gsl2025csic
Scottish Journal of Geology,0036-9276,2041-4951,2026-06-12,NA,gsl2025csic
Analyst,NA,1364-5528,2026-07-07,NA,rsc2024lyrasis
Analytical Methods,NA,1759-9679,2026-04-21,NA,rsc2024lyrasis
Biomaterials Science,NA,2047-4849,2026-04-21,NA,rsc2024lyrasis
Catalysis Science & Technology,NA,2044-4761,2026-04-21,NA,rsc2024lyrasis
Chemical Communications,NA,1364-548X,2026-04-21,NA,rsc2024lyrasis
Chemical Science,NA,2041-6539,2026-04-21,NA,rsc2024lyrasis
Chemical Society Reviews,NA,1460-4744,2026-04-21,NA,rsc2024lyrasis
Chemistry Education Research and Practice,NA,1756-1108,2026-04-21,NA,rsc2024lyrasis
CrystEngComm,NA,1466-8033,2026-04-21,NA,rsc2024lyrasis
Dalton Transactions,NA,1477-9234,2026-04-21,NA,rsc2024lyrasis
Digital Discovery,NA,2635-098X,2026-04-21,NA,rsc2024lyrasis
EES Batteries,NA,3033-4071,2026-04-21,NA,rsc2024lyrasis
EES Catalysis,NA,2753-801X,2026-04-21,NA,rsc2024lyrasis
EES Solar,NA,3033-4063,2026-04-21,NA,rsc2024lyrasis
Energy & Environmental Science,NA,1754-5706,2026-04-21,NA,rsc2024lyrasis
Energy Advances,NA,2753-1457,2026-04-21,NA,rsc2024lyrasis
Environmental Science: Advances,NA,2754-7000,2026-04-21,NA,rsc2024lyrasis
Environmental Science: Atmospheres,NA,2634-3606,2026-04-21,NA,rsc2024lyrasis
Environmental Science: Nano,NA,2051-8161,2026-04-21,NA,rsc2024lyrasis
Environmental Science: Processes & Impacts including,NA,2050-7895,2026-04-21,NA,rsc2024lyrasis
Environmental Science: Water Research & Technology,NA,2053-1419,2026-04-21,NA,rsc2024lyrasis
Faraday Discussions,NA,1364-5498,2026-04-21,NA,rsc2024lyrasis
Food & Function,NA,2042-650X,2026-04-21,NA,rsc2024lyrasis
Green Chemistry,NA,1463-9270,2026-04-21,NA,rsc2024lyrasis
Industrial Chemistry & Materials,NA,2755-2608,2026-04-21,NA,rsc2024lyrasis
Inorganic Chemistry Frontiers,NA,2052-1553,2026-04-21,NA,rsc2024lyrasis
Journal of Analytical Atomic Spectrometry,NA,1364-5544,2026-04-21,NA,rsc2024lyrasis
Journal of Materials Chemistry A,NA,2050-7496,2026-04-21,NA,rsc2024lyrasis
Journal of Materials Chemistry B,NA,2050-7518,2026-04-21,NA,rsc2024lyrasis
Journal of Materials Chemistry C,NA,2050-7534,2026-04-21,NA,rsc2024lyrasis
Lab on a Chip,NA,1473-0189,2026-04-21,NA,rsc2024lyrasis
Materials Advances,NA,2633-5409,2026-04-21,NA,rsc2024lyrasis
Materials Chemistry Frontiers,NA,2052-1537,2026-04-21,NA,rsc2024lyrasis
Materials Horizons,NA,2051-6355,2026-04-21,NA,rsc2024lyrasis
Molecular Omics,NA,2515-4184,2026-04-21,NA,rsc2024lyrasis
Molecular Systems Design & Engineering,NA,2058-9689,2026-04-21,NA,rsc2024lyrasis
Nanoscale,NA,2040-3372,2026-04-21,NA,rsc2024lyrasis
Nanoscale Advances,NA,2156-0230,2026-04-21,NA,rsc2024lyrasis
Nanoscale Horizons,NA,2055-6764,2026-04-21,NA,rsc2024lyrasis
Natural Product Reports,NA,1460-4752,2026-04-21,NA,rsc2024lyrasis
New Journal of Chemistry,NA,1369-9261,2026-04-21,NA,rsc2024lyrasis
Organic & Biomolecular Chemistry,NA,1477-0539,2026-04-21,NA,rsc2024lyrasis
Organic Chemistry Frontiers,NA,2052-4129,2026-04-21,NA,rsc2024lyrasis
Physical Chemistry Chemical Physics,NA,1463-9084,2026-04-21,NA,rsc2024lyrasis
Polymer Chemistry,NA,1759-9962,2026-04-21,NA,rsc2024lyrasis
Reaction Chemistry & Engineering,NA,2058-9883,2026-04-21,NA,rsc2024lyrasis
RSC Advances,NA,2046-2069,2026-04-21,NA,rsc2024lyrasis
RSC Applied Interfaces,NA,2755-3701,2026-04-21,NA,rsc2024lyrasis
RSC Applied Polymers,NA,2755-371X,2026-04-21,NA,rsc2024lyrasis
RSC Chemical Biology,NA,2633-0679,2026-04-21,NA,rsc2024lyrasis
RSC Mechanochemistry,NA,2976-8683,2026-04-21,NA,rsc2024lyrasis
RSC Medicinal Chemistry,NA,2632-8682,2026-04-21,NA,rsc2024lyrasis
RSC Pharmaceutics,NA,2976-8713,2026-04-21,NA,rsc2024lyrasis
RSC Sustainability,NA,2753-8125,2026-04-21,NA,rsc2024lyrasis
Sensors & Diagnostics,NA,2635-0998,2026-04-21,NA,rsc2024lyrasis
Soft Matter,NA,1744-6848,2026-04-21,NA,rsc2024lyrasis
Sustainable Energy & Fuels,NA,2398-4902,2026-04-21,NA,rsc2024lyrasis
Sustainable Food Technology,NA,2753-8095,2026-04-21,NA,rsc2024lyrasis
4D printing,NA,3049-9569,2026-04-29,NA,eme2025finelib
Academia Revista Latinoamericana de Administracion,1012-8255,2056-5127,2026-04-29,NA,eme2025finelib
Accounting Research Journal,1030-9616,1839-5465,2026-04-29,NA,eme2025finelib
"Accounting, Auditing & Accountability Journal",1368-0668,1758-4205,2026-04-29,NA,eme2025finelib
Advances in Autism,2056-3868,2056-3876,2026-04-29,NA,eme2025finelib
Advances in Dual Diagnosis,1757-0972,2042-8324,2026-04-29,NA,eme2025finelib
Advances in Mental Health and Intellectual Disabilities,2044-1282,2044-1290,2026-04-29,NA,eme2025finelib
African Journal of Economic and Management Studies,2040-0705,2040-0713,2026-04-29,NA,eme2025finelib
Agricultural Finance Review,0002-1466,2041-6326,2026-04-29,NA,eme2025finelib
Aircraft Engineering and Aerospace Technology: An International Journal,1748-8842,1758-4213,2026-04-29,NA,eme2025finelib
American Journal of Business,1935-519X,1935-5181,2026-04-29,NA,eme2025finelib
Annals in Social Responsibility,2056-3515,2056-3523,2026-04-29,NA,eme2025finelib
Anti-Corrosion Methods and Materials,0003-5599,1758-4221,2026-04-29,NA,eme2025finelib
Archnet-IJAR: International Journal of Architectural Research,2631-6862,1938-7806,2026-04-29,NA,eme2025finelib
Artificial Intelligence in Education,NA,3049-5474,2026-04-29,NA,eme2025finelib
Arts and the Market,2056-4945,2056-4953,2026-04-29,NA,eme2025finelib
Asia Pacific Journal of Marketing and Logistics,1355-5855,1758-4248,2026-04-29,NA,eme2025finelib
Asian Education and Development Studies,2046-3162,2046-3170,2026-04-29,NA,eme2025finelib
Asian Review of Accounting,1321-7348,1758-8863,2026-04-29,NA,eme2025finelib
Asia-Pacific Journal of Business Administration,1757-4323,1757-4331,2026-04-29,NA,eme2025finelib
Aslib Journal of Information Management,2050-3806,2050-3814,2026-04-29,NA,eme2025finelib
Baltic Journal of Management,1746-5265,1746-5273,2026-04-29,NA,eme2025finelib
Benchmarking: An International Journal,1463-5771,1758-4094,2026-04-29,NA,eme2025finelib
British Food Journal,0007-070X,1758-4108,2026-04-29,NA,eme2025finelib
Built Environment Project and Asset Management,2044-124X,2044-1258,2026-04-29,NA,eme2025finelib
Business Process Management Journal,1463-7154,1758-4116,2026-04-29,NA,eme2025finelib
Career Development International,1362-0436,1758-6003,2026-04-29,NA,eme2025finelib
China Agricultural Economic Review,1756-137X,1756-1388,2026-04-29,NA,eme2025finelib
China Finance Review International,2044-1398,2044-1401,2026-04-29,NA,eme2025finelib
Chinese Management Studies,1750-614X,1750-6158,2026-04-29,NA,eme2025finelib
Circuit World,0305-6120,1758-602X,2026-04-29,NA,eme2025finelib
Collection and Curation,2514-9326,2514-9334,2026-04-29,NA,eme2025finelib
COMPEL,0332-1649,2054-5606,2026-04-29,NA,eme2025finelib
Competitiveness Review,1059-5422,2051-3143,2026-04-29,NA,eme2025finelib
"Construction Innovation: Information, Process, Management",1471-4175,1477-0857,2026-04-29,NA,eme2025finelib
Consumer Behavior in Tourism and Hospitality,2752-6666,2752-6674,2026-04-29,NA,eme2025finelib
Continuity & Resilience Review,2516-7502,2516-7510,2026-04-29,NA,eme2025finelib
Corporate Communications: An International Journal,1356-3289,1758-6046,2026-04-29,NA,eme2025finelib
Corporate Governance,1472-0701,1758-6054,2026-04-29,NA,eme2025finelib
Critical perspectives on international business,1742-2043,1758-6062,2026-04-29,NA,eme2025finelib
Cross Cultural & Strategic Management,2059-5794,2059-5808,2026-04-29,NA,eme2025finelib
Data Technologies and Applications,2514-9288,2514-9318,2026-04-29,NA,eme2025finelib
Development and Learning in Organizations: An International Journal,1477-7282,1758-6097,2026-04-29,NA,eme2025finelib
Digital Library Perspectives,2059-5816,2059-5824,2026-04-29,NA,eme2025finelib
"Digital Policy, Regulation and Governance",2398-5038,2398-5046,2026-04-29,NA,eme2025finelib
Disaster Prevention and Management: An International Journal,0965-3562,1758-6100,2026-04-29,NA,eme2025finelib
"Drugs, Habits and Social Policy",2752-6739,2752-6747,2026-04-29,NA,eme2025finelib
Education + Training,0040-0912,1758-6127,2026-04-29,NA,eme2025finelib
Employee Relations: The International Journal,0142-5455,1758-7069,2026-04-29,NA,eme2025finelib
Engineering Computations,0264-4401,1758-7077,2026-04-29,NA,eme2025finelib
"Engineering, Construction and Architectural Management",0969-9988,1365-232X,2026-04-29,NA,eme2025finelib
English Teaching: Practice & Critique,2059-5727,1175-8708,2026-04-29,NA,eme2025finelib
"Equality, Diversity and Inclusion: An International Journal",2040-7149,2040-7157,2026-04-29,NA,eme2025finelib
EuroMed Journal of Business,1450-2194,1758-888X,2026-04-29,NA,eme2025finelib
European Business Review,0955-534X,1758-7107,2026-04-29,NA,eme2025finelib
European Journal of Innovation Management,1460-1060,1758-7115,2026-04-29,NA,eme2025finelib
European Journal of Marketing,0309-0566,1758-7123,2026-04-29,NA,eme2025finelib
European Journal of Training and Development,2046-9012,2046-9020,2026-04-29,NA,eme2025finelib
Evidence-based HRM: a Global Forum for Empirical Scholarship,2049-3983,2049-3991,2026-04-29,NA,eme2025finelib
Facilities,0263-2772,1758-7131,2026-04-29,NA,eme2025finelib
Foresight,1463-6689,1465-9832,2026-04-29,NA,eme2025finelib
Gender in Management: An International Journal,1754-2413,1754-2421,2026-04-29,NA,eme2025finelib
"Global Knowledge, Memory and Communication",2514-9342,2514-9350,2026-04-29,NA,eme2025finelib
Global Smart Food Systems,NA,3049-5318,2026-04-29,NA,eme2025finelib
Grey Systems: Theory and Application,2043-9377,2043-9385,2026-04-29,NA,eme2025finelib
Health Education,0965-4283,1758-714X,2026-04-29,NA,eme2025finelib
"Higher Education, Skills and Work-based Learning",2042-3896,2042-390X,2026-04-29,NA,eme2025finelib
History of Education Review,0819-8691,2054-5649,2026-04-29,NA,eme2025finelib
"Housing, Care and Support",1460-8790,2042-8375,2026-04-29,NA,eme2025finelib
Human Resource Management International Digest,0967-0734,1758-7166,2026-04-29,NA,eme2025finelib
Indian Growth and Development Review,1753-8254,1753-8262,2026-04-29,NA,eme2025finelib
Industrial and Commercial Training,0019-7858,1758-5767,2026-04-29,NA,eme2025finelib
Industrial Lubrication and Tribology,0036-8792,1758-5775,2026-04-29,NA,eme2025finelib
Industrial Management & Data Systems,0263-5577,1758-5783,2026-04-29,NA,eme2025finelib
Industrial Robot,0143-991X,1758-5791,2026-04-29,NA,eme2025finelib
Information and Computer Security,2056-4961,2056-497X,2026-04-29,NA,eme2025finelib
Information and Learning Sciences,2398-5348,2398-5356,2026-04-29,NA,eme2025finelib
Information Discovery and Delivery,2398-6247,2398-6255,2026-04-29,NA,eme2025finelib
Information Technology & People,0959-3845,1758-5813,2026-04-29,NA,eme2025finelib
Interactive Technology and Smart Education,1741-5659,1758-8510,2026-04-29,NA,eme2025finelib
International Journal for Lesson and Learning Studies,2046-8253,2046-8261,2026-04-29,NA,eme2025finelib
International Journal of Accounting and Information Management,1834-7649,1758-9037,2026-04-29,NA,eme2025finelib
International Journal of Bank Marketing,0265-2323,1758-5937,2026-04-29,NA,eme2025finelib
International Journal of Building Pathology and Adaptation,2398-4708,2398-4716,2026-04-29,NA,eme2025finelib
International Journal of Climate Change Strategies and Management,1756-8692,1756-8706,2026-04-29,NA,eme2025finelib
International Journal of Clothing Science and Technology,0955-6222,1758-5953,2026-04-29,NA,eme2025finelib
International Journal of Comparative Education and Development,2396-7404,2309-4907,2026-04-29,NA,eme2025finelib
International Journal of Conflict Management,1044-4068,1758-8545,2026-04-29,NA,eme2025finelib
International Journal of Contemporary Hospitality Management,0959-6119,1757-1049,2026-04-29,NA,eme2025finelib
International Journal of Development Issues,1446-8956,1758-8553,2026-04-29,NA,eme2025finelib
International Journal of Disaster Resilience in the Built Environment,1759-5908,1759-5916,2026-04-29,NA,eme2025finelib
International Journal of Educational Management,0951-354X,1758-6518,2026-04-29,NA,eme2025finelib
International Journal of Emergency Services,2047-0894,2047-0908,2026-04-29,NA,eme2025finelib
International Journal of Emerging Markets,1746-8809,1746-8817,2026-04-29,NA,eme2025finelib
International Journal of Energy Sector Management,1750-6220,1750-6239,2026-04-29,NA,eme2025finelib
International Journal of Entrepreneurial Behavior & Research,1355-2554,1758-6534,2026-04-29,NA,eme2025finelib
International Journal of Ethics and Systems,2514-9369,2514-9377,2026-04-29,NA,eme2025finelib
International Journal of Event and Festival Management,1758-2954,1758-2962,2026-04-29,NA,eme2025finelib
International Journal of Gender and Entrepreneurship,1756-6266,1756-6274,2026-04-29,NA,eme2025finelib
International Journal of Health Care Quality Assurance,0952-6862,1758-6542,2026-04-29,NA,eme2025finelib
International Journal of Health Governance,2059-4631,2059-464X,2026-04-29,NA,eme2025finelib
International Journal of Housing Markets and Analysis,1753-8270,1753-8289,2026-04-29,NA,eme2025finelib
International Journal of Human Rights in Healthcare,2056-4902,2056-4910,2026-04-29,NA,eme2025finelib
International Journal of Information and Learning Technology,2056-4880,2056-4899,2026-04-29,NA,eme2025finelib
International Journal of Innovation Science,1757-2223,1757-2231,2026-04-29,NA,eme2025finelib
International Journal of Intelligent Computing and Cybernetics,1756-378X,1756-3798,2026-04-29,NA,eme2025finelib
International Journal of Intelligent Unmanned Systems,2049-6427,2049-6435,2026-04-29,NA,eme2025finelib
International Journal of Islamic and Middle Eastern Finance and Management,1753-8394,1753-8408,2026-04-29,NA,eme2025finelib
International Journal of Law and Management,1754-243X,1754-2448,2026-04-29,NA,eme2025finelib
International Journal of Lean Six Sigma,2040-4166,2040-4174,2026-04-29,NA,eme2025finelib
International Journal of Managerial Finance,1743-9132,1758-6569,2026-04-29,NA,eme2025finelib
International Journal of Managing Projects in Business,1753-8378,1753-8386,2026-04-29,NA,eme2025finelib
International Journal of Manpower,0143-7720,1758-6577,2026-04-29,NA,eme2025finelib
International Journal of Mentoring and Coaching in Education,2046-6854,2046-6862,2026-04-29,NA,eme2025finelib
"International Journal of Migration, Health and Social Care",1747-9894,2042-8650,2026-04-29,NA,eme2025finelib
International Journal of Numerical Methods for Heat & Fluid Flow,0961-5539,1758-6585,2026-04-29,NA,eme2025finelib
International Journal of Operations & Production Management,0144-3577,1758-6593,2026-04-29,NA,eme2025finelib
International Journal of Organization Theory & Behavior,1093-4537,1532-4273,2026-04-29,NA,eme2025finelib
International Journal of Organizational Analysis,1934-8835,1758-8561,2026-04-29,NA,eme2025finelib
International Journal of Pervasive Computing and Communications,1742-7371,1742-738X,2026-04-29,NA,eme2025finelib
International Journal of Pharmaceutical and Healthcare Marketing,1750-6123,1750-6131,2026-04-29,NA,eme2025finelib
International Journal of Physical Distribution & Logistics Management,0960-0035,1758-664X,2026-04-29,NA,eme2025finelib
International Journal of Prison Health,2977-0254,2977-0262,2026-04-29,NA,eme2025finelib
International Journal of Productivity and Performance Management,1741-0401,1758-6658,2026-04-29,NA,eme2025finelib
International Journal of Public Leadership,2056-4929,2056-4937,2026-04-29,NA,eme2025finelib
International Journal of Public Sector Management,0951-3558,1758-6666,2026-04-29,NA,eme2025finelib
International Journal of Quality & Reliability Management,0265-671X,1758-6682,2026-04-29,NA,eme2025finelib
International Journal of Quality and Service Sciences,0972-7981,1756-6703,2026-04-29,NA,eme2025finelib
International Journal of Retail & Distribution Management,0959-0552,1758-6690,2026-04-29,NA,eme2025finelib
International Journal of Social Economics,0306-8293,1758-6712,2026-04-29,NA,eme2025finelib
International Journal of Sociology and Social Policy,0144-333X,1758-6720,2026-04-29,NA,eme2025finelib
International Journal of Sports Marketing and Sponsorship,1464-6668,2515-7841,2026-04-29,NA,eme2025finelib
International Journal of Structural Integrity,1757-9864,1757-9872,2026-04-29,NA,eme2025finelib
International Journal of Sustainability in Higher Education,1467-6370,1758-6739,2026-04-29,NA,eme2025finelib
International Journal of Web Information Systems,1744-0084,1744-0092,2026-04-29,NA,eme2025finelib
International Journal of Wine Business Research,1751-1062,1751-1070,2026-04-29,NA,eme2025finelib
International Journal of Workplace Health Management,1753-8351,1753-836X,2026-04-29,NA,eme2025finelib
International Marketing Review,0265-1335,1758-6763,2026-04-29,NA,eme2025finelib
International Perspectives on Health Equity,NA,2977-0246,2026-04-29,NA,eme2025finelib
Internet Research,1066-2243,2054-5657,2026-04-29,NA,eme2025finelib
Journal for Multicultural Education,2053-535X,2053-5368,2026-04-29,NA,eme2025finelib
Journal of Accounting & Organizational Change,1832-5912,1839-5473,2026-04-29,NA,eme2025finelib
Journal of Accounting in Emerging Economies,2042-1168,2042-1176,2026-04-29,NA,eme2025finelib
Journal of Accounting Literature,0737-4607,2452-1469,2026-04-29,NA,eme2025finelib
Journal of Advances in Management Research,0972-7981,2049-3207,2026-04-29,NA,eme2025finelib
"Journal of Aggression, Conflict and Peace Research",1759-6599,2042-8715,2026-04-29,NA,eme2025finelib
Journal of Agribusiness in Developing and Emerging Economies,2044-0839,2044-0847,2026-04-29,NA,eme2025finelib
Journal of Applied Accounting Research,0967-5426,1758-8855,2026-04-29,NA,eme2025finelib
Journal of Applied Research in Higher Education,2050-7003,1758-1184,2026-04-29,NA,eme2025finelib
Journal of Asia Business Studies,1558-7894,1559-2243,2026-04-29,NA,eme2025finelib
Journal of Business & Industrial Marketing,0885-8624,2052-1189,2026-04-29,NA,eme2025finelib
Journal of Business Strategy,0275-6668,2052-1197,2026-04-29,NA,eme2025finelib
Journal of Children's Services,1746-6660,2042-8677,2026-04-29,NA,eme2025finelib
Journal of Chinese Economic and Foreign Trade Studies,1754-4408,1754-4416,2026-04-29,NA,eme2025finelib
Journal of Communication Management,1363-254X,1478-0852,2026-04-29,NA,eme2025finelib
Journal of Consumer Marketing,0736-3761,2052-1200,2026-04-29,NA,eme2025finelib
Journal of Contemporary Marketing Science,2516-7480,2516-7499,2026-04-29,NA,eme2025finelib
Journal of Corporate Real Estate,1463-001X,1479-1048,2026-04-29,NA,eme2025finelib
Journal of Criminal Psychology,2009-3829,2049-9388,2026-04-29,NA,eme2025finelib
"Journal of Criminological Research, Policy and Practice",2056-3841,2056-385X,2026-04-29,NA,eme2025finelib
Journal of Cultural Heritage Management and Sustainable Development,2044-1266,2044-1274,2026-04-29,NA,eme2025finelib
Journal of Documentation,0022-0418,1758-7379,2026-04-29,NA,eme2025finelib
Journal of Economic and Administrative Sciences,2054-6238,2054-6246,2026-04-29,NA,eme2025finelib
Journal of Economic Studies,0144-3585,1758-7387,2026-04-29,NA,eme2025finelib
Journal of Educational Administration,0957-8234,1758-7395,2026-04-29,NA,eme2025finelib
Journal of Enabling Technologies,2398-6263,2398-6271,2026-04-29,NA,eme2025finelib
"Journal of Engineering, Design and Technology",1726-0531,1758-8901,2026-04-29,NA,eme2025finelib
Journal of Enterprise Information Management,1741-0398,1758-7409,2026-04-29,NA,eme2025finelib
Journal of Enterprising Communities: People and Places in the Global Economy,1750-6204,1750-6212,2026-04-29,NA,eme2025finelib
Journal of Entrepreneurship and Public Policy,2045-2101,2045-211X,2026-04-29,NA,eme2025finelib
Journal of Entrepreneurship in Emerging Economies,2053-4604,2053-4612,2026-04-29,NA,eme2025finelib
Journal of European Real Estate Research,1753-9269,1753-9277,2026-04-29,NA,eme2025finelib
Journal of Facilities Management,1472-5967,1741-0983,2026-04-29,NA,eme2025finelib
Journal of Family Business Management,2043-6238,2043-6246,2026-04-29,NA,eme2025finelib
Journal of Fashion Marketing and Management: An International Journal,1361-2026,1758-7433,2026-04-29,NA,eme2025finelib
Journal of Financial Crime,1359-0790,1758-7239,2026-04-29,NA,eme2025finelib
Journal of Financial Economic Policy,1757-6385,1757-6393,2026-04-29,NA,eme2025finelib
Journal of Financial Management of Property and Construction,1366-4387,1759-8443,2026-04-29,NA,eme2025finelib
Journal of Financial Regulation and Compliance,1358-1988,1740-0279,2026-04-29,NA,eme2025finelib
Journal of Financial Reporting and Accounting,1985-2517,2042-5856,2026-04-29,NA,eme2025finelib
Journal of Forensic Practice,2050-8794,2050-8808,2026-04-29,NA,eme2025finelib
Journal of Global Mobility: The Home of Expatriate Management Research,2049-8799,2049-8802,2026-04-29,NA,eme2025finelib
Journal of Global Operations and Strategic Sourcing,2398-5364,2398-5372,2026-04-29,NA,eme2025finelib
Journal of Global Responsibility,2041-2568,2041-2576,2026-04-29,NA,eme2025finelib
Journal of Health Organization and Management,1477-7266,1758-7247,2026-04-29,NA,eme2025finelib
Journal of Historical Research in Marketing,1755-750X,1755-7518,2026-04-29,NA,eme2025finelib
Journal of Hospitality and Tourism Horizons,3049-7914,3049-7922,2026-04-29,NA,eme2025finelib
Journal of Hospitality and Tourism Insights,2514-9792,2514-9806,2026-04-29,NA,eme2025finelib
Journal of Hospitality and Tourism Technology,1757-9880,1757-9899,2026-04-29,NA,eme2025finelib
Journal of Indian Business Research,1755-4195,1755-4209,2026-04-29,NA,eme2025finelib
"Journal of Information, Communication and Ethics in Society",1477-996X,1758-8871,2026-04-29,NA,eme2025finelib
Journal of Integrated Care,1476-9018,2042-8685,2026-04-29,NA,eme2025finelib
Journal of Intellectual Capital,1469-1930,1758-7468,2026-04-29,NA,eme2025finelib
Journal of International Education in Business,2046-469X,1836-3261,2026-04-29,NA,eme2025finelib
Journal of International Trade Law and Policy,1477-0024,2045-4376,2026-04-29,NA,eme2025finelib
Journal of Islamic Accounting and Business Research,1759-0817,1759-0825,2026-04-29,NA,eme2025finelib
Journal of Islamic Marketing,1759-0833,1759-0841,2026-04-29,NA,eme2025finelib
Journal of Knowledge Management,1367-3270,1758-7484,2026-04-29,NA,eme2025finelib
Journal of Management Development,0262-1711,1758-7492,2026-04-29,NA,eme2025finelib
Journal of Management History,1751-1348,1758-7751,2026-04-29,NA,eme2025finelib
Journal of Managerial Psychology,0268-3946,1758-7778,2026-04-29,NA,eme2025finelib
Journal of Manufacturing Technology Management,1741-038X,1758-7786,2026-04-29,NA,eme2025finelib
Journal of Modelling in Management,1746-5664,1746-5672,2026-04-29,NA,eme2025finelib
Journal of Money Laundering Control,1368-5201,1758-7808,2026-04-29,NA,eme2025finelib
Journal of Organizational Change Management,0953-4814,1758-7816,2026-04-29,NA,eme2025finelib
Journal of Organizational Effectiveness: People and Performance,2051-6614,2051-6622,2026-04-29,NA,eme2025finelib
Journal of Organizational Ethnography,2046-6749,2046-6757,2026-04-29,NA,eme2025finelib
Journal of Participation and Employee Ownership,2514-7641,2514-765X,2026-04-29,NA,eme2025finelib
Journal of Place Management and Development,1753-8335,1753-8343,2026-04-29,NA,eme2025finelib
Journal of Product & Brand Management,1061-0421,2054-1643,2026-04-29,NA,eme2025finelib
Journal of Professional Capital and Community,2056-9548,2056-9556,2026-04-29,NA,eme2025finelib
Journal of Property Investment & Finance,1463-578X,1470-2002,2026-04-29,NA,eme2025finelib
"Journal of Property, Planning and Environmental Law",2514-9407,2514-9415,2026-04-29,NA,eme2025finelib
"Journal of Public Budgeting, Accounting & Financial Management",1096-3367,1945-1814,2026-04-29,NA,eme2025finelib
Journal of Public Mental Health,1746-5729,2042-8731,2026-04-29,NA,eme2025finelib
Journal of Public Procurement,1535-0118,2150-6930,2026-04-29,NA,eme2025finelib
Journal of Quality in Maintenance Engineering,1355-2511,1758-7832,2026-04-29,NA,eme2025finelib
Journal of Research in Interactive Marketing,2040-7122,2040-7130,2026-04-29,NA,eme2025finelib
Journal of Research in Marketing and Entrepreneurship,1471-5201,1471-521X,2026-04-29,NA,eme2025finelib
Journal of Responsible Production and Consumption,NA,2977-0114,2026-04-29,NA,eme2025finelib
Journal of Science and Technology Policy Management,2053-4620,2053-4639,2026-04-29,NA,eme2025finelib
Journal of Service Management,1757-5818,1757-5826,2026-04-29,NA,eme2025finelib
Journal of Service Theory and Practice,2055-6225,2055-6233,2026-04-29,NA,eme2025finelib
Journal of Services Marketing,0887-6045,2054-1651,2026-04-29,NA,eme2025finelib
Journal of Small Business and Enterprise Development,1462-6004,1758-7840,2026-04-29,NA,eme2025finelib
Journal of Social Impact in Business Research,NA,3049-4877,2026-04-29,NA,eme2025finelib
Journal of Social Marketing,2042-6763,2042-6771,2026-04-29,NA,eme2025finelib
Journal of Strategy and Management,1755-425X,1755-4268,2026-04-29,NA,eme2025finelib
Journal of Structural Fire Engineering,2040-2317,2040-2325,2026-04-29,NA,eme2025finelib
Journal of Systems and Information Technology,1328-7265,1758-8847,2026-04-29,NA,eme2025finelib
Journal of Transport and Sustainability,NA,3049-852X,2026-04-29,NA,eme2025finelib
Journal of Workplace Learning,1366-5626,1758-7859,2026-04-29,NA,eme2025finelib
Kybernetes,0368-492X,1758-7883,2026-04-29,NA,eme2025finelib
Leadership & Organization Development Journal,0143-7739,1472-5347,2026-04-29,NA,eme2025finelib
Leadership in Health Services,1751-1879,1751-1887,2026-04-29,NA,eme2025finelib
Library Hi Tech,0737-8831,2054-166X,2026-04-29,NA,eme2025finelib
Library Hi Tech News,0741-9058,2054-1678,2026-04-29,NA,eme2025finelib
Library Management,0143-5124,1758-7921,2026-04-29,NA,eme2025finelib
Machine Learning and Data Science in Geotechnics,3029-0414,3029-0422,2026-04-29,NA,eme2025finelib
Management & Sustainability: An Arab Review,2752-9819,2752-9827,2026-04-29,NA,eme2025finelib
Management Decision,0025-1747,1758-6070,2026-04-29,NA,eme2025finelib
Management of Environmental Quality: An International Journal,1477-7835,1758-6119,2026-04-29,NA,eme2025finelib
Management Research Review,2040-8269,2040-8277,2026-04-29,NA,eme2025finelib
Management Research: The Journal of the Iberoamerican Academy of Management,1536-5433,1558-0946,2026-04-29,NA,eme2025finelib
Managerial Auditing Journal,0268-6902,1758-7735,2026-04-29,NA,eme2025finelib
Managerial Finance,0307-4358,1758-7743,2026-04-29,NA,eme2025finelib
Marketing Intelligence & Planning,0263-4503,1758-8049,2026-04-29,NA,eme2025finelib
Measuring Business Excellence,1368-3047,1758-8057,2026-04-29,NA,eme2025finelib
Meditari Accountancy Research,2049-372X,2049-3738,2026-04-29,NA,eme2025finelib
Mental Health and Digital Technologies,NA,2976-8756,2026-04-29,NA,eme2025finelib
Mental Health and Social Inclusion,2042-8308,2042-8316,2026-04-29,NA,eme2025finelib
Mental Health Review Journal,1361-9322,2042-8758,2026-04-29,NA,eme2025finelib
Microelectronics International,1356-5362,1758-812X,2026-04-29,NA,eme2025finelib
Multidiscipline Modeling in Materials and Structures,1573-6105,1573-6113,2026-04-29,NA,eme2025finelib
Multinational Business Review,1525-383X,2054-1686,2026-04-29,NA,eme2025finelib
Nankai Business Review International,2040-8749,2040-8757,2026-04-29,NA,eme2025finelib
Nutrition & Food Science,0034-6659,1758-6917,2026-04-29,NA,eme2025finelib
On the Horizon,1074-8121,2054-1708,2026-04-29,NA,eme2025finelib
Online Information Review,1468-4527,1468-4535,2026-04-29,NA,eme2025finelib
Open House International,0168-2601,2633-9838,2026-04-29,NA,eme2025finelib
Pacific Accounting Review,0114-0582,2041-5494,2026-04-29,NA,eme2025finelib
Performance Measurement and Metrics,1467-8047,1758-6925,2026-04-29,NA,eme2025finelib
Personnel Review,0048-3486,1758-6933,2026-04-29,NA,eme2025finelib
Pigment & Resin Technology,0369-9420,1758-6941,2026-04-29,NA,eme2025finelib
Policing: An International Journal,1363-951X,1758-695X,2026-04-29,NA,eme2025finelib
Property Management,0263-7472,1758-731X,2026-04-29,NA,eme2025finelib
Qualitative Market Research: An International Journal,1352-2752,1758-7646,2026-04-29,NA,eme2025finelib
Qualitative Research in Accounting & Management,1176-6093,1758-7654,2026-04-29,NA,eme2025finelib
Qualitative Research in Financial Markets,1755-4179,1755-4187,2026-04-29,NA,eme2025finelib
Qualitative Research in Organizations and Management: An International Journal,1746-5648,1746-5656,2026-04-29,NA,eme2025finelib
Qualitative Research Journal,1443-9883,1448-0980,2026-04-29,NA,eme2025finelib
Quality Assurance in Education,0968-4883,1758-7662,2026-04-29,NA,eme2025finelib
Quality Education for All,NA,2976-9310,2026-04-29,NA,eme2025finelib
Quality in Ageing and Older Adults,2044-1827,2044-1835,2026-04-29,NA,eme2025finelib
Rapid Prototyping Journal,1355-2546,1758-7670,2026-04-29,NA,eme2025finelib
Records Management Journal,0956-5698,1758-7689,2026-04-29,NA,eme2025finelib
Reference Services Review,0090-7324,2054-1716,2026-04-29,NA,eme2025finelib
Research Journal of Textile and Apparel,1560-6074,2515-8090,2026-04-29,NA,eme2025finelib
Review of Accounting and Finance,1475-7702,1758-7700,2026-04-29,NA,eme2025finelib
Review of Behavioral Finance,1940-5979,1940-5987,2026-04-29,NA,eme2025finelib
Review of International Business and Strategy,2059-6014,2059-6022,2026-04-29,NA,eme2025finelib
Robotic Intelligence and Automation,2754-6969,2754-6977,2026-04-29,NA,eme2025finelib
Safer Communities,1757-8043,2042-8774,2026-04-29,NA,eme2025finelib
SAM Advanced Management Journal,NA,2996-6078,2026-04-29,NA,eme2025finelib
Sensor Review,0260-2288,1758-6828,2026-04-29,NA,eme2025finelib
Smart and Sustainable Built Environment,2046-6099,2046-6102,2026-04-29,NA,eme2025finelib
Social Enterprise Journal,1750-8614,1750-8533,2026-04-29,NA,eme2025finelib
Social Responsibility Journal,1747-1117,1758-857X,2026-04-29,NA,eme2025finelib
Social Studies Research and Practice,NA,1933-5415,2026-04-29,NA,eme2025finelib
Social Transformations in Chinese Societies,1871-2673,2515-8481,2026-04-29,NA,eme2025finelib
Society and Business Review,1746-5680,1746-5699,2026-04-29,NA,eme2025finelib
Soldering & Surface Mount Technology,0954-0911,1758-6836,2026-04-29,NA,eme2025finelib
South Asian Journal of Business Studies,2398-628X,2398-6298,2026-04-29,NA,eme2025finelib
"Sport, Business and Management: An International Journal",2042-678X,2042-6798,2026-04-29,NA,eme2025finelib
Strategic Direction,0258-0543,1758-8588,2026-04-29,NA,eme2025finelib
Strategic HR Review,1475-4398,1758-8537,2026-04-29,NA,eme2025finelib
Strategy & Leadership,1087-8572,1758-9568,2026-04-29,NA,eme2025finelib
Studies in Economics and Finance,1086-7376,1755-6791,2026-04-29,NA,eme2025finelib
Studies in Graduate and Postdoctoral Education,2398-4686,2398-4694,2026-04-29,NA,eme2025finelib
Supply Chain Management: An International Journal,1359-8546,1758-6852,2026-04-29,NA,eme2025finelib
"Sustainability Accounting, Management and Policy Journal",2040-8021,2040-803X,2026-04-29,NA,eme2025finelib
Team Performance Management: An International Journal,1352-7592,1758-6860,2026-04-29,NA,eme2025finelib
Technological Sustainability,2754-1312,2754-1320,2026-04-29,NA,eme2025finelib
The Bottom Line,0888-045X,2054-1724,2026-04-29,NA,eme2025finelib
The CASE Journal,NA,1544-9106,2026-04-29,NA,eme2025finelib
The Electronic Library,0264-0473,1758-616X,2026-04-29,NA,eme2025finelib
The International Journal of Logistics Management,0957-4093,1758-6550,2026-04-29,NA,eme2025finelib
The Journal of Adult Protection,1466-8203,2042-8669,2026-04-29,NA,eme2025finelib
"The Journal of Mental Health Training, Education and Practice",1755-6228,2042-8707,2026-04-29,NA,eme2025finelib
The Journal of Risk Finance,1526-5943,2331-2947,2026-04-29,NA,eme2025finelib
The Learning Organization,0969-6474,1758-7905,2026-04-29,NA,eme2025finelib
The TQM Journal,1754-2731,1754-274X,2026-04-29,NA,eme2025finelib
Therapeutic Communities: The International Journal of Therapeutic Communities,0964-1866,2052-4730,2026-04-29,NA,eme2025finelib
Tizard Learning Disability Review,1359-5474,2042-8782,2026-04-29,NA,eme2025finelib
Tourism Review,1660-5373,1759-8451,2026-04-29,NA,eme2025finelib
"Transforming Government: People, Process and Policy",1750-6166,1750-6174,2026-04-29,NA,eme2025finelib
"Urbanization, Sustainability and Society",NA,2976-8993,2026-04-29,NA,eme2025finelib
VINE Journal of Information and Knowledge Management Systems,2059-5891,2059-5905,2026-04-29,NA,eme2025finelib
Working with Older People,1366-3666,2042-8790,2026-04-29,NA,eme2025finelib
World Journal of Engineering,1708-5284,2515-8082,2026-04-29,NA,eme2025finelib
Worldwide Hospitality and Tourism Themes,1755-4217,1755-4225,2026-04-29,NA,eme2025finelib
Young Consumers: Insight and Ideas for Responsible Marketers,1747-3616,1758-7212,2026-04-29,NA,eme2025finelib
A Current Bibliography on African Affairs,0011-3255,2376-6662,2026-04-29,NA,sage2025bibsam
Abhigyan,0970-2385,2583-1445,2026-04-29,NA,sage2025bibsam
About Campus,1086-4822,1536-0687,2026-04-29,NA,sage2025bibsam
Abstracts in Anthropology,0001-3455,1557-5136,2026-04-29,NA,sage2025bibsam
Academic Forensic Pathology,1925-3621,1925-3621,2026-04-29,NA,sage2025bibsam
Accounting History,1032-3732,1749-3374,2026-04-29,NA,sage2025bibsam
Acta Sociologica,0001-6993,1502-3869,2026-04-29,NA,sage2025bibsam
Action Research,1476-7503,1741-2617,2026-04-29,NA,sage2025bibsam
Active Learning in Higher Education,1469-7874,1741-2625,2026-04-29,NA,sage2025bibsam
Acupuncture & Electro-Therapeutics Research,0360-1293,2167-9010,2026-04-29,NA,sage2025bibsam
Acupuncture in Medicine,0964-5284,1759-9873,2026-04-29,NA,sage2025bibsam
Adaptive Behavior,1059-7123,1741-2633,2026-04-29,NA,sage2025bibsam
ADCES in Practice,2633-559X,2633-5603,2026-04-29,NA,sage2025bibsam
Administration & Society,0095-3997,1552-3039,2026-04-29,NA,sage2025bibsam
Administrative Science Quarterly,0001-8392,1930-3815,2026-04-29,NA,sage2025bibsam
Adoption & Fostering,0308-5759,1740-469X,2026-04-29,NA,sage2025bibsam
Adult Education Quarterly,0741-7136,1552-3047,2026-04-29,NA,sage2025bibsam
Adult Learning,1045-1595,2162-4070,2026-04-29,NA,sage2025bibsam
Advances in Applied Ceramics,1743-6753,1743-6761,2026-04-29,NA,sage2025bibsam
Advances in Communication and Swallowing,2772-5383,2772-5391,2026-04-29,NA,sage2025bibsam
Advances in Dental Research,0895-9374,1544-0737,2026-04-29,NA,sage2025bibsam
Advances in Developing Human Resources,1523-4223,1552-3055,2026-04-29,NA,sage2025bibsam
Advances in Structural Engineering,1369-4332,2048-4011,2026-04-29,NA,sage2025bibsam
Affilia,0886-1099,1552-3020,2026-04-29,NA,sage2025bibsam
Agrarian South: Journal of Political Economy,2277-9760,2321-0281,2026-04-29,NA,sage2025bibsam
Alexandria,0955-7490,2050-4551,2026-04-29,NA,sage2025bibsam
Algorithmic Finance,2158-5571,2157-6203,2026-04-29,NA,sage2025bibsam
Alternative Law Journal,1037-969X,2398-9084,2026-04-29,NA,sage2025bibsam
AlterNative: An International Journal of Indigenous Peoples,1177-1801,1174-1740,2026-04-29,NA,sage2025bibsam
Alternatives,0304-3754,2163-3150,2026-04-29,NA,sage2025bibsam
Alternatives to Laboratory Animals,0261-1929,2632-3559,2026-04-29,NA,sage2025bibsam
American Behavioral Scientist,0002-7642,1552-3381,2026-04-29,NA,sage2025bibsam
American Educational Research Journal,0002-8312,1935-1011,2026-04-29,NA,sage2025bibsam
American Journal of Evaluation,1098-2140,1557-0878,2026-04-29,NA,sage2025bibsam
American Journal of Health Promotion,0890-1171,2168-6602,2026-04-29,NA,sage2025bibsam
American Journal of Hospice and Palliative Medicine®,1049-9091,1938-2715,2026-04-29,NA,sage2025bibsam
American Journal of Lifestyle Medicine,1559-8276,1559-8284,2026-04-29,NA,sage2025bibsam
American Journal of Rhinology & Allergy,1945-8924,1945-8932,2026-04-29,NA,sage2025bibsam
American Politics Research,1532-673X,1552-3373,2026-04-29,NA,sage2025bibsam
American Sociological Review,0003-1224,1939-8271,2026-04-29,NA,sage2025bibsam
American String Teacher,0003-1313,2515-4842,2026-04-29,NA,sage2025bibsam
Anaesthesia and Intensive Care,0310-057X,1448-0271,2026-04-29,NA,sage2025bibsam
Angiology,0003-3197,1940-1574,2026-04-29,NA,sage2025bibsam
Anglican Theological Review,0003-3286,2163-6214,2026-04-29,NA,sage2025bibsam
Animation,1746-8477,1746-8485,2026-04-29,NA,sage2025bibsam
Annals of Clinical Psychiatry,1040-1237,1547-3325,2026-04-29,NA,sage2025bibsam
"Annals of Otology, Rhinology & Laryngology",0003-4894,1943-572X,2026-04-29,NA,sage2025bibsam
Annals of Pharmacotherapy,1060-0280,1542-6270,2026-04-29,NA,sage2025bibsam
Annals of the ICRP,0146-6453,1872-969X,2026-04-29,NA,sage2025bibsam
Anthropological Theory,1463-4996,1741-2641,2026-04-29,NA,sage2025bibsam
ANTYAJAA: Indian Journal of Women and Social Change,2455-6327,2456-3722,2026-04-29,NA,sage2025bibsam
Applied Earth Science,2572-6838,2572-6846,2026-04-29,NA,sage2025bibsam
Applied Ontology,1570-5838,1875-8533,2026-04-29,NA,sage2025bibsam
Applied Psychological Measurement,0146-6216,1552-3497,2026-04-29,NA,sage2025bibsam
Applied Spectroscopy,0003-7028,1943-3530,2026-04-29,NA,sage2025bibsam
Archive for the Psychology of Religion,0084-6724,1573-6121,2026-04-29,NA,sage2025bibsam
Argument & Computation,1946-2166,1946-2174,2026-04-29,NA,sage2025bibsam
Armed Forces & Society,0095-327X,1556-0848,2026-04-29,NA,sage2025bibsam
Arthaniti: Journal of Economic Theory and Practice,0976-7479,2517-2654,2026-04-29,NA,sage2025bibsam
Arts and Humanities in Higher Education,1474-0222,1741-265X,2026-04-29,NA,sage2025bibsam
Asia Pacific Journal of Public Health,1010-5395,1941-2479,2026-04-29,NA,sage2025bibsam
Asia-Pacific Journal of Management Research and Innovation,2319-510X,2321-0729,2026-04-29,NA,sage2025bibsam
Asia-Pacific Journal of Rural Development,1018-5291,2074-0131,2026-04-29,NA,sage2025bibsam
Asian and Pacific Migration Journal,0117-1968,2057-049X,2026-04-29,NA,sage2025bibsam
Asian Cardiovascular and Thoracic Annals,0218-4923,1816-5370,2026-04-29,NA,sage2025bibsam
Asian Journal of Comparative Politics,2057-8911,2057-892X,2026-04-29,NA,sage2025bibsam
Asian Journal of Legal Education,2322-0058,2348-2451,2026-04-29,NA,sage2025bibsam
Asian Journal of Management Cases,0972-8201,0973-0621,2026-04-29,NA,sage2025bibsam
Assessment,1073-1911,1552-3489,2026-04-29,NA,sage2025bibsam
Assessment for Effective Intervention,1534-5084,1938-7458,2026-04-29,NA,sage2025bibsam
Asymptotic Analysis,0921-7134,1875-8576,2026-04-29,NA,sage2025bibsam
Australasian Journal of Early Childhood,1836-9391,1839-5961,2026-04-29,NA,sage2025bibsam
Australasian Marketing Journal,1441-3582,1839-3349,2026-04-29,NA,sage2025bibsam
Australasian Psychiatry,1039-8562,1440-1665,2026-04-29,NA,sage2025bibsam
Australian & New Zealand Journal of Psychiatry,0004-8674,1440-1614,2026-04-29,NA,sage2025bibsam
Australian Journal of Career Development,1038-4162,2200-6974,2026-04-29,NA,sage2025bibsam
Australian Journal of Education,0004-9441,2050-5884,2026-04-29,NA,sage2025bibsam
Australian Journal of Management,0312-8962,1327-2020,2026-04-29,NA,sage2025bibsam
Autism,1362-3613,1461-7005,2026-04-29,NA,sage2025bibsam
Avian Biology Research,1758-1559,1758-1567,2026-04-29,NA,sage2025bibsam
Behavior Modification,0145-4455,1552-4167,2026-04-29,NA,sage2025bibsam
Behavioral Disorders,0198-7429,2163-5307,2026-04-29,NA,sage2025bibsam
Belonging,3029-0805,3029-0805,2026-04-29,NA,sage2025bibsam
Beyond Behavior,1074-2956,2163-5323,2026-04-29,NA,sage2025bibsam
Biblical Theology Bulletin,0146-1079,1945-7596,2026-04-29,NA,sage2025bibsam
Bio-Medical Materials and Engineering,0959-2989,1878-3619,2026-04-29,NA,sage2025bibsam
Biological Research For Nursing,1099-8004,1552-4175,2026-04-29,NA,sage2025bibsam
Biorheology,0006-355X,1878-5034,2026-04-29,NA,sage2025bibsam
BioScope: South Asian Screen Studies,0974-9276,0976-352X,2026-04-29,NA,sage2025bibsam
Body & Society,1357-034X,1460-3632,2026-04-29,NA,sage2025bibsam
Bridge Structures,1573-2487,1744-8999,2026-04-29,NA,sage2025bibsam
British Journal of Music Therapy,1359-4575,2059-9773,2026-04-29,NA,sage2025bibsam
British Journal of Occupational Therapy,0308-0226,1477-6006,2026-04-29,NA,sage2025bibsam
British Journal of Pain,2049-4637,2049-4645,2026-04-29,NA,sage2025bibsam
British Journal of Visual Impairment,0264-6196,1744-5809,2026-04-29,NA,sage2025bibsam
British Journalism Review,0956-4748,1741-2668,2026-04-29,NA,sage2025bibsam
Building Acoustics,1351-010X,2059-8025,2026-04-29,NA,sage2025bibsam
Building Services Engineering Research & Technology,0143-6244,1477-0849,2026-04-29,NA,sage2025bibsam
"Bulletin of Science, Technology & Society",0270-4676,1552-4183,2026-04-29,NA,sage2025bibsam
Bulletin of Sociological Methodology/Bulletin de Méthodologie Sociologique,0759-1063,2070-2779,2026-04-29,NA,sage2025bibsam
Business & Society,0007-6503,1552-4205,2026-04-29,NA,sage2025bibsam
Business and Professional Communication Quarterly,2329-4906,2329-4922,2026-04-29,NA,sage2025bibsam
Business Information Review,0266-3821,1741-6450,2026-04-29,NA,sage2025bibsam
Business Perspectives and Research,2278-5337,2394-9937,2026-04-29,NA,sage2025bibsam
Cahiers Élisabéthains,0184-7678,2054-4715,2026-04-29,NA,sage2025bibsam
Calcutta Statistical Association Bulletin,0008-0683,2456-6462,2026-04-29,NA,sage2025bibsam
California Management Review,0008-1256,2162-8564,2026-04-29,NA,sage2025bibsam
Canadian Association of Radiologists Journal,0846-5371,1488-2361,2026-04-29,NA,sage2025bibsam
Canadian Journal of Nursing Research,0844-5621,1705-7051,2026-04-29,NA,sage2025bibsam
Canadian Journal of Occupational Therapy,0008-4174,1911-9828,2026-04-29,NA,sage2025bibsam
Canadian Journal of School Psychology,0829-5735,2154-3984,2026-04-29,NA,sage2025bibsam
Capital & Class,0309-8168,2041-0980,2026-04-29,NA,sage2025bibsam
Career Development and Transition for Exceptional Individuals,2165-1434,2165-1442,2026-04-29,NA,sage2025bibsam
Cellular Polymers,0262-4893,1478-2421,2026-04-29,NA,sage2025bibsam
Child Language Teaching and Therapy,0265-6590,1477-0865,2026-04-29,NA,sage2025bibsam
Child Maltreatment,1077-5595,1552-6119,2026-04-29,NA,sage2025bibsam
Childhood,0907-5682,1461-7013,2026-04-29,NA,sage2025bibsam
China Information,0920-203X,1741-590X,2026-04-29,NA,sage2025bibsam
China Report,0009-4455,0973-063X,2026-04-29,NA,sage2025bibsam
Chinese Journal of Sociology,2057-150X,2057-1518,2026-04-29,NA,sage2025bibsam
Chinese Journal of Transnational Law,2753-412X,2753-412X,2026-04-29,NA,sage2025bibsam
Chinese Public Administration Review,1539-6754,2573-1483,2026-04-29,NA,sage2025bibsam
Christian Education Journal,0739-8913,2378-525X,2026-04-29,NA,sage2025bibsam
Chronic Illness,1742-3953,1745-9206,2026-04-29,NA,sage2025bibsam
"Citizenship, Social and Economics Education",1478-8047,2047-1734,2026-04-29,NA,sage2025bibsam
City & Community,1535-6841,1540-6040,2026-04-29,NA,sage2025bibsam
Clin-Alert,0069-4770,1530-812X,2026-04-29,NA,sage2025bibsam
Clinical Case Studies,1534-6501,1552-3802,2026-04-29,NA,sage2025bibsam
Clinical Child Psychology and Psychiatry,1359-1045,1461-7021,2026-04-29,NA,sage2025bibsam
Clinical EEG and Neuroscience,1550-0594,2169-5202,2026-04-29,NA,sage2025bibsam
Clinical Hemorheology and Microcirculation,1386-0291,1875-8622,2026-04-29,NA,sage2025bibsam
Clinical Medicine Insights: Arthritis and Musculoskeletal Disorders,1179-5441,1179-5441,2026-04-29,NA,sage2025bibsam
Clinical Medicine Insights: Pediatrics,1179-5565,1179-5565,2026-04-29,NA,sage2025bibsam
Clinical Nursing Research,1054-7738,1552-3799,2026-04-29,NA,sage2025bibsam
Clinical Pediatrics,0009-9228,1938-2707,2026-04-29,NA,sage2025bibsam
Clinical Practice in Pediatric Psychology,2169-4826,2169-4834,2026-04-29,NA,sage2025bibsam
Clinical Psychological Science,2167-7026,2167-7034,2026-04-29,NA,sage2025bibsam
Clinical Rehabilitation,0269-2155,1477-0873,2026-04-29,NA,sage2025bibsam
Clinical Trials,1740-7745,1740-7753,2026-04-29,NA,sage2025bibsam
Clothing and Textiles Research Journal,0887-302X,1940-2473,2026-04-29,NA,sage2025bibsam
Coastal Studies & Society,2634-9817,2634-9817,2026-04-29,NA,sage2025bibsam
Collections,1550-1906,NA,2026-04-29,NA,sage2025bibsam
Common Law World Review,1473-7795,1740-5556,2026-04-29,NA,sage2025bibsam
Communication & Sport,2167-4795,2167-4809,2026-04-29,NA,sage2025bibsam
Communication Disorders Quarterly,1525-7401,1538-4837,2026-04-29,NA,sage2025bibsam
Communication Research,0093-6502,1552-3810,2026-04-29,NA,sage2025bibsam
Community College Review,0091-5521,1940-2325,2026-04-29,NA,sage2025bibsam
Community Dental Health,0265-539X,2515-1746,2026-04-29,NA,sage2025bibsam
Community Health Equity Research & Policy,2752-535X,2752-5368,2026-04-29,NA,sage2025bibsam
Comparative Political Studies,0010-4140,1552-3829,2026-04-29,NA,sage2025bibsam
Compensation & Benefits Review,0886-3687,1552-3837,2026-04-29,NA,sage2025bibsam
Competition & Change,1024-5294,1477-2221,2026-04-29,NA,sage2025bibsam
Competition and Regulation in Network Industries,1783-5917,2399-2956,2026-04-29,NA,sage2025bibsam
Computability,2211-3568,2211-3576,2026-04-29,NA,sage2025bibsam
Concurrent Engineering,1063-293X,1531-2003,2026-04-29,NA,sage2025bibsam
Conflict Management and Peace Science,0738-8942,1549-9219,2026-04-29,NA,sage2025bibsam
Contemporary Drug Problems,0091-4509,2163-1808,2026-04-29,NA,sage2025bibsam
Contemporary Education Dialogue,0973-1849,2249-5320,2026-04-29,NA,sage2025bibsam
Contemporary Issues in Early Childhood,1463-9491,1463-9491,2026-04-29,NA,sage2025bibsam
Contemporary Review of the Middle East,2347-7989,2349-0055,2026-04-29,NA,sage2025bibsam
Contemporary Sociology,0094-3061,1939-8638,2026-04-29,NA,sage2025bibsam
Contemporary Voice of Dalit,2455-328X,2456-0502,2026-04-29,NA,sage2025bibsam
Contexts,1536-5042,1537-6052,2026-04-29,NA,sage2025bibsam
Contributions to Indian Sociology,0069-9659,0973-0648,2026-04-29,NA,sage2025bibsam
Convergence,1354-8565,1748-7382,2026-04-29,NA,sage2025bibsam
Cooperation and Conflict,0010-8367,1460-3691,2026-04-29,NA,sage2025bibsam
Cornell Hospitality Quarterly,1938-9655,1938-9663,2026-04-29,NA,sage2025bibsam
"Corrosion Engineering, Science and Technology",1478-422X,1743-2782,2026-04-29,NA,sage2025bibsam
Creative Nursing,1078-4535,1946-1895,2026-04-29,NA,sage2025bibsam
Crime & Delinquency,0011-1287,1552-387X,2026-04-29,NA,sage2025bibsam
"Crime, Media, Culture",1741-6590,1741-6604,2026-04-29,NA,sage2025bibsam
Criminal Justice and Behavior,0093-8548,1552-3594,2026-04-29,NA,sage2025bibsam
Criminal Justice Policy Review,0887-4034,1552-3586,2026-04-29,NA,sage2025bibsam
Criminal Justice Review,0734-0168,1556-3839,2026-04-29,NA,sage2025bibsam
Criminology & Criminal Justice,1748-8958,1748-8966,2026-04-29,NA,sage2025bibsam
Critical Research on Religion,2050-3032,2050-3040,2026-04-29,NA,sage2025bibsam
Critical Reviews in Oral Biology & Medicine,1045-4411,1544-1113,2026-04-29,NA,sage2025bibsam
Critical Social Policy,0261-0183,1461-703X,2026-04-29,NA,sage2025bibsam
Critical Sociology,0896-9205,1569-1632,2026-04-29,NA,sage2025bibsam
Critical Studies in Television,1749-6020,1749-6039,2026-04-29,NA,sage2025bibsam
Critique of Anthropology,0308-275X,1460-3721,2026-04-29,NA,sage2025bibsam
Cross-Cultural Research,1069-3971,1552-3578,2026-04-29,NA,sage2025bibsam
Cultural Dynamics,0921-3740,1461-7048,2026-04-29,NA,sage2025bibsam
cultural geographies,1474-4740,1477-0881,2026-04-29,NA,sage2025bibsam
Cultural Sociology,1749-9755,1749-9763,2026-04-29,NA,sage2025bibsam
Cultural Studies ↔ Critical Methodologies,1532-7086,1552-356X,2026-04-29,NA,sage2025bibsam
Culture & Psychology,1354-067X,1461-7056,2026-04-29,NA,sage2025bibsam
Culture and Education,1135-6405,1578-4118,2026-04-29,NA,sage2025bibsam
Current Directions in Psychological Science,0963-7214,1467-8721,2026-04-29,NA,sage2025bibsam
Current Sociology,0011-3921,1461-7064,2026-04-29,NA,sage2025bibsam
Currents in Biblical Research,1476-993X,1745-5200,2026-04-29,NA,sage2025bibsam
Dementia,1471-3012,1741-2684,2026-04-29,NA,sage2025bibsam
Design for Augmented Humanity,2977-6481,2977-649X,2026-04-29,NA,sage2025bibsam
Designing,3049-7671,3049-7671,2026-04-29,NA,sage2025bibsam
Developmental Child Welfare,2516-1032,2516-1040,2026-04-29,NA,sage2025bibsam
Dialogues in AI & Society,NA,NA,2026-04-29,NA,sage2025bibsam
Dialogues in Human Geography,2043-8206,2043-8214,2026-04-29,NA,sage2025bibsam
Dialogues in Innovation & Entrepreneurship,NA,NA,2026-04-29,NA,sage2025bibsam
Dialogues in Management,3049-7523,3049-7523,2026-04-29,NA,sage2025bibsam
Dialogues in Sociology,2976-8667,2976-8667,2026-04-29,NA,sage2025bibsam
Dialogues in Urban Research,2754-1258,2754-1258,2026-04-29,NA,sage2025bibsam
Dialogues on Climate Change,2976-8659,2976-8659,2026-04-29,NA,sage2025bibsam
Dialogues on Digital Society,2976-8640,2976-8640,2026-04-29,NA,sage2025bibsam
Discourse & Communication,1750-4813,1750-4821,2026-04-29,NA,sage2025bibsam
Discourse & Society,0957-9265,1460-3624,2026-04-29,NA,sage2025bibsam
Discourse Studies,1461-4456,1461-7080,2026-04-29,NA,sage2025bibsam
"DIY, Alternative Cultures & Society",2753-8702,2753-8702,2026-04-29,NA,sage2025bibsam
"Drug Science, Policy and Law",2050-3245,2050-3245,2026-04-29,NA,sage2025bibsam
E-Learning and Digital Media,2042-7530,2042-7530,2026-04-29,NA,sage2025bibsam
East European Politics and Societies,0888-3254,1533-8371,2026-04-29,NA,sage2025bibsam
Economic and Industrial Democracy,0143-831X,1461-7099,2026-04-29,NA,sage2025bibsam
Economic Development Quarterly,0891-2424,1552-3543,2026-04-29,NA,sage2025bibsam
Education and Training in Autism and Developmental Disabilities,2154-1647,3068-1391,2026-04-29,NA,sage2025bibsam
Education and Urban Society,0013-1245,1552-3535,2026-04-29,NA,sage2025bibsam
Education for Information,0167-8329,1875-8649,2026-04-29,NA,sage2025bibsam
"Education, Citizenship and Social Justice",1746-1979,1746-1987,2026-04-29,NA,sage2025bibsam
Educational Administration Quarterly,0013-161X,1552-3519,2026-04-29,NA,sage2025bibsam
Educational and Psychological Measurement,0013-1644,1552-3888,2026-04-29,NA,sage2025bibsam
Educational Evaluation and Policy Analysis,0162-3737,1935-1062,2026-04-29,NA,sage2025bibsam
Educational Management Administration & Leadership,1741-1432,1741-1440,2026-04-29,NA,sage2025bibsam
Educational Policy,0895-9048,1552-3896,2026-04-29,NA,sage2025bibsam
Educational Researcher,0013-189X,1935-102X,2026-04-29,NA,sage2025bibsam
Electronic News,1931-2431,1931-244X,2026-04-29,NA,sage2025bibsam
Emerging Adulthood,2167-6968,2167-6984,2026-04-29,NA,sage2025bibsam
Emerging Economy Studies,2394-9015,2454-2148,2026-04-29,NA,sage2025bibsam
Emotion Review,1754-0739,1754-0747,2026-04-29,NA,sage2025bibsam
Empirical Studies of the Arts,0276-2374,1541-4493,2026-04-29,NA,sage2025bibsam
Energy & Environment,0958-305X,2048-4070,2026-04-29,NA,sage2025bibsam
Entrepreneurship Education and Pedagogy,2515-1274,2515-1274,2026-04-29,NA,sage2025bibsam
Entrepreneurship Theory and Practice,1042-2587,1540-6520,2026-04-29,NA,sage2025bibsam
Environment & Urbanization,0956-2478,1746-0301,2026-04-29,NA,sage2025bibsam
Environment and Behavior,0013-9165,1552-390X,2026-04-29,NA,sage2025bibsam
Environment and Planning A: Economy and Space,0308-518X,1472-3409,2026-04-29,NA,sage2025bibsam
Environment and Planning B: Urban Analytics and City Science,2399-8083,2399-8091,2026-04-29,NA,sage2025bibsam
Environment and Planning C: Politics and Space,2399-6544,2399-6552,2026-04-29,NA,sage2025bibsam
Environment and Planning D: Society and Space,0263-7758,1472-3433,2026-04-29,NA,sage2025bibsam
Environment and Planning E: Nature and Space,2514-8486,2514-8494,2026-04-29,NA,sage2025bibsam
Environment and Planning F,2634-9825,2634-9825,2026-04-29,NA,sage2025bibsam
Environment and Security,2753-8796,2753-8796,2026-04-29,NA,sage2025bibsam
Environment and Urbanization ASIA,0975-4253,0976-3546,2026-04-29,NA,sage2025bibsam
Environmental Law Review,1461-4529,1740-5564,2026-04-29,NA,sage2025bibsam
Environmental Policy and Law,0378-777X,1878-5395,2026-04-29,NA,sage2025bibsam
Environmental Values,0963-2719,1752-7015,2026-04-29,NA,sage2025bibsam
Equity in Education & Society,2752-6461,2752-6461,2026-04-29,NA,sage2025bibsam
Ergonomics in Design,1064-8046,NA,2026-04-29,NA,sage2025bibsam
Ethnicities,1468-7968,1741-2706,2026-04-29,NA,sage2025bibsam
Ethnography,1466-1381,1741-2714,2026-04-29,NA,sage2025bibsam
European Educational Research Journal,1474-9041,1474-9041,2026-04-29,NA,sage2025bibsam
European History Quarterly,0265-6914,1461-7110,2026-04-29,NA,sage2025bibsam
European Journal of Communication,0267-3231,1460-3705,2026-04-29,NA,sage2025bibsam
European Journal of Criminology,1477-3708,1741-2609,2026-04-29,NA,sage2025bibsam
European Journal of Cultural Studies,1367-5494,1460-3551,2026-04-29,NA,sage2025bibsam
European Journal of Industrial Relations,0959-6801,1461-7129,2026-04-29,NA,sage2025bibsam
European Journal of International Relations,1354-0661,1460-3713,2026-04-29,NA,sage2025bibsam
European Journal of Mass Spectrometry,1469-0667,1751-6838,2026-04-29,NA,sage2025bibsam
European Journal of Ophthalmology,1120-6721,1724-6016,2026-04-29,NA,sage2025bibsam
European Journal of Personality,0890-2070,1099-0984,2026-04-29,NA,sage2025bibsam
European Journal of Political Theory,1474-8851,1741-2730,2026-04-29,NA,sage2025bibsam
European Journal of Probation,2066-2203,2066-2203,2026-04-29,NA,sage2025bibsam
European Journal of Social Security,1388-2627,2399-2948,2026-04-29,NA,sage2025bibsam
European Journal of Social Theory,1368-4310,1461-7137,2026-04-29,NA,sage2025bibsam
European Journal of Women's Studies,1350-5068,1461-7420,2026-04-29,NA,sage2025bibsam
European Labour Law Journal,2031-9525,2399-5556,2026-04-29,NA,sage2025bibsam
European Physical Education Review,1356-336X,1741-2749,2026-04-29,NA,sage2025bibsam
European Union Politics,1465-1165,1741-2757,2026-04-29,NA,sage2025bibsam
European Urban and Regional Studies,0969-7764,1461-7145,2026-04-29,NA,sage2025bibsam
Evaluation,1356-3890,1461-7153,2026-04-29,NA,sage2025bibsam
Evaluation & the Health Professions,0163-2787,1552-3918,2026-04-29,NA,sage2025bibsam
Evaluation Journal of Australasia,1035-719X,2515-9372,2026-04-29,NA,sage2025bibsam
Evaluation Review,0193-841X,1552-3926,2026-04-29,NA,sage2025bibsam
Exceptional Children,0014-4029,2163-5560,2026-04-29,NA,sage2025bibsam
FACE,2732-5016,2732-5016,2026-04-29,NA,sage2025bibsam
Families in Society,1044-3894,1945-1350,2026-04-29,NA,sage2025bibsam
Family Business Review,0894-4865,1741-6248,2026-04-29,NA,sage2025bibsam
Feminism & Psychology,0959-3535,1461-7161,2026-04-29,NA,sage2025bibsam
Feminist Criminology,1557-0851,1557-086X,2026-04-29,NA,sage2025bibsam
Feminist Review,0141-7789,1466-4380,2026-04-29,NA,sage2025bibsam
Feminist Theology,0966-7350,1745-5189,2026-04-29,NA,sage2025bibsam
Feminist Theory,1464-7001,1741-2773,2026-04-29,NA,sage2025bibsam
Field Methods,1525-822X,1552-3969,2026-04-29,NA,sage2025bibsam
FIIB Business Review,2319-7145,2455-2658,2026-04-29,NA,sage2025bibsam
First Language,0142-7237,1740-2344,2026-04-29,NA,sage2025bibsam
Focus on Autism and Other Developmental Disabilities,1088-3576,1538-4829,2026-04-29,NA,sage2025bibsam
Food and Nutrition Bulletin,0379-5721,1564-8265,2026-04-29,NA,sage2025bibsam
Food Science and Technology International,1082-0132,1532-1738,2026-04-29,NA,sage2025bibsam
Foot & Ankle International,1071-1007,1944-7876,2026-04-29,NA,sage2025bibsam
Foot & Ankle Specialist,1938-6400,1938-7636,2026-04-29,NA,sage2025bibsam
Foregut,2634-5161,2634-5161,2026-04-29,NA,sage2025bibsam
Foreign Trade Review,0015-7325,0971-7625,2026-04-29,NA,sage2025bibsam
Forum Italicum,0014-5858,2168-989X,2026-04-29,NA,sage2025bibsam
French Cultural Studies,0957-1558,1740-2352,2026-04-29,NA,sage2025bibsam
Games and Culture,1555-4120,1555-4139,2026-04-29,NA,sage2025bibsam
Gender & Society,0891-2432,1552-3977,2026-04-29,NA,sage2025bibsam
Gender Equity: An Interdisciplinary Journal,2977-7623,2977-7623,2026-04-29,NA,sage2025bibsam
German Journal of Human Resource Management,2397-0022,2397-0030,2026-04-29,NA,sage2025bibsam
Gifted Child Quarterly,0016-9862,1934-9041,2026-04-29,NA,sage2025bibsam
Gifted Child Today,1076-2175,2162-951X,2026-04-29,NA,sage2025bibsam
Gifted Education International,0261-4294,2047-9077,2026-04-29,NA,sage2025bibsam
Global Business Review,0972-1509,0973-0664,2026-04-29,NA,sage2025bibsam
Global Health Promotion,1757-9759,1757-9767,2026-04-29,NA,sage2025bibsam
Global Journal of Emerging Market Economies,0974-9101,0975-2730,2026-04-29,NA,sage2025bibsam
Global Media and Communication,1742-7665,1742-7673,2026-04-29,NA,sage2025bibsam
Global Social Policy,1468-0181,1741-2803,2026-04-29,NA,sage2025bibsam
Global Studies of Childhood,2043-6106,2043-6106,2026-04-29,NA,sage2025bibsam
Group & Organization Management,1059-6011,1552-3993,2026-04-29,NA,sage2025bibsam
Group Analysis,0533-3164,1461-717X,2026-04-29,NA,sage2025bibsam
Group Processes & Intergroup Relations,1368-4302,1461-7188,2026-04-29,NA,sage2025bibsam
HAND,1558-9447,1558-9455,2026-04-29,NA,sage2025bibsam
Health,1363-4593,1461-7196,2026-04-29,NA,sage2025bibsam
Health Education & Behavior,1090-1981,1552-6127,2026-04-29,NA,sage2025bibsam
Health Education Journal,0017-8969,1748-8176,2026-04-29,NA,sage2025bibsam
Health Information Management Journal,1833-3583,1833-3575,2026-04-29,NA,sage2025bibsam
Health Promotion Practice,1524-8399,1552-6372,2026-04-29,NA,sage2025bibsam
Healthcare Management Forum,0840-4704,2352-3883,2026-04-29,NA,sage2025bibsam
HERD: Health Environments Research & Design Journal,1937-5867,2167-5112,2026-04-29,NA,sage2025bibsam
High Performance Polymers,0954-0083,1361-6412,2026-04-29,NA,sage2025bibsam
Higher Education for the Future,2347-6311,2348-5779,2026-04-29,NA,sage2025bibsam
HIP International,1120-7000,1724-6067,2026-04-29,NA,sage2025bibsam
Hispanic Health Care International,1540-4153,1938-8993,2026-04-29,NA,sage2025bibsam
Hispanic Journal of Behavioral Sciences,0739-9863,1552-6364,2026-04-29,NA,sage2025bibsam
History and Sociology of South Asia,2230-8075,2249-5312,2026-04-29,NA,sage2025bibsam
History of Psychiatry,0957-154X,1740-2360,2026-04-29,NA,sage2025bibsam
History of Science,0073-2753,1753-8564,2026-04-29,NA,sage2025bibsam
History of the Human Sciences,0952-6951,1461-720X,2026-04-29,NA,sage2025bibsam
Home Health Care Management & Practice,1084-8223,1552-6739,2026-04-29,NA,sage2025bibsam
Homicide Studies,1088-7679,1552-6720,2026-04-29,NA,sage2025bibsam
Hospital Pharmacy,0018-5787,1945-1253,2026-04-29,NA,sage2025bibsam
HSS Journal®,1556-3316,1556-3324,2026-04-29,NA,sage2025bibsam
Human Antibodies,1093-2607,1875-869X,2026-04-29,NA,sage2025bibsam
Human Factors,0018-7208,1547-8181,2026-04-29,NA,sage2025bibsam
Human Geography,1942-7786,2633-674X,2026-04-29,NA,sage2025bibsam
Human Relations,0018-7267,1741-282X,2026-04-29,NA,sage2025bibsam
Human Resource Development Review,1534-4843,1552-6712,2026-04-29,NA,sage2025bibsam
Human Systems,2634-4041,2634-4041,2026-04-29,NA,sage2025bibsam
Human Systems Management,0167-2533,1875-8703,2026-04-29,NA,sage2025bibsam
Humanity & Society,0160-5976,2372-9708,2026-04-29,NA,sage2025bibsam
ICGA Journal,1389-6911,2468-2438,2026-04-29,NA,sage2025bibsam
IFLA Journal,0340-0352,1745-2651,2026-04-29,NA,sage2025bibsam
IIM Kozhikode Society & Management Review,2277-9752,2321-029X,2026-04-29,NA,sage2025bibsam
"Illness, Crisis & Loss",1054-1373,1552-6968,2026-04-29,NA,sage2025bibsam
ILR Review,0019-7939,2162-271X,2026-04-29,NA,sage2025bibsam
"Imagination, Cognition and Personality",0276-2366,1541-4477,2026-04-29,NA,sage2025bibsam
Improving Schools,1365-4802,1475-7583,2026-04-29,NA,sage2025bibsam
Incarceration,2632-6663,2632-6663,2026-04-29,NA,sage2025bibsam
Inclusive Practices,2732-4745,2732-4745,2026-04-29,NA,sage2025bibsam
Index on Censorship,0306-4220,1746-6067,2026-04-29,NA,sage2025bibsam
India Quarterly,0974-9284,0975-2684,2026-04-29,NA,sage2025bibsam
Indian Historical Review,0376-9836,0975-5977,2026-04-29,NA,sage2025bibsam
Indian Journal of Clinical Medicine,2633-9447,1179-9161,2026-04-29,NA,sage2025bibsam
Indian Journal of Corporate Governance,0974-6862,2454-2482,2026-04-29,NA,sage2025bibsam
Indian Journal of Gender Studies,0971-5215,0973-0672,2026-04-29,NA,sage2025bibsam
Indian Journal of Human Development,0973-7030,2456-480X,2026-04-29,NA,sage2025bibsam
Indian Journal of Public Administration,0019-5561,2457-0222,2026-04-29,NA,sage2025bibsam
Indoor and Built Environment,1420-326X,1423-0070,2026-04-29,NA,sage2025bibsam
Industry and Higher Education,0950-4222,2043-6858,2026-04-29,NA,sage2025bibsam
Information Development,0266-6669,1741-6469,2026-04-29,NA,sage2025bibsam
Information Polity,1570-1255,1875-8754,2026-04-29,NA,sage2025bibsam
Information Services and Use,0167-5265,1875-8789,2026-04-29,NA,sage2025bibsam
Information Visualization,1473-8716,1473-8724,2026-04-29,NA,sage2025bibsam
InnovAiT,1755-7380,1755-7399,2026-04-29,NA,sage2025bibsam
Innovations,1556-9845,1559-0879,2026-04-29,NA,sage2025bibsam
Insight on Africa,0975-0878,0976-3465,2026-04-29,NA,sage2025bibsam
Institutionalised Children Explorations and Beyond,2349-3003,2349-3011,2026-04-29,NA,sage2025bibsam
Integrated Computer-Aided Engineering,1069-2509,1875-8835,2026-04-29,NA,sage2025bibsam
Intelligent Data Analysis,1088-467X,1571-4128,2026-04-29,NA,sage2025bibsam
Intelligent Decision Technologies,1872-4981,1875-8843,2026-04-29,NA,sage2025bibsam
Intelligenza Artificiale,1724-8035,2211-0097,2026-04-29,NA,sage2025bibsam
Interdisciplinary Science Reviews,0308-0188,1743-2790,2026-04-29,NA,sage2025bibsam
International Bulletin of Mission Research,2396-9393,2396-9407,2026-04-29,NA,sage2025bibsam
International Communication Gazette,1748-0485,1748-0493,2026-04-29,NA,sage2025bibsam
International Criminal Justice Review,1057-5677,1556-3855,2026-04-29,NA,sage2025bibsam
International Journal,0020-7020,2052-465X,2026-04-29,NA,sage2025bibsam
International Journal of Aeroacoustics,1475-472X,2048-4003,2026-04-29,NA,sage2025bibsam
International Journal of Applied Electromagnetics and Mechanics,1383-5416,1875-8800,2026-04-29,NA,sage2025bibsam
International Journal of Architectural Computing,1478-0771,2048-3988,2026-04-29,NA,sage2025bibsam
International Journal of Behavioral Development,0165-0254,1464-0651,2026-04-29,NA,sage2025bibsam
International Journal of Bilingualism,1367-0069,1756-6878,2026-04-29,NA,sage2025bibsam
International Journal of Business Communication,2329-4884,2329-4892,2026-04-29,NA,sage2025bibsam
International Journal of Christianity & Education,2056-9971,2056-998X,2026-04-29,NA,sage2025bibsam
International Journal of Clinical Metabolism and Diabetes,3050-2071,3050-208X,2026-04-29,NA,sage2025bibsam
International Journal of Commerce and Contracting,2976-8829,2976-8837,2026-04-29,NA,sage2025bibsam
International Journal of Comparative Sociology,0020-7152,1745-2554,2026-04-29,NA,sage2025bibsam
International Journal of Cross Cultural Management,1470-5958,1741-2838,2026-04-29,NA,sage2025bibsam
International Journal of Cultural Studies,1367-8779,1460-356X,2026-04-29,NA,sage2025bibsam
International Journal of Damage Mechanics,1056-7895,1530-7921,2026-04-29,NA,sage2025bibsam
International Journal of Developmental Science,2192-001X,2191-7485,2026-04-29,NA,sage2025bibsam
International Journal of Discrimination and the Law,1358-2291,2047-9468,2026-04-29,NA,sage2025bibsam
International Journal of Educational Reform,1056-7879,NA,2026-04-29,NA,sage2025bibsam
International Journal of Electrical Engineering & Education,0020-7209,2050-4578,2026-04-29,NA,sage2025bibsam
International Journal of Forensic Mental Health,1499-9013,1932-9903,2026-04-29,NA,sage2025bibsam
International Journal of Hybrid Intelligent Systems,1448-5869,1875-8819,2026-04-29,NA,sage2025bibsam
International Journal of Knowledge-Based and Intelligent Engineering Systems,1327-2314,1875-8827,2026-04-29,NA,sage2025bibsam
International Journal of Maritime History,0843-8714,2052-7756,2026-04-29,NA,sage2025bibsam
International Journal of Market Research,1470-7853,2515-2173,2026-04-29,NA,sage2025bibsam
International Journal of Mass Emergencies & Disasters,0280-7270,2753-5703,2026-04-29,NA,sage2025bibsam
International Journal of Mechanical Engineering Education,0306-4190,2050-4586,2026-04-29,NA,sage2025bibsam
International Journal of Music Education,0255-7614,1744-795X,2026-04-29,NA,sage2025bibsam
International Journal of Offender Therapy and Comparative Criminology,0306-624X,1552-6933,2026-04-29,NA,sage2025bibsam
International Journal of Police Science & Management,1461-3557,1478-1603,2026-04-29,NA,sage2025bibsam
International Journal of Protective Structures,2041-4196,2041-420X,2026-04-29,NA,sage2025bibsam
International Journal of RF Technologies,1754-5730,1754-5749,2026-04-29,NA,sage2025bibsam
International Journal of Risk & Safety in Medicine,0924-6479,1878-6847,2026-04-29,NA,sage2025bibsam
International Journal of Rural Management,0973-0052,0973-0680,2026-04-29,NA,sage2025bibsam
International Journal of Social Determinants of Health and Health Services,2755-1938,2755-1946,2026-04-29,NA,sage2025bibsam
International Journal of Social Psychiatry,0020-7640,1741-2854,2026-04-29,NA,sage2025bibsam
International Journal of Social Psychology,0213-4748,1579-3680,2026-04-29,NA,sage2025bibsam
International Journal of Space Structures,0956-0599,2059-8033,2026-04-29,NA,sage2025bibsam
International Journal of Sport Finance,1558-6235,1930-076X,2026-04-29,NA,sage2025bibsam
International Journal of Sports Science & Coaching,1747-9541,2048-397X,2026-04-29,NA,sage2025bibsam
International Journal of Spray and Combustion Dynamics,1756-8277,1756-8285,2026-04-29,NA,sage2025bibsam
International Journal of Stroke,1747-4930,1747-4949,2026-04-29,NA,sage2025bibsam
International Journal of Surgical Pathology,1066-8969,1940-2465,2026-04-29,NA,sage2025bibsam
International Journal of Toxicology,1091-5818,1092-874X,2026-04-29,NA,sage2025bibsam
International Journal of Tryptophan Research,1178-6469,1178-6469,2026-04-29,NA,sage2025bibsam
International Materials Reviews,0950-6608,1743-2804,2026-04-29,NA,sage2025bibsam
International Migration Review,0197-9183,1747-7379,2026-04-29,NA,sage2025bibsam
International Political Science Abstracts,0020-8345,1751-9292,2026-04-29,NA,sage2025bibsam
International Political Science Review,0192-5121,1460-373X,2026-04-29,NA,sage2025bibsam
International Regional Science Review,0160-0176,1552-6925,2026-04-29,NA,sage2025bibsam
International Relations,0047-1178,1741-2862,2026-04-29,NA,sage2025bibsam
International Review for the Sociology of Sport,1012-6902,1461-7218,2026-04-29,NA,sage2025bibsam
International Review of Administrative Sciences,0020-8523,1461-7226,2026-04-29,NA,sage2025bibsam
International Review of Qualitative Research,1940-8447,1940-8455,2026-04-29,NA,sage2025bibsam
International Review of Victimology,0269-7580,2047-9433,2026-04-29,NA,sage2025bibsam
International Shipbuilding Progress,0020-868X,1566-2829,2026-04-29,NA,sage2025bibsam
International Small Business Journal,0266-2426,1741-2870,2026-04-29,NA,sage2025bibsam
International Social Work,0020-8728,1461-7234,2026-04-29,NA,sage2025bibsam
International Sociology,0268-5809,1461-7242,2026-04-29,NA,sage2025bibsam
International Studies,0020-8817,0973-0702,2026-04-29,NA,sage2025bibsam
International Wood Products Journal,2042-6445,2042-6453,2026-04-29,NA,sage2025bibsam
Interpretation,0020-9643,2159-340X,2026-04-29,NA,sage2025bibsam
Intervention in School and Clinic,1053-4512,1538-4810,2026-04-29,NA,sage2025bibsam
Interventional Neuroradiology,1591-0199,2385-2011,2026-04-29,NA,sage2025bibsam
Irish Economic and Social History,0332-4893,2050-4918,2026-04-29,NA,sage2025bibsam
Irish Journal of Sociology,0791-6035,2050-5280,2026-04-29,NA,sage2025bibsam
Irish Theological Quarterly,0021-1400,1752-4989,2026-04-29,NA,sage2025bibsam
Ironmaking & Steelmaking,0301-9233,1743-2812,2026-04-29,NA,sage2025bibsam
Isokinetics and Exercise Science,0959-3020,1878-5913,2026-04-29,NA,sage2025bibsam
Jadavpur Journal of International Relations,0973-5984,2349-0047,2026-04-29,NA,sage2025bibsam
JDR Clinical & Translational Research,2380-0844,2380-0852,2026-04-29,NA,sage2025bibsam
Jindal Management Journal,3049-7876,3049-7884,2026-04-29,NA,sage2025bibsam
Journal for the Education of the Gifted,0162-3532,2162-9501,2026-04-29,NA,sage2025bibsam
Journal for the History of Astronomy,0021-8286,1753-8556,2026-04-29,NA,sage2025bibsam
Journal for the Study of Education and Development,0210-3702,1578-4126,2026-04-29,NA,sage2025bibsam
Journal for the Study of the New Testament,0142-064X,1745-5294,2026-04-29,NA,sage2025bibsam
Journal for the Study of the Old Testament,0309-0892,1476-6728,2026-04-29,NA,sage2025bibsam
Journal for the Study of the Pseudepigrapha,0951-8207,1745-5286,2026-04-29,NA,sage2025bibsam
Journal for Vascular Ultrasound,1544-3167,1544-3175,2026-04-29,NA,sage2025bibsam
"Journal of Accounting, Auditing & Finance",0148-558X,2160-4061,2026-04-29,NA,sage2025bibsam
Journal of Adolescent Research,0743-5584,1552-6895,2026-04-29,NA,sage2025bibsam
Journal of Adult and Continuing Education,1477-9714,1479-7194,2026-04-29,NA,sage2025bibsam
Journal of Advanced Academics,1932-202X,2162-9536,2026-04-29,NA,sage2025bibsam
Journal of Advanced Oral Research,2320-2068,2320-2076,2026-04-29,NA,sage2025bibsam
Journal of Advertising Education,1098-0482,2516-1873,2026-04-29,NA,sage2025bibsam
Journal of Aging and Health,0898-2643,1552-6887,2026-04-29,NA,sage2025bibsam
Journal of Alternative Finance,2753-3743,2753-3743,2026-04-29,NA,sage2025bibsam
Journal of Alzheimer’s Disease,1387-2877,1875-8908,2026-04-29,NA,sage2025bibsam
Journal of Ambient Intelligence and Smart Environments,1876-1364,1876-1372,2026-04-29,NA,sage2025bibsam
Journal of Applied Gerontology,0733-4648,1552-4523,2026-04-29,NA,sage2025bibsam
Journal of Applied Social Science,1936-7244,1937-0245,2026-04-29,NA,sage2025bibsam
Journal of Asian and African Studies,0021-9096,1745-2538,2026-04-29,NA,sage2025bibsam
Journal of Asian Economic Integration,2631-6846,2631-6854,2026-04-29,NA,sage2025bibsam
Journal of Asian Security and International Affairs,2347-7970,2349-0039,2026-04-29,NA,sage2025bibsam
Journal of Attention Disorders,1087-0547,1557-1246,2026-04-29,NA,sage2025bibsam
Journal of Back and Musculoskeletal Rehabilitation,1053-8127,1878-6324,2026-04-29,NA,sage2025bibsam
Journal of Berry Research,1878-5093,1878-5123,2026-04-29,NA,sage2025bibsam
Journal of Bioactive and Compatible Polymers,0883-9115,1530-8030,2026-04-29,NA,sage2025bibsam
Journal of Biological Rhythms,0748-7304,1552-4531,2026-04-29,NA,sage2025bibsam
Journal of Biomaterials Applications,0885-3282,1530-8022,2026-04-29,NA,sage2025bibsam
Journal of Black Psychology,0095-7984,1552-4558,2026-04-29,NA,sage2025bibsam
Journal of Black Studies,0021-9347,1552-4566,2026-04-29,NA,sage2025bibsam
Journal of Building Physics,1744-2591,1744-2583,2026-04-29,NA,sage2025bibsam
Journal of Business and Technical Communication,1050-6519,1552-4574,2026-04-29,NA,sage2025bibsam
Journal of Career Assessment,1069-0727,1552-4590,2026-04-29,NA,sage2025bibsam
Journal of Career Development,0894-8453,1556-0856,2026-04-29,NA,sage2025bibsam
Journal of Cases in Educational Leadership,1555-4589,1555-4589,2026-04-29,NA,sage2025bibsam
Journal of Cellular Biotechnology,2352-3689,2352-3697,2026-04-29,NA,sage2025bibsam
Journal of Cellular Plastics,0021-955X,1530-7999,2026-04-29,NA,sage2025bibsam
Journal of Cerebral Blood Flow & Metabolism,0271-678X,1559-7016,2026-04-29,NA,sage2025bibsam
Journal of Child Health Care,1367-4935,1741-2889,2026-04-29,NA,sage2025bibsam
Journal of Child Neurology,0883-0738,1708-8283,2026-04-29,NA,sage2025bibsam
Journal of Chinese Writing Systems,2513-8502,2513-8510,2026-04-29,NA,sage2025bibsam
Journal of Classical Sociology,1468-795X,1741-2897,2026-04-29,NA,sage2025bibsam
Journal of Clinical Urology,2051-4158,2051-4166,2026-04-29,NA,sage2025bibsam
Journal of Cognitive Engineering and Decision Making,1555-3434,NA,2026-04-29,NA,sage2025bibsam
"Journal of College Student Retention: Research, Theory & Practice",1521-0251,1541-4167,2026-04-29,NA,sage2025bibsam
Journal of Communication Inquiry,0196-8599,1552-4612,2026-04-29,NA,sage2025bibsam
Journal of Composite Materials,0021-9983,1530-793X,2026-04-29,NA,sage2025bibsam
Journal of Computer Security,0926-227X,1875-8924,2026-04-29,NA,sage2025bibsam
Journal of Conflict Resolution,0022-0027,1552-8766,2026-04-29,NA,sage2025bibsam
Journal of Consumer Culture,1469-5405,1741-2900,2026-04-29,NA,sage2025bibsam
Journal of Contemporary Criminal Justice,1043-9862,1552-5406,2026-04-29,NA,sage2025bibsam
Journal of Contemporary Ethnography,0891-2416,1552-5414,2026-04-29,NA,sage2025bibsam
Journal of Contemporary History,0022-0094,1461-7250,2026-04-29,NA,sage2025bibsam
Journal of Creating Value,2394-9643,2454-213X,2026-04-29,NA,sage2025bibsam
Journal of Creative Communications,0973-2586,0973-2594,2026-04-29,NA,sage2025bibsam
Journal of Criminology,2633-8076,2633-8084,2026-04-29,NA,sage2025bibsam
Journal of Cross-Cultural Psychology,0022-0221,1552-5422,2026-04-29,NA,sage2025bibsam
Journal of Cultural Management and Cultural Policy,2701-8466,2701-9276,2026-04-29,NA,sage2025bibsam
Journal of Cutaneous Medicine and Surgery,1203-4754,1615-7109,2026-04-29,NA,sage2025bibsam
Journal of Dance Medicine & Science,1089-313X,2374-8060,2026-04-29,NA,sage2025bibsam
Journal of Dental Research,0022-0345,1544-0591,2026-04-29,NA,sage2025bibsam
Journal of Developing Societies,0169-796X,1745-2546,2026-04-29,NA,sage2025bibsam
Journal of Development Policy and Practice,2455-1333,2455-4952,2026-04-29,NA,sage2025bibsam
Journal of Diabetes Science and Technology,1932-2968,1932-2968,2026-04-29,NA,sage2025bibsam
Journal of Diagnostic Medical Sonography,8756-4793,1552-5430,2026-04-29,NA,sage2025bibsam
Journal of Disability Policy Studies,1044-2073,1538-4802,2026-04-29,NA,sage2025bibsam
Journal of Drug Education,0047-2379,1541-4159,2026-04-29,NA,sage2025bibsam
Journal of Drug Issues,0022-0426,1945-1369,2026-04-29,NA,sage2025bibsam
Journal of Early Childhood Literacy,1468-7984,1741-2919,2026-04-29,NA,sage2025bibsam
Journal of Early Childhood Research,1476-718X,1741-2927,2026-04-29,NA,sage2025bibsam
Journal of Early Intervention,1053-8151,2154-3992,2026-04-29,NA,sage2025bibsam
Journal of Economic and Social Measurement,0747-9662,1875-8932,2026-04-29,NA,sage2025bibsam
Journal of Education,0022-0574,2515-5741,2026-04-29,NA,sage2025bibsam
Journal of Education for Sustainable Development,0973-4082,0973-4074,2026-04-29,NA,sage2025bibsam
Journal of Educational and Behavioral Statistics,1076-9986,1935-1054,2026-04-29,NA,sage2025bibsam
Journal of Educational Computing Research,0735-6331,1541-4140,2026-04-29,NA,sage2025bibsam
Journal of Educational Technology Systems,0047-2395,1541-3810,2026-04-29,NA,sage2025bibsam
Journal of Elastomers & Plastics,0095-2443,1530-8006,2026-04-29,NA,sage2025bibsam
Journal of Emerging Market Finance,0972-6527,0973-0710,2026-04-29,NA,sage2025bibsam
Journal of Emotional and Behavioral Disorders,1063-4266,1538-4799,2026-04-29,NA,sage2025bibsam
Journal of Empirical Research on Human Research Ethics,1556-2646,1556-2654,2026-04-29,NA,sage2025bibsam
Journal of Endometriosis and Pelvic Pain Disorders,2284-0265,2284-0273,2026-04-29,NA,sage2025bibsam
Journal of Endovascular Therapy,1526-6028,1545-1550,2026-04-29,NA,sage2025bibsam
Journal of English Linguistics,0075-4242,1552-5457,2026-04-29,NA,sage2025bibsam
Journal of Entrepreneurship and Innovation in Emerging Economies,2393-9575,2394-9945,2026-04-29,NA,sage2025bibsam
Journal of Ethnobiology,0278-0771,2162-4496,2026-04-29,NA,sage2025bibsam
Journal of European Social Policy,0958-9287,1461-7269,2026-04-29,NA,sage2025bibsam
Journal of European Studies,0047-2441,1740-2379,2026-04-29,NA,sage2025bibsam
Journal of Experiential Education,1053-8259,2169-009X,2026-04-29,NA,sage2025bibsam
Journal of Family History,0363-1990,1552-5473,2026-04-29,NA,sage2025bibsam
Journal of Family Issues,0192-513X,1552-5481,2026-04-29,NA,sage2025bibsam
Journal of Family Nursing,1074-8407,1552-549X,2026-04-29,NA,sage2025bibsam
Journal of Fire Sciences,0734-9041,1530-8049,2026-04-29,NA,sage2025bibsam
Journal of General Management,0306-3070,1759-6106,2026-04-29,NA,sage2025bibsam
Journal of General Music Education,2752-7646,2752-7646,2026-04-29,NA,sage2025bibsam
Journal of Generic Medicines,1741-1343,1741-7090,2026-04-29,NA,sage2025bibsam
Journal of Geriatric Psychiatry and Neurology,0891-9887,1552-5708,2026-04-29,NA,sage2025bibsam
Journal of Hand Surgery (European Volume),1753-1934,2043-6289,2026-04-29,NA,sage2025bibsam
Journal of Health and Human Services Administration,1079-3739,2168-5509,2026-04-29,NA,sage2025bibsam
Journal of Health and Social Behavior,0022-1465,2150-6000,2026-04-29,NA,sage2025bibsam
Journal of Health Management,0972-0634,0973-0729,2026-04-29,NA,sage2025bibsam
Journal of Health Psychology,1359-1053,1461-7277,2026-04-29,NA,sage2025bibsam
Journal of Heritage Management,2455-9296,2456-4796,2026-04-29,NA,sage2025bibsam
Journal of High Speed Networks,0926-6801,1875-8940,2026-04-29,NA,sage2025bibsam
Journal of Hispanic Higher Education,1538-1927,1552-5716,2026-04-29,NA,sage2025bibsam
Journal of Histochemistry & Cytochemistry,0022-1554,1551-5044,2026-04-29,NA,sage2025bibsam
Journal of Historical Research in Music Education,1536-6006,2328-2525,2026-04-29,NA,sage2025bibsam
Journal of Holistic Nursing,0898-0101,1552-5724,2026-04-29,NA,sage2025bibsam
Journal of Hospitality & Tourism Cases,2164-9987,2164-9987,2026-04-29,NA,sage2025bibsam
Journal of Hospitality & Tourism Research,1096-3480,1557-7554,2026-04-29,NA,sage2025bibsam
Journal of Human Lactation,0890-3344,1552-5732,2026-04-29,NA,sage2025bibsam
Journal of Human Values,0971-6858,0973-0737,2026-04-29,NA,sage2025bibsam
Journal of Humanistic Psychology,0022-1678,1552-650X,2026-04-29,NA,sage2025bibsam
Journal of Huntington's Disease,1879-6397,1879-6400,2026-04-29,NA,sage2025bibsam
Journal of Industrial Relations,0022-1856,1472-9296,2026-04-29,NA,sage2025bibsam
Journal of Infection Prevention,1757-1774,1757-1782,2026-04-29,NA,sage2025bibsam
Journal of Information Science,0165-5515,1741-6485,2026-04-29,NA,sage2025bibsam
Journal of Information Technology,0268-3962,1466-4437,2026-04-29,NA,sage2025bibsam
Journal of Information Technology Teaching Cases,2043-8869,2043-8869,2026-04-29,NA,sage2025bibsam
Journal of Infrastructure Development,0974-9306,0975-5969,2026-04-29,NA,sage2025bibsam
Journal of Integrated Design and Process Science,1092-0617,1875-8959,2026-04-29,NA,sage2025bibsam
Journal of Intellectual Disabilities,1744-6295,1744-6309,2026-04-29,NA,sage2025bibsam
Journal of Intelligent & Fuzzy Systems,1064-1246,1875-8967,2026-04-29,NA,sage2025bibsam
Journal of Intelligent Material Systems and Structures,1045-389X,1530-8138,2026-04-29,NA,sage2025bibsam
Journal of Intensive Care Medicine,0885-0666,1525-1489,2026-04-29,NA,sage2025bibsam
Journal of Interactive Marketing,1094-9968,1520-6653,2026-04-29,NA,sage2025bibsam
Journal of Interdisciplinary Economics,0260-1079,2321-5305,2026-04-29,NA,sage2025bibsam
Journal of Interior Design,1071-7641,1939-1668,2026-04-29,NA,sage2025bibsam
Journal of International Marketing,1069-031X,1547-7215,2026-04-29,NA,sage2025bibsam
Journal of International Political Theory,1755-0882,1755-1722,2026-04-29,NA,sage2025bibsam
Journal of Interpersonal Violence,0886-2605,1552-6518,2026-04-29,NA,sage2025bibsam
Journal of Interpretation Research,1092-5872,2692-9376,2026-04-29,NA,sage2025bibsam
Journal of Investigative Medicine,1081-5589,1708-8267,2026-04-29,NA,sage2025bibsam
Journal of Land and Rural Studies,2321-0249,2321-7464,2026-04-29,NA,sage2025bibsam
Journal of Language and Social Psychology,0261-927X,1552-6526,2026-04-29,NA,sage2025bibsam
Journal of Leadership & Organizational Studies,1548-0518,1939-7089,2026-04-29,NA,sage2025bibsam
Journal of Learning Disabilities,0022-2194,1538-4780,2026-04-29,NA,sage2025bibsam
Journal of Librarianship and Information Science,0961-0006,1741-6477,2026-04-29,NA,sage2025bibsam
Journal of Literacy Research,1086-296X,1554-8430,2026-04-29,NA,sage2025bibsam
Journal of Macromarketing,0276-1467,1552-6534,2026-04-29,NA,sage2025bibsam
Journal of Management,0149-2063,1557-1211,2026-04-29,NA,sage2025bibsam
Journal of Management Education,1052-5629,1552-6658,2026-04-29,NA,sage2025bibsam
Journal of Management Inquiry,1056-4926,1552-6542,2026-04-29,NA,sage2025bibsam
Journal of Management Scientific Reports,2755-0311,2755-0311,2026-04-29,NA,sage2025bibsam
Journal of Marketing,0022-2429,1547-7185,2026-04-29,NA,sage2025bibsam
Journal of Marketing Education,0273-4753,1552-6550,2026-04-29,NA,sage2025bibsam
Journal of Marketing Research,0022-2437,1547-7193,2026-04-29,NA,sage2025bibsam
Journal of Material Culture,1359-1835,1460-3586,2026-04-29,NA,sage2025bibsam
Journal of Micromanufacturing,2516-5984,2516-5992,2026-04-29,NA,sage2025bibsam
Journal of Mixed Methods Research,1558-6898,1558-6901,2026-04-29,NA,sage2025bibsam
Journal of Modern European History,1611-8944,2631-9764,2026-04-29,NA,sage2025bibsam
Journal of Music Teacher Education,1057-0837,1945-0079,2026-04-29,NA,sage2025bibsam
Journal of Near Infrared Spectroscopy,0967-0335,1751-6552,2026-04-29,NA,sage2025bibsam
Journal of Neonatal-Perinatal Medicine,1934-5798,1878-4429,2026-04-29,NA,sage2025bibsam
Journal of Neonatology,0973-2179,0973-2187,2026-04-29,NA,sage2025bibsam
Journal of Neutron Research,1023-8166,1477-2655,2026-04-29,NA,sage2025bibsam
Journal of Onco-Nephrology,2399-3693,2399-3707,2026-04-29,NA,sage2025bibsam
Journal of Oncology Pharmacy Practice,1078-1552,1477-092X,2026-04-29,NA,sage2025bibsam
Journal of Operations and Strategic Planning,2516-600X,2516-6018,2026-04-29,NA,sage2025bibsam
Journal of Orthodontics,1465-3125,1465-3133,2026-04-29,NA,sage2025bibsam
Journal of Palliative Care,0825-8597,2369-5293,2026-04-29,NA,sage2025bibsam
Journal of Pastoral Care & Counseling,1542-3050,2167-776X,2026-04-29,NA,sage2025bibsam
Journal of Peacebuilding & Development,1542-3166,2165-7440,2026-04-29,NA,sage2025bibsam
Journal of Pediatric Hematology/Oncology Nursing,2752-7530,2752-7549,2026-04-29,NA,sage2025bibsam
Journal of Pediatric Surgical Nursing,2332-0249,2332-0249,2026-04-29,NA,sage2025bibsam
Journal of Perioperative Practice,1750-4589,2515-7949,2026-04-29,NA,sage2025bibsam
Journal of Pharmacy Practice,0897-1900,1531-1937,2026-04-29,NA,sage2025bibsam
Journal of Pharmacy Technology,8755-1225,1549-4810,2026-04-29,NA,sage2025bibsam
Journal of Planning Education and Research,0739-456X,1552-6577,2026-04-29,NA,sage2025bibsam
Journal of Planning History,1538-5132,1552-6585,2026-04-29,NA,sage2025bibsam
Journal of Planning Literature,0885-4122,1552-6593,2026-04-29,NA,sage2025bibsam
Journal of Plastic Film & Sheeting,8756-0879,1530-8014,2026-04-29,NA,sage2025bibsam
Journal of Positive Behavior Interventions,1098-3007,1538-4772,2026-04-29,NA,sage2025bibsam
Journal of Prevention and Health Promotion,2632-0770,2632-0789,2026-04-29,NA,sage2025bibsam
Journal of Psoriasis and Psoriatic Arthritis®,2475-5303,2475-5311,2026-04-29,NA,sage2025bibsam
Journal of Psychoeducational Assessment,0734-2829,1557-5144,2026-04-29,NA,sage2025bibsam
Journal of Psychologists and Counsellors in Schools,2055-6365,2055-6373,2026-04-29,NA,sage2025bibsam
Journal of Psychology and Theology,0091-6471,2328-1162,2026-04-29,NA,sage2025bibsam
Journal of Psychopharmacology,0269-8811,1461-7285,2026-04-29,NA,sage2025bibsam
Journal of Public Affairs Education,1523-6803,2328-9643,2026-04-29,NA,sage2025bibsam
Journal of Public Policy & Marketing,0743-9156,1547-7207,2026-04-29,NA,sage2025bibsam
Journal of Reinforced Plastics and Composites,0731-6844,1530-7964,2026-04-29,NA,sage2025bibsam
Journal of Research in Crime and Delinquency,0022-4278,1552-731X,2026-04-29,NA,sage2025bibsam
Journal of Research in International Education,1475-2409,1741-2943,2026-04-29,NA,sage2025bibsam
Journal of Research in Music Education,0022-4294,1945-0095,2026-04-29,NA,sage2025bibsam
Journal of Research in Nursing,1744-9871,1744-988X,2026-04-29,NA,sage2025bibsam
Journal of Research on Leadership Education,1942-7751,1942-7751,2026-04-29,NA,sage2025bibsam
Journal of Sandwich Structures & Materials,1099-6362,1530-7972,2026-04-29,NA,sage2025bibsam
Journal of School Leadership,1052-6846,NA,2026-04-29,NA,sage2025bibsam
Journal of Service Research,1094-6705,1552-7379,2026-04-29,NA,sage2025bibsam
Journal of Smart Cities and Society,2772-3577,2772-3585,2026-04-29,NA,sage2025bibsam
Journal of Smart Tourism,2765-2157,2765-7272,2026-04-29,NA,sage2025bibsam
Journal of Social and Personal Relationships,0265-4075,1460-3608,2026-04-29,NA,sage2025bibsam
Journal of Social Archaeology,1469-6053,1741-2951,2026-04-29,NA,sage2025bibsam
Journal of Social Inclusion Studies,2394-4811,2516-6123,2026-04-29,NA,sage2025bibsam
Journal of Social Work,1468-0173,1741-296X,2026-04-29,NA,sage2025bibsam
Journal of Sociology,1440-7833,1741-2978,2026-04-29,NA,sage2025bibsam
Journal of South Asian Development,0973-1741,0973-1733,2026-04-29,NA,sage2025bibsam
Journal of Special Education Technology,0162-6434,2381-3121,2026-04-29,NA,sage2025bibsam
Journal of Spiritual Formation and Soul Care,1939-7909,2328-1030,2026-04-29,NA,sage2025bibsam
Journal of Sport and Social Issues,0193-7235,1552-7638,2026-04-29,NA,sage2025bibsam
Journal of Sports Economics,1527-0025,1552-7794,2026-04-29,NA,sage2025bibsam
Journal of Stroke Medicine,2516-6085,2516-6093,2026-04-29,NA,sage2025bibsam
Journal of Studies in International Education,1028-3153,1552-7808,2026-04-29,NA,sage2025bibsam
Journal of Teacher Education,0022-4871,1552-7816,2026-04-29,NA,sage2025bibsam
Journal of Technical Writing and Communication,0047-2816,1541-3780,2026-04-29,NA,sage2025bibsam
Journal of the American Psychiatric Nurses Association,1078-3903,1532-5725,2026-04-29,NA,sage2025bibsam
Journal of the American Psychoanalytic Association,0003-0651,1941-2460,2026-04-29,NA,sage2025bibsam
Journal of the Anthropological Survey of India,2277-436X,2632-4369,2026-04-29,NA,sage2025bibsam
Journal of the ICRU,1473-6691,1742-3422,2026-04-29,NA,sage2025bibsam
Journal of the Intensive Care Society,1751-1437,1751-1437,2026-04-29,NA,sage2025bibsam
Journal of the Renin-Angiotensin-Aldosterone System,1470-3203,1752-8976,2026-04-29,NA,sage2025bibsam
Journal of Theoretical Politics,0951-6298,1460-3667,2026-04-29,NA,sage2025bibsam
Journal of Thermoplastic Composite Materials,0892-7057,1530-7980,2026-04-29,NA,sage2025bibsam
Journal of Transcultural Nursing,1043-6596,1552-7832,2026-04-29,NA,sage2025bibsam
Journal of Transformative Education,1541-3446,1552-7840,2026-04-29,NA,sage2025bibsam
Journal of Travel Research,0047-2875,1552-6763,2026-04-29,NA,sage2025bibsam
Journal of Tropical Futures,2753-8931,2753-8931,2026-04-29,NA,sage2025bibsam
Journal of Urban History,0096-1442,1552-6771,2026-04-29,NA,sage2025bibsam
Journal of Vacation Marketing,1356-7667,1479-1870,2026-04-29,NA,sage2025bibsam
Journal of Vestibular Research,0957-4271,1878-6464,2026-04-29,NA,sage2025bibsam
Journal of Veterinary Dentistry,0898-7564,2470-4083,2026-04-29,NA,sage2025bibsam
Journal of Veterinary Diagnostic Investigation,1040-6387,1943-4936,2026-04-29,NA,sage2025bibsam
Journal of Vibration and Control,1077-5463,1741-2986,2026-04-29,NA,sage2025bibsam
Journal of Victimology and Victim Justice,2516-6069,2516-6077,2026-04-29,NA,sage2025bibsam
Journal of Visual Culture,1470-4129,1741-2994,2026-04-29,NA,sage2025bibsam
Journal of Visual Impairment & Blindness,0145-482X,1559-1476,2026-04-29,NA,sage2025bibsam
Journal of VitreoRetinal Diseases,2474-1264,2474-1272,2026-04-29,NA,sage2025bibsam
Journal of Vocational Rehabilitation,1052-2263,1878-6316,2026-04-29,NA,sage2025bibsam
Journal of White Collar and Corporate Crime,2631-309X,2631-3103,2026-04-29,NA,sage2025bibsam
Journal of World Affairs,2976-9442,2976-9450,2026-04-29,NA,sage2025bibsam
Journal of X-Ray Science and Technology,0895-3996,1095-9114,2026-04-29,NA,sage2025bibsam
Journal on Migration and Human Security,2331-5024,2330-2488,2026-04-29,NA,sage2025bibsam
Journalism,1464-8849,1741-3001,2026-04-29,NA,sage2025bibsam
Journalism & Communication Monographs,1522-6379,2161-4342,2026-04-29,NA,sage2025bibsam
Journalism & Mass Communication Educator,1077-6958,2161-4326,2026-04-29,NA,sage2025bibsam
Journalism & Mass Communication Quarterly,1077-6990,2161-430X,2026-04-29,NA,sage2025bibsam
Labor Studies Journal,0160-449X,1538-9758,2026-04-29,NA,sage2025bibsam
Language and Literature,0963-9470,1461-7293,2026-04-29,NA,sage2025bibsam
Language and Speech,0023-8309,1756-6053,2026-04-29,NA,sage2025bibsam
Language Teaching Research,1362-1688,1477-0954,2026-04-29,NA,sage2025bibsam
Language Testing,0265-5322,1477-0946,2026-04-29,NA,sage2025bibsam
Latin American Perspectives,0094-582X,1552-678X,2026-04-29,NA,sage2025bibsam
"Law, Culture and the Humanities",1743-8721,1743-9752,2026-04-29,NA,sage2025bibsam
Leadership,1742-7150,1742-7169,2026-04-29,NA,sage2025bibsam
Learning Disabilities Research & Practice,0938-8982,1540-5826,2026-04-29,NA,sage2025bibsam
Learning Disability Quarterly,0731-9487,2168-376X,2026-04-29,NA,sage2025bibsam
Lighting Design + Application,0360-6325,0360-6325,2026-04-29,NA,sage2025bibsam
Lighting Research & Technology,1477-1535,1477-0938,2026-04-29,NA,sage2025bibsam
"Literacy Research: Theory, Method, and Practice",2381-3377,2381-3377,2026-04-29,NA,sage2025bibsam
Literature & History,0306-1973,2050-4594,2026-04-29,NA,sage2025bibsam
"Literature, Critique, and Empire Today",3033-3962,3033-3970,2026-04-29,NA,sage2025bibsam
Local Economy,0269-0942,1470-9325,2026-04-29,NA,sage2025bibsam
Lupus,0961-2033,1477-0962,2026-04-29,NA,sage2025bibsam
Maastricht Journal of European and Comparative Law,1023-263X,2399-5548,2026-04-29,NA,sage2025bibsam
Main Group Chemistry,1024-1221,1745-1167,2026-04-29,NA,sage2025bibsam
Management and Business Review,2694-104X,2694-1058,2026-04-29,NA,sage2025bibsam
Management and Labour Studies,0258-042X,2321-0710,2026-04-29,NA,sage2025bibsam
Management Communication Quarterly,0893-3189,1552-6798,2026-04-29,NA,sage2025bibsam
Management in Education,0892-0206,1741-9883,2026-04-29,NA,sage2025bibsam
Management Learning,1350-5076,1461-7307,2026-04-29,NA,sage2025bibsam
Management Teaching Review,2379-2981,2379-2981,2026-04-29,NA,sage2025bibsam
Margin: The Journal of Applied Economic Research,0025-2921,0973-8029,2026-04-29,NA,sage2025bibsam
Marketing Theory,1470-5931,1741-301X,2026-04-29,NA,sage2025bibsam
Materials Science and Technology,0267-0836,1743-2847,2026-04-29,NA,sage2025bibsam
Mathematics and Mechanics of Solids,1081-2865,1741-3028,2026-04-29,NA,sage2025bibsam
Media International Australia,1329-878X,2200-467X,2026-04-29,NA,sage2025bibsam
Media Watch,0976-0911,2249-8818,2026-04-29,NA,sage2025bibsam
"Media, Culture & Society",0163-4437,1460-3675,2026-04-29,NA,sage2025bibsam
"Media, Technology and Governance",2977-7984,2977-7992,2026-04-29,NA,sage2025bibsam
"Media, War & Conflict",1750-6352,1750-6360,2026-04-29,NA,sage2025bibsam
Medical Care Research and Review,1077-5587,1552-6801,2026-04-29,NA,sage2025bibsam
Medical Decision Making,0272-989X,1552-681X,2026-04-29,NA,sage2025bibsam
Medical Law International,0968-5332,2047-9441,2026-04-29,NA,sage2025bibsam
Mediterranean Journal of Nutrition and Metabolism,1973-798X,1973-7998,2026-04-29,NA,sage2025bibsam
Memory Studies,1750-6980,1750-6999,2026-04-29,NA,sage2025bibsam
Men and Masculinities,1097-184X,1552-6828,2026-04-29,NA,sage2025bibsam
Metamorphosis,0972-6225,2348-9324,2026-04-29,NA,sage2025bibsam
Migration and Development,2163-2324,2163-2332,2026-04-29,NA,sage2025bibsam
Millennial Asia,0976-3996,2321-7081,2026-04-29,NA,sage2025bibsam
Millennium,0305-8298,1477-9021,2026-04-29,NA,sage2025bibsam
Mineral Processing and Extractive Metallurgy,2572-6641,2572-665X,2026-04-29,NA,sage2025bibsam
Mining Technology,2572-6668,2572-6676,2026-04-29,NA,sage2025bibsam
Missiology,0091-8296,2051-3623,2026-04-29,NA,sage2025bibsam
Mobile Media & Communication,2050-1579,2050-1587,2026-04-29,NA,sage2025bibsam
Model Assisted Statistics and Applications,1574-1699,1875-9068,2026-04-29,NA,sage2025bibsam
Modern China,0097-7004,1552-6836,2026-04-29,NA,sage2025bibsam
Multiagent and Grid Systems,1574-1702,1875-9076,2026-04-29,NA,sage2025bibsam
Multimodality & Society,2634-9795,2634-9809,2026-04-29,NA,sage2025bibsam
Multiple Sclerosis Journal,1352-4585,1477-0970,2026-04-29,NA,sage2025bibsam
Music Educators Journal,0027-4321,1945-0087,2026-04-29,NA,sage2025bibsam
Musicae Scientiae,1029-8649,2045-4147,2026-04-29,NA,sage2025bibsam
NASN School Nurse,1942-602X,1942-6038,2026-04-29,NA,sage2025bibsam
Netherlands Quarterly of Human Rights,0924-0519,2214-7357,2026-04-29,NA,sage2025bibsam
NeuroRehabilitation,1053-8135,1878-6448,2026-04-29,NA,sage2025bibsam
Neurorehabilitation and Neural Repair,1545-9683,1552-6844,2026-04-29,NA,sage2025bibsam
New Horizons in Adult Education and Human Resource Development,1939-4225,1939-4225,2026-04-29,NA,sage2025bibsam
New Journal of European Criminal Law,2032-2844,2399-293X,2026-04-29,NA,sage2025bibsam
New Labor Forum,1095-7960,1557-2978,2026-04-29,NA,sage2025bibsam
New Media & Society,1461-4448,1461-7315,2026-04-29,NA,sage2025bibsam
New Perspectives,2336-825X,2336-8268,2026-04-29,NA,sage2025bibsam
NEW SOLUTIONS: A Journal of Environmental and Occupational Health Policy,1048-2911,1541-3772,2026-04-29,NA,sage2025bibsam
News Research Journal,3049-7841,3049-785X,2026-04-29,NA,sage2025bibsam
NHRD Network Journal,2631-4541,2631-455X,2026-04-29,NA,sage2025bibsam
Nineteenth Century Theatre and Film,1748-3727,2048-2906,2026-04-29,NA,sage2025bibsam
NIR news,0960-3360,1756-2708,2026-04-29,NA,sage2025bibsam
Noise & Vibration Worldwide,0957-4565,2048-4062,2026-04-29,NA,sage2025bibsam
Nonprofit and Voluntary Sector Quarterly,0899-7640,1552-7395,2026-04-29,NA,sage2025bibsam
Nordic Journal of Nursing Research,2057-1585,2057-1593,2026-04-29,NA,sage2025bibsam
North American Archaeologist,0197-6931,1541-3543,2026-04-29,NA,sage2025bibsam
Nursing & Midwifery Research Journal,0974-150X,2752-8367,2026-04-29,NA,sage2025bibsam
Nursing Ethics,0969-7330,1477-0989,2026-04-29,NA,sage2025bibsam
Nursing Science Quarterly,0894-3184,1552-7409,2026-04-29,NA,sage2025bibsam
Nutrition and Health,0260-1060,2047-945X,2026-04-29,NA,sage2025bibsam
OMEGA - Journal of Death and Dying,0030-2228,1541-3764,2026-04-29,NA,sage2025bibsam
Organization,1350-5084,1461-7323,2026-04-29,NA,sage2025bibsam
Organization & Environment,1086-0266,1552-7417,2026-04-29,NA,sage2025bibsam
Organization Studies,0170-8406,1741-3044,2026-04-29,NA,sage2025bibsam
Organizational Psychology Review,2041-3866,2041-3874,2026-04-29,NA,sage2025bibsam
Organizational Research Methods,1094-4281,1552-7425,2026-04-29,NA,sage2025bibsam
OTJR: Occupational Therapy Journal of Research,1539-4492,1938-2383,2026-04-29,NA,sage2025bibsam
Outlook on Agriculture,0030-7270,2043-6866,2026-04-29,NA,sage2025bibsam
Palliative Medicine,0269-2163,1477-030X,2026-04-29,NA,sage2025bibsam
Paradigm,0971-8907,2394-6083,2026-04-29,NA,sage2025bibsam
Party Politics,1354-0688,1460-3683,2026-04-29,NA,sage2025bibsam
Pedagogy in Health Promotion,2373-3799,2373-3802,2026-04-29,NA,sage2025bibsam
Pediatric and Developmental Pathology,1093-5266,1615-5742,2026-04-29,NA,sage2025bibsam
Perception,0301-0066,1468-4233,2026-04-29,NA,sage2025bibsam
Perceptual and Motor Skills,0031-5125,1558-688X,2026-04-29,NA,sage2025bibsam
Perfusion,0267-6591,1477-111X,2026-04-29,NA,sage2025bibsam
Peritoneal Dialysis International,0896-8608,1718-4304,2026-04-29,NA,sage2025bibsam
Personality and Social Psychology Bulletin,0146-1672,1552-7433,2026-04-29,NA,sage2025bibsam
Personality and Social Psychology Review,1088-8683,1532-7957,2026-04-29,NA,sage2025bibsam
Perspectives in Public Health,1757-9139,1757-9147,2026-04-29,NA,sage2025bibsam
Perspectives on Psychological Science,1745-6916,1745-6924,2026-04-29,NA,sage2025bibsam
Phi Delta Kappan,0031-7217,1940-6487,2026-04-29,NA,sage2025bibsam
Philosophy & Social Criticism,0191-4537,1461-734X,2026-04-29,NA,sage2025bibsam
Philosophy of the Social Sciences,0048-3931,1552-7441,2026-04-29,NA,sage2025bibsam
Physiotherapy Practice and Research,2213-0683,2213-0691,2026-04-29,NA,sage2025bibsam
Planning Theory,1473-0952,1741-3052,2026-04-29,NA,sage2025bibsam
Plastic Surgery,2292-5503,2292-5511,2026-04-29,NA,sage2025bibsam
"Plastics, Rubber and Composites",1465-8011,1743-2898,2026-04-29,NA,sage2025bibsam
Police Quarterly,1098-6111,1552-745X,2026-04-29,NA,sage2025bibsam
Policy Futures in Education,1478-2103,1478-2103,2026-04-29,NA,sage2025bibsam
Policy Insights from the Behavioral and Brain Sciences,2372-7322,2372-7330,2026-04-29,NA,sage2025bibsam
"Policy, Politics, & Nursing Practice",1527-1544,1552-7468,2026-04-29,NA,sage2025bibsam
Political Insight,2041-9058,2041-9066,2026-04-29,NA,sage2025bibsam
Political Research Quarterly,1065-9129,1938-274X,2026-04-29,NA,sage2025bibsam
Political Studies,0032-3217,1467-9248,2026-04-29,NA,sage2025bibsam
Political Studies Review,1478-9299,1478-9302,2026-04-29,NA,sage2025bibsam
Political Theory,0090-5917,1552-7476,2026-04-29,NA,sage2025bibsam
Politics,0263-3957,1467-9256,2026-04-29,NA,sage2025bibsam
Politics & Society,0032-3292,1552-7514,2026-04-29,NA,sage2025bibsam
"Politics, Philosophy & Economics",1470-594X,1741-3060,2026-04-29,NA,sage2025bibsam
Polymers from Renewable Resources,2041-2479,2045-1377,2026-04-29,NA,sage2025bibsam
Possibility Studies & Society,2753-8699,2753-8699,2026-04-29,NA,sage2025bibsam
Powder Metallurgy,0032-5899,1743-2901,2026-04-29,NA,sage2025bibsam
Power and Education,1757-7438,1757-7438,2026-04-29,NA,sage2025bibsam
Prajnan,0970-8448,2978-431X,2026-04-29,NA,sage2025bibsam
Primary Dental Journal,2050-1684,2050-1692,2026-04-29,NA,sage2025bibsam
Pro Ecclesia,1063-8512,2631-8334,2026-04-29,NA,sage2025bibsam
Probation Journal,0264-5505,1741-3079,2026-04-29,NA,sage2025bibsam
Proceedings of the Human Factors and Ergonomics Society Annual Meeting,1071-1813,2169-5067,2026-04-29,NA,sage2025bibsam
Proceedings of the International Symposium on Human Factors and Ergonomics in Health Care,2327-8595,2327-8595,2026-04-29,NA,sage2025bibsam
Production and Operations Management,1059-1478,1937-5956,2026-04-29,NA,sage2025bibsam
Professional School Counseling,1096-2409,2156-759X,2026-04-29,NA,sage2025bibsam
Progress in Development Studies,1464-9934,1477-027X,2026-04-29,NA,sage2025bibsam
Progress in Environmental Geography,2753-9687,2753-9687,2026-04-29,NA,sage2025bibsam
Progress in Human Geography,0309-1325,1477-0288,2026-04-29,NA,sage2025bibsam
Progress in Physical Geography: Earth and Environment,0309-1333,1477-0296,2026-04-29,NA,sage2025bibsam
"Progress in Rubber, Plastics and Recycling Technology",1477-7606,1478-2413,2026-04-29,NA,sage2025bibsam
Progress in Transplantation,1526-9248,2164-6708,2026-04-29,NA,sage2025bibsam
Project Management Journal,8756-9728,1938-9507,2026-04-29,NA,sage2025bibsam
Psychological Reports,0033-2941,1558-691X,2026-04-29,NA,sage2025bibsam
Psychological Science,0956-7976,1467-9280,2026-04-29,NA,sage2025bibsam
Psychological Science in the Public Interest,1529-1006,2160-0031,2026-04-29,NA,sage2025bibsam
Psychology and Developing Societies,0971-3336,0973-0761,2026-04-29,NA,sage2025bibsam
Psychology Learning & Teaching,1475-7257,2057-3022,2026-04-29,NA,sage2025bibsam
Psychology of Music,0305-7356,1741-3087,2026-04-29,NA,sage2025bibsam
Psychology of Women Quarterly,0361-6843,1471-6402,2026-04-29,NA,sage2025bibsam
PsyEcology,2171-1976,1989-9386,2026-04-29,NA,sage2025bibsam
Public Administration Quarterly,0734-9149,2327-4433,2026-04-29,NA,sage2025bibsam
Public Finance and Management,1523-9721,1523-9721,2026-04-29,NA,sage2025bibsam
Public Finance Review,1091-1421,1552-7530,2026-04-29,NA,sage2025bibsam
Public Health Reports®,0033-3549,1468-2877,2026-04-29,NA,sage2025bibsam
Public Personnel Management,0091-0260,1945-7421,2026-04-29,NA,sage2025bibsam
Public Policy and Administration,0952-0767,1749-4192,2026-04-29,NA,sage2025bibsam
Public Relations Inquiry,2046-147X,2046-1488,2026-04-29,NA,sage2025bibsam
Public Understanding of Science,0963-6625,1361-6609,2026-04-29,NA,sage2025bibsam
Public Works Management & Policy,1087-724X,1552-7549,2026-04-29,NA,sage2025bibsam
Punishment & Society,1462-4745,1741-3095,2026-04-29,NA,sage2025bibsam
Qualitative Health Research,1049-7323,1552-7557,2026-04-29,NA,sage2025bibsam
Qualitative Inquiry,1077-8004,1552-7565,2026-04-29,NA,sage2025bibsam
Qualitative Research,1468-7941,1741-3109,2026-04-29,NA,sage2025bibsam
Qualitative Social Work,1473-3250,1741-3117,2026-04-29,NA,sage2025bibsam
Quantum Economics and Finance,2976-7032,2976-7040,2026-04-29,NA,sage2025bibsam
Quarterly Journal of Experimental Psychology,1747-0218,1747-0226,2026-04-29,NA,sage2025bibsam
Race & Class,0306-3968,1741-3125,2026-04-29,NA,sage2025bibsam
Race and Justice,2153-3687,2153-3687,2026-04-29,NA,sage2025bibsam
Rationality and Society,1043-4631,1461-7358,2026-04-29,NA,sage2025bibsam
Recherche et Applications en Marketing (English Edition),2051-5707,2051-5707,2026-04-29,NA,sage2025bibsam
Recherche et Applications en Marketing (French Edition),0767-3701,2051-2821,2026-04-29,NA,sage2025bibsam
Recreational Sports Journal,1558-8661,1558-867X,2026-04-29,NA,sage2025bibsam
Rehabilitation Counseling Bulletin,0034-3552,1538-4853,2026-04-29,NA,sage2025bibsam
RELC Journal,0033-6882,1745-526X,2026-04-29,NA,sage2025bibsam
Remedial and Special Education,0741-9325,1538-4756,2026-04-29,NA,sage2025bibsam
Research and Practice for Persons with Severe Disabilities,1540-7969,2169-2408,2026-04-29,NA,sage2025bibsam
Research Ethics,1747-0161,2047-6094,2026-04-29,NA,sage2025bibsam
Research in Comparative and International Education,1745-4999,1745-4999,2026-04-29,NA,sage2025bibsam
Research in Education,0034-5237,2050-4608,2026-04-29,NA,sage2025bibsam
Research Methods in Medicine & Health Sciences,2632-0843,2632-0843,2026-04-29,NA,sage2025bibsam
Research on Aging,0164-0275,1552-7573,2026-04-29,NA,sage2025bibsam
Research on Social Work Practice,1049-7315,1552-7581,2026-04-29,NA,sage2025bibsam
Research Studies in Music Education,1321-103X,1834-5530,2026-04-29,NA,sage2025bibsam
Restorative Neurology and Neuroscience,0922-6028,1878-3627,2026-04-29,NA,sage2025bibsam
Review & Expositor,0034-6373,2052-9449,2026-04-29,NA,sage2025bibsam
Review of Development and Change,0972-2661,2632-055X,2026-04-29,NA,sage2025bibsam
Review of Educational Research,0034-6543,1935-1046,2026-04-29,NA,sage2025bibsam
Review of General Psychology,1089-2680,1939-1552,2026-04-29,NA,sage2025bibsam
Review of Market Integration,0974-9292,0975-4709,2026-04-29,NA,sage2025bibsam
Review of Public Personnel Administration,0734-371X,1552-759X,2026-04-29,NA,sage2025bibsam
Review of Radical Political Economics,0486-6134,1552-8502,2026-04-29,NA,sage2025bibsam
Review of Religious Research,0034-673X,2211-4866,2026-04-29,NA,sage2025bibsam
Review of Research in Education,0091-732X,1935-1038,2026-04-29,NA,sage2025bibsam
Risk and Decision Analysis,1569-7371,1875-9173,2026-04-29,NA,sage2025bibsam
Rural Special Education Quarterly,8756-8705,2168-8605,2026-04-29,NA,sage2025bibsam
Scandinavian Journal of Public Health,1403-4948,1651-1905,2026-04-29,NA,sage2025bibsam
School Psychology International,0143-0343,1461-7374,2026-04-29,NA,sage2025bibsam
Science & Society,0036-8237,1943-2801,2026-04-29,NA,sage2025bibsam
Science and Technology of Welding and Joining,1362-1718,1743-2936,2026-04-29,NA,sage2025bibsam
Science Communication,1075-5470,1552-8545,2026-04-29,NA,sage2025bibsam
"Science, Technology and Society",0971-7218,0973-0796,2026-04-29,NA,sage2025bibsam
"Science, Technology, & Human Values",0162-2439,1552-8251,2026-04-29,NA,sage2025bibsam
Second Language Research,0267-6583,1477-0326,2026-04-29,NA,sage2025bibsam
"SEDME (Small Enterprises Development, Management & Extension Journal)",0970-8464,2456-1223,2026-04-29,NA,sage2025bibsam
Seminars in Cardiothoracic and Vascular Anesthesia,1089-2532,1940-5596,2026-04-29,NA,sage2025bibsam
Sex & Sexualities,3033-3717,3033-3717,2026-04-29,NA,sage2025bibsam
Sexual Abuse,1079-0632,1573-286X,2026-04-29,NA,sage2025bibsam
Sexualities,1363-4607,1461-7382,2026-04-29,NA,sage2025bibsam
Shoulder & Elbow,1758-5732,1758-5740,2026-04-29,NA,sage2025bibsam
SIMULATION,0037-5497,1741-3133,2026-04-29,NA,sage2025bibsam
Simulation & Gaming,1046-8781,1552-826X,2026-04-29,NA,sage2025bibsam
Small Group Research,1046-4964,1552-8278,2026-04-29,NA,sage2025bibsam
Social & Legal Studies,0964-6639,1461-7390,2026-04-29,NA,sage2025bibsam
Social Change,0049-0857,0976-3538,2026-04-29,NA,sage2025bibsam
Social Compass,0037-7686,1461-7404,2026-04-29,NA,sage2025bibsam
Social Currents,2329-4965,2329-4973,2026-04-29,NA,sage2025bibsam
Social Marketing Quarterly,1524-5004,1539-4093,2026-04-29,NA,sage2025bibsam
Social Psychological and Personality Science,1948-5506,1948-5514,2026-04-29,NA,sage2025bibsam
Social Psychology Quarterly,0190-2725,1939-8999,2026-04-29,NA,sage2025bibsam
Social Science Computer Review,0894-4393,1552-8286,2026-04-29,NA,sage2025bibsam
Social Science Information,0539-0184,1461-7412,2026-04-29,NA,sage2025bibsam
Social Studies of Science,0306-3127,1460-3659,2026-04-29,NA,sage2025bibsam
Society and Culture in South Asia,2393-8617,2394-9872,2026-04-29,NA,sage2025bibsam
Society and Mental Health,2156-8693,2156-8731,2026-04-29,NA,sage2025bibsam
Sociological Bulletin,0038-0229,2457-0257,2026-04-29,NA,sage2025bibsam
Sociological Methodology,0081-1750,1467-9531,2026-04-29,NA,sage2025bibsam
Sociological Methods & Research,0049-1241,1552-8294,2026-04-29,NA,sage2025bibsam
Sociological Perspectives,0731-1214,1533-8673,2026-04-29,NA,sage2025bibsam
Sociological Research Online,1360-7804,1360-7804,2026-04-29,NA,sage2025bibsam
Sociological Theory,0735-2751,1467-9558,2026-04-29,NA,sage2025bibsam
Sociology,0038-0385,1469-8684,2026-04-29,NA,sage2025bibsam
Sociology of Education,0038-0407,1939-8573,2026-04-29,NA,sage2025bibsam
Sociology of Race and Ethnicity,2332-6492,2332-6506,2026-04-29,NA,sage2025bibsam
South African Journal of Psychology,0081-2463,2078-8208,2026-04-29,NA,sage2025bibsam
South Asia Economic Journal,1391-5614,0973-077X,2026-04-29,NA,sage2025bibsam
South Asia Research,0262-7280,1741-3141,2026-04-29,NA,sage2025bibsam
South Asian Journal of Business and Management Cases,2277-9779,2321-0303,2026-04-29,NA,sage2025bibsam
South Asian Journal of Human Resources Management,2322-0937,2349-5790,2026-04-29,NA,sage2025bibsam
South Asian Journal of Macroeconomics and Public Finance,2277-9787,2321-0273,2026-04-29,NA,sage2025bibsam
South Asian Survey,0971-5231,0973-0788,2026-04-29,NA,sage2025bibsam
Space and Culture,1206-3312,1552-8308,2026-04-29,NA,sage2025bibsam
Sport Marketing Quarterly,1061-6934,1557-2528,2026-04-29,NA,sage2025bibsam
Sports Health,1941-7381,1941-0921,2026-04-29,NA,sage2025bibsam
State and Local Government Review,0160-323X,1943-3409,2026-04-29,NA,sage2025bibsam
Statistical Journal of the IAOS,1874-7655,1875-9254,2026-04-29,NA,sage2025bibsam
Statistical Methods in Medical Research,0962-2802,1477-0334,2026-04-29,NA,sage2025bibsam
Statistical Modelling,1471-082X,1477-0342,2026-04-29,NA,sage2025bibsam
Strategic Organization,1476-1270,1741-315X,2026-04-29,NA,sage2025bibsam
"Strength, Fracture and Complexity",1567-2069,1875-9262,2026-04-29,NA,sage2025bibsam
String Research Journal,1948-4992,2164-0661,2026-04-29,NA,sage2025bibsam
Structural Health Monitoring,1475-9217,1741-3168,2026-04-29,NA,sage2025bibsam
Studia Liturgica,0039-3207,2517-4797,2026-04-29,NA,sage2025bibsam
Studies in Christian Ethics,0953-9468,1745-5235,2026-04-29,NA,sage2025bibsam
Studies in History,0257-6430,0973-080X,2026-04-29,NA,sage2025bibsam
Studies in Indian Politics,2321-0230,2321-7472,2026-04-29,NA,sage2025bibsam
Studies in Microeconomics,2321-0222,2321-8398,2026-04-29,NA,sage2025bibsam
Studies in People’s History,2348-4489,2349-7718,2026-04-29,NA,sage2025bibsam
Studies in Psychology,0210-9395,1579-3699,2026-04-29,NA,sage2025bibsam
Studies in Religion/Sciences Religieuses,0008-4298,2042-0587,2026-04-29,NA,sage2025bibsam
Substance Use & Addiction Journal,2976-7342,2976-7350,2026-04-29,NA,sage2025bibsam
Surface Engineering,0267-0844,1743-2944,2026-04-29,NA,sage2025bibsam
Surgical Innovation,1553-3506,1553-3514,2026-04-29,NA,sage2025bibsam
Teacher Education and Special Education,0888-4064,1944-4931,2026-04-29,NA,sage2025bibsam
Teachers College Record,0161-4681,1467-9620,2026-04-29,NA,sage2025bibsam
TEACHING Exceptional Children,0040-0599,2163-5684,2026-04-29,NA,sage2025bibsam
Teaching of Psychology,0098-6283,1532-8023,2026-04-29,NA,sage2025bibsam
Teaching Public Administration,0144-7394,2047-8720,2026-04-29,NA,sage2025bibsam
Teaching Sociology,0092-055X,1939-862X,2026-04-29,NA,sage2025bibsam
Technology and Disability,1055-4181,1878-643X,2026-04-29,NA,sage2025bibsam
Technology and Health Care,0928-7329,1878-7401,2026-04-29,NA,sage2025bibsam
Television & New Media,1527-4764,1552-8316,2026-04-29,NA,sage2025bibsam
Textile Research Journal,0040-5175,1746-7748,2026-04-29,NA,sage2025bibsam
The American Economist,0569-4345,2328-1235,2026-04-29,NA,sage2025bibsam
The American Journal of Cosmetic Surgery,0748-8068,2374-7722,2026-04-29,NA,sage2025bibsam
The American Journal of Sports Medicine,0363-5465,1552-3365,2026-04-29,NA,sage2025bibsam
The American Review of Public Administration,0275-0740,1552-3357,2026-04-29,NA,sage2025bibsam
The American Surgeon™,0003-1348,1555-9823,2026-04-29,NA,sage2025bibsam
The ANNALS of the American Academy of Political and Social Science,0002-7162,1552-3349,2026-04-29,NA,sage2025bibsam
The Anthropocene Review,2053-0196,2053-020X,2026-04-29,NA,sage2025bibsam
The Antitrust Bulletin,0003-603X,1930-7969,2026-04-29,NA,sage2025bibsam
The Bible Translator,2051-6770,2051-6789,2026-04-29,NA,sage2025bibsam
The British Journal of Politics and International Relations,1369-1481,1467-856X,2026-04-29,NA,sage2025bibsam
The Canadian Journal of Psychiatry,0706-7437,1497-0015,2026-04-29,NA,sage2025bibsam
The Cleft Palate Craniofacial Journal,1055-6656,1545-1569,2026-04-29,NA,sage2025bibsam
The Counseling Psychologist,0011-0000,1552-3861,2026-04-29,NA,sage2025bibsam
The Downside Review,0012-5806,2397-3498,2026-04-29,NA,sage2025bibsam
The Energy Journal,0195-6574,1944-9089,2026-04-29,NA,sage2025bibsam
The European Journal on Artificial Intelligence,3050-4554,3050-4546,2026-04-29,NA,sage2025bibsam
The Expository Times,0014-5246,1745-5308,2026-04-29,NA,sage2025bibsam
The Family Journal,1066-4807,1552-3950,2026-04-29,NA,sage2025bibsam
The Holocene,0959-6836,1477-0911,2026-04-29,NA,sage2025bibsam
The Indian Economic and Social History Review,0019-4646,0973-0893,2026-04-29,NA,sage2025bibsam
The Indian Economic Journal,0019-4662,2631-617X,2026-04-29,NA,sage2025bibsam
The International Journal of Aging and Human Development,0091-4150,1541-3535,2026-04-29,NA,sage2025bibsam
The International Journal of Artificial Organs,0391-3988,1724-6040,2026-04-29,NA,sage2025bibsam
The International Journal of Community and Social Development,2516-6026,2516-6034,2026-04-29,NA,sage2025bibsam
The International Journal of Entrepreneurship and Innovation,1465-7503,2043-6882,2026-04-29,NA,sage2025bibsam
The International Journal of Evidence & Proof,1365-7127,1740-5572,2026-04-29,NA,sage2025bibsam
The International Journal of High Performance Computing Applications,1094-3420,1741-2846,2026-04-29,NA,sage2025bibsam
The International Journal of Lower Extremity Wounds,1534-7346,1552-6941,2026-04-29,NA,sage2025bibsam
The International Journal of Press/Politics,1940-1612,1940-1620,2026-04-29,NA,sage2025bibsam
The International Journal of Psychiatry in Medicine,0091-2174,1541-3527,2026-04-29,NA,sage2025bibsam
The International Journal of Robotics Research,0278-3649,1741-3176,2026-04-29,NA,sage2025bibsam
The Journal of Applied Behavioral Science,0021-8863,1552-6879,2026-04-29,NA,sage2025bibsam
The Journal of Criminal Law,0022-0183,1740-5580,2026-04-29,NA,sage2025bibsam
The Journal of Defense Modeling and Simulation,1548-5129,1557-380X,2026-04-29,NA,sage2025bibsam
The Journal of Early Adolescence,0272-4316,1552-5449,2026-04-29,NA,sage2025bibsam
The Journal of Egyptian Archaeology,0307-5133,2514-0582,2026-04-29,NA,sage2025bibsam
The Journal of Entrepreneurship,0971-3557,0973-0745,2026-04-29,NA,sage2025bibsam
The Journal of Environment & Development,1070-4965,1552-5465,2026-04-29,NA,sage2025bibsam
The Journal of Men’s Studies,1060-8265,1933-0251,2026-04-29,NA,sage2025bibsam
The Journal of School Nursing,1059-8405,1546-8364,2026-04-29,NA,sage2025bibsam
The Journal of Social Studies Research,0885-985X,2352-2798,2026-04-29,NA,sage2025bibsam
The Journal of Special Education,0022-4669,1538-4764,2026-04-29,NA,sage2025bibsam
The Journal of Transport History,0022-5266,1759-3999,2026-04-29,NA,sage2025bibsam
The Journal of Vascular Access,1129-7298,1724-6032,2026-04-29,NA,sage2025bibsam
The Linacre Quarterly,0024-3639,2050-8549,2026-04-29,NA,sage2025bibsam
The Medieval History Journal,0971-9458,0973-0753,2026-04-29,NA,sage2025bibsam
The Neurohospitalist,1941-8744,1941-8752,2026-04-29,NA,sage2025bibsam
The Neuroradiology Journal,1971-4009,2385-1996,2026-04-29,NA,sage2025bibsam
The Neuroscientist,1073-8584,1089-4098,2026-04-29,NA,sage2025bibsam
The Oriental Anthropologist,0972-558X,0976-3430,2026-04-29,NA,sage2025bibsam
The Police Journal,0032-258X,1740-5599,2026-04-29,NA,sage2025bibsam
The Prison Journal,0032-8855,1552-7522,2026-04-29,NA,sage2025bibsam
The Review of Black Political Economy,0034-6446,1936-4814,2026-04-29,NA,sage2025bibsam
The Science of Diabetes Self-Management and Care,2635-0106,2635-0114,2026-04-29,NA,sage2025bibsam
The Sociological Review,0038-0261,1467-954X,2026-04-29,NA,sage2025bibsam
The Stata Journal,1536-867X,1536-8734,2026-04-29,NA,sage2025bibsam
Theological Studies,0040-5639,2169-1304,2026-04-29,NA,sage2025bibsam
Theology,0040-571X,2044-2696,2026-04-29,NA,sage2025bibsam
Theology Today,0040-5736,2044-2556,2026-04-29,NA,sage2025bibsam
Theoretical Criminology,1362-4806,1461-7439,2026-04-29,NA,sage2025bibsam
Theory & Psychology,0959-3543,1461-7447,2026-04-29,NA,sage2025bibsam
Theory and Research in Education,1477-8785,1741-3192,2026-04-29,NA,sage2025bibsam
"Theory, Culture & Society",0263-2764,1460-3616,2026-04-29,NA,sage2025bibsam
Thesis Eleven,0725-5136,1461-7455,2026-04-29,NA,sage2025bibsam
Time & Society,0961-463X,1461-7463,2026-04-29,NA,sage2025bibsam
Topics in Early Childhood Special Education,0271-1214,1538-4845,2026-04-29,NA,sage2025bibsam
Tourism and Hospitality Research,1467-3584,1742-9692,2026-04-29,NA,sage2025bibsam
Tourism Economics,1354-8166,2044-0375,2026-04-29,NA,sage2025bibsam
Tourist Studies,1468-7976,1741-3206,2026-04-29,NA,sage2025bibsam
Toxicologic Pathology,0192-6233,1533-1601,2026-04-29,NA,sage2025bibsam
Toxicology and Industrial Health,0748-2337,1477-0393,2026-04-29,NA,sage2025bibsam
"Transactions in Earth, Environment, and Sustainability",2754-124X,2754-124X,2026-04-29,NA,sage2025bibsam
Transactions in Energy and Sustainability,2976-8632,2976-8632,2026-04-29,NA,sage2025bibsam
Transactions in Planning and Urban Research,2754-1223,2754-1223,2026-04-29,NA,sage2025bibsam
"Transactions in Urban Data, Science, and Technology",2754-1231,2754-1231,2026-04-29,NA,sage2025bibsam
Transactions of the Institute of Measurement and Control,0142-3312,1477-0369,2026-04-29,NA,sage2025bibsam
Transcultural Psychiatry,1363-4615,1461-7471,2026-04-29,NA,sage2025bibsam
Transfer: European Review of Labour and Research,1024-2589,1996-7284,2026-04-29,NA,sage2025bibsam
Transformation,0265-3788,1759-8931,2026-04-29,NA,sage2025bibsam
Translational Data Science for Social Impact,2755-6662,2755-5666,2026-04-29,NA,sage2025bibsam
Translational Science of Rare Diseases,2214-6490,2214-6512,2026-04-29,NA,sage2025bibsam
Transportation Research Record,0361-1981,2169-4052,2026-04-29,NA,sage2025bibsam
Trauma,1460-4086,1477-0350,2026-04-29,NA,sage2025bibsam
"Trauma, Violence, & Abuse",1524-8380,1552-8324,2026-04-29,NA,sage2025bibsam
"Tribology - Materials, Surfaces & Interfaces",1751-5831,1751-584X,2026-04-29,NA,sage2025bibsam
Tropical Conservation Science,1940-0829,1940-0829,2026-04-29,NA,sage2025bibsam
Tumori Journal,0300-8916,2038-2529,2026-04-29,NA,sage2025bibsam
Ultrasonic Imaging,0161-7346,1096-0910,2026-04-29,NA,sage2025bibsam
Update: Applications of Research in Music Education,8755-1233,1945-0109,2026-04-29,NA,sage2025bibsam
Urban Affairs Review,1078-0874,1552-8332,2026-04-29,NA,sage2025bibsam
Urban Education,0042-0859,1552-8340,2026-04-29,NA,sage2025bibsam
Urban Political Ecology,3049-7515,3049-7515,2026-04-29,NA,sage2025bibsam
Urban Studies,0042-0980,1360-063X,2026-04-29,NA,sage2025bibsam
Urbanisation,2455-7471,2456-3714,2026-04-29,NA,sage2025bibsam
Urologia Journal,0391-5603,1724-6075,2026-04-29,NA,sage2025bibsam
Vascular and Endovascular Surgery,1538-5744,1938-9116,2026-04-29,NA,sage2025bibsam
Vascular Medicine,1358-863X,1477-0377,2026-04-29,NA,sage2025bibsam
Veterinary Pathology,0300-9858,1544-2217,2026-04-29,NA,sage2025bibsam
Violence Against Women,1077-8012,1552-8448,2026-04-29,NA,sage2025bibsam
Violence: An International Journal,2633-0024,2633-0032,2026-04-29,NA,sage2025bibsam
Vision,0972-2629,2249-5304,2026-04-29,NA,sage2025bibsam
Visual Communication,1470-3572,1741-3214,2026-04-29,NA,sage2025bibsam
War in History,0968-3445,1477-0385,2026-04-29,NA,sage2025bibsam
Waste Management & Research,0734-242X,1096-3669,2026-04-29,NA,sage2025bibsam
Web Intelligence,2405-6456,2405-6464,2026-04-29,NA,sage2025bibsam
Western Journal of Nursing Research,0193-9459,1552-8456,2026-04-29,NA,sage2025bibsam
Wilderness & Environmental Medicine,1080-6032,1545-1534,2026-04-29,NA,sage2025bibsam
Wind Engineering,0309-524X,2048-402X,2026-04-29,NA,sage2025bibsam
Word of Mouth,1048-3950,2154-3941,2026-04-29,NA,sage2025bibsam
WORK,1051-9815,1875-9270,2026-04-29,NA,sage2025bibsam
Work and Occupations,0730-8884,1552-8464,2026-04-29,NA,sage2025bibsam
"Work, Employment and Society",0950-0170,1469-8722,2026-04-29,NA,sage2025bibsam
Workplace Health & Safety,2165-0799,2165-0969,2026-04-29,NA,sage2025bibsam
World Futures Review,1946-7567,2169-2793,2026-04-29,NA,sage2025bibsam
World Journal for Pediatric and Congenital Heart Surgery,2150-1351,2150-136X,2026-04-29,NA,sage2025bibsam
Written Communication,0741-0883,1552-8472,2026-04-29,NA,sage2025bibsam
YOUNG,1103-3088,1741-3222,2026-04-29,NA,sage2025bibsam
Young Exceptional Children,1096-2506,2154-400X,2026-04-29,NA,sage2025bibsam
Youth & Society,0044-118X,1552-8499,2026-04-29,NA,sage2025bibsam
Youth Justice,1473-2254,1747-6283,2026-04-29,NA,sage2025bibsam
Youth Violence and Juvenile Justice,1541-2040,1556-9330,2026-04-29,NA,sage2025bibsam
AATCC Journal of Research,NA,2330-5517,2026-04-29,NA,sage2025bibsam
Acta Radiologica Open,NA,2058-4601,2026-04-29,NA,sage2025bibsam
Adsorption Science & Technology,NA,2048-4038,2026-04-29,NA,sage2025bibsam
Advances in Mechanical Engineering,NA,1687-8140,2026-04-29,NA,sage2025bibsam
Advances in Methods and Practices in Psychological Science,NA,2515-2467,2026-04-29,NA,sage2025bibsam
Advances in Psychological Science Open,NA,3049-5822,2026-04-29,NA,sage2025bibsam
Advances in Rehabilitation Science and Practice,NA,1179-5727,2026-04-29,NA,sage2025bibsam
AERA Open,NA,2332-8584,2026-04-29,NA,sage2025bibsam
Africa Spectrum,NA,1868-6869,2026-04-29,NA,sage2025bibsam
"Air, Soil and Water Research",NA,1178-6221,2026-04-29,NA,sage2025bibsam
American Journal of Alzheimer's Disease & Other Dementias,NA,1938-2731,2026-04-29,NA,sage2025bibsam
American Journal of Men's Health,NA,1557-9891,2026-04-29,NA,sage2025bibsam
Annals of Neurosciences,NA,0976-3260,2026-04-29,NA,sage2025bibsam
Antiviral Therapy,NA,2040-2058,2026-04-29,NA,sage2025bibsam
Apollo Medicine,NA,2213-3682,2026-04-29,NA,sage2025bibsam
Applied Spectroscopy Practica,NA,2755-1857,2026-04-29,NA,sage2025bibsam
Asian Journal for Mathematics Education,NA,2752-7271,2026-04-29,NA,sage2025bibsam
Autism and Developmental Language Impairments,NA,2396-9415,2026-04-29,NA,sage2025bibsam
Behavioral Science & Policy,NA,2379-4607,2026-04-29,NA,sage2025bibsam
Beijing International Review of Education,NA,2590-2539,2026-04-29,NA,sage2025bibsam
Big Data & Society,NA,2053-9517,2026-04-29,NA,sage2025bibsam
Bioinformatics and Biology Insights,NA,1177-9322,2026-04-29,NA,sage2025bibsam
Biomarker Insights,NA,1177-2719,2026-04-29,NA,sage2025bibsam
Biomedical Engineering and Computational Biology,NA,1179-5972,2026-04-29,NA,sage2025bibsam
Bladder Cancer,NA,2352-3735,2026-04-29,NA,sage2025bibsam
BLDE University Journal of Health Sciences,NA,2456-2975,2026-04-29,NA,sage2025bibsam
Brain and Neuroscience Advances,NA,2398-2128,2026-04-29,NA,sage2025bibsam
Brain Science Advances,NA,2096-5958,2026-04-29,NA,sage2025bibsam
Breast Cancer: Basic and Clinical Research,NA,1178-2234,2026-04-29,NA,sage2025bibsam
Breast Disease,NA,1558-1551,2026-04-29,NA,sage2025bibsam
BRQ Business Research Quarterly,NA,2340-9444,2026-04-29,NA,sage2025bibsam
Campbell Systematic Reviews,NA,1891-1803,2026-04-29,NA,sage2025bibsam
Canadian Journal of Kidney Health and Disease,NA,2054-3581,2026-04-29,NA,sage2025bibsam
Cancer Biomarkers,NA,1875-8592,2026-04-29,NA,sage2025bibsam
Cancer Control,NA,1526-2359,2026-04-29,NA,sage2025bibsam
Cancer Informatics,NA,1176-9351,2026-04-29,NA,sage2025bibsam
Cartilage,NA,1947-6043,2026-04-29,NA,sage2025bibsam
Cell Transplantation,NA,1555-3892,2026-04-29,NA,sage2025bibsam
Cephalalgia,NA,1468-2982,2026-04-29,NA,sage2025bibsam
Cephalalgia Reports,NA,2515-8163,2026-04-29,NA,sage2025bibsam
Chronic Respiratory Disease,NA,1479-9731,2026-04-29,NA,sage2025bibsam
Chronic Stress,NA,2470-5470,2026-04-29,NA,sage2025bibsam
Clinical and Applied Thrombosis/Hemostasis,NA,1938-2723,2026-04-29,NA,sage2025bibsam
Clinical Medicine Insights: Cardiology,NA,1179-5468,2026-04-29,NA,sage2025bibsam
Clinical Medicine Insights: Case Reports,NA,1179-5476,2026-04-29,NA,sage2025bibsam
Clinical Medicine Insights: Endocrinology and Diabetes,NA,1179-5514,2026-04-29,NA,sage2025bibsam
Clinical Medicine Insights: Oncology,NA,1179-5549,2026-04-29,NA,sage2025bibsam
Collective Intelligence,NA,2633-9137,2026-04-29,NA,sage2025bibsam
Communication and the Public,NA,2057-0481,2026-04-29,NA,sage2025bibsam
Composites and Advanced Materials,NA,2634-9833,2026-04-29,NA,sage2025bibsam
Contact,NA,2515-2564,2026-04-29,NA,sage2025bibsam
Cultures of Science,NA,2633-3287,2026-04-29,NA,sage2025bibsam
Data Science,NA,2451-8492,2026-04-29,NA,sage2025bibsam
Diabetes and Vascular Disease Research,NA,1752-8984,2026-04-29,NA,sage2025bibsam
Diabetes Technology and Obesity Medicine,NA,2998-6702,2026-04-29,NA,sage2025bibsam
Digital Health,NA,2055-2076,2026-04-29,NA,sage2025bibsam
Dose-Response,NA,1559-3258,2026-04-29,NA,sage2025bibsam
ECNU Review of Education,NA,2632-1742,2026-04-29,NA,sage2025bibsam
Emerging Economies Cases Journal,NA,2516-6050,2026-04-29,NA,sage2025bibsam
Emerging Media,NA,2752-3543,2026-04-29,NA,sage2025bibsam
Energy Exploration & Exploitation,NA,2048-4054,2026-04-29,NA,sage2025bibsam
ENT Journal,NA,1942-7522,2026-04-29,NA,sage2025bibsam
Environmental Health Insights,NA,1178-6302,2026-04-29,NA,sage2025bibsam
Epilepsy Currents,NA,1535-7511,2026-04-29,NA,sage2025bibsam
European Journal of Inflammation,NA,2058-7392,2026-04-29,NA,sage2025bibsam
European View,NA,1865-5831,2026-04-29,NA,sage2025bibsam
Evolutionary Bioinformatics,NA,1176-9343,2026-04-29,NA,sage2025bibsam
Evolutionary Psychology,NA,1474-7049,2026-04-29,NA,sage2025bibsam
FAIR Connect,NA,2949-799X,2026-04-29,NA,sage2025bibsam
Foot & Ankle Orthopaedics,NA,2473-0114,2026-04-29,NA,sage2025bibsam
Geriatric Orthopaedic Surgery & Rehabilitation,NA,2151-4593,2026-04-29,NA,sage2025bibsam
Global Advances in Integrative Medicine and Health,NA,2753-6130,2026-04-29,NA,sage2025bibsam
Global Media and China,NA,2059-4364,2026-04-29,NA,sage2025bibsam
Global Qualitative Nursing Research,NA,2333-3936,2026-04-29,NA,sage2025bibsam
Global Spine Journal,NA,2192-5690,2026-04-29,NA,sage2025bibsam
Health Equity,NA,2473-1242,2026-04-29,NA,sage2025bibsam
Health Informatics Journal,NA,1741-2811,2026-04-29,NA,sage2025bibsam
Health Psychology Open,NA,2055-1029,2026-04-29,NA,sage2025bibsam
Health Services Insights,NA,1178-6329,2026-04-29,NA,sage2025bibsam
Hong Kong Journal of Occupational Therapy,NA,1876-4398,2026-04-29,NA,sage2025bibsam
Human and Experimental Toxicology,NA,1477-0903,2026-04-29,NA,sage2025bibsam
Implementation Research and Practice,NA,2633-4895,2026-04-29,NA,sage2025bibsam
In Silico Biology,NA,1434-3207,2026-04-29,NA,sage2025bibsam
Indian Journal of Clinical Cardiology,NA,2632-4644,2026-04-29,NA,sage2025bibsam
Indian Journal of Psychological Medicine,NA,0975-1564,2026-04-29,NA,sage2025bibsam
Indian Journal of Rheumatology,NA,0973-3701,2026-04-29,NA,sage2025bibsam
Innate Immunity,NA,1753-4267,2026-04-29,NA,sage2025bibsam
INQUIRY,NA,1945-7243,2026-04-29,NA,sage2025bibsam
Integrative Cancer Therapies,NA,1552-695X,2026-04-29,NA,sage2025bibsam
Integrative Medicine Reports,NA,2768-3222,2026-04-29,NA,sage2025bibsam
International Journal of Advanced Robotic Systems,NA,1729-8814,2026-04-29,NA,sage2025bibsam
International Journal of Aesthetic Plastic Surgery,NA,3049-9259,2026-04-29,NA,sage2025bibsam
International Journal of Chinese Education,NA,2212-5868,2026-04-29,NA,sage2025bibsam
International Journal of Engineering Business Management,NA,1847-9790,2026-04-29,NA,sage2025bibsam
International Journal of Immunopathology and Pharmacology,NA,2058-7384,2026-04-29,NA,sage2025bibsam
International Journal of Micro Air Vehicles,NA,1756-8307,2026-04-29,NA,sage2025bibsam
International Journal of Qualitative Methods,NA,1609-4069,2026-04-29,NA,sage2025bibsam
Interpreting & Society: An Interdisciplinary Journal,NA,2752-3810,2026-04-29,NA,sage2025bibsam
i-Perception,NA,2041-6695,2026-04-29,NA,sage2025bibsam
Journal of Algorithms & Computational Technology,NA,1748-3026,2026-04-29,NA,sage2025bibsam
Journal of Alzheimer's Disease Reports,NA,2542-4823,2026-04-29,NA,sage2025bibsam
Journal of Applied Biomaterials & Functional Materials,NA,2280-8000,2026-04-29,NA,sage2025bibsam
Journal of Applied Dentistry and Oral Sciences,NA,3049-7426,2026-04-29,NA,sage2025bibsam
Journal of Applied Pharmaceutical Science,NA,2231-3354,2026-04-29,NA,sage2025bibsam
Journal of Cardiovascular Pharmacology and Therapeutics,NA,1940-4034,2026-04-29,NA,sage2025bibsam
Journal of Central Nervous System Disease,NA,1179-5735,2026-04-29,NA,sage2025bibsam
Journal of Chemical Research,NA,2047-6507,2026-04-29,NA,sage2025bibsam
Journal of Children's Orthopaedics,NA,1863-2548,2026-04-29,NA,sage2025bibsam
Journal of Contemporary Business Research,NA,3049-5032,2026-04-29,NA,sage2025bibsam
Journal of Current Chinese Affairs,NA,1868-4874,2026-04-29,NA,sage2025bibsam
Journal of Current Oncology,NA,2589-8906,2026-04-29,NA,sage2025bibsam
Journal of Current Southeast Asian Affairs,NA,1868-4882,2026-04-29,NA,sage2025bibsam
Journal of Engineered Fibers and Fabrics,NA,1558-9250,2026-04-29,NA,sage2025bibsam
Journal of Eurasian Studies,NA,1879-3673,2026-04-29,NA,sage2025bibsam
Journal of Evidence-Based Integrative Medicine,NA,2515-690X,2026-04-29,NA,sage2025bibsam
Journal of Experimental Psychopathology,NA,2043-8087,2026-04-29,NA,sage2025bibsam
Journal of Feline Medicine and Surgery,NA,1532-2750,2026-04-29,NA,sage2025bibsam
Journal of Feline Medicine and Surgery Open Reports,NA,2055-1169,2026-04-29,NA,sage2025bibsam
Journal of Indian Academy of Forensic Medicine,NA,0974-0848,2026-04-29,NA,sage2025bibsam
Journal of Indian Association for Child and Adolescent Mental Health,NA,2754-6349,2026-04-29,NA,sage2025bibsam
Journal of Indian Orthodontic Society,NA,0974-9098,2026-04-29,NA,sage2025bibsam
Journal of Industrial Textiles,NA,1530-8057,2026-04-29,NA,sage2025bibsam
Journal of International Medical Research,NA,1473-2300,2026-04-29,NA,sage2025bibsam
Journal of Investigative Medicine High Impact Case Reports,NA,2324-7096,2026-04-29,NA,sage2025bibsam
Journal of Law and Empirical Analysis,NA,2755-323X,2026-04-29,NA,sage2025bibsam
"Journal of Low Frequency Noise, Vibration & Active Control",NA,2048-4046,2026-04-29,NA,sage2025bibsam
Journal of Medical Education and Curricular Development,NA,2382-1205,2026-04-29,NA,sage2025bibsam
Journal of Medical Extended Reality,NA,2994-1520,2026-04-29,NA,sage2025bibsam
Journal of Multimorbidity and Comorbidity,NA,2633-5565,2026-04-29,NA,sage2025bibsam
Journal of Neuromuscular Diseases,NA,2214-3602,2026-04-29,NA,sage2025bibsam
Journal of Official Statistics,NA,2001-7367,2026-04-29,NA,sage2025bibsam
Journal of Orthopaedic Surgery,NA,2309-4990,2026-04-29,NA,sage2025bibsam
"Journal of Orthopaedics, Trauma and Rehabilitation",NA,2210-4925,2026-04-29,NA,sage2025bibsam
Journal of Otolaryngology-Head & Neck Surgery,NA,1916-0216,2026-04-29,NA,sage2025bibsam
Journal of Pacific Rim Psychology,NA,1834-4909,2026-04-29,NA,sage2025bibsam
Journal of Paleosciences,NA,2583-4266,2026-04-29,NA,sage2025bibsam
Journal of Parkinson's Disease,NA,1877-718X,2026-04-29,NA,sage2025bibsam
Journal of Patient Experience,NA,2374-3743,2026-04-29,NA,sage2025bibsam
Journal of Pediatric Rehabilitation Medicine,NA,1875-8894,2026-04-29,NA,sage2025bibsam
Journal of Pharmacology and Pharmacotherapeutics,NA,0976-5018,2026-04-29,NA,sage2025bibsam
Journal of Politics in Latin America,NA,1868-4890,2026-04-29,NA,sage2025bibsam
Journal of Primary Care & Community Health,NA,2150-1327,2026-04-29,NA,sage2025bibsam
Journal of Psychosexual Health,NA,2631-8326,2026-04-29,NA,sage2025bibsam
Journal of Public Health Research,NA,2279-9036,2026-04-29,NA,sage2025bibsam
Journal of Rehabilitation and Assistive Technologies Engineering,NA,2055-6683,2026-04-29,NA,sage2025bibsam
Journal of Sports Analytics,NA,2215-0218,2026-04-29,NA,sage2025bibsam
Journal of the Heart Valve Society,NA,3049-4826,2026-04-29,NA,sage2025bibsam
Journal of the International Association of Providers of AIDS Care,NA,2325-9582,2026-04-29,NA,sage2025bibsam
Journal of the Palaeontological Society of India,NA,2753-7269,2026-04-29,NA,sage2025bibsam
Journal of Tissue Engineering,NA,2041-7314,2026-04-29,NA,sage2025bibsam
JRSM Open,NA,2042-5333,2026-04-29,NA,sage2025bibsam
Kidney Cancer,NA,2468-4570,2026-04-29,NA,sage2025bibsam
MDM Policy & Practice,NA,2381-4683,2026-04-29,NA,sage2025bibsam
Measurement and Control,NA,2051-8730,2026-04-29,NA,sage2025bibsam
Mechanobiology,NA,NA,2026-04-29,NA,sage2025bibsam
Methodological Innovations,NA,2059-7991,2026-04-29,NA,sage2025bibsam
Molecular Imaging,NA,1536-0121,2026-04-29,NA,sage2025bibsam
Molecular Pain,NA,1744-8069,2026-04-29,NA,sage2025bibsam
Montefiore Einstein Journal of Musculoskeletal Medicine and Surgery,NA,2470-3699,2026-04-29,NA,sage2025bibsam
"Multiple Sclerosis Journal: Experimental, Translational and Clinical",NA,2055-2173,2026-04-29,NA,sage2025bibsam
Music & Science,NA,2059-2043,2026-04-29,NA,sage2025bibsam
Nanomaterials and Nanotechnology,NA,1847-9804,2026-04-29,NA,sage2025bibsam
Natural Product Communications,NA,1555-9475,2026-04-29,NA,sage2025bibsam
Neurodiversity,NA,2754-6330,2026-04-29,NA,sage2025bibsam
Neuroscience Insights,NA,2633-1055,2026-04-29,NA,sage2025bibsam
Neurosymbolic Artificial Intelligence,NA,2949-8732,2026-04-29,NA,sage2025bibsam
Neurotrauma Reports,NA,2689-288X,2026-04-29,NA,sage2025bibsam
NMIMS Management Review,NA,0971-1023,2026-04-29,NA,sage2025bibsam
Nordic Studies on Alcohol and Drugs,NA,1458-6126,2026-04-29,NA,sage2025bibsam
Nutrition and Metabolic Insights,NA,1178-6388,2026-04-29,NA,sage2025bibsam
Organization Theory,NA,2631-7877,2026-04-29,NA,sage2025bibsam
Orthopaedic Journal of Sports Medicine,NA,2325-9671,2026-04-29,NA,sage2025bibsam
Palliative Care & Social Practice,NA,2632-3524,2026-04-29,NA,sage2025bibsam
Palliative Medicine Reports,NA,2689-2820,2026-04-29,NA,sage2025bibsam
Paramedicine,NA,2753-6386,2026-04-29,NA,sage2025bibsam
Personality Science,NA,2700-0710,2026-04-29,NA,sage2025bibsam
Pharmacognosy Magazine,NA,0976-4062,2026-04-29,NA,sage2025bibsam
Plasmatology,NA,2634-8535,2026-04-29,NA,sage2025bibsam
Platforms & Society,NA,2976-8624,2026-04-29,NA,sage2025bibsam
Polymers and Polymer Composites,NA,1478-2391,2026-04-29,NA,sage2025bibsam
Proceedings of Singapore Healthcare,NA,2059-2329,2026-04-29,NA,sage2025bibsam
Rare Tumors,NA,2036-3613,2026-04-29,NA,sage2025bibsam
Renewable Energies,NA,2753-3735,2026-04-29,NA,sage2025bibsam
Research and Politics,NA,2053-1680,2026-04-29,NA,sage2025bibsam
Respiratory Care Reports,NA,NA,2026-04-29,NA,sage2025bibsam
Revista Internacional de Educacion Musical,NA,2307-4841,2026-04-29,NA,sage2025bibsam
Robotics Reports,NA,2835-0111,2026-04-29,NA,sage2025bibsam
SAGE Open,NA,2158-2440,2026-04-29,NA,sage2025bibsam
Sage Open Aging,NA,2333-7214,2026-04-29,NA,sage2025bibsam
SAGE Open Medical Case Reports,NA,2051-313X,2026-04-29,NA,sage2025bibsam
SAGE Open Medicine,NA,2050-3121,2026-04-29,NA,sage2025bibsam
SAGE Open Nursing,NA,2377-9608,2026-04-29,NA,sage2025bibsam
Sage Open Pathology,NA,2632-010X,2026-04-29,NA,sage2025bibsam
Sage Open Pediatrics,NA,2333-794X,2026-04-29,NA,sage2025bibsam
Scandinavian Journal of Surgery,NA,1799-7267,2026-04-29,NA,sage2025bibsam
"Scars, Burns & Healing",NA,2059-5131,2026-04-29,NA,sage2025bibsam
Science Progress,NA,2047-7163,2026-04-29,NA,sage2025bibsam
Semantic Web,NA,2210-4968,2026-04-29,NA,sage2025bibsam
Social Media + Society,NA,2056-3051,2026-04-29,NA,sage2025bibsam
Socius,NA,2378-0231,2026-04-29,NA,sage2025bibsam
Substance Use: Research and Treatment,NA,1178-2218,2026-04-29,NA,sage2025bibsam
Technology in Cancer Research & Treatment,NA,1533-0338,2026-04-29,NA,sage2025bibsam
Telemedicine Reports,NA,2692-4366,2026-04-29,NA,sage2025bibsam
The International Journal of Biological Markers,NA,1724-6008,2026-04-29,NA,sage2025bibsam
The Journal of Medicine Access,NA,2755-0834,2026-04-29,NA,sage2025bibsam
Therapeutic Advances in Allergy and Rhinology,NA,2152-6567,2026-04-29,NA,sage2025bibsam
Therapeutic Advances in Cardiovascular Disease,NA,1753-9455,2026-04-29,NA,sage2025bibsam
Therapeutic Advances in Chronic Disease,NA,2040-6231,2026-04-29,NA,sage2025bibsam
Therapeutic Advances in Drug Safety,NA,2042-0994,2026-04-29,NA,sage2025bibsam
Therapeutic Advances in Endocrinology and Metabolism,NA,2042-0196,2026-04-29,NA,sage2025bibsam
Therapeutic Advances in Gastroenterology,NA,1756-2848,2026-04-29,NA,sage2025bibsam
Therapeutic Advances in Gastrointestinal Endoscopy,NA,2631-7745,2026-04-29,NA,sage2025bibsam
Therapeutic Advances in Hematology,NA,2040-6215,2026-04-29,NA,sage2025bibsam
Therapeutic Advances in Infectious Disease,NA,2049-937X,2026-04-29,NA,sage2025bibsam
Therapeutic Advances in Medical Oncology,NA,1758-8359,2026-04-29,NA,sage2025bibsam
Therapeutic Advances in Musculoskeletal Disease,NA,1759-7218,2026-04-29,NA,sage2025bibsam
Therapeutic Advances in Neurological Disorders,NA,1756-2864,2026-04-29,NA,sage2025bibsam
Therapeutic Advances in Ophthalmology,NA,2515-8414,2026-04-29,NA,sage2025bibsam
Therapeutic Advances in Psychopharmacology,NA,2045-1261,2026-04-29,NA,sage2025bibsam
Therapeutic Advances in Pulmonary and Critical Care Medicine,NA,2976-8675,2026-04-29,NA,sage2025bibsam
Therapeutic Advances in Rare Disease,NA,2633-0040,2026-04-29,NA,sage2025bibsam
Therapeutic Advances in Reproductive Health,NA,2633-4941,2026-04-29,NA,sage2025bibsam
Therapeutic Advances in Respiratory Disease,NA,1753-4666,2026-04-29,NA,sage2025bibsam
Therapeutic Advances in Urology,NA,1756-2880,2026-04-29,NA,sage2025bibsam
Therapeutic Advances in Vaccines and Immunotherapy,NA,2515-1363,2026-04-29,NA,sage2025bibsam
Tobacco Use Insights,NA,1179-173X,2026-04-29,NA,sage2025bibsam
"Traumaxilla, The",NA,2632-3281,2026-04-29,NA,sage2025bibsam
Trends in Hearing,NA,2331-2165,2026-04-29,NA,sage2025bibsam
Tumor Biology,NA,1423-0380,2026-04-29,NA,sage2025bibsam
Video Journal of Sports Medicine,NA,2635-0254,2026-04-29,NA,sage2025bibsam
Vikalpa,NA,2395-3799,2026-04-29,NA,sage2025bibsam
Women's Health,NA,1745-5065,2026-04-29,NA,sage2025bibsam
Women's Health Reports,NA,2688-4844,2026-04-29,NA,sage2025bibsam
a/b: Auto/Biography Studies,0898-9575,2151-7290,2026-04-30,NA,tf2025bibsam
"Accountability in Research : Ethics, Integrity and Policy",0898-9621,1545-5815,2026-04-30,NA,tf2025bibsam
Accounting and Business Research,0001-4788,2159-4260,2026-04-30,NA,tf2025bibsam
Accounting Education,0963-9284,1468-4489,2026-04-30,NA,tf2025bibsam
Accounting Forum,0155-9982,1467-6303,2026-04-30,NA,tf2025bibsam
Accounting History Review,2155-2851,2155-286X,2026-04-30,NA,tf2025bibsam
Accounting in Europe,1744-9480,1744-9499,2026-04-30,NA,tf2025bibsam
"Acta Agriculturae Scandinavica, Section A Animal Science",0906-4702,1651-1972,2026-04-30,NA,tf2025bibsam
"Acta Agriculturae Scandinavica, Section B Soil & Plant Science",0906-4710,1651-1913,2026-04-30,NA,tf2025bibsam
Acta Borealia : A Nordic Journal of Circumpolar Societies,0800-3831,1503-111X,2026-04-30,NA,tf2025bibsam
Acta Cardiologica,0001-5385,0373-7934,2026-04-30,NA,tf2025bibsam
Acta Chirurgica Belgica,0001-5458,2577-0160,2026-04-30,NA,tf2025bibsam
Acta Clinica Belgica : International Journal of Clinical and Laboratory Medicine,1784-3286,2295-3337,2026-04-30,NA,tf2025bibsam
Acta Linguistica Hafniensia : International Journal of Linguistics,0374-0463,1949-0763,2026-04-30,NA,tf2025bibsam
Acta Oto-Laryngologica,0001-6489,1651-2251,2026-04-30,NA,tf2025bibsam
Acta Oto-Laryngologica Case Reports,NA,2377-2484,2026-04-30,NA,tf2025bibsam
Action in Teacher Education,0162-6620,2158-6098,2026-04-30,NA,tf2025bibsam
"Activities, Adaptation & Aging : Dignified and Purposeful Living for Older Adults",0192-4788,1544-4368,2026-04-30,NA,tf2025bibsam
Addiction Research & Theory,1606-6359,1476-7392,2026-04-30,NA,tf2025bibsam
Adipocyte,2162-3945,2162-397X,2026-04-30,NA,tf2025bibsam
Administrative Theory & Praxis,1084-1806,1949-0461,2026-04-30,NA,tf2025bibsam
Adoption Quarterly,1092-6755,1544-452X,2026-04-30,NA,tf2025bibsam
Advanced Composite Materials,0924-3046,1568-5519,2026-04-30,NA,tf2025bibsam
Advanced Manufacturing: Polymer & Composites Science,2055-0340,2055-0359,2026-04-30,NA,tf2025bibsam
Advanced Robotics,0169-1864,1568-5535,2026-04-30,NA,tf2025bibsam
Advances in Building Energy Research,1751-2549,1756-2201,2026-04-30,NA,tf2025bibsam
Advances in Materials and Processing Technologies,2374-068X,2374-0698,2026-04-30,NA,tf2025bibsam
"Advances in Mental Health : Promotion, Prevention and Early Intervention",1838-7357,1837-4905,2026-04-30,NA,tf2025bibsam
Advances in Nineteenth-Century Research,NA,3066-5906,2026-04-30,NA,tf2025bibsam
"Advances in Physics: Astronomy, Astrophysics and Particle Physics",NA,2994-0842,2026-04-30,NA,tf2025bibsam
Advances in Physics: X,NA,2374-6149,2026-04-30,NA,tf2025bibsam
Aerosol Science and Technology,0278-6826,1521-7388,2026-04-30,NA,tf2025bibsam
Africa Education Review,1814-6627,1753-5921,2026-04-30,NA,tf2025bibsam
Africa Journal of Management,2332-2373,2332-2381,2026-04-30,NA,tf2025bibsam
African and Black Diaspora: An International Journal,1752-8631,1752-864X,2026-04-30,NA,tf2025bibsam
African Geographical Review,1937-6812,2163-2642,2026-04-30,NA,tf2025bibsam
African Historical Review,1753-2523,1753-2531,2026-04-30,NA,tf2025bibsam
African Identities,1472-5843,1472-5851,2026-04-30,NA,tf2025bibsam
African Journal of AIDS Research,1608-5906,1727-9445,2026-04-30,NA,tf2025bibsam
African Journal of Aquatic Science,1608-5914,1727-9364,2026-04-30,NA,tf2025bibsam
African Journal of Herpetology,2156-4574,2153-3660,2026-04-30,NA,tf2025bibsam
African Journal of Marine Science,1814-232X,1814-2338,2026-04-30,NA,tf2025bibsam
African Journal of Range & Forage Science,1022-0119,1727-9380,2026-04-30,NA,tf2025bibsam
"African Journal of Research in Mathematics, Science and Technology Education",1811-7295,2469-7656,2026-04-30,NA,tf2025bibsam
"African Journal of Science, Technology, Innovation and Development",2042-1338,2042-1346,2026-04-30,NA,tf2025bibsam
African Journalism Studies,2374-3670,2374-3689,2026-04-30,NA,tf2025bibsam
African Security,1939-2206,1939-2214,2026-04-30,NA,tf2025bibsam
African Security Review,1024-6029,2154-0128,2026-04-30,NA,tf2025bibsam
African Zoology,1562-7020,2224-073X,2026-04-30,NA,tf2025bibsam
Agenda : Empowering women for gender equity,1013-0950,2158-978X,2026-04-30,NA,tf2025bibsam
"Aging, Neuropsychology, and Cognition : A Journal on Normal and Dysfunctional Development",1382-5585,1744-4128,2026-04-30,NA,tf2025bibsam
"Agrekon : Agricultural Economics Research, Policy and Practice in Southern Africa",0303-1853,2078-0400,2026-04-30,NA,tf2025bibsam
Agroecology and Sustainable Food Systems,2168-3565,2168-3573,2026-04-30,NA,tf2025bibsam
AICCM Bulletin,1034-4233,2204-4183,2026-04-30,NA,tf2025bibsam
AIDS Care : Psychological and Socio-medical Aspects of AIDS/HIV,0954-0121,1360-0451,2026-04-30,NA,tf2025bibsam
AJOB Empirical Bioethics,2329-4515,2329-4523,2026-04-30,NA,tf2025bibsam
AJOB Neuroscience,2150-7740,2150-7759,2026-04-30,NA,tf2025bibsam
AKCE International Journal of Graphs and Combinatorics,0972-8600,2543-3474,2026-04-30,NA,tf2025bibsam
Alcheringa: An Australasian Journal of Palaeontology,0311-5518,1752-0754,2026-04-30,NA,tf2025bibsam
Alcoholism Treatment Quarterly,0734-7324,1544-4538,2026-04-30,NA,tf2025bibsam
All Earth,NA,2766-9645,2026-04-30,NA,tf2025bibsam
All Life,2689-5293,2689-5307,2026-04-30,NA,tf2025bibsam
Ambix,0002-6980,1745-8234,2026-04-30,NA,tf2025bibsam
Amerasia Journal,0044-7471,NA,2026-04-30,NA,tf2025bibsam
American Communist History,1474-3892,1474-3906,2026-04-30,NA,tf2025bibsam
American Journal of Clinical Hypnosis,0002-9157,2160-0562,2026-04-30,NA,tf2025bibsam
American Journal of Distance Education,0892-3647,1538-9286,2026-04-30,NA,tf2025bibsam
American Journal of Health Education,1932-5037,2168-3751,2026-04-30,NA,tf2025bibsam
American Journal of Mathematical and Management Sciences,0196-6324,2325-8454,2026-04-30,NA,tf2025bibsam
American Journal of Sexuality Education,1554-6128,1554-6136,2026-04-30,NA,tf2025bibsam
American Journal on Intellectual and Developmental Disabilities,1944-7515,1944-7558,2026-04-30,NA,tf2025bibsam
American Journalism,0882-1127,2326-2486,2026-04-30,NA,tf2025bibsam
American Review of Canadian Studies,0272-2011,1943-9954,2026-04-30,NA,tf2025bibsam
Amyloid : The Journal of Protein Folding Disorders,1350-6129,1744-2818,2026-04-30,NA,tf2025bibsam
Amyotrophic Lateral Sclerosis and Frontotemporal Degeneration,2167-8421,2167-9223,2026-04-30,NA,tf2025bibsam
Analytical Letters,0003-2719,1532-236X,2026-04-30,NA,tf2025bibsam
Anatolia : An International Journal of Tourism and Hospitality Research,1303-2917,2156-6909,2026-04-30,NA,tf2025bibsam
Animal Biotechnology,1049-5398,1532-2378,2026-04-30,NA,tf2025bibsam
Animal Cells and Systems,1976-8354,2151-2485,2026-04-30,NA,tf2025bibsam
Annales de la Soci t entomologique de France (N.S.) : International Journal of Entomology,0037-9271,2168-6351,2026-04-30,NA,tf2025bibsam
Annals of GIS,1947-5683,1947-5691,2026-04-30,NA,tf2025bibsam
Annals of Human Biology,0301-4460,1464-5033,2026-04-30,NA,tf2025bibsam
Annals of Leisure Research,1174-5398,2159-6816,2026-04-30,NA,tf2025bibsam
Annals of Medicine,0785-3890,1365-2060,2026-04-30,NA,tf2025bibsam
Annals of Science,0003-3790,1464-505X,2026-04-30,NA,tf2025bibsam
Annals of the American Association of Geographers,2469-4452,2469-4460,2026-04-30,NA,tf2025bibsam
"ANQ: A Quarterly Journal of Short Articles, Notes and Reviews",0895-769X,1940-3364,2026-04-30,NA,tf2025bibsam
Anthropology Now,1942-8200,1949-2901,2026-04-30,NA,tf2025bibsam
Anthropology Southern Africa,2332-3256,2332-3264,2026-04-30,NA,tf2025bibsam
Anthrozo s : A multidisciplinary journal of the interactions between people and other animals,0892-7936,1753-0377,2026-04-30,NA,tf2025bibsam
"Anxiety, Stress, & Coping : An International Journal",1061-5806,1477-2205,2026-04-30,NA,tf2025bibsam
Aphasiology,0268-7038,1464-5041,2026-04-30,NA,tf2025bibsam
Applicable Analysis : An International Journal,0003-6811,1563-504X,2026-04-30,NA,tf2025bibsam
Applied Artificial Intelligence : An International Journal,0883-9514,1087-6545,2026-04-30,NA,tf2025bibsam
Applied Developmental Science,1088-8691,1532-480X,2026-04-30,NA,tf2025bibsam
Applied Economics,0003-6846,1466-4283,2026-04-30,NA,tf2025bibsam
Applied Economics Letters,1350-4851,1466-4291,2026-04-30,NA,tf2025bibsam
Applied Environmental Education & Communication,1533-015X,1533-0389,2026-04-30,NA,tf2025bibsam
Applied Mathematical Finance,1350-486X,1466-4313,2026-04-30,NA,tf2025bibsam
Applied Mathematics in Science and Engineering,NA,2769-0911,2026-04-30,NA,tf2025bibsam
Applied Measurement in Education,0895-7347,1532-4818,2026-04-30,NA,tf2025bibsam
Applied Mobilities,2380-0127,2380-0135,2026-04-30,NA,tf2025bibsam
Applied Neuropsychology: Adult,2327-9095,2327-9109,2026-04-30,NA,tf2025bibsam
Applied Neuropsychology: Child,2162-2965,2162-2973,2026-04-30,NA,tf2025bibsam
Applied Operations and Analytics,NA,2996-6892,2026-04-30,NA,tf2025bibsam
Applied Phycology,NA,2638-8081,2026-04-30,NA,tf2025bibsam
Applied Spectroscopy Reviews,0570-4928,1520-569X,2026-04-30,NA,tf2025bibsam
Aquaculture Economics & Management,1365-7305,1551-8663,2026-04-30,NA,tf2025bibsam
Aquatic Insects : International Journal of Freshwater Entomology,0165-0424,1744-4152,2026-04-30,NA,tf2025bibsam
Arab Journal of Basic and Applied Sciences,NA,2576-5299,2026-04-30,NA,tf2025bibsam
Arab Journal of Urology : An International Journal,NA,2090-5998,2026-04-30,NA,tf2025bibsam
Arboricultural Journal : The International Journal of Urban Forestry,0307-1375,2168-1074,2026-04-30,NA,tf2025bibsam
Archaeological Journal,0066-5983,2373-2288,2026-04-30,NA,tf2025bibsam
Architectural Engineering and Design Management,1745-2007,1752-7589,2026-04-30,NA,tf2025bibsam
Architectural Science Review,0003-8628,1758-9622,2026-04-30,NA,tf2025bibsam
Architectural Theory Review,1326-4826,1755-0475,2026-04-30,NA,tf2025bibsam
Architecture and Culture,2050-7828,2050-7836,2026-04-30,NA,tf2025bibsam
Archives and Records : The Journal of the Archives and Records Association,2325-7962,2325-7989,2026-04-30,NA,tf2025bibsam
Archives of Agronomy and Soil Science,0365-0340,1476-3567,2026-04-30,NA,tf2025bibsam
Archives of Animal Nutrition,1745-039X,1477-2817,2026-04-30,NA,tf2025bibsam
Archives of Environmental & Occupational Health,1933-8244,2154-4700,2026-04-30,NA,tf2025bibsam
Archives of Physiology and Biochemistry : The Journal of Metabolic Diseases,1381-3455,1744-4160,2026-04-30,NA,tf2025bibsam
Archives of Phytopathology and Plant Protection,0323-5408,1477-2906,2026-04-30,NA,tf2025bibsam
Archives of Suicide Research,1381-1118,1543-6136,2026-04-30,NA,tf2025bibsam
"Arctic, Antarctic, and Alpine Research : An Interdisciplinary Journal",1523-0430,1938-4246,2026-04-30,NA,tf2025bibsam
Area Development and Policy,2379-2949,2379-2957,2026-04-30,NA,tf2025bibsam
Argumentation and Advocacy,1051-1431,2576-8476,2026-04-30,NA,tf2025bibsam
Arid Land Research and Management,1532-4982,1532-4990,2026-04-30,NA,tf2025bibsam
Arms & Armour,1741-6124,1749-6268,2026-04-30,NA,tf2025bibsam
Art Education,0004-3125,2325-5161,2026-04-30,NA,tf2025bibsam
Art in Translation,NA,1756-1310,2026-04-30,NA,tf2025bibsam
Art Journal,0004-3249,2325-5307,2026-04-30,NA,tf2025bibsam
Art Therapy : Journal of the American Art Therapy Association,0742-1656,2159-9394,2026-04-30,NA,tf2025bibsam
"Artificial Cells, Nanomedicine, and Biotechnology : An International Journal",2169-1401,2169-141X,2026-04-30,NA,tf2025bibsam
"Arts & Health : An International Journal for Research, Policy and Practice",1753-3015,1753-3023,2026-04-30,NA,tf2025bibsam
Arts Education Policy Review,1063-2913,1940-4395,2026-04-30,NA,tf2025bibsam
ASA Discoveries,NA,3068-1618,2026-04-30,NA,tf2025bibsam
Asia Pacific Journal of Counselling and Psychotherapy,2150-7686,2150-7708,2026-04-30,NA,tf2025bibsam
Asia Pacific Journal of Public Administration,2327-6665,2327-6673,2026-04-30,NA,tf2025bibsam
Asia Pacific Journal of Social Work and Development,2994-9769,2165-0993,2026-04-30,NA,tf2025bibsam
Asia Pacific Journal of Tourism Research,1094-1665,1741-6507,2026-04-30,NA,tf2025bibsam
Asia Pacific Law Review,1019-2557,1875-8444,2026-04-30,NA,tf2025bibsam
Asia Pacific Translation and Intercultural Studies,2330-6343,2330-6351,2026-04-30,NA,tf2025bibsam
Asia-Pacific Journal of Accounting & Economics,1608-1625,2164-2257,2026-04-30,NA,tf2025bibsam
Asian Affairs,0306-8374,1477-1500,2026-04-30,NA,tf2025bibsam
Asian Anthropology,1683-478X,2168-4227,2026-04-30,NA,tf2025bibsam
Asian Englishes,1348-8678,2331-2548,2026-04-30,NA,tf2025bibsam
Asian Ethnicity,1463-1369,1469-2953,2026-04-30,NA,tf2025bibsam
Asian Geographer,1022-5706,2158-1762,2026-04-30,NA,tf2025bibsam
Asian Journal of Communication,0129-2986,1742-0911,2026-04-30,NA,tf2025bibsam
Asian Journal of Middle Eastern and Islamic Studies,2576-5949,2576-5957,2026-04-30,NA,tf2025bibsam
Asian Journal of Political Science,0218-5377,1750-7812,2026-04-30,NA,tf2025bibsam
Asian Journal of Sport History & Culture,2769-0148,2769-0156,2026-04-30,NA,tf2025bibsam
Asian Journal of Technology Innovation,1976-1597,2158-6721,2026-04-30,NA,tf2025bibsam
Asian Journal of Women's Studies,1225-9276,2377-004X,2026-04-30,NA,tf2025bibsam
Asian Population Studies,1744-1730,1744-1749,2026-04-30,NA,tf2025bibsam
ASN Neuro,NA,1759-0914,2026-04-30,NA,tf2025bibsam
Assessment & Evaluation in Higher Education,0260-2938,1469-297X,2026-04-30,NA,tf2025bibsam
"Assessment in Education: Principles, Policy & Practice",0969-594X,1465-329X,2026-04-30,NA,tf2025bibsam
Assistive Technology : The Official Journal of RESNA,1040-0435,1949-3614,2026-04-30,NA,tf2025bibsam
Atlantic Journal of Communication,1545-6870,1545-6889,2026-04-30,NA,tf2025bibsam
Atlantic Studies : Global Currents,1478-8810,1740-4649,2026-04-30,NA,tf2025bibsam
Atmosphere-Ocean,0705-5900,1480-9214,2026-04-30,NA,tf2025bibsam
Attachment & Human Development,1461-6734,1469-2988,2026-04-30,NA,tf2025bibsam
Auditory Perception & Cognition,2574-2442,2574-2450,2026-04-30,NA,tf2025bibsam
Augmentative and Alternative Communication,0743-4618,1477-3848,2026-04-30,NA,tf2025bibsam
Australasian Journal of Engineering Education,2205-4952,1325-4340,2026-04-30,NA,tf2025bibsam
Australasian Journal of Environmental Management,1448-6563,2159-5356,2026-04-30,NA,tf2025bibsam
Australasian Journal of Philosophy,0004-8402,1471-6828,2026-04-30,NA,tf2025bibsam
Australasian Journal of Water Resources,1324-1583,2204-227X,2026-04-30,NA,tf2025bibsam
Australasian Philosophical Review,2474-0500,2474-0519,2026-04-30,NA,tf2025bibsam
Australian and New Zealand Journal of Art,1443-4318,2203-1871,2026-04-30,NA,tf2025bibsam
Australian Archaeology,0312-2417,2470-0363,2026-04-30,NA,tf2025bibsam
Australian Feminist Law Journal,1320-0968,2204-0064,2026-04-30,NA,tf2025bibsam
Australian Feminist Studies,0816-4649,1465-3303,2026-04-30,NA,tf2025bibsam
Australian Forestry,0004-9158,2325-6087,2026-04-30,NA,tf2025bibsam
Australian Geographer,0004-9182,1465-3311,2026-04-30,NA,tf2025bibsam
Australian Historical Studies,1031-461X,1940-5049,2026-04-30,NA,tf2025bibsam
Australian Journal of Civil Engineering,1448-8353,2204-2245,2026-04-30,NA,tf2025bibsam
Australian Journal of Earth Sciences : An International Geoscience Journal of the Geological Society of Australia,0812-0099,1440-0952,2026-04-30,NA,tf2025bibsam
Australian Journal of Electrical and Electronics Engineering,1448-837X,2205-362X,2026-04-30,NA,tf2025bibsam
Australian Journal of Forensic Sciences,0045-0618,1834-562X,2026-04-30,NA,tf2025bibsam
Australian Journal of Human Rights,1323-238X,2573-573X,2026-04-30,NA,tf2025bibsam
Australian Journal of Learning Difficulties,1940-4158,1940-4166,2026-04-30,NA,tf2025bibsam
Australian Journal of Maritime & Ocean Affairs,1836-6503,2333-6498,2026-04-30,NA,tf2025bibsam
Australian Journal of Mechanical Engineering,1448-4846,2204-2253,2026-04-30,NA,tf2025bibsam
Australian Journal of Multi-Disciplinary Engineering,1448-8388,2204-2180,2026-04-30,NA,tf2025bibsam
Australian Journal of Psychology,0004-9530,1742-9536,2026-04-30,NA,tf2025bibsam
Australian Journal of Structural Engineering,1328-7982,2204-2261,2026-04-30,NA,tf2025bibsam
Australian Planner,0729-3682,2150-6841,2026-04-30,NA,tf2025bibsam
Australian Psychologist,0005-0067,1742-9544,2026-04-30,NA,tf2025bibsam
Australian Social Work,0312-407X,1447-0748,2026-04-30,NA,tf2025bibsam
Autoimmunity,0891-6934,1607-842X,2026-04-30,NA,tf2025bibsam
"Automatika : Journal for Control, Measurement, Electronics, Computing and Communications",0005-1144,1848-3380,2026-04-30,NA,tf2025bibsam
Autophagy,1554-8627,1554-8635,2026-04-30,NA,tf2025bibsam
Autophagy Reports,NA,2769-4127,2026-04-30,NA,tf2025bibsam
awpa Pacha : Journal of the Institute of Andean Studies,0077-6297,2051-6207,2026-04-30,NA,tf2025bibsam
Azania: Archaeological Research in Africa,0067-270X,1945-5534,2026-04-30,NA,tf2025bibsam
Baltic Journal of Economics,1406-099X,2334-4385,2026-04-30,NA,tf2025bibsam
Baptist Quarterly,0005-576X,2056-7731,2026-04-30,NA,tf2025bibsam
Basic and Applied Social Psychology,0197-3533,1532-4834,2026-04-30,NA,tf2025bibsam
Baylor University Medical Center Proceedings : The peer-reviewed journal of Baylor Scott & White Health,0899-8280,1525-3252,2026-04-30,NA,tf2025bibsam
Bee World,0005-772X,2376-7618,2026-04-30,NA,tf2025bibsam
Behavioral Medicine,0896-4289,1940-4026,2026-04-30,NA,tf2025bibsam
Behavioral Sciences of Terrorism and Political Aggression,1943-4472,1943-4480,2026-04-30,NA,tf2025bibsam
Behavioral Sleep Medicine,1540-2002,1540-2010,2026-04-30,NA,tf2025bibsam
Behaviour & Information Technology,0144-929X,1362-3001,2026-04-30,NA,tf2025bibsam
Big Earth Data,2096-4471,2574-5417,2026-04-30,NA,tf2025bibsam
Bilingual Research Journal : The Journal of the National Association for Bilingual Education,1523-5882,1523-5890,2026-04-30,NA,tf2025bibsam
Bioacoustics : The International Journal of Animal Sound and its Recording,0952-4622,2165-0586,2026-04-30,NA,tf2025bibsam
Bioanalysis,1757-6180,1757-6199,2026-04-30,NA,tf2025bibsam
Biocatalysis and Biotransformation,1024-2422,1029-2446,2026-04-30,NA,tf2025bibsam
Biocontrol Science and Technology,0958-3157,1360-0478,2026-04-30,NA,tf2025bibsam
Biodemography and Social Biology,1948-5565,1948-5573,2026-04-30,NA,tf2025bibsam
Biodiversity,1488-8386,2160-0651,2026-04-30,NA,tf2025bibsam
Bioengineered,2165-5979,2165-5987,2026-04-30,NA,tf2025bibsam
Biofouling : The Journal of Bioadhesion and Biofilm Research,0892-7014,1029-2454,2026-04-30,NA,tf2025bibsam
Biofuels,1759-7269,1759-7277,2026-04-30,NA,tf2025bibsam
Biological Agriculture & Horticulture : An International Journal for Sustainable Production Systems,0144-8765,2165-0616,2026-04-30,NA,tf2025bibsam
Biological Rhythm Research,0929-1016,1744-4179,2026-04-30,NA,tf2025bibsam
Biomarkers,1354-750X,1366-5804,2026-04-30,NA,tf2025bibsam
Biomarkers in Medicine,1752-0363,1752-0371,2026-04-30,NA,tf2025bibsam
Bioremediation Journal,1088-9868,1547-6529,2026-04-30,NA,tf2025bibsam
Biostatistics & Epidemiology,2470-9360,2470-9379,2026-04-30,NA,tf2025bibsam
Biotechnic & Histochemistry,1052-0295,1473-7760,2026-04-30,NA,tf2025bibsam
BioTechniques,0736-6205,1940-9818,2026-04-30,NA,tf2025bibsam
Biotechnology & Biotechnological Equipment,1310-2818,1314-3530,2026-04-30,NA,tf2025bibsam
Biotechnology and Genetic Engineering Reviews,0264-8725,2046-5556,2026-04-30,NA,tf2025bibsam
Bird Study,0006-3657,1944-6705,2026-04-30,NA,tf2025bibsam
Black Histories : Dialogues,2832-5281,2832-529X,2026-04-30,NA,tf2025bibsam
Black Theology : An International Journal,1476-9948,1743-1670,2026-04-30,NA,tf2025bibsam
Blood Pressure,0803-7051,1651-1999,2026-04-30,NA,tf2025bibsam
"Body, Movement and Dance in Psychotherapy : An International Journal for Theory, Research and Practice",1743-2979,1743-2987,2026-04-30,NA,tf2025bibsam
Botany Letters,2381-8107,2381-8115,2026-04-30,NA,tf2025bibsam
Brain Injury,0269-9052,1362-301X,2026-04-30,NA,tf2025bibsam
Brain-Apparatus Communication: A Journal of Bacomics,NA,2770-6710,2026-04-30,NA,tf2025bibsam
British Journal for the History of Mathematics,2637-5451,2637-5494,2026-04-30,NA,tf2025bibsam
British Journal for the History of Philosophy,0960-8788,1469-3526,2026-04-30,NA,tf2025bibsam
British Journal of Educational Studies,0007-1005,1467-8527,2026-04-30,NA,tf2025bibsam
British Journal of Guidance & Counselling,0306-9885,1469-3534,2026-04-30,NA,tf2025bibsam
British Journal of Middle Eastern Studies,1353-0194,1469-3542,2026-04-30,NA,tf2025bibsam
British Journal of Neurosurgery,0268-8697,1360-046X,2026-04-30,NA,tf2025bibsam
British Journal of Religious Education,0141-6200,1740-7931,2026-04-30,NA,tf2025bibsam
British Journal of Sociology of Education,0142-5692,1465-3346,2026-04-30,NA,tf2025bibsam
British Poultry Abstracts,1746-6202,1746-6210,2026-04-30,NA,tf2025bibsam
British Poultry Science,0007-1668,1466-1799,2026-04-30,NA,tf2025bibsam
Bront Studies : The Journal of the Bront Society,1474-8932,1745-8226,2026-04-30,NA,tf2025bibsam
Building Research & Information,0961-3218,1466-4321,2026-04-30,NA,tf2025bibsam
Bulletin of Indonesian Economic Studies,0007-4918,1472-7234,2026-04-30,NA,tf2025bibsam
Bulletin of Spanish Visual Studies,2474-1604,2474-1612,2026-04-30,NA,tf2025bibsam
Bulletin of the Atomic Scientists,0096-3402,1938-3282,2026-04-30,NA,tf2025bibsam
California Archaeology,1947-461X,1947-4628,2026-04-30,NA,tf2025bibsam
Cambridge Journal of Education,0305-764X,1469-3577,2026-04-30,NA,tf2025bibsam
Cambridge Review of International Affairs,0955-7571,1474-449X,2026-04-30,NA,tf2025bibsam
Canadian Foreign Policy Journal,1192-6422,2157-0817,2026-04-30,NA,tf2025bibsam
Canadian Journal of African Studies / Revue canadienne des tudes africaines,0008-3968,1923-3051,2026-04-30,NA,tf2025bibsam
"Canadian Journal of Art Therapy : Research, Practice, and Issues",2690-7240,2690-7267,2026-04-30,NA,tf2025bibsam
Canadian Journal of Development Studies / Revue canadienne d' tudes du d veloppement,0225-5189,2158-9100,2026-04-30,NA,tf2025bibsam
Canadian Journal of Latin American and Caribbean Studies / Revue canadienne des tudes latino-am ricaines et cara bes,0826-3663,2333-1461,2026-04-30,NA,tf2025bibsam
Canadian Journal of Pain : Revue canadienne de la douleur,NA,2474-0527,2026-04-30,NA,tf2025bibsam
Canadian Journal of Plant Pathology,0706-0661,1715-2992,2026-04-30,NA,tf2025bibsam
Canadian Journal of Remote Sensing : Journal canadien de t l d tection,0703-8992,1712-7971,2026-04-30,NA,tf2025bibsam
"Canadian Journal of Respiratory, Critical Care, and Sleep Medicine : Revue canadienne des soins respiratoires et critiques et de la m decine du sommeil",2474-5332,2474-5340,2026-04-30,NA,tf2025bibsam
Canadian Metallurgical Quarterly : The Canadian Journal of Metallurgy and Materials Science,0008-4433,1879-1395,2026-04-30,NA,tf2025bibsam
Canadian Slavonic Papers : Revue Canadienne des Slavistes,0008-5006,2375-2475,2026-04-30,NA,tf2025bibsam
Canadian Society of Forensic Science Journal,0008-5030,2332-1660,2026-04-30,NA,tf2025bibsam
Canadian Water Resources Journal / Revue canadienne des ressources hydriques,0701-1784,1918-1817,2026-04-30,NA,tf2025bibsam
Cancer Biology & Therapy,1538-4047,1555-8576,2026-04-30,NA,tf2025bibsam
Cancer Investigation,0735-7907,1532-4192,2026-04-30,NA,tf2025bibsam
Cancer Survivorship Research & Care,NA,2835-2610,2026-04-30,NA,tf2025bibsam
Capitalism Nature Socialism,1045-5752,1548-3290,2026-04-30,NA,tf2025bibsam
Carbon Management,1758-3004,1758-3012,2026-04-30,NA,tf2025bibsam
Caribbean Quarterly : A Journal of Caribbean Culture,0008-6495,2470-6302,2026-04-30,NA,tf2025bibsam
Cartography and Geographic Information Science,1523-0406,1545-0465,2026-04-30,NA,tf2025bibsam
Case Reports in Plastic Surgery and Hand Surgery,NA,2332-0885,2026-04-30,NA,tf2025bibsam
Cataloging & Classification Quarterly,0163-9374,1544-4554,2026-04-30,NA,tf2025bibsam
Catalysis Reviews : Science and Engineering,0161-4940,1520-5703,2026-04-30,NA,tf2025bibsam
Celebrity Studies,1939-2397,1939-2400,2026-04-30,NA,tf2025bibsam
Cell Adhesion & Migration,1933-6918,1933-6926,2026-04-30,NA,tf2025bibsam
Cell Cycle,1538-4101,1551-4005,2026-04-30,NA,tf2025bibsam
Central Asian Survey,0263-4937,1465-3354,2026-04-30,NA,tf2025bibsam
Central Europe,1479-0963,1745-8218,2026-04-30,NA,tf2025bibsam
Challenge,0577-5132,1558-1489,2026-04-30,NA,tf2025bibsam
CHANCE,0933-2480,1867-2280,2026-04-30,NA,tf2025bibsam
Change: The Magazine of Higher Learning,0009-1383,1939-9146,2026-04-30,NA,tf2025bibsam
Changing English : Studies in Culture and Education,1358-684X,1469-3585,2026-04-30,NA,tf2025bibsam
Channels,1933-6950,1933-6969,2026-04-30,NA,tf2025bibsam
Chemical Engineering Communications,0098-6445,1563-5201,2026-04-30,NA,tf2025bibsam
Chemistry and Ecology,0275-7540,1029-0370,2026-04-30,NA,tf2025bibsam
Child & Family Behavior Therapy,0731-7107,1545-228X,2026-04-30,NA,tf2025bibsam
Child & Youth Services,0145-935X,1545-2298,2026-04-30,NA,tf2025bibsam
Child Care in Practice,1357-5279,1476-489X,2026-04-30,NA,tf2025bibsam
Child Neuropsychology : A Journal on Normal and Abnormal Development in Childhood and Adolescence,0929-7049,1744-4136,2026-04-30,NA,tf2025bibsam
Childhood Education,0009-4056,2162-0725,2026-04-30,NA,tf2025bibsam
Childhood in the Past : An International Journal,1758-5716,2040-8528,2026-04-30,NA,tf2025bibsam
Children's Geographies,1473-3285,1473-3277,2026-04-30,NA,tf2025bibsam
Children's Health Care,0273-9615,1532-6888,2026-04-30,NA,tf2025bibsam
China Economic Journal,1753-8963,1753-8971,2026-04-30,NA,tf2025bibsam
China Journal of Accounting Studies,2169-7213,2169-7221,2026-04-30,NA,tf2025bibsam
China Journal of Social Work,1752-5098,1752-5101,2026-04-30,NA,tf2025bibsam
Chinese Journal of Communication,1754-4750,1754-4769,2026-04-30,NA,tf2025bibsam
Chinese Literature and Thought Today,2768-3524,2768-3532,2026-04-30,NA,tf2025bibsam
Chinese Sociological Review,2162-0555,2162-0563,2026-04-30,NA,tf2025bibsam
Christian Higher Education,1536-3759,1539-4107,2026-04-30,NA,tf2025bibsam
Chronobiology International : The Journal of Biological and Medical Rhythm Research,0742-0528,1525-6073,2026-04-30,NA,tf2025bibsam
"Church, Communication and Culture",2375-3234,2375-3242,2026-04-30,NA,tf2025bibsam
CIM Journal,1923-6026,2689-8403,2026-04-30,NA,tf2025bibsam
Cities & Health,2374-8834,2374-8842,2026-04-30,NA,tf2025bibsam
"City : Analysis of Urban Change, Theory, Action",1360-4813,1470-3629,2026-04-30,NA,tf2025bibsam
Civil Engineering and Environmental Systems,1028-6608,1029-0249,2026-04-30,NA,tf2025bibsam
Civil Wars,1369-8249,1743-968X,2026-04-30,NA,tf2025bibsam
Classroom Discourse,1946-3014,1946-3022,2026-04-30,NA,tf2025bibsam
Climacteric,1369-7137,1473-0804,2026-04-30,NA,tf2025bibsam
Climate and Development,1756-5529,1756-5537,2026-04-30,NA,tf2025bibsam
Climate Interactions : An Elevate Journal,NA,2996-6876,2026-04-30,NA,tf2025bibsam
Climate Policy,1469-3062,1752-7457,2026-04-30,NA,tf2025bibsam
Clinical and Experimental Hypertension,1064-1963,1525-6006,2026-04-30,NA,tf2025bibsam
Clinical and Experimental Optometry,0816-4622,1444-0938,2026-04-30,NA,tf2025bibsam
Clinical and Investigative Orthodontics,2770-5781,2770-579X,2026-04-30,NA,tf2025bibsam
Clinical Gerontologist,0731-7115,1545-2301,2026-04-30,NA,tf2025bibsam
Clinical Linguistics & Phonetics,0269-9206,1464-5076,2026-04-30,NA,tf2025bibsam
Clinical Psychologist,1328-4207,1742-9552,2026-04-30,NA,tf2025bibsam
Clinical Toxicology,1556-3650,1556-9519,2026-04-30,NA,tf2025bibsam
CNS Oncology,2045-0907,2045-0915,2026-04-30,NA,tf2025bibsam
"Coaching: An International Journal of Theory, Research and Practice",1752-1882,1752-1890,2026-04-30,NA,tf2025bibsam
Coastal Engineering Journal,2166-4250,1793-6292,2026-04-30,NA,tf2025bibsam
Coastal Management,0892-0753,1521-0421,2026-04-30,NA,tf2025bibsam
Cochlear Implants International : An Interdisciplinary Journal for Implantable Hearing Devices,1467-0100,1754-7628,2026-04-30,NA,tf2025bibsam
CoDesign : International Journal of CoCreation in Design and the Arts,1571-0882,1745-3755,2026-04-30,NA,tf2025bibsam
Cogent Arts & Humanities,NA,2331-1983,2026-04-30,NA,tf2025bibsam
Cogent Business & Management,NA,2331-1975,2026-04-30,NA,tf2025bibsam
Cogent Economics & Finance,NA,2332-2039,2026-04-30,NA,tf2025bibsam
Cogent Education,NA,2331-186X,2026-04-30,NA,tf2025bibsam
Cogent Engineering,NA,2331-1916,2026-04-30,NA,tf2025bibsam
Cogent Food & Agriculture,NA,2331-1932,2026-04-30,NA,tf2025bibsam
Cogent Gerontology,NA,2832-4897,2026-04-30,NA,tf2025bibsam
Cogent Mental Health,NA,2832-4765,2026-04-30,NA,tf2025bibsam
Cogent Psychology,NA,2331-1908,2026-04-30,NA,tf2025bibsam
Cogent Social Sciences,NA,2331-1886,2026-04-30,NA,tf2025bibsam
Cognition and Emotion,0269-9931,1464-0600,2026-04-30,NA,tf2025bibsam
Cognition and Instruction,0737-0008,1532-690X,2026-04-30,NA,tf2025bibsam
Cognitive Behaviour Therapy,1650-6073,1651-2316,2026-04-30,NA,tf2025bibsam
Cognitive Neuropsychiatry,1354-6805,1464-0619,2026-04-30,NA,tf2025bibsam
Cognitive Neuropsychology,0264-3294,1464-0627,2026-04-30,NA,tf2025bibsam
"Cognitive Neuroscience : Current Debates, Research & Reports",1758-8928,1758-8936,2026-04-30,NA,tf2025bibsam
Cold War History,1468-2745,1743-7962,2026-04-30,NA,tf2025bibsam
Collection Management,0146-2679,1545-2549,2026-04-30,NA,tf2025bibsam
College & Undergraduate Libraries,1069-1316,1545-2530,2026-04-30,NA,tf2025bibsam
College Teaching,8756-7555,1930-8299,2026-04-30,NA,tf2025bibsam
Colonial Latin American Review,1060-9164,1466-1802,2026-04-30,NA,tf2025bibsam
Colorectal Cancer,1758-194X,1758-1958,2026-04-30,NA,tf2025bibsam
Combustion Science and Technology,0010-2202,1563-521X,2026-04-30,NA,tf2025bibsam
Combustion Theory and Modelling,1364-7830,1741-3559,2026-04-30,NA,tf2025bibsam
Comedy Studies,2040-610X,2040-6118,2026-04-30,NA,tf2025bibsam
Comments on Inorganic Chemistry : A Journal of Critical Discussion of the Current Literature,0260-3594,1548-9574,2026-04-30,NA,tf2025bibsam
Commonwealth & Comparative Politics,1466-2043,1743-9094,2026-04-30,NA,tf2025bibsam
Communicatio : South African Journal for Communication Theory and Research,0250-0167,1753-5379,2026-04-30,NA,tf2025bibsam
Communication and Critical/Cultural Studies,1479-1420,1479-4233,2026-04-30,NA,tf2025bibsam
Communication and Democracy,2767-1127,2767-1135,2026-04-30,NA,tf2025bibsam
Communication and Race,2834-6955,2834-6947,2026-04-30,NA,tf2025bibsam
Communication Booknotes Quarterly,1094-8007,1532-6896,2026-04-30,NA,tf2025bibsam
Communication Education,0363-4523,1479-5795,2026-04-30,NA,tf2025bibsam
Communication Law and Policy,1081-1680,1532-6926,2026-04-30,NA,tf2025bibsam
Communication Methods and Measures,1931-2458,1931-2466,2026-04-30,NA,tf2025bibsam
Communication Monographs,0363-7751,1479-5787,2026-04-30,NA,tf2025bibsam
Communication Quarterly,0146-3373,1746-4102,2026-04-30,NA,tf2025bibsam
Communication Reports,0893-4215,1745-1043,2026-04-30,NA,tf2025bibsam
Communication Research and Practice,2204-1451,2206-3374,2026-04-30,NA,tf2025bibsam
Communication Research Reports,0882-4096,1746-4099,2026-04-30,NA,tf2025bibsam
Communication Studies,1051-0974,1745-1035,2026-04-30,NA,tf2025bibsam
Communication Teacher,1740-4622,1740-4630,2026-04-30,NA,tf2025bibsam
Communications in Algebra,0092-7872,1532-4125,2026-04-30,NA,tf2025bibsam
Communications in Partial Differential Equations,0360-5302,1532-4133,2026-04-30,NA,tf2025bibsam
Communications in Soil Science and Plant Analysis,0010-3624,1532-2416,2026-04-30,NA,tf2025bibsam
Communications in Statistics - Simulation and Computation,0361-0918,1532-4141,2026-04-30,NA,tf2025bibsam
Communications in Statistics - Theory and Methods,0361-0926,1532-415X,2026-04-30,NA,tf2025bibsam
"Communications in Statistics: Case Studies, Data Analysis and Applications",NA,2373-7484,2026-04-30,NA,tf2025bibsam
Communicative & Integrative Biology,NA,1942-0889,2026-04-30,NA,tf2025bibsam
Community College Journal of Research and Practice,1066-8926,1521-0413,2026-04-30,NA,tf2025bibsam
Community Development,1557-5330,1944-7485,2026-04-30,NA,tf2025bibsam
Comparative American Studies An International Journal,1477-5700,1741-2676,2026-04-30,NA,tf2025bibsam
Comparative and Continental Philosophy,1757-0638,1757-0646,2026-04-30,NA,tf2025bibsam
Comparative Education,0305-0068,1360-0486,2026-04-30,NA,tf2025bibsam
Comparative Legal History,2049-677X,2049-6788,2026-04-30,NA,tf2025bibsam
Comparative Literature: East & West,NA,2572-3618,2026-04-30,NA,tf2025bibsam
Comparative Strategy,0149-5933,1521-0448,2026-04-30,NA,tf2025bibsam
Compare: A Journal of Comparative and International Education,0305-7925,1469-3623,2026-04-30,NA,tf2025bibsam
Complex Variables and Elliptic Equations : An International Journal,1747-6933,1747-6941,2026-04-30,NA,tf2025bibsam
Composite Interfaces,0927-6440,1568-5543,2026-04-30,NA,tf2025bibsam
Compost Science & Utilization,1065-657X,2326-2397,2026-04-30,NA,tf2025bibsam
Comprehensive Child and Adolescent Nursing,2469-4193,2469-4207,2026-04-30,NA,tf2025bibsam
Comprehensive Results in Social Psychology,2374-3603,2374-3611,2026-04-30,NA,tf2025bibsam
Computer Assisted Language Learning,0958-8221,1744-3210,2026-04-30,NA,tf2025bibsam
Computer Assisted Surgery,NA,2469-9322,2026-04-30,NA,tf2025bibsam
Computer Methods in Biomechanics and Biomedical Engineering,1025-5842,1476-8259,2026-04-30,NA,tf2025bibsam
Computer Methods in Biomechanics and Biomedical Engineering: Imaging & Visualization,2168-1163,2168-1171,2026-04-30,NA,tf2025bibsam
Computer Science Education,0899-3408,1744-5175,2026-04-30,NA,tf2025bibsam
"Computers in the Schools : Interdisciplinary Journal of Practice, Theory, and Applied Research",0738-0569,1528-7033,2026-04-30,NA,tf2025bibsam
Congress & the Presidency,0734-3469,1944-1053,2026-04-30,NA,tf2025bibsam
Connected Science Learning,NA,2475-8779,2026-04-30,NA,tf2025bibsam
Connection Science,0954-0091,1360-0494,2026-04-30,NA,tf2025bibsam
Connective Tissue Research,0300-8207,1607-8438,2026-04-30,NA,tf2025bibsam
Conservation and Management of Archaeological Sites,1350-5033,1753-5522,2026-04-30,NA,tf2025bibsam
Construction Management and Economics,0144-6193,1466-433X,2026-04-30,NA,tf2025bibsam
Consumption Markets & Culture,1025-3866,1477-223X,2026-04-30,NA,tf2025bibsam
Contemporary Buddhism : An Interdisciplinary Journal,1463-9947,1476-7953,2026-04-30,NA,tf2025bibsam
Contemporary French and Francophone Studies,1740-9292,1740-9306,2026-04-30,NA,tf2025bibsam
Contemporary Italian Politics,2324-8823,2324-8831,2026-04-30,NA,tf2025bibsam
Contemporary Japan,1869-2729,1869-2737,2026-04-30,NA,tf2025bibsam
"Contemporary Justice Review : Issues in Criminal, Social, and Restorative Justice",1028-2580,1477-2248,2026-04-30,NA,tf2025bibsam
Contemporary Levant,2058-1831,2058-184X,2026-04-30,NA,tf2025bibsam
Contemporary Music Review,0749-4467,1477-2256,2026-04-30,NA,tf2025bibsam
Contemporary Nurse,1037-6178,1839-3535,2026-04-30,NA,tf2025bibsam
Contemporary Politics,1356-9775,1469-3631,2026-04-30,NA,tf2025bibsam
Contemporary Psychoanalysis,0010-7530,2330-9091,2026-04-30,NA,tf2025bibsam
Contemporary Security Policy,1352-3260,1743-8764,2026-04-30,NA,tf2025bibsam
Contemporary Social Science : Journal of the Academy of Social Sciences,2158-2041,2158-205X,2026-04-30,NA,tf2025bibsam
Contemporary Theatre Review,1048-6801,1477-2264,2026-04-30,NA,tf2025bibsam
Continuum : Journal of Media & Cultural Studies,1030-4312,1469-3666,2026-04-30,NA,tf2025bibsam
COPD: Journal of Chronic Obstructive Pulmonary Disease,1541-2555,1541-2563,2026-04-30,NA,tf2025bibsam
"Corrections : Policy, Practice and Research",2377-4657,2377-4665,2026-04-30,NA,tf2025bibsam
coscience,1195-6860,2376-7626,2026-04-30,NA,tf2025bibsam
Counseling Outcome Research and Evaluation,2150-1378,2150-1386,2026-04-30,NA,tf2025bibsam
CRANIO : The Journal of Craniomandibular & Sleep Practice,0886-9634,2151-0903,2026-04-30,NA,tf2025bibsam
Creative Industries Journal,1751-0694,1751-0708,2026-04-30,NA,tf2025bibsam
Creativity Research Journal,1040-0419,1532-6934,2026-04-30,NA,tf2025bibsam
Criminal Justice Ethics,0731-129X,1937-5948,2026-04-30,NA,tf2025bibsam
"Criminal Justice Studies : A Critical Journal of Crime, Law and Society",1478-601X,1478-6028,2026-04-30,NA,tf2025bibsam
Crisis and Risk Communication,2998-6915,2998-6907,2026-04-30,NA,tf2025bibsam
Critical African Studies,2168-1392,2040-7211,2026-04-30,NA,tf2025bibsam
Critical Arts : South-North Cultural and Media Studies,0256-0046,1992-6049,2026-04-30,NA,tf2025bibsam
Critical Asian Studies,1467-2715,1472-6033,2026-04-30,NA,tf2025bibsam
Critical Discourse Studies,1740-5904,1740-5912,2026-04-30,NA,tf2025bibsam
Critical Horizons : A Journal of Philosophy and Social Theory,1440-9917,1568-5160,2026-04-30,NA,tf2025bibsam
Critical Inquiry in Language Studies,1542-7587,1542-7595,2026-04-30,NA,tf2025bibsam
Critical Insights in Agriculture,NA,2993-2106,2026-04-30,NA,tf2025bibsam
Critical Insights in Aquaculture,NA,2993-2181,2026-04-30,NA,tf2025bibsam
Critical Insights in Biochemistry and Molecular Biology,NA,2993-219X,2026-04-30,NA,tf2025bibsam
Critical Insights in Biophysics,NA,2993-2203,2026-04-30,NA,tf2025bibsam
Critical Insights in Biotechnology,NA,2993-2238,2026-04-30,NA,tf2025bibsam
Critical Insights in Climate Change,NA,2993-1495,2026-04-30,NA,tf2025bibsam
Critical Insights in Environmental Science and Technology,NA,2993-1509,2026-04-30,NA,tf2025bibsam
Critical Insights in Environmental Studies,NA,2993-1584,2026-04-30,NA,tf2025bibsam
Critical Insights in Geochemistry and Geophysics,NA,2993-2092,2026-04-30,NA,tf2025bibsam
Critical Insights in Microbiology,NA,2993-2262,2026-04-30,NA,tf2025bibsam
Critical Insights in Plant Science,NA,2993-2297,2026-04-30,NA,tf2025bibsam
Critical Military Studies,2333-7486,2333-7494,2026-04-30,NA,tf2025bibsam
Critical Policy Studies,1946-0171,1946-018X,2026-04-30,NA,tf2025bibsam
Critical Public Health,0958-1596,1469-3682,2026-04-30,NA,tf2025bibsam
Critical Review : A Journal of Politics and Society,0891-3811,1933-8007,2026-04-30,NA,tf2025bibsam
Critical Review of International Social and Political Philosophy,1369-8230,1743-8772,2026-04-30,NA,tf2025bibsam
Critical Reviews in Biochemistry and Molecular Biology,1040-9238,1549-7798,2026-04-30,NA,tf2025bibsam
Critical Reviews in Biotechnology,0738-8551,1549-7801,2026-04-30,NA,tf2025bibsam
Critical Reviews in Clinical Laboratory Sciences,1040-8363,1549-781X,2026-04-30,NA,tf2025bibsam
Critical Reviews in Environmental Science and Technology,1064-3389,1547-6537,2026-04-30,NA,tf2025bibsam
Critical Reviews in Food Science and Nutrition,1040-8398,1549-7852,2026-04-30,NA,tf2025bibsam
Critical Reviews in Microbiology,1040-841X,1549-7828,2026-04-30,NA,tf2025bibsam
Critical Reviews in Plant Sciences,0735-2689,1549-7836,2026-04-30,NA,tf2025bibsam
Critical Reviews in Solid State and Materials Sciences,1040-8436,1547-6561,2026-04-30,NA,tf2025bibsam
Critical Reviews in Toxicology,1040-8444,1547-6898,2026-04-30,NA,tf2025bibsam
Critical Studies in Education,1750-8487,1750-8495,2026-04-30,NA,tf2025bibsam
Critical Studies in Media Communication,1529-5036,1479-5809,2026-04-30,NA,tf2025bibsam
Critical Studies on Security,2162-4887,2162-4909,2026-04-30,NA,tf2025bibsam
Critical Studies on Terrorism,1753-9153,1753-9161,2026-04-30,NA,tf2025bibsam
Critique : Journal of Socialist Theory,0301-7605,1748-8605,2026-04-30,NA,tf2025bibsam
Critique: Studies in Contemporary Fiction,0011-1619,1939-9138,2026-04-30,NA,tf2025bibsam
Crusades,1476-5276,2832-7861,2026-04-30,NA,tf2025bibsam
Cryptologia,0161-1194,1558-1586,2026-04-30,NA,tf2025bibsam
Crystallography Reviews,0889-311X,1476-3508,2026-04-30,NA,tf2025bibsam
Cultural and Social History : The Journal of the Social History Society,1478-0038,1478-0046,2026-04-30,NA,tf2025bibsam
Cultural Studies,0950-2386,1466-4348,2026-04-30,NA,tf2025bibsam
Culture and Organization,1475-9551,1477-2760,2026-04-30,NA,tf2025bibsam
Culture and Religion : An Interdisciplinary Journal,1475-5610,1475-5629,2026-04-30,NA,tf2025bibsam
"Culture, Health & Sexuality : An International Journal for Research, Intervention and Care",1369-1058,1464-5351,2026-04-30,NA,tf2025bibsam
"Culture, Theory and Critique",1473-5784,1473-5776,2026-04-30,NA,tf2025bibsam
Current Eye Research,0271-3683,1460-2202,2026-04-30,NA,tf2025bibsam
Current Issues in Criminal Justice,1034-5329,2206-9542,2026-04-30,NA,tf2025bibsam
Current Issues in Language Planning,1466-4208,1747-7506,2026-04-30,NA,tf2025bibsam
Current Issues in Tourism,1368-3500,1747-7603,2026-04-30,NA,tf2025bibsam
Current Medical Research and Opinion,0300-7995,1473-4877,2026-04-30,NA,tf2025bibsam
Current Writing: Text and Reception in Southern Africa,1013-929X,2159-9130,2026-04-30,NA,tf2025bibsam
Curriculum Inquiry,0362-6784,1467-873X,2026-04-30,NA,tf2025bibsam
Curriculum Studies in Health and Physical Education,2574-2981,2574-299X,2026-04-30,NA,tf2025bibsam
Cutaneous and Ocular Toxicology,1556-9527,1556-9535,2026-04-30,NA,tf2025bibsam
Cyber-Physical Systems,2333-5777,2333-5785,2026-04-30,NA,tf2025bibsam
Cybernetics and Systems : An International Journal,0196-9722,1087-6553,2026-04-30,NA,tf2025bibsam
CyTA - Journal of Food,1947-6337,1947-6345,2026-04-30,NA,tf2025bibsam
Dance Chronicle,0147-2526,1532-4257,2026-04-30,NA,tf2025bibsam
Dance Education in Practice,2373-4833,2373-4841,2026-04-30,NA,tf2025bibsam
Data Science in Science,NA,2694-1899,2026-04-30,NA,tf2025bibsam
de arte,0004-3389,2471-4100,2026-04-30,NA,tf2025bibsam
Deafness & Education International,1464-3154,1557-069X,2026-04-30,NA,tf2025bibsam
Death Studies,0748-1187,1091-7683,2026-04-30,NA,tf2025bibsam
Defence and Peace Economics,1024-2694,1476-8267,2026-04-30,NA,tf2025bibsam
Defence Studies,1470-2436,1743-9698,2026-04-30,NA,tf2025bibsam
Democracy and Security,1741-9166,1555-5860,2026-04-30,NA,tf2025bibsam
Democratization,1351-0347,1743-890X,2026-04-30,NA,tf2025bibsam
Design and Culture : The Journal of the Design Studies Forum,1754-7075,1754-7083,2026-04-30,NA,tf2025bibsam
Design for Health,2473-5132,2473-5140,2026-04-30,NA,tf2025bibsam
Designed Monomers and Polymers,NA,1568-5551,2026-04-30,NA,tf2025bibsam
Development Studies Research : An Open Access Journal,NA,2166-5095,2026-04-30,NA,tf2025bibsam
Developmental Neuropsychology,8756-5641,1532-6942,2026-04-30,NA,tf2025bibsam
Developmental Neurorehabilitation,1751-8423,1751-8431,2026-04-30,NA,tf2025bibsam
Deviant Behavior,0163-9625,1521-0456,2026-04-30,NA,tf2025bibsam
Dialogues in Clinical Neuroscience,NA,1958-5969,2026-04-30,NA,tf2025bibsam
"Diaspora, Indigenous, and Minority Education : Studies of Migration, Integration, Equity, and Cultural Survival",1559-5692,1559-5706,2026-04-30,NA,tf2025bibsam
Diatom Research,0269-249X,2159-8347,2026-04-30,NA,tf2025bibsam
Digital Creativity,1462-6268,1744-3806,2026-04-30,NA,tf2025bibsam
Digital Journalism,2167-0811,2167-082X,2026-04-30,NA,tf2025bibsam
Digital Twin,NA,2752-5783,2026-04-30,NA,tf2025bibsam
Digital Water : Knowledge Application & Hydroinformatics,NA,2837-5807,2026-04-30,NA,tf2025bibsam
Diplomacy & Statecraft,0959-2296,1557-301X,2026-04-30,NA,tf2025bibsam
Disability and Rehabilitation,0963-8288,1464-5165,2026-04-30,NA,tf2025bibsam
Disability and Rehabilitation: Assistive Technology,1748-3107,1748-3115,2026-04-30,NA,tf2025bibsam
Discourse Processes,0163-853X,1532-6950,2026-04-30,NA,tf2025bibsam
disP - The Planning Review,0251-3625,2166-8604,2026-04-30,NA,tf2025bibsam
Distinktion: Journal of Social Theory,1600-910X,2159-9149,2026-04-30,NA,tf2025bibsam
Dix-Neuf : Journal of the Society of Dix-Neuvi mistes,NA,1478-7318,2026-04-30,NA,tf2025bibsam
Dress : The Journal of the Costume Society of America,0361-2112,2042-1729,2026-04-30,NA,tf2025bibsam
Drug and Chemical Toxicology,0148-0545,1525-6014,2026-04-30,NA,tf2025bibsam
Drug Delivery,1071-7544,1521-0464,2026-04-30,NA,tf2025bibsam
Drug Development and Industrial Pharmacy,0363-9045,1520-5762,2026-04-30,NA,tf2025bibsam
Drug Metabolism Reviews,0360-2532,1097-9883,2026-04-30,NA,tf2025bibsam
"Drugs: Education, Prevention and Policy",0968-7637,1465-3370,2026-04-30,NA,tf2025bibsam
Drying Technology : An International Journal,0737-3937,1532-2300,2026-04-30,NA,tf2025bibsam
Dutch Crossing : Journal of Low Countries Studies,0309-6564,1759-7854,2026-04-30,NA,tf2025bibsam
Dynamics of Asymmetric Conflict : Pathways toward terrorism and genocide,1746-7586,1746-7594,2026-04-30,NA,tf2025bibsam
Early Child Development and Care,0300-4430,1476-8275,2026-04-30,NA,tf2025bibsam
Early Education and Development,1040-9289,1556-6935,2026-04-30,NA,tf2025bibsam
Early Modern French Studies,2056-3035,2056-3043,2026-04-30,NA,tf2025bibsam
Early Popular Visual Culture,1746-0654,1746-0662,2026-04-30,NA,tf2025bibsam
Early Years : An International Research Journal,0957-5146,1472-4421,2026-04-30,NA,tf2025bibsam
"East Asian Science, Technology and Society: An International Journal",1875-2160,1875-2152,2026-04-30,NA,tf2025bibsam
East European Jewish Affairs,1350-1674,1743-971X,2026-04-30,NA,tf2025bibsam
East European Politics,2159-9165,2159-9173,2026-04-30,NA,tf2025bibsam
Eastern African Literary and Cultural Studies,2327-7408,2327-7416,2026-04-30,NA,tf2025bibsam
Eastern European Economics,0012-8775,1557-9298,2026-04-30,NA,tf2025bibsam
Eastern European Screen Studies,2997-4828,2997-4836,2026-04-30,NA,tf2025bibsam
Eating Disorders : The Journal of Treatment & Prevention,1064-0266,1532-530X,2026-04-30,NA,tf2025bibsam
Ecological Psychology,1040-7413,1532-6969,2026-04-30,NA,tf2025bibsam
Ecology of Food and Nutrition,0367-0244,1543-5237,2026-04-30,NA,tf2025bibsam
Econometric Reviews,0747-4938,1532-4168,2026-04-30,NA,tf2025bibsam
Economic and Political Studies,2095-4816,2470-4024,2026-04-30,NA,tf2025bibsam
Economic Geography,0013-0095,1944-8287,2026-04-30,NA,tf2025bibsam
Economic History of Developing Regions,2078-0389,2078-0397,2026-04-30,NA,tf2025bibsam
Economic Systems Research,0953-5314,1469-5758,2026-04-30,NA,tf2025bibsam
Economics of Innovation and New Technology,1043-8599,1476-8364,2026-04-30,NA,tf2025bibsam
Economy and Society,0308-5147,1469-5766,2026-04-30,NA,tf2025bibsam
Ecosystems and People,2639-5908,2639-5916,2026-04-30,NA,tf2025bibsam
"EDPACS : The EDP Audit, Control, and Security Newsletter",0736-6981,1936-1009,2026-04-30,NA,tf2025bibsam
"Education 3-13 : International Journal of Primary, Elementary and Early Years Education",0300-4279,1475-7575,2026-04-30,NA,tf2025bibsam
Education Economics,0964-5292,1469-5782,2026-04-30,NA,tf2025bibsam
Education for Primary Care,1473-9879,1475-990X,2026-04-30,NA,tf2025bibsam
Education Inquiry,NA,2000-4508,2026-04-30,NA,tf2025bibsam
Educational Action Research : Connecting Research and Practice for Professionals and Communities,0965-0792,1747-5074,2026-04-30,NA,tf2025bibsam
Educational and Developmental Psychologist,2059-0776,2059-0784,2026-04-30,NA,tf2025bibsam
Educational Assessment,1062-7197,1532-6977,2026-04-30,NA,tf2025bibsam
Educational Gerontology,0360-1277,1521-0472,2026-04-30,NA,tf2025bibsam
Educational Media International,0952-3987,1469-5790,2026-04-30,NA,tf2025bibsam
Educational Philosophy and Theory,0013-1857,1469-5812,2026-04-30,NA,tf2025bibsam
Educational Psychologist,0046-1520,1532-6985,2026-04-30,NA,tf2025bibsam
Educational Psychology : An International Journal of Experimental Educational Psychology,0144-3410,1469-5820,2026-04-30,NA,tf2025bibsam
"Educational Psychology in Practice : theory, research and practice in educational psychology",0266-7363,1469-5839,2026-04-30,NA,tf2025bibsam
Educational Research,0013-1881,1469-5847,2026-04-30,NA,tf2025bibsam
Educational Research and Evaluation : An International Journal on Theory and Practice,1380-3611,1744-4187,2026-04-30,NA,tf2025bibsam
Educational Review,0013-1911,1465-3397,2026-04-30,NA,tf2025bibsam
Educational Studies,0305-5698,1465-3400,2026-04-30,NA,tf2025bibsam
Educational Studies : A Journal of the American Educational Studies Association,0013-1946,1532-6993,2026-04-30,NA,tf2025bibsam
Egyptian Journal of Basic and Applied Sciences,NA,2314-808X,2026-04-30,NA,tf2025bibsam
Electric Power Components and Systems,1532-5008,1532-5016,2026-04-30,NA,tf2025bibsam
Electromagnetic Biology and Medicine,1536-8378,1536-8386,2026-04-30,NA,tf2025bibsam
Electromagnetics,0272-6343,1532-527X,2026-04-30,NA,tf2025bibsam
Embodied Intelligent Robot,NA,3068-2541,2026-04-30,NA,tf2025bibsam
Emerging Markets Finance and Trade,1540-496X,1558-0938,2026-04-30,NA,tf2025bibsam
Emerging Microbes & Infections,NA,2222-1751,2026-04-30,NA,tf2025bibsam
EMI: Animal & Environment,NA,2998-6990,2026-04-30,NA,tf2025bibsam
Emotional and Behavioural Difficulties,1363-2752,1741-2692,2026-04-30,NA,tf2025bibsam
Emu - Austral Ornithology,0158-4197,1448-5540,2026-04-30,NA,tf2025bibsam
Endocrine Research,0743-5800,1532-4206,2026-04-30,NA,tf2025bibsam
"Energy Sources, Part A: Recovery, Utilization, and Environmental Effects",1556-7036,1556-7230,2026-04-30,NA,tf2025bibsam
"Energy Sources, Part B: Economics, Planning, and Policy",1556-7249,1556-7257,2026-04-30,NA,tf2025bibsam
Engineering Applications of Computational Fluid Mechanics,1994-2060,1997-003X,2026-04-30,NA,tf2025bibsam
Engineering Management Journal,1042-9247,2377-0643,2026-04-30,NA,tf2025bibsam
Engineering Optimization,0305-215X,1029-0273,2026-04-30,NA,tf2025bibsam
Engineering Studies,1937-8629,1940-8374,2026-04-30,NA,tf2025bibsam
English Academy Review : A Journal of English Studies,1013-1752,1753-5360,2026-04-30,NA,tf2025bibsam
English in Education : Research Journal of the National Association for the Teaching of English,0425-0494,1754-8845,2026-04-30,NA,tf2025bibsam
English Studies,0013-838X,1744-4217,2026-04-30,NA,tf2025bibsam
English Studies in Africa,0013-8398,1943-8117,2026-04-30,NA,tf2025bibsam
Enterprise Information Systems,1751-7575,1751-7583,2026-04-30,NA,tf2025bibsam
Entrepreneurship & Regional Development : An International Journal,0898-5626,1464-5114,2026-04-30,NA,tf2025bibsam
Environment: Science and Policy for Sustainable Development,0013-9157,1939-9154,2026-04-30,NA,tf2025bibsam
Environmental Archaeology : The Journal of Human Palaeoecology,1461-4103,1749-6314,2026-04-30,NA,tf2025bibsam
Environmental Claims Journal,1040-6026,1547-657X,2026-04-30,NA,tf2025bibsam
Environmental Communication,1752-4032,1752-4040,2026-04-30,NA,tf2025bibsam
Environmental Education Research,1350-4622,1469-5871,2026-04-30,NA,tf2025bibsam
Environmental Forensics,1527-5922,1527-5930,2026-04-30,NA,tf2025bibsam
Environmental Hazards,1747-7891,1878-0059,2026-04-30,NA,tf2025bibsam
Environmental Politics,0964-4016,1743-8934,2026-04-30,NA,tf2025bibsam
Environmental Pollutants and Bioavailability,2639-5932,2639-5940,2026-04-30,NA,tf2025bibsam
Environmental Sociology,NA,2325-1042,2026-04-30,NA,tf2025bibsam
Environmental Technology,0959-3330,1479-487X,2026-04-30,NA,tf2025bibsam
Environmental Technology Reviews,2162-2515,2162-2523,2026-04-30,NA,tf2025bibsam
Epigenetics,1559-2294,1559-2308,2026-04-30,NA,tf2025bibsam
Epigenetics Reports,NA,2836-1512,2026-04-30,NA,tf2025bibsam
Epigenomics,1750-1911,1750-192X,2026-04-30,NA,tf2025bibsam
Equity & Excellence in Education,1066-5684,1547-3457,2026-04-30,NA,tf2025bibsam
Ergonomics,0014-0139,1366-5847,2026-04-30,NA,tf2025bibsam
Essential Chem,NA,2837-8083,2026-04-30,NA,tf2025bibsam
Ethics & Behavior,1050-8422,1532-7019,2026-04-30,NA,tf2025bibsam
Ethics & Global Politics,1654-4951,1654-6369,2026-04-30,NA,tf2025bibsam
Ethics and Social Welfare,1749-6535,1749-6543,2026-04-30,NA,tf2025bibsam
"Ethics, Policy & Environment",2155-0085,2155-0093,2026-04-30,NA,tf2025bibsam
Ethnic and Racial Studies,0141-9870,1466-4356,2026-04-30,NA,tf2025bibsam
Ethnicity & Health,1355-7858,1465-3419,2026-04-30,NA,tf2025bibsam
"Ethnoarchaeology : Journal of Archaeological, Ethnographic and Experimental Studies",1944-2890,1944-2904,2026-04-30,NA,tf2025bibsam
Ethnography and Education,1745-7823,1745-7831,2026-04-30,NA,tf2025bibsam
Ethnomusicology Forum,1741-1912,1741-1920,2026-04-30,NA,tf2025bibsam
Ethnopolitics : Formerly Global Review of Ethnopolitics,1744-9057,1744-9065,2026-04-30,NA,tf2025bibsam
Ethnos : Journal of Anthropology,0014-1844,1469-588X,2026-04-30,NA,tf2025bibsam
Ethology Ecology & Evolution,0394-9370,1828-7131,2026-04-30,NA,tf2025bibsam
Eurasian Geography and Economics,1538-7216,1938-2863,2026-04-30,NA,tf2025bibsam
Europe-Asia Studies,0966-8136,1465-3427,2026-04-30,NA,tf2025bibsam
European Accounting Review,0963-8180,1468-4497,2026-04-30,NA,tf2025bibsam
European Clinical Respiratory Journal,NA,2001-8525,2026-04-30,NA,tf2025bibsam
European Competition Journal,1744-1056,1757-8396,2026-04-30,NA,tf2025bibsam
European Early Childhood Education Research Journal,1350-293X,1752-1807,2026-04-30,NA,tf2025bibsam
European Education,1056-4934,1944-7086,2026-04-30,NA,tf2025bibsam
European Journal for Sport and Society,1613-8171,2380-5919,2026-04-30,NA,tf2025bibsam
European Journal of Behavior Analysis,1502-1149,2377-729X,2026-04-30,NA,tf2025bibsam
European Journal of Developmental Psychology,1740-5629,1740-5610,2026-04-30,NA,tf2025bibsam
European Journal of Engineering Education,0304-3797,1469-5898,2026-04-30,NA,tf2025bibsam
European Journal of English Studies,1382-5577,1744-4233,2026-04-30,NA,tf2025bibsam
European Journal of Environmental and Civil Engineering,1964-8189,2116-7214,2026-04-30,NA,tf2025bibsam
European Journal of General Practice,1381-4788,1751-1402,2026-04-30,NA,tf2025bibsam
European Journal of Higher Education,2156-8235,2156-8243,2026-04-30,NA,tf2025bibsam
European Journal of Information Systems,0960-085X,1476-9344,2026-04-30,NA,tf2025bibsam
European Journal of Materials,NA,2688-9277,2026-04-30,NA,tf2025bibsam
European Journal of Phycology,0967-0262,1469-4433,2026-04-30,NA,tf2025bibsam
European Journal of Physiotherapy,2167-9169,2167-9177,2026-04-30,NA,tf2025bibsam
European Journal of Psychotherapy & Counselling,1364-2537,1469-5901,2026-04-30,NA,tf2025bibsam
European Journal of Psychotraumatology,NA,2000-8066,2026-04-30,NA,tf2025bibsam
European Journal of Remote Sensing,NA,2279-7254,2026-04-30,NA,tf2025bibsam
European Journal of Social Work,1369-1457,1468-2664,2026-04-30,NA,tf2025bibsam
European Journal of Special Needs Education,0885-6257,1469-591X,2026-04-30,NA,tf2025bibsam
European Journal of Teacher Education,0261-9768,1469-5928,2026-04-30,NA,tf2025bibsam
European Journal of Work and Organizational Psychology,1359-432X,1464-0643,2026-04-30,NA,tf2025bibsam
European Planning Studies,0965-4313,1469-5944,2026-04-30,NA,tf2025bibsam
European Politics and Society,2374-5118,2374-5126,2026-04-30,NA,tf2025bibsam
European Review of History: Revue europ enne d'histoire,1350-7486,1469-8293,2026-04-30,NA,tf2025bibsam
European Review of Social Psychology,1046-3283,1479-277X,2026-04-30,NA,tf2025bibsam
European Romantic Review,1050-9585,1740-4657,2026-04-30,NA,tf2025bibsam
European Security,0966-2839,1746-1545,2026-04-30,NA,tf2025bibsam
European Sport Management Quarterly,1618-4742,1746-031X,2026-04-30,NA,tf2025bibsam
"Evidence Base : Criminal Justice Research, Policy & Action",NA,3067-9125,2026-04-30,NA,tf2025bibsam
Evidence-Based Communication Assessment and Intervention,1748-9539,1748-9547,2026-04-30,NA,tf2025bibsam
Evidence-Based Practice in Child and Adolescent Mental Health,2379-4925,2379-4933,2026-04-30,NA,tf2025bibsam
Evidence-Based Toxicology,NA,2833-373X,2026-04-30,NA,tf2025bibsam
Exceptionality : A Special Education Journal,0936-2835,1532-7035,2026-04-30,NA,tf2025bibsam
"Exemplaria : Medieval, Early Modern, Theory",1041-2573,1753-3074,2026-04-30,NA,tf2025bibsam
Experimental Aging Research : An International Journal Devoted to the Scientific Study of the Aging Process,0361-073X,1096-4657,2026-04-30,NA,tf2025bibsam
"Experimental Heat Transfer : A Journal of Thermal Energy Generation, Transport, Storage, and Conversion",0891-6152,1521-0480,2026-04-30,NA,tf2025bibsam
Experimental Lung Research,0190-2148,1521-0499,2026-04-30,NA,tf2025bibsam
Experimental Mathematics,1058-6458,1944-950X,2026-04-30,NA,tf2025bibsam
Expert Opinion on Biological Therapy,1471-2598,1744-7682,2026-04-30,NA,tf2025bibsam
Expert Opinion on Drug Delivery,1742-5247,1744-7593,2026-04-30,NA,tf2025bibsam
Expert Opinion on Drug Discovery,1746-0441,1746-045X,2026-04-30,NA,tf2025bibsam
Expert Opinion on Drug Metabolism & Toxicology,1742-5255,1744-7607,2026-04-30,NA,tf2025bibsam
Expert Opinion on Drug Safety,1474-0338,1744-764X,2026-04-30,NA,tf2025bibsam
Expert Opinion on Emerging Drugs,1472-8214,1744-7623,2026-04-30,NA,tf2025bibsam
Expert Opinion on Investigational Drugs,1354-3784,1744-7658,2026-04-30,NA,tf2025bibsam
Expert Opinion on Pharmacotherapy,1465-6566,1744-7666,2026-04-30,NA,tf2025bibsam
Expert Opinion on Therapeutic Patents,1354-3776,1744-7674,2026-04-30,NA,tf2025bibsam
Expert Opinion on Therapeutic Targets,1472-8222,1744-7631,2026-04-30,NA,tf2025bibsam
Expert Review of Anti-infective Therapy,1478-7210,1744-8336,2026-04-30,NA,tf2025bibsam
Expert Review of Anticancer Therapy,1473-7140,1744-8328,2026-04-30,NA,tf2025bibsam
Expert Review of Cardiovascular Therapy,1477-9072,1744-8344,2026-04-30,NA,tf2025bibsam
Expert Review of Clinical Immunology,1744-666X,1744-8409,2026-04-30,NA,tf2025bibsam
Expert Review of Clinical Pharmacology,1751-2433,1751-2441,2026-04-30,NA,tf2025bibsam
Expert Review of Endocrinology & Metabolism,1744-6651,1744-8417,2026-04-30,NA,tf2025bibsam
Expert Review of Gastroenterology & Hepatology,1747-4124,1747-4132,2026-04-30,NA,tf2025bibsam
Expert Review of Hematology,1747-4086,1747-4094,2026-04-30,NA,tf2025bibsam
Expert Review of Medical Devices,1743-4440,1745-2422,2026-04-30,NA,tf2025bibsam
Expert Review of Molecular Diagnostics,1473-7159,1744-8352,2026-04-30,NA,tf2025bibsam
Expert Review of Neurotherapeutics,1473-7175,1744-8360,2026-04-30,NA,tf2025bibsam
Expert Review of Ophthalmology,1746-9899,1746-9902,2026-04-30,NA,tf2025bibsam
Expert Review of Pharmacoeconomics & Outcomes Research,1473-7167,1744-8379,2026-04-30,NA,tf2025bibsam
Expert Review of Precision Medicine and Drug Development : Personalized medicine in drug development and clinical practice,NA,2380-8993,2026-04-30,NA,tf2025bibsam
Expert Review of Proteomics,1478-9450,1744-8387,2026-04-30,NA,tf2025bibsam
Expert Review of Respiratory Medicine,1747-6348,1747-6356,2026-04-30,NA,tf2025bibsam
Expert Review of Vaccines,1476-0584,1744-8395,2026-04-30,NA,tf2025bibsam
"Fabrications : The Journal of the Society of Architectural Historians, Australia and New Zealand",1033-1867,2164-4756,2026-04-30,NA,tf2025bibsam
Family & Community History,1463-1180,1751-3812,2026-04-30,NA,tf2025bibsam
Family Transitions,2837-5300,2837-5319,2026-04-30,NA,tf2025bibsam
"Fashion Practice : The Journal of Design, Creative Process & the Fashion Industry",1756-9370,1756-9389,2026-04-30,NA,tf2025bibsam
Fashion Theory,1362-704X,1751-7419,2026-04-30,NA,tf2025bibsam
Fat Studies : An Interdisciplinary Journal of Body Weight and Society,2160-4851,2160-486X,2026-04-30,NA,tf2025bibsam
"Fatigue: Biomedicine, Health & Behavior",2164-1846,2164-1862,2026-04-30,NA,tf2025bibsam
Feminist Art Practices and Research : Cosmos,NA,2998-6982,2026-04-30,NA,tf2025bibsam
Feminist Economics,1354-5701,1466-4372,2026-04-30,NA,tf2025bibsam
Feminist Media Studies,1468-0777,1471-5902,2026-04-30,NA,tf2025bibsam
Feminist Modernist Studies,2469-2921,2469-293X,2026-04-30,NA,tf2025bibsam
Feminist Translation Studies,2994-0443,2994-0451,2026-04-30,NA,tf2025bibsam
Ferroelectrics,0015-0193,1563-5112,2026-04-30,NA,tf2025bibsam
Ferroelectrics Letters Section,0731-5171,1563-5228,2026-04-30,NA,tf2025bibsam
Fetal and Pediatric Pathology,1551-3815,1551-3823,2026-04-30,NA,tf2025bibsam
Fiber and Integrated Optics,0146-8030,1096-4681,2026-04-30,NA,tf2025bibsam
Finance and Space,NA,2833-115X,2026-04-30,NA,tf2025bibsam
Financial Analysts Journal,0015-198X,1938-3312,2026-04-30,NA,tf2025bibsam
First World War Studies,1947-5020,1947-5039,2026-04-30,NA,tf2025bibsam
Fly,1933-6934,1933-6942,2026-04-30,NA,tf2025bibsam
Folk Life : Journal of Ethnological Studies,0430-8778,1759-670X,2026-04-30,NA,tf2025bibsam
Folklore,0015-587X,1469-8315,2026-04-30,NA,tf2025bibsam
Food Additives & Contaminants: Part A,1944-0049,1944-0057,2026-04-30,NA,tf2025bibsam
Food and Agricultural Immunology,0954-0105,1465-3443,2026-04-30,NA,tf2025bibsam
Food and Foodways : Explorations in the History and Culture of Human Nourishment,0740-9710,1542-3484,2026-04-30,NA,tf2025bibsam
Food Biotechnology,0890-5436,1532-4249,2026-04-30,NA,tf2025bibsam
Food Reviews International,8755-9129,1525-6103,2026-04-30,NA,tf2025bibsam
"Food, Culture & Society : An International Journal of Multidisciplinary Research",1552-8014,1751-7443,2026-04-30,NA,tf2025bibsam
Footwear Science,1942-4280,1942-4299,2026-04-30,NA,tf2025bibsam
Forest Science and Technology,2158-0103,2158-0715,2026-04-30,NA,tf2025bibsam
"Forests, Trees and Livelihoods",1472-8028,2164-3075,2026-04-30,NA,tf2025bibsam
Forum for Development Studies,0803-9410,1891-1765,2026-04-30,NA,tf2025bibsam
Forum for Social Economics,0736-0932,1874-6381,2026-04-30,NA,tf2025bibsam
Free Radical Research,1071-5762,1029-2470,2026-04-30,NA,tf2025bibsam
French Screen Studies,2643-8941,2643-895X,2026-04-30,NA,tf2025bibsam
"Fullerenes, Nanotubes and Carbon Nanostructures",1536-383X,1536-4046,2026-04-30,NA,tf2025bibsam
Functional Diamond,2694-1112,2694-1120,2026-04-30,NA,tf2025bibsam
Fusion Science and Technology,1536-1055,1943-7641,2026-04-30,NA,tf2025bibsam
Future Cardiology,1479-6678,1744-8298,2026-04-30,NA,tf2025bibsam
Future Endocrinology & Metabolism,NA,2996-8879,2026-04-30,NA,tf2025bibsam
Future Medicinal Chemistry,1756-8919,1756-8927,2026-04-30,NA,tf2025bibsam
Future Microbiology,1746-0913,1746-0921,2026-04-30,NA,tf2025bibsam
Future Neurology,1479-6708,1748-6971,2026-04-30,NA,tf2025bibsam
Future Oncology,1479-6694,1744-8301,2026-04-30,NA,tf2025bibsam
Future Rare Diseases,NA,2399-5270,2026-04-30,NA,tf2025bibsam
Future Science OA,NA,2056-5623,2026-04-30,NA,tf2025bibsam
Future Virology,1746-0794,1746-0808,2026-04-30,NA,tf2025bibsam
Gastrointestinal Oncology: Management and Care,NA,2993-7817,2026-04-30,NA,tf2025bibsam
Gender & Development,1355-2074,1364-9221,2026-04-30,NA,tf2025bibsam
Gender and Education,0954-0253,1360-0516,2026-04-30,NA,tf2025bibsam
"Gender, Place & Culture : A Journal of Feminist Geography",0966-369X,1360-0524,2026-04-30,NA,tf2025bibsam
"Gender, Technology and Development",0971-8524,0973-0656,2026-04-30,NA,tf2025bibsam
Geo-spatial Information Science,1009-5020,1993-5153,2026-04-30,NA,tf2025bibsam
Geocarto International,1010-6049,1752-0762,2026-04-30,NA,tf2025bibsam
Geografisk Tidsskrift-Danish Journal of Geography,0016-7223,1903-2471,2026-04-30,NA,tf2025bibsam
"Geografiska Annaler: Series A, Physical Geography",0435-3676,1468-0459,2026-04-30,NA,tf2025bibsam
"Geografiska Annaler: Series B, Human Geography",0435-3684,1468-0467,2026-04-30,NA,tf2025bibsam
Geographical Review,0016-7428,1931-0846,2026-04-30,NA,tf2025bibsam
GeoHumanities,2373-566X,2373-5678,2026-04-30,NA,tf2025bibsam
"Geology, Ecology, and Landscapes",NA,2474-9508,2026-04-30,NA,tf2025bibsam
"Geomatics, Natural Hazards and Risk",1947-5705,1947-5713,2026-04-30,NA,tf2025bibsam
Geomechanics and Geoengineering : An International Journal,1748-6025,1748-6033,2026-04-30,NA,tf2025bibsam
Geomicrobiology Journal,0149-0451,1521-0529,2026-04-30,NA,tf2025bibsam
Geophysical & Astrophysical Fluid Dynamics,0309-1929,1029-0419,2026-04-30,NA,tf2025bibsam
Georisk: Assessment and Management of Risk for Engineered Systems and Geohazards,1749-9518,1749-9526,2026-04-30,NA,tf2025bibsam
Geosystem Engineering,1226-9328,2166-3394,2026-04-30,NA,tf2025bibsam
Geriatric Pharmacology,NA,2994-399X,2026-04-30,NA,tf2025bibsam
Gerontology & Geriatrics Education,0270-1960,1545-3847,2026-04-30,NA,tf2025bibsam
GFF,1103-5897,2000-0863,2026-04-30,NA,tf2025bibsam
Gifted and Talented International,1533-2276,2470-9565,2026-04-30,NA,tf2025bibsam
GIScience & Remote Sensing,1548-1603,1943-7226,2026-04-30,NA,tf2025bibsam
Global Bioethics,1128-7462,1591-7398,2026-04-30,NA,tf2025bibsam
Global Economic Review : Perspectives on East Asian Economies and Industries,1226-508X,1744-3873,2026-04-30,NA,tf2025bibsam
Global Food History,2054-9547,2054-9555,2026-04-30,NA,tf2025bibsam
Global Health Action,1654-9716,1654-9880,2026-04-30,NA,tf2025bibsam
Global Intellectual History,2380-1883,2380-1891,2026-04-30,NA,tf2025bibsam
"Global Public Health : An International Journal for Research, Policy and Practice",1744-1692,1744-1706,2026-04-30,NA,tf2025bibsam
"Global Security: Health, Science and Policy : An Open Access Journal",NA,2377-9497,2026-04-30,NA,tf2025bibsam
Global South Literary Studies,NA,3068-4781,2026-04-30,NA,tf2025bibsam
"Globalisation, Societies and Education",1476-7724,1476-7732,2026-04-30,NA,tf2025bibsam
Globalizations,1474-7731,1474-774X,2026-04-30,NA,tf2025bibsam
GM Crops & Food : Biotechnology in Agriculture and the Food Chain,2164-5698,2164-5701,2026-04-30,NA,tf2025bibsam
Grana,0017-3134,1651-2049,2026-04-30,NA,tf2025bibsam
Green Chemistry Letters and Reviews,1751-8253,1751-7192,2026-04-30,NA,tf2025bibsam
Green Letters : Studies in Ecocriticism,1468-8417,2168-1414,2026-04-30,NA,tf2025bibsam
Griffith Law Review,1038-3441,1839-4205,2026-04-30,NA,tf2025bibsam
Growth Factors,0897-7194,1029-2292,2026-04-30,NA,tf2025bibsam
Gut Microbes,1949-0976,1949-0984,2026-04-30,NA,tf2025bibsam
Gut Microbes Reports,NA,2993-3935,2026-04-30,NA,tf2025bibsam
Gynecological Endocrinology,0951-3590,1473-0766,2026-04-30,NA,tf2025bibsam
HBRC Journal,1687-4048,1687-4048,2026-04-30,NA,tf2025bibsam
Health Care for Women International,0739-9332,1096-4665,2026-04-30,NA,tf2025bibsam
Health Communication,1041-0236,1532-7027,2026-04-30,NA,tf2025bibsam
Health Interactions,NA,2996-3257,2026-04-30,NA,tf2025bibsam
Health Literacy and Communication Open,NA,2835-5245,2026-04-30,NA,tf2025bibsam
Health Marketing Quarterly,0735-9683,1545-0864,2026-04-30,NA,tf2025bibsam
Health Psychology and Behavioral Medicine : An Open Access Journal,NA,2164-2850,2026-04-30,NA,tf2025bibsam
Health Psychology Review,1743-7199,1743-7202,2026-04-30,NA,tf2025bibsam
Health Sociology Review,1446-1242,1839-3551,2026-04-30,NA,tf2025bibsam
Health Systems,2047-6965,2047-6973,2026-04-30,NA,tf2025bibsam
Health Systems & Reform,2328-8604,2328-8620,2026-04-30,NA,tf2025bibsam
Heat Transfer Engineering,0145-7632,1521-0537,2026-04-30,NA,tf2025bibsam
Heat Treatment and Surface Engineering,NA,2578-7616,2026-04-30,NA,tf2025bibsam
Hematology,NA,1607-8454,2026-04-30,NA,tf2025bibsam
Hemoglobin : international journal for hemoglobin research,0363-0269,1532-432X,2026-04-30,NA,tf2025bibsam
Hepatic Oncology,2045-0923,2045-0931,2026-04-30,NA,tf2025bibsam
Heritage & Society,2159-032X,2159-0338,2026-04-30,NA,tf2025bibsam
High Pressure Research : An International Journal,0895-7959,1477-2299,2026-04-30,NA,tf2025bibsam
Hispanic Research Journal : Iberian and Latin American Studies,1468-2737,1745-820X,2026-04-30,NA,tf2025bibsam
Historical Biology : An International Journal of Paleobiology,0891-2963,1029-2381,2026-04-30,NA,tf2025bibsam
Historical Methods: A Journal of Quantitative and Interdisciplinary History,0161-5440,1940-1906,2026-04-30,NA,tf2025bibsam
Histories of People and Place,2833-4299,2833-4302,2026-04-30,NA,tf2025bibsam
History and Anthropology,0275-7206,1477-2612,2026-04-30,NA,tf2025bibsam
History and Philosophy of Logic,0144-5340,1464-5149,2026-04-30,NA,tf2025bibsam
History and Technology : An International Journal,0734-1512,1477-2620,2026-04-30,NA,tf2025bibsam
History Australia,1449-0854,1833-4881,2026-04-30,NA,tf2025bibsam
History of Economics Review,1037-0196,1838-6318,2026-04-30,NA,tf2025bibsam
History of Education : Journal of the History of Education Society,0046-760X,1464-5130,2026-04-30,NA,tf2025bibsam
History of European Ideas,0191-6599,1873-541X,2026-04-30,NA,tf2025bibsam
History of Photography,0308-7298,2150-7295,2026-04-30,NA,tf2025bibsam
History of Retailing and Consumption,2373-518X,2373-5171,2026-04-30,NA,tf2025bibsam
History: Reviews of New Books,0361-2759,1930-8280,2026-04-30,NA,tf2025bibsam
HIV Research & Clinical Practice,2578-7489,2578-7470,2026-04-30,NA,tf2025bibsam
Holocaust Studies : A Journal of Culture and History,1750-4902,2048-4887,2026-04-30,NA,tf2025bibsam
"Home Cultures : The Journal of Architecture, Design and Domestic Space",1740-6315,1751-7427,2026-04-30,NA,tf2025bibsam
Home Health Care Services Quarterly,0162-1424,1545-0856,2026-04-30,NA,tf2025bibsam
Hospital Practice,2154-8331,2377-1003,2026-04-30,NA,tf2025bibsam
Hospital Topics,0018-5868,1939-9278,2026-04-30,NA,tf2025bibsam
Housing and Society,0888-2746,2376-0923,2026-04-30,NA,tf2025bibsam
Housing Policy Debate,1051-1482,2152-050X,2026-04-30,NA,tf2025bibsam
"Housing, Theory and Society",1403-6096,1651-2278,2026-04-30,NA,tf2025bibsam
Howard Journal of Communications,1064-6175,1096-4649,2026-04-30,NA,tf2025bibsam
Human and Ecological Risk Assessment: An International Journal,1080-7039,1549-7860,2026-04-30,NA,tf2025bibsam
Human Computer Interaction,0737-0024,1532-7051,2026-04-30,NA,tf2025bibsam
Human Dimensions of Wildlife : An International Journal,1087-1209,1533-158X,2026-04-30,NA,tf2025bibsam
"Human Fertility : an international, multidisciplinary journal dedicated to furthering research and promoting good practice",1464-7273,1742-8149,2026-04-30,NA,tf2025bibsam
Human Organization,0018-7259,1938-3525,2026-04-30,NA,tf2025bibsam
Human Performance,0895-9285,1532-7043,2026-04-30,NA,tf2025bibsam
Human Resource Development International,1367-8868,1469-8374,2026-04-30,NA,tf2025bibsam
Human Rights Education Review,NA,2535-5406,2026-04-30,NA,tf2025bibsam
"Human Service Organizations: Management, Leadership & Governance",2330-3131,2330-314X,2026-04-30,NA,tf2025bibsam
Human Vaccines & Immunotherapeutics,2164-5515,2164-554X,2026-04-30,NA,tf2025bibsam
Hydrological Sciences Journal,0262-6667,2150-3435,2026-04-30,NA,tf2025bibsam
Hypertension in Pregnancy,1064-1955,1525-6065,2026-04-30,NA,tf2025bibsam
Ibsen Studies,1502-1866,1741-8720,2026-04-30,NA,tf2025bibsam
Ichnos : An International Journal for Plant and Animal Traces,1042-0940,1563-5236,2026-04-30,NA,tf2025bibsam
Identities : Global Studies in Culture and Power,1070-289X,1547-3384,2026-04-30,NA,tf2025bibsam
Identity : An International Journal of Theory and Research,1528-3488,1532-706X,2026-04-30,NA,tf2025bibsam
IETE Journal of Education,NA,0974-7338,2026-04-30,NA,tf2025bibsam
IETE Journal of Research,0377-2063,0974-780X,2026-04-30,NA,tf2025bibsam
IETE Technical Review,0256-4602,0974-5971,2026-04-30,NA,tf2025bibsam
IISE Transactions,2472-5854,2472-5862,2026-04-30,NA,tf2025bibsam
IISE Transactions on Healthcare Systems Engineering,2472-5579,2472-5587,2026-04-30,NA,tf2025bibsam
IISE Transactions on Occupational Ergonomics and Human Factors,2472-5838,2472-5846,2026-04-30,NA,tf2025bibsam
Imago Mundi : The International Journal for the History of Cartography,0308-5694,1479-7801,2026-04-30,NA,tf2025bibsam
Immersive Technologies,NA,3068-0433,2026-04-30,NA,tf2025bibsam
Immunological Investigations : A Journal of Molecular and Cellular Immunology,0882-0139,1532-4311,2026-04-30,NA,tf2025bibsam
Immunological Medicine,NA,2578-5826,2026-04-30,NA,tf2025bibsam
Immunopharmacology and Immunotoxicology,0892-3973,1532-2513,2026-04-30,NA,tf2025bibsam
Immunotherapy,1750-743X,1750-7448,2026-04-30,NA,tf2025bibsam
Impact,2058-802X,2058-8038,2026-04-30,NA,tf2025bibsam
Impact Assessment and Project Appraisal,1461-5517,1471-5465,2026-04-30,NA,tf2025bibsam
Inclusion,NA,2326-6988,2026-04-30,NA,tf2025bibsam
Indian Chemical Engineer,0019-4506,0975-007X,2026-04-30,NA,tf2025bibsam
Indian Law Review,2473-0580,2473-0599,2026-04-30,NA,tf2025bibsam
Indo-Pacific Journal of Phenomenology,2079-7222,1445-7377,2026-04-30,NA,tf2025bibsam
Indonesia and the Malay World,1363-9811,1469-8382,2026-04-30,NA,tf2025bibsam
Industrial Archaeology Review,0309-0728,1745-8196,2026-04-30,NA,tf2025bibsam
Infant Observation : International Journal of Infant Observation and Its Applications,1369-8036,1745-8943,2026-04-30,NA,tf2025bibsam
Infectious Diseases,2374-4235,2374-4243,2026-04-30,NA,tf2025bibsam
INFOR: Information Systems and Operational Research,0315-5986,1916-0615,2026-04-30,NA,tf2025bibsam
Informatics for Health and Social Care,1753-8157,1753-8165,2026-04-30,NA,tf2025bibsam
Information Security Journal: A Global Perspective,1939-3555,1939-3547,2026-04-30,NA,tf2025bibsam
Information Systems Management,1058-0530,1934-8703,2026-04-30,NA,tf2025bibsam
"Information, Communication & Society",1369-118X,1468-4462,2026-04-30,NA,tf2025bibsam
Inhalation Toxicology : International Forum for Respiratory Research,0895-8378,1091-7691,2026-04-30,NA,tf2025bibsam
Inland Waters,2044-2041,2044-205X,2026-04-30,NA,tf2025bibsam
Innovation : Organization & Management,1447-9338,2204-0226,2026-04-30,NA,tf2025bibsam
Innovation and Development,2157-930X,2157-9318,2026-04-30,NA,tf2025bibsam
Innovation in Language Learning and Teaching,1750-1229,1750-1237,2026-04-30,NA,tf2025bibsam
Innovations in Education and Teaching International,1470-3297,1470-3300,2026-04-30,NA,tf2025bibsam
Inorganic and Nano-Metal Chemistry,2470-1556,2470-1564,2026-04-30,NA,tf2025bibsam
Inquiry : An Interdisciplinary Journal of Philosophy,0020-174X,1502-3923,2026-04-30,NA,tf2025bibsam
Instrumentation Science & Technology,1073-9149,1525-6030,2026-04-30,NA,tf2025bibsam
Integral Transforms and Special Functions,1065-2469,1476-8291,2026-04-30,NA,tf2025bibsam
Integrated Ferroelectrics : An International Journal,1058-4587,1607-8489,2026-04-30,NA,tf2025bibsam
Intellectual and Developmental Disabilities,1934-9491,1934-9556,2026-04-30,NA,tf2025bibsam
Intellectual History Review,1749-6977,1749-6985,2026-04-30,NA,tf2025bibsam
Intelligent Buildings International,1750-8975,1756-6932,2026-04-30,NA,tf2025bibsam
Inter-Asia Cultural Studies,1464-9373,1469-8447,2026-04-30,NA,tf2025bibsam
Interactive Learning Environments,1049-4820,1744-5191,2026-04-30,NA,tf2025bibsam
Intercultural Education,1467-5986,1469-8439,2026-04-30,NA,tf2025bibsam
Interiors : Design/Architecture/Culture,2041-9112,2041-9120,2026-04-30,NA,tf2025bibsam
International Biomechanics,NA,2333-5432,2026-04-30,NA,tf2025bibsam
International Critical Thought,2159-8282,2159-8312,2026-04-30,NA,tf2025bibsam
International Economic Journal,1016-8737,1743-517X,2026-04-30,NA,tf2025bibsam
International Feminist Journal of Politics,1461-6742,1468-4470,2026-04-30,NA,tf2025bibsam
International Forum of Psychoanalysis,0803-706X,1651-2324,2026-04-30,NA,tf2025bibsam
International Gambling Studies,1445-9795,1479-4276,2026-04-30,NA,tf2025bibsam
International Geology Review,0020-6814,1938-2839,2026-04-30,NA,tf2025bibsam
International Interactions : Empirical and Theoretical Research in International Relations,0305-0629,1547-7444,2026-04-30,NA,tf2025bibsam
International Journal for Academic Development,1360-144X,1470-1324,2026-04-30,NA,tf2025bibsam
International Journal for Computational Methods in Engineering Science and Mechanics,1550-2287,1550-2295,2026-04-30,NA,tf2025bibsam
International Journal for the Study of the Christian Church,1474-225X,1747-0234,2026-04-30,NA,tf2025bibsam
International Journal of Acarology,0164-7954,1945-3892,2026-04-30,NA,tf2025bibsam
International Journal of Adolescence and Youth,0267-3843,2164-4527,2026-04-30,NA,tf2025bibsam
International Journal of Advertising : The Review of Marketing Communications,0265-0487,1759-3948,2026-04-30,NA,tf2025bibsam
"International Journal of African Renaissance Studies - Multi-, Inter- and Transdisciplinarity",1818-6874,1753-7274,2026-04-30,NA,tf2025bibsam
International Journal of Agricultural Sustainability,1473-5903,1747-762X,2026-04-30,NA,tf2025bibsam
International Journal of Ambient Energy,0143-0750,2162-8246,2026-04-30,NA,tf2025bibsam
"International Journal of Architectural Heritage : Conservation, Analysis, and Restoration",1558-3058,1558-3066,2026-04-30,NA,tf2025bibsam
International Journal of Art Therapy : Formerly Inscape,1745-4832,1745-4840,2026-04-30,NA,tf2025bibsam
International Journal of Audiology,1499-2027,1708-8186,2026-04-30,NA,tf2025bibsam
International Journal of Bilingual Education and Bilingualism,1367-0050,1747-7522,2026-04-30,NA,tf2025bibsam
International Journal of Cartography,2372-9333,2372-9341,2026-04-30,NA,tf2025bibsam
International Journal of Cast Metals Research,1364-0461,1743-1336,2026-04-30,NA,tf2025bibsam
International Journal of Circumpolar Health,NA,2242-3982,2026-04-30,NA,tf2025bibsam
International Journal of Clinical and Experimental Hypnosis,0020-7144,1744-5183,2026-04-30,NA,tf2025bibsam
International Journal of Coal Preparation and Utilization,1939-2699,1939-2702,2026-04-30,NA,tf2025bibsam
International Journal of Comparative and Applied Criminal Justice,0192-4036,2157-6475,2026-04-30,NA,tf2025bibsam
International Journal of Computational Fluid Dynamics,1061-8562,1029-0257,2026-04-30,NA,tf2025bibsam
International Journal of Computer Integrated Manufacturing,0951-192X,1362-3052,2026-04-30,NA,tf2025bibsam
International Journal of Computer Mathematics,0020-7160,1029-0265,2026-04-30,NA,tf2025bibsam
International Journal of Computer Mathematics: Computer Systems Theory,2379-9927,2379-9935,2026-04-30,NA,tf2025bibsam
International Journal of Computers and Applications,1206-212X,1925-7074,2026-04-30,NA,tf2025bibsam
International Journal of Construction Education and Research,1557-8771,1550-3984,2026-04-30,NA,tf2025bibsam
International Journal of Construction Management,1562-3599,2331-2327,2026-04-30,NA,tf2025bibsam
International Journal of Control,0020-7179,1366-5820,2026-04-30,NA,tf2025bibsam
International Journal of Crashworthiness,1358-8265,1754-2111,2026-04-30,NA,tf2025bibsam
International Journal of Cultural Policy,1028-6632,1477-2833,2026-04-30,NA,tf2025bibsam
International Journal of Design Creativity and Innovation,2165-0349,2165-0357,2026-04-30,NA,tf2025bibsam
International Journal of Developmental Disabilities,2047-3869,2047-3877,2026-04-30,NA,tf2025bibsam
International Journal of Digital Earth,1753-8947,1753-8955,2026-04-30,NA,tf2025bibsam
International Journal of Electronic Commerce,1086-4415,1557-9301,2026-04-30,NA,tf2025bibsam
International Journal of Electronics,0020-7217,1362-3060,2026-04-30,NA,tf2025bibsam
International Journal of Electronics Letters,2168-1724,2168-1732,2026-04-30,NA,tf2025bibsam
International Journal of Environmental Analytical Chemistry,0306-7319,1029-0397,2026-04-30,NA,tf2025bibsam
International Journal of Environmental Studies,0020-7233,1029-0400,2026-04-30,NA,tf2025bibsam
"International Journal of Fashion Design, Technology and Education",1754-3266,1754-3274,2026-04-30,NA,tf2025bibsam
International Journal of Food Properties,1094-2912,1532-2386,2026-04-30,NA,tf2025bibsam
International Journal of Food Sciences and Nutrition,0963-7486,1465-3478,2026-04-30,NA,tf2025bibsam
International Journal of Forest Engineering,1494-2119,1913-2220,2026-04-30,NA,tf2025bibsam
International Journal of Fruit Science,1553-8362,1553-8621,2026-04-30,NA,tf2025bibsam
International Journal of General Systems,0308-1079,1563-5104,2026-04-30,NA,tf2025bibsam
International Journal of Geographical Information Science,1365-8816,1362-3087,2026-04-30,NA,tf2025bibsam
International Journal of Geotechnical Engineering,1938-6362,1939-7879,2026-04-30,NA,tf2025bibsam
International Journal of Green Energy,1543-5075,1543-5083,2026-04-30,NA,tf2025bibsam
International Journal of Group Psychotherapy,0020-7284,1943-2836,2026-04-30,NA,tf2025bibsam
International Journal of Health Promotion and Education,1463-5240,2164-9545,2026-04-30,NA,tf2025bibsam
International Journal of Healthcare Management,2047-9700,2047-9719,2026-04-30,NA,tf2025bibsam
International Journal of Heritage Studies,1352-7258,1470-3610,2026-04-30,NA,tf2025bibsam
International Journal of Hospitality & Tourism Administration,1525-6480,1525-6499,2026-04-30,NA,tf2025bibsam
International Journal of Housing Policy,1949-1247,1949-1255,2026-04-30,NA,tf2025bibsam
International Journal of Human Computer Interaction,1044-7318,1532-7590,2026-04-30,NA,tf2025bibsam
International Journal of Hyperthermia,0265-6736,1464-5157,2026-04-30,NA,tf2025bibsam
"International Journal of Image and Data Fusion : Method, technology & applications in geoinformatics",1947-9832,1947-9824,2026-04-30,NA,tf2025bibsam
International Journal of Inclusive Education,1360-3116,1464-5173,2026-04-30,NA,tf2025bibsam
International Journal of Injury Control and Safety Promotion,1745-7300,1745-7319,2026-04-30,NA,tf2025bibsam
International Journal of Intelligence and CounterIntelligence,0885-0607,1521-0561,2026-04-30,NA,tf2025bibsam
International Journal of Kinesiology in Higher Education,2471-1616,2471-1624,2026-04-30,NA,tf2025bibsam
International Journal of Leadership in Education : Theory and Practice,1360-3124,1464-5092,2026-04-30,NA,tf2025bibsam
International Journal of LGBTQ+ Youth Studies,2996-8992,2996-900X,2026-04-30,NA,tf2025bibsam
International Journal of Lifelong Education,0260-1370,1464-519X,2026-04-30,NA,tf2025bibsam
International Journal of Listening,1090-4018,1932-586X,2026-04-30,NA,tf2025bibsam
International Journal of Management Science and Engineering Management,1750-9653,1750-9661,2026-04-30,NA,tf2025bibsam
International Journal of Mathematical Education in Science and Technology,0020-739X,1464-5211,2026-04-30,NA,tf2025bibsam
International Journal of Mental Health,0020-7411,1557-9328,2026-04-30,NA,tf2025bibsam
International Journal of Metallic Materials,NA,2996-136X,2026-04-30,NA,tf2025bibsam
"International Journal of Mining, Reclamation and Environment",1748-0930,1748-0949,2026-04-30,NA,tf2025bibsam
International Journal of Modelling and Simulation,0228-6203,1925-7082,2026-04-30,NA,tf2025bibsam
International Journal of Multilingualism,1479-0718,1747-7530,2026-04-30,NA,tf2025bibsam
International Journal of Nautical Archaeology,1057-2414,1095-9270,2026-04-30,NA,tf2025bibsam
International Journal of Neuroscience,0020-7454,1543-5245,2026-04-30,NA,tf2025bibsam
International Journal of Occupational Safety and Ergonomics,1080-3548,2376-9130,2026-04-30,NA,tf2025bibsam
International Journal of Optomechatronics,1559-9612,1559-9620,2026-04-30,NA,tf2025bibsam
"International Journal of Parallel, Emergent and Distributed Systems",1744-5760,1744-5779,2026-04-30,NA,tf2025bibsam
International Journal of Pavement Engineering,1029-8436,1477-268X,2026-04-30,NA,tf2025bibsam
International Journal of Performance Analysis in Sport,2474-8668,1474-8185,2026-04-30,NA,tf2025bibsam
International Journal of Performance Arts and Digital Media,1479-4713,2040-0934,2026-04-30,NA,tf2025bibsam
International Journal of Pest Management,0967-0874,1366-5863,2026-04-30,NA,tf2025bibsam
International Journal of Philosophical Studies,0967-2559,1466-4542,2026-04-30,NA,tf2025bibsam
International Journal of Philosophy and Theology,2169-2327,2169-2335,2026-04-30,NA,tf2025bibsam
International Journal of Phytoremediation,1522-6514,1549-7879,2026-04-30,NA,tf2025bibsam
International Journal of Play,2159-4937,2159-4953,2026-04-30,NA,tf2025bibsam
International Journal of Political Economy,0891-1916,1558-0970,2026-04-30,NA,tf2025bibsam
International Journal of Polymer Analysis and Characterization,1023-666X,1563-5341,2026-04-30,NA,tf2025bibsam
International Journal of Polymeric Materials and Polymeric Biomaterials,0091-4037,1563-535X,2026-04-30,NA,tf2025bibsam
International Journal of Production Research,0020-7543,1366-588X,2026-04-30,NA,tf2025bibsam
International Journal of Psychiatry in Clinical Practice,1365-1501,1471-1788,2026-04-30,NA,tf2025bibsam
International Journal of Public Administration,0190-0692,1532-4265,2026-04-30,NA,tf2025bibsam
International Journal of Qualitative Studies in Education,0951-8398,1366-5898,2026-04-30,NA,tf2025bibsam
International Journal of Qualitative Studies on Health and Well-being,NA,1748-2631,2026-04-30,NA,tf2025bibsam
International Journal of Radiation Biology,0955-3002,1362-3095,2026-04-30,NA,tf2025bibsam
International Journal of Rail Transportation,2324-8378,2324-8386,2026-04-30,NA,tf2025bibsam
International Journal of Remote Sensing,0143-1161,1366-5901,2026-04-30,NA,tf2025bibsam
International Journal of River Basin Management,1571-5124,1814-2060,2026-04-30,NA,tf2025bibsam
International Journal of School & Educational Psychology,2168-3603,2168-3611,2026-04-30,NA,tf2025bibsam
International Journal of Science Education,0950-0693,1464-5289,2026-04-30,NA,tf2025bibsam
"International Journal of Science Education, Part B : Communication and Public Engagement",2154-8455,2154-8463,2026-04-30,NA,tf2025bibsam
International Journal of Sexual Health,1931-7611,1931-762X,2026-04-30,NA,tf2025bibsam
International Journal of Smart and Nano Materials,1947-5411,1947-542X,2026-04-30,NA,tf2025bibsam
International Journal of Social Research Methodology,1364-5579,1464-5300,2026-04-30,NA,tf2025bibsam
International Journal of Sociology,0020-7659,1557-9336,2026-04-30,NA,tf2025bibsam
International Journal of Spa and Wellness,2472-1735,2472-1743,2026-04-30,NA,tf2025bibsam
International Journal of Speech-Language Pathology,1754-9507,1754-9515,2026-04-30,NA,tf2025bibsam
International Journal of Sport and Exercise Psychology,1612-197X,1557-251X,2026-04-30,NA,tf2025bibsam
International Journal of Sport Policy and Politics,1940-6940,1940-6959,2026-04-30,NA,tf2025bibsam
International Journal of Strategic Communication,1553-118X,1553-1198,2026-04-30,NA,tf2025bibsam
International Journal of Sustainable Development & World Ecology,1350-4509,1745-2627,2026-04-30,NA,tf2025bibsam
International Journal of Sustainable Energy,1478-6451,1478-646X,2026-04-30,NA,tf2025bibsam
International Journal of Sustainable Engineering,1939-7038,1939-7046,2026-04-30,NA,tf2025bibsam
International Journal of Sustainable Transportation,1556-8318,1556-8334,2026-04-30,NA,tf2025bibsam
International Journal of Systemic Therapy,2692-398X,2692-3998,2026-04-30,NA,tf2025bibsam
International Journal of Systems Science,0020-7721,1464-5319,2026-04-30,NA,tf2025bibsam
International Journal of Systems Science: Operations & Logistics,2330-2674,2330-2682,2026-04-30,NA,tf2025bibsam
International Journal of Testing,1530-5058,1532-7574,2026-04-30,NA,tf2025bibsam
International Journal of Tourism Cities,2056-5607,2056-5615,2026-04-30,NA,tf2025bibsam
International Journal of Training Research,1448-0220,2204-0544,2026-04-30,NA,tf2025bibsam
International Journal of Transgender Health,2689-5269,NA,2026-04-30,NA,tf2025bibsam
International Journal of Urban Sciences,1226-5934,2161-6779,2026-04-30,NA,tf2025bibsam
International Journal of Urban Sustainable Development,1946-3138,1946-3146,2026-04-30,NA,tf2025bibsam
International Journal of Vegetable Science,1931-5260,1931-5279,2026-04-30,NA,tf2025bibsam
International Journal of Ventilation,1473-3315,2044-4044,2026-04-30,NA,tf2025bibsam
International Journal on Media Management,1424-1277,1424-1250,2026-04-30,NA,tf2025bibsam
International Multilingual Research Journal,1931-3152,1931-3160,2026-04-30,NA,tf2025bibsam
International Planning Studies,1356-3475,1469-9265,2026-04-30,NA,tf2025bibsam
International Public Management Journal,1096-7494,1559-3169,2026-04-30,NA,tf2025bibsam
International Research in Geographical and Environmental Education,1038-2046,1747-7611,2026-04-30,NA,tf2025bibsam
International Review of Applied Economics,0269-2171,1465-3486,2026-04-30,NA,tf2025bibsam
"International Review of Law, Computers & Technology",1360-0869,1364-6885,2026-04-30,NA,tf2025bibsam
International Review of Psychiatry,0954-0261,1369-1627,2026-04-30,NA,tf2025bibsam
International Review of Public Administration,1229-4659,2331-7795,2026-04-30,NA,tf2025bibsam
International Review of Sociology : Revue Internationale de Sociologie,0390-6701,1469-9273,2026-04-30,NA,tf2025bibsam
International Review of Sport and Exercise Psychology,1750-984X,1750-9858,2026-04-30,NA,tf2025bibsam
International Reviews in Physical Chemistry,0144-235X,1366-591X,2026-04-30,NA,tf2025bibsam
International Reviews of Immunology,0883-0185,1563-5244,2026-04-30,NA,tf2025bibsam
International Studies in Catholic Education,1942-2539,1942-2547,2026-04-30,NA,tf2025bibsam
International Studies in Sociology of Education,0962-0214,1747-5066,2026-04-30,NA,tf2025bibsam
International Studies in the Philosophy of Science,0269-8595,1469-9281,2026-04-30,NA,tf2025bibsam
International Studies of Management & Organization,0020-8825,1558-0911,2026-04-30,NA,tf2025bibsam
"Internet Histories : Digital Technology, Culture and Society",2470-1475,2470-1483,2026-04-30,NA,tf2025bibsam
Internet Reference Services Quarterly,1087-5301,1540-4749,2026-04-30,NA,tf2025bibsam
Interventions : International Journal of Postcolonial Studies,1369-801X,1469-929X,2026-04-30,NA,tf2025bibsam
Invertebrate Reproduction & Development,0792-4259,2157-0272,2026-04-30,NA,tf2025bibsam
Investigations in Mathematics Learning,1947-7503,2472-7466,2026-04-30,NA,tf2025bibsam
Investment Analysts Journal,1029-3523,2077-0227,2026-04-30,NA,tf2025bibsam
Iran : Journal of the British Institute of Persian Studies,0578-6967,2396-9202,2026-04-30,NA,tf2025bibsam
Irish Educational Studies,0332-3315,1747-4965,2026-04-30,NA,tf2025bibsam
Irish Studies Review,0967-0882,1469-9303,2026-04-30,NA,tf2025bibsam
ISH Journal of Hydraulic Engineering,0971-5010,2164-3040,2026-04-30,NA,tf2025bibsam
Islets,1938-2014,1938-2022,2026-04-30,NA,tf2025bibsam
Isotopes in Environmental and Health Studies,1025-6016,1477-2639,2026-04-30,NA,tf2025bibsam
Israel Journal of Foreign Affairs,2373-9770,2373-9789,2026-04-30,NA,tf2025bibsam
Issues in Mental Health Nursing,0161-2840,1096-4673,2026-04-30,NA,tf2025bibsam
Italian Culture,0161-4622,1559-0909,2026-04-30,NA,tf2025bibsam
Italian Journal of Animal Science,NA,1828-051X,2026-04-30,NA,tf2025bibsam
Italian Studies,0075-1634,1748-6181,2026-04-30,NA,tf2025bibsam
Japan Forum,0955-5803,1469-932X,2026-04-30,NA,tf2025bibsam
Japanese Studies,1037-1397,1469-9338,2026-04-30,NA,tf2025bibsam
Javnost - The Public : Journal of the European Institute for Communication and Culture,1318-3222,1854-8377,2026-04-30,NA,tf2025bibsam
Jazz Perspectives,1749-4060,1749-4079,2026-04-30,NA,tf2025bibsam
Jewish Culture and History,1462-169X,2167-9428,2026-04-30,NA,tf2025bibsam
Journal for Cultural Research,1479-7585,1740-1666,2026-04-30,NA,tf2025bibsam
Journal for Peace and Nuclear Disarmament,NA,2575-1654,2026-04-30,NA,tf2025bibsam
Journal for the Study of Spirituality,2044-0243,2044-0251,2026-04-30,NA,tf2025bibsam
Journal for the Study of Sports and Athletes in Education,1935-7397,1935-7400,2026-04-30,NA,tf2025bibsam
Journal of Access Services,1536-7967,1536-7975,2026-04-30,NA,tf2025bibsam
Journal of Addictive Diseases,1055-0887,1545-0848,2026-04-30,NA,tf2025bibsam
Journal of Adhesion Science and Technology,0169-4243,1568-5616,2026-04-30,NA,tf2025bibsam
Journal of Adventure Education and Outdoor Learning,1472-9679,1754-0402,2026-04-30,NA,tf2025bibsam
Journal of Advertising,0091-3367,1557-7805,2026-04-30,NA,tf2025bibsam
Journal of Advertising Research,0021-8499,1740-1909,2026-04-30,NA,tf2025bibsam
Journal of Aesthetics & Culture,NA,2000-4214,2026-04-30,NA,tf2025bibsam
Journal of Aesthetics and Phenomenology,2053-9320,2053-9339,2026-04-30,NA,tf2025bibsam
Journal of African Business,1522-8916,1522-9076,2026-04-30,NA,tf2025bibsam
Journal of African Cultural Studies,1369-6815,1469-9346,2026-04-30,NA,tf2025bibsam
Journal of African Diaspora Archaeology and Heritage,2161-9441,2161-9468,2026-04-30,NA,tf2025bibsam
"Journal of Aggression, Maltreatment & Trauma",1092-6771,1545-083X,2026-04-30,NA,tf2025bibsam
Journal of Aging & Social Policy,0895-9420,1545-0821,2026-04-30,NA,tf2025bibsam
Journal of Aging and Environment,2689-2618,2689-2626,2026-04-30,NA,tf2025bibsam
Journal of Agricultural & Food Information,1049-6505,1540-4722,2026-04-30,NA,tf2025bibsam
Journal of Agromedicine,1059-924X,1545-0813,2026-04-30,NA,tf2025bibsam
Journal of American College Health,0744-8481,1940-3208,2026-04-30,NA,tf2025bibsam
Journal of Apicultural Research,0021-8839,2078-6913,2026-04-30,NA,tf2025bibsam
Journal of Applied Animal Research,0971-2119,0974-1844,2026-04-30,NA,tf2025bibsam
Journal of Applied Animal Welfare Science,1088-8705,1532-7604,2026-04-30,NA,tf2025bibsam
Journal of Applied Aquaculture,1045-4438,1545-0805,2026-04-30,NA,tf2025bibsam
Journal of Applied Communication Research,0090-9882,1479-5752,2026-04-30,NA,tf2025bibsam
Journal of Applied Economics,1514-0326,1667-6726,2026-04-30,NA,tf2025bibsam
Journal of Applied Non-Classical Logics,1166-3081,1958-5780,2026-04-30,NA,tf2025bibsam
Journal of Applied School Psychology,1537-7903,1537-7911,2026-04-30,NA,tf2025bibsam
Journal of Applied Security Research,1936-1610,1936-1629,2026-04-30,NA,tf2025bibsam
Journal of Applied Sport Psychology,1041-3200,1533-1571,2026-04-30,NA,tf2025bibsam
Journal of Applied Statistics,0266-4763,1360-0532,2026-04-30,NA,tf2025bibsam
Journal of Applied Statistics: Environmental Statistics and Data Science,2998-4688,2998-4696,2026-04-30,NA,tf2025bibsam
Journal of Applied Water Engineering and Research,NA,2324-9676,2026-04-30,NA,tf2025bibsam
Journal of Aquatic Food Product Technology,1049-8850,1547-0636,2026-04-30,NA,tf2025bibsam
"Journal of Arabian Studies : Arabia, the Gulf, and the Red Sea",2153-4764,2153-4780,2026-04-30,NA,tf2025bibsam
Journal of Architectural Conservation,1355-6207,2326-6384,2026-04-30,NA,tf2025bibsam
Journal of Architectural Education,1046-4883,1531-314X,2026-04-30,NA,tf2025bibsam
Journal of Archival Organization,1533-2748,1533-2756,2026-04-30,NA,tf2025bibsam
Journal of Asian Architecture and Building Engineering,1346-7581,1347-2852,2026-04-30,NA,tf2025bibsam
Journal of Asian Ceramic Societies,NA,2187-0764,2026-04-30,NA,tf2025bibsam
Journal of Asian Natural Products Research,1028-6020,1477-2213,2026-04-30,NA,tf2025bibsam
Journal of Asian Public Policy,1751-6234,1751-6242,2026-04-30,NA,tf2025bibsam
Journal of Asthma,0277-0903,1532-4303,2026-04-30,NA,tf2025bibsam
Journal of Australian Studies,1444-3058,1835-6419,2026-04-30,NA,tf2025bibsam
Journal of Balkan and Near Eastern Studies,1944-8953,1944-8961,2026-04-30,NA,tf2025bibsam
Journal of Baltic Studies,0162-9778,1751-7877,2026-04-30,NA,tf2025bibsam
Journal of Behavioral Finance,1542-7560,1542-7579,2026-04-30,NA,tf2025bibsam
Journal of Beliefs & Values : Studies in Religion & Education,1361-7672,1469-9362,2026-04-30,NA,tf2025bibsam
Journal of Binocular Vision and Ocular Motility,2576-117X,2576-1218,2026-04-30,NA,tf2025bibsam
Journal of Biological Dynamics,1751-3758,1751-3766,2026-04-30,NA,tf2025bibsam
Journal of Biological Education,0021-9266,2157-6009,2026-04-30,NA,tf2025bibsam
"Journal of Biomaterials Science, Polymer Edition",0920-5063,1568-5624,2026-04-30,NA,tf2025bibsam
Journal of Biomolecular Structure and Dynamics,0739-1102,1538-0254,2026-04-30,NA,tf2025bibsam
Journal of Biopharmaceutical Statistics,1054-3406,1520-5711,2026-04-30,NA,tf2025bibsam
Journal of Bisexuality,1529-9716,1529-9724,2026-04-30,NA,tf2025bibsam
Journal of Borderlands Studies,0886-5655,2159-1229,2026-04-30,NA,tf2025bibsam
Journal of Broadcasting & Electronic Media,0883-8151,1550-6878,2026-04-30,NA,tf2025bibsam
Journal of Bryology,0373-6687,1743-2820,2026-04-30,NA,tf2025bibsam
Journal of Building Performance Simulation,1940-1493,1940-1507,2026-04-30,NA,tf2025bibsam
Journal of Business & Economic Statistics,0735-0015,1537-2707,2026-04-30,NA,tf2025bibsam
Journal of Business & Finance Librarianship,0896-3568,1547-0644,2026-04-30,NA,tf2025bibsam
Journal of Business Analytics,2573-234X,2573-2358,2026-04-30,NA,tf2025bibsam
Journal of Business-to-Business Marketing,1051-712X,1547-0628,2026-04-30,NA,tf2025bibsam
Journal of Carbohydrate Chemistry,0732-8303,1532-2327,2026-04-30,NA,tf2025bibsam
Journal of Change Management : Reframing Leadership and Organizational Practice,1469-7017,1479-1811,2026-04-30,NA,tf2025bibsam
Journal of Chemical Engineering of Japan,0021-9592,1881-1299,2026-04-30,NA,tf2025bibsam
Journal of Chemotherapy,1120-009X,1973-9478,2026-04-30,NA,tf2025bibsam
Journal of Child & Adolescent Mental Health,1728-0583,1728-0591,2026-04-30,NA,tf2025bibsam
Journal of Child & Adolescent Substance Use,2997-3368,2997-3376,2026-04-30,NA,tf2025bibsam
Journal of Child and Adolescent Counseling,2372-7810,2372-7829,2026-04-30,NA,tf2025bibsam
Journal of Child Psychotherapy,0075-417X,1469-9370,2026-04-30,NA,tf2025bibsam
"Journal of Child Sexual Abuse : Research, Treatment & Program Innovations for Sexual Victimization Across the Lifespan",1053-8712,1547-0679,2026-04-30,NA,tf2025bibsam
Journal of Children and Media,1748-2798,1748-2801,2026-04-30,NA,tf2025bibsam
Journal of China Tourism Research,1938-8160,1938-8179,2026-04-30,NA,tf2025bibsam
Journal of Chinese Cinemas,1750-8061,1750-807X,2026-04-30,NA,tf2025bibsam
Journal of Chinese Economic and Business Studies,1476-5284,1476-5292,2026-04-30,NA,tf2025bibsam
Journal of Chinese Governance,2381-2346,2381-2354,2026-04-30,NA,tf2025bibsam
Journal of Civil Society,1744-8689,1744-8697,2026-04-30,NA,tf2025bibsam
Journal of Clinical and Experimental Neuropsychology,1380-3395,1744-411X,2026-04-30,NA,tf2025bibsam
Journal of Clinical Child & Adolescent Psychology,1537-4416,1537-4424,2026-04-30,NA,tf2025bibsam
Journal of Clinical Practice in Speech-Language Pathology,2200-0259,2208-7168,2026-04-30,NA,tf2025bibsam
Journal of CME,NA,2833-8073,2026-04-30,NA,tf2025bibsam
Journal of Cognition and Development,1524-8372,1532-7647,2026-04-30,NA,tf2025bibsam
Journal of Cognitive Psychology,2044-5911,2044-592X,2026-04-30,NA,tf2025bibsam
Journal of College and Character,2194-587X,1940-1639,2026-04-30,NA,tf2025bibsam
Journal of College Science Teaching,0047-231X,1943-4898,2026-04-30,NA,tf2025bibsam
Journal of College Student Mental Health,2836-7138,2836-7146,2026-04-30,NA,tf2025bibsam
"Journal of Communication in Healthcare : Strategies, Media and Engagement in Global Health",1753-8068,1753-8076,2026-04-30,NA,tf2025bibsam
Journal of Community Archaeology & Heritage,2051-8196,2051-820X,2026-04-30,NA,tf2025bibsam
Journal of Community Health Nursing,0737-0016,1532-7655,2026-04-30,NA,tf2025bibsam
Journal of Community Practice,1070-5422,1543-3706,2026-04-30,NA,tf2025bibsam
Journal of Comparative Policy Analysis: Research and Practice,1387-6988,1572-5448,2026-04-30,NA,tf2025bibsam
Journal of Computational and Graphical Statistics,1061-8600,1537-2715,2026-04-30,NA,tf2025bibsam
Journal of Computational and Theoretical Transport,2332-4309,2332-4325,2026-04-30,NA,tf2025bibsam
Journal of Computer Information Systems,0887-4417,2380-2057,2026-04-30,NA,tf2025bibsam
Journal of Conflict Archaeology,1574-0773,1574-0781,2026-04-30,NA,tf2025bibsam
Journal of Constructivist Psychology,1072-0537,1521-0650,2026-04-30,NA,tf2025bibsam
Journal of Consumer Health on the Internet,1539-8285,1539-8293,2026-04-30,NA,tf2025bibsam
Journal of Contemporary African Studies,0258-9001,1469-9397,2026-04-30,NA,tf2025bibsam
Journal of Contemporary Asia,0047-2336,1752-7554,2026-04-30,NA,tf2025bibsam
Journal of Contemporary China,1067-0564,1469-9400,2026-04-30,NA,tf2025bibsam
Journal of Contemporary East Asia Studies,2476-1028,2476-1036,2026-04-30,NA,tf2025bibsam
Journal of Contemporary European Studies,1478-2804,1478-2790,2026-04-30,NA,tf2025bibsam
Journal of Contemporary Religion,1353-7903,1469-9419,2026-04-30,NA,tf2025bibsam
Journal of Control and Decision,2330-7706,2330-7714,2026-04-30,NA,tf2025bibsam
Journal of Convention & Event Tourism,1547-0148,1547-0156,2026-04-30,NA,tf2025bibsam
Journal of Coordination Chemistry,0095-8972,1029-0389,2026-04-30,NA,tf2025bibsam
Journal of Corporate Law Studies,1473-5970,1757-8426,2026-04-30,NA,tf2025bibsam
Journal of Cosmetic and Laser Therapy,1476-4172,1476-4180,2026-04-30,NA,tf2025bibsam
Journal of Counselor Leadership and Advocacy,2326-716X,2326-7178,2026-04-30,NA,tf2025bibsam
Journal of Couple & Relationship Therapy : Innovations in Clinical and Educational Interventions,1533-2691,1533-2683,2026-04-30,NA,tf2025bibsam
Journal of Creativity in Mental Health,1540-1383,1540-1391,2026-04-30,NA,tf2025bibsam
Journal of Crime and Justice,0735-648X,2158-9119,2026-04-30,NA,tf2025bibsam
Journal of Criminal Justice Education,1051-1253,1745-9117,2026-04-30,NA,tf2025bibsam
Journal of Critical Realism,1476-7430,1572-5138,2026-04-30,NA,tf2025bibsam
Journal of Crop Improvement,1542-7528,1542-7536,2026-04-30,NA,tf2025bibsam
Journal of Culinary Science & Technology,1542-8052,1542-8044,2026-04-30,NA,tf2025bibsam
Journal of Cultural Economy,1753-0350,1753-0369,2026-04-30,NA,tf2025bibsam
Journal of Cultural Geography,0887-3631,1940-6320,2026-04-30,NA,tf2025bibsam
Journal of Current Issues & Research in Advertising,1064-1734,2164-7313,2026-04-30,NA,tf2025bibsam
Journal of Curriculum and Pedagogy,1550-5170,2156-8154,2026-04-30,NA,tf2025bibsam
Journal of Curriculum Studies,0022-0272,1366-5839,2026-04-30,NA,tf2025bibsam
Journal of Cyber Policy,2373-8871,2373-8898,2026-04-30,NA,tf2025bibsam
Journal of Cyber Security Technology,2374-2917,2374-2925,2026-04-30,NA,tf2025bibsam
Journal of Dance Education,1529-0824,2158-074X,2026-04-30,NA,tf2025bibsam
Journal of Decision Systems,1246-0125,2116-7052,2026-04-30,NA,tf2025bibsam
Journal of Dermato-Oncology,NA,2994-4376,2026-04-30,NA,tf2025bibsam
Journal of Dermatological Treatment,0954-6634,1471-1753,2026-04-30,NA,tf2025bibsam
Journal of Development Effectiveness,1943-9342,1943-9407,2026-04-30,NA,tf2025bibsam
Journal of Dietary Supplements,1939-0211,1939-022X,2026-04-30,NA,tf2025bibsam
Journal of Difference Equations and Applications,1023-6198,1563-5120,2026-04-30,NA,tf2025bibsam
Journal of Digital Learning in Teacher Education,2153-2974,2332-7383,2026-04-30,NA,tf2025bibsam
Journal of Disability & Religion,2331-2521,2331-253X,2026-04-30,NA,tf2025bibsam
Journal of Dispersion Science and Technology,0193-2691,1532-2351,2026-04-30,NA,tf2025bibsam
Journal of Drug Targeting,1061-186X,1029-2330,2026-04-30,NA,tf2025bibsam
Journal of Dual Diagnosis : research and practice in substance abuse comorbidity,1550-4263,1550-4271,2026-04-30,NA,tf2025bibsam
Journal of Early Childhood Teacher Education,1090-1027,1745-5642,2026-04-30,NA,tf2025bibsam
Journal of Early Christian History,2222-582X,2471-4054,2026-04-30,NA,tf2025bibsam
Journal of Earthquake Engineering,1363-2469,1559-808X,2026-04-30,NA,tf2025bibsam
Journal of East-West Business,1066-9868,1528-6959,2026-04-30,NA,tf2025bibsam
Journal of Eastern African Studies,1753-1055,1753-1063,2026-04-30,NA,tf2025bibsam
Journal of Ecohydraulics,2470-5357,2470-5365,2026-04-30,NA,tf2025bibsam
Journal of Economic Issues,0021-3624,1946-326X,2026-04-30,NA,tf2025bibsam
Journal of Economic Methodology,1350-178X,1469-9427,2026-04-30,NA,tf2025bibsam
Journal of Economic Policy Reform,1748-7870,1748-7889,2026-04-30,NA,tf2025bibsam
Journal of Ecotourism,1472-4049,1747-7638,2026-04-30,NA,tf2025bibsam
Journal of Education and Work,1363-9080,1469-9435,2026-04-30,NA,tf2025bibsam
Journal of Education for Business,0883-2323,1940-3356,2026-04-30,NA,tf2025bibsam
Journal of Education for Students Placed at Risk (JESPAR),1082-4669,1532-7671,2026-04-30,NA,tf2025bibsam
Journal of Education for Teaching : International research and pedagogy,0260-7476,1360-0540,2026-04-30,NA,tf2025bibsam
Journal of Education Policy,0268-0939,1464-5106,2026-04-30,NA,tf2025bibsam
Journal of Educational Administration and History,0022-0620,1478-7431,2026-04-30,NA,tf2025bibsam
Journal of Educational and Psychological Consultation,1047-4412,1532-768X,2026-04-30,NA,tf2025bibsam
Journal of Elder Abuse & Neglect,0894-6566,1540-4129,2026-04-30,NA,tf2025bibsam
Journal of Electromagnetic Waves and Applications,0920-5071,1569-3937,2026-04-30,NA,tf2025bibsam
Journal of Electronic Resources in Medical Libraries,1542-4065,1542-4073,2026-04-30,NA,tf2025bibsam
Journal of Electronic Resources Librarianship,1941-126X,1941-1278,2026-04-30,NA,tf2025bibsam
"Journal of Endocrinology, Metabolism and Diabetes of South Africa",1608-9677,2220-1009,2026-04-30,NA,tf2025bibsam
Journal of Energetic Materials,0737-0652,1545-8822,2026-04-30,NA,tf2025bibsam
Journal of Energy & Natural Resources Law,0264-6811,2376-4538,2026-04-30,NA,tf2025bibsam
Journal of Engineering Design,0954-4828,1466-1837,2026-04-30,NA,tf2025bibsam
Journal of Environmental Economics and Policy,2160-6544,2160-6552,2026-04-30,NA,tf2025bibsam
Journal of Environmental Planning and Management,0964-0568,1360-0559,2026-04-30,NA,tf2025bibsam
"Journal of Environmental Science and Health, Part A : Toxic/Hazardous Substances and Environmental Engineering",1093-4529,1532-4117,2026-04-30,NA,tf2025bibsam
"Journal of Environmental Science and Health, Part B : Pesticides, Food Contaminants, and Agricultural Wastes",0360-1234,1532-4109,2026-04-30,NA,tf2025bibsam
"Journal of Environmental Science and Health, Part C : Toxicology and Carcinogenesis",2689-6583,2689-6591,2026-04-30,NA,tf2025bibsam
Journal of Enzyme Inhibition and Medicinal Chemistry,1475-6366,1475-6374,2026-04-30,NA,tf2025bibsam
Journal of Essential Oil Research,1041-2905,2163-8152,2026-04-30,NA,tf2025bibsam
Journal of Ethnic & Cultural Diversity in Social Work,1531-3204,1531-3212,2026-04-30,NA,tf2025bibsam
Journal of Ethnicity in Criminal Justice,1537-7938,1537-7946,2026-04-30,NA,tf2025bibsam
Journal of Ethnicity in Substance Abuse,1533-2640,1533-2659,2026-04-30,NA,tf2025bibsam
Journal of European Integration,0703-6337,1477-2280,2026-04-30,NA,tf2025bibsam
Journal of European Public Policy,1350-1763,1466-4429,2026-04-30,NA,tf2025bibsam
Journal of Evidence-Based Social Work,2640-8066,2640-8074,2026-04-30,NA,tf2025bibsam
Journal of Experimental & Theoretical Artificial Intelligence,0952-813X,1362-3079,2026-04-30,NA,tf2025bibsam
Journal of Experimental Nanoscience,1745-8080,1745-8099,2026-04-30,NA,tf2025bibsam
Journal of Family Communication,1526-7431,1532-7698,2026-04-30,NA,tf2025bibsam
Journal of Family Social Work,1052-2158,1540-4072,2026-04-30,NA,tf2025bibsam
Journal of Family Studies,1322-9400,1839-3543,2026-04-30,NA,tf2025bibsam
"Journal of Family Trauma, Child Custody & Child Development",2690-4586,2690-4594,2026-04-30,NA,tf2025bibsam
Journal of Feminist Family Therapy,0895-2833,1540-4099,2026-04-30,NA,tf2025bibsam
Journal of Field Archaeology,0093-4690,2042-4582,2026-04-30,NA,tf2025bibsam
Journal of First-generation Student Success,2690-6015,2690-6023,2026-04-30,NA,tf2025bibsam
Journal of Food Products Marketing,1045-4446,1540-4102,2026-04-30,NA,tf2025bibsam
Journal of Foodservice Business Research,1537-8020,1537-8039,2026-04-30,NA,tf2025bibsam
Journal of Forensic Psychology Research and Practice,2473-2850,2473-2842,2026-04-30,NA,tf2025bibsam
Journal of Forest Research,1341-6979,1610-7403,2026-04-30,NA,tf2025bibsam
Journal of Freshwater Ecology,0270-5060,2156-6941,2026-04-30,NA,tf2025bibsam
Journal of Further and Higher Education,0309-877X,1469-9486,2026-04-30,NA,tf2025bibsam
Journal of Gay & Lesbian Mental Health,1935-9705,1935-9713,2026-04-30,NA,tf2025bibsam
Journal of Gender Studies,0958-9236,1465-3869,2026-04-30,NA,tf2025bibsam
Journal of Genocide Research,1462-3528,1469-9494,2026-04-30,NA,tf2025bibsam
Journal of Geography,0022-1341,1752-6868,2026-04-30,NA,tf2025bibsam
Journal of Geography in Higher Education,0309-8265,1466-1845,2026-04-30,NA,tf2025bibsam
Journal of Geoscience Education,1089-9995,2158-1428,2026-04-30,NA,tf2025bibsam
Journal of Gerontological Social Work,0163-4372,1540-4048,2026-04-30,NA,tf2025bibsam
Journal of Global Ethics,1744-9626,1744-9634,2026-04-30,NA,tf2025bibsam
Journal of Global Fashion Marketing,2093-2685,2325-4483,2026-04-30,NA,tf2025bibsam
Journal of Global Information Technology Management,1097-198X,2333-6846,2026-04-30,NA,tf2025bibsam
Journal of Global Marketing,0891-1762,1528-6975,2026-04-30,NA,tf2025bibsam
Journal of Global Scholars of Marketing Science,2163-9159,2163-9167,2026-04-30,NA,tf2025bibsam
Journal of Global Sport Management,2470-4067,2470-4075,2026-04-30,NA,tf2025bibsam
Journal of Graphic Novels and Comics,2150-4857,2150-4865,2026-04-30,NA,tf2025bibsam
Journal of Health Care Chaplaincy,0885-4726,1528-6916,2026-04-30,NA,tf2025bibsam
Journal of Health Communication : International Perspectives,1081-0730,1087-0415,2026-04-30,NA,tf2025bibsam
Journal of Health Equity,NA,2994-4694,2026-04-30,NA,tf2025bibsam
"Journal of Herbs, Spices & Medicinal Plants",1049-6475,1540-3580,2026-04-30,NA,tf2025bibsam
Journal of Heritage Tourism,1743-873X,1747-6631,2026-04-30,NA,tf2025bibsam
Journal of Histotechnology,0147-8885,2046-0236,2026-04-30,NA,tf2025bibsam
Journal of HIV/AIDS & Social Services,1538-1501,1538-151X,2026-04-30,NA,tf2025bibsam
Journal of Homosexuality,0091-8369,1540-3602,2026-04-30,NA,tf2025bibsam
Journal of Hospital Librarianship,1532-3269,1532-3277,2026-04-30,NA,tf2025bibsam
Journal of Hospitality & Tourism Education,1096-3758,2325-6540,2026-04-30,NA,tf2025bibsam
Journal of Hospitality Marketing & Management,1936-8623,1936-8631,2026-04-30,NA,tf2025bibsam
Journal of Housing Research,1052-7001,2691-1337,2026-04-30,NA,tf2025bibsam
Journal of Human Behavior in the Social Environment,1091-1359,1540-3556,2026-04-30,NA,tf2025bibsam
Journal of Human Resources in Hospitality & Tourism,1533-2845,1533-2853,2026-04-30,NA,tf2025bibsam
Journal of Human Trafficking,2332-2705,2332-2713,2026-04-30,NA,tf2025bibsam
Journal of Hunger & Environmental Nutrition,1932-0248,1932-0256,2026-04-30,NA,tf2025bibsam
Journal of Hydraulic Research,0022-1686,1814-2079,2026-04-30,NA,tf2025bibsam
Journal of Iberian and Latin American Research,1326-0219,2151-9668,2026-04-30,NA,tf2025bibsam
Journal of Immigrant & Refugee Studies,1556-2948,1556-2956,2026-04-30,NA,tf2025bibsam
Journal of Immunoassay and Immunochemistry,1532-1819,1532-4230,2026-04-30,NA,tf2025bibsam
Journal of Immunotoxicology,1547-691X,1547-6901,2026-04-30,NA,tf2025bibsam
Journal of Industrial and Production Engineering,2168-1015,2168-1023,2026-04-30,NA,tf2025bibsam
"Journal of Infant, Child, and Adolescent Psychotherapy",1528-9168,1940-9214,2026-04-30,NA,tf2025bibsam
Journal of Information and Telecommunication,2475-1839,2475-1847,2026-04-30,NA,tf2025bibsam
Journal of Information Technology & Politics,1933-1681,1933-169X,2026-04-30,NA,tf2025bibsam
Journal of Information Technology Case and Application Research,1522-8053,2333-6897,2026-04-30,NA,tf2025bibsam
Journal of Integrative Environmental Sciences,1943-815X,1943-8168,2026-04-30,NA,tf2025bibsam
Journal of Intelligence History,1616-1262,2169-5601,2026-04-30,NA,tf2025bibsam
"Journal of Intelligent Transportation Systems : Technology, Planning, and Operations",1547-2450,1547-2442,2026-04-30,NA,tf2025bibsam
Journal of Interactive Advertising,NA,1525-2019,2026-04-30,NA,tf2025bibsam
Journal of Intercultural Communication Research,1747-5759,1747-5767,2026-04-30,NA,tf2025bibsam
Journal of Intergenerational Relationships,1535-0770,1535-0932,2026-04-30,NA,tf2025bibsam
Journal of International and Intercultural Communication,1751-3057,1751-3065,2026-04-30,NA,tf2025bibsam
Journal of International Consumer Marketing,0896-1530,1528-7068,2026-04-30,NA,tf2025bibsam
Journal of International Food & Agribusiness Marketing,0897-4438,1528-6983,2026-04-30,NA,tf2025bibsam
"Journal of International Maritime Safety, Environmental Affairs, and Shipping",NA,2572-5084,2026-04-30,NA,tf2025bibsam
Journal of International Wildlife Law & Policy,1388-0292,1548-1476,2026-04-30,NA,tf2025bibsam
Journal of Internet Commerce,1533-2861,1533-287X,2026-04-30,NA,tf2025bibsam
Journal of Interprofessional Care,1356-1820,1469-9567,2026-04-30,NA,tf2025bibsam
Journal of Intervention and Statebuilding,1750-2977,1750-2985,2026-04-30,NA,tf2025bibsam
Journal of Investigative Surgery,0894-1939,1521-0553,2026-04-30,NA,tf2025bibsam
Journal of Island and Coastal Archaeology,1556-4894,1556-1828,2026-04-30,NA,tf2025bibsam
"Journal of Israeli History : Politics, Society, Culture",1353-1042,1744-0548,2026-04-30,NA,tf2025bibsam
Journal of Japanese and Korean Cinema,1756-4905,1756-4913,2026-04-30,NA,tf2025bibsam
Journal of Jewish Education,1524-4113,1554-611X,2026-04-30,NA,tf2025bibsam
Journal of Land Use Science,1747-423X,1747-4248,2026-04-30,NA,tf2025bibsam
Journal of Landscape Architecture,1862-6033,2164-604X,2026-04-30,NA,tf2025bibsam
"Journal of Language, Identity & Education",1534-8458,1532-7701,2026-04-30,NA,tf2025bibsam
"Journal of Language, Literature and Culture",2051-2856,2051-2864,2026-04-30,NA,tf2025bibsam
Journal of Latinos and Education,1534-8431,1532-771X,2026-04-30,NA,tf2025bibsam
Journal of Legal Medicine,0194-7648,1521-057X,2026-04-30,NA,tf2025bibsam
Journal of Leisure Research,0022-2216,2159-6417,2026-04-30,NA,tf2025bibsam
Journal of Lesbian Studies,1089-4160,1540-3548,2026-04-30,NA,tf2025bibsam
Journal of LGBTQ Issues in Counseling,2692-4951,2692-496X,2026-04-30,NA,tf2025bibsam
Journal of Library & Information Services in Distance Learning,1533-290X,1533-2918,2026-04-30,NA,tf2025bibsam
Journal of Library Administration,0193-0826,1540-3564,2026-04-30,NA,tf2025bibsam
Journal of Library Metadata,1938-6389,1937-5034,2026-04-30,NA,tf2025bibsam
Journal of Library Resource Sharing,2691-5979,2691-5995,2026-04-30,NA,tf2025bibsam
Journal of Liposome Research,0898-2104,1532-2394,2026-04-30,NA,tf2025bibsam
Journal of Liquid Chromatography & Related Technologies,1082-6076,1520-572X,2026-04-30,NA,tf2025bibsam
Journal of Location Based Services,1748-9725,1748-9733,2026-04-30,NA,tf2025bibsam
Journal of Loss and Trauma : International Perspectives on Stress & Coping,1532-5024,1532-5032,2026-04-30,NA,tf2025bibsam
"Journal of Macromolecular Science, Part A : Pure and Applied Chemistry",1060-1325,1520-5738,2026-04-30,NA,tf2025bibsam
"Journal of Macromolecular Science, Part B : Physics",0022-2348,1525-609X,2026-04-30,NA,tf2025bibsam
Journal of Management Analytics,2327-0012,2327-0039,2026-04-30,NA,tf2025bibsam
Journal of Management Information Systems,0742-1222,1557-928X,2026-04-30,NA,tf2025bibsam
Journal of Manual & Manipulative Therapy,1066-9817,2042-6186,2026-04-30,NA,tf2025bibsam
"Journal of Map & Geography Libraries : Advances in Geospatial Information, Collections & Archives",1542-0353,1542-0361,2026-04-30,NA,tf2025bibsam
Journal of Maps,NA,1744-5647,2026-04-30,NA,tf2025bibsam
Journal of Marine Engineering & Technology,2046-4177,2056-8487,2026-04-30,NA,tf2025bibsam
Journal of Marketing Communications,1352-7266,1466-4445,2026-04-30,NA,tf2025bibsam
Journal of Marketing for Higher Education,0884-1241,1540-7144,2026-04-30,NA,tf2025bibsam
Journal of Marketing Management,0267-257X,1472-1376,2026-04-30,NA,tf2025bibsam
Journal of Marketing Theory and Practice,1069-6679,1944-7175,2026-04-30,NA,tf2025bibsam
"Journal of Mathematics and Music : Mathematical and Computational Approaches to Music Theory, Analysis, Composition and Performance",1745-9737,1745-9745,2026-04-30,NA,tf2025bibsam
Journal of Mathematics and the Arts,1751-3472,1751-3480,2026-04-30,NA,tf2025bibsam
Journal of Media and Religion,1534-8423,1534-8415,2026-04-30,NA,tf2025bibsam
Journal of Media Business Studies,1652-2354,2376-2977,2026-04-30,NA,tf2025bibsam
Journal of Media Economics,0899-7764,1532-7736,2026-04-30,NA,tf2025bibsam
Journal of Media Ethics : Exploring Questions of Media Morality,2373-6992,2373-700X,2026-04-30,NA,tf2025bibsam
Journal of Media Law,1757-7632,1757-7640,2026-04-30,NA,tf2025bibsam
Journal of Medical Economics,1369-6998,1941-837X,2026-04-30,NA,tf2025bibsam
Journal of Medical Engineering & Technology,0309-1902,1464-522X,2026-04-30,NA,tf2025bibsam
Journal of Medieval History,0304-4181,1873-1279,2026-04-30,NA,tf2025bibsam
Journal of Medieval Iberian Studies,1754-6559,1754-6567,2026-04-30,NA,tf2025bibsam
Journal of Mental Health,0963-8237,1360-0567,2026-04-30,NA,tf2025bibsam
Journal of Mental Health Research in Intellectual Disabilities,1931-5864,1931-5872,2026-04-30,NA,tf2025bibsam
Journal of Microencapsulation : Micro and Nano Carriers,0265-2048,1464-5246,2026-04-30,NA,tf2025bibsam
Journal of Microwave Power and Electromagnetic Energy,0832-7823,NA,2026-04-30,NA,tf2025bibsam
Journal of Military Ethics,1502-7570,1502-7589,2026-04-30,NA,tf2025bibsam
"Journal of Military Social Work and Behavioral Health Services : An International Journal of Theory, Practice & Research",2836-7472,2836-7499,2026-04-30,NA,tf2025bibsam
"Journal of Mitochondria, Plastids and Endosymbiosis",NA,2834-7056,2026-04-30,NA,tf2025bibsam
Journal of Modern Chinese History,1753-5654,1753-5662,2026-04-30,NA,tf2025bibsam
Journal of Modern Italian Studies,1354-571X,1469-9583,2026-04-30,NA,tf2025bibsam
Journal of Modern Jewish Studies,1472-5886,1472-5894,2026-04-30,NA,tf2025bibsam
Journal of Modern Optics,0950-0340,1362-3044,2026-04-30,NA,tf2025bibsam
Journal of Motor Behavior,0022-2895,1940-1027,2026-04-30,NA,tf2025bibsam
Journal of Multicultural Discourses,1744-7143,1747-6615,2026-04-30,NA,tf2025bibsam
Journal of Multilingual and Multicultural Development,0143-4632,1747-7557,2026-04-30,NA,tf2025bibsam
Journal of Museum Education,1059-8650,2051-6169,2026-04-30,NA,tf2025bibsam
Journal of Musicological Research,0141-1896,1547-7304,2026-04-30,NA,tf2025bibsam
Journal of Natural Fibers,1544-0478,1544-046X,2026-04-30,NA,tf2025bibsam
Journal of Natural History,0022-2933,1464-5262,2026-04-30,NA,tf2025bibsam
Journal of Neurogenetics,0167-7063,1563-5260,2026-04-30,NA,tf2025bibsam
Journal of New Music Research,0929-8215,1744-5027,2026-04-30,NA,tf2025bibsam
Journal of Nonparametric Statistics,1048-5252,1029-0311,2026-04-30,NA,tf2025bibsam
Journal of Nonprofit & Public Sector Marketing,1049-5142,1540-6997,2026-04-30,NA,tf2025bibsam
Journal of Nuclear Science and Technology,0022-3131,1881-1248,2026-04-30,NA,tf2025bibsam
Journal of Nutrition in Gerontology and Geriatrics,2155-1197,2155-1200,2026-04-30,NA,tf2025bibsam
Journal of Obstetrics and Gynaecology,0144-3615,1364-6893,2026-04-30,NA,tf2025bibsam
Journal of Occupational and Environmental Hygiene,1545-9624,1545-9632,2026-04-30,NA,tf2025bibsam
Journal of Occupational Science,1442-7591,2158-1576,2026-04-30,NA,tf2025bibsam
"Journal of Occupational Therapy, Schools, & Early Intervention",1941-1243,1941-1251,2026-04-30,NA,tf2025bibsam
Journal of Operational Oceanography,1755-876X,1755-8778,2026-04-30,NA,tf2025bibsam
Journal of Oral Microbiology,NA,2000-2297,2026-04-30,NA,tf2025bibsam
Journal of Organizational Behavior Management,0160-8061,1540-8604,2026-04-30,NA,tf2025bibsam
Journal of Organizational Computing and Electronic Commerce,1091-9392,1532-7744,2026-04-30,NA,tf2025bibsam
Journal of Pain & Palliative Care Pharmacotherapy,1536-0288,1536-0539,2026-04-30,NA,tf2025bibsam
Journal of Palestine Studies,0377-919X,1533-8614,2026-04-30,NA,tf2025bibsam
Journal of Paper Conservation,1868-0860,2057-1682,2026-04-30,NA,tf2025bibsam
Journal of Pastoral Theology,1064-9867,2161-4504,2026-04-30,NA,tf2025bibsam
Journal of Pentecostal and Charismatic Christianity,2769-1616,2769-1624,2026-04-30,NA,tf2025bibsam
Journal of Personal Selling & Sales Management,0885-3134,1557-7813,2026-04-30,NA,tf2025bibsam
Journal of Personality Assessment,0022-3891,1532-7752,2026-04-30,NA,tf2025bibsam
Journal of Pharmaceutical Policy and Practice,NA,2052-3211,2026-04-30,NA,tf2025bibsam
"Journal of Physical Education, Recreation & Dance",0730-3084,2168-3816,2026-04-30,NA,tf2025bibsam
Journal of Plant Interactions,1742-9145,1742-9153,2026-04-30,NA,tf2025bibsam
Journal of Plant Nutrition,0190-4167,1532-4087,2026-04-30,NA,tf2025bibsam
"Journal of Poetry Therapy : The Interdisciplinary Journal of Practice, Theory, Research and Education",0889-3675,1567-2344,2026-04-30,NA,tf2025bibsam
"Journal of Policing, Intelligence and Counter Terrorism",1833-5330,2159-5364,2026-04-30,NA,tf2025bibsam
"Journal of Policy Research in Tourism, Leisure and Events",1940-7963,1940-7971,2026-04-30,NA,tf2025bibsam
Journal of Political Ideologies,1356-9317,1469-9613,2026-04-30,NA,tf2025bibsam
Journal of Political Marketing,1537-7857,1537-7865,2026-04-30,NA,tf2025bibsam
Journal of Political Power,2158-379X,2158-3803,2026-04-30,NA,tf2025bibsam
Journal of Political Science Education,1551-2169,1551-2177,2026-04-30,NA,tf2025bibsam
Journal of Popular Film and Television,0195-6051,1930-6458,2026-04-30,NA,tf2025bibsam
Journal of Post Keynesian Economics,0160-3477,1557-7821,2026-04-30,NA,tf2025bibsam
Journal of Postcolonial Writing,1744-9855,1744-9863,2026-04-30,NA,tf2025bibsam
Journal of Poverty,1087-5549,1540-7608,2026-04-30,NA,tf2025bibsam
Journal of Prevention & Intervention in the Community,1085-2352,1540-7330,2026-04-30,NA,tf2025bibsam
Journal of Private International Law,1744-1048,1757-8418,2026-04-30,NA,tf2025bibsam
"Journal of Professional Counseling: Practice, Theory & Research",1556-6382,2168-9156,2026-04-30,NA,tf2025bibsam
Journal of Progressive Human Services,1042-8232,1540-7616,2026-04-30,NA,tf2025bibsam
Journal of Promotion Management,1049-6491,1540-7594,2026-04-30,NA,tf2025bibsam
Journal of Property Research,0959-9916,1466-4453,2026-04-30,NA,tf2025bibsam
Journal of Psychoactive Drugs,0279-1072,2159-9777,2026-04-30,NA,tf2025bibsam
Journal of Psychology and AI,NA,2997-4100,2026-04-30,NA,tf2025bibsam
Journal of Psychosocial Oncology,0734-7332,1540-7586,2026-04-30,NA,tf2025bibsam
Journal of Psychosomatic Obstetrics & Gynecology,0167-482X,1743-8942,2026-04-30,NA,tf2025bibsam
Journal of Public Affairs Education,1523-6803,2328-9643,2026-04-30,NA,tf2025bibsam
Journal of Public Child Welfare,1554-8732,1554-8740,2026-04-30,NA,tf2025bibsam
Journal of Public Relations Research,1062-726X,1532-754X,2026-04-30,NA,tf2025bibsam
Journal of Quality Assurance in Hospitality & Tourism,1528-008X,1528-0098,2026-04-30,NA,tf2025bibsam
"Journal of Quality Technology : A Quarterly Journal of Methods, Applications and Related Topics",0022-4065,2575-6230,2026-04-30,NA,tf2025bibsam
Journal of Quantitative Linguistics,0929-6174,1744-5035,2026-04-30,NA,tf2025bibsam
"Journal of Race, Ethnicity and the City",2688-4674,2688-4682,2026-04-30,NA,tf2025bibsam
Journal of Radio & Audio Media,1937-6529,1937-6537,2026-04-30,NA,tf2025bibsam
Journal of Real Estate Literature,0927-7544,1573-8809,2026-04-30,NA,tf2025bibsam
Journal of Real Estate Portfolio Management,1083-5547,2691-1205,2026-04-30,NA,tf2025bibsam
Journal of Real Estate Practice and Education,1521-4842,1930-8914,2026-04-30,NA,tf2025bibsam
Journal of Real Estate Research,0896-5803,2691-1175,2026-04-30,NA,tf2025bibsam
Journal of Receptors and Signal Transduction,1079-9893,1532-4281,2026-04-30,NA,tf2025bibsam
Journal of Relationship Marketing,1533-2667,1533-2675,2026-04-30,NA,tf2025bibsam
Journal of Religion & Spirituality in Social Work: Social Thought,1542-6432,1542-6440,2026-04-30,NA,tf2025bibsam
"Journal of Religion, Spirituality & Aging",1552-8030,1552-8049,2026-04-30,NA,tf2025bibsam
Journal of Religious & Theological Information,1047-7845,1528-6924,2026-04-30,NA,tf2025bibsam
Journal of Reproductive and Infant Psychology,0264-6838,1469-672X,2026-04-30,NA,tf2025bibsam
Journal of Research in Childhood Education,0256-8543,2150-2641,2026-04-30,NA,tf2025bibsam
Journal of Research on Christian Education,1065-6219,1934-4945,2026-04-30,NA,tf2025bibsam
Journal of Research on Educational Effectiveness,1934-5747,1934-5739,2026-04-30,NA,tf2025bibsam
Journal of Research on Technology in Education,1539-1523,1945-0818,2026-04-30,NA,tf2025bibsam
Journal of Responsible Innovation,2329-9460,2329-9037,2026-04-30,NA,tf2025bibsam
Journal of Risk Research,1366-9877,1466-4461,2026-04-30,NA,tf2025bibsam
Journal of School Choice : International Research and Reform,1558-2159,1558-2167,2026-04-30,NA,tf2025bibsam
Journal of School Violence,1538-8220,1538-8239,2026-04-30,NA,tf2025bibsam
Journal of Science Teacher Education,1046-560X,1573-1847,2026-04-30,NA,tf2025bibsam
Journal of Sex & Marital Therapy,0092-623X,1521-0715,2026-04-30,NA,tf2025bibsam
"Journal of Sexual Aggression : An international, interdisciplinary forum for research, theory and practice",1355-2600,1742-6545,2026-04-30,NA,tf2025bibsam
Journal of Simulation,1747-7778,1747-7786,2026-04-30,NA,tf2025bibsam
Journal of Small Business & Entrepreneurship,0827-6331,2169-2610,2026-04-30,NA,tf2025bibsam
Journal of Small Business Management,0047-2778,1540-627X,2026-04-30,NA,tf2025bibsam
Journal of Social Distress and Homelessness,1053-0789,1573-658X,2026-04-30,NA,tf2025bibsam
Journal of Social Entrepreneurship,1942-0676,1942-0684,2026-04-30,NA,tf2025bibsam
Journal of Social Service Research,0148-8376,1540-7314,2026-04-30,NA,tf2025bibsam
Journal of Social Welfare and Family Law,0964-9069,1469-9621,2026-04-30,NA,tf2025bibsam
Journal of Social Work Education,1043-7797,2163-5811,2026-04-30,NA,tf2025bibsam
Journal of Social Work in End-of-Life & Palliative Care,1552-4256,1552-4264,2026-04-30,NA,tf2025bibsam
"Journal of Social Work Practice : Psychotherapeutic Approaches in Health, Welfare and the Community",0265-0533,1465-3885,2026-04-30,NA,tf2025bibsam
Journal of Social Work Practice in the Addictions,1533-256X,1533-2578,2026-04-30,NA,tf2025bibsam
Journal of Soil and Water Conservation,0022-4561,1941-3300,2026-04-30,NA,tf2025bibsam
Journal of Southern African Studies,0305-7070,1465-3893,2026-04-30,NA,tf2025bibsam
Journal of Spanish Cultural Studies,1463-6204,1469-9818,2026-04-30,NA,tf2025bibsam
Journal of Spanish Language Teaching,2324-7797,2324-7800,2026-04-30,NA,tf2025bibsam
Journal of Spatial Science,1449-8596,1836-5655,2026-04-30,NA,tf2025bibsam
Journal of Spirituality in Mental Health,1934-9637,1934-9645,2026-04-30,NA,tf2025bibsam
Journal of Sport & Tourism,1477-5085,1029-5399,2026-04-30,NA,tf2025bibsam
Journal of Sport Psychology in Action,2152-0704,2152-0712,2026-04-30,NA,tf2025bibsam
Journal of Sports Sciences,0264-0414,1466-447X,2026-04-30,NA,tf2025bibsam
Journal of Statistical Computation and Simulation,0094-9655,1563-5163,2026-04-30,NA,tf2025bibsam
Journal of Statistics and Data Science Education,NA,2693-9169,2026-04-30,NA,tf2025bibsam
Journal of Strategic Marketing,0965-254X,1466-4488,2026-04-30,NA,tf2025bibsam
Journal of Strategic Studies,0140-2390,1743-937X,2026-04-30,NA,tf2025bibsam
Journal of Structural Integrity and Maintenance,2470-5314,2470-5322,2026-04-30,NA,tf2025bibsam
Journal of Student Affairs Research and Practice,1949-6591,1949-6605,2026-04-30,NA,tf2025bibsam
Journal of Substance Use,1465-9891,1475-9942,2026-04-30,NA,tf2025bibsam
Journal of Sulfur Chemistry,1741-5993,1741-6000,2026-04-30,NA,tf2025bibsam
Journal of Sustainable Cement-Based Materials,2165-0373,2165-0381,2026-04-30,NA,tf2025bibsam
Journal of Sustainable Finance & Investment,2043-0795,2043-0809,2026-04-30,NA,tf2025bibsam
Journal of Sustainable Forestry,1054-9811,1540-756X,2026-04-30,NA,tf2025bibsam
Journal of Sustainable Real Estate,1949-8276,1949-8284,2026-04-30,NA,tf2025bibsam
Journal of Sustainable Tourism,0966-9582,1747-7646,2026-04-30,NA,tf2025bibsam
Journal of Systematic Palaeontology,1477-2019,1478-0941,2026-04-30,NA,tf2025bibsam
Journal of Taibah University for Science,NA,1658-3655,2026-04-30,NA,tf2025bibsam
Journal of Teaching in International Business,0897-5930,1528-6991,2026-04-30,NA,tf2025bibsam
Journal of Teaching in Social Work,0884-1233,1540-7349,2026-04-30,NA,tf2025bibsam
Journal of Teaching in Travel & Tourism,1531-3220,1531-3239,2026-04-30,NA,tf2025bibsam
Journal of Technology in Human Services,1522-8835,1522-8991,2026-04-30,NA,tf2025bibsam
Journal of Textile Design Research and Practice,2051-1787,2051-1795,2026-04-30,NA,tf2025bibsam
Journal of the African Literature Association,2167-4736,2167-4744,2026-04-30,NA,tf2025bibsam
Journal of the Air & Waste Management Association,1096-2247,2162-2906,2026-04-30,NA,tf2025bibsam
Journal of the American Institute for Conservation,0197-1360,1945-2330,2026-04-30,NA,tf2025bibsam
Journal of the American Nutrition Association,2769-7061,2769-707X,2026-04-30,NA,tf2025bibsam
Journal of the American Planning Association,0194-4363,1939-0130,2026-04-30,NA,tf2025bibsam
Journal of the American Society of Brewing Chemists : The Science of Beer,0361-0470,1943-7854,2026-04-30,NA,tf2025bibsam
Journal of the American Statistical Association,0162-1459,1537-274X,2026-04-30,NA,tf2025bibsam
Journal of the Asia Pacific Economy,1354-7860,1469-9648,2026-04-30,NA,tf2025bibsam
Journal of the Australian Library and Information Association,2475-0158,2475-0166,2026-04-30,NA,tf2025bibsam
Journal of the British Archaeological Association,0068-1288,1747-6704,2026-04-30,NA,tf2025bibsam
Journal of the British Society for Phenomenology,0007-1773,2332-0486,2026-04-30,NA,tf2025bibsam
Journal of the California Dental Association,NA,1942-4396,2026-04-30,NA,tf2025bibsam
Journal of the Chinese Institute of Engineers,0253-3839,2158-7299,2026-04-30,NA,tf2025bibsam
Journal of the History of the Neurosciences : Basic and Clinical Perspectives,0964-704X,1744-5213,2026-04-30,NA,tf2025bibsam
Journal of the Indian Ocean Region,1948-0881,1948-108X,2026-04-30,NA,tf2025bibsam
Journal of the Institute of Conservation,1945-5224,1945-5232,2026-04-30,NA,tf2025bibsam
Journal of the International Council for Small Business,2643-7015,2643-7023,2026-04-30,NA,tf2025bibsam
Journal of the International Society of Sports Nutrition,NA,1550-2783,2026-04-30,NA,tf2025bibsam
Journal of the Learning Sciences,1050-8406,1532-7809,2026-04-30,NA,tf2025bibsam
Journal of the Musical Arts in Africa,1812-1004,2070-626X,2026-04-30,NA,tf2025bibsam
Journal of the Operational Research Society,0160-5682,1476-9360,2026-04-30,NA,tf2025bibsam
Journal of the Philosophy of Sport,0094-8705,1543-2939,2026-04-30,NA,tf2025bibsam
Journal of the Royal Society of New Zealand,0303-6758,1175-8899,2026-04-30,NA,tf2025bibsam
Journal of Thermal Stresses,0149-5739,1521-074X,2026-04-30,NA,tf2025bibsam
Journal of Tourism and Cultural Change,1476-6825,1747-7654,2026-04-30,NA,tf2025bibsam
Journal of Tourism History,1755-182X,1755-1838,2026-04-30,NA,tf2025bibsam
"Journal of Toxicology and Environmental Health, Part A : Current Issues",1528-7394,1087-2620,2026-04-30,NA,tf2025bibsam
"Journal of Toxicology and Environmental Health, Part B : Critical Reviews",1093-7404,1521-6950,2026-04-30,NA,tf2025bibsam
Journal of Translational Research,NA,2994-7448,2026-04-30,NA,tf2025bibsam
Journal of Transnational Management,1547-5778,1547-5786,2026-04-30,NA,tf2025bibsam
Journal of Transportation Safety & Security,1943-9962,1943-9970,2026-04-30,NA,tf2025bibsam
Journal of Trauma & Dissociation,1529-9732,1529-9740,2026-04-30,NA,tf2025bibsam
Journal of Travel & Tourism Marketing,1054-8408,1540-7306,2026-04-30,NA,tf2025bibsam
Journal of Trust Research,2151-5581,2151-559X,2026-04-30,NA,tf2025bibsam
Journal of Turbulence,NA,1468-5248,2026-04-30,NA,tf2025bibsam
Journal of Urban Affairs,0735-2166,1467-9906,2026-04-30,NA,tf2025bibsam
Journal of Urban Design,1357-4809,1469-9664,2026-04-30,NA,tf2025bibsam
Journal of Urban Technology,1063-0732,1466-1853,2026-04-30,NA,tf2025bibsam
Journal of Urbanism: International Research on Placemaking and Urban Sustainability,1754-9175,1754-9183,2026-04-30,NA,tf2025bibsam
Journal of Vertebrate Paleontology,0272-4634,1937-2809,2026-04-30,NA,tf2025bibsam
Journal of Visual Art Practice,1470-2029,1758-9185,2026-04-30,NA,tf2025bibsam
Journal of Visual Communication in Medicine,1745-3054,1745-3062,2026-04-30,NA,tf2025bibsam
Journal of Visual Literacy,1051-144X,2379-6529,2026-04-30,NA,tf2025bibsam
Journal of Vocational Education & Training,1363-6820,1747-5090,2026-04-30,NA,tf2025bibsam
Journal of War & Culture Studies,1752-6272,1752-6280,2026-04-30,NA,tf2025bibsam
Journal of Web Librarianship,1932-2909,1932-2917,2026-04-30,NA,tf2025bibsam
Journal of Wetland Archaeology,1473-2971,2051-6231,2026-04-30,NA,tf2025bibsam
Journal of Wine Research,0957-1264,1469-9672,2026-04-30,NA,tf2025bibsam
Journal of Women & Aging,0895-2841,1540-7322,2026-04-30,NA,tf2025bibsam
Journal of Women and Gender in Higher Education,2637-9112,2637-9120,2026-04-30,NA,tf2025bibsam
"Journal of Women, Politics & Policy",1554-477X,1554-4788,2026-04-30,NA,tf2025bibsam
Journal of Wood Chemistry and Technology,0277-3813,1532-2319,2026-04-30,NA,tf2025bibsam
Journal of Workplace Behavioral Health,1555-5240,1555-5259,2026-04-30,NA,tf2025bibsam
Journal of Youth Studies,1367-6261,1469-9680,2026-04-30,NA,tf2025bibsam
Journal on the Use of Force and International Law,2053-1702,2053-1710,2026-04-30,NA,tf2025bibsam
Journalism History,0094-7679,2641-2071,2026-04-30,NA,tf2025bibsam
Journalism Practice,1751-2786,1751-2794,2026-04-30,NA,tf2025bibsam
Journalism Studies,1461-670X,1469-9699,2026-04-30,NA,tf2025bibsam
Judicial Review,1085-4681,1757-8434,2026-04-30,NA,tf2025bibsam
Jung Journal : Culture & Psyche,1934-2039,1934-2047,2026-04-30,NA,tf2025bibsam
Jurisprudence : An International Journal of Legal and Political Thought,2040-3313,2040-3321,2026-04-30,NA,tf2025bibsam
Justice Evaluation Journal,2475-1979,2475-1987,2026-04-30,NA,tf2025bibsam
Justice Quarterly,0741-8825,1745-9109,2026-04-30,NA,tf2025bibsam
"Justice, Opportunities, and Rehabilitation",2997-965X,2997-9668,2026-04-30,NA,tf2025bibsam
King's Law Journal,0961-5768,1757-8442,2026-04-30,NA,tf2025bibsam
KIVA : Journal of Southwestern Anthropology and History,0023-1940,2051-6177,2026-04-30,NA,tf2025bibsam
Knowledge Management Research & Practice,1477-8238,1477-8246,2026-04-30,NA,tf2025bibsam
Konsthistorisk tidskrift/Journal of Art History,0023-3609,1651-2294,2026-04-30,NA,tf2025bibsam
Labor History,0023-656X,1469-9702,2026-04-30,NA,tf2025bibsam
Labour and Industry : A journal of the social and economic relations of work,1030-1763,2325-5676,2026-04-30,NA,tf2025bibsam
Lake and Reservoir Management,1040-2381,2151-5530,2026-04-30,NA,tf2025bibsam
Landscape History,0143-3768,2160-2506,2026-04-30,NA,tf2025bibsam
Landscape Research,0142-6397,1469-9710,2026-04-30,NA,tf2025bibsam
Landscapes,1466-2035,2040-8153,2026-04-30,NA,tf2025bibsam
Language & History,1759-7536,1759-7544,2026-04-30,NA,tf2025bibsam
Language Acquisition,1048-9223,1532-7817,2026-04-30,NA,tf2025bibsam
Language and Education,0950-0782,1747-7581,2026-04-30,NA,tf2025bibsam
Language and Intercultural Communication,1470-8477,1747-759X,2026-04-30,NA,tf2025bibsam
Language Assessment Quarterly,1543-4303,1543-4311,2026-04-30,NA,tf2025bibsam
Language Awareness,0965-8416,1747-7565,2026-04-30,NA,tf2025bibsam
Language Learning and Development,1547-5441,1547-3341,2026-04-30,NA,tf2025bibsam
Language Matters : Studies in the Languages of Africa,1022-8195,1753-5395,2026-04-30,NA,tf2025bibsam
"Language, Cognition and Neuroscience",2327-3798,2327-3801,2026-04-30,NA,tf2025bibsam
"Language, Culture and Curriculum",0790-8318,1747-7573,2026-04-30,NA,tf2025bibsam
"Laterality : Asymmetries of Brain, Behaviour, and Cognition",1357-650X,1464-0678,2026-04-30,NA,tf2025bibsam
Latin American and Caribbean Ethnic Studies,1744-2222,1744-2230,2026-04-30,NA,tf2025bibsam
Latin American Business Review,1097-8526,1528-6932,2026-04-30,NA,tf2025bibsam
Law & Literature,1535-685X,1541-2601,2026-04-30,NA,tf2025bibsam
Law and Financial Markets Review,1752-1440,1752-1459,2026-04-30,NA,tf2025bibsam
Law and Humanities,1752-1483,1752-1491,2026-04-30,NA,tf2025bibsam
"Law, Innovation and Technology",1757-9961,1757-997X,2026-04-30,NA,tf2025bibsam
Leadership and Policy in Schools,1570-0763,1744-5043,2026-04-30,NA,tf2025bibsam
"Learning, Media and Technology",1743-9884,1743-9892,2026-04-30,NA,tf2025bibsam
Learning: Research and Practice,2373-5082,2373-5090,2026-04-30,NA,tf2025bibsam
Legal Ethics,1460-728X,1757-8450,2026-04-30,NA,tf2025bibsam
Legal Pluralism and Critical Social Analysis,2770-6869,2770-6877,2026-04-30,NA,tf2025bibsam
Legal Reference Services Quarterly,0270-319X,1540-949X,2026-04-30,NA,tf2025bibsam
Leisure Sciences : An Interdisciplinary Journal,0149-0400,1521-0588,2026-04-30,NA,tf2025bibsam
Leisure Studies,0261-4367,1466-4496,2026-04-30,NA,tf2025bibsam
Leisure/Loisir,1492-7713,2151-2221,2026-04-30,NA,tf2025bibsam
Leukemia & Lymphoma,1042-8194,1029-2403,2026-04-30,NA,tf2025bibsam
LEUKOS : The Journal of the Illuminating Engineering Society,1550-2724,1550-2716,2026-04-30,NA,tf2025bibsam
Levant : The Journal of the Council for British Research in the Levant,0075-8914,1756-3801,2026-04-30,NA,tf2025bibsam
LGBTQ+ Family: An Interdisciplinary Journal,2770-3371,2770-338X,2026-04-30,NA,tf2025bibsam
LHB : Hydroscience Journal,NA,2767-8490,2026-04-30,NA,tf2025bibsam
Libyan Journal of Medicine,1993-2820,1819-6357,2026-04-30,NA,tf2025bibsam
Life Writing,1448-4528,1751-2964,2026-04-30,NA,tf2025bibsam
Linear and Multilinear Algebra,0308-1087,1563-5139,2026-04-30,NA,tf2025bibsam
Liquid Crystals,0267-8292,1366-5855,2026-04-30,NA,tf2025bibsam
Liquid Crystals Today,1358-314X,1464-5181,2026-04-30,NA,tf2025bibsam
Lit: Literature Interpretation Theory,1043-6928,1545-5866,2026-04-30,NA,tf2025bibsam
Literacy Research and Instruction,1938-8071,1938-8063,2026-04-30,NA,tf2025bibsam
Lithic Technology,0197-7261,2051-6185,2026-04-30,NA,tf2025bibsam
Liturgy,0458-063X,1557-3001,2026-04-30,NA,tf2025bibsam
Local Development & Society,2688-3597,2688-3600,2026-04-30,NA,tf2025bibsam
Local Environment : The International Journal of Justice and Sustainability,1354-9839,1469-6711,2026-04-30,NA,tf2025bibsam
Local Government Studies,0300-3930,1743-9388,2026-04-30,NA,tf2025bibsam
Logistique & Management,1250-7970,2377-9640,2026-04-30,NA,tf2025bibsam
Logopedics Phoniatrics Vocology,1401-5439,1651-2022,2026-04-30,NA,tf2025bibsam
Loisir et Soci t / Society and Leisure,0705-3436,1705-0154,2026-04-30,NA,tf2025bibsam
Longevity,NA,3065-3495,2026-04-30,NA,tf2025bibsam
Lung Cancer Management,1758-1966,1758-1974,2026-04-30,NA,tf2025bibsam
"Luxury : History, Culture, Consumption",2051-1817,2051-1825,2026-04-30,NA,tf2025bibsam
MAA Convergence,NA,2998-4793,2026-04-30,NA,tf2025bibsam
mAbs,1942-0862,1942-0870,2026-04-30,NA,tf2025bibsam
Machining Science and Technology : An International Journal,1091-0344,1532-2483,2026-04-30,NA,tf2025bibsam
Macroeconomics and Finance in Emerging Market Economies,1752-0843,1752-0851,2026-04-30,NA,tf2025bibsam
Management & Organizational History,1744-9359,1744-9367,2026-04-30,NA,tf2025bibsam
Managing Sport and Leisure,2375-0472,2375-0480,2026-04-30,NA,tf2025bibsam
Marine and Freshwater Behaviour and Physiology,1023-6244,1029-0362,2026-04-30,NA,tf2025bibsam
Marine Biology Research,1745-1000,1745-1019,2026-04-30,NA,tf2025bibsam
Marine Geodesy,0149-0419,1521-060X,2026-04-30,NA,tf2025bibsam
Marine Georesources & Geotechnology,1064-119X,1521-0618,2026-04-30,NA,tf2025bibsam
Maritime Policy & Management : The flagship journal of international shipping and port research,0308-8839,1464-5254,2026-04-30,NA,tf2025bibsam
Marketing Education Review,1052-8008,2153-9987,2026-04-30,NA,tf2025bibsam
Marriage & Family Review,0149-4929,1540-9635,2026-04-30,NA,tf2025bibsam
Mass Communication and Society,1520-5436,1532-7825,2026-04-30,NA,tf2025bibsam
"Material Religion : The Journal of Objects, Art and Belief",1743-2200,1751-8342,2026-04-30,NA,tf2025bibsam
Materials and Manufacturing Processes,1042-6914,1532-2475,2026-04-30,NA,tf2025bibsam
Materials at High Temperatures,0960-3409,1878-6413,2026-04-30,NA,tf2025bibsam
Materials Research Innovations,1432-8917,1433-075X,2026-04-30,NA,tf2025bibsam
Materials Research Letters,NA,2166-3831,2026-04-30,NA,tf2025bibsam
Materials Technology : Advanced Performance Materials,1066-7857,1753-5557,2026-04-30,NA,tf2025bibsam
"Materials: Design, Synthesis and Processing",NA,3066-6600,2026-04-30,NA,tf2025bibsam
Math Horizons,1072-4117,1947-6213,2026-04-30,NA,tf2025bibsam
"Mathematical and Computer Modelling of Dynamical Systems : Methods, Tools and Applications in Engineering and Related Sciences",1387-3954,1744-5051,2026-04-30,NA,tf2025bibsam
Mathematical Population Studies : An International Journal of Mathematical Demography,0889-8480,1547-724X,2026-04-30,NA,tf2025bibsam
Mathematical Thinking and Learning,1098-6065,1532-7833,2026-04-30,NA,tf2025bibsam
Mathematics in Medical and Life Sciences,NA,2993-7574,2026-04-30,NA,tf2025bibsam
Mathematics Magazine,0025-570X,1930-0980,2026-04-30,NA,tf2025bibsam
Measurement and Evaluation in Counseling and Development,0748-1756,1947-6302,2026-04-30,NA,tf2025bibsam
Measurement in Physical Education and Exercise Science,1091-367X,1532-7841,2026-04-30,NA,tf2025bibsam
Measurement: Interdisciplinary Research and Perspectives,1536-6367,1536-6359,2026-04-30,NA,tf2025bibsam
Mechanics Based Design of Structures and Machines : An International Journal,1539-7734,1539-7742,2026-04-30,NA,tf2025bibsam
Mechanics of Advanced Materials and Structures,1537-6494,1537-6532,2026-04-30,NA,tf2025bibsam
Media Asia,0129-6612,2377-6277,2026-04-30,NA,tf2025bibsam
Media History,1368-8804,1469-9729,2026-04-30,NA,tf2025bibsam
Media Practice and Education,2574-1136,2574-1144,2026-04-30,NA,tf2025bibsam
Media Psychology,1521-3269,1532-785X,2026-04-30,NA,tf2025bibsam
Medical Anthropology : Cross-Cultural Studies in Health and Illness,0145-9740,1545-5882,2026-04-30,NA,tf2025bibsam
Medical Education Online,NA,1087-2981,2026-04-30,NA,tf2025bibsam
Medical Reference Services Quarterly,0276-3869,1540-9597,2026-04-30,NA,tf2025bibsam
Medical Teacher,0142-159X,1466-187X,2026-04-30,NA,tf2025bibsam
"Medicine, Conflict and Survival",1362-3699,1743-9396,2026-04-30,NA,tf2025bibsam
Medieval Archaeology,0076-6097,1745-817X,2026-04-30,NA,tf2025bibsam
Medieval Mystical Theology,2046-5726,2046-5734,2026-04-30,NA,tf2025bibsam
Medieval Sermon Studies,1366-0691,1749-6276,2026-04-30,NA,tf2025bibsam
Mediterranean Historical Review,0951-8967,1743-940X,2026-04-30,NA,tf2025bibsam
Mediterranean Politics,1362-9395,1743-9418,2026-04-30,NA,tf2025bibsam
Melanoma Management,2045-0885,2045-0893,2026-04-30,NA,tf2025bibsam
Memory,0965-8211,1464-0686,2026-04-30,NA,tf2025bibsam
"Mental Health, Religion & Culture",1367-4676,1469-9737,2026-04-30,NA,tf2025bibsam
Mentoring & Tutoring: Partnership in Learning,1361-1267,1469-9745,2026-04-30,NA,tf2025bibsam
Metaphor and Symbol,1092-6488,1532-7868,2026-04-30,NA,tf2025bibsam
Middle East Development Journal,1793-8120,1793-8171,2026-04-30,NA,tf2025bibsam
Middle Eastern Studies,0026-3206,1743-7881,2026-04-30,NA,tf2025bibsam
Middle School Journal,0094-0771,2327-6223,2026-04-30,NA,tf2025bibsam
Midland History,0047-729X,1756-381X,2026-04-30,NA,tf2025bibsam
Military Psychology,0899-5605,1532-7876,2026-04-30,NA,tf2025bibsam
"Mind, Culture, and Activity",1074-9039,1532-7884,2026-04-30,NA,tf2025bibsam
Mineral Processing and Extractive Metallurgy Review : An International Journal,0882-7508,1547-7401,2026-04-30,NA,tf2025bibsam
Ming Studies,0147-037X,1759-7595,2026-04-30,NA,tf2025bibsam
Minimally Invasive Therapy & Allied Technologies,1364-5706,1365-2931,2026-04-30,NA,tf2025bibsam
"Mitochondrial DNA Part A : DNA Mapping, Sequencing, and Analysis",2470-1394,2470-1408,2026-04-30,NA,tf2025bibsam
Mitochondrial DNA Part B : Resources,NA,2380-2359,2026-04-30,NA,tf2025bibsam
Mobilities,1745-0101,1745-011X,2026-04-30,NA,tf2025bibsam
Modern & Contemporary France,0963-9489,1469-9869,2026-04-30,NA,tf2025bibsam
Molecular & Cellular Oncology,NA,2372-3556,2026-04-30,NA,tf2025bibsam
Molecular and Cellular Biology,NA,1098-5549,2026-04-30,NA,tf2025bibsam
Molecular Crystals and Liquid Crystals,1542-1406,1563-5287,2026-04-30,NA,tf2025bibsam
Molecular Physics : An International Journal at the Interface Between Chemistry and Physics,0026-8976,1362-3028,2026-04-30,NA,tf2025bibsam
Molecular Simulation,0892-7022,1029-0435,2026-04-30,NA,tf2025bibsam
Molluscan Research,1323-5818,1448-6067,2026-04-30,NA,tf2025bibsam
Monumenta Serica : Journal of Oriental Studies,0254-9948,2057-1690,2026-04-30,NA,tf2025bibsam
Mortality : Promoting the interdisciplinary study of death and dying,1357-6275,1469-9885,2026-04-30,NA,tf2025bibsam
Multicultural Education Review,2005-615X,2377-0031,2026-04-30,NA,tf2025bibsam
Multicultural Perspectives,1521-0960,1532-7892,2026-04-30,NA,tf2025bibsam
Multivariate Behavioral Research,0027-3171,1532-7906,2026-04-30,NA,tf2025bibsam
Museum History Journal,1936-9816,1936-9824,2026-04-30,NA,tf2025bibsam
Museum International,1350-0775,1468-0033,2026-04-30,NA,tf2025bibsam
Museum Management and Curatorship,0964-7775,1872-9185,2026-04-30,NA,tf2025bibsam
Museums & Social Issues : A Journal of Reflective Discourse,1559-6893,2051-6193,2026-04-30,NA,tf2025bibsam
Music Education Research,1461-3808,1469-9893,2026-04-30,NA,tf2025bibsam
Music Reference Services Quarterly,1058-8167,1540-9503,2026-04-30,NA,tf2025bibsam
Musicology Australia,0814-5857,1949-453X,2026-04-30,NA,tf2025bibsam
Muziki : Journal of Music Research in Africa,1812-5980,1753-593X,2026-04-30,NA,tf2025bibsam
Mycobiology,1229-8093,2092-9323,2026-04-30,NA,tf2025bibsam
Mycologia,0027-5514,1557-2536,2026-04-30,NA,tf2025bibsam
Mycology : An International Journal on Fungal Biology,2150-1203,2150-1211,2026-04-30,NA,tf2025bibsam
NABE Journal of Research and Practice,2639-0043,2639-0035,2026-04-30,NA,tf2025bibsam
NACLA Report on the Americas,1071-4839,2471-2620,2026-04-30,NA,tf2025bibsam
Nano Views,NA,3065-2669,2026-04-30,NA,tf2025bibsam
Nanocomposites,2055-0324,2055-0332,2026-04-30,NA,tf2025bibsam
Nanomedicine,1743-5889,1748-6963,2026-04-30,NA,tf2025bibsam
Nanoscale and Microscale Thermophysical Engineering,1556-7265,1556-7273,2026-04-30,NA,tf2025bibsam
Nanotoxicology,1743-5390,1743-5404,2026-04-30,NA,tf2025bibsam
National Identities,1460-8944,1469-9907,2026-04-30,NA,tf2025bibsam
Nationalism and Ethnic Politics,1353-7113,1557-2986,2026-04-30,NA,tf2025bibsam
Natural Product Research : Formerly Natural Product Letters,1478-6419,1478-6427,2026-04-30,NA,tf2025bibsam
Network: Computation in Neural Systems,0954-898X,1361-6536,2026-04-30,NA,tf2025bibsam
Neuro-Ophthalmology,0165-8107,1744-506X,2026-04-30,NA,tf2025bibsam
"Neurocase : Behavior, Cognition and Neuroscience",1355-4794,1465-3656,2026-04-30,NA,tf2025bibsam
Neurodegenerative Disease Management,1758-2024,1758-2032,2026-04-30,NA,tf2025bibsam
"Neurological Research : A Journal of Progress in Neurosurgery, Neurology and Neurosciences",0161-6412,1743-1328,2026-04-30,NA,tf2025bibsam
Neuropsychoanalysis : An Interdisciplinary Journal for Psychoanalysis and the Neurosciences,1529-4145,2044-3978,2026-04-30,NA,tf2025bibsam
Neuropsychological Rehabilitation : An International Journal,0960-2011,1464-0694,2026-04-30,NA,tf2025bibsam
Neutron News,1044-8632,1931-7352,2026-04-30,NA,tf2025bibsam
New Genetics and Society : Critical Studies of Contemporary Biosciences,1463-6778,1469-9915,2026-04-30,NA,tf2025bibsam
New Political Economy,1356-3467,1469-9923,2026-04-30,NA,tf2025bibsam
New Review of Academic Librarianship,1361-4533,1740-7834,2026-04-30,NA,tf2025bibsam
New Review of Children's Literature and Librarianship,1361-4541,1740-7885,2026-04-30,NA,tf2025bibsam
New Review of Film and Television Studies,1740-0309,1740-7923,2026-04-30,NA,tf2025bibsam
New Review of Hypermedia and Multimedia,1361-4568,1740-7842,2026-04-30,NA,tf2025bibsam
New Review of Information Networking,1361-4576,1740-7869,2026-04-30,NA,tf2025bibsam
New Writing : The International Journal for the Practice and Theory of Creative Writing,1479-0726,1943-3107,2026-04-30,NA,tf2025bibsam
New Zealand Economic Papers,0077-9954,1943-4863,2026-04-30,NA,tf2025bibsam
New Zealand Entomologist,0077-9962,1179-3430,2026-04-30,NA,tf2025bibsam
New Zealand Journal of Agricultural Research,0028-8233,1175-8775,2026-04-30,NA,tf2025bibsam
New Zealand Journal of Botany,0028-825X,1175-8643,2026-04-30,NA,tf2025bibsam
New Zealand Journal of Crop and Horticultural Science,0114-0671,1175-8783,2026-04-30,NA,tf2025bibsam
New Zealand Journal of Geology and Geophysics,0028-8306,1175-8791,2026-04-30,NA,tf2025bibsam
New Zealand Journal of Marine and Freshwater Research,0028-8330,1175-8805,2026-04-30,NA,tf2025bibsam
New Zealand Journal of Zoology,0301-4223,1175-8821,2026-04-30,NA,tf2025bibsam
New Zealand Veterinary Journal : Te Hautaka T?kuta Kararehe o Aotearoa,0048-0169,1176-0710,2026-04-30,NA,tf2025bibsam
Nineteenth-Century Contexts : An Interdisciplinary Journal,0890-5495,1477-2663,2026-04-30,NA,tf2025bibsam
NJAS: Impact in Agricultural and Life Sciences,NA,2768-5241,2026-04-30,NA,tf2025bibsam
Nondestructive Testing and Evaluation,1058-9759,1477-2671,2026-04-30,NA,tf2025bibsam
NORA - Nordic Journal of Feminist and Gender Research,0803-8740,1502-394X,2026-04-30,NA,tf2025bibsam
Nordic Journal of Human Rights,1891-8131,1891-814X,2026-04-30,NA,tf2025bibsam
Nordic Journal of Music Therapy,0809-8131,1944-8260,2026-04-30,NA,tf2025bibsam
Nordic Journal of Psychiatry,0803-9488,1502-4725,2026-04-30,NA,tf2025bibsam
Nordic Journal of Studies in Educational Policy,NA,2002-0317,2026-04-30,NA,tf2025bibsam
Nordic Psychology,1901-2276,1904-0016,2026-04-30,NA,tf2025bibsam
Nordic Social Work Research,2156-857X,2156-8588,2026-04-30,NA,tf2025bibsam
NORMA : International Journal for Masculinity Studies,1890-2138,1890-2146,2026-04-30,NA,tf2025bibsam
Norsk Geografisk Tidsskrift - Norwegian Journal of Geography,0029-1951,1502-5292,2026-04-30,NA,tf2025bibsam
North American Actuarial Journal,1092-0277,2325-0453,2026-04-30,NA,tf2025bibsam
Northern History,0078-172X,1745-8706,2026-04-30,NA,tf2025bibsam
Norwegian Archaeological Review,0029-3652,1502-7678,2026-04-30,NA,tf2025bibsam
Nuclear Physics News,1061-9127,1931-7336,2026-04-30,NA,tf2025bibsam
Nuclear Science and Engineering,0029-5639,1943-748X,2026-04-30,NA,tf2025bibsam
Nuclear Technology,0029-5450,1943-7471,2026-04-30,NA,tf2025bibsam
"Nucleosides, Nucleotides & Nucleic Acids",1525-7770,1532-2335,2026-04-30,NA,tf2025bibsam
Nucleus,1949-1034,1949-1042,2026-04-30,NA,tf2025bibsam
Numerical Functional Analysis and Optimization,0163-0563,1532-2467,2026-04-30,NA,tf2025bibsam
"Numerical Heat Transfer, Part A: Applications : An International Journal of Computation and Methodology",1040-7782,1521-0634,2026-04-30,NA,tf2025bibsam
"Numerical Heat Transfer, Part B: Fundamentals : An International Journal of Computation and Methodology",1040-7790,1521-0626,2026-04-30,NA,tf2025bibsam
Nutrition and Cancer,0163-5581,1532-7914,2026-04-30,NA,tf2025bibsam
"Nutritional Neuroscience : An International Journal on Nutrition, Diet and Nervous System",1028-415X,1476-8305,2026-04-30,NA,tf2025bibsam
Occupational Therapy In Health Care,0738-0577,1541-3098,2026-04-30,NA,tf2025bibsam
Occupational Therapy in Mental Health,0164-212X,1541-3101,2026-04-30,NA,tf2025bibsam
Ocean Development & International Law,0090-8320,1521-0642,2026-04-30,NA,tf2025bibsam
Ocular Immunology and Inflammation,0927-3948,1744-5078,2026-04-30,NA,tf2025bibsam
OncoImmunology,NA,2162-402X,2026-04-30,NA,tf2025bibsam
Open Access Journal of Sports Medicine,NA,1179-1543,2026-04-30,NA,tf2025bibsam
"Open Learning: The Journal of Open, Distance and e-Learning",0268-0513,1469-9958,2026-04-30,NA,tf2025bibsam
Ophthalmic Epidemiology,0928-6586,1744-5086,2026-04-30,NA,tf2025bibsam
Ophthalmic Genetics,1381-6810,1744-5094,2026-04-30,NA,tf2025bibsam
Optimization : A Journal of Mathematical Programming and Operations Research,0233-1934,1029-4945,2026-04-30,NA,tf2025bibsam
Optimization Methods and Software,1055-6788,1029-4937,2026-04-30,NA,tf2025bibsam
"Orbit : The International Journal on Orbital Disorders, Oculoplastic and Lacrimal Surgery",0167-6830,1744-5108,2026-04-30,NA,tf2025bibsam
Organic Preparations and Procedures International : The New Journal for Organic Synthesis,0030-4948,1945-5453,2026-04-30,NA,tf2025bibsam
Organogenesis,1547-6278,1555-8592,2026-04-30,NA,tf2025bibsam
Oriental Insects,0030-5316,2157-8745,2026-04-30,NA,tf2025bibsam
Ostrich : Journal of African Ornithology,0030-6525,1727-947X,2026-04-30,NA,tf2025bibsam
Outbreak Management and Response,NA,2994-7677,2026-04-30,NA,tf2025bibsam
Oxford Development Studies,1360-0818,1469-9966,2026-04-30,NA,tf2025bibsam
Oxford German Studies,0078-7191,1745-9214,2026-04-30,NA,tf2025bibsam
Oxford Review of Education,0305-4985,1465-3915,2026-04-30,NA,tf2025bibsam
Oxford University Commonwealth Law Journal,1472-9342,1757-8469,2026-04-30,NA,tf2025bibsam
Ozone: Science & Engineering : The Journal of the International Ozone Association,0191-9512,1547-6545,2026-04-30,NA,tf2025bibsam
Pacific Affairs : An International Review of Asia and the Pacific,0030-851X,1715-3379,2026-04-30,NA,tf2025bibsam
Paedagogica Historica : International Journal of the History of Education,0030-9230,1477-674X,2026-04-30,NA,tf2025bibsam
Paediatrics and International Child Health,2046-9047,2046-9055,2026-04-30,NA,tf2025bibsam
Pain Management,1758-1869,1758-1877,2026-04-30,NA,tf2025bibsam
PaleoAmerica : A journal of early human migration and dispersal,2055-5563,2055-5571,2026-04-30,NA,tf2025bibsam
Palestine Exploration Quarterly,0031-0328,1743-1301,2026-04-30,NA,tf2025bibsam
Palynology,0191-6122,1558-9188,2026-04-30,NA,tf2025bibsam
Papers in Applied Geography,2375-4931,2375-494X,2026-04-30,NA,tf2025bibsam
Parallax,1353-4645,1460-700X,2026-04-30,NA,tf2025bibsam
Parenting : Science and Practice,1529-5192,1532-7922,2026-04-30,NA,tf2025bibsam
"Parliaments, Estates and Representation",0260-6755,1947-248X,2026-04-30,NA,tf2025bibsam
Particulate Science and Technology : An International Journal,0272-6351,1548-0046,2026-04-30,NA,tf2025bibsam
"Pastoral Care in Education : An International Journal of Personal, Social and Emotional Development",0264-3944,1468-0122,2026-04-30,NA,tf2025bibsam
Pathogens and Global Health,2047-7724,2047-7732,2026-04-30,NA,tf2025bibsam
Patient Related Outcome Measures,NA,1179-271X,2026-04-30,NA,tf2025bibsam
Patterns of Prejudice,0031-322X,1461-7331,2026-04-30,NA,tf2025bibsam
Peabody Journal of Education,0161-956X,1532-7930,2026-04-30,NA,tf2025bibsam
Peace Review : A Journal of Social Justice,1040-2659,1469-9982,2026-04-30,NA,tf2025bibsam
Peacebuilding,2164-7259,2164-7267,2026-04-30,NA,tf2025bibsam
Pedagogies: An International Journal,1554-480X,1554-4818,2026-04-30,NA,tf2025bibsam
"Pedagogy, Culture & Society",1468-1366,1747-5104,2026-04-30,NA,tf2025bibsam
Pediatric Hematology and Oncology,0888-0018,1521-0669,2026-04-30,NA,tf2025bibsam
Peking University Law Journal,2051-7483,2052-5907,2026-04-30,NA,tf2025bibsam
Performance Research : A Journal of the Performing Arts,1352-8165,1469-9990,2026-04-30,NA,tf2025bibsam
Person-Centered & Experiential Psychotherapies,1477-9757,1752-9182,2026-04-30,NA,tf2025bibsam
Personalized Medicine,1741-0541,1744-828X,2026-04-30,NA,tf2025bibsam
Perspectives : Studies in Translation Theory and Practice,0907-676X,1747-6623,2026-04-30,NA,tf2025bibsam
Perspectives on Political Science,1045-7097,1930-5478,2026-04-30,NA,tf2025bibsam
Perspectives: Policy and Practice in Higher Education,1360-3108,1460-7018,2026-04-30,NA,tf2025bibsam
Petroleum Science and Technology,1091-6466,1532-2459,2026-04-30,NA,tf2025bibsam
Pharmaceutical Biology,1388-0209,1744-5116,2026-04-30,NA,tf2025bibsam
Pharmaceutical Development and Technology,1083-7450,1097-9867,2026-04-30,NA,tf2025bibsam
Pharmaceutical Patent Analyst,2046-8954,2046-8962,2026-04-30,NA,tf2025bibsam
Pharmacogenomics,1462-2416,1744-8042,2026-04-30,NA,tf2025bibsam
Phase Transitions : A Multinational Journal,0141-1594,1029-0338,2026-04-30,NA,tf2025bibsam
Philosophical Exchange,NA,2996-0126,2026-04-30,NA,tf2025bibsam
Philosophical Explorations : An International Journal for the Philosophy of Mind and Action,1386-9795,1741-5918,2026-04-30,NA,tf2025bibsam
Philosophical Magazine,1478-6435,1478-6443,2026-04-30,NA,tf2025bibsam
Philosophical Magazine Letters,0950-0839,1362-3036,2026-04-30,NA,tf2025bibsam
Philosophical Papers,0556-8641,1996-8523,2026-04-30,NA,tf2025bibsam
Philosophical Psychology,0951-5089,1465-394X,2026-04-30,NA,tf2025bibsam
Philosophy of Translation,2998-4750,2998-4742,2026-04-30,NA,tf2025bibsam
"Phosphorus, Sulfur, and Silicon and the Related Elements",1042-6507,1563-5325,2026-04-30,NA,tf2025bibsam
photographies,1754-0763,1754-0771,2026-04-30,NA,tf2025bibsam
Photography and Culture,1751-4517,1751-4525,2026-04-30,NA,tf2025bibsam
Phycologia,0031-8884,2330-2968,2026-04-30,NA,tf2025bibsam
Physical & Occupational Therapy In Geriatrics,0270-3181,1541-3152,2026-04-30,NA,tf2025bibsam
Physical & Occupational Therapy In Pediatrics,0194-2638,1541-3144,2026-04-30,NA,tf2025bibsam
Physical Education and Sport Pedagogy,1740-8989,1742-5786,2026-04-30,NA,tf2025bibsam
Physical Geography,0272-3646,1930-0557,2026-04-30,NA,tf2025bibsam
Physical Therapy Reviews,1083-3196,1743-288X,2026-04-30,NA,tf2025bibsam
Physics and Chemistry of Liquids : An International Journal,0031-9104,1029-0451,2026-04-30,NA,tf2025bibsam
Physiotherapy Theory and Practice : An International Journal of Physical Therapy,0959-3985,1532-5040,2026-04-30,NA,tf2025bibsam
Plains Anthropologist,0032-0447,2052-546X,2026-04-30,NA,tf2025bibsam
Planning Perspectives,0266-5433,1466-4518,2026-04-30,NA,tf2025bibsam
Planning Practice & Research,0269-7459,1360-0583,2026-04-30,NA,tf2025bibsam
Planning Theory & Practice,1464-9357,1470-000X,2026-04-30,NA,tf2025bibsam
Plant Biosystems - An International Journal Dealing with all Aspects of Plant Biology : Official Journal of the Societa Botanica Italiana,1126-3504,1724-5575,2026-04-30,NA,tf2025bibsam
Plant Ecology & Diversity,1755-0874,1755-1668,2026-04-30,NA,tf2025bibsam
Plant Production Science,1343-943X,1349-1008,2026-04-30,NA,tf2025bibsam
Plant Signaling & Behavior,NA,1559-2324,2026-04-30,NA,tf2025bibsam
Platelets,0953-7104,1369-1635,2026-04-30,NA,tf2025bibsam
Polar Geography,1088-937X,1939-0513,2026-04-30,NA,tf2025bibsam
Police Practice and Research : An International Journal,1561-4263,1477-271X,2026-04-30,NA,tf2025bibsam
Policing and Society : An International Journal of Research and Policy,1043-9463,1477-2728,2026-04-30,NA,tf2025bibsam
Policy Design and Practice,NA,2574-1292,2026-04-30,NA,tf2025bibsam
Policy Reviews in Higher Education,2332-2969,2332-2950,2026-04-30,NA,tf2025bibsam
Policy Studies,0144-2872,1470-1006,2026-04-30,NA,tf2025bibsam
Political Communication,1058-4609,1091-7675,2026-04-30,NA,tf2025bibsam
Political Research Exchange : An ECPR Journal,NA,2474-736X,2026-04-30,NA,tf2025bibsam
Political Science,0032-3187,2041-0611,2026-04-30,NA,tf2025bibsam
Political Theology,1462-317X,1743-1719,2026-04-30,NA,tf2025bibsam
"Politics, Groups, and Identities",2156-5503,2156-5511,2026-04-30,NA,tf2025bibsam
"Politics, Religion & Ideology",2156-7689,2156-7697,2026-04-30,NA,tf2025bibsam
Politikon : South African Journal of Political Studies,0258-9346,1470-1014,2026-04-30,NA,tf2025bibsam
Polycyclic Aromatic Compounds,1040-6638,1563-5333,2026-04-30,NA,tf2025bibsam
Polymer Reviews,1558-3724,1558-3716,2026-04-30,NA,tf2025bibsam
Polymer-Plastics Technology and Materials,2574-0881,2574-089X,2026-04-30,NA,tf2025bibsam
Popular Communication : The International Journal of Media and Culture,1540-5702,1540-5710,2026-04-30,NA,tf2025bibsam
Popular Music and Society,0300-7766,1740-1712,2026-04-30,NA,tf2025bibsam
Population Studies : A Journal of Demography,0032-4728,1477-4747,2026-04-30,NA,tf2025bibsam
Porn Studies,2326-8743,2326-8751,2026-04-30,NA,tf2025bibsam
Post-Communist Economies,1463-1377,1465-3958,2026-04-30,NA,tf2025bibsam
Post-Medieval Archaeology,0079-4236,1745-8137,2026-04-30,NA,tf2025bibsam
Post-Soviet Affairs,1060-586X,1938-2855,2026-04-30,NA,tf2025bibsam
Postcolonial Studies,1368-8790,1466-1888,2026-04-30,NA,tf2025bibsam
Postgraduate Medicine,0032-5481,1941-9260,2026-04-30,NA,tf2025bibsam
Practical Theology,1756-073X,1756-0748,2026-04-30,NA,tf2025bibsam
PRACTICE : Contemporary Issues in Practitioner Education,2578-3858,2578-3866,2026-04-30,NA,tf2025bibsam
Practice : Social Work in Action,0950-3153,1742-4909,2026-04-30,NA,tf2025bibsam
Practicing Anthropology,0888-4552,2994-1628,2026-04-30,NA,tf2025bibsam
Precision Oncogenomics,NA,2835-4311,2026-04-30,NA,tf2025bibsam
Prehospital Emergency Care,1090-3127,1545-0066,2026-04-30,NA,tf2025bibsam
Preparative Biochemistry & Biotechnology,1082-6068,1532-2297,2026-04-30,NA,tf2025bibsam
Preventing School Failure: Alternative Education for Children and Youth,1045-988X,1940-4387,2026-04-30,NA,tf2025bibsam
Preventive Oncology & Epidemiology,NA,2832-2134,2026-04-30,NA,tf2025bibsam
"PRIMUS : Problems, Resources, and Issues in Mathematics Undergraduate Studies",1051-1970,1935-4053,2026-04-30,NA,tf2025bibsam
Prion,1933-6896,1933-690X,2026-04-30,NA,tf2025bibsam
Problems of Post-Communism,1075-8216,1557-783X,2026-04-30,NA,tf2025bibsam
Production & Manufacturing Research : An Open Access Journal,NA,2169-3277,2026-04-30,NA,tf2025bibsam
Production Planning & Control : The Management of Operations,0953-7287,1366-5871,2026-04-30,NA,tf2025bibsam
Professional Development in Education,1941-5257,1941-5265,2026-04-30,NA,tf2025bibsam
Progress in Palliative Care : Science and the Art of Caring,0969-9260,1743-291X,2026-04-30,NA,tf2025bibsam
"Prose Studies : History, Theory, Criticism",0144-0357,1743-9426,2026-04-30,NA,tf2025bibsam
Psychiatry : Interpersonal and Biological Processes,0033-2747,1943-281X,2026-04-30,NA,tf2025bibsam
"Psychiatry, Psychology and Law",1321-8719,1934-1687,2026-04-30,NA,tf2025bibsam
"Psychoanalysis, Self and Context",2472-0038,2472-0046,2026-04-30,NA,tf2025bibsam
Psychoanalytic Dialogues : The International Journal of Relational Perspectives,1048-1885,1940-9222,2026-04-30,NA,tf2025bibsam
Psychoanalytic Inquiry : A Topical Journal for Mental Health Professionals,0735-1690,1940-9133,2026-04-30,NA,tf2025bibsam
Psychoanalytic Perspectives,1551-806X,2163-6958,2026-04-30,NA,tf2025bibsam
Psychoanalytic Psychotherapy,0266-8734,1474-9734,2026-04-30,NA,tf2025bibsam
Psychoanalytic Social Work,1522-8878,1522-9033,2026-04-30,NA,tf2025bibsam
"Psychodynamic Practice : Individuals, Groups and Organisations",1475-3634,1475-3626,2026-04-30,NA,tf2025bibsam
Psychological Inquiry : An International Journal for the Advancement of Psychological Theory,1047-840X,1532-7965,2026-04-30,NA,tf2025bibsam
Psychological Perspectives : A Quarterly Journal of Jungian Thought,0033-2925,1556-3030,2026-04-30,NA,tf2025bibsam
Psychology & Health,0887-0446,1476-8321,2026-04-30,NA,tf2025bibsam
Psychology & Sexuality,1941-9899,1941-9902,2026-04-30,NA,tf2025bibsam
"Psychology, Crime & Law",1068-316X,1477-2744,2026-04-30,NA,tf2025bibsam
"Psychology, Health & Medicine",1354-8506,1465-3966,2026-04-30,NA,tf2025bibsam
"Psychosis : Psychological, Social and Integrative Approaches",1752-2439,1752-2447,2026-04-30,NA,tf2025bibsam
Psychotherapy Research,1050-3307,1468-4381,2026-04-30,NA,tf2025bibsam
Public Archaeology,1465-5187,1753-5530,2026-04-30,NA,tf2025bibsam
Public Art Dialogue,2150-2552,2150-2560,2026-04-30,NA,tf2025bibsam
Public Integrity,1099-9922,1558-0989,2026-04-30,NA,tf2025bibsam
Public Library Quarterly,0161-6846,1541-1540,2026-04-30,NA,tf2025bibsam
Public Management Review,1471-9037,1471-9045,2026-04-30,NA,tf2025bibsam
Public Money & Management,0954-0962,1467-9302,2026-04-30,NA,tf2025bibsam
Public Performance & Management Review,1530-9576,1557-9271,2026-04-30,NA,tf2025bibsam
Public Services Quarterly,1522-8959,1522-9114,2026-04-30,NA,tf2025bibsam
Publications of the English Goethe Society,0959-3683,1749-6284,2026-04-30,NA,tf2025bibsam
Pulmonology,2531-0429,2531-0437,2026-04-30,NA,tf2025bibsam
Quaestiones Mathematicae,1607-3606,1727-933X,2026-04-30,NA,tf2025bibsam
Qualitative Research in Psychology,1478-0887,1478-0895,2026-04-30,NA,tf2025bibsam
"Qualitative Research in Sport, Exercise and Health",2159-676X,2159-6778,2026-04-30,NA,tf2025bibsam
Qualitative Research Reports in Communication,1745-9435,1745-9443,2026-04-30,NA,tf2025bibsam
Quality Engineering,0898-2112,1532-4222,2026-04-30,NA,tf2025bibsam
Quality in Higher Education,1353-8322,1470-1081,2026-04-30,NA,tf2025bibsam
Quality Management Journal,1068-6967,2575-6222,2026-04-30,NA,tf2025bibsam
Quality Technology & Quantitative Management,NA,1684-3703,2026-04-30,NA,tf2025bibsam
Quantitative Finance,1469-7688,1469-7696,2026-04-30,NA,tf2025bibsam
Quantitative InfraRed Thermography Journal,1768-6733,2116-7176,2026-04-30,NA,tf2025bibsam
Quarterly Journal of Speech,0033-5630,1479-5779,2026-04-30,NA,tf2025bibsam
Quarterly Review of Film and Video,1050-9208,1543-5326,2026-04-30,NA,tf2025bibsam
Quest,0033-6297,1543-2750,2026-04-30,NA,tf2025bibsam
Race Ethnicity and Education,1361-3324,1470-109X,2026-04-30,NA,tf2025bibsam
Radiation Effects and Defects in Solids : Incorporating Plasma Science and Plasma Technology,1042-0150,1029-4953,2026-04-30,NA,tf2025bibsam
Reading & Writing Quarterly : Overcoming Learning Difficulties,1057-3569,1521-0693,2026-04-30,NA,tf2025bibsam
Reading Psychology,0270-2711,1521-0685,2026-04-30,NA,tf2025bibsam
Redox Report : Communications in Free Radical Research,1351-0002,1743-2928,2026-04-30,NA,tf2025bibsam
Reflective Practice : International and Multidisciplinary Perspectives,1462-3943,1470-1103,2026-04-30,NA,tf2025bibsam
Reformation,1357-4175,1752-0738,2026-04-30,NA,tf2025bibsam
Reformation & Renaissance Review,1462-2459,1743-1727,2026-04-30,NA,tf2025bibsam
Regenerative Medicine,1746-0751,1746-076X,2026-04-30,NA,tf2025bibsam
Regional & Federal Studies,1359-7566,1743-9434,2026-04-30,NA,tf2025bibsam
Regional Studies,0034-3404,1360-0591,2026-04-30,NA,tf2025bibsam
"Regional Studies, Regional Science",NA,2168-1376,2026-04-30,NA,tf2025bibsam
Religion,0048-721X,1096-1151,2026-04-30,NA,tf2025bibsam
Religion & Education,1550-7394,1949-8381,2026-04-30,NA,tf2025bibsam
"Religion, Brain & Behavior",2153-599X,2153-5981,2026-04-30,NA,tf2025bibsam
"Religion, State and Society",0963-7494,1465-3974,2026-04-30,NA,tf2025bibsam
Religious Education : The official journal of the Religious Education Association,0034-4087,1547-3201,2026-04-30,NA,tf2025bibsam
Remote Sensing Letters,2150-704X,2150-7058,2026-04-30,NA,tf2025bibsam
Renal Failure,0886-022X,1525-6049,2026-04-30,NA,tf2025bibsam
Representation : Journal of Representative Democracy,0034-4893,1749-4001,2026-04-30,NA,tf2025bibsam
Research and Practice in Intellectual and Developmental Disabilities,2329-7018,2329-7026,2026-04-30,NA,tf2025bibsam
Research in Biomedical Engineering and Technology,NA,2996-0355,2026-04-30,NA,tf2025bibsam
Research in Dance Education,1464-7893,1470-1111,2026-04-30,NA,tf2025bibsam
Research in Drama Education: The Journal of Applied Theatre and Performance,1356-9783,1470-112X,2026-04-30,NA,tf2025bibsam
Research in Energy Sources,NA,3067-4603,2026-04-30,NA,tf2025bibsam
Research in Hospitality Management,2224-3534,2415-5152,2026-04-30,NA,tf2025bibsam
Research in Human Development,1542-7609,1542-7617,2026-04-30,NA,tf2025bibsam
Research in Materials Science,NA,3065-4327,2026-04-30,NA,tf2025bibsam
Research in Mathematics,NA,2768-4830,2026-04-30,NA,tf2025bibsam
Research in Mathematics Education,1479-4802,1754-0178,2026-04-30,NA,tf2025bibsam
Research in Nondestructive Evaluation,0934-9847,1432-2110,2026-04-30,NA,tf2025bibsam
Research in Post-Compulsory Education,1359-6748,1747-5112,2026-04-30,NA,tf2025bibsam
Research in Science & Technological Education,0263-5143,1470-1138,2026-04-30,NA,tf2025bibsam
Research in Sports Medicine : An International Journal,1543-8627,1543-8635,2026-04-30,NA,tf2025bibsam
Research in Statistics,NA,2768-4520,2026-04-30,NA,tf2025bibsam
Research on Language and Social Interaction,0835-1813,1532-7973,2026-04-30,NA,tf2025bibsam
Research Papers in Education,0267-1522,1470-1146,2026-04-30,NA,tf2025bibsam
Research Quarterly for Exercise and Sport,0270-1367,2168-3824,2026-04-30,NA,tf2025bibsam
Research Synthesis in Applied Linguistics,2998-4475,2998-4483,2026-04-30,NA,tf2025bibsam
Research-Technology Management,0895-6308,1930-0166,2026-04-30,NA,tf2025bibsam
Residential Treatment For Children & Youth,0886-571X,1541-0358,2026-04-30,NA,tf2025bibsam
Rethinking History : The Journal of Theory and Practice,1364-2529,1470-1154,2026-04-30,NA,tf2025bibsam
"Rethinking Marxism : A Journal of Economics, Culture & Society",0893-5696,1475-8059,2026-04-30,NA,tf2025bibsam
Review of Communication,NA,1535-8593,2026-04-30,NA,tf2025bibsam
"Review of Education, Pedagogy, and Cultural Studies",1071-4413,1556-3022,2026-04-30,NA,tf2025bibsam
Review of International Political Economy,0969-2290,1466-4526,2026-04-30,NA,tf2025bibsam
Review of Political Economy,0953-8259,1465-3982,2026-04-30,NA,tf2025bibsam
Review of Social Economy,0034-6764,1470-1162,2026-04-30,NA,tf2025bibsam
Review: Literature and Arts of the Americas,0890-5762,1743-0666,2026-04-30,NA,tf2025bibsam
Reviews in Anthropology,0093-8157,1556-3014,2026-04-30,NA,tf2025bibsam
Reviews in Fisheries Science & Aquaculture,2330-8249,2330-8257,2026-04-30,NA,tf2025bibsam
Revolutionary Russia,0954-6545,1743-7873,2026-04-30,NA,tf2025bibsam
Rhetoric Review,0735-0198,1532-7981,2026-04-30,NA,tf2025bibsam
Rhetoric Society Quarterly,0277-3945,1930-322X,2026-04-30,NA,tf2025bibsam
Ribagua : Revista Iberoamericana del Agua,2386-3781,2529-8968,2026-04-30,NA,tf2025bibsam
Ringing & Migration,0307-8698,2159-8355,2026-04-30,NA,tf2025bibsam
RMLE Online : Research in Middle Level Education,NA,1940-4476,2026-04-30,NA,tf2025bibsam
RNA Biology,1547-6286,1555-8584,2026-04-30,NA,tf2025bibsam
Road Materials and Pavement Design,1468-0629,2164-7402,2026-04-30,NA,tf2025bibsam
Rock Music Studies,1940-1159,1940-1167,2026-04-30,NA,tf2025bibsam
Roeper Review,0278-3193,1940-865X,2026-04-30,NA,tf2025bibsam
Romance Quarterly,0883-1157,1940-3216,2026-04-30,NA,tf2025bibsam
Romance Studies,0263-9904,1745-8153,2026-04-30,NA,tf2025bibsam
Rural Society,1037-1656,2204-0536,2026-04-30,NA,tf2025bibsam
"Rural Theology : International, Ecumenical and Interdisciplinary Perspectives",1470-4994,2042-1273,2026-04-30,NA,tf2025bibsam
Safety and Reliability,0961-7353,2469-4126,2026-04-30,NA,tf2025bibsam
Safundi,1753-3171,1543-1304,2026-04-30,NA,tf2025bibsam
SAHARA-J: Journal of Social Aspects of HIV/AIDS : An Open Access Journal,1729-0376,1813-4424,2026-04-30,NA,tf2025bibsam
SAR and QSAR in Environmental Research,1062-936X,1029-046X,2026-04-30,NA,tf2025bibsam
Scandinavian Actuarial Journal,0346-1238,1651-2030,2026-04-30,NA,tf2025bibsam
Scandinavian Cardiovascular Journal,1401-7431,1651-2006,2026-04-30,NA,tf2025bibsam
Scandinavian Economic History Review,0358-5522,1750-2837,2026-04-30,NA,tf2025bibsam
Scandinavian Journal of Clinical and Laboratory Investigation,0036-5513,1502-7686,2026-04-30,NA,tf2025bibsam
Scandinavian Journal of Educational Research,0031-3831,1470-1170,2026-04-30,NA,tf2025bibsam
Scandinavian Journal of Forest Research,0282-7581,1651-1891,2026-04-30,NA,tf2025bibsam
Scandinavian Journal of Gastroenterology,0036-5521,1502-7708,2026-04-30,NA,tf2025bibsam
Scandinavian Journal of History,0346-8755,1502-7716,2026-04-30,NA,tf2025bibsam
Scandinavian Journal of Hospitality and Tourism,1502-2250,1502-2269,2026-04-30,NA,tf2025bibsam
Scandinavian Journal of Occupational Therapy,1103-8128,1651-2014,2026-04-30,NA,tf2025bibsam
Scandinavian Journal of Primary Health Care,0281-3432,1502-7724,2026-04-30,NA,tf2025bibsam
Scandinavian Journal of Rheumatology,0300-9742,1502-7732,2026-04-30,NA,tf2025bibsam
Scandinavian Journal of the Old Testament : An International Journal of Nordic Theology,0901-8328,1502-7244,2026-04-30,NA,tf2025bibsam
Scando-Slavica,0080-6765,1600-082X,2026-04-30,NA,tf2025bibsam
Scatterplot : The MAA Journal of Data Science,NA,2993-2955,2026-04-30,NA,tf2025bibsam
SCHOLE: A Journal of Leisure Studies and Recreation Education,1937-156X,2162-4097,2026-04-30,NA,tf2025bibsam
"School Effectiveness and School Improvement : An International Journal of Research, Policy and Practice",0924-3453,1744-5124,2026-04-30,NA,tf2025bibsam
School Leadership & Management : Formerly School Organisation,1363-2434,1364-2626,2026-04-30,NA,tf2025bibsam
School Psychology Review,NA,2372-966X,2026-04-30,NA,tf2025bibsam
Science & Technology Libraries,0194-262X,1541-1109,2026-04-30,NA,tf2025bibsam
Science Activities : Projects and Curriculum Ideas in STEM Classrooms,0036-8121,1940-1302,2026-04-30,NA,tf2025bibsam
Science and Children,0036-8148,1943-4812,2026-04-30,NA,tf2025bibsam
Science and Medicine in Football,2473-3938,2473-4446,2026-04-30,NA,tf2025bibsam
Science and Technology for the Built Environment,2374-4731,2374-474X,2026-04-30,NA,tf2025bibsam
Science and Technology of Advanced Materials,1468-6996,1878-5514,2026-04-30,NA,tf2025bibsam
Science and Technology of Advanced Materials: Methods,NA,2766-0400,2026-04-30,NA,tf2025bibsam
Science as Culture,0950-5431,1470-1189,2026-04-30,NA,tf2025bibsam
Science Scope,0887-2376,1943-4901,2026-04-30,NA,tf2025bibsam
Scientific Studies of Reading,1088-8438,1532-799X,2026-04-30,NA,tf2025bibsam
Scottish Geographical Journal,1470-2541,1751-665X,2026-04-30,NA,tf2025bibsam
Scrutiny2 : Issues in English Studies in Southern Africa,1812-5441,1753-5409,2026-04-30,NA,tf2025bibsam
Security Studies,0963-6412,1556-1852,2026-04-30,NA,tf2025bibsam
Self and Identity,1529-8868,1529-8876,2026-04-30,NA,tf2025bibsam
Seminars in Ophthalmology,0882-0538,1744-5205,2026-04-30,NA,tf2025bibsam
Sensing Technology,NA,2836-1466,2026-04-30,NA,tf2025bibsam
Separation & Purification Reviews,1542-2119,1542-2127,2026-04-30,NA,tf2025bibsam
Separation Science and Technology,0149-6395,1520-5754,2026-04-30,NA,tf2025bibsam
Sequential Analysis : Design Methods and Applications,0747-4946,1532-4176,2026-04-30,NA,tf2025bibsam
Serials Review,0098-7913,1879-095X,2026-04-30,NA,tf2025bibsam
Services Marketing Quarterly,1533-2969,1533-2977,2026-04-30,NA,tf2025bibsam
Settler Colonial Studies,2201-473X,1838-0743,2026-04-30,NA,tf2025bibsam
"Sex Education : Sexuality, Society and Learning",1468-1811,1472-0825,2026-04-30,NA,tf2025bibsam
Sexual and Gender Diversity in Social Services,2993-3021,2993-303X,2026-04-30,NA,tf2025bibsam
Sexual and Relationship Therapy,1468-1994,1468-1749,2026-04-30,NA,tf2025bibsam
Sexual and Reproductive Health Matters,NA,2641-0397,2026-04-30,NA,tf2025bibsam
Sexual Health & Compulsivity,2692-9953,2692-9996,2026-04-30,NA,tf2025bibsam
Shakespeare,1745-0918,1745-0926,2026-04-30,NA,tf2025bibsam
Ship Technology Research : Schiffstechnik,0937-7255,2056-7111,2026-04-30,NA,tf2025bibsam
Ships and Offshore Structures,1744-5302,1754-212X,2026-04-30,NA,tf2025bibsam
"SICE Journal of Control, Measurement, and System Integration",1882-4889,1884-9970,2026-04-30,NA,tf2025bibsam
"Sikh Formations : Religion, Culture, Theory",1744-8727,1744-8735,2026-04-30,NA,tf2025bibsam
Slavery & Abolition : A Journal of Slave and Post-Slave Studies,0144-039X,1743-9523,2026-04-30,NA,tf2025bibsam
Slavic & East European Information Resources,1522-8886,1522-9041,2026-04-30,NA,tf2025bibsam
Slavonica,1361-7427,1745-8145,2026-04-30,NA,tf2025bibsam
Small Enterprise Research,1321-5906,1175-0979,2026-04-30,NA,tf2025bibsam
Small GTPases,2154-1248,2154-1256,2026-04-30,NA,tf2025bibsam
Small Wars & Insurgencies,0959-2318,1743-9558,2026-04-30,NA,tf2025bibsam
Smart Materials & Methods,NA,2996-3176,2026-04-30,NA,tf2025bibsam
Smart Science,NA,2308-0477,2026-04-30,NA,tf2025bibsam
Soccer & Society,1466-0970,1743-9590,2026-04-30,NA,tf2025bibsam
Social & Cultural Geography,1464-9365,1470-1197,2026-04-30,NA,tf2025bibsam
Social and Environmental Accountability Journal,0969-160X,2156-2245,2026-04-30,NA,tf2025bibsam
Social Dynamics : A journal of African studies,0253-3952,1940-7874,2026-04-30,NA,tf2025bibsam
"Social Epistemology : A Journal of Knowledge, Culture and Policy",0269-1728,1464-5297,2026-04-30,NA,tf2025bibsam
Social History,0307-1022,1470-1200,2026-04-30,NA,tf2025bibsam
"Social Identities : Journal for the Study of Race, Nation and Culture",1350-4630,1363-0296,2026-04-30,NA,tf2025bibsam
Social Influence,1553-4510,1553-4529,2026-04-30,NA,tf2025bibsam
Social Movement Studies,1474-2837,1474-2829,2026-04-30,NA,tf2025bibsam
Social Neuroscience,1747-0919,1747-0927,2026-04-30,NA,tf2025bibsam
Social Sciences in China,0252-9203,1940-5952,2026-04-30,NA,tf2025bibsam
Social Semiotics,1035-0330,1470-1219,2026-04-30,NA,tf2025bibsam
Social Work Education : The International Journal,0261-5479,1470-1227,2026-04-30,NA,tf2025bibsam
Social Work in Health Care,0098-1389,1541-034X,2026-04-30,NA,tf2025bibsam
Social Work in Mental Health,1533-2985,1533-2993,2026-04-30,NA,tf2025bibsam
Social Work in Public Health,1937-1918,1937-190X,2026-04-30,NA,tf2025bibsam
Social Work With Groups,0160-9513,1540-9481,2026-04-30,NA,tf2025bibsam
Socialism and Democracy,0885-4300,1745-2635,2026-04-30,NA,tf2025bibsam
Society & Natural Resources : An International Journal,0894-1920,1521-0723,2026-04-30,NA,tf2025bibsam
Sociological Focus,0038-0237,2162-1128,2026-04-30,NA,tf2025bibsam
Sociological Spectrum : Mid-South Sociological Association,0273-2173,1521-0707,2026-04-30,NA,tf2025bibsam
Soft Materials,1539-445X,1539-4468,2026-04-30,NA,tf2025bibsam
Soil and Sediment Contamination: An International Journal,1532-0383,1549-7887,2026-04-30,NA,tf2025bibsam
Soil Science and Plant Nutrition,0038-0768,1747-0765,2026-04-30,NA,tf2025bibsam
Solvent Extraction and Ion Exchange,0736-6299,1532-2262,2026-04-30,NA,tf2025bibsam
Somatosensory & Motor Research,0899-0220,1369-1651,2026-04-30,NA,tf2025bibsam
"Souls : A Critical Journal of Black Politics, Culture, and Society",1099-9949,1548-3843,2026-04-30,NA,tf2025bibsam
Sound Studies : An Interdisciplinary Journal,2055-1940,2055-1959,2026-04-30,NA,tf2025bibsam
South African Geographical Journal,0373-6245,2151-2418,2026-04-30,NA,tf2025bibsam
South African Historical Journal,0258-2473,1726-1686,2026-04-30,NA,tf2025bibsam
South African Journal of Accounting Research,1029-1954,2376-3981,2026-04-30,NA,tf2025bibsam
South African Journal of African Languages,0257-2117,2305-1159,2026-04-30,NA,tf2025bibsam
South African Journal of Clinical Nutrition,1607-0658,2221-1268,2026-04-30,NA,tf2025bibsam
South African Journal of International Affairs,1022-0461,1938-0275,2026-04-30,NA,tf2025bibsam
South African Journal of Philosophy,0258-0136,2073-4867,2026-04-30,NA,tf2025bibsam
South African Journal of Plant and Soil,0257-1862,2167-034X,2026-04-30,NA,tf2025bibsam
South African Journal on Human Rights,0258-7203,1996-2126,2026-04-30,NA,tf2025bibsam
South African Review of Sociology,2152-8586,2072-1978,2026-04-30,NA,tf2025bibsam
South African Theatre Journal,1013-7548,2163-7660,2026-04-30,NA,tf2025bibsam
South Asia: Journal of South Asian Studies,0085-6401,1479-0270,2026-04-30,NA,tf2025bibsam
South Asian Diaspora,1943-8192,1943-8184,2026-04-30,NA,tf2025bibsam
South Asian History and Culture,1947-2498,1947-2501,2026-04-30,NA,tf2025bibsam
South Asian Popular Culture,1474-6689,1474-6697,2026-04-30,NA,tf2025bibsam
South Asian Review,0275-9527,2573-9476,2026-04-30,NA,tf2025bibsam
South Asian Studies,0266-6030,2153-2699,2026-04-30,NA,tf2025bibsam
South East Asia Research,0967-828X,2043-6874,2026-04-30,NA,tf2025bibsam
South European Society and Politics,1360-8746,1743-9612,2026-04-30,NA,tf2025bibsam
Southeastern Archaeology,0734-578X,2168-4723,2026-04-30,NA,tf2025bibsam
Southern African Linguistics and Applied Language Studies,1607-3614,1727-9461,2026-04-30,NA,tf2025bibsam
Southern Communication Journal,1041-794X,1930-3203,2026-04-30,NA,tf2025bibsam
Southern Forests: a Journal of Forest Science,2070-2620,2070-2639,2026-04-30,NA,tf2025bibsam
Space and Polity,1356-2576,1470-1235,2026-04-30,NA,tf2025bibsam
Spanish Journal of Finance and Accounting / Revista Espa ola de Financiaci n y Contabilidad,0210-2412,2332-0753,2026-04-30,NA,tf2025bibsam
Spatial Cognition & Computation : An Interdisciplinary Journal,1387-5868,1542-7633,2026-04-30,NA,tf2025bibsam
Spatial Economic Analysis,1742-1772,1742-1780,2026-04-30,NA,tf2025bibsam
Spectroscopy Letters : An International Journal for Rapid Communication,0038-7010,1532-2289,2026-04-30,NA,tf2025bibsam
"Speech, Language and Hearing",2050-571X,2050-5728,2026-04-30,NA,tf2025bibsam
Sport in History,1746-0263,1746-0271,2026-04-30,NA,tf2025bibsam
"Sport in Society : Cultures, Commerce, Media, Politics",1743-0437,1743-0445,2026-04-30,NA,tf2025bibsam
Sport Management Review,1441-3523,1839-2083,2026-04-30,NA,tf2025bibsam
"Sport, Education and Society",1357-3322,1470-1243,2026-04-30,NA,tf2025bibsam
"Sport, Ethics and Philosophy",1751-1321,1751-133X,2026-04-30,NA,tf2025bibsam
Sports Biomechanics,1476-3141,1752-6116,2026-04-30,NA,tf2025bibsam
Sports Coaching Review,2164-0629,2164-0637,2026-04-30,NA,tf2025bibsam
"Stanislavski Studies : Practice, Legacy, and Contemporary Theater",2056-7790,2054-4170,2026-04-30,NA,tf2025bibsam
Statistical Theory and Related Fields,2475-4269,2475-4277,2026-04-30,NA,tf2025bibsam
Statistics : A Journal of Theoretical and Applied Statistics,0233-1888,1029-4910,2026-04-30,NA,tf2025bibsam
Statistics and Data Science in Imaging,NA,2997-9676,2026-04-30,NA,tf2025bibsam
Statistics and Public Policy,NA,2330-443X,2026-04-30,NA,tf2025bibsam
Statistics in Biopharmaceutical Research,NA,1946-6315,2026-04-30,NA,tf2025bibsam
Stochastic Analysis and Applications,0736-2994,1532-9356,2026-04-30,NA,tf2025bibsam
Stochastic Models,1532-6349,1532-4214,2026-04-30,NA,tf2025bibsam
Stochastics : An International Journal of Probability and Stochastic Processes,1744-2508,1744-2516,2026-04-30,NA,tf2025bibsam
Strabismus,0927-3972,1744-5132,2026-04-30,NA,tf2025bibsam
Strategic Analysis,0970-0161,1754-0054,2026-04-30,NA,tf2025bibsam
Strategies : A Journal for Physical and Sport Educators,0892-4562,2168-3778,2026-04-30,NA,tf2025bibsam
Stress : The International Journal on the Biology of Stress,1025-3890,1607-8888,2026-04-30,NA,tf2025bibsam
Structural Engineering International,1016-8664,1683-0350,2026-04-30,NA,tf2025bibsam
Structural Equation Modeling: A Multidisciplinary Journal,1070-5511,1532-8007,2026-04-30,NA,tf2025bibsam
"Structure and Infrastructure Engineering : Maintenance, Management, Life-Cycle Design and Performance",1573-2479,1744-8980,2026-04-30,NA,tf2025bibsam
Studia Neophilologica,0039-3274,1651-2308,2026-04-30,NA,tf2025bibsam
Studia Theologica - Nordic Journal of Theology,0039-338X,1502-7791,2026-04-30,NA,tf2025bibsam
Studies in Art Education : A Journal of Issues and Research,0039-3541,2325-8039,2026-04-30,NA,tf2025bibsam
Studies in Australasian Cinema,1750-3175,1750-3183,2026-04-30,NA,tf2025bibsam
Studies in Chinese Religions,2372-9988,2372-9996,2026-04-30,NA,tf2025bibsam
"Studies in Clinical Social Work: Transforming Practice, Education and Research",2837-6811,2837-682X,2026-04-30,NA,tf2025bibsam
Studies in Conflict & Terrorism,1057-610X,1521-0731,2026-04-30,NA,tf2025bibsam
Studies in Conservation,0039-3630,2047-0584,2026-04-30,NA,tf2025bibsam
Studies in Continuing Education,0158-037X,1470-126X,2026-04-30,NA,tf2025bibsam
Studies in Documentary Film,1750-3280,1750-3299,2026-04-30,NA,tf2025bibsam
Studies in Economics and Econometrics,0379-6205,2693-5198,2026-04-30,NA,tf2025bibsam
Studies in European Cinema,1741-1548,2040-0594,2026-04-30,NA,tf2025bibsam
Studies in Gender and Sexuality,1524-0657,1940-9206,2026-04-30,NA,tf2025bibsam
Studies in Higher Education,0307-5079,1470-174X,2026-04-30,NA,tf2025bibsam
Studies in Political Economy / Recherches en conomie politique : A Socialist Review,0707-8552,1918-7033,2026-04-30,NA,tf2025bibsam
Studies in Russian and Soviet Cinema,1750-3132,1750-3140,2026-04-30,NA,tf2025bibsam
Studies in Science Education,0305-7267,1940-8412,2026-04-30,NA,tf2025bibsam
Studies in the Education of Adults,0266-0830,1478-9833,2026-04-30,NA,tf2025bibsam
Studies in the History of Gardens & Designed Landscapes : An International Quarterly,1460-1176,1943-2186,2026-04-30,NA,tf2025bibsam
Studies in Theatre and Performance,1468-2761,2040-0616,2026-04-30,NA,tf2025bibsam
Studies in Travel Writing,1364-5145,1755-7550,2026-04-30,NA,tf2025bibsam
Studies on Neotropical Fauna and Environment,0165-0521,1744-5140,2026-04-30,NA,tf2025bibsam
Studying Teacher Education : A journal of self-study of teacher education practices,1742-5964,1742-5972,2026-04-30,NA,tf2025bibsam
Substance Use & Misuse,1082-6084,1532-2491,2026-04-30,NA,tf2025bibsam
Supply Chain Forum: An International Journal,1625-8312,1624-6039,2026-04-30,NA,tf2025bibsam
Supramolecular Chemistry,1061-0278,1029-0478,2026-04-30,NA,tf2025bibsam
Survey Review,0039-6265,1752-2706,2026-04-30,NA,tf2025bibsam
"Sustainability: Science, Practice and Policy",NA,1548-7733,2026-04-30,NA,tf2025bibsam
Sustainable & Green Materials,2996-5292,2996-4369,2026-04-30,NA,tf2025bibsam
Sustainable and Resilient Infrastructure,2378-9689,2378-9697,2026-04-30,NA,tf2025bibsam
Sustainable Communities,NA,2993-1282,2026-04-30,NA,tf2025bibsam
Sustainable Environment : An international journal of environmental health and sustainability,NA,2765-8511,2026-04-30,NA,tf2025bibsam
Sustainable Transport and Livability,NA,2994-1849,2026-04-30,NA,tf2025bibsam
Symbolae Osloenses : Norwegian Journal of Greek and Latin Studies,0039-7679,1502-7805,2026-04-30,NA,tf2025bibsam
Symposium: A Quarterly Journal in Modern Literatures,0039-7709,1931-0676,2026-04-30,NA,tf2025bibsam
Synchrotron Radiation News,0894-0886,1931-7344,2026-04-30,NA,tf2025bibsam
Synthetic Communications : An International Journal for Rapid Communication of Synthetic Organic Chemistry,0039-7911,1532-2432,2026-04-30,NA,tf2025bibsam
Systematics and Biodiversity,1477-2000,1478-0933,2026-04-30,NA,tf2025bibsam
Systems Biology in Reproductive Medicine,1939-6368,1939-6376,2026-04-30,NA,tf2025bibsam
Systems Science & Control Engineering : An Open Access Journal,NA,2164-2583,2026-04-30,NA,tf2025bibsam
"Tapuya: Latin American Science, Technology and Society",NA,2572-9861,2026-04-30,NA,tf2025bibsam
Teacher Development : An international journal of teachers' professional development,1366-4530,1747-5120,2026-04-30,NA,tf2025bibsam
Teachers and Teaching : theory and practice,1354-0602,1470-1278,2026-04-30,NA,tf2025bibsam
Teaching and Learning in Medicine : An International Journal,1040-1334,1532-8015,2026-04-30,NA,tf2025bibsam
Teaching Artist Journal,1541-1796,1541-180X,2026-04-30,NA,tf2025bibsam
Teaching Education,1047-6210,1470-1286,2026-04-30,NA,tf2025bibsam
Teaching in Higher Education : Critical Perspectives,1356-2517,1470-1294,2026-04-30,NA,tf2025bibsam
Technical Communication Quarterly,1057-2252,1542-7625,2026-04-30,NA,tf2025bibsam
Technical Services Quarterly,0731-7131,1555-3337,2026-04-30,NA,tf2025bibsam
Technology Analysis & Strategic Management,0953-7325,1465-3990,2026-04-30,NA,tf2025bibsam
Technology and Innovation,1949-8241,1949-825X,2026-04-30,NA,tf2025bibsam
"Technology, Pedagogy and Education",1475-939X,1747-5139,2026-04-30,NA,tf2025bibsam
Technology|Architecture + Design,2475-1448,2475-143X,2026-04-30,NA,tf2025bibsam
Technometrics,0040-1706,1537-2723,2026-04-30,NA,tf2025bibsam
Tel Aviv : Journal of the Institute of Archaeology of Tel Aviv University,0334-4355,2040-4786,2026-04-30,NA,tf2025bibsam
Temperature,2332-8940,2332-8959,2026-04-30,NA,tf2025bibsam
Terrae Incognitae : The Journal of the Society for the History of Discoveries,0082-2884,2040-8706,2026-04-30,NA,tf2025bibsam
"Territory, Politics, Governance",2162-2671,2162-268X,2026-04-30,NA,tf2025bibsam
Terrorism and Political Violence,0954-6553,1556-1836,2026-04-30,NA,tf2025bibsam
Text and Performance Quarterly,1046-2937,1479-5760,2026-04-30,NA,tf2025bibsam
TEXTILE : Cloth and Culture,1475-9756,1751-8350,2026-04-30,NA,tf2025bibsam
Textile History,0040-4969,1743-2952,2026-04-30,NA,tf2025bibsam
Textual Practice,0950-236X,1470-1308,2026-04-30,NA,tf2025bibsam
The AAG Review of Books,NA,2325-548X,2026-04-30,NA,tf2025bibsam
The Aging Male,1368-5538,1473-0790,2026-04-30,NA,tf2025bibsam
The American Journal of Bioethics,1526-5161,1536-0075,2026-04-30,NA,tf2025bibsam
The American Journal of Drug and Alcohol Abuse : Encompassing All Addictive Disorders,0095-2990,1097-9891,2026-04-30,NA,tf2025bibsam
The American Journal of Family Therapy,0192-6187,1521-0383,2026-04-30,NA,tf2025bibsam
The American Mathematical Monthly,0002-9890,1930-0972,2026-04-30,NA,tf2025bibsam
The American Statistician,0003-1305,1537-2731,2026-04-30,NA,tf2025bibsam
The Art Bulletin,0004-3079,1559-6478,2026-04-30,NA,tf2025bibsam
The Asia Pacific Journal of Anthropology,1444-2213,1740-9314,2026-04-30,NA,tf2025bibsam
The Black Scholar : Journal of Black Studies and Research,0006-4246,2162-5387,2026-04-30,NA,tf2025bibsam
The Cartographic Journal : The World of Mapping,0008-7041,1743-2774,2026-04-30,NA,tf2025bibsam
The Chinese Economy,1097-1475,1558-0954,2026-04-30,NA,tf2025bibsam
The Chinese Historical Review,1547-402X,2048-7827,2026-04-30,NA,tf2025bibsam
"The Clearing House: A Journal of Educational Strategies, Issues and Ideas",0009-8655,1939-912X,2026-04-30,NA,tf2025bibsam
The Clinical Neuropsychologist,1385-4046,1744-4144,2026-04-30,NA,tf2025bibsam
The Clinical Supervisor,0732-5223,1545-231X,2026-04-30,NA,tf2025bibsam
The College Mathematics Journal,0746-8342,1931-1346,2026-04-30,NA,tf2025bibsam
The Communication Review,1071-4421,1547-7487,2026-04-30,NA,tf2025bibsam
The Court Historian,1462-9712,2056-3450,2026-04-30,NA,tf2025bibsam
The Design Journal : An International Journal for All Aspects of Design,1460-6925,1756-3062,2026-04-30,NA,tf2025bibsam
The Educational Forum,0013-1725,1938-8098,2026-04-30,NA,tf2025bibsam
The Engineering Economist : A Journal Devoted to the Problems of Capital Investment,0013-791X,1547-2701,2026-04-30,NA,tf2025bibsam
The European Journal of Contraception & Reproductive Health Care,1362-5187,1473-0782,2026-04-30,NA,tf2025bibsam
The European Journal of Finance,1351-847X,1466-4364,2026-04-30,NA,tf2025bibsam
The European Journal of the History of Economic Thought,0967-2567,1469-5936,2026-04-30,NA,tf2025bibsam
The European Legacy : Toward New Paradigms,1084-8770,1470-1316,2026-04-30,NA,tf2025bibsam
The European Zoological Journal,NA,2475-0263,2026-04-30,NA,tf2025bibsam
The Explicator,0014-4940,1939-926X,2026-04-30,NA,tf2025bibsam
The Fibonacci Quarterly,0015-0517,2641-340X,2026-04-30,NA,tf2025bibsam
The Geography Teacher,1933-8341,1752-6884,2026-04-30,NA,tf2025bibsam
"The Germanic Review: Literature, Culture, Theory",0016-8890,1930-6962,2026-04-30,NA,tf2025bibsam
The Global Sixties : An Interdisciplinary Journal,2770-8888,2770-890X,2026-04-30,NA,tf2025bibsam
The Historian,0018-2370,1540-6563,2026-04-30,NA,tf2025bibsam
The Historic Environment: Policy & Practice,1756-7505,1756-7513,2026-04-30,NA,tf2025bibsam
The History of the Family,1081-602X,1873-5398,2026-04-30,NA,tf2025bibsam
The Imaging Science Journal,1368-2199,1743-131X,2026-04-30,NA,tf2025bibsam
The Information Society : An International Journal,0197-2243,1087-6537,2026-04-30,NA,tf2025bibsam
The International History Review,0707-5332,1949-6540,2026-04-30,NA,tf2025bibsam
The International Information & Library Review,1057-2317,1095-9297,2026-04-30,NA,tf2025bibsam
The International Journal for the History of Engineering & Technology,1758-1206,1758-1214,2026-04-30,NA,tf2025bibsam
The International Journal for the Psychology of Religion,1050-8619,1532-7582,2026-04-30,NA,tf2025bibsam
The International Journal of Aerospace Psychology,2472-1840,2472-1832,2026-04-30,NA,tf2025bibsam
The International Journal of Human Resource Management,0958-5192,1466-4399,2026-04-30,NA,tf2025bibsam
The International Journal of Human Rights,1364-2987,1744-053X,2026-04-30,NA,tf2025bibsam
The International Journal of Psychoanalysis,0020-7578,1745-8315,2026-04-30,NA,tf2025bibsam
"The International Review of Retail, Distribution and Consumer Research",0959-3969,1466-4402,2026-04-30,NA,tf2025bibsam
The International Spectator : Italian Journal of International Affairs,0393-2729,1751-9721,2026-04-30,NA,tf2025bibsam
The International Trade Journal,0885-3908,1521-0545,2026-04-30,NA,tf2025bibsam
The Interpreter and Translator Trainer,1750-399X,1757-0417,2026-04-30,NA,tf2025bibsam
The Italianist,0261-4340,1748-619X,2026-04-30,NA,tf2025bibsam
The Japanese Political Economy,2329-194X,2329-1958,2026-04-30,NA,tf2025bibsam
The Journal for Specialists in Group Work,0193-3922,1549-6295,2026-04-30,NA,tf2025bibsam
The Journal of Adhesion,0021-8464,1545-5823,2026-04-30,NA,tf2025bibsam
The Journal of Agricultural Education and Extension : Competence for Rural Innovation and Transformation,1389-224X,1750-8622,2026-04-30,NA,tf2025bibsam
The Journal of Architecture,1360-2365,1466-4410,2026-04-30,NA,tf2025bibsam
"The Journal of Arts Management, Law, and Society",1063-2921,1930-7799,2026-04-30,NA,tf2025bibsam
The Journal of Continuing Higher Education,0737-7363,1948-4801,2026-04-30,NA,tf2025bibsam
The Journal of Development Studies,0022-0388,1743-9140,2026-04-30,NA,tf2025bibsam
The Journal of Economic Education,0022-0485,2152-4068,2026-04-30,NA,tf2025bibsam
The Journal of Educational Research,0022-0671,1940-0675,2026-04-30,NA,tf2025bibsam
The Journal of Environmental Education,0095-8964,1940-1892,2026-04-30,NA,tf2025bibsam
The Journal of Experimental Education,0022-0973,1940-0683,2026-04-30,NA,tf2025bibsam
The Journal of Forensic Psychiatry & Psychology,1478-9949,1478-9957,2026-04-30,NA,tf2025bibsam
The Journal of General Psychology,0022-1309,1940-0888,2026-04-30,NA,tf2025bibsam
The Journal of Genetic Psychology : Research and Theory on Human Development,0022-1325,1940-0896,2026-04-30,NA,tf2025bibsam
The Journal of Higher Education,0022-1546,1538-4640,2026-04-30,NA,tf2025bibsam
The Journal of Holocaust Research,2578-5648,2578-5656,2026-04-30,NA,tf2025bibsam
The Journal of Horticultural Science and Biotechnology,1462-0316,2380-4084,2026-04-30,NA,tf2025bibsam
The Journal of International Trade & Economic Development : An International and Comparative Review,0963-8199,1469-9559,2026-04-30,NA,tf2025bibsam
The Journal of Legal History,0144-0365,1744-0564,2026-04-30,NA,tf2025bibsam
The Journal of Legislative Studies,1357-2334,1743-9337,2026-04-30,NA,tf2025bibsam
The Journal of Maternal-Fetal & Neonatal Medicine,1476-7058,1476-4954,2026-04-30,NA,tf2025bibsam
The Journal of Mathematical Sociology,0022-250X,1545-5874,2026-04-30,NA,tf2025bibsam
The Journal of Modern Craft,1749-6772,1749-6780,2026-04-30,NA,tf2025bibsam
The Journal of North African Studies,1362-9387,1743-9345,2026-04-30,NA,tf2025bibsam
The Journal of Pacific History,0022-3344,1469-9605,2026-04-30,NA,tf2025bibsam
The Journal of Peasant Studies,0306-6150,1743-9361,2026-04-30,NA,tf2025bibsam
The Journal of Positive Psychology : Dedicated to furthering research and promoting good practice,1743-9760,1743-9779,2026-04-30,NA,tf2025bibsam
The Journal of Psychology : Interdisciplinary and Applied,0022-3980,1940-1019,2026-04-30,NA,tf2025bibsam
The Journal of Sex Research,0022-4499,1559-8519,2026-04-30,NA,tf2025bibsam
The Journal of Slavic Military Studies,1351-8046,1556-3006,2026-04-30,NA,tf2025bibsam
The Journal of Social Psychology,0022-4545,1940-1183,2026-04-30,NA,tf2025bibsam
The Journal of Spinal Cord Medicine,1079-0268,2045-7723,2026-04-30,NA,tf2025bibsam
The Journal of the Middle East and Africa,2152-0844,2152-0852,2026-04-30,NA,tf2025bibsam
The Journal of The Textile Institute,0040-5000,1754-2340,2026-04-30,NA,tf2025bibsam
The Keats-Shelley Review,0952-4142,2042-1362,2026-04-30,NA,tf2025bibsam
The Language Learning Journal,0957-1736,1753-2167,2026-04-30,NA,tf2025bibsam
The Law Teacher,0306-9400,1943-0353,2026-04-30,NA,tf2025bibsam
The London Journal : A Review of Metropolitan Society Past and Present,0305-8034,1749-6322,2026-04-30,NA,tf2025bibsam
The Mariner's Mirror,0025-3359,2049-680X,2026-04-30,NA,tf2025bibsam
The Mathematical Gazette,0025-5572,2056-6328,2026-04-30,NA,tf2025bibsam
The Neurodiagnostic Journal,2164-6821,2375-8627,2026-04-30,NA,tf2025bibsam
The New Bioethics : A Multidisciplinary Journal of Biotechnology and the Body,2050-2877,2050-2885,2026-04-30,NA,tf2025bibsam
The New Educator,1547-688X,1549-9243,2026-04-30,NA,tf2025bibsam
The Nonproliferation Review,1073-6700,1746-1766,2026-04-30,NA,tf2025bibsam
The Oral History Review,0094-0798,1533-8592,2026-04-30,NA,tf2025bibsam
The Pacific Review,0951-2748,1470-1332,2026-04-30,NA,tf2025bibsam
The Physician and Sportsmedicine,0091-3847,2326-3660,2026-04-30,NA,tf2025bibsam
The Polar Journal,2154-896X,2154-8978,2026-04-30,NA,tf2025bibsam
The Professional Geographer,0033-0124,1467-9272,2026-04-30,NA,tf2025bibsam
The Psychoanalytic Quarterly,0033-2828,2167-4086,2026-04-30,NA,tf2025bibsam
The Psychoanalytic Study of the Child,0079-7308,2474-3356,2026-04-30,NA,tf2025bibsam
The Reference Librarian,0276-3877,1541-1117,2026-04-30,NA,tf2025bibsam
The Review of Faith & International Affairs,1557-0274,1931-7743,2026-04-30,NA,tf2025bibsam
The RUSI Journal,0307-1847,1744-0378,2026-04-30,NA,tf2025bibsam
The Scandinavian Psychoanalytic Review,0106-2301,1600-0803,2026-04-30,NA,tf2025bibsam
The Science Teacher,0036-8555,1943-4871,2026-04-30,NA,tf2025bibsam
The Senses and Society,1745-8927,1745-8935,2026-04-30,NA,tf2025bibsam
The Serials Librarian : From the Printed Page to the Digital Age,0361-526X,1541-1095,2026-04-30,NA,tf2025bibsam
The Service Industries Journal,0264-2069,1743-9507,2026-04-30,NA,tf2025bibsam
The Seventeenth Century,0268-117X,2050-4616,2026-04-30,NA,tf2025bibsam
The Social Science Journal,0362-3319,1873-5355,2026-04-30,NA,tf2025bibsam
The Social Studies,0037-7996,2152-405X,2026-04-30,NA,tf2025bibsam
The Sociological Quarterly,0038-0253,1533-8525,2026-04-30,NA,tf2025bibsam
The Teacher Educator,0887-8730,1938-8101,2026-04-30,NA,tf2025bibsam
The Theory and Practice of Legislation,2050-8840,2050-8859,2026-04-30,NA,tf2025bibsam
The Translator,1355-6509,1757-0409,2026-04-30,NA,tf2025bibsam
The Washington Quarterly,0163-660X,1530-9177,2026-04-30,NA,tf2025bibsam
The Wilson Journal of Ornithology,1559-4491,1938-5447,2026-04-30,NA,tf2025bibsam
The World Journal of Biological Psychiatry,1562-2975,1814-1412,2026-04-30,NA,tf2025bibsam
Theatre and Performance Design,2332-2551,2332-2578,2026-04-30,NA,tf2025bibsam
"Theatre, Dance and Performance Training",1944-3927,1944-3919,2026-04-30,NA,tf2025bibsam
Theology & Sexuality,1355-8358,1745-5170,2026-04-30,NA,tf2025bibsam
Theology and Science,1474-6700,1474-6719,2026-04-30,NA,tf2025bibsam
Theoretical Issues in Ergonomics Science,1463-922X,1464-536X,2026-04-30,NA,tf2025bibsam
Theory & Research in Social Education,0093-3104,2163-1654,2026-04-30,NA,tf2025bibsam
Theory Into Practice,0040-5841,1543-0421,2026-04-30,NA,tf2025bibsam
Therapeutic Delivery,2041-5990,2041-6008,2026-04-30,NA,tf2025bibsam
Thinking & Reasoning,1354-6783,1464-0708,2026-04-30,NA,tf2025bibsam
"Time and Mind : The Journal of Archaeology, Consciousness and Culture",1751-696X,1751-6978,2026-04-30,NA,tf2025bibsam
Tissue Barriers,NA,2168-8370,2026-04-30,NA,tf2025bibsam
Topics in Stroke Rehabilitation,1074-9357,1945-5119,2026-04-30,NA,tf2025bibsam
"Tourism Geographies : An International Journal of Tourism Space, Place and Environment",1461-6688,1470-1340,2026-04-30,NA,tf2025bibsam
Tourism Planning & Development,2156-8316,2156-8324,2026-04-30,NA,tf2025bibsam
Tourism Recreation Research,0250-8281,2320-0308,2026-04-30,NA,tf2025bibsam
Toxicological & Environmental Chemistry,0277-2248,1029-0486,2026-04-30,NA,tf2025bibsam
Toxicology Communications,NA,2473-4306,2026-04-30,NA,tf2025bibsam
Toxicology Mechanisms and Methods,1537-6516,1537-6524,2026-04-30,NA,tf2025bibsam
Toxin Reviews,1556-9543,1556-9551,2026-04-30,NA,tf2025bibsam
Traffic Injury Prevention,1538-9588,1538-957X,2026-04-30,NA,tf2025bibsam
Transactional Analysis Journal,0362-1537,2329-5244,2026-04-30,NA,tf2025bibsam
Transactions of the IMF : The International Journal of Surface Engineering and Coatings,0020-2967,1745-9192,2026-04-30,NA,tf2025bibsam
Transactions of the Royal Society of South Africa,0035-919X,2154-0098,2026-04-30,NA,tf2025bibsam
Transactions of the Royal Society of South Australia,0372-1426,2204-0293,2026-04-30,NA,tf2025bibsam
Transcription,2154-1264,2154-1272,2026-04-30,NA,tf2025bibsam
Translation Review,0737-4836,2164-0564,2026-04-30,NA,tf2025bibsam
Translation Studies,1478-1700,1751-2921,2026-04-30,NA,tf2025bibsam
Transnational Legal Theory,2041-4005,2041-4013,2026-04-30,NA,tf2025bibsam
Transnational Screens,2578-5273,2578-5265,2026-04-30,NA,tf2025bibsam
Transport Reviews,0144-1647,1464-5327,2026-04-30,NA,tf2025bibsam
Transportation Letters : The International Journal of Transportation Research,1942-7867,1942-7875,2026-04-30,NA,tf2025bibsam
Transportation Planning and Technology,0308-1060,1029-0354,2026-04-30,NA,tf2025bibsam
Transportmetrica A: Transport Science,2324-9935,2324-9943,2026-04-30,NA,tf2025bibsam
Transportmetrica B: Transport Dynamics,2168-0566,2168-0582,2026-04-30,NA,tf2025bibsam
Tribology Transactions,1040-2004,1547-397X,2026-04-30,NA,tf2025bibsam
Turkish Studies,1468-3849,1743-9663,2026-04-30,NA,tf2025bibsam
Ultrastructural Pathology,0191-3123,1521-0758,2026-04-30,NA,tf2025bibsam
Urban Geography,0272-3638,1938-2847,2026-04-30,NA,tf2025bibsam
Urban Research & Practice,1753-5069,1753-5077,2026-04-30,NA,tf2025bibsam
Urban Resilience and Earthquake Engineering,NA,3065-6680,2026-04-30,NA,tf2025bibsam
Urban Water Journal,1573-062X,1744-9006,2026-04-30,NA,tf2025bibsam
"Urban, Planning and Transport Research : An Open Access Journal",NA,2165-0020,2026-04-30,NA,tf2025bibsam
Vehicle System Dynamics : International Journal of Vehicle Mechanics and Mobility,0042-3114,1744-5159,2026-04-30,NA,tf2025bibsam
Venture Capital : An International Journal of Entrepreneurial Finance,1369-1066,1464-5343,2026-04-30,NA,tf2025bibsam
Vernacular Architecture,0305-5477,1749-6292,2026-04-30,NA,tf2025bibsam
Veterinary Quarterly,0165-2176,1875-5941,2026-04-30,NA,tf2025bibsam
"Victims & Offenders : An International Journal of Evidence-based Research, Policy, and Practice",1556-4886,1556-4991,2026-04-30,NA,tf2025bibsam
Virtual and Physical Prototyping,1745-2759,1745-2767,2026-04-30,NA,tf2025bibsam
Virulence,2150-5594,2150-5608,2026-04-30,NA,tf2025bibsam
Visitor Studies,1064-5578,1934-7715,2026-04-30,NA,tf2025bibsam
Visual Anthropology,0894-9468,1545-5920,2026-04-30,NA,tf2025bibsam
Visual Cognition,1350-6285,1464-0716,2026-04-30,NA,tf2025bibsam
Visual Communication Quarterly,1555-1393,1555-1407,2026-04-30,NA,tf2025bibsam
Visual Culture in Britain,1471-4787,1941-8361,2026-04-30,NA,tf2025bibsam
Visual Resources : an international journal on images and their uses,0197-3762,1477-2809,2026-04-30,NA,tf2025bibsam
Visual Studies,1472-586X,1472-5878,2026-04-30,NA,tf2025bibsam
Voice and Speech Review,2326-8263,2326-8271,2026-04-30,NA,tf2025bibsam
"Vulnerable Children and Youth Studies : An International Interdisciplinary Journal for Research, Policy and Care",1745-0128,1745-0136,2026-04-30,NA,tf2025bibsam
War & Society,0729-2473,2042-4345,2026-04-30,NA,tf2025bibsam
Wasafiri,0269-0055,1747-1508,2026-04-30,NA,tf2025bibsam
Water International,0250-8060,1941-1707,2026-04-30,NA,tf2025bibsam
Water Science,NA,2357-0008,2026-04-30,NA,tf2025bibsam
Waves in Random and Complex Media,1745-5030,1745-5049,2026-04-30,NA,tf2025bibsam
Weatherwise,0043-1672,1940-1310,2026-04-30,NA,tf2025bibsam
Welding International,0950-7116,1754-2138,2026-04-30,NA,tf2025bibsam
West European Politics,0140-2382,1743-9655,2026-04-30,NA,tf2025bibsam
Western Journal of Communication,1057-0314,1745-1027,2026-04-30,NA,tf2025bibsam
Whitehall Papers,0268-1307,1754-5382,2026-04-30,NA,tf2025bibsam
Whiteness and Education,2379-3406,2379-3414,2026-04-30,NA,tf2025bibsam
Women & Criminal Justice,0897-4454,1541-0323,2026-04-30,NA,tf2025bibsam
Women & Health,0363-0242,1541-0331,2026-04-30,NA,tf2025bibsam
Women & Performance: a journal of feminist theory,0740-770X,1748-5819,2026-04-30,NA,tf2025bibsam
Women & Therapy,0270-3149,1541-0315,2026-04-30,NA,tf2025bibsam
Women: a cultural review,0957-4042,1470-1367,2026-04-30,NA,tf2025bibsam
Women's History Review,0961-2025,1747-583X,2026-04-30,NA,tf2025bibsam
Women's Reproductive Health,2329-3691,2329-3713,2026-04-30,NA,tf2025bibsam
Women's Studies : An inter-disciplinary journal,0049-7878,1547-7045,2026-04-30,NA,tf2025bibsam
Women's Writing,0969-9082,1747-5848,2026-04-30,NA,tf2025bibsam
Wood Material Science & Engineering,1748-0272,1748-0280,2026-04-30,NA,tf2025bibsam
WORD,0043-7956,2373-5112,2026-04-30,NA,tf2025bibsam
Word & Image : A Journal of Verbal/Visual Enquiry,0266-6286,1943-2178,2026-04-30,NA,tf2025bibsam
"Work & Stress : An International Journal of Work, Health & Organisations",0267-8373,1464-5335,2026-04-30,NA,tf2025bibsam
World Archaeology,0043-8243,1470-1375,2026-04-30,NA,tf2025bibsam
World Art,2150-0894,2150-0908,2026-04-30,NA,tf2025bibsam
World Futures : The Journal of New Paradigm Research,0260-4027,1556-1844,2026-04-30,NA,tf2025bibsam
World Leisure Journal,1607-8055,2333-4509,2026-04-30,NA,tf2025bibsam
World's Poultry Science Journal,0043-9339,1743-4777,2026-04-30,NA,tf2025bibsam
Xenobiotica : the fate of foreign compounds in biological systems,0049-8254,1366-5928,2026-04-30,NA,tf2025bibsam
Yorkshire Archaeological Journal : A Review of History and Archaeology in the County,0084-4276,2045-0664,2026-04-30,NA,tf2025bibsam
Youth Theatre Journal,0892-9092,1948-4798,2026-04-30,NA,tf2025bibsam
Zoology in the Middle East,0939-7140,2326-2680,2026-04-30,NA,tf2025bibsam
ACM AI Letters,NA,NA,2026-04-30,NA,acm2023lyrasis
ACM Computing Surveys,0360-0300,1557-7341,2026-04-30,NA,acm2023lyrasis
ACM Journal of Data Science,NA,3069-3497,2026-04-30,NA,acm2023lyrasis
ACM Journal on Autonomous Transportation Systems,NA,2833-0528,2026-04-30,NA,acm2023lyrasis
ACM Journal on Computing and Sustainable Societies,NA,2834-5533,2026-04-30,NA,acm2023lyrasis
ACM Journal on Emerging Technologies in Computing Systems,NA,1550-4840,2026-04-30,NA,acm2023lyrasis
ACM Journal on Responsible Computing,NA,2832-0565,2026-04-30,NA,acm2023lyrasis
ACM Transactions on Accessible Computing,1936-7228,1936-7236,2026-04-30,NA,acm2023lyrasis
ACM Transactions on AI for Science,NA,3066-4438,2026-04-30,NA,acm2023lyrasis
ACM Transactions on AI Security and Privacy,NA,3068-3564,2026-04-30,NA,acm2023lyrasis
ACM Transactions on Algorithms,1549-6325,1549-6333,2026-04-30,NA,acm2023lyrasis
ACM Transactions on Applied Perception,1544-3558,1544-3965,2026-04-30,NA,acm2023lyrasis
ACM Transactions on Architecture and Code Optimization,1544-3566,1544-3973,2026-04-30,NA,acm2023lyrasis
ACM Transactions on Asian and Low-Resource Language Information Processing,2375-4699,2375-4702,2026-04-30,NA,acm2023lyrasis
ACM Transactions on Autonomous and Adaptive Systems,NA,1556-4703,2026-04-30,NA,acm2023lyrasis
ACM Transactions on Computation Theory,1942-3454,1942-3462,2026-04-30,NA,acm2023lyrasis
ACM Transactions on Computational Logic,1529-3785,1557-945X,2026-04-30,NA,acm2023lyrasis
ACM Transactions on Computer Systems,0734-2071,1557-7333,2026-04-30,NA,acm2023lyrasis
ACM Transactions on Computer-Human Interaction,1073-0516,1557-7325,2026-04-30,NA,acm2023lyrasis
ACM Transactions on Computing Education,NA,1946-6226,2026-04-30,NA,acm2023lyrasis
ACM Transactions on Computing for Healthcare,NA,2637-8051,2026-04-30,NA,acm2023lyrasis
ACM Transactions on Cyber-Physical Systems,2378-962X,2378-9638,2026-04-30,NA,acm2023lyrasis
ACM Transactions on Database Systems,0362-5915,1557-4644,2026-04-30,NA,acm2023lyrasis
ACM Transactions on Design Automation of Electronic Systems,1084-4309,1557-7309,2026-04-30,NA,acm2023lyrasis
ACM Transactions on Economics and Computation,2167-8375,2167-8383,2026-04-30,NA,acm2023lyrasis
ACM Transactions on Embedded Computing Systems,1539-9087,1558-3465,2026-04-30,NA,acm2023lyrasis
ACM Transactions on Evolutionary Learning and Optimization,NA,NA,2026-04-30,NA,acm2023lyrasis
ACM Transactions on Graphics,0730-0301,1557-7368,2026-04-30,NA,acm2023lyrasis
ACM Transactions on Human-Robot Interaction,NA,2573-9522,2026-04-30,NA,acm2023lyrasis
ACM Transactions on Information Systems,1046-8188,1558-2868,2026-04-30,NA,acm2023lyrasis
ACM Transactions on Intelligent Systems and Technology,2157-6904,2157-6912,2026-04-30,NA,acm2023lyrasis
ACM Transactions on Interactive Intelligent Systems,2160-6455,2160-6463,2026-04-30,NA,acm2023lyrasis
ACM Transactions on Internet of Things,NA,2577-6207,2026-04-30,NA,acm2023lyrasis
ACM Transactions on Internet Technology,1533-5399,1557-6051,2026-04-30,NA,acm2023lyrasis
ACM Transactions on Knowledge Discovery from Data,1556-4681,1556-472X,2026-04-30,NA,acm2023lyrasis
ACM Transactions on Management Information Systems,2158-656X,2158-6578,2026-04-30,NA,acm2023lyrasis
ACM Transactions on Mathematical Software,0098-3500,1557-7295,2026-04-30,NA,acm2023lyrasis
ACM Transactions on Modeling and Computer Simulation,1049-3301,1558-1195,2026-04-30,NA,acm2023lyrasis
ACM Transactions on Modeling and Performance Evaluation of Computing Systems,2376-3639,2376-3647,2026-04-30,NA,acm2023lyrasis
"ACM Transactions on Multimedia Computing, Communications, and Applications",1551-6857,1551-6865,2026-04-30,NA,acm2023lyrasis
ACM Transactions on Parallel Computing,2329-4949,2329-4957,2026-04-30,NA,acm2023lyrasis
ACM Transactions on Privacy and Security,2471-2566,2471-2574,2026-04-30,NA,acm2023lyrasis
ACM Transactions on Probabilistic Machine Learning,NA,2836-8924,2026-04-30,NA,acm2023lyrasis
ACM Transactions on Programming Languages and Systems,0164-0925,1558-4593,2026-04-30,NA,acm2023lyrasis
ACM Transactions on Quantum Computing,2643-6809,2643-6817,2026-04-30,NA,acm2023lyrasis
ACM Transactions on Recommender Systems,NA,2770-6699,2026-04-30,NA,acm2023lyrasis
ACM Transactions on Reconfigurable Technology and Systems,1936-7406,1936-7414,2026-04-30,NA,acm2023lyrasis
ACM Transactions on Sensor Networks,1550-4859,1550-4867,2026-04-30,NA,acm2023lyrasis
ACM Transactions on Social Computing,NA,2469-7826,2026-04-30,NA,acm2023lyrasis
ACM Transactions on Software Engineering and Methodology,1049-331X,1557-7392,2026-04-30,NA,acm2023lyrasis
ACM Transactions on Spatial Algorithms and Systems,2374-0353,2374-0361,2026-04-30,NA,acm2023lyrasis
ACM Transactions on Storage,1553-3077,1553-3093,2026-04-30,NA,acm2023lyrasis
ACM Transactions on the Web,1559-1131,1559-114X,2026-04-30,NA,acm2023lyrasis
Collective Intelligence,NA,2633-9137,2026-04-30,NA,acm2023lyrasis
Digital Government: Research and Practice,2691-199X,2639-0175,2026-04-30,NA,acm2023lyrasis
Digital Threats: Research and Practice,2692-1626,2576-5337,2026-04-30,NA,acm2023lyrasis
Distributed Ledger Technologies: Research and Practice,2769-6472,2769-6480,2026-04-30,NA,acm2023lyrasis
Formal Aspects of Computing,0934-5043,1433-299X,2026-04-30,NA,acm2023lyrasis
Games: Research and Practice,NA,2832-5516,2026-04-30,NA,acm2023lyrasis
Journal of Data and Information Quality,1936-1955,1936-1963,2026-04-30,NA,acm2023lyrasis
Journal of the ACM,0004-5411,1557-735X,2026-04-30,NA,acm2023lyrasis
Journal on Computing and Cultural Heritage,1556-4673,1556-4711,2026-04-30,NA,acm2023lyrasis
Proceedings of the ACM on Computer Graphics and Interactive Techniques,NA,2577-6193,2026-04-30,NA,acm2023lyrasis
Proceedings of the ACM on Human-Computer Interaction,NA,2573-0142,2026-04-30,NA,acm2023lyrasis
"Proceedings of the ACM on Interactive, Mobile, Wearable and Ubiquitous Technologies",NA,2474-9567,2026-04-30,NA,acm2023lyrasis
Proceedings of the ACM on Management of Data,NA,2836-6573,2026-04-30,NA,acm2023lyrasis
Proceedings of the ACM on Measurement and Analysis of Computing Systems,NA,2476-1249,2026-04-30,NA,acm2023lyrasis
Proceedings of the ACM on Networking,NA,2834-5509,2026-04-30,NA,acm2023lyrasis
Proceedings of the ACM on Programming Languages,NA,2475-1421,2026-04-30,NA,acm2023lyrasis
Proceedings of the ACM on Software Engineering,NA,2994-970X,2026-04-30,NA,acm2023lyrasis
A Current Bibliography on African Affairs,0011-3255,2376-6662,2026-05-01,NA,sage2025finelib
About Campus,1086-4822,1536-0687,2026-02-10,NA,sage2025finelib
Abstracts in Anthropology,0001-3455,1557-5136,2026-02-10,NA,sage2025finelib
Academic Forensic Pathology,1925-3621,1925-3621,2026-02-10,NA,sage2025finelib
Accounting History,1032-3732,1749-3374,2026-02-10,NA,sage2025finelib
Acta Sociologica,0001-6993,1502-3869,2026-02-10,NA,sage2025finelib
Action Research,1476-7503,1741-2617,2026-02-10,NA,sage2025finelib
Active Learning in Higher Education,1469-7874,1741-2625,2026-02-10,NA,sage2025finelib
Acupuncture in Medicine,0964-5284,1759-9873,2026-02-10,NA,sage2025finelib
Adaptive Behavior,1059-7123,1741-2633,2026-02-10,NA,sage2025finelib
ADCES in Practice,2633-559X,2633-5603,2026-02-10,NA,sage2025finelib
Administration & Society,0095-3997,1552-3039,2026-02-10,NA,sage2025finelib
Administrative Science Quarterly,0001-8392,1930-3815,2026-02-10,NA,sage2025finelib
Adoption & Fostering,0308-5759,1740-469X,2026-02-10,NA,sage2025finelib
Adult Education Quarterly,0741-7136,1552-3047,2026-02-10,NA,sage2025finelib
Adult Learning,1045-1595,2162-4070,2026-02-10,NA,sage2025finelib
Advances in Dental Research,0895-9374,1544-0737,2026-02-10,NA,sage2025finelib
Advances in Developing Human Resources,1523-4223,1552-3055,2026-02-10,NA,sage2025finelib
Advances in Structural Engineering,1369-4332,2048-4011,2026-02-10,NA,sage2025finelib
Affilia,0886-1099,1552-3020,2026-02-10,NA,sage2025finelib
Agrarian South: Journal of Political Economy,2277-9760,2321-0281,2026-02-10,NA,sage2025finelib
Alexandria,0955-7490,2050-4551,2026-02-10,NA,sage2025finelib
Alternative Law Journal,1037-969X,2398-9084,2026-02-10,NA,sage2025finelib
AlterNative: An International Journal of Indigenous Peoples,1177-1801,1174-1740,2026-02-10,NA,sage2025finelib
Alternatives,0304-3754,2163-3150,2026-02-10,NA,sage2025finelib
Alternatives to Laboratory Animals,0261-1929,2632-3559,2026-02-10,NA,sage2025finelib
American Behavioral Scientist,0002-7642,1552-3381,2026-02-10,NA,sage2025finelib
American Educational Research Journal,0002-8312,1935-1011,2026-02-10,NA,sage2025finelib
American Journal of Evaluation,1098-2140,1557-0878,2026-02-10,NA,sage2025finelib
American Journal of Health Promotion,0890-1171,2168-6602,2026-02-10,NA,sage2025finelib
American Journal of Hospice and Palliative Medicine®,1049-9091,1938-2715,2026-02-10,NA,sage2025finelib
American Journal of Lifestyle Medicine,1559-8276,1559-8284,2026-02-10,NA,sage2025finelib
American Journal of Rhinology & Allergy,1945-8924,1945-8932,2026-02-10,NA,sage2025finelib
American Politics Research,1532-673X,1552-3373,2026-02-10,NA,sage2025finelib
American Sociological Review,0003-1224,1939-8271,2026-02-10,NA,sage2025finelib
American String Teacher,0003-1313,2515-4842,2026-02-10,NA,sage2025finelib
Anaesthesia and Intensive Care,0310-057X,1448-0271,2026-02-10,NA,sage2025finelib
Angiology,0003-3197,1940-1574,2026-02-10,NA,sage2025finelib
Anglican Theological Review,0003-3286,2163-6214,2026-02-10,NA,sage2025finelib
Animation,1746-8477,1746-8485,2026-02-10,NA,sage2025finelib
"Annals of Otology, Rhinology & Laryngology",0003-4894,1943-572X,2026-02-10,NA,sage2025finelib
Annals of Pharmacotherapy,1060-0280,1542-6270,2026-02-10,NA,sage2025finelib
Annals of the ICRP,0146-6453,1872-969X,2026-02-10,NA,sage2025finelib
Anthropological Theory,1463-4996,1741-2641,2026-02-10,NA,sage2025finelib
ANTYAJAA: Indian Journal of Women and Social Change,2455-6327,2456-3722,2026-02-10,NA,sage2025finelib
Applied Psychological Measurement,0146-6216,1552-3497,2026-02-10,NA,sage2025finelib
Applied Spectroscopy,0003-7028,1943-3530,2026-02-10,NA,sage2025finelib
Archive for the Psychology of Religion,0084-6724,1573-6121,2026-02-10,NA,sage2025finelib
Armed Forces & Society,0095-327X,1556-0848,2026-02-10,NA,sage2025finelib
Arthaniti: Journal of Economic Theory and Practice,0976-7479,2517-2654,2026-02-10,NA,sage2025finelib
Arts and Humanities in Higher Education,1474-0222,1741-265X,2026-02-10,NA,sage2025finelib
Asia Pacific Journal of Public Health,1010-5395,1941-2479,2026-02-10,NA,sage2025finelib
Asia-Pacific Journal of Management Research and Innovation,2319-510X,2321-0729,2026-02-10,NA,sage2025finelib
Asia-Pacific Journal of Rural Development,1018-5291,2074-0131,2026-02-10,NA,sage2025finelib
Asian and Pacific Migration Journal,0117-1968,2057-049X,2026-02-10,NA,sage2025finelib
Asian Cardiovascular and Thoracic Annals,0218-4923,1816-5370,2026-02-10,NA,sage2025finelib
Asian Journal of Comparative Politics,2057-8911,2057-892X,2026-02-10,NA,sage2025finelib
Asian Journal of Legal Education,2322-0058,2348-2451,2026-02-10,NA,sage2025finelib
Asian Journal of Management Cases,0972-8201,0973-0621,2026-02-10,NA,sage2025finelib
Assessment,1073-1911,1552-3489,2026-02-10,NA,sage2025finelib
Assessment for Effective Intervention,1534-5084,1938-7458,2026-02-10,NA,sage2025finelib
Australasian Journal of Early Childhood,1836-9391,1839-5961,2026-02-10,NA,sage2025finelib
Australasian Marketing Journal,1441-3582,1839-3349,2026-02-10,NA,sage2025finelib
Australasian Psychiatry,1039-8562,1440-1665,2026-02-10,NA,sage2025finelib
Australian & New Zealand Journal of Psychiatry,0004-8674,1440-1614,2026-02-10,NA,sage2025finelib
Australian Journal of Career Development,1038-4162,2200-6974,2026-02-10,NA,sage2025finelib
Australian Journal of Education,0004-9441,2050-5884,2026-02-10,NA,sage2025finelib
Australian Journal of Management,0312-8962,1327-2020,2026-02-10,NA,sage2025finelib
Autism,1362-3613,1461-7005,2026-02-10,NA,sage2025finelib
Avian Biology Research,1758-1559,1758-1567,2026-02-10,NA,sage2025finelib
Behavior Modification,0145-4455,1552-4167,2026-02-10,NA,sage2025finelib
Behavioral Disorders,0198-7429,2163-5307,2026-02-10,NA,sage2025finelib
Belonging,3029-0805,3029-0805,2026-02-10,NA,sage2025finelib
Beyond Behavior,1074-2956,2163-5323,2026-02-10,NA,sage2025finelib
Biblical Theology Bulletin,0146-1079,1945-7596,2026-02-10,NA,sage2025finelib
Biological Research For Nursing,1099-8004,1552-4175,2026-02-10,NA,sage2025finelib
BioScope: South Asian Screen Studies,0974-9276,0976-352X,2026-02-10,NA,sage2025finelib
Body & Society,1357-034X,1460-3632,2026-02-10,NA,sage2025finelib
British Journal of Music Therapy,1359-4575,2059-9773,2026-02-10,NA,sage2025finelib
British Journal of Occupational Therapy,0308-0226,1477-6006,2026-02-10,NA,sage2025finelib
British Journal of Pain,2049-4637,2049-4645,2026-02-10,NA,sage2025finelib
British Journal of Visual Impairment,0264-6196,1744-5809,2026-02-10,NA,sage2025finelib
British Journalism Review,0956-4748,1741-2668,2026-02-10,NA,sage2025finelib
Building Acoustics,1351-010X,2059-8025,2026-02-10,NA,sage2025finelib
Building Services Engineering Research & Technology,0143-6244,1477-0849,2026-02-10,NA,sage2025finelib
"Bulletin of Science, Technology & Society",0270-4676,1552-4183,2026-02-10,NA,sage2025finelib
Bulletin of Sociological Methodology/Bulletin de Méthodologie Sociologique,0759-1063,2070-2779,2026-02-10,NA,sage2025finelib
Business & Society,0007-6503,1552-4205,2026-02-10,NA,sage2025finelib
Business and Professional Communication Quarterly,2329-4906,2329-4922,2026-02-10,NA,sage2025finelib
Business Information Review,0266-3821,1741-6450,2026-02-10,NA,sage2025finelib
Business Perspectives and Research,2278-5337,2394-9937,2026-02-10,NA,sage2025finelib
Cahiers Élisabéthains,0184-7678,2054-4715,2026-02-10,NA,sage2025finelib
Calcutta Statistical Association Bulletin,0008-0683,2456-6462,2026-02-10,NA,sage2025finelib
California Management Review,0008-1256,2162-8564,2026-02-10,NA,sage2025finelib
Canadian Association of Radiologists Journal,0846-5371,1488-2361,2026-02-10,NA,sage2025finelib
Canadian Journal of Nursing Research,0844-5621,1705-7051,2026-02-10,NA,sage2025finelib
Canadian Journal of Occupational Therapy,0008-4174,1911-9828,2026-02-10,NA,sage2025finelib
Canadian Journal of School Psychology,0829-5735,2154-3984,2026-02-10,NA,sage2025finelib
Canadian Pharmacists Journal / Revue des Pharmaciens du Canada,1715-1635,1913-701X,2026-02-10,NA,sage2025finelib
Capital & Class,0309-8168,2041-0980,2026-02-10,NA,sage2025finelib
Career Development and Transition for Exceptional Individuals,2165-1434,2165-1442,2026-02-10,NA,sage2025finelib
Cellular Polymers,0262-4893,1478-2421,2026-02-10,NA,sage2025finelib
Child Language Teaching and Therapy,0265-6590,1477-0865,2026-02-10,NA,sage2025finelib
Child Maltreatment,1077-5595,1552-6119,2026-02-10,NA,sage2025finelib
Childhood,0907-5682,1461-7013,2026-02-10,NA,sage2025finelib
China Information,0920-203X,1741-590X,2026-02-10,NA,sage2025finelib
China Report,0009-4455,0973-063X,2026-02-10,NA,sage2025finelib
Chinese Journal of Sociology,2057-150X,2057-1518,2026-02-10,NA,sage2025finelib
Chinese Journal of Transnational Law,2753-412X,2753-412X,2026-02-10,NA,sage2025finelib
Christian Education Journal,0739-8913,2378-525X,2026-02-10,NA,sage2025finelib
Chronic Illness,1742-3953,1745-9206,2026-02-10,NA,sage2025finelib
"Citizenship, Social and Economics Education",1478-8047,2047-1734,2026-02-10,NA,sage2025finelib
City & Community,1535-6841,1540-6040,2026-02-10,NA,sage2025finelib
Clin-Alert,0069-4770,1530-812X,2026-02-10,NA,sage2025finelib
Clinical Case Studies,1534-6501,1552-3802,2026-02-10,NA,sage2025finelib
Clinical Child Psychology and Psychiatry,1359-1045,1461-7021,2026-02-10,NA,sage2025finelib
Clinical EEG and Neuroscience,1550-0594,2169-5202,2026-02-10,NA,sage2025finelib
Clinical Medicine Insights: Arthritis and Musculoskeletal Disorders,1179-5441,1179-5441,2026-02-10,NA,sage2025finelib
Clinical Medicine Insights: Pediatrics,1179-5565,1179-5565,2026-02-10,NA,sage2025finelib
Clinical Nursing Research,1054-7738,1552-3799,2026-02-10,NA,sage2025finelib
Clinical Pediatrics,0009-9228,1938-2707,2026-02-10,NA,sage2025finelib
Clinical Psychological Science,2167-7026,2167-7034,2026-02-10,NA,sage2025finelib
Clinical Rehabilitation,0269-2155,1477-0873,2026-02-10,NA,sage2025finelib
Clinical Trials,1740-7745,1740-7753,2026-02-10,NA,sage2025finelib
Clothing and Textiles Research Journal,0887-302X,1940-2473,2026-02-10,NA,sage2025finelib
Coastal Studies & Society,2634-9817,2634-9817,2026-02-10,NA,sage2025finelib
Collections,1550-1906,NA,2026-02-10,NA,sage2025finelib
Common Law World Review,1473-7795,1740-5556,2026-02-10,NA,sage2025finelib
Communication & Sport,2167-4795,2167-4809,2026-02-10,NA,sage2025finelib
Communication Disorders Quarterly,1525-7401,1538-4837,2026-02-10,NA,sage2025finelib
Communication Research,0093-6502,1552-3810,2026-02-10,NA,sage2025finelib
Community College Review,0091-5521,1940-2325,2026-02-10,NA,sage2025finelib
Community Health Equity Research & Policy,2752-535X,2752-5368,2026-02-10,NA,sage2025finelib
Comparative Political Studies,0010-4140,1552-3829,2026-02-10,NA,sage2025finelib
Compensation & Benefits Review,0886-3687,1552-3837,2026-02-10,NA,sage2025finelib
Competition & Change,1024-5294,1477-2221,2026-02-10,NA,sage2025finelib
Competition and Regulation in Network Industries,1783-5917,2399-2956,2026-02-10,NA,sage2025finelib
Concurrent Engineering,1063-293X,1531-2003,2026-02-10,NA,sage2025finelib
Conflict Management and Peace Science,0738-8942,1549-9219,2026-02-10,NA,sage2025finelib
Contemporary Drug Problems,0091-4509,2163-1808,2026-02-10,NA,sage2025finelib
Contemporary Education Dialogue,0973-1849,2249-5320,2026-02-10,NA,sage2025finelib
Contemporary Issues in Early Childhood,1463-9491,1463-9491,2026-02-10,NA,sage2025finelib
Contemporary Review of the Middle East,2347-7989,2349-0055,2026-02-10,NA,sage2025finelib
Contemporary Sociology,0094-3061,1939-8638,2026-02-10,NA,sage2025finelib
Contemporary Voice of Dalit,2455-328X,2456-0502,2026-02-10,NA,sage2025finelib
Contexts,1536-5042,1537-6052,2026-02-10,NA,sage2025finelib
Contributions to Indian Sociology,0069-9659,0973-0648,2026-02-10,NA,sage2025finelib
Convergence,1354-8565,1748-7382,2026-02-10,NA,sage2025finelib
Cooperation and Conflict,0010-8367,1460-3691,2026-02-10,NA,sage2025finelib
Cornell Hospitality Quarterly,1938-9655,1938-9663,2026-02-10,NA,sage2025finelib
Crime & Delinquency,0011-1287,1552-387X,2026-02-10,NA,sage2025finelib
"Crime, Media, Culture",1741-6590,1741-6604,2026-02-10,NA,sage2025finelib
Criminal Justice and Behavior,0093-8548,1552-3594,2026-02-10,NA,sage2025finelib
Criminal Justice Policy Review,0887-4034,1552-3586,2026-02-10,NA,sage2025finelib
Criminal Justice Review,0734-0168,1556-3839,2026-02-10,NA,sage2025finelib
Criminology & Criminal Justice,1748-8958,1748-8966,2026-02-10,NA,sage2025finelib
Critical Research on Religion,2050-3032,2050-3040,2026-02-10,NA,sage2025finelib
Critical Reviews in Oral Biology & Medicine,1045-4411,1544-1113,2026-02-10,NA,sage2025finelib
Critical Social Policy,0261-0183,1461-703X,2026-02-10,NA,sage2025finelib
Critical Sociology,0896-9205,1569-1632,2026-02-10,NA,sage2025finelib
Critical Studies in Television,1749-6020,1749-6039,2026-02-10,NA,sage2025finelib
Critique of Anthropology,0308-275X,1460-3721,2026-02-10,NA,sage2025finelib
Cross-Cultural Research,1069-3971,1552-3578,2026-02-10,NA,sage2025finelib
Cultural Dynamics,0921-3740,1461-7048,2026-02-10,NA,sage2025finelib
cultural geographies,1474-4740,1477-0881,2026-02-10,NA,sage2025finelib
Cultural Sociology,1749-9755,1749-9763,2026-02-10,NA,sage2025finelib
Cultural Studies ↔ Critical Methodologies,1532-7086,1552-356X,2026-02-10,NA,sage2025finelib
Culture & Psychology,1354-067X,1461-7056,2026-02-10,NA,sage2025finelib
Current Directions in Psychological Science,0963-7214,1467-8721,2026-02-10,NA,sage2025finelib
Current Sociology,0011-3921,1461-7064,2026-02-10,NA,sage2025finelib
Currents in Biblical Research,1476-993X,1745-5200,2026-02-10,NA,sage2025finelib
Dementia,1471-3012,1741-2684,2026-02-10,NA,sage2025finelib
Developmental Child Welfare,2516-1032,2516-1040,2026-02-10,NA,sage2025finelib
Dialogues in AI & Society,NA,NA,2026-02-10,NA,sage2025finelib
Dialogues in Human Geography,2043-8206,2043-8214,2026-02-10,NA,sage2025finelib
Dialogues in Innovation & Entrepreneurship,NA,NA,2026-02-10,NA,sage2025finelib
Dialogues in Management,NA,NA,2026-02-10,NA,sage2025finelib
Dialogues in Sociology,2976-8667,2976-8667,2026-02-10,NA,sage2025finelib
Dialogues in Urban Research,2754-1258,2754-1258,2026-02-10,NA,sage2025finelib
Dialogues on Climate Change,2976-8659,2976-8659,2026-02-10,NA,sage2025finelib
Dialogues on Digital Society,2976-8640,2976-8640,2026-02-10,NA,sage2025finelib
Discourse & Communication,1750-4813,1750-4821,2026-02-10,NA,sage2025finelib
Discourse & Society,0957-9265,1460-3624,2026-02-10,NA,sage2025finelib
Discourse Studies,1461-4456,1461-7080,2026-02-10,NA,sage2025finelib
"DIY, Alternative Cultures & Society",2753-8702,2753-8702,2026-02-10,NA,sage2025finelib
"Drug Science, Policy and Law",2050-3245,2050-3245,2026-02-10,NA,sage2025finelib
E-Learning and Digital Media,2042-7530,2042-7530,2026-02-10,NA,sage2025finelib
Earthquake Spectra,8755-2930,1944-8201,2026-02-10,NA,sage2025finelib
East European Politics and Societies,0888-3254,1533-8371,2026-02-10,NA,sage2025finelib
Economic and Industrial Democracy,0143-831X,1461-7099,2026-02-10,NA,sage2025finelib
Economic Development Quarterly,0891-2424,1552-3543,2026-02-10,NA,sage2025finelib
Education and Urban Society,0013-1245,1552-3535,2026-02-10,NA,sage2025finelib
"Education, Citizenship and Social Justice",1746-1979,1746-1987,2026-02-10,NA,sage2025finelib
Educational Administration Quarterly,0013-161X,1552-3519,2026-02-10,NA,sage2025finelib
Educational and Psychological Measurement,0013-1644,1552-3888,2026-02-10,NA,sage2025finelib
Educational Evaluation and Policy Analysis,0162-3737,1935-1062,2026-02-10,NA,sage2025finelib
Educational Management Administration & Leadership,1741-1432,1741-1440,2026-02-10,NA,sage2025finelib
Educational Policy,0895-9048,1552-3896,2026-02-10,NA,sage2025finelib
Educational Researcher,0013-189X,1935-102X,2026-02-10,NA,sage2025finelib
Electronic News,1931-2431,1931-244X,2026-02-10,NA,sage2025finelib
Emerging Adulthood,2167-6968,2167-6984,2026-02-10,NA,sage2025finelib
Emerging Economy Studies,2394-9015,2454-2148,2026-02-10,NA,sage2025finelib
Emotion Review,1754-0739,1754-0747,2026-02-10,NA,sage2025finelib
Empirical Studies of the Arts,0276-2374,1541-4493,2026-02-10,NA,sage2025finelib
Energy & Environment,0958-305X,2048-4070,2026-02-10,NA,sage2025finelib
Entrepreneurship Education and Pedagogy,2515-1274,2515-1274,2026-02-10,NA,sage2025finelib
Entrepreneurship Theory and Practice,1042-2587,1540-6520,2026-02-10,NA,sage2025finelib
Environment & Urbanization,0956-2478,1746-0301,2026-02-10,NA,sage2025finelib
Environment and Behavior,0013-9165,1552-390X,2026-02-10,NA,sage2025finelib
Environment and Planning A: Economy and Space,0308-518X,1472-3409,2026-02-10,NA,sage2025finelib
Environment and Planning B: Urban Analytics and City Science,2399-8083,2399-8091,2026-02-10,NA,sage2025finelib
Environment and Planning C: Politics and Space,2399-6544,2399-6552,2026-02-10,NA,sage2025finelib
Environment and Planning D: Society and Space,0263-7758,1472-3433,2026-02-10,NA,sage2025finelib
Environment and Planning E: Nature and Space,2514-8486,2514-8494,2026-02-10,NA,sage2025finelib
Environment and Planning F,2634-9825,2634-9825,2026-02-10,NA,sage2025finelib
Environment and Security,2753-8796,2753-8796,2026-02-10,NA,sage2025finelib
Environment and Urbanization ASIA,0975-4253,0976-3546,2026-02-10,NA,sage2025finelib
Environmental Law Review,1461-4529,1740-5564,2026-02-10,NA,sage2025finelib
Equity in Education & Society,2752-6461,2752-6461,2026-02-10,NA,sage2025finelib
Ergonomics in Design,1064-8046,NA,2026-02-10,NA,sage2025finelib
Ethnicities,1468-7968,1741-2706,2026-02-10,NA,sage2025finelib
Ethnography,1466-1381,1741-2714,2026-02-10,NA,sage2025finelib
European Educational Research Journal,1474-9041,1474-9041,2026-02-10,NA,sage2025finelib
European History Quarterly,0265-6914,1461-7110,2026-02-10,NA,sage2025finelib
European Journal of Communication,0267-3231,1460-3705,2026-02-10,NA,sage2025finelib
European Journal of Criminology,1477-3708,1741-2609,2026-02-10,NA,sage2025finelib
European Journal of Cultural Studies,1367-5494,1460-3551,2026-02-10,NA,sage2025finelib
European Journal of Industrial Relations,0959-6801,1461-7129,2026-02-10,NA,sage2025finelib
European Journal of International Relations,1354-0661,1460-3713,2026-02-10,NA,sage2025finelib
European Journal of Mass Spectrometry,1469-0667,1751-6838,2026-02-10,NA,sage2025finelib
European Journal of Ophthalmology,1120-6721,1724-6016,2026-02-10,NA,sage2025finelib
European Journal of Personality,0890-2070,1099-0984,2026-02-10,NA,sage2025finelib
European Journal of Political Theory,1474-8851,1741-2730,2026-02-10,NA,sage2025finelib
European Journal of Probation,2066-2203,2066-2203,2026-02-10,NA,sage2025finelib
European Journal of Social Security,1388-2627,2399-2948,2026-02-10,NA,sage2025finelib
European Journal of Social Theory,1368-4310,1461-7137,2026-02-10,NA,sage2025finelib
European Journal of Women's Studies,1350-5068,1461-7420,2026-02-10,NA,sage2025finelib
European Labour Law Journal,2031-9525,2399-5556,2026-02-10,NA,sage2025finelib
European Physical Education Review,1356-336X,1741-2749,2026-02-10,NA,sage2025finelib
European Stroke Journal,2396-9873,2396-9881,2026-02-10,NA,sage2025finelib
European Union Politics,1465-1165,1741-2757,2026-02-10,NA,sage2025finelib
European Urban and Regional Studies,0969-7764,1461-7145,2026-02-10,NA,sage2025finelib
Evaluation,1356-3890,1461-7153,2026-02-10,NA,sage2025finelib
Evaluation & the Health Professions,0163-2787,1552-3918,2026-02-10,NA,sage2025finelib
Evaluation Journal of Australasia,1035-719X,2515-9372,2026-02-10,NA,sage2025finelib
Evaluation Review,0193-841X,1552-3926,2026-02-10,NA,sage2025finelib
Exceptional Children,0014-4029,2163-5560,2026-02-10,NA,sage2025finelib
FACE,2732-5016,2732-5016,2026-02-10,NA,sage2025finelib
Families in Society,1044-3894,1945-1350,2026-02-10,NA,sage2025finelib
Family Business Review,0894-4865,1741-6248,2026-02-10,NA,sage2025finelib
Feminism & Psychology,0959-3535,1461-7161,2026-02-10,NA,sage2025finelib
Feminist Criminology,1557-0851,1557-086X,2026-02-10,NA,sage2025finelib
Feminist Review,0141-7789,1466-4380,2026-02-10,NA,sage2025finelib
Feminist Theology,0966-7350,1745-5189,2026-02-10,NA,sage2025finelib
Feminist Theory,1464-7001,1741-2773,2026-02-10,NA,sage2025finelib
Field Methods,1525-822X,1552-3969,2026-02-10,NA,sage2025finelib
FIIB Business Review,2319-7145,2455-2658,2026-02-10,NA,sage2025finelib
First Language,0142-7237,1740-2344,2026-02-10,NA,sage2025finelib
Focus on Autism and Other Developmental Disabilities,1088-3576,1538-4829,2026-02-10,NA,sage2025finelib
Food and Nutrition Bulletin,0379-5721,1564-8265,2026-02-10,NA,sage2025finelib
Food Science and Technology International,1082-0132,1532-1738,2026-02-10,NA,sage2025finelib
Foot & Ankle International,1071-1007,1944-7876,2026-02-10,NA,sage2025finelib
Foot & Ankle Specialist,1938-6400,1938-7636,2026-02-10,NA,sage2025finelib
Foregut,2634-5161,2634-5161,2026-02-10,NA,sage2025finelib
Foreign Trade Review,0015-7325,0971-7625,2026-02-10,NA,sage2025finelib
Forum Italicum,0014-5858,2168-989X,2026-02-10,NA,sage2025finelib
French Cultural Studies,0957-1558,1740-2352,2026-02-10,NA,sage2025finelib
Games and Culture,1555-4120,1555-4139,2026-02-10,NA,sage2025finelib
Gender & Society,0891-2432,1552-3977,2026-02-10,NA,sage2025finelib
German Journal of Human Resource Management,2397-0022,2397-0030,2026-02-10,NA,sage2025finelib
Gifted Child Quarterly,0016-9862,1934-9041,2026-02-10,NA,sage2025finelib
Gifted Child Today,1076-2175,2162-951X,2026-02-10,NA,sage2025finelib
Gifted Education International,0261-4294,2047-9077,2026-02-10,NA,sage2025finelib
Global Business Review,0972-1509,0973-0664,2026-02-10,NA,sage2025finelib
Global Health Promotion,1757-9759,1757-9767,2026-02-10,NA,sage2025finelib
Global Journal of Emerging Market Economies,0974-9101,0975-2730,2026-02-10,NA,sage2025finelib
Global Media and Communication,1742-7665,1742-7673,2026-02-10,NA,sage2025finelib
Global Social Policy,1468-0181,1741-2803,2026-02-10,NA,sage2025finelib
Global Studies of Childhood,2043-6106,2043-6106,2026-02-10,NA,sage2025finelib
Group & Organization Management,1059-6011,1552-3993,2026-02-10,NA,sage2025finelib
Group Analysis,0533-3164,1461-717X,2026-02-10,NA,sage2025finelib
Group Processes & Intergroup Relations,1368-4302,1461-7188,2026-02-10,NA,sage2025finelib
HAND,1558-9447,1558-9455,2026-02-10,NA,sage2025finelib
Health,1363-4593,1461-7196,2026-02-10,NA,sage2025finelib
Health Education & Behavior,1090-1981,1552-6127,2026-02-10,NA,sage2025finelib
Health Education Journal,0017-8969,1748-8176,2026-02-10,NA,sage2025finelib
Health Information Management Journal,1833-3583,1833-3575,2026-02-10,NA,sage2025finelib
Health Promotion Practice,1524-8399,1552-6372,2026-02-10,NA,sage2025finelib
Healthcare Management Forum,0840-4704,2352-3883,2026-02-10,NA,sage2025finelib
HERD: Health Environments Research & Design Journal,1937-5867,2167-5112,2026-02-10,NA,sage2025finelib
High Performance Polymers,0954-0083,1361-6412,2026-02-10,NA,sage2025finelib
Higher Education for the Future,2347-6311,2348-5779,2026-02-10,NA,sage2025finelib
HIP International,1120-7000,1724-6067,2026-02-10,NA,sage2025finelib
Hispanic Health Care International,1540-4153,1938-8993,2026-02-10,NA,sage2025finelib
Hispanic Journal of Behavioral Sciences,0739-9863,1552-6364,2026-02-10,NA,sage2025finelib
History and Sociology of South Asia,2230-8075,2249-5312,2026-02-10,NA,sage2025finelib
History of Psychiatry,0957-154X,1740-2360,2026-02-10,NA,sage2025finelib
History of Science,0073-2753,1753-8564,2026-02-10,NA,sage2025finelib
History of the Human Sciences,0952-6951,1461-720X,2026-02-10,NA,sage2025finelib
Home Health Care Management & Practice,1084-8223,1552-6739,2026-02-10,NA,sage2025finelib
Homicide Studies,1088-7679,1552-6720,2026-02-10,NA,sage2025finelib
Hospital Pharmacy,0018-5787,1945-1253,2026-02-10,NA,sage2025finelib
HSS Journal®,1556-3316,1556-3324,2026-02-10,NA,sage2025finelib
Human Factors,0018-7208,1547-8181,2026-02-10,NA,sage2025finelib
Human Geography,1942-7786,2633-674X,2026-02-10,NA,sage2025finelib
Human Relations,0018-7267,1741-282X,2026-02-10,NA,sage2025finelib
Human Resource Development Review,1534-4843,1552-6712,2026-02-10,NA,sage2025finelib
Human Systems,2634-4041,2634-4041,2026-02-10,NA,sage2025finelib
Humanity & Society,0160-5976,2372-9708,2026-02-10,NA,sage2025finelib
IFLA Journal,0340-0352,1745-2651,2026-02-10,NA,sage2025finelib
IIM Kozhikode Society & Management Review,2277-9752,2321-029X,2026-02-10,NA,sage2025finelib
"Illness, Crisis & Loss",1054-1373,1552-6968,2026-02-10,NA,sage2025finelib
ILR Review,0019-7939,2162-271X,2026-02-10,NA,sage2025finelib
"Imagination, Cognition and Personality",0276-2366,1541-4477,2026-02-10,NA,sage2025finelib
Improving Schools,1365-4802,1475-7583,2026-02-10,NA,sage2025finelib
Incarceration,2632-6663,2632-6663,2026-02-10,NA,sage2025finelib
Inclusive Practices,2732-4745,2732-4745,2026-02-10,NA,sage2025finelib
Index on Censorship,0306-4220,1746-6067,2026-02-10,NA,sage2025finelib
India Quarterly,0974-9284,0975-2684,2026-02-10,NA,sage2025finelib
Indian Historical Review,0376-9836,0975-5977,2026-02-10,NA,sage2025finelib
Indian Journal of Clinical Medicine,2633-9447,1179-9161,2026-02-10,NA,sage2025finelib
Indian Journal of Corporate Governance,0974-6862,2454-2482,2026-02-10,NA,sage2025finelib
Indian Journal of Gender Studies,0971-5215,0973-0672,2026-02-10,NA,sage2025finelib
Indian Journal of Human Development,0973-7030,2456-480X,2026-02-10,NA,sage2025finelib
Indian Journal of Public Administration,0019-5561,2457-0222,2026-02-10,NA,sage2025finelib
Indoor and Built Environment,1420-326X,1423-0070,2026-02-10,NA,sage2025finelib
Industry and Higher Education,0950-4222,2043-6858,2026-02-10,NA,sage2025finelib
Information Development,0266-6669,1741-6469,2026-02-10,NA,sage2025finelib
Information Visualization,1473-8716,1473-8724,2026-02-10,NA,sage2025finelib
InnovAiT,1755-7380,1755-7399,2026-02-10,NA,sage2025finelib
Innovations,1556-9845,1559-0879,2026-02-10,NA,sage2025finelib
Insight on Africa,0975-0878,0976-3465,2026-02-10,NA,sage2025finelib
Institutionalised Children Explorations and Beyond,2349-3003,2349-3011,2026-02-10,NA,sage2025finelib
International Bulletin of Mission Research,2396-9393,2396-9407,2026-02-10,NA,sage2025finelib
International Communication Gazette,1748-0485,1748-0493,2026-02-10,NA,sage2025finelib
International Criminal Justice Review,1057-5677,1556-3855,2026-02-10,NA,sage2025finelib
International Journal,0020-7020,2052-465X,2026-02-10,NA,sage2025finelib
International Journal of Aeroacoustics,1475-472X,2048-4003,2026-02-10,NA,sage2025finelib
International Journal of Architectural Computing,1478-0771,2048-3988,2026-02-10,NA,sage2025finelib
International Journal of Behavioral Development,0165-0254,1464-0651,2026-02-10,NA,sage2025finelib
International Journal of Bilingualism,1367-0069,1756-6878,2026-02-10,NA,sage2025finelib
International Journal of Business Communication,2329-4884,2329-4892,2026-02-10,NA,sage2025finelib
International Journal of Christianity & Education,2056-9971,2056-998X,2026-02-10,NA,sage2025finelib
International Journal of Clinical Metabolism and Diabetes,3050-2071,3050-208X,2026-02-10,NA,sage2025finelib
International Journal of Commerce and Contracting,2976-8829,2976-8837,2026-02-10,NA,sage2025finelib
International Journal of Comparative Sociology,0020-7152,1745-2554,2026-02-10,NA,sage2025finelib
International Journal of Cross Cultural Management,1470-5958,1741-2838,2026-02-10,NA,sage2025finelib
International Journal of Cultural Studies,1367-8779,1460-356X,2026-02-10,NA,sage2025finelib
International Journal of Damage Mechanics,1056-7895,1530-7921,2026-02-10,NA,sage2025finelib
International Journal of Discrimination and the Law,1358-2291,2047-9468,2026-02-10,NA,sage2025finelib
International Journal of Educational Reform,1056-7879,NA,2026-02-10,NA,sage2025finelib
International Journal of Electrical Engineering & Education,0020-7209,2050-4578,2026-02-10,NA,sage2025finelib
International Journal of Maritime History,0843-8714,2052-7756,2026-02-10,NA,sage2025finelib
International Journal of Market Research,1470-7853,2515-2173,2026-02-10,NA,sage2025finelib
International Journal of Mechanical Engineering Education,0306-4190,2050-4586,2026-02-10,NA,sage2025finelib
International Journal of Music Education,0255-7614,1744-795X,2026-02-10,NA,sage2025finelib
International Journal of Offender Therapy and Comparative Criminology,0306-624X,1552-6933,2026-02-10,NA,sage2025finelib
International Journal of Police Science & Management,1461-3557,1478-1603,2026-02-10,NA,sage2025finelib
International Journal of Protective Structures,2041-4196,2041-420X,2026-02-10,NA,sage2025finelib
International Journal of Rural Management,0973-0052,0973-0680,2026-02-10,NA,sage2025finelib
International Journal of Social Determinants of Health and Health Services,2755-1938,2755-1946,2026-02-10,NA,sage2025finelib
International Journal of Social Psychiatry,0020-7640,1741-2854,2026-02-10,NA,sage2025finelib
International Journal of Space Structures,0956-0599,2059-8033,2026-02-10,NA,sage2025finelib
International Journal of Sports Science & Coaching,1747-9541,2048-397X,2026-02-10,NA,sage2025finelib
International Journal of Spray and Combustion Dynamics,1756-8277,1756-8285,2026-02-10,NA,sage2025finelib
International Journal of Stroke,1747-4930,1747-4949,2026-02-10,NA,sage2025finelib
International Journal of Surgical Pathology,1066-8969,1940-2465,2026-02-10,NA,sage2025finelib
International Journal of Toxicology,1091-5818,1092-874X,2026-02-10,NA,sage2025finelib
International Journal of Tryptophan Research,1178-6469,1178-6469,2026-02-10,NA,sage2025finelib
International Migration Review,0197-9183,1747-7379,2026-02-10,NA,sage2025finelib
International Political Science Abstracts,0020-8345,1751-9292,2026-02-10,NA,sage2025finelib
International Political Science Review,0192-5121,1460-373X,2026-02-10,NA,sage2025finelib
International Regional Science Review,0160-0176,1552-6925,2026-02-10,NA,sage2025finelib
International Relations,0047-1178,1741-2862,2026-02-10,NA,sage2025finelib
International Review for the Sociology of Sport,1012-6902,1461-7218,2026-02-10,NA,sage2025finelib
International Review of Administrative Sciences,0020-8523,1461-7226,2026-02-10,NA,sage2025finelib
International Review of Qualitative Research,1940-8447,1940-8455,2026-02-10,NA,sage2025finelib
International Review of Victimology,0269-7580,2047-9433,2026-02-10,NA,sage2025finelib
International Small Business Journal,0266-2426,1741-2870,2026-02-10,NA,sage2025finelib
International Social Work,0020-8728,1461-7234,2026-02-10,NA,sage2025finelib
International Sociology,0268-5809,1461-7242,2026-02-10,NA,sage2025finelib
International Studies,0020-8817,0973-0702,2026-02-10,NA,sage2025finelib
Interpretation,0020-9643,2159-340X,2026-02-10,NA,sage2025finelib
Intervention in School and Clinic,1053-4512,1538-4810,2026-02-10,NA,sage2025finelib
Interventional Neuroradiology,1591-0199,2385-2011,2026-02-10,NA,sage2025finelib
Irish Economic and Social History,0332-4893,2050-4918,2026-02-10,NA,sage2025finelib
Irish Journal of Sociology,0791-6035,2050-5280,2026-02-10,NA,sage2025finelib
Irish Theological Quarterly,0021-1400,1752-4989,2026-02-10,NA,sage2025finelib
Jadavpur Journal of International Relations,0973-5984,2349-0047,2026-02-10,NA,sage2025finelib
JDR Clinical & Translational Research,2380-0844,2380-0852,2026-02-10,NA,sage2025finelib
Jindal Management Journal,3049-7876,3049-7884,2026-02-10,NA,sage2025finelib
Journal for the Education of the Gifted,0162-3532,2162-9501,2026-02-10,NA,sage2025finelib
Journal for the History of Astronomy,0021-8286,1753-8556,2026-02-10,NA,sage2025finelib
Journal for the Study of the New Testament,0142-064X,1745-5294,2026-02-10,NA,sage2025finelib
Journal for the Study of the Old Testament,0309-0892,1476-6728,2026-02-10,NA,sage2025finelib
Journal for the Study of the Pseudepigrapha,0951-8207,1745-5286,2026-02-10,NA,sage2025finelib
Journal for Vascular Ultrasound,1544-3167,1544-3175,2026-02-10,NA,sage2025finelib
"Journal of Accounting, Auditing & Finance",0148-558X,2160-4061,2026-02-10,NA,sage2025finelib
Journal of Adolescent Research,0743-5584,1552-6895,2026-02-10,NA,sage2025finelib
Journal of Adult and Continuing Education,1477-9714,1479-7194,2026-02-10,NA,sage2025finelib
Journal of Advanced Academics,1932-202X,2162-9536,2026-02-10,NA,sage2025finelib
Journal of Advanced Oral Research,2320-2068,2320-2076,2026-02-10,NA,sage2025finelib
Journal of Advertising Education,1098-0482,2516-1873,2026-02-10,NA,sage2025finelib
Journal of Aging and Health,0898-2643,1552-6887,2026-02-10,NA,sage2025finelib
Journal of Applied Gerontology,0733-4648,1552-4523,2026-02-10,NA,sage2025finelib
Journal of Applied Social Science,1936-7244,1937-0245,2026-02-10,NA,sage2025finelib
Journal of Asian and African Studies,0021-9096,1745-2538,2026-02-10,NA,sage2025finelib
Journal of Asian Economic Integration,2631-6846,2631-6854,2026-02-10,NA,sage2025finelib
Journal of Asian Security and International Affairs,2347-7970,2349-0039,2026-02-10,NA,sage2025finelib
Journal of Attention Disorders,1087-0547,1557-1246,2026-02-10,NA,sage2025finelib
Journal of Bioactive and Compatible Polymers,0883-9115,1530-8030,2026-02-10,NA,sage2025finelib
Journal of Biological Rhythms,0748-7304,1552-4531,2026-02-10,NA,sage2025finelib
Journal of Biomaterials Applications,0885-3282,1530-8022,2026-02-10,NA,sage2025finelib
Journal of Black Psychology,0095-7984,1552-4558,2026-02-10,NA,sage2025finelib
Journal of Black Studies,0021-9347,1552-4566,2026-02-10,NA,sage2025finelib
Journal of Building Physics,1744-2591,1744-2583,2026-02-10,NA,sage2025finelib
Journal of Business and Technical Communication,1050-6519,1552-4574,2026-02-10,NA,sage2025finelib
Journal of Career Assessment,1069-0727,1552-4590,2026-02-10,NA,sage2025finelib
Journal of Career Development,0894-8453,1556-0856,2026-02-10,NA,sage2025finelib
Journal of Cases in Educational Leadership,1555-4589,1555-4589,2026-02-10,NA,sage2025finelib
Journal of Cellular Plastics,0021-955X,1530-7999,2026-02-10,NA,sage2025finelib
Journal of Cerebral Blood Flow & Metabolism,0271-678X,1559-7016,2026-02-10,NA,sage2025finelib
Journal of Child Health Care,1367-4935,1741-2889,2026-02-10,NA,sage2025finelib
Journal of Child Neurology,0883-0738,1708-8283,2026-02-10,NA,sage2025finelib
Journal of Chinese Writing Systems,2513-8502,2513-8510,2026-02-10,NA,sage2025finelib
Journal of Classical Sociology,1468-795X,1741-2897,2026-02-10,NA,sage2025finelib
Journal of Clinical Urology,2051-4158,2051-4166,2026-02-10,NA,sage2025finelib
Journal of Cognitive Engineering and Decision Making,1555-3434,NA,2026-02-10,NA,sage2025finelib
"Journal of College Student Retention: Research, Theory & Practice",1521-0251,1541-4167,2026-02-10,NA,sage2025finelib
Journal of Communication Inquiry,0196-8599,1552-4612,2026-02-10,NA,sage2025finelib
Journal of Composite Materials,0021-9983,1530-793X,2026-02-10,NA,sage2025finelib
Journal of Conflict Resolution,0022-0027,1552-8766,2026-02-10,NA,sage2025finelib
Journal of Consumer Culture,1469-5405,1741-2900,2026-02-10,NA,sage2025finelib
Journal of Contemporary Criminal Justice,1043-9862,1552-5406,2026-02-10,NA,sage2025finelib
Journal of Contemporary Ethnography,0891-2416,1552-5414,2026-02-10,NA,sage2025finelib
Journal of Contemporary History,0022-0094,1461-7250,2026-02-10,NA,sage2025finelib
Journal of Creating Value,2394-9643,2454-213X,2026-02-10,NA,sage2025finelib
Journal of Creative Communications,0973-2586,0973-2594,2026-02-10,NA,sage2025finelib
Journal of Criminology,2633-8076,2633-8084,2026-02-10,NA,sage2025finelib
Journal of Cross-Cultural Psychology,0022-0221,1552-5422,2026-02-10,NA,sage2025finelib
Journal of Cutaneous Medicine and Surgery,1203-4754,1615-7109,2026-02-10,NA,sage2025finelib
Journal of Dental Research,0022-0345,1544-0591,2026-02-10,NA,sage2025finelib
Journal of Developing Societies,0169-796X,1745-2546,2026-02-10,NA,sage2025finelib
Journal of Development Policy and Practice,2455-1333,2455-4952,2026-02-10,NA,sage2025finelib
Journal of Diabetes Science and Technology,1932-2968,1932-2968,2026-02-10,NA,sage2025finelib
Journal of Diagnostic Medical Sonography,8756-4793,1552-5430,2026-02-10,NA,sage2025finelib
Journal of Disability Policy Studies,1044-2073,1538-4802,2026-02-10,NA,sage2025finelib
Journal of Drug Education,0047-2379,1541-4159,2026-02-10,NA,sage2025finelib
Journal of Drug Issues,0022-0426,1945-1369,2026-02-10,NA,sage2025finelib
Journal of Early Childhood Literacy,1468-7984,1741-2919,2026-02-10,NA,sage2025finelib
Journal of Early Childhood Research,1476-718X,1741-2927,2026-02-10,NA,sage2025finelib
Journal of Early Intervention,1053-8151,2154-3992,2026-02-10,NA,sage2025finelib
Journal of Education,0022-0574,2515-5741,2026-02-10,NA,sage2025finelib
Journal of Education for Sustainable Development,0973-4082,0973-4074,2026-02-10,NA,sage2025finelib
Journal of Educational and Behavioral Statistics,1076-9986,1935-1054,2026-02-10,NA,sage2025finelib
Journal of Educational Computing Research,0735-6331,1541-4140,2026-02-10,NA,sage2025finelib
Journal of Educational Technology Systems,0047-2395,1541-3810,2026-02-10,NA,sage2025finelib
Journal of Elastomers & Plastics,0095-2443,1530-8006,2026-02-10,NA,sage2025finelib
Journal of Emerging Market Finance,0972-6527,0973-0710,2026-02-10,NA,sage2025finelib
Journal of Emotional and Behavioral Disorders,1063-4266,1538-4799,2026-02-10,NA,sage2025finelib
Journal of Empirical Research on Human Research Ethics,1556-2646,1556-2654,2026-02-10,NA,sage2025finelib
Journal of Endometriosis and Pelvic Pain Disorders,2284-0265,2284-0273,2026-02-10,NA,sage2025finelib
Journal of Endovascular Therapy,1526-6028,1545-1550,2026-02-10,NA,sage2025finelib
Journal of English Linguistics,0075-4242,1552-5457,2026-02-10,NA,sage2025finelib
Journal of Entrepreneurship and Innovation in Emerging Economies,2393-9575,2394-9945,2026-02-10,NA,sage2025finelib
Journal of European Social Policy,0958-9287,1461-7269,2026-02-10,NA,sage2025finelib
Journal of European Studies,0047-2441,1740-2379,2026-02-10,NA,sage2025finelib
Journal of Experiential Education,1053-8259,2169-009X,2026-02-10,NA,sage2025finelib
Journal of Family History,0363-1990,1552-5473,2026-02-10,NA,sage2025finelib
Journal of Family Issues,0192-513X,1552-5481,2026-02-10,NA,sage2025finelib
Journal of Family Nursing,1074-8407,1552-549X,2026-02-10,NA,sage2025finelib
Journal of Fire Sciences,0734-9041,1530-8049,2026-02-10,NA,sage2025finelib
Journal of General Management,0306-3070,1759-6106,2026-02-10,NA,sage2025finelib
Journal of General Music Education,2752-7646,2752-7646,2026-02-10,NA,sage2025finelib
Journal of Generic Medicines,1741-1343,1741-7090,2026-02-10,NA,sage2025finelib
Journal of Geriatric Psychiatry and Neurology,0891-9887,1552-5708,2026-02-10,NA,sage2025finelib
Journal of Hand Surgery (European Volume),1753-1934,2043-6289,2026-02-10,NA,sage2025finelib
Journal of Health and Social Behavior,0022-1465,2150-6000,2026-02-10,NA,sage2025finelib
Journal of Health Management,0972-0634,0973-0729,2026-02-10,NA,sage2025finelib
Journal of Health Psychology,1359-1053,1461-7277,2026-02-10,NA,sage2025finelib
Journal of Heritage Management,2455-9296,2456-4796,2026-02-10,NA,sage2025finelib
Journal of Hispanic Higher Education,1538-1927,1552-5716,2026-02-10,NA,sage2025finelib
Journal of Histochemistry & Cytochemistry,0022-1554,1551-5044,2026-02-10,NA,sage2025finelib
Journal of Historical Research in Music Education,1536-6006,2328-2525,2026-02-10,NA,sage2025finelib
Journal of Holistic Nursing,0898-0101,1552-5724,2026-02-10,NA,sage2025finelib
Journal of Hospitality & Tourism Research,1096-3480,1557-7554,2026-02-10,NA,sage2025finelib
Journal of Human Lactation,0890-3344,1552-5732,2026-02-10,NA,sage2025finelib
Journal of Human Values,0971-6858,0973-0737,2026-02-10,NA,sage2025finelib
Journal of Humanistic Psychology,0022-1678,1552-650X,2026-02-10,NA,sage2025finelib
Journal of Industrial Relations,0022-1856,1472-9296,2026-02-10,NA,sage2025finelib
Journal of Infection Prevention,1757-1774,1757-1782,2026-02-10,NA,sage2025finelib
Journal of Information Science,0165-5515,1741-6485,2026-02-10,NA,sage2025finelib
Journal of Information Technology,0268-3962,1466-4437,2026-02-10,NA,sage2025finelib
Journal of Information Technology Teaching Cases,2043-8869,2043-8869,2026-02-10,NA,sage2025finelib
Journal of Infrastructure Development,0974-9306,0975-5969,2026-02-10,NA,sage2025finelib
Journal of Intellectual Disabilities,1744-6295,1744-6309,2026-02-10,NA,sage2025finelib
Journal of Intelligent Material Systems and Structures,1045-389X,1530-8138,2026-02-10,NA,sage2025finelib
Journal of Intensive Care Medicine,0885-0666,1525-1489,2026-02-10,NA,sage2025finelib
Journal of Interdisciplinary Economics,0260-1079,2321-5305,2026-02-10,NA,sage2025finelib
Journal of International Marketing,1069-031X,1547-7215,2026-02-10,NA,sage2025finelib
Journal of International Political Theory,1755-0882,1755-1722,2026-02-10,NA,sage2025finelib
Journal of Interpersonal Violence,0886-2605,1552-6518,2026-02-10,NA,sage2025finelib
Journal of Interpretation Research,1092-5872,2692-9376,2026-02-10,NA,sage2025finelib
Journal of Land and Rural Studies,2321-0249,2321-7464,2026-02-10,NA,sage2025finelib
Journal of Language and Social Psychology,0261-927X,1552-6526,2026-02-10,NA,sage2025finelib
Journal of Leadership & Organizational Studies,1548-0518,1939-7089,2026-02-10,NA,sage2025finelib
Journal of Learning Disabilities,0022-2194,1538-4780,2026-02-10,NA,sage2025finelib
Journal of Librarianship and Information Science,0961-0006,1741-6477,2026-02-10,NA,sage2025finelib
Journal of Literacy Research,1086-296X,1554-8430,2026-02-10,NA,sage2025finelib
Journal of Macromarketing,0276-1467,1552-6534,2026-02-10,NA,sage2025finelib
Journal of Management,0149-2063,1557-1211,2026-02-10,NA,sage2025finelib
Journal of Management Education,1052-5629,1552-6658,2026-02-10,NA,sage2025finelib
Journal of Management Inquiry,1056-4926,1552-6542,2026-02-10,NA,sage2025finelib
Journal of Management Scientific Reports,2755-0311,2755-0311,2026-02-10,NA,sage2025finelib
Journal of Marketing,0022-2429,1547-7185,2026-02-10,NA,sage2025finelib
Journal of Marketing Education,0273-4753,1552-6550,2026-02-10,NA,sage2025finelib
Journal of Marketing Research,0022-2437,1547-7193,2026-02-10,NA,sage2025finelib
Journal of Material Culture,1359-1835,1460-3586,2026-02-10,NA,sage2025finelib
Journal of Micromanufacturing,2516-5984,2516-5992,2026-02-10,NA,sage2025finelib
Journal of Mixed Methods Research,1558-6898,1558-6901,2026-02-10,NA,sage2025finelib
Journal of Modern European History,1611-8944,2631-9764,2026-02-10,NA,sage2025finelib
Journal of Music Teacher Education,1057-0837,1945-0079,2026-02-10,NA,sage2025finelib
Journal of Near Infrared Spectroscopy,0967-0335,1751-6552,2026-02-10,NA,sage2025finelib
Journal of Neonatology,0973-2179,0973-2187,2026-02-10,NA,sage2025finelib
Journal of Onco-Nephrology,2399-3693,2399-3707,2026-02-10,NA,sage2025finelib
Journal of Oncology Pharmacy Practice,1078-1552,1477-092X,2026-02-10,NA,sage2025finelib
Journal of Operations and Strategic Planning,2516-600X,2516-6018,2026-02-10,NA,sage2025finelib
Journal of Orthodontics,1465-3125,1465-3133,2026-02-10,NA,sage2025finelib
Journal of Palliative Care,0825-8597,2369-5293,2026-02-10,NA,sage2025finelib
Journal of Pastoral Care & Counseling,1542-3050,2167-776X,2026-02-10,NA,sage2025finelib
Journal of Peace Research,0022-3433,1460-3578,2026-02-10,NA,sage2025finelib
Journal of Peacebuilding & Development,1542-3166,2165-7440,2026-02-10,NA,sage2025finelib
Journal of Pediatric Hematology/Oncology Nursing,2752-7530,2752-7549,2026-02-10,NA,sage2025finelib
Journal of Perioperative Practice,1750-4589,2515-7949,2026-02-10,NA,sage2025finelib
Journal of Pharmacy Practice,0897-1900,1531-1937,2026-02-10,NA,sage2025finelib
Journal of Pharmacy Technology,8755-1225,1549-4810,2026-02-10,NA,sage2025finelib
Journal of Planning Education and Research,0739-456X,1552-6577,2026-02-10,NA,sage2025finelib
Journal of Planning History,1538-5132,1552-6585,2026-02-10,NA,sage2025finelib
Journal of Planning Literature,0885-4122,1552-6593,2026-02-10,NA,sage2025finelib
Journal of Plastic Film & Sheeting,8756-0879,1530-8014,2026-02-10,NA,sage2025finelib
Journal of Positive Behavior Interventions,1098-3007,1538-4772,2026-02-10,NA,sage2025finelib
Journal of Prevention and Health Promotion,2632-0770,2632-0789,2026-02-10,NA,sage2025finelib
Journal of Psoriasis and Psoriatic Arthritis®,2475-5303,2475-5311,2026-02-10,NA,sage2025finelib
Journal of Psychoeducational Assessment,0734-2829,1557-5144,2026-02-10,NA,sage2025finelib
Journal of Psychology and Theology,0091-6471,2328-1162,2026-02-10,NA,sage2025finelib
Journal of Psychopharmacology,0269-8811,1461-7285,2026-02-10,NA,sage2025finelib
Journal of Public Policy & Marketing,0743-9156,1547-7207,2026-02-10,NA,sage2025finelib
Journal of Reinforced Plastics and Composites,0731-6844,1530-7964,2026-02-10,NA,sage2025finelib
Journal of Research in Crime and Delinquency,0022-4278,1552-731X,2026-02-10,NA,sage2025finelib
Journal of Research in International Education,1475-2409,1741-2943,2026-02-10,NA,sage2025finelib
Journal of Research in Music Education,0022-4294,1945-0095,2026-02-10,NA,sage2025finelib
Journal of Research in Nursing,1744-9871,1744-988X,2026-02-10,NA,sage2025finelib
Journal of Research on Leadership Education,1942-7751,1942-7751,2026-02-10,NA,sage2025finelib
Journal of Sandwich Structures & Materials,1099-6362,1530-7972,2026-02-10,NA,sage2025finelib
Journal of School Leadership,1052-6846,NA,2026-02-10,NA,sage2025finelib
Journal of Scleroderma and Related Disorders,2397-1983,2397-1991,2026-02-10,NA,sage2025finelib
Journal of Service Research,1094-6705,1552-7379,2026-02-10,NA,sage2025finelib
Journal of Social and Personal Relationships,0265-4075,1460-3608,2026-02-10,NA,sage2025finelib
Journal of Social Archaeology,1469-6053,1741-2951,2026-02-10,NA,sage2025finelib
Journal of Social Inclusion Studies,2394-4811,2516-6123,2026-02-10,NA,sage2025finelib
Journal of Social Work,1468-0173,1741-296X,2026-02-10,NA,sage2025finelib
Journal of Sociology,1440-7833,1741-2978,2026-02-10,NA,sage2025finelib
Journal of South Asian Development,0973-1741,0973-1733,2026-02-10,NA,sage2025finelib
Journal of Special Education Technology,0162-6434,2381-3121,2026-02-10,NA,sage2025finelib
Journal of Spiritual Formation and Soul Care,1939-7909,2328-1030,2026-02-10,NA,sage2025finelib
Journal of Sport and Social Issues,0193-7235,1552-7638,2026-02-10,NA,sage2025finelib
Journal of Sports Economics,1527-0025,1552-7794,2026-02-10,NA,sage2025finelib
Journal of Stroke Medicine,2516-6085,2516-6093,2026-02-10,NA,sage2025finelib
Journal of Studies in International Education,1028-3153,1552-7808,2026-02-10,NA,sage2025finelib
Journal of Teacher Education,0022-4871,1552-7816,2026-02-10,NA,sage2025finelib
Journal of Technical Writing and Communication,0047-2816,1541-3780,2026-02-10,NA,sage2025finelib
Journal of the American Psychiatric Nurses Association,1078-3903,1532-5725,2026-02-10,NA,sage2025finelib
Journal of the American Psychoanalytic Association,0003-0651,1941-2460,2026-02-10,NA,sage2025finelib
Journal of the Anthropological Survey of India,2277-436X,2632-4369,2026-02-10,NA,sage2025finelib
Journal of the ICRU,1473-6691,1742-3422,2026-02-10,NA,sage2025finelib
Journal of the Intensive Care Society,1751-1437,1751-1437,2026-02-10,NA,sage2025finelib
Journal of the Renin-Angiotensin-Aldosterone System,1470-3203,1752-8976,2026-02-10,NA,sage2025finelib
Journal of Theoretical Politics,0951-6298,1460-3667,2026-02-10,NA,sage2025finelib
Journal of Thermoplastic Composite Materials,0892-7057,1530-7980,2026-02-10,NA,sage2025finelib
Journal of Transcultural Nursing,1043-6596,1552-7832,2026-02-10,NA,sage2025finelib
Journal of Transformative Education,1541-3446,1552-7840,2026-02-10,NA,sage2025finelib
Journal of Travel Research,0047-2875,1552-6763,2026-02-10,NA,sage2025finelib
Journal of Tropical Futures,2753-8931,2753-8931,2026-02-10,NA,sage2025finelib
Journal of Urban History,0096-1442,1552-6771,2026-02-10,NA,sage2025finelib
Journal of Vacation Marketing,1356-7667,1479-1870,2026-02-10,NA,sage2025finelib
Journal of Veterinary Dentistry,0898-7564,2470-4083,2026-02-10,NA,sage2025finelib
Journal of Veterinary Diagnostic Investigation,1040-6387,1943-4936,2026-02-10,NA,sage2025finelib
Journal of Vibration and Control,1077-5463,1741-2986,2026-02-10,NA,sage2025finelib
Journal of Victimology and Victim Justice,2516-6069,2516-6077,2026-02-10,NA,sage2025finelib
Journal of Visual Culture,1470-4129,1741-2994,2026-02-10,NA,sage2025finelib
Journal of Visual Impairment & Blindness,0145-482X,1559-1476,2026-02-10,NA,sage2025finelib
Journal of VitreoRetinal Diseases,2474-1264,2474-1272,2026-02-10,NA,sage2025finelib
Journal of White Collar and Corporate Crime,2631-309X,2631-3103,2026-02-10,NA,sage2025finelib
Journal on Migration and Human Security,2331-5024,2330-2488,2026-02-10,NA,sage2025finelib
Journalism,1464-8849,1741-3001,2026-02-10,NA,sage2025finelib
Journalism & Communication Monographs,1522-6379,2161-4342,2026-02-10,NA,sage2025finelib
Journalism & Mass Communication Educator,1077-6958,2161-4326,2026-02-10,NA,sage2025finelib
Journalism & Mass Communication Quarterly,1077-6990,2161-430X,2026-02-10,NA,sage2025finelib
Labor Studies Journal,0160-449X,1538-9758,2026-02-10,NA,sage2025finelib
Language and Literature,0963-9470,1461-7293,2026-02-10,NA,sage2025finelib
Language and Speech,0023-8309,1756-6053,2026-02-10,NA,sage2025finelib
Language Teaching Research,1362-1688,1477-0954,2026-02-10,NA,sage2025finelib
Language Testing,0265-5322,1477-0946,2026-02-10,NA,sage2025finelib
Latin American Perspectives,0094-582X,1552-678X,2026-02-10,NA,sage2025finelib
"Law, Culture and the Humanities",1743-8721,1743-9752,2026-02-10,NA,sage2025finelib
Leadership,1742-7150,1742-7169,2026-02-10,NA,sage2025finelib
Learning Disability Quarterly,0731-9487,2168-376X,2026-02-10,NA,sage2025finelib
Lighting Research & Technology,1477-1535,1477-0938,2026-02-10,NA,sage2025finelib
"Literacy Research: Theory, Method, and Practice",2381-3377,2381-3377,2026-02-10,NA,sage2025finelib
Literature & History,0306-1973,2050-4594,2026-02-10,NA,sage2025finelib
"Literature, Critique, and Empire Today",3033-3962,3033-3970,2026-02-10,NA,sage2025finelib
Local Economy,0269-0942,1470-9325,2026-02-10,NA,sage2025finelib
Lupus,0961-2033,1477-0962,2026-02-10,NA,sage2025finelib
Maastricht Journal of European and Comparative Law,1023-263X,2399-5548,2026-02-10,NA,sage2025finelib
Management and Labour Studies,0258-042X,2321-0710,2026-02-10,NA,sage2025finelib
Management Communication Quarterly,0893-3189,1552-6798,2026-02-10,NA,sage2025finelib
Management in Education,0892-0206,1741-9883,2026-02-10,NA,sage2025finelib
Management Learning,1350-5076,1461-7307,2026-02-10,NA,sage2025finelib
Management Teaching Review,2379-2981,2379-2981,2026-02-10,NA,sage2025finelib
Margin: The Journal of Applied Economic Research,0025-2921,0973-8029,2026-02-10,NA,sage2025finelib
Marketing Theory,1470-5931,1741-301X,2026-02-10,NA,sage2025finelib
Mathematics and Mechanics of Solids,1081-2865,1741-3028,2026-02-10,NA,sage2025finelib
Media International Australia,1329-878X,2200-467X,2026-02-10,NA,sage2025finelib
"Media, Culture & Society",0163-4437,1460-3675,2026-02-10,NA,sage2025finelib
"Media, War & Conflict",1750-6352,1750-6360,2026-02-10,NA,sage2025finelib
Medical Care Research and Review,1077-5587,1552-6801,2026-02-10,NA,sage2025finelib
Medical Decision Making,0272-989X,1552-681X,2026-02-10,NA,sage2025finelib
Medical Law International,0968-5332,2047-9441,2026-02-10,NA,sage2025finelib
Memory Studies,1750-6980,1750-6999,2026-02-10,NA,sage2025finelib
Men and Masculinities,1097-184X,1552-6828,2026-02-10,NA,sage2025finelib
Metamorphosis,0972-6225,2348-9324,2026-02-10,NA,sage2025finelib
Millennial Asia,0976-3996,2321-7081,2026-02-10,NA,sage2025finelib
Millennium,0305-8298,1477-9021,2026-02-10,NA,sage2025finelib
Missiology,0091-8296,2051-3623,2026-02-10,NA,sage2025finelib
Mobile Media & Communication,2050-1579,2050-1587,2026-02-10,NA,sage2025finelib
Modern China,0097-7004,1552-6836,2026-02-10,NA,sage2025finelib
Multimodality & Society,2634-9795,2634-9809,2026-02-10,NA,sage2025finelib
Multiple Sclerosis Journal,1352-4585,1477-0970,2026-02-10,NA,sage2025finelib
Music Educators Journal,0027-4321,1945-0087,2026-02-10,NA,sage2025finelib
Musicae Scientiae,1029-8649,2045-4147,2026-02-10,NA,sage2025finelib
NASN School Nurse,1942-602X,1942-6038,2026-02-10,NA,sage2025finelib
Netherlands Quarterly of Human Rights,0924-0519,2214-7357,2026-02-10,NA,sage2025finelib
Neurorehabilitation and Neural Repair,1545-9683,1552-6844,2026-02-10,NA,sage2025finelib
New Journal of European Criminal Law,2032-2844,2399-293X,2026-02-10,NA,sage2025finelib
New Labor Forum,1095-7960,1557-2978,2026-02-10,NA,sage2025finelib
New Media & Society,1461-4448,1461-7315,2026-02-10,NA,sage2025finelib
New Perspectives,2336-825X,2336-8268,2026-02-10,NA,sage2025finelib
NEW SOLUTIONS: A Journal of Environmental and Occupational Health Policy,1048-2911,1541-3772,2026-02-10,NA,sage2025finelib
News Research Journal,3049-7841,3049-785X,2026-02-10,NA,sage2025finelib
NHRD Network Journal,2631-4541,2631-455X,2026-02-10,NA,sage2025finelib
Nineteenth Century Theatre and Film,1748-3727,2048-2906,2026-02-10,NA,sage2025finelib
NIR news,0960-3360,1756-2708,2026-02-10,NA,sage2025finelib
Noise & Vibration Worldwide,0957-4565,2048-4062,2026-02-10,NA,sage2025finelib
Nonprofit and Voluntary Sector Quarterly,0899-7640,1552-7395,2026-02-10,NA,sage2025finelib
Nordic Journal of Nursing Research,2057-1585,2057-1593,2026-02-10,NA,sage2025finelib
North American Archaeologist,0197-6931,1541-3543,2026-02-10,NA,sage2025finelib
Nursing & Midwifery Research Journal,0974-150X,2752-8367,2026-02-10,NA,sage2025finelib
Nursing Ethics,0969-7330,1477-0989,2026-02-10,NA,sage2025finelib
Nursing Science Quarterly,0894-3184,1552-7409,2026-02-10,NA,sage2025finelib
Nutrition and Health,0260-1060,2047-945X,2026-02-10,NA,sage2025finelib
OMEGA - Journal of Death and Dying,0030-2228,1541-3764,2026-02-10,NA,sage2025finelib
Organization,1350-5084,1461-7323,2026-02-10,NA,sage2025finelib
Organization & Environment,1086-0266,1552-7417,2026-02-10,NA,sage2025finelib
Organization Studies,0170-8406,1741-3044,2026-02-10,NA,sage2025finelib
Organizational Psychology Review,2041-3866,2041-3874,2026-02-10,NA,sage2025finelib
Organizational Research Methods,1094-4281,1552-7425,2026-02-10,NA,sage2025finelib
OTJR: Occupational Therapy Journal of Research,1539-4492,1938-2383,2026-02-10,NA,sage2025finelib
Outlook on Agriculture,0030-7270,2043-6866,2026-02-10,NA,sage2025finelib
Palliative Medicine,0269-2163,1477-030X,2026-02-10,NA,sage2025finelib
Paradigm,0971-8907,2394-6083,2026-02-10,NA,sage2025finelib
Party Politics,1354-0688,1460-3683,2026-02-10,NA,sage2025finelib
Pedagogy in Health Promotion,2373-3799,2373-3802,2026-02-10,NA,sage2025finelib
Pediatric and Developmental Pathology,1093-5266,1615-5742,2026-02-10,NA,sage2025finelib
Perception,0301-0066,1468-4233,2026-02-10,NA,sage2025finelib
Perceptual and Motor Skills,0031-5125,1558-688X,2026-02-10,NA,sage2025finelib
Perfusion,0267-6591,1477-111X,2026-02-10,NA,sage2025finelib
Peritoneal Dialysis International,0896-8608,1718-4304,2026-02-10,NA,sage2025finelib
Personality and Social Psychology Bulletin,0146-1672,1552-7433,2026-02-10,NA,sage2025finelib
Personality and Social Psychology Review,1088-8683,1532-7957,2026-02-10,NA,sage2025finelib
Perspectives in Public Health,1757-9139,1757-9147,2026-02-10,NA,sage2025finelib
Perspectives on Psychological Science,1745-6916,1745-6924,2026-02-10,NA,sage2025finelib
Phi Delta Kappan,0031-7217,1940-6487,2026-02-10,NA,sage2025finelib
Philosophy & Social Criticism,0191-4537,1461-734X,2026-02-10,NA,sage2025finelib
Philosophy of the Social Sciences,0048-3931,1552-7441,2026-02-10,NA,sage2025finelib
Planning Theory,1473-0952,1741-3052,2026-02-10,NA,sage2025finelib
Plastic Surgery,2292-5503,2292-5511,2026-02-10,NA,sage2025finelib
Police Quarterly,1098-6111,1552-745X,2026-02-10,NA,sage2025finelib
Policy Futures in Education,1478-2103,1478-2103,2026-02-10,NA,sage2025finelib
Policy Insights from the Behavioral and Brain Sciences,2372-7322,2372-7330,2026-02-10,NA,sage2025finelib
"Policy, Politics, & Nursing Practice",1527-1544,1552-7468,2026-02-10,NA,sage2025finelib
Political Insight,2041-9058,2041-9066,2026-02-10,NA,sage2025finelib
Political Research Quarterly,1065-9129,1938-274X,2026-02-10,NA,sage2025finelib
Political Studies,0032-3217,1467-9248,2026-02-10,NA,sage2025finelib
Political Studies Review,1478-9299,1478-9302,2026-02-10,NA,sage2025finelib
Political Theory,0090-5917,1552-7476,2026-02-10,NA,sage2025finelib
Politics,0263-3957,1467-9256,2026-02-10,NA,sage2025finelib
Politics & Society,0032-3292,1552-7514,2026-02-10,NA,sage2025finelib
"Politics, Philosophy & Economics",1470-594X,1741-3060,2026-02-10,NA,sage2025finelib
Polymers from Renewable Resources,2041-2479,2045-1377,2026-02-10,NA,sage2025finelib
Possibility Studies & Society,2753-8699,2753-8699,2026-02-10,NA,sage2025finelib
Power and Education,1757-7438,1757-7438,2026-02-10,NA,sage2025finelib
Primary Dental Journal,2050-1684,2050-1692,2026-02-10,NA,sage2025finelib
Pro Ecclesia,1063-8512,2631-8334,2026-02-10,NA,sage2025finelib
Probation Journal,0264-5505,1741-3079,2026-02-10,NA,sage2025finelib
Proceedings of the Human Factors and Ergonomics Society Annual Meeting,1071-1813,2169-5067,2026-02-10,NA,sage2025finelib
Proceedings of the International Symposium on Human Factors and Ergonomics in Health Care,2327-8595,2327-8595,2026-02-10,NA,sage2025finelib
Professional School Counseling,1096-2409,2156-759X,2026-02-10,NA,sage2025finelib
Progress in Development Studies,1464-9934,1477-027X,2026-02-10,NA,sage2025finelib
Progress in Environmental Geography,2753-9687,2753-9687,2026-02-10,NA,sage2025finelib
Progress in Human Geography,0309-1325,1477-0288,2026-02-10,NA,sage2025finelib
Progress in Physical Geography: Earth and Environment,0309-1333,1477-0296,2026-02-10,NA,sage2025finelib
"Progress in Rubber, Plastics and Recycling Technology",1477-7606,1478-2413,2026-02-10,NA,sage2025finelib
Progress in Transplantation,1526-9248,2164-6708,2026-02-10,NA,sage2025finelib
Project Management Journal,8756-9728,1938-9507,2026-02-10,NA,sage2025finelib
Psychological Reports,0033-2941,1558-691X,2026-02-10,NA,sage2025finelib
Psychological Science,0956-7976,1467-9280,2026-02-10,NA,sage2025finelib
Psychological Science in the Public Interest,1529-1006,2160-0031,2026-02-10,NA,sage2025finelib
Psychology and Developing Societies,0971-3336,0973-0761,2026-02-10,NA,sage2025finelib
Psychology Learning & Teaching,1475-7257,2057-3022,2026-02-10,NA,sage2025finelib
Psychology of Music,0305-7356,1741-3087,2026-02-10,NA,sage2025finelib
Psychology of Women Quarterly,0361-6843,1471-6402,2026-02-10,NA,sage2025finelib
Public Finance Review,1091-1421,1552-7530,2026-02-10,NA,sage2025finelib
Public Health Reports®,0033-3549,1468-2877,2026-02-10,NA,sage2025finelib
Public Personnel Management,0091-0260,1945-7421,2026-02-10,NA,sage2025finelib
Public Policy and Administration,0952-0767,1749-4192,2026-02-10,NA,sage2025finelib
Public Relations Inquiry,2046-147X,2046-1488,2026-02-10,NA,sage2025finelib
Public Understanding of Science,0963-6625,1361-6609,2026-02-10,NA,sage2025finelib
Public Works Management & Policy,1087-724X,1552-7549,2026-02-10,NA,sage2025finelib
Punishment & Society,1462-4745,1741-3095,2026-02-10,NA,sage2025finelib
Qualitative Health Research,1049-7323,1552-7557,2026-02-10,NA,sage2025finelib
Qualitative Inquiry,1077-8004,1552-7565,2026-02-10,NA,sage2025finelib
Qualitative Research,1468-7941,1741-3109,2026-02-10,NA,sage2025finelib
Qualitative Social Work,1473-3250,1741-3117,2026-02-10,NA,sage2025finelib
Quantum Economics and Finance,2976-7032,2976-7040,2026-02-10,NA,sage2025finelib
Quarterly Journal of Experimental Psychology,1747-0218,1747-0226,2026-02-10,NA,sage2025finelib
Race & Class,0306-3968,1741-3125,2026-02-10,NA,sage2025finelib
Race and Justice,2153-3687,2153-3687,2026-02-10,NA,sage2025finelib
Rationality and Society,1043-4631,1461-7358,2026-02-10,NA,sage2025finelib
Recherche et Applications en Marketing (English Edition),2051-5707,2051-5707,2026-02-10,NA,sage2025finelib
Recherche et Applications en Marketing (French Edition),0767-3701,2051-2821,2026-02-10,NA,sage2025finelib
Recreational Sports Journal,1558-8661,1558-867X,2026-02-10,NA,sage2025finelib
Rehabilitation Counseling Bulletin,0034-3552,1538-4853,2026-02-10,NA,sage2025finelib
RELC Journal,0033-6882,1745-526X,2026-02-10,NA,sage2025finelib
Remedial and Special Education,0741-9325,1538-4756,2026-02-10,NA,sage2025finelib
Research and Practice for Persons with Severe Disabilities,1540-7969,2169-2408,2026-02-10,NA,sage2025finelib
Research Ethics,1747-0161,2047-6094,2026-02-10,NA,sage2025finelib
Research in Comparative and International Education,1745-4999,1745-4999,2026-02-10,NA,sage2025finelib
Research in Education,0034-5237,2050-4608,2026-02-10,NA,sage2025finelib
Research Methods in Medicine & Health Sciences,2632-0843,2632-0843,2026-02-10,NA,sage2025finelib
Research on Aging,0164-0275,1552-7573,2026-02-10,NA,sage2025finelib
Research on Social Work Practice,1049-7315,1552-7581,2026-02-10,NA,sage2025finelib
Research Studies in Music Education,1321-103X,1834-5530,2026-02-10,NA,sage2025finelib
Review & Expositor,0034-6373,2052-9449,2026-02-10,NA,sage2025finelib
Review of Development and Change,0972-2661,2632-055X,2026-02-10,NA,sage2025finelib
Review of Educational Research,0034-6543,1935-1046,2026-02-10,NA,sage2025finelib
Review of General Psychology,1089-2680,1939-1552,2026-02-10,NA,sage2025finelib
Review of Market Integration,0974-9292,0975-4709,2026-02-10,NA,sage2025finelib
Review of Public Personnel Administration,0734-371X,1552-759X,2026-02-10,NA,sage2025finelib
Review of Radical Political Economics,0486-6134,1552-8502,2026-02-10,NA,sage2025finelib
Review of Research in Education,0091-732X,1935-1038,2026-02-10,NA,sage2025finelib
Rural Special Education Quarterly,8756-8705,2168-8605,2026-02-10,NA,sage2025finelib
Scandinavian Journal of Public Health,1403-4948,1651-1905,2026-02-10,NA,sage2025finelib
School Psychology International,0143-0343,1461-7374,2026-02-10,NA,sage2025finelib
Science Communication,1075-5470,1552-8545,2026-02-10,NA,sage2025finelib
"Science, Technology and Society",0971-7218,0973-0796,2026-02-10,NA,sage2025finelib
"Science, Technology, & Human Values",0162-2439,1552-8251,2026-02-10,NA,sage2025finelib
Second Language Research,0267-6583,1477-0326,2026-02-10,NA,sage2025finelib
Security Dialogue,0967-0106,1460-3640,2026-02-10,NA,sage2025finelib
"SEDME (Small Enterprises Development, Management & Extension Journal)",0970-8464,2456-1223,2026-02-10,NA,sage2025finelib
Seminars in Cardiothoracic and Vascular Anesthesia,1089-2532,1940-5596,2026-02-10,NA,sage2025finelib
Sex & Sexualities,3033-3717,3033-3371,2026-02-10,NA,sage2025finelib
Sexual Abuse,1079-0632,1573-286X,2026-02-10,NA,sage2025finelib
Sexualities,1363-4607,1461-7382,2026-02-10,NA,sage2025finelib
Shoulder & Elbow,1758-5732,1758-5740,2026-02-10,NA,sage2025finelib
SIMULATION,0037-5497,1741-3133,2026-02-10,NA,sage2025finelib
Simulation & Gaming,1046-8781,1552-826X,2026-02-10,NA,sage2025finelib
Small Group Research,1046-4964,1552-8278,2026-02-10,NA,sage2025finelib
Social & Legal Studies,0964-6639,1461-7390,2026-02-10,NA,sage2025finelib
Social Change,0049-0857,0976-3538,2026-02-10,NA,sage2025finelib
Social Compass,0037-7686,1461-7404,2026-02-10,NA,sage2025finelib
Social Currents,2329-4965,2329-4973,2026-02-10,NA,sage2025finelib
Social Marketing Quarterly,1524-5004,1539-4093,2026-02-10,NA,sage2025finelib
Social Psychological and Personality Science,1948-5506,1948-5514,2026-02-10,NA,sage2025finelib
Social Psychology Quarterly,0190-2725,1939-8999,2026-02-10,NA,sage2025finelib
Social Science Computer Review,0894-4393,1552-8286,2026-02-10,NA,sage2025finelib
Social Science Information,0539-0184,1461-7412,2026-02-10,NA,sage2025finelib
Social Studies of Science,0306-3127,1460-3659,2026-02-10,NA,sage2025finelib
Society and Culture in South Asia,2393-8617,2394-9872,2026-02-10,NA,sage2025finelib
Society and Mental Health,2156-8693,2156-8731,2026-02-10,NA,sage2025finelib
Sociological Bulletin,0038-0229,2457-0257,2026-02-10,NA,sage2025finelib
Sociological Methodology,0081-1750,1467-9531,2026-02-10,NA,sage2025finelib
Sociological Methods & Research,0049-1241,1552-8294,2026-02-10,NA,sage2025finelib
Sociological Perspectives,0731-1214,1533-8673,2026-02-10,NA,sage2025finelib
Sociological Research Online,1360-7804,1360-7804,2026-02-10,NA,sage2025finelib
Sociological Theory,0735-2751,1467-9558,2026-02-10,NA,sage2025finelib
Sociology,0038-0385,1469-8684,2026-02-10,NA,sage2025finelib
Sociology of Education,0038-0407,1939-8573,2026-02-10,NA,sage2025finelib
Sociology of Race and Ethnicity,2332-6492,2332-6506,2026-02-10,NA,sage2025finelib
South African Journal of Psychology,0081-2463,2078-8208,2026-02-10,NA,sage2025finelib
South Asia Economic Journal,1391-5614,0973-077X,2026-02-10,NA,sage2025finelib
South Asia Research,0262-7280,1741-3141,2026-02-10,NA,sage2025finelib
South Asian Journal of Business and Management Cases,2277-9779,2321-0303,2026-02-10,NA,sage2025finelib
South Asian Journal of Human Resources Management,2322-0937,2349-5790,2026-02-10,NA,sage2025finelib
South Asian Journal of Macroeconomics and Public Finance,2277-9787,2321-0273,2026-02-10,NA,sage2025finelib
South Asian Survey,0971-5231,0973-0788,2026-02-10,NA,sage2025finelib
Space and Culture,1206-3312,1552-8308,2026-02-10,NA,sage2025finelib
Sports Health,1941-7381,1941-0921,2026-02-10,NA,sage2025finelib
State and Local Government Review,0160-323X,1943-3409,2026-02-10,NA,sage2025finelib
Statistical Methods in Medical Research,0962-2802,1477-0334,2026-02-10,NA,sage2025finelib
Statistical Modelling,1471-082X,1477-0342,2026-02-10,NA,sage2025finelib
Strategic Organization,1476-1270,1741-315X,2026-02-10,NA,sage2025finelib
String Research Journal,1948-4992,2164-0661,2026-02-10,NA,sage2025finelib
Structural Health Monitoring,1475-9217,1741-3168,2026-02-10,NA,sage2025finelib
Studia Liturgica,0039-3207,2517-4797,2026-02-10,NA,sage2025finelib
Studies in Christian Ethics,0953-9468,1745-5235,2026-02-10,NA,sage2025finelib
Studies in History,0257-6430,0973-080X,2026-02-10,NA,sage2025finelib
Studies in Indian Politics,2321-0230,2321-7472,2026-02-10,NA,sage2025finelib
Studies in Microeconomics,2321-0222,2321-8398,2026-02-10,NA,sage2025finelib
Studies in People’s History,2348-4489,2349-7718,2026-02-10,NA,sage2025finelib
Studies in Religion/Sciences Religieuses,0008-4298,2042-0587,2026-02-10,NA,sage2025finelib
Surgical Innovation,1553-3506,1553-3514,2026-02-10,NA,sage2025finelib
Teacher Education and Special Education,0888-4064,1944-4931,2026-02-10,NA,sage2025finelib
Teachers College Record,0161-4681,1467-9620,2026-02-10,NA,sage2025finelib
TEACHING Exceptional Children,0040-0599,2163-5684,2026-02-10,NA,sage2025finelib
Teaching of Psychology,0098-6283,1532-8023,2026-02-10,NA,sage2025finelib
Teaching Public Administration,0144-7394,2047-8720,2026-02-10,NA,sage2025finelib
Teaching Sociology,0092-055X,1939-862X,2026-02-10,NA,sage2025finelib
Television & New Media,1527-4764,1552-8316,2026-02-10,NA,sage2025finelib
Textile Research Journal,0040-5175,1746-7748,2026-02-10,NA,sage2025finelib
The American Economist,0569-4345,2328-1235,2026-02-10,NA,sage2025finelib
The American Journal of Cosmetic Surgery,0748-8068,2374-7722,2026-02-10,NA,sage2025finelib
The American Journal of Sports Medicine,0363-5465,1552-3365,2026-02-10,NA,sage2025finelib
The American Review of Public Administration,0275-0740,1552-3357,2026-02-10,NA,sage2025finelib
The American Surgeon™,0003-1348,1555-9823,2026-02-10,NA,sage2025finelib
The ANNALS of the American Academy of Political and Social Science,0002-7162,1552-3349,2026-02-10,NA,sage2025finelib
The Anthropocene Review,2053-0196,2053-020X,2026-02-10,NA,sage2025finelib
The Antitrust Bulletin,0003-603X,1930-7969,2026-02-10,NA,sage2025finelib
The Bible Translator,2051-6770,2051-6789,2026-02-10,NA,sage2025finelib
The British Journal of Politics and International Relations,1369-1481,1467-856X,2026-02-10,NA,sage2025finelib
The Canadian Journal of Psychiatry,0706-7437,1497-0015,2026-02-10,NA,sage2025finelib
The Cleft Palate Craniofacial Journal,1055-6656,1545-1569,2026-02-10,NA,sage2025finelib
The Counseling Psychologist,0011-0000,1552-3861,2026-02-10,NA,sage2025finelib
The Downside Review,0012-5806,2397-3498,2026-02-10,NA,sage2025finelib
The Expository Times,0014-5246,1745-5308,2026-02-10,NA,sage2025finelib
The Family Journal,1066-4807,1552-3950,2026-02-10,NA,sage2025finelib
The Holocene,0959-6836,1477-0911,2026-02-10,NA,sage2025finelib
The Indian Economic and Social History Review,0019-4646,0973-0893,2026-02-10,NA,sage2025finelib
The Indian Economic Journal,0019-4662,2631-617X,2026-02-10,NA,sage2025finelib
The International Journal of Aging and Human Development,0091-4150,1541-3535,2026-02-10,NA,sage2025finelib
The International Journal of Artificial Organs,0391-3988,1724-6040,2026-02-10,NA,sage2025finelib
The International Journal of Community and Social Development,2516-6026,2516-6034,2026-02-10,NA,sage2025finelib
The International Journal of Entrepreneurship and Innovation,1465-7503,2043-6882,2026-02-10,NA,sage2025finelib
The International Journal of Evidence & Proof,1365-7127,1740-5572,2026-02-10,NA,sage2025finelib
The International Journal of High Performance Computing Applications,1094-3420,1741-2846,2026-02-10,NA,sage2025finelib
The International Journal of Lower Extremity Wounds,1534-7346,1552-6941,2026-02-10,NA,sage2025finelib
The International Journal of Press/Politics,1940-1612,1940-1620,2026-02-10,NA,sage2025finelib
The International Journal of Psychiatry in Medicine,0091-2174,1541-3527,2026-02-10,NA,sage2025finelib
The International Journal of Robotics Research,0278-3649,1741-3176,2026-02-10,NA,sage2025finelib
The Journal of Applied Behavioral Science,0021-8863,1552-6879,2026-02-10,NA,sage2025finelib
The Journal of Criminal Law,0022-0183,1740-5580,2026-02-10,NA,sage2025finelib
The Journal of Defense Modeling and Simulation,1548-5129,1557-380X,2026-02-10,NA,sage2025finelib
The Journal of Early Adolescence,0272-4316,1552-5449,2026-02-10,NA,sage2025finelib
The Journal of Egyptian Archaeology,0307-5133,2514-0582,2026-02-10,NA,sage2025finelib
The Journal of Entrepreneurship,0971-3557,0973-0745,2026-02-10,NA,sage2025finelib
The Journal of Environment & Development,1070-4965,1552-5465,2026-02-10,NA,sage2025finelib
The Journal of Men’s Studies,1060-8265,1933-0251,2026-02-10,NA,sage2025finelib
The Journal of School Nursing,1059-8405,1546-8364,2026-02-10,NA,sage2025finelib
The Journal of Special Education,0022-4669,1538-4764,2026-02-10,NA,sage2025finelib
The Journal of Transport History,0022-5266,1759-3999,2026-02-10,NA,sage2025finelib
The Journal of Vascular Access,1129-7298,1724-6032,2026-02-10,NA,sage2025finelib
The Linacre Quarterly,0024-3639,2050-8549,2026-02-10,NA,sage2025finelib
The Medieval History Journal,0971-9458,0973-0753,2026-02-10,NA,sage2025finelib
The Neurohospitalist,1941-8744,1941-8752,2026-02-10,NA,sage2025finelib
The Neuroradiology Journal,1971-4009,2385-1996,2026-02-10,NA,sage2025finelib
The Neuroscientist,1073-8584,1089-4098,2026-02-10,NA,sage2025finelib
The Oriental Anthropologist,0972-558X,0976-3430,2026-02-10,NA,sage2025finelib
The Police Journal,0032-258X,1740-5599,2026-02-10,NA,sage2025finelib
The Prison Journal,0032-8855,1552-7522,2026-02-10,NA,sage2025finelib
The Review of Black Political Economy,0034-6446,1936-4814,2026-02-10,NA,sage2025finelib
The Science of Diabetes Self-Management and Care,2635-0106,2635-0114,2026-02-10,NA,sage2025finelib
The Sociological Review,0038-0261,1467-954X,2026-02-10,NA,sage2025finelib
The Stata Journal,1536-867X,1536-8734,2026-02-10,NA,sage2025finelib
Theological Studies,0040-5639,2169-1304,2026-02-10,NA,sage2025finelib
Theology,0040-571X,2044-2696,2026-02-10,NA,sage2025finelib
Theology Today,0040-5736,2044-2556,2026-02-10,NA,sage2025finelib
Theoretical Criminology,1362-4806,1461-7439,2026-02-10,NA,sage2025finelib
Theory & Psychology,0959-3543,1461-7447,2026-02-10,NA,sage2025finelib
Theory and Research in Education,1477-8785,1741-3192,2026-02-10,NA,sage2025finelib
"Theory, Culture & Society",0263-2764,1460-3616,2026-02-10,NA,sage2025finelib
Thesis Eleven,0725-5136,1461-7455,2026-02-10,NA,sage2025finelib
Time & Society,0961-463X,1461-7463,2026-02-10,NA,sage2025finelib
Topics in Early Childhood Special Education,0271-1214,1538-4845,2026-02-10,NA,sage2025finelib
Tourism and Hospitality Research,1467-3584,1742-9692,2026-02-10,NA,sage2025finelib
Tourism Economics,1354-8166,2044-0375,2026-02-10,NA,sage2025finelib
Tourist Studies,1468-7976,1741-3206,2026-02-10,NA,sage2025finelib
Toxicologic Pathology,0192-6233,1533-1601,2026-02-10,NA,sage2025finelib
Toxicology and Industrial Health,0748-2337,1477-0393,2026-02-10,NA,sage2025finelib
"Transactions in Earth, Environment, and Sustainability",2754-124X,2754-124X,2026-02-10,NA,sage2025finelib
Transactions in Energy and Sustainability,2976-8632,2976-8632,2026-02-10,NA,sage2025finelib
Transactions in Planning and Urban Research,2754-1223,2754-1223,2026-02-10,NA,sage2025finelib
"Transactions in Urban Data, Science, and Technology",2754-1231,2754-1231,2026-02-10,NA,sage2025finelib
Transactions of the Institute of Measurement and Control,0142-3312,1477-0369,2026-02-10,NA,sage2025finelib
Transcultural Psychiatry,1363-4615,1461-7471,2026-02-10,NA,sage2025finelib
Transfer: European Review of Labour and Research,1024-2589,1996-7284,2026-02-10,NA,sage2025finelib
Transformation,0265-3788,1759-8931,2026-02-10,NA,sage2025finelib
Transportation Research Record,0361-1981,2169-4052,2026-02-10,NA,sage2025finelib
Trauma,1460-4086,1477-0350,2026-02-10,NA,sage2025finelib
"Trauma, Violence, & Abuse",1524-8380,1552-8324,2026-02-10,NA,sage2025finelib
Tropical Conservation Science,1940-0829,1940-0829,2026-02-10,NA,sage2025finelib
Tumori Journal,0300-8916,2038-2529,2026-02-10,NA,sage2025finelib
Ultrasonic Imaging,0161-7346,1096-0910,2026-02-10,NA,sage2025finelib
Update: Applications of Research in Music Education,8755-1233,1945-0109,2026-02-10,NA,sage2025finelib
Urban Affairs Review,1078-0874,1552-8332,2026-02-10,NA,sage2025finelib
Urban Education,0042-0859,1552-8340,2026-02-10,NA,sage2025finelib
Urban Political Ecology,3049-7515,3049-7515,2026-02-10,NA,sage2025finelib
Urban Studies,0042-0980,1360-063X,2026-02-10,NA,sage2025finelib
Urbanisation,2455-7471,2456-3714,2026-02-10,NA,sage2025finelib
Urologia Journal,0391-5603,1724-6075,2026-02-10,NA,sage2025finelib
Vascular and Endovascular Surgery,1538-5744,1938-9116,2026-02-10,NA,sage2025finelib
Vascular Medicine,1358-863X,1477-0377,2026-02-10,NA,sage2025finelib
Veterinary Pathology,0300-9858,1544-2217,2026-02-10,NA,sage2025finelib
Violence Against Women,1077-8012,1552-8448,2026-02-10,NA,sage2025finelib
Violence: An International Journal,2633-0024,2633-0032,2026-02-10,NA,sage2025finelib
Vision,0972-2629,2249-5304,2026-02-10,NA,sage2025finelib
Visual Communication,1470-3572,1741-3214,2026-02-10,NA,sage2025finelib
War in History,0968-3445,1477-0385,2026-02-10,NA,sage2025finelib
Waste Management & Research,0734-242X,1096-3669,2026-02-10,NA,sage2025finelib
Western Journal of Nursing Research,0193-9459,1552-8456,2026-02-10,NA,sage2025finelib
Wind Engineering,0309-524X,2048-402X,2026-02-10,NA,sage2025finelib
Word of Mouth,1048-3950,2154-3941,2026-02-10,NA,sage2025finelib
Work and Occupations,0730-8884,1552-8464,2026-02-10,NA,sage2025finelib
"Work, Employment and Society",0950-0170,1469-8722,2026-02-10,NA,sage2025finelib
Workplace Health & Safety,2165-0799,2165-0969,2026-02-10,NA,sage2025finelib
World Futures Review,1946-7567,2169-2793,2026-02-10,NA,sage2025finelib
World Journal for Pediatric and Congenital Heart Surgery,2150-1351,2150-136X,2026-02-10,NA,sage2025finelib
Written Communication,0741-0883,1552-8472,2026-02-10,NA,sage2025finelib
YOUNG,1103-3088,1741-3222,2026-02-10,NA,sage2025finelib
Young Exceptional Children,1096-2506,2154-400X,2026-02-10,NA,sage2025finelib
Youth & Society,0044-118X,1552-8499,2026-02-10,NA,sage2025finelib
Youth Justice,1473-2254,1747-6283,2026-02-10,NA,sage2025finelib
Youth Violence and Juvenile Justice,1541-2040,1556-9330,2026-02-10,NA,sage2025finelib
Biology Open,2046-6390,NA,2026-05-01,NA,compbio2024csic
Development,0950-1991,1477-9129,2026-05-01,NA,compbio2024csic
Disease Models & Mechanisms,1754-8403,1754-8411,2026-05-01,NA,compbio2024csic
Journal of Cell Science,0021-9533,1477-9137,2026-05-01,NA,compbio2024csic
Journal of Experimental Biology,0022-0949,1477-9145,2026-05-01,NA,compbio2024csic
