inst_name,ror_id,inst_first_seen,inst_last_seen,esac_id
Academy of Public Administration,NA,2025-10-13,NA,iwa2024eifl
Academy of Sciences of Moldova,https://ror.org/01w01n720,2025-10-13,NA,iwa2024eifl
Adventist University of Africa AUA,https://ror.org/01b7tbs82,2025-10-13,NA,iwa2024eifl
Africa Capacity Building Foundation – Zimbabwe,https://ror.org/03jr65e79,2025-10-13,NA,iwa2024eifl
Africa International University,https://ror.org/023fkcg80,2025-10-13,NA,iwa2024eifl
Africa Leadership and Management Academy,NA,2025-10-13,NA,iwa2024eifl
Africa University,https://ror.org/04dj2za52,2025-10-13,NA,iwa2024eifl
African Bible College,NA,2025-10-13,NA,iwa2024eifl
African Bible University,https://ror.org/01wry0y20,2025-10-13,NA,iwa2024eifl
African Christian University,NA,2025-10-13,NA,iwa2024eifl
African Economic Research Consortium AERC,https://ror.org/05fxg9b69,2025-10-13,NA,iwa2024eifl
Akenten Appeah Menkah University for Skills Devt and Entrepreneurship,https://ror.org/031d6ey43,2025-10-13,NA,iwa2024eifl
Alecu Russo Balti State University,https://ror.org/016ahab87,2025-10-13,NA,iwa2024eifl
Aljamea-Tus-Saifiyah,NA,2025-10-13,NA,iwa2024eifl
AMREF International University,https://ror.org/00qpv3w06,2025-10-13,NA,iwa2024eifl
Ardhi University,https://ror.org/05k903r09,2025-10-13,NA,iwa2024eifl
Bandarri Maritime Academy,NA,2025-10-13,NA,iwa2024eifl
BEKTEMIR DISTRICT INFORMATION AND LIBRARY CENTER OF TASHKENT CITY,NA,2025-10-13,NA,iwa2024eifl
Bindura University of Science & Technology (BUSE),https://ror.org/042zvmz29,2025-10-13,NA,iwa2024eifl
Bishop Stuart University,https://ror.org/01zy6vk67,2025-10-13,NA,iwa2024eifl
Boma International Hospital College,NA,2025-10-13,NA,iwa2024eifl
BUSE Zimbabwe – Zimbabwe,https://ror.org/042zvmz29,2025-10-13,NA,iwa2024eifl
Catholic University of Zimbabwe,https://ror.org/04k6va493,2025-10-13,NA,iwa2024eifl
Cavendish university,https://ror.org/02h97hh92,2025-10-13,NA,iwa2024eifl
Chuka University College,https://ror.org/05cqafq62,2025-10-13,NA,iwa2024eifl
City Central Isahakyan Library,NA,2025-10-13,NA,iwa2024eifl
Co-operative University of Kenya – Kenya,NA,2025-10-13,NA,iwa2024eifl
College of Business Education Mbeya Campus,https://ror.org/05qcsva92,2025-10-13,NA,iwa2024eifl
Common Market for Eastern and Southern Africa (COMESA),NA,2025-10-13,NA,iwa2024eifl
Communications Authority of Kenya,NA,2025-10-13,NA,iwa2024eifl
Copperbelt University,https://ror.org/03fgtjr33,2025-10-13,NA,iwa2024eifl
Dar es Salaam College of Education,https://ror.org/0479aed98,2025-10-13,NA,iwa2024eifl
Egerton University,https://ror.org/01jk2zc89,2025-10-13,NA,iwa2024eifl
Electricity Regulatory Authority,NA,2025-10-13,NA,iwa2024eifl
Energy and Petroleum Regulatory Authority,NA,2025-10-13,NA,iwa2024eifl
Eurasia International University and Basic College – Armenia,https://ror.org/04z37sn09,2025-10-13,NA,iwa2024eifl
Examination Council of Zambia,NA,2025-10-13,NA,iwa2024eifl
Fergana Regional Information-Library Center named after Ahmad al Fergani,NA,2025-10-13,NA,iwa2024eifl
Great Zimbabwe University,https://ror.org/00wn5gw44,2025-10-13,NA,iwa2024eifl
Grigoris Medica-Humanities College,NA,2025-10-13,NA,iwa2024eifl
Gwanda State University,https://ror.org/02s5cdn70,2025-10-13,NA,iwa2024eifl
Harare Institute of Technology,https://ror.org/02e7r0h80,2025-10-13,NA,iwa2024eifl
Head Scientific and methodological Center,NA,2025-10-13,NA,iwa2024eifl
Information Society Development Institute – Armenia,NA,2025-10-13,NA,iwa2024eifl
Institute of Finance Management,https://ror.org/04jsebv71,2025-10-13,NA,iwa2024eifl
Institute of Petroleum Studies Kampala,https://ror.org/05cf0ez61,2025-10-13,NA,iwa2024eifl
Institute of Social Work,https://ror.org/03zeb7y98,2025-10-13,NA,iwa2024eifl
International Peace Support Training Centre,NA,2025-10-13,NA,iwa2024eifl
International University of Moldova – Moldova,https://ror.org/054jx1t36,2025-10-13,NA,iwa2024eifl
Ion Creanga State Pedagogical University – Moldova,https://ror.org/05aqyve98,2025-10-13,NA,iwa2024eifl
Jomo Kenyatta University of Agriculture and Technology,https://ror.org/015h5sy57,2025-10-13,NA,iwa2024eifl
KAIRUKI UNIVERSITY – Tanzania,https://ror.org/01vy3hr18,2025-10-13,NA,iwa2024eifl
Kampala International University,https://ror.org/017g82c94,2025-10-13,NA,iwa2024eifl
Kamuzu University of Health Sciences,https://ror.org/00khnq787,2025-10-13,NA,iwa2024eifl
Karatina University,https://ror.org/04bm15q02,2025-10-13,NA,iwa2024eifl
KENYA MEDICAL RESEARCH INSTITUTE – Kenya,https://ror.org/04r1cxt79,2025-10-13,NA,iwa2024eifl
Kenya national Commission for UNESCO (KNATCOM),NA,2025-10-13,NA,iwa2024eifl
Kenya Revenue Authority KRA,NA,2025-10-13,NA,iwa2024eifl
Kenya School of Government,https://ror.org/01fztcv40,2025-10-13,NA,iwa2024eifl
Kenya Water Institute,NA,2025-10-13,NA,iwa2024eifl
Khachatur Abovyan Armenian State Pedagogical University,https://ror.org/03zhk3020,2025-10-13,NA,iwa2024eifl
Kilimanjaro Christian Medical University College,https://ror.org/04knhza04,2025-10-13,NA,iwa2024eifl
Kirinyaga University,https://ror.org/00geck193,2025-10-13,NA,iwa2024eifl
Kisii University College,https://ror.org/053stv828,2025-10-13,NA,iwa2024eifl
Kwame Nkrumah University,https://ror.org/02ykdz073,2025-10-13,NA,iwa2024eifl
LIRA University,NA,2025-10-13,NA,iwa2024eifl
Livestock Training Agency - LITA,NA,2025-10-13,NA,iwa2024eifl
LONDON AMERICAN UNIVERSITY COLLEGE,NA,2025-10-13,NA,iwa2024eifl
Makerere University,https://ror.org/03dmz0111,2025-10-13,NA,iwa2024eifl
Malawi Adventist University,https://ror.org/012tb7473,2025-10-13,NA,iwa2024eifl
Mama Ngina University College,https://ror.org/04pweky63,2025-10-13,NA,iwa2024eifl
Maseno University,https://ror.org/023pskh72,2025-10-13,NA,iwa2024eifl
Mbarara University of Science and Technology,https://ror.org/01bkn5154,2025-10-13,NA,iwa2024eifl
Mbeya University of Science and Technology,https://ror.org/055326464,2025-10-13,NA,iwa2024eifl
Meru University College of Science and Technology,https://ror.org/002dktj83,2025-10-13,NA,iwa2024eifl
Michuki Teachers Training Institute,NA,2025-10-13,NA,iwa2024eifl
Midlands State University,https://ror.org/02gv1gw80,2025-10-13,NA,iwa2024eifl
Ministry of Finance and planning,NA,2025-10-13,NA,iwa2024eifl
Ministry of Foreign Affairs,NA,2025-10-13,NA,iwa2024eifl
Moi University,https://ror.org/04p6eac84,2025-10-13,NA,iwa2024eifl
Montains of the Moon University,https://ror.org/03s5r1026,2025-10-13,NA,iwa2024eifl
MOSHI CO-OPERATIVE UNIVERSITY (MoCU),https://ror.org/03kndyq24,2025-10-13,NA,iwa2024eifl
Mountains of the Moon University – Uganda,https://ror.org/03s5r1026,2025-10-13,NA,iwa2024eifl
Multimedia University of Kenya,https://ror.org/028r4zr88,2025-10-13,NA,iwa2024eifl
Muni University,https://ror.org/04wr6mz63,2025-10-13,NA,iwa2024eifl
Mwalimu Nyerere Memorial Academy,NA,2025-10-13,NA,iwa2024eifl
Mzuzu University,https://ror.org/008ej3804,2025-10-13,NA,iwa2024eifl
National Council for Population and Development,NA,2025-10-13,NA,iwa2024eifl
National Defence College,https://ror.org/04vc08p32,2025-10-13,NA,iwa2024eifl
National Library of Armenia,NA,2025-10-13,NA,iwa2024eifl
National Library of Moldova,NA,2025-10-13,NA,iwa2024eifl
National Planning Authority,NA,2025-10-13,NA,iwa2024eifl
Ndejje University,https://ror.org/00nmq1179,2025-10-13,NA,iwa2024eifl
Nelson Mandela African Institute of Science and Technology,https://ror.org/041vsn055,2025-10-13,NA,iwa2024eifl
Nobel International Business School,https://ror.org/00dv28z40,2025-10-13,NA,iwa2024eifl
Northern University LLC,NA,2025-10-13,NA,iwa2024eifl
Northrise University – Zambia,https://ror.org/03vgyhc77,2025-10-13,NA,iwa2024eifl
NUST Zimbabwe – Zimbabwe,https://ror.org/02kesvt12,2025-10-13,NA,iwa2024eifl
Office of Registar of Political Parties,NA,2025-10-13,NA,iwa2024eifl
Ohanyan Education Complex,NA,2025-10-13,NA,iwa2024eifl
Open University of Kenya,NA,2025-10-13,NA,iwa2024eifl
Parami University,NA,2025-10-13,NA,iwa2024eifl
Pathein University,NA,2025-10-13,NA,iwa2024eifl
Public Administration Academy of the Republic of Armenia,NA,2025-10-13,NA,iwa2024eifl
Pwani University,https://ror.org/02952pd71,2025-10-13,NA,iwa2024eifl
Pyay University,https://ror.org/03cgbtn12,2025-10-13,NA,iwa2024eifl
Railway Training institute,NA,2025-10-13,NA,iwa2024eifl
Rongo University College,https://ror.org/019z2v446,2025-10-13,NA,iwa2024eifl
Russian-Armenian – Armenia,https://ror.org/01v4e7289,2025-10-13,NA,iwa2024eifl
"Scientific Library of Pedagogical University ""Ion Creanga""",https://ror.org/05aqyve98,2025-10-13,NA,iwa2024eifl
Shirak State University named after M.Nalbandyan Foundation,https://ror.org/04k0ww995,2025-10-13,NA,iwa2024eifl
Sigalagala National Polytechnic,NA,2025-10-13,NA,iwa2024eifl
Sokoine National Agricultural Library,NA,2025-10-13,NA,iwa2024eifl
Solusi University,https://ror.org/00c9gh315,2025-10-13,NA,iwa2024eifl
Soroti university,https://ror.org/05xkxz718,2025-10-13,NA,iwa2024eifl
South East European University (SEEU),https://ror.org/00m04y575,2025-10-13,NA,iwa2024eifl
South Eastern Kenya University,https://ror.org/02w403504,2025-10-13,NA,iwa2024eifl
SS Cyril & Methodius University,https://ror.org/02wk2vx54,2025-10-13,NA,iwa2024eifl
St Ignatius University Kabale,https://ror.org/01dn27978,2025-10-13,NA,iwa2024eifl
St Paul's University,https://ror.org/00aze9982,2025-10-13,NA,iwa2024eifl
St.Kliment Ohridski University,https://ror.org/04161ta68,2025-10-13,NA,iwa2024eifl
Stefan Cel Mare Academy of the Ministry of Internal Affairs – Moldova,NA,2025-10-13,NA,iwa2024eifl
Stella Maris Mtwara University College,NA,2025-10-13,NA,iwa2024eifl
Taita Taveta University College,NA,2025-10-13,NA,iwa2024eifl
Takoradi Technical University,https://ror.org/03kbmhj98,2025-10-13,NA,iwa2024eifl
Tangaza University College – Kenya,NA,2025-10-13,NA,iwa2024eifl
Tanzania Institute of Accountancy,NA,2025-10-13,NA,iwa2024eifl
Tashkent Institute of Irrigation and Agricultural Mechanization Engineers National Research University – Uzbekistan,https://ror.org/01s4mx151,2025-10-13,NA,iwa2024eifl
Taunggyi University,https://ror.org/046st9p05,2025-10-13,NA,iwa2024eifl
Technical University Moldova – Moldova,https://ror.org/02b82hk77,2025-10-13,NA,iwa2024eifl
Technical University of Kenya,https://ror.org/04eehsy38,2025-10-13,NA,iwa2024eifl
Tengeru Institute of Community Development (TICD).,NA,2025-10-13,NA,iwa2024eifl
Tharaka University College,https://ror.org/0465bzv04,2025-10-13,NA,iwa2024eifl
THE EAST AFRICAN UNIVERSITY – Kenya,NA,2025-10-13,NA,iwa2024eifl
The High School of Strategic Analysis and Prognosis Of the Republic of Uzbekistan,NA,2025-10-13,NA,iwa2024eifl
"The Information Librarian Resource Centre ""Turon"" of Tashkent region",NA,2025-10-13,NA,iwa2024eifl
The National Library of Uzbekistan named after Alisher Navoi – Uzbekistan,NA,2025-10-13,NA,iwa2024eifl
The Open University of Tanzania – Tanzania,https://ror.org/02m6yfe37,2025-10-13,NA,iwa2024eifl
The State University of Zanzibar – Tanzania,https://ror.org/0316x1478,2025-10-13,NA,iwa2024eifl
Tom Mboya University,NA,2025-10-13,NA,iwa2024eifl
Trade Co-operative University of Moldova,https://ror.org/000p7dd29,2025-10-13,NA,iwa2024eifl
Tumaini University Makumira,https://ror.org/0511zqc76,2025-10-13,NA,iwa2024eifl
Uganda Christian University,https://ror.org/007pr2d48,2025-10-13,NA,iwa2024eifl
Uganda Management Institute,https://ror.org/05yh37w40,2025-10-13,NA,iwa2024eifl
United States International University,https://ror.org/05qj64q37,2025-10-13,NA,iwa2024eifl
"Universitatea de Stat ""Bogdan Petriceicu Hasdeu"" din Cahul – Moldova",https://ror.org/025t4nz25,2025-10-13,NA,iwa2024eifl
Université Gaston Berger de Saint Louis,https://ror.org/01jp0tk64,2025-10-13,NA,iwa2024eifl
"Université Libre des Pays des Grands Lacs, Goma",https://ror.org/04700yz30,2025-10-13,NA,iwa2024eifl
University of Cape Coast,https://ror.org/0492nfe34,2025-10-13,NA,iwa2024eifl
"University of Eastern Africa, Baraton",https://ror.org/00e2rng16,2025-10-13,NA,iwa2024eifl
University of Kabianga – Kenya,https://ror.org/03rk9qf06,2025-10-13,NA,iwa2024eifl
University of Malawi,https://ror.org/04vtx5s55,2025-10-13,NA,iwa2024eifl
University of Nairobi,https://ror.org/02y9nww90,2025-10-13,NA,iwa2024eifl
University of the Sacred Heart-GULU,https://ror.org/013hxq561,2025-10-13,NA,iwa2024eifl
University of Traditional Medicine,NA,2025-10-13,NA,iwa2024eifl
University of Zambia,https://ror.org/03gh19d69,2025-10-13,NA,iwa2024eifl
UWC Dilijan College,NA,2025-10-13,NA,iwa2024eifl
Wildlife Research and Training Institute – Kenya,NA,2025-10-13,NA,iwa2024eifl
Women's University in Africa,https://ror.org/05hdq6q33,2025-10-13,NA,iwa2024eifl
Yerevan Brusov State University,https://ror.org/00s8vne50,2025-10-13,NA,iwa2024eifl
Yerevan State University,https://ror.org/00s8vne50,2025-10-13,NA,iwa2024eifl
Advanced Research Center for Nanolithography,https://ror.org/04xe7ws48,2026-05-20,NA,eme2025ukb
Aeres University of Applied Sciences Wageningen,https://ror.org/03jnx2c74,2026-05-20,NA,eme2025ukb
Amsterdam University Medical Centres,https://ror.org/05grdyy37,2026-05-20,NA,eme2025ukb
Amsterdam University of Applied Sciences,https://ror.org/00y2z2s03,2026-05-20,NA,eme2025ukb
Avans University of Applied Science,https://ror.org/015d5s513,2026-05-20,NA,eme2025ukb
Breda University of Applied Sciences,https://ror.org/04mfj5474,2026-05-20,NA,eme2025ukb
Christian University of Applied Science Ede,https://ror.org/04tj5wz42,2026-05-20,NA,eme2025ukb
Data Archiving and Networked Services,https://ror.org/008pnp284,2026-05-20,NA,eme2025ukb
Dutch Institute for Fundamental Energy Research,https://ror.org/03w5dn804,2026-05-20,NA,eme2025ukb
Dutch Research Council,https://ror.org/04jsz6e67,2026-05-20,NA,eme2025ukb
Erasmus MC,https://ror.org/018906e22,2026-05-20,NA,eme2025ukb
Erasmus Universiteit Rotterdam,https://ror.org/057w15z03,2026-05-20,NA,eme2025ukb
Fontys University of Applied Sciences,https://ror.org/01jwcme05,2026-05-20,NA,eme2025ukb
Frisian Academy,https://ror.org/05fcmfe52,2026-05-20,NA,eme2025ukb
Hague University of Applied Sciences,https://ror.org/021zvq422,2026-05-20,NA,eme2025ukb
HAN University of Applied Sciences,https://ror.org/0500gea42,2026-05-20,NA,eme2025ukb
Hanze University of Applied Sciences,https://ror.org/00xqtxw43,2026-05-20,NA,eme2025ukb
HAS University of Applied Sciences,https://ror.org/05p706d77,2026-05-20,NA,eme2025ukb
Hogeschool KPZ,NA,2026-05-20,NA,eme2025ukb
Hotelschool The Hague,https://ror.org/018t8yw14,2026-05-20,NA,eme2025ukb
Hubrecht Laboratory,https://ror.org/023qc4a07,2026-05-20,NA,eme2025ukb
Huygens ING,https://ror.org/04x6kq749,2026-05-20,NA,eme2025ukb
HZ University of Applied Sciences,https://ror.org/047cqa323,2026-05-20,NA,eme2025ukb
Inholland University of Applied Sciences,https://ror.org/03cfsyg37,2026-05-20,NA,eme2025ukb
Institute for Atomic and Molecular Physics,https://ror.org/038x9td67,2026-05-20,NA,eme2025ukb
International Institute of Social History,https://ror.org/05dq4pp56,2026-05-20,NA,eme2025ukb
KNAW Humanities Cluster,NA,2026-05-20,NA,eme2025ukb
Leids Universitair Medisch Centrum,https://ror.org/05xvt9f17,2026-05-20,NA,eme2025ukb
Maastricht Universitair Medisch Centrum+,https://ror.org/02d9ce178,2026-05-20,NA,eme2025ukb
Maastricht University,https://ror.org/02jz4aj89,2026-05-20,NA,eme2025ukb
Meertens Institute,https://ror.org/05kaxyq51,2026-05-20,NA,eme2025ukb
National Institute for subatomic physics,https://ror.org/00f9tz983,2026-05-20,NA,eme2025ukb
National Research Institute for Mathematics and Computer Science,https://ror.org/00x7ekv49,2026-05-20,NA,eme2025ukb
Netherlands Institute for Advanced Study in the Humanities and Social Sciences,https://ror.org/04z3wz653,2026-05-20,NA,eme2025ukb
Netherlands Institute for Neuroscience,https://ror.org/05csn2x06,2026-05-20,NA,eme2025ukb
Netherlands Institute for Radio Astronomy,https://ror.org/000k1q888,2026-05-20,NA,eme2025ukb
Netherlands Institute for the Study of Crime and Law Enforcement,https://ror.org/03124pm05,2026-05-20,NA,eme2025ukb
Netherlands Institute of Ecology,https://ror.org/01g25jp36,2026-05-20,NA,eme2025ukb
Netherlands Interdisciplinary Demographic Institute,https://ror.org/04kf5kc54,2026-05-20,NA,eme2025ukb
Netherlands Organisation for Scientific Research,https://ror.org/04jsz6e67,2026-05-20,NA,eme2025ukb
NHL Stenden University,https://ror.org/02xgxme97,2026-05-20,NA,eme2025ukb
NIOD-Institute for War Holocaust and Genocide Studies,https://ror.org/05he87q93,2026-05-20,NA,eme2025ukb
Open Universiteit,https://ror.org/018dfmf50,2026-05-20,NA,eme2025ukb
Radboud UMC,https://ror.org/05wg1m734,2026-05-20,NA,eme2025ukb
Radboud Universiteit,https://ror.org/016xsfp80,2026-05-20,NA,eme2025ukb
Rathenau Institute,https://ror.org/04crnd335,2026-05-20,NA,eme2025ukb
Rijksuniversiteit Groningen,https://ror.org/012p63287,2026-05-20,NA,eme2025ukb
Rotterdam University of Applied Sciences,https://ror.org/0481e1q24,2026-05-20,NA,eme2025ukb
Royal Netherlands Academy of Arts and Sciences,https://ror.org/043c0p156,2026-05-20,NA,eme2025ukb
Royal Netherlands Institute for Sea Research,https://ror.org/01gntjh03,2026-05-20,NA,eme2025ukb
Royal Netherlands Institute of Southeast Asian and Caribbean Studies,https://ror.org/01bdv4312,2026-05-20,NA,eme2025ukb
Saxion Universities of Professional Education,https://ror.org/005t9n460,2026-05-20,NA,eme2025ukb
SRON Netherlands Institute for Space Research,https://ror.org/02wc0kq10,2026-05-20,NA,eme2025ukb
Technische Universiteit Delft,https://ror.org/02e2c7k09,2026-05-20,NA,eme2025ukb
Technische Universiteit Eindhoven,https://ror.org/02c2kyt77,2026-05-20,NA,eme2025ukb
Tilburg University,https://ror.org/04b8v1s79,2026-05-20,NA,eme2025ukb
Universitair Medisch Centrum Groningen,https://ror.org/03cv38k47,2026-05-20,NA,eme2025ukb
Universitair Medisch Centrum Utrecht,https://ror.org/0575yy874,2026-05-20,NA,eme2025ukb
Universiteit Leiden,https://ror.org/027bh9e22,2026-05-20,NA,eme2025ukb
Universiteit Twente,https://ror.org/006hf6230,2026-05-20,NA,eme2025ukb
Universiteit Utrecht,https://ror.org/04pp8hn57,2026-05-20,NA,eme2025ukb
Universiteit van Amsterdam,https://ror.org/04dkp9463,2026-05-20,NA,eme2025ukb
University of Applied Sciences Leiden,https://ror.org/0093src13,2026-05-20,NA,eme2025ukb
University of Applied Sciences Utrecht,https://ror.org/028z9kw20,2026-05-20,NA,eme2025ukb
Van Hall Larenstein University of Applied Sciences,https://ror.org/02mdbnd10,2026-05-20,NA,eme2025ukb
Viaa Christian University of Applied Sciences,https://ror.org/02ar29j81,2026-05-20,NA,eme2025ukb
Vrije Universiteit Amsterdam,https://ror.org/008xxew50,2026-05-20,NA,eme2025ukb
Wageningen University and Research,https://ror.org/04qw24q55,2026-05-20,NA,eme2025ukb
Westerdijk Fungal Biodiversity Institute,https://ror.org/030a5r161,2026-05-20,NA,eme2025ukb
Windesheim University of Applied Sciences,https://ror.org/04zmc0e16,2026-05-20,NA,eme2025ukb
Zuyd University of Applied Sciences,https://ror.org/02m6k0m40,2026-05-20,NA,eme2025ukb
Aalborg University,https://ror.org/04m5j1k67,2026-05-29,NA,cam2026kb
Aalborg University Hospital,https://ror.org/02jk5qe80,2026-05-29,NA,cam2026kb
Aarhus University,https://ror.org/01aj84f44,2026-05-29,NA,cam2026kb
Aarhus University Hospital,https://ror.org/040r8fr65,2026-05-29,NA,cam2026kb
Copenhagen Business School,https://ror.org/04sppb023,2026-05-29,NA,cam2026kb
Copenhagen University,https://ror.org/035b05819,2026-05-29,NA,cam2026kb
Copenhagen University Hospital,https://ror.org/05bpbnx46,2026-05-29,NA,cam2026kb
Danish Centre for Social Science Research,https://ror.org/0523ssa79,2026-05-29,NA,cam2026kb
Danish Institute for International Studies (DIIS),https://ror.org/02asy9212,2026-05-29,NA,cam2026kb
Lundbeck Library,https://ror.org/0564cd633,2026-05-29,NA,cam2026kb
Roskilde University,https://ror.org/014axpa37,2026-05-29,NA,cam2026kb
Technical University of Denmark (DTU),https://ror.org/04qtj9h94,2026-05-29,NA,cam2026kb
University College Copenhagen (Københavns Professionshøjskole),https://ror.org/004r9h172,2026-05-29,NA,cam2026kb
University of Southern Denmark,https://ror.org/03yrrjy16,2026-05-29,NA,cam2026kb
University of Southern Denmark Hospital,https://ror.org/00ey0ed83,2026-05-29,NA,cam2026kb
Bari,https://ror.org/027ynra39,2026-05-29,NA,els2023crui
Bari Politecnico,https://ror.org/03c44v465,2026-05-29,NA,els2023crui
Basilicata,https://ror.org/03tc05689,2026-05-29,NA,els2023crui
Bergamo,https://ror.org/02mbd5571,2026-05-29,NA,els2023crui
Bologna,https://ror.org/01111rn36,2026-05-29,NA,els2023crui
Bolzano,https://ror.org/012ajp527,2026-05-29,NA,els2023crui
Brescia,https://ror.org/015ahgd08,2026-05-29,NA,els2023crui
Cagliari,https://ror.org/003109y17,2026-05-29,NA,els2023crui
Calabria,https://ror.org/02rc97e94,2026-05-29,NA,els2023crui
Camerino,https://ror.org/0005w8d69,2026-05-29,NA,els2023crui
Campania Vanvitelli,https://ror.org/02kqnpp86,2026-05-29,NA,els2023crui
Castellanza LIUC,https://ror.org/045x2ah69,2026-05-29,NA,els2023crui
Catania,https://ror.org/03a64bh57,2026-05-29,NA,els2023crui
Catanzaro,https://ror.org/0530bdk91,2026-05-29,NA,els2023crui
Chieti,https://ror.org/00qjgza05,2026-05-29,NA,els2023crui
CNR,https://ror.org/04zaypm56,2026-05-29,NA,els2023crui
Elettra Sincrotrone,https://ror.org/01c3rrh15,2026-05-29,NA,els2023crui
ENEA,https://ror.org/00jb25p80,2026-05-29,NA,els2023crui
ENEA National Agency for New Technologies Energy and Economic Sustainable Development,https://ror.org/02an8es95,2026-05-29,NA,els2023crui
EUI,https://ror.org/0031wrj91,2026-05-29,NA,els2023crui
Ferrara,https://ror.org/041zkgm14,2026-05-29,NA,els2023crui
Firenze,https://ror.org/04jr1s763,2026-05-29,NA,els2023crui
Foggia,https://ror.org/01xtv3204,2026-05-29,NA,els2023crui
Fond Edmund Mach,https://ror.org/0381bab64,2026-05-29,NA,els2023crui
Genova,https://ror.org/0107c5v14,2026-05-29,NA,els2023crui
Gran Sasso Science Institute,https://ror.org/043qcb444,2026-05-29,NA,els2023crui
ICGEB,https://ror.org/001575385,2026-05-29,NA,els2023crui
IIT Genova,https://ror.org/042t93s57,2026-05-29,NA,els2023crui
INGV,https://ror.org/00qps9a02,2026-05-29,NA,els2023crui
INRIM,https://ror.org/03vn1bh77,2026-05-29,NA,els2023crui
Insubria,https://ror.org/00s409261,2026-05-29,NA,els2023crui
Istituto Nazionale Astrofisica INAF,https://ror.org/02gh4kt33,2026-05-29,NA,els2023crui
Kore University of Enna,https://ror.org/04vd28p53,2026-05-29,NA,els2023crui
L'Aquila,https://ror.org/01j9p1r26,2026-05-29,NA,els2023crui
Lucca IMT,https://ror.org/035gh3a49,2026-05-29,NA,els2023crui
Marche Politecnica,https://ror.org/00x69rs40,2026-05-29,NA,els2023crui
Messina,https://ror.org/05ctdxz19,2026-05-29,NA,els2023crui
Milano Bicocca,https://ror.org/01ynf4891,2026-05-29,NA,els2023crui
Milano Bocconi,https://ror.org/05crjpb27,2026-05-29,NA,els2023crui
Milano Cattolica,https://ror.org/03h7r5v07,2026-05-29,NA,els2023crui
Milano Politecnico,https://ror.org/01nffqt88,2026-05-29,NA,els2023crui
Modena e Reggio Emilia,https://ror.org/02d4c4y02,2026-05-29,NA,els2023crui
Molise,https://ror.org/04z08z627,2026-05-29,NA,els2023crui
Napoli Federico II,https://ror.org/05290cv24,2026-05-29,NA,els2023crui
Napoli Parthenope,https://ror.org/05pcv4v03,2026-05-29,NA,els2023crui
National Institute of Geophysics and Volcanology,https://ror.org/00qps9a02,2026-05-29,NA,els2023crui
National Institute of Nuclear Physics,https://ror.org/005ta0471,2026-05-29,NA,els2023crui
OGS,https://ror.org/04y4t7k95,2026-05-29,NA,els2023crui
Padova,https://ror.org/00240q980,2026-05-29,NA,els2023crui
Palermo,https://ror.org/044k9ta02,2026-05-29,NA,els2023crui
Parma,https://ror.org/02k7wn190,2026-05-29,NA,els2023crui
Pavia,https://ror.org/00s6t1f81,2026-05-29,NA,els2023crui
Perugia,https://ror.org/00x27da85,2026-05-29,NA,els2023crui
Piemonte Orientale,https://ror.org/04387x656,2026-05-29,NA,els2023crui
Pisa Scuola Normale,https://ror.org/03aydme10,2026-05-29,NA,els2023crui
Pisa Scuola S. Anna,https://ror.org/025602r80,2026-05-29,NA,els2023crui
Reggio Calabria,https://ror.org/041sz8d87,2026-05-29,NA,els2023crui
Roma Campus Bio Medico,https://ror.org/04gqx4x78,2026-05-29,NA,els2023crui
Roma Foro Italico,https://ror.org/03j4zvd18,2026-05-29,NA,els2023crui
Roma La Sapienza,https://ror.org/02be6w209,2026-05-29,NA,els2023crui
Roma LUISS,https://ror.org/01q8b6q23,2026-05-29,NA,els2023crui
Roma Tor Vergata,https://ror.org/025rrx658,2026-05-29,NA,els2023crui
Roma TRE,https://ror.org/05vf0dg29,2026-05-29,NA,els2023crui
Salento,https://ror.org/03fc1k060,2026-05-29,NA,els2023crui
Salerno,https://ror.org/0192m2k53,2026-05-29,NA,els2023crui
Sannio,https://ror.org/04vc81p87,2026-05-29,NA,els2023crui
Sassari,https://ror.org/01bnjbv91,2026-05-29,NA,els2023crui
Siena,https://ror.org/01tevnk56,2026-05-29,NA,els2023crui
Southern High School,NA,2026-05-29,NA,els2023crui
Teramo,https://ror.org/01yetye73,2026-05-29,NA,els2023crui
Torino,https://ror.org/048tbm396,2026-05-29,NA,els2023crui
Torino Politecnico,https://ror.org/00bgk9508,2026-05-29,NA,els2023crui
Trento,https://ror.org/05trd4x28,2026-05-29,NA,els2023crui
Trieste,https://ror.org/02n742c10,2026-05-29,NA,els2023crui
Tuscia,https://ror.org/03svwq685,2026-05-29,NA,els2023crui
Udine,https://ror.org/05ht0mh31,2026-05-29,NA,els2023crui
Urbino,https://ror.org/04q4kt073,2026-05-29,NA,els2023crui
Venezia Ca' Foscari,https://ror.org/04yzxz566,2026-05-29,NA,els2023crui
Venezia IUAV,https://ror.org/01e6ksd91,2026-05-29,NA,els2023crui
Verona,https://ror.org/039bp8j42,2026-05-29,NA,els2023crui
Abraham Geiger Kolleg gGmbH,NA,2026-05-29,NA,els2023deal
Academy of Labour gGmbH,NA,2026-05-29,NA,els2023deal
AKAD Bildungsgesellschaft mbH,https://ror.org/02a8wk986,2026-05-29,NA,els2023deal
Akademie der Hochschule Biberach,https://ror.org/0004r6b85,2026-05-29,NA,els2023deal
Akademie für Psychotherapie und Interventionsforschung GmbH,NA,2026-05-29,NA,els2023deal
Akkon Hochschule für Humanwissenschaften gGmbH,NA,2026-05-29,NA,els2023deal
Albert-Ludwigs-Universität Freiburg im Breisgau,https://ror.org/0245cg223,2026-05-29,NA,els2023deal
Alfred-Wegener-Institut Helmholtz-Zentrum für Polar- und Meeresforschung (AWI),https://ror.org/032e6b942,2026-05-29,NA,els2023deal
AMD Akademie Mode und Design GmbH,https://ror.org/02e5n0e79,2026-05-29,NA,els2023deal
APOLLON Hochschule der Gesundheitswirtschaft GmbH,https://ror.org/04kzfg204,2026-05-29,NA,els2023deal
ARL - Akademie für Raumentwicklung in der Leibniz-Gemeinschaft,https://ror.org/010b6ag76,2026-05-29,NA,els2023deal
Auguste-Viktoria-Klinik gGmbH,https://ror.org/00mznnx78,2026-05-29,NA,els2023deal
Bauhaus-Universität Weimar,https://ror.org/033bb5z47,2026-05-29,NA,els2023deal
Bayerische Landesanstalt für Landwirtschaft,https://ror.org/01grm4y17,2026-05-29,NA,els2023deal
Bayerische Landesanstalt für Wald und Forstwirtschaft,https://ror.org/038rpgw61,2026-05-29,NA,els2023deal
Bayerische Staatsbibliothek (BSB),https://ror.org/031h71w90,2026-05-29,NA,els2023deal
Bayerisches Landesamt für Gesundheit und Lebensmittelsicherheit (LGL),https://ror.org/04bqwzd17,2026-05-29,NA,els2023deal
Bergische Universität Wuppertal,https://ror.org/00613ak93,2026-05-29,NA,els2023deal
Berlin School of Business and Innovation GmbH,https://ror.org/01r8xsy94,2026-05-29,NA,els2023deal
Berliner Hochschule für Technik,https://ror.org/00w7whj55,2026-05-29,NA,els2023deal
Bernhard-Nocht-Institut für Tropenmedizin,https://ror.org/01evwfd48,2026-05-29,NA,els2023deal
Berufliche Hochschule Hamburg (BHH),NA,2026-05-29,NA,els2023deal
Berufsgenossenschaftliches Klinikum Bergmannsheil gGmbH,https://ror.org/04j9bvy88,2026-05-29,NA,els2023deal
BGE Bundesgesellschaft für Endlagerung mbH,https://ror.org/050asrz41,2026-05-29,NA,els2023deal
BildungsCentrum der Wirtschaft gGmbH,https://ror.org/046ns5110,2026-05-29,NA,els2023deal
Brandenburgische Technische Universität Cottbus - Senftenberg,https://ror.org/02wxx3e24,2026-05-29,NA,els2023deal
BSP Business and Law School - Hochschule für Management und Recht GmbH,https://ror.org/017bbsh25,2026-05-29,NA,els2023deal
Bundesamt für Kartographie und Geodäsie (BKG),https://ror.org/01q6zce06,2026-05-29,NA,els2023deal
Bundesamt für Naturschutz,https://ror.org/05j8qnr48,2026-05-29,NA,els2023deal
Bundesamt für Seeschifffahrt und Hydrographie (BSH),https://ror.org/03ycvrj88,2026-05-29,NA,els2023deal
Bundesamt für Strahlenschutz,https://ror.org/02yvd4j36,2026-05-29,NA,els2023deal
Bundesamt für Verbraucherschutz und Lebensmittelsicherheit (BVL),https://ror.org/00wf3sn74,2026-05-29,NA,els2023deal
Bundesanstalt für Arbeitsschutz und Arbeitsmedizin (BAuA),https://ror.org/01aa1sn70,2026-05-29,NA,els2023deal
Bundesanstalt für Geowissenschaften und Rohstoffe (BGR),https://ror.org/04d77de73,2026-05-29,NA,els2023deal
Bundesanstalt für Landwirtschaft und Ernährung (BLE),https://ror.org/01526pb12,2026-05-29,NA,els2023deal
Bundesanstalt für Materialforschung und -prüfung (BAM),https://ror.org/03x516a66,2026-05-29,NA,els2023deal
Bundesanstalt für Straßen- und Verkehrswesen (BASt),https://ror.org/046nzaj59,2026-05-29,NA,els2023deal
Bundesanstalt für Wasserbau,https://ror.org/03z6hnk02,2026-05-29,NA,els2023deal
Bundesinstitut für Arzneimittel und Medizinprodukte (BfArM),https://ror.org/05ex5vz81,2026-05-29,NA,els2023deal
Bundesinstitut für Berufsbildung,https://ror.org/0420tmj11,2026-05-29,NA,els2023deal
Bundesinstitut für Bevölkerungsforschung (BiB),https://ror.org/04wy4bt38,2026-05-29,NA,els2023deal
Bundesinstitut für Risikobewertung (BfR),https://ror.org/03k3ky186,2026-05-29,NA,els2023deal
Bundesministerium für Ernährung und Landwirtschaft (BMEL),https://ror.org/04jw21793,2026-05-29,NA,els2023deal
Bundesministerium für Gesundheit (BMG),https://ror.org/05vp4ka74,2026-05-29,NA,els2023deal
"Bundesrepublik Deutschland, Deutscher Wetterdienst, vertreten durch den Vorstand, durch die Deutsche Meteorologische Bibliothek",https://ror.org/02nrqs528,2026-05-29,NA,els2023deal
Bundessortenamt,https://ror.org/04f7aqa58,2026-05-29,NA,els2023deal
Bundeswehrkrankenhaus Ulm,https://ror.org/05qz2jt34,2026-05-29,NA,els2023deal
Carl von Ossietzky Universität Oldenburg,https://ror.org/033n9gh91,2026-05-29,NA,els2023deal
CBS Cologne Business School GmbH,https://ror.org/05w6fhk97,2026-05-29,NA,els2023deal
CETPM GmbH Institut an der Hochschule Ansbach,NA,2026-05-29,NA,els2023deal
Charité - Universitätsmedizin Berlin,https://ror.org/001w7jn25,2026-05-29,NA,els2023deal
Chemotherapeutisches Forschungsinstitut Georg-Speyer-Haus,https://ror.org/04xmnzw38,2026-05-29,NA,els2023deal
Christian-Albrechts-Universität zu Kiel,https://ror.org/04v76ef78,2026-05-29,NA,els2023deal
Constructor University Bremen gGmbH,https://ror.org/02yrs2n53,2026-05-29,NA,els2023deal
CRMS Carl Remigius Medical School gGmbH,NA,2026-05-29,NA,els2023deal
Cyberagentur / Agentur für Innovation in der Cybersicherheit GmbH,NA,2026-05-29,NA,els2023deal
DBFZ Deutsches Biomasseforschungszentrum gGmbH,https://ror.org/008qpg558,2026-05-29,NA,els2023deal
Deutsche Akademie der Naturforscher Leopoldina e.V. - Nationale Akademie der Wissenschaften,https://ror.org/03v0k6341,2026-05-29,NA,els2023deal
Deutsche Bundesbank,https://ror.org/03jvfq589,2026-05-29,NA,els2023deal
Deutsche Forschungsgemeinschaft e.V.,https://ror.org/018mejw64,2026-05-29,NA,els2023deal
Deutsche Sporthochschule Köln (DSHS),https://ror.org/0189raq88,2026-05-29,NA,els2023deal
Deutsche Universität für Verwaltungswissenschaften,https://ror.org/01d30w739,2026-05-29,NA,els2023deal
Deutsche Zentralbibliothek für Medizin (ZBMED),https://ror.org/0259fwx54,2026-05-29,NA,els2023deal
Deutscher Akademischer Austauschdienst e.V.,https://ror.org/039djdh30,2026-05-29,NA,els2023deal
Deutscher Bundestag,https://ror.org/03pgn2579,2026-05-29,NA,els2023deal
Deutsches Elektronen-Synchrotron (DESY),https://ror.org/01js2sh04,2026-05-29,NA,els2023deal
Deutsches Forschungsinstitut für öffentliche Verwaltung Speyer,https://ror.org/01r70sq06,2026-05-29,NA,els2023deal
Deutsches Herzzentrum München,https://ror.org/04hbwba26,2026-05-29,NA,els2023deal
Deutsches Institut für angewandte Pflegeforschung e.V.,https://ror.org/02bjrmf75,2026-05-29,NA,els2023deal
Deutsches Institut für Ernährungsforschung Potsdam-Rehbrücke (DIfE),https://ror.org/05xdczy51,2026-05-29,NA,els2023deal
Deutsches Institut für Erwachsenenbildung - Leibniz-Zentrum für Lebenslanges Lernen e.V.,https://ror.org/04565hy55,2026-05-29,NA,els2023deal
Deutsches Institut für Urbanistik gGmbH,https://ror.org/05n43x964,2026-05-29,NA,els2023deal
Deutsches Institut für Wirtschaftsforschung e.V. (DIW Berlin),https://ror.org/0050vmv35,2026-05-29,NA,els2023deal
Deutsches Jugendinstitut e.V.,https://ror.org/03xptr862,2026-05-29,NA,els2023deal
Deutsches Klimarechenzentrum GmbH (DKRZ),https://ror.org/03ztgj037,2026-05-29,NA,els2023deal
Deutsches Krebsforschungszentrum (DKFZ),https://ror.org/04cdgtt98,2026-05-29,NA,els2023deal
Deutsches Museum von Meisterwerken der Naturwissenschaft und Technik (AdöR),https://ror.org/00a7n7g54,2026-05-29,NA,els2023deal
Deutsches Patent und Markenamt,https://ror.org/026x09x35,2026-05-29,NA,els2023deal
Deutsches Rheuma-Forschungszentrum Berlin (DRFZ),https://ror.org/00shv0x82,2026-05-29,NA,els2023deal
Deutsches Zentrum für Altersfragen (DZA),https://ror.org/00we5be91,2026-05-29,NA,els2023deal
Deutsches Zentrum für Integrations- und Migrationsforschung (DeZIM) e.V.,https://ror.org/03ym65z81,2026-05-29,NA,els2023deal
Deutsches Zentrum für Luft- und Raumfahrt e.V. (DLR),https://ror.org/04bwf3e34,2026-05-29,NA,els2023deal
Deutsches Zentrum für Neurodegenerative Erkrankungen e.V. (DZNE) in der Helmholtz-Gemeinschaft,https://ror.org/043j0f473,2026-05-29,NA,els2023deal
DFG Office India,https://ror.org/018mejw64,2026-05-29,NA,els2023deal
DFG Office Latin America,https://ror.org/018mejw64,2026-05-29,NA,els2023deal
DIL Deutsches Institut für Lebensmitteltechnik e.V.,https://ror.org/00f362y94,2026-05-29,NA,els2023deal
DIL Technologie GmbH,https://ror.org/00f362y94,2026-05-29,NA,els2023deal
DIPF | Leibniz-Institut für Bildungsforschung und Bildungsinformation,https://ror.org/0327sr118,2026-05-29,NA,els2023deal
DMT-Gesellschaft für Lehre und Bildung mbH (Gesellschaft mit beschränkter Haftung),NA,2026-05-29,NA,els2023deal
Duale Hochschule Baden-Württemberg (DHBW),https://ror.org/02xdzy536,2026-05-29,NA,els2023deal
Duale Hochschule Sachsen,NA,2026-05-29,NA,els2023deal
Eberhard Karls Universität Tübingen,https://ror.org/03a1kwz48,2026-05-29,NA,els2023deal
EBS Universität für Wirtschaft und Recht gGmbH,https://ror.org/01js9jv94,2026-05-29,NA,els2023deal
ecosign GmbH & Co. KG,NA,2026-05-29,NA,els2023deal
Ernst Strüngmann Institut gGmbH (ESI),https://ror.org/00ygt2y02,2026-05-29,NA,els2023deal
ESMT European School of Management and Technology GmbH,https://ror.org/024xejm70,2026-05-29,NA,els2023deal
Europa-Universität Flensburg,https://ror.org/046e0mt33,2026-05-29,NA,els2023deal
Europa-Universität Viadrina Frankfurt (Oder),https://ror.org/02msan859,2026-05-29,NA,els2023deal
European Molecular Biology Laboratory (EMBL),https://ror.org/03mstc592,2026-05-29,NA,els2023deal
European X-Ray Free-Electron Laser Facility GmbH,https://ror.org/01wp2jz98,2026-05-29,NA,els2023deal
Evangelische Hochschule Dresden,https://ror.org/02r724415,2026-05-29,NA,els2023deal
Evangelische Hochschule Nürnberg,https://ror.org/01tbgce33,2026-05-29,NA,els2023deal
Evangelisches Institut für Kirchenrecht e.V.,NA,2026-05-29,NA,els2023deal
Evangelisches Klinikum Bethel gGmbH,https://ror.org/0162saw54,2026-05-29,NA,els2023deal
Fachhochschule Aachen,https://ror.org/04tqgg260,2026-05-29,NA,els2023deal
Fachhochschule der Diakonie gGmbH,https://ror.org/00yvfbm89,2026-05-29,NA,els2023deal
Fachhochschule Dortmund,https://ror.org/03dv91853,2026-05-29,NA,els2023deal
Fachhochschule Erfurt,https://ror.org/01hkc4630,2026-05-29,NA,els2023deal
Fachhochschule Kiel,https://ror.org/03q0ab227,2026-05-29,NA,els2023deal
Fachhochschule Potsdam,https://ror.org/012m9bp23,2026-05-29,NA,els2023deal
Fachhochschule Südwestfalen,https://ror.org/04t5phd24,2026-05-29,NA,els2023deal
"Ferdinand-Braun-Institut gGmbH, Leibniz-Institut für Höchstfrequenztechnik",https://ror.org/02be22443,2026-05-29,NA,els2023deal
FernUniversität in Hagen,https://ror.org/04tkkr536,2026-05-29,NA,els2023deal
FH Münster,https://ror.org/00pv45a02,2026-05-29,NA,els2023deal
FIZ Karlsruhe - Leibniz-Institut für Informationsinfrastruktur GmbH,https://ror.org/0387prb75,2026-05-29,NA,els2023deal
FOM Hochschule für Oekonomie und Management gGmbH,https://ror.org/05m3vpd98,2026-05-29,NA,els2023deal
Forschungs- und Transferzentrum an der HTWK Leipzig e.V.,https://ror.org/03xgcq477,2026-05-29,NA,els2023deal
Forschungs-GmbH Wismar,NA,2026-05-29,NA,els2023deal
Forschungsinstitut für Nachhaltigkeit am GFZ (RIFS),https://ror.org/01vvnmw35,2026-05-29,NA,els2023deal
Forschungsinstitut für Nutztierbiologie (FBN),https://ror.org/02n5r1g44,2026-05-29,NA,els2023deal
Forschungszentrum Borstel - Leibniz Lungenzentrum,https://ror.org/036ragn25,2026-05-29,NA,els2023deal
Forschungszentrum Jülich GmbH,https://ror.org/02nv7yv05,2026-05-29,NA,els2023deal
Forstliche Versuchs- und Forschungsanstalt Baden-Württemberg (FVA),https://ror.org/04y3tyb88,2026-05-29,NA,els2023deal
Frankfurt School of Finance & Management gGmbH,https://ror.org/05gxyna29,2026-05-29,NA,els2023deal
Frankfurt University of Applied Sciences,https://ror.org/02r625m11,2026-05-29,NA,els2023deal
Fraunhofer-Gesellschaft zur Förderung der angewandten Forschung e.V.,https://ror.org/05hkkdn48,2026-05-29,NA,els2023deal
Freie Universität Berlin,https://ror.org/046ak2485,2026-05-29,NA,els2023deal
Friedrich-Alexander-Universität Erlangen-Nürnberg,https://ror.org/00f7hpc57,2026-05-29,NA,els2023deal
"Friedrich-Loeffler-Institut, Bundesforschungsinstitut für Tiergesundheit",https://ror.org/025fw7a54,2026-05-29,NA,els2023deal
Friedrich-Schiller-Universität Jena,https://ror.org/05qpz1x62,2026-05-29,NA,els2023deal
Gemeinsamer Bundesausschuss,https://ror.org/008c2qm47,2026-05-29,NA,els2023deal
Generalzolldirektion (GZD),NA,2026-05-29,NA,els2023deal
GEOMAR Helmholtz-Zentrum für Ozeanforschung Kiel,https://ror.org/02h2x0161,2026-05-29,NA,els2023deal
Georg-August-Universität Göttingen,https://ror.org/01y9bpm73,2026-05-29,NA,els2023deal
German Institute of Development and Sustainability (IDOS) gGmbH,https://ror.org/01t3zke88,2026-05-29,NA,els2023deal
Gesellschaft für wissenschaftliche Datenverarbeitung mbH Göttingen (GWDG),https://ror.org/00cd95c65,2026-05-29,NA,els2023deal
GESIS – Leibniz-Institut für Sozialwissenschaften e.V.,https://ror.org/018afyw53,2026-05-29,NA,els2023deal
GFZ Helmholtz-Zentrum für Geoforschung,https://ror.org/04z8jg394,2026-05-29,NA,els2023deal
GIGA German Institute for Global and Area Studies – Leibniz-Institut für Globale und Regionale Studien,https://ror.org/00681ts17,2026-05-29,NA,els2023deal
Gisma University of Applied Sciences GmbH,NA,2026-05-29,NA,els2023deal
GoBS Hochschule für Wirtschaft und Verwaltung gemeinnützige GmbH,https://ror.org/018mbvt80,2026-05-29,NA,els2023deal
Gottfried Wilhelm Leibniz Universität Hannover,https://ror.org/0304hq317,2026-05-29,NA,els2023deal
GSI Helmholtzzentrum für Schwerionenforschung GmbH,https://ror.org/02k8cbn47,2026-05-29,NA,els2023deal
HafenCity Universität Hamburg,https://ror.org/01fzsd381,2026-05-29,NA,els2023deal
Hasso-Plattner-Institut für Digital Engineering gGmbH,https://ror.org/058rn5r42,2026-05-29,NA,els2023deal
Heinrich-Heine-Universität Düsseldorf,https://ror.org/024z2rq82,2026-05-29,NA,els2023deal
Helmholtz Zentrum München - Deutsches Forschungszentrum für Gesundheit und Umwelt (GmbH),https://ror.org/00cfam450,2026-05-29,NA,els2023deal
Helmholtz-Zentrum Berlin für Materialien und Energie GmbH,https://ror.org/02aj13c28,2026-05-29,NA,els2023deal
Helmholtz-Zentrum Dresden - Rossendorf e.V.,https://ror.org/01zy2cs03,2026-05-29,NA,els2023deal
Helmholtz-Zentrum für Infektionsforschung GmbH (HZI),https://ror.org/03d0p2685,2026-05-29,NA,els2023deal
Helmholtz-Zentrum für Umweltforschung GmbH - UFZ,https://ror.org/000h6jb29,2026-05-29,NA,els2023deal
Helmholtz-Zentrum hereon GmbH,https://ror.org/03qjp1d79,2026-05-29,NA,els2023deal
Helmut-Schmidt-Universität Universität der Bundeswehr Hamburg,https://ror.org/04e8jbs38,2026-05-29,NA,els2023deal
Hertie School gGmbH,https://ror.org/0473a4773,2026-05-29,NA,els2023deal
Hessische Berufsakademie BA gemeinnützige GmbH,NA,2026-05-29,NA,els2023deal
HFH - Hamburger Fern-Hochschule gemeinnützige GmbH,https://ror.org/04580fn28,2026-05-29,NA,els2023deal
HMU Health and Medical University Erfurt GmbH,https://ror.org/04kt7rq05,2026-05-29,NA,els2023deal
HMU Health and Medical University Potsdam GmbH,https://ror.org/02xstm723,2026-05-29,NA,els2023deal
Hochschule Aalen - Technik und Wirtschaft,https://ror.org/04gg60e72,2026-05-29,NA,els2023deal
Hochschule Anhalt,https://ror.org/0076zct58,2026-05-29,NA,els2023deal
Hochschule Biberach,https://ror.org/0004r6b85,2026-05-29,NA,els2023deal
Hochschule Bielefeld,https://ror.org/00edvg943,2026-05-29,NA,els2023deal
Hochschule Bochum,https://ror.org/04x02q560,2026-05-29,NA,els2023deal
Hochschule Bonn-Rhein-Sieg,https://ror.org/04m2anh63,2026-05-29,NA,els2023deal
Hochschule Bremen,https://ror.org/04f7jc139,2026-05-29,NA,els2023deal
Hochschule Bremerhaven,https://ror.org/001yqrb02,2026-05-29,NA,els2023deal
Hochschule Darmstadt University of Applied Sciences,https://ror.org/047wbd030,2026-05-29,NA,els2023deal
Hochschule der Bundesagentur für Arbeit (HdBA),https://ror.org/02d89at43,2026-05-29,NA,els2023deal
Hochschule der Medien,https://ror.org/022r03w28,2026-05-29,NA,els2023deal
"Hochschule des Bundes für öffentliche Verwaltung, Fachbereich Finanzen",https://ror.org/03t7d6q88,2026-05-29,NA,els2023deal
Hochschule Düsseldorf University of Applied Sciences,https://ror.org/00ftx0026,2026-05-29,NA,els2023deal
Hochschule Emden/Leer,https://ror.org/01bc76c69,2026-05-29,NA,els2023deal
Hochschule Esslingen,https://ror.org/056cezx90,2026-05-29,NA,els2023deal
Hochschule Flensburg University of Applied Sciences,https://ror.org/01xpfrc74,2026-05-29,NA,els2023deal
Hochschule Fresenius Heidelberg / Hochschule Fresenius für Internationales Management GmbH,https://ror.org/00zk46w34,2026-05-29,NA,els2023deal
Hochschule Fulda,https://ror.org/041bz9r75,2026-05-29,NA,els2023deal
Hochschule für angewandte Wissenschaft und Kunst (HAWK),https://ror.org/00f5q5839,2026-05-29,NA,els2023deal
Hochschule für angewandte Wissenschaften Ansbach,https://ror.org/0167rnj42,2026-05-29,NA,els2023deal
Hochschule für Angewandte Wissenschaften Hamburg (HAW Hamburg),https://ror.org/00fkqwx76,2026-05-29,NA,els2023deal
Hochschule für angewandte Wissenschaften Hof,https://ror.org/04q5vv384,2026-05-29,NA,els2023deal
Hochschule für angewandte Wissenschaften Kempten,https://ror.org/02m4p8096,2026-05-29,NA,els2023deal
Hochschule für angewandte Wissenschaften Landshut,https://ror.org/056z5bx32,2026-05-29,NA,els2023deal
Hochschule für angewandte Wissenschaften München,https://ror.org/012k1v959,2026-05-29,NA,els2023deal
Hochschule für Berufstätige Darmstadt GmbH / Wilhelm Büchner Hochschule,https://ror.org/00vkbtf98,2026-05-29,NA,els2023deal
Hochschule für Bildende Künste Braunschweig,https://ror.org/03aft2f80,2026-05-29,NA,els2023deal
Hochschule für Finanzwirtschaft & Management GmbH,NA,2026-05-29,NA,els2023deal
Hochschule für Forstwirtschaft Rottenburg (HFR),https://ror.org/02pnhcc10,2026-05-29,NA,els2023deal
Hochschule für Künste Bremen,https://ror.org/02fstjp34,2026-05-29,NA,els2023deal
"Hochschule für Musik, Theater und Medien Hannover",https://ror.org/00x67m532,2026-05-29,NA,els2023deal
Hochschule für nachhaltige Entwicklung Eberswalde,https://ror.org/01ge5zt06,2026-05-29,NA,els2023deal
Hochschule für Technik Stuttgart,https://ror.org/039gdg280,2026-05-29,NA,els2023deal
Hochschule für Technik und Wirtschaft Berlin,https://ror.org/01xzwj424,2026-05-29,NA,els2023deal
Hochschule für Technik und Wirtschaft des Saarlandes,https://ror.org/02ge27m07,2026-05-29,NA,els2023deal
Hochschule für Technik und Wirtschaft Dresden (HTW),https://ror.org/05q5pk319,2026-05-29,NA,els2023deal
"Hochschule für Technik, Wirtschaft und Kultur Leipzig (HTWK)",https://ror.org/03xgcq477,2026-05-29,NA,els2023deal
Hochschule für Wirtschaft und Recht Berlin,https://ror.org/03rkmps36,2026-05-29,NA,els2023deal
Hochschule für Wirtschaft und Umwelt Nürtingen-Geislingen,https://ror.org/02rqsa469,2026-05-29,NA,els2023deal
Hochschule Furtwangen,https://ror.org/02m11x738,2026-05-29,NA,els2023deal
Hochschule Geisenheim University,https://ror.org/05myv7q56,2026-05-29,NA,els2023deal
Hochschule Hamm-Lippstadt,https://ror.org/001rdde17,2026-05-29,NA,els2023deal
Hochschule Hannover,https://ror.org/03m2kj587,2026-05-29,NA,els2023deal
"Hochschule Harz, Hochschule für angewandte Wissenschaften",https://ror.org/04q5vv384,2026-05-29,NA,els2023deal
Hochschule Heilbronn,https://ror.org/04g5gcg95,2026-05-29,NA,els2023deal
Hochschule Kaiserslautern,https://ror.org/05dkqa017,2026-05-29,NA,els2023deal
Hochschule Karlsruhe HKA,https://ror.org/01c0m1t63,2026-05-29,NA,els2023deal
Hochschule Koblenz,https://ror.org/04j351e79,2026-05-29,NA,els2023deal
"Hochschule Konstanz Technik, Wirtschaft und Gestaltung (HTWG)",https://ror.org/051qw9f78,2026-05-29,NA,els2023deal
"Hochschule Macromedia, Macromedia GmbH",https://ror.org/03czk8k96,2026-05-29,NA,els2023deal
Hochschule Magdeburg-Stendal,https://ror.org/04vjfp916,2026-05-29,NA,els2023deal
Hochschule Mainz,https://ror.org/02re32a17,2026-05-29,NA,els2023deal
Technische Hochschule Mannheim,https://ror.org/04p61dj41,2026-05-29,NA,els2023deal
Hochschule Merseburg,https://ror.org/04f8x5b20,2026-05-29,NA,els2023deal
"Hochschule Mittweida, University of Applied Sciences",https://ror.org/024ga3r86,2026-05-29,NA,els2023deal
Hochschule Neubrandenburg,https://ror.org/03b9q7371,2026-05-29,NA,els2023deal
Hochschule Niederrhein,https://ror.org/027b9qx26,2026-05-29,NA,els2023deal
Hochschule Nordhausen,https://ror.org/04nbz6d36,2026-05-29,NA,els2023deal
Hochschule Offenburg,https://ror.org/03zh5eq96,2026-05-29,NA,els2023deal
Hochschule Osnabrück,https://ror.org/059vymd37,2026-05-29,NA,els2023deal
"Hochschule Pforzheim - Gestaltung, Technik, Wirtschaft und Recht",https://ror.org/00qakfc35,2026-05-29,NA,els2023deal
Hochschule Ravensburg-Weingarten,https://ror.org/00s4rmz74,2026-05-29,NA,els2023deal
Hochschule Reutlingen / Reutlingen University,https://ror.org/00q644y50,2026-05-29,NA,els2023deal
Hochschule Rhein-Waal,https://ror.org/04wdt0z89,2026-05-29,NA,els2023deal
Hochschule RheinMain,https://ror.org/0378gm372,2026-05-29,NA,els2023deal
Hochschule Ruhr West,https://ror.org/02nkxrq89,2026-05-29,NA,els2023deal
Hochschule Stralsund,https://ror.org/04g99jx54,2026-05-29,NA,els2023deal
Hochschule Trier,https://ror.org/02e3hdx05,2026-05-29,NA,els2023deal
Hochschule Weihenstephan-Triesdorf,https://ror.org/00gzkxz88,2026-05-29,NA,els2023deal
"Hochschule Wismar, University of Applied Sciences: Technology, Business and Design",https://ror.org/00s1ckt27,2026-05-29,NA,els2023deal
Hochschule Zittau/Görlitz,https://ror.org/056tzgr32,2026-05-29,NA,els2023deal
Hochschulen Fresenius gemeinnützige Trägergesellschaft mbH,https://ror.org/03hj50651,2026-05-29,NA,els2023deal
Hochschulen Fresenius GmbH,https://ror.org/03hj50651,2026-05-29,NA,els2023deal
Humboldt-Universität zu Berlin,https://ror.org/01hcx6992,2026-05-29,NA,els2023deal
IHP GmbH – Leibniz-Institut für innovative Mikroelektronik,https://ror.org/0489gab80,2026-05-29,NA,els2023deal
IIS Institut für Internationale Studien gemeinnützige GmbH,NA,2026-05-29,NA,els2023deal
ILS – Institut für Landes- und Stadtentwicklungsforschung gGmbH,https://ror.org/02cyskn39,2026-05-29,NA,els2023deal
ILS Research gGmbH,https://ror.org/01hh21296,2026-05-29,NA,els2023deal
"Institut für angewandte Familien-, Kindheits- und Jugendforschung e.V.",NA,2026-05-29,NA,els2023deal
Institut für Arbeitsmarkt- und Berufsforschung der Bundesagentur für Arbeit,https://ror.org/02qcqwf93,2026-05-29,NA,els2023deal
Institut für Bioprozess- und Analysenmesstechnik e.V.,https://ror.org/03gnnzc77,2026-05-29,NA,els2023deal
"Institut für Mittelstandsforschung Bonn, Stiftung des privaten Rechts",https://ror.org/04c7t5k94,2026-05-29,NA,els2023deal
Institut für notfallmedizinische Bildung gGmbH,NA,2026-05-29,NA,els2023deal
Institut für sozial-ökologische Forschung (ISOE) GmbH,https://ror.org/035dq5k54,2026-05-29,NA,els2023deal
Institut für Vogelforschung - Vogelwarte Helgoland,https://ror.org/0309m1r07,2026-05-29,NA,els2023deal
Institut für Zuckerrübenforschung gGmbH,https://ror.org/05831r008,2026-05-29,NA,els2023deal
Institut Wohnen und Umwelt GmbH,https://ror.org/05bvps080,2026-05-29,NA,els2023deal
Institute of Research and Education GmbH,https://ror.org/0327sr118,2026-05-29,NA,els2023deal
IPN - Leibniz-Institut für die Pädagogik der Naturwissenschaften und Mathematik,https://ror.org/008n8dd57,2026-05-29,NA,els2023deal
ISM International School of Management GmbH,https://ror.org/04sn8qj61,2026-05-29,NA,els2023deal
IU Internationale Hochschule GmbH,https://ror.org/04fdat027,2026-05-29,NA,els2023deal
IUF – Leibniz-Institut für umweltmedizinische Forschung GmbH,https://ror.org/0163xqp73,2026-05-29,NA,els2023deal
Jade Hochschule,https://ror.org/02vvvm705,2026-05-29,NA,els2023deal
"Johann Heinrich von Thünen-Institut, Bundesforschungsinstitut für Ländliche Räume, Wald und Fischerei",https://ror.org/00mr84n67,2026-05-29,NA,els2023deal
"Johann Wolfgang Goethe-Universität, Frankfurt am Main",https://ror.org/04cvxnb49,2026-05-29,NA,els2023deal
Johannes Gutenberg-Universität Mainz,https://ror.org/023b0x485,2026-05-29,NA,els2023deal
"Julius Kühn-Institut (JKI), Bundesforschungsinstitut für Kulturpflanzen",https://ror.org/022d5qt08,2026-05-29,NA,els2023deal
Julius-Maximilians-Universität Würzburg,https://ror.org/00fbnyb24,2026-05-29,NA,els2023deal
Justus-Liebig-Universität Gießen,https://ror.org/033eqas34,2026-05-29,NA,els2023deal
Karlsruher Institut für Technologie (KIT),https://ror.org/04t3en479,2026-05-29,NA,els2023deal
Katholische Hochschule Freiburg,https://ror.org/00vd2h880,2026-05-29,NA,els2023deal
Katholische Hochschule Nordrhein-Westfalen Katholische Fachhochschule gGmbH,https://ror.org/024nr0776,2026-05-29,NA,els2023deal
Katholische Universität Eichstätt-Ingolstadt,https://ror.org/00mx91s63,2026-05-29,NA,els2023deal
Katholisches Klinikum Bochum gGmbh,https://ror.org/05k5t2r42,2026-05-29,NA,els2023deal
Kiel Institut für Weltwirtschaft (IfW Kiel),https://ror.org/032yym934,2026-05-29,NA,els2023deal
Klinikum der Universität München,https://ror.org/02jet3w32,2026-05-29,NA,els2023deal
Klinikum Herford,https://ror.org/03p371b74,2026-05-29,NA,els2023deal
Klinikum rechts der Isar der Technischen Universität München,https://ror.org/04jc43x05,2026-05-29,NA,els2023deal
Krankenhaus Mara gGmbH,https://ror.org/00r2eaj81,2026-05-29,NA,els2023deal
Krankenhausbetriebsgesellschaft Bad Oeynhausen mbH,https://ror.org/02wndzd81,2026-05-29,NA,els2023deal
Kühne Logistics University gGmbH,https://ror.org/00z9cn431,2026-05-29,NA,els2023deal
Kuratorium für Technik und Bauwesen in der Landwirtschaft e. V. (KTBL),https://ror.org/00e2z2v91,2026-05-29,NA,els2023deal
"Land Rheinland-Pfalz, vertreten durch Dienstleistungszentrum Ländlicher Raum Rheinpfalz",https://ror.org/009aftg61,2026-05-29,NA,els2023deal
"Landesamt für Bergbau, Energie und Geologie (LBEG)",https://ror.org/0291s1e82,2026-05-29,NA,els2023deal
Landesamt für Kultur und Denkmalpflege Mecklenburg-Vorpommern,https://ror.org/00v1nkq94,2026-05-29,NA,els2023deal
Landesbibliothekszentrum Rheinland Pfalz,https://ror.org/05rrnfe85,2026-05-29,NA,els2023deal
Landschaftsverband Westfalen-Lippe,https://ror.org/03cdgfs84,2026-05-29,NA,els2023deal
Leibniz-Forschungsinstitut für Molekulare Pharmakologie im Forschungsverbund Berlin e.V. (FMP),https://ror.org/010s54n03,2026-05-29,NA,els2023deal
Leibniz-Institut DSMZ - Deutsche Sammlung von Mikroorganismen und Zellkulturen GmbH,https://ror.org/02tyer376,2026-05-29,NA,els2023deal
Leibniz-Institut für Agrarentwicklung in Transformationsökonomien (IAMO),https://ror.org/03hkr1v69,2026-05-29,NA,els2023deal
Leibniz-Institut für Agrartechnik und Bioökonomie e.V. (ATB),https://ror.org/04d62a771,2026-05-29,NA,els2023deal
Leibniz-Institut für Alternsforschung - Fritz-Lipmann-Institut e.V. (FLI),https://ror.org/039a53269,2026-05-29,NA,els2023deal
Leibniz-Institut für Analytische Wissenschaften - ISAS - e.V.,https://ror.org/02jhqqg57,2026-05-29,NA,els2023deal
Leibniz-Institut für Angewandte Geophysik,https://ror.org/05txczf44,2026-05-29,NA,els2023deal
Leibniz-Institut für Arbeitsforschung (IfADo),https://ror.org/05cj29x94,2026-05-29,NA,els2023deal
Leibniz-Institut für Atmosphärenphysik e.V. an der Universität Rostock,https://ror.org/04enhpe73,2026-05-29,NA,els2023deal
Leibniz-Institut für Bildungsverläufe e.V.,https://ror.org/04c14rw28,2026-05-29,NA,els2023deal
Leibniz-Institut für Deutsche Sprache (IDS),https://ror.org/00hvwkt50,2026-05-29,NA,els2023deal
Leibniz-Institut für Europäische Geschichte Mainz (IEG),https://ror.org/059dyrr28,2026-05-29,NA,els2023deal
Leibniz-Institut für Festkörper- und Werkstoffforschung Dresden (IFW),https://ror.org/04zb59n70,2026-05-29,NA,els2023deal
Leibniz-Institut für Finanzmarktforschung (SAFE) e.V.,https://ror.org/05wxywg93,2026-05-29,NA,els2023deal
Leibniz-Institut für Gemüse- und Zierpflanzenbau (IGZ) e.V.,https://ror.org/01a62v145,2026-05-29,NA,els2023deal
Leibniz-Institut für Gewässerökologie und Binnenfischerei (IGB) im Forschungsverbund Berlin e.V.,https://ror.org/01nftxb06,2026-05-29,NA,els2023deal
Leibniz-Institut für Immuntherapie (LIT),https://ror.org/00xn1pr13,2026-05-29,NA,els2023deal
Leibniz-Institut für Kristallzüchtung (IKZ) im Forschungsverbund Berlin e.V.,https://ror.org/037p86664,2026-05-29,NA,els2023deal
Leibniz-Institut für Länderkunde e.V.,https://ror.org/02wt6e634,2026-05-29,NA,els2023deal
Leibniz-Institut für Lebensmittel-Systembiologie an der Technischen Universität München,https://ror.org/04sy7nb49,2026-05-29,NA,els2023deal
Leibniz-Institut für Neue Materialien gGmbH (INM),https://ror.org/00g656d67,2026-05-29,NA,els2023deal
Leibniz-Institut für Neurobiologie (LIN),https://ror.org/01zwmgk08,2026-05-29,NA,els2023deal
Leibniz-Institut für Oberflächenmodifizierung e.V.,https://ror.org/04vx4mk32,2026-05-29,NA,els2023deal
Leibniz-Institut für ökologische Raumentwicklung e.V.,https://ror.org/02t26g637,2026-05-29,NA,els2023deal
Leibniz-Institut für Ost- und Südosteuropaforschung,https://ror.org/039s64n79,2026-05-29,NA,els2023deal
Leibniz-Institut für Ostseeforschung Warnemünde (IOW),https://ror.org/03xh9nq73,2026-05-29,NA,els2023deal
Leibniz-Institut für Pflanzenbiochemie,https://ror.org/01mzk5576,2026-05-29,NA,els2023deal
Leibniz-Institut für Pflanzengenetik und Kulturpflanzenforschung (IPK),https://ror.org/02skbsp27,2026-05-29,NA,els2023deal
Leibniz-Institut für Plasmaforschung und Technologie e.V. (INP),https://ror.org/004hd5y14,2026-05-29,NA,els2023deal
Leibniz-Institut für Polymerforschung Dresden e.V.,https://ror.org/01tspta37,2026-05-29,NA,els2023deal
Leibniz-Institut für Präventionsforschung und Epidemiologie – BIPS GmbH,https://ror.org/02c22vc57,2026-05-29,NA,els2023deal
Leibniz-Institut für Raumbezogene Sozialforschung e.V.,https://ror.org/01rkqb281,2026-05-29,NA,els2023deal
Leibniz-Institut für Resilienzforschung (LIR) gGmbH,https://ror.org/00q5t0010,2026-05-29,NA,els2023deal
Leibniz-Institut für Troposphärenforschung e.V.,https://ror.org/03a5xsc56,2026-05-29,NA,els2023deal
Leibniz-Institut für Virologie,https://ror.org/02r2q1d96,2026-05-29,NA,els2023deal
Leibniz-Institut für Werkstofforientierte Technologien - IWT,https://ror.org/01xc6bj88,2026-05-29,NA,els2023deal
Leibniz-Institut für Wirtschaftsforschung Halle (IWH) e.V.,https://ror.org/03gjpvv92,2026-05-29,NA,els2023deal
Leibniz-Institut für Wissensmedien,https://ror.org/03hv28176,2026-05-29,NA,els2023deal
Leibniz-Institut für Zoo- und Wildtierforschung (IZW) im Forschungsverbund Berlin e.V.,https://ror.org/05nywn832,2026-05-29,NA,els2023deal
Leibniz-Zentrum Allgemeine Sprachwissenschaft (ZAS),https://ror.org/03wz9xk91,2026-05-29,NA,els2023deal
Leibniz-Zentrum für Agrarlandschaftsforschung (ZALF) e.V.,https://ror.org/01ygyzs83,2026-05-29,NA,els2023deal
Leibniz-Zentrum für Marine Tropenforschung (ZMT) GmbH,https://ror.org/019w00969,2026-05-29,NA,els2023deal
Leipzig Graduate School of Management / HHL gemeinnützige GmbH,https://ror.org/00vjd4k74,2026-05-29,NA,els2023deal
LEIZA - Leibniz-Zentrum für Archäologie,https://ror.org/0483qx226,2026-05-29,NA,els2023deal
Leuphana Universität Lüneburg,https://ror.org/02w2y2t16,2026-05-29,NA,els2023deal
Ludwig-Maximilians-Universität München,https://ror.org/05591te55,2026-05-29,NA,els2023deal
Manfred Donike Institut für Dopinganalytik MDI e.V.,NA,2026-05-29,NA,els2023deal
Martin-Luther-Universität Halle-Wittenberg,https://ror.org/05gqaka33,2026-05-29,NA,els2023deal
Materialforschungs- und -prüfanstalt an der Bauhaus-Universität Weimar,NA,2026-05-29,NA,els2023deal
Mathematisches Forschungsinstitut Oberwolfach gGmbH,https://ror.org/001zbj766,2026-05-29,NA,els2023deal
Max Planck Innovation GmbH,https://ror.org/00d0v0049,2026-05-29,NA,els2023deal
"Max Rubner-Institut, Bundesforschungsinstitut für Ernährung und Lebensmittel",https://ror.org/045gmmg53,2026-05-29,NA,els2023deal
Max Weber Stiftung - Deutsche Geisteswissenschaftliche Institute im Ausland,https://ror.org/02esxtn62,2026-05-29,NA,els2023deal
Max-Born-Institut für Nichtlineare Optik und Kurzzeitspektroskopie (MBI) im Forschungsverbund Berlin e.V.,https://ror.org/03jbf6q27,2026-05-29,NA,els2023deal
Max-Delbrück-Centrum für Molekulare Medizin in der Helmholtz-Gemeinschaft (MDC),https://ror.org/04p5ggc03,2026-05-29,NA,els2023deal
Max-Planck-Gesellschaft zur Förderung der Wissenschaften e.V.,https://ror.org/01hhn8329,2026-05-29,NA,els2023deal
Max-Planck-Institut für Kohlenforschung (Stiftung privaten Rechts),https://ror.org/00a7vgh58,2026-05-29,NA,els2023deal
Max-Planck-Institut für Nachhaltige Materialien GmbH,https://ror.org/01ngpvg12,2026-05-29,NA,els2023deal
Medizinische Fakultät Heidelberg der Universität Heidelberg,https://ror.org/038t36y30,2026-05-29,NA,els2023deal
Medizinische Fakultät Mannheim der Universität Heidelberg,https://ror.org/05sxbyd35,2026-05-29,NA,els2023deal
Medizinische Hochschule Brandenburg CAMPUS GmbH,https://ror.org/04839sh14,2026-05-29,NA,els2023deal
Medizinische Hochschule Hannover (MHH),https://ror.org/00f2yqf98,2026-05-29,NA,els2023deal
Moses Mendelssohn Zentrum für europäisch-jüdische Studien e.V.,https://ror.org/04vj48162,2026-05-29,NA,els2023deal
MSB Medical School Berlin - Hochschule für Gesundheit und Medizin GmbH,https://ror.org/001vjqx13,2026-05-29,NA,els2023deal
MSH Medical School Hamburg - University of Applied Sciences and Medical University,https://ror.org/006thab72,2026-05-29,NA,els2023deal
Mühlenkreiskliniken,NA,2026-05-29,NA,els2023deal
Museum für Naturkunde – Leibniz-Institut für Evolutions- und Biodiversitätsforschung,https://ror.org/052d1a351,2026-05-29,NA,els2023deal
NORDAKADEMIE gemeinnützige Aktiengesellschaft Hochschule der Wirtschaft,https://ror.org/003r76697,2026-05-29,NA,els2023deal
Nordwestdeutsche Forstliche Versuchsanstalt,https://ror.org/03hpxd290,2026-05-29,NA,els2023deal
Ostbayerische Technische Hochschule (OTH) Amberg-Weiden,https://ror.org/00gm0aw40,2026-05-29,NA,els2023deal
Ostbayerische Technische Hochschule Regensburg,https://ror.org/04b9vrm74,2026-05-29,NA,els2023deal
Ostfalia Hochschule für angewandte Wissenschaften - Hochschule Braunschweig/Wolfenbüttel,https://ror.org/01bk10867,2026-05-29,NA,els2023deal
Otto-Friedrich-Universität Bamberg,https://ror.org/01c1w6d29,2026-05-29,NA,els2023deal
Otto-von-Guericke-Universität Magdeburg,https://ror.org/00ggpsq73,2026-05-29,NA,els2023deal
Pädagogische Hochschule Freiburg,https://ror.org/02rtsfd15,2026-05-29,NA,els2023deal
Pädagogische Hochschule Karlsruhe,https://ror.org/01t1kq612,2026-05-29,NA,els2023deal
Pädagogische Hochschule Ludwigsburg,https://ror.org/02j0n6s98,2026-05-29,NA,els2023deal
Pädagogische Hochschule Schwäbisch Gmünd,https://ror.org/02g2sh456,2026-05-29,NA,els2023deal
Paul-Drude-Institut für Festkörperelektronik – Leibniz-Institut im Forschungsverbund Berlin e.V. (PDI),https://ror.org/01mk1hj86,2026-05-29,NA,els2023deal
Paul-Ehrlich-Institut - Bundesinstitut für Impfstoffe und biomedizinische Arzneimittel,https://ror.org/00yssnc44,2026-05-29,NA,els2023deal
PFH – Private Hochschule Göttingen,https://ror.org/01we8bn75,2026-05-29,NA,els2023deal
Philipps-Universität Marburg,https://ror.org/01rdrb571,2026-05-29,NA,els2023deal
Potsdam-Institut für Klimafolgenforschung (PIK) e.V.,https://ror.org/03e8s1d88,2026-05-29,NA,els2023deal
PRIF – Leibniz-Institut für Friedens- und Konfliktforschung,https://ror.org/021k10z87,2026-05-29,NA,els2023deal
Private Universität Witten/Herdecke gGmbH,https://ror.org/00yq55g44,2026-05-29,NA,els2023deal
Rheinische Friedrich-Wilhelms-Universität Bonn,https://ror.org/041nas322,2026-05-29,NA,els2023deal
Rheinland-Pfälzische Technische Universität Kaiserslautern-Landau,https://ror.org/01qrts582,2026-05-29,NA,els2023deal
Robert Koch-Institut,https://ror.org/01k5qnb77,2026-05-29,NA,els2023deal
Ruhr-Universität Bochum,https://ror.org/04tsk2644,2026-05-29,NA,els2023deal
Ruprecht-Karls-Universität Heidelberg,https://ror.org/038t36y30,2026-05-29,NA,els2023deal
RWI – Leibniz-Institut für Wirtschaftsforschung e.V.,https://ror.org/02pse8162,2026-05-29,NA,els2023deal
RWTH Aachen University,https://ror.org/04xfq0f34,2026-05-29,NA,els2023deal
Sächsische Landesbibliothek - Staats- und Universitätsbibliothek Dresden,https://ror.org/03wf51b65,2026-05-29,NA,els2023deal
Schloss Dagstuhl – Leibniz-Zentrum für Informatik GmbH,https://ror.org/00k4h2615,2026-05-29,NA,els2023deal
Senckenberg Gesellschaft für Naturforschung (SGN),https://ror.org/00xmqmx64,2026-05-29,NA,els2023deal
SRH Fernhochschule GmbH,https://ror.org/05ygfpx91,2026-05-29,NA,els2023deal
SRH Hochschule für Gesundheit GmbH,https://ror.org/026kenw55,2026-05-29,NA,els2023deal
SRH Hochschule Hamm GmbH,https://ror.org/001rdde17,2026-05-29,NA,els2023deal
SRH Hochschulen Berlin GmbH,https://ror.org/01prjcc04,2026-05-29,NA,els2023deal
SRH Hochschulen GmbH,https://ror.org/01prjcc04,2026-05-29,NA,els2023deal
SRH Wilhelm Löhe Hochschule,https://ror.org/03bh13774,2026-05-29,NA,els2023deal
St. Elisabeth Gruppe GmbH,NA,2026-05-29,NA,els2023deal
Staatliches Museum für Naturkunde Stuttgart (SMNS),https://ror.org/05k35b119,2026-05-29,NA,els2023deal
Staats- und Universitätsbibliothek Bremen,https://ror.org/04cwb1p56,2026-05-29,NA,els2023deal
Staats- und Universitätsbibliothek Hamburg - Carl von Ossietzky,https://ror.org/00pwcvj19,2026-05-29,NA,els2023deal
Statistisches Bundesamt,https://ror.org/01kratx56,2026-05-29,NA,els2023deal
Stiftung für Qualität und Wirtschaftlichkeit im Gesundheitswesen (IQWiG),https://ror.org/02qz3vm75,2026-05-29,NA,els2023deal
Stiftung Tierärztliche Hochschule Hannover (TIHO),https://ror.org/015qjqf64,2026-05-29,NA,els2023deal
"Stiftung Wissenschaft und Politik (SWP), Deutsches Institut für Internationale Politik und Sicherheit",https://ror.org/05frkc804,2026-05-29,NA,els2023deal
Technische Hochschule Aschaffenburg,https://ror.org/04sms9203,2026-05-29,NA,els2023deal
Technische Hochschule Augsburg,https://ror.org/016604a03,2026-05-29,NA,els2023deal
Technische Hochschule Bingen,https://ror.org/01pxkj057,2026-05-29,NA,els2023deal
Technische Hochschule Georg Agricola der DMT-Gesellschaft für Lehre und Bildung mbH,https://ror.org/033jd5r25,2026-05-29,NA,els2023deal
Technische Hochschule Ingolstadt,https://ror.org/02bxzcy64,2026-05-29,NA,els2023deal
Technische Hochschule Köln,https://ror.org/014nnvj65,2026-05-29,NA,els2023deal
Technische Hochschule Mittelhessen,https://ror.org/02qdc9985,2026-05-29,NA,els2023deal
Technische Hochschule Nürnberg,https://ror.org/00nggaz43,2026-05-29,NA,els2023deal
Technische Hochschule Ostwestfalen-Lippe,https://ror.org/04eka8j06,2026-05-29,NA,els2023deal
Technische Hochschule Rosenheim,https://ror.org/03hbmgt12,2026-05-29,NA,els2023deal
Technische Hochschule Ulm,https://ror.org/05e5kd476,2026-05-29,NA,els2023deal
Technische Hochschule Wildau,https://ror.org/00k62pe27,2026-05-29,NA,els2023deal
Technische Hochschule Würzburg-Schweinfurt,https://ror.org/01k5h5v15,2026-05-29,NA,els2023deal
Technische Informationsbibliothek (TIB) - Leibniz Informationszentrum Technik und Naturwissenschaften,https://ror.org/04aj4c181,2026-05-29,NA,els2023deal
Technische Informationsbibliothek (TIB) - Universitätsbibliothek,https://ror.org/04aj4c181,2026-05-29,NA,els2023deal
Technische Universität Bergakademie Freiberg,https://ror.org/031vc2293,2026-05-29,NA,els2023deal
Technische Universität Berlin,https://ror.org/03v4gjf40,2026-05-29,NA,els2023deal
Technische Universität Braunschweig,https://ror.org/010nsgg66,2026-05-29,NA,els2023deal
Technische Universität Chemnitz,https://ror.org/00a208s56,2026-05-29,NA,els2023deal
Technische Universität Clausthal,https://ror.org/04qb8nc58,2026-05-29,NA,els2023deal
Technische Universität Darmstadt,https://ror.org/05n911h24,2026-05-29,NA,els2023deal
Technische Universität Dortmund,https://ror.org/01k97gp34,2026-05-29,NA,els2023deal
Technische Universität Dresden,https://ror.org/042aqky30,2026-05-29,NA,els2023deal
Technische Universität Hamburg,https://ror.org/04bs1pb34,2026-05-29,NA,els2023deal
Technische Universität Ilmenau,https://ror.org/01weqhp73,2026-05-29,NA,els2023deal
Technische Universität München,https://ror.org/02kkvpp62,2026-05-29,NA,els2023deal
Technische Universität Nürnberg,https://ror.org/02sv65x64,2026-05-29,NA,els2023deal
Technologie- und Förderzentrum im Kompetenzzentrum für Nachwachsende Rohstoffe,https://ror.org/00ygfxx68,2026-05-29,NA,els2023deal
THD - Technische Hochschule Deggendorf,https://ror.org/02kw5st29,2026-05-29,NA,els2023deal
The Sino-German Center for Research Promotion in Beijing,https://ror.org/03ny8r668,2026-05-29,NA,els2023deal
TRON – Translationale Onkologie an der Universitätsmedizin der Johannes Gutenberg-Universität Mainz gemeinnützige GmbH,https://ror.org/04sz26p89,2026-05-29,NA,els2023deal
"TWINCORE, Zentrum für Experimentelle und Klinische Infektionsforschung GmbH",https://ror.org/04bya8j72,2026-05-29,NA,els2023deal
Umweltbundesamt,https://ror.org/0329ynx05,2026-05-29,NA,els2023deal
Universität Augsburg,https://ror.org/03p14d497,2026-05-29,NA,els2023deal
Universität Bayreuth,https://ror.org/0234wmv40,2026-05-29,NA,els2023deal
Universität Bielefeld,https://ror.org/02hpadn98,2026-05-29,NA,els2023deal
Universität Bremen,https://ror.org/04ers2y35,2026-05-29,NA,els2023deal
Universität der Bundeswehr München,https://ror.org/05kkv3f82,2026-05-29,NA,els2023deal
Universität des Saarlandes,https://ror.org/01jdpyv68,2026-05-29,NA,els2023deal
Universität Duisburg-Essen,https://ror.org/04mz5ra38,2026-05-29,NA,els2023deal
Universität Erfurt,https://ror.org/03606hw36,2026-05-29,NA,els2023deal
Universität Greifswald,https://ror.org/00r1edq15,2026-05-29,NA,els2023deal
Universität Hamburg,https://ror.org/00g30e956,2026-05-29,NA,els2023deal
Universität Hildesheim,https://ror.org/02f9det96,2026-05-29,NA,els2023deal
Universität Hohenheim,https://ror.org/00b1c9541,2026-05-29,NA,els2023deal
Universität Kassel,https://ror.org/04zc7p361,2026-05-29,NA,els2023deal
Universität Koblenz,https://ror.org/0433e6t24,2026-05-29,NA,els2023deal
Universität Konstanz,https://ror.org/0546hnb39,2026-05-29,NA,els2023deal
Universität Leipzig,https://ror.org/03s7gtk40,2026-05-29,NA,els2023deal
Universität Mannheim,https://ror.org/031bsb921,2026-05-29,NA,els2023deal
Universität Münster,https://ror.org/00pd74e08,2026-05-29,NA,els2023deal
Universität Osnabrück,https://ror.org/04qmmjx98,2026-05-29,NA,els2023deal
Universität Paderborn,https://ror.org/058kzsd48,2026-05-29,NA,els2023deal
Universität Passau,https://ror.org/05ydjnb78,2026-05-29,NA,els2023deal
Universität Potsdam,https://ror.org/03bnmw459,2026-05-29,NA,els2023deal
Universität Regensburg,https://ror.org/01eezs655,2026-05-29,NA,els2023deal
Universität Rostock,https://ror.org/03zdwsf69,2026-05-29,NA,els2023deal
Universität Siegen,https://ror.org/02azyry73,2026-05-29,NA,els2023deal
Universität Stuttgart,https://ror.org/04vnq7t77,2026-05-29,NA,els2023deal
Universität Trier,https://ror.org/02778hg05,2026-05-29,NA,els2023deal
Universität Ulm,https://ror.org/032000t02,2026-05-29,NA,els2023deal
Universität Vechta,https://ror.org/045y6d111,2026-05-29,NA,els2023deal
Universität zu Köln,https://ror.org/00rcxh774,2026-05-29,NA,els2023deal
Universität zu Lübeck,https://ror.org/00t3r8h32,2026-05-29,NA,els2023deal
Universitätsgesellschaft Potsdam e.V.,NA,2026-05-29,NA,els2023deal
Universitätsklinikum Augsburg,https://ror.org/03b0k9c14,2026-05-29,NA,els2023deal
Universitätsklinikum Bonn,https://ror.org/01xnwqx93,2026-05-29,NA,els2023deal
Universitätsklinikum Brandenburg an der Havel GmbH,https://ror.org/04999hq03,2026-05-29,NA,els2023deal
Universitätsklinikum Carl Gustav Carus Dresden an der Technischen Universität Dresden,https://ror.org/04za5zm41,2026-05-29,NA,els2023deal
Universitätsklinikum des Saarlandes und Medizinische Fakultät der Universität des Saarlandes,https://ror.org/00nvxt968,2026-05-29,NA,els2023deal
Universitätsklinikum Düsseldorf. Anstalt öffentlichen Rechts,https://ror.org/006k2kk72,2026-05-29,NA,els2023deal
Universitätsklinikum Erlangen,https://ror.org/0030f2a11,2026-05-29,NA,els2023deal
Universitätsklinikum Essen,https://ror.org/02na8dn90,2026-05-29,NA,els2023deal
Universitätsklinikum Frankfurt,https://ror.org/03f6n9m15,2026-05-29,NA,els2023deal
Universitätsklinikum Freiburg,https://ror.org/03vzbgh69,2026-05-29,NA,els2023deal
Universitätsklinikum Halle (Saale),https://ror.org/04fe46645,2026-05-29,NA,els2023deal
Universitätsklinikum Hamburg-Eppendorf (UKE),https://ror.org/01zgy1s35,2026-05-29,NA,els2023deal
Universitätsklinikum Heidelberg,https://ror.org/013czdx64,2026-05-29,NA,els2023deal
Universitätsklinikum Immanuel Klinikum Bernau / Immanuel Albertinen Diakonie gGmbH,https://ror.org/05dx5b564,2026-05-29,NA,els2023deal
Universitätsklinikum Jena,https://ror.org/035rzkx15,2026-05-29,NA,els2023deal
Universitätsklinikum Knappschaftskrankenhaus Bochum GmbH,https://ror.org/024j3hn90,2026-05-29,NA,els2023deal
Universitätsklinikum Köln,https://ror.org/05mxhda18,2026-05-29,NA,els2023deal
Universitätsklinikum Leipzig,https://ror.org/028hv5492,2026-05-29,NA,els2023deal
Universitätsklinikum Magdeburg,https://ror.org/03m04df46,2026-05-29,NA,els2023deal
Universitätsklinikum Münster,https://ror.org/01856cw59,2026-05-29,NA,els2023deal
Universitätsklinikum Regensburg,https://ror.org/01226dv09,2026-05-29,NA,els2023deal
Universitätsklinikum Ruppin-Brandenburg / Ruppiner Kliniken GmbH,NA,2026-05-29,NA,els2023deal
Universitätsklinikum RWTH Aachen,https://ror.org/02gm5zw39,2026-05-29,NA,els2023deal
Universitätsklinikum Schleswig-Holstein - Campus Kiel,https://ror.org/01tvm6f46,2026-05-29,NA,els2023deal
Universitätsklinikum Schleswig-Holstein - Campus Lübeck,https://ror.org/01tvm6f46,2026-05-29,NA,els2023deal
Universitätsklinikum Tübingen,https://ror.org/00pjgxh97,2026-05-29,NA,els2023deal
Universitätsklinikum Ulm,https://ror.org/05emabm63,2026-05-29,NA,els2023deal
Universitätsklinikum Würzburg,https://ror.org/03pvr2g57,2026-05-29,NA,els2023deal
Universitätsmedizin der Johannes Gutenberg-Universität Mainz,https://ror.org/00q1fsf04,2026-05-29,NA,els2023deal
Universitätsmedizin Greifswald,https://ror.org/025vngs54,2026-05-29,NA,els2023deal
Universitätsmedizin Rostock,https://ror.org/04dm1cm79,2026-05-29,NA,els2023deal
University of Europe for Applied Sciences GmbH,https://ror.org/041w2kh96,2026-05-29,NA,els2023deal
UoL-University of Labour gGmbH,NA,2026-05-29,NA,els2023deal
v. Bodelschwinghsche Stiftungen Bethel,https://ror.org/01amarv06,2026-05-29,NA,els2023deal
Verein Weiterqualifizierung im Bildungsbereich (wiB) e.V.,NA,2026-05-29,NA,els2023deal
Westfälische Hochschule Gelsenkirchen Bocholt Recklinghausen,NA,2026-05-29,NA,els2023deal
Westsächsische Hochschule Zwickau,https://ror.org/04ms51788,2026-05-29,NA,els2023deal
WINGS – Wismar International Graduation Services GmbH,NA,2026-05-29,NA,els2023deal
Wissenschaftskolleg zu Berlin e.V.,https://ror.org/03xg85719,2026-05-29,NA,els2023deal
Wissenschaftszentrum Berlin für Sozialforschung gGmbH,https://ror.org/03k0z2z93,2026-05-29,NA,els2023deal
"Wuppertal Institut für Klima, Umwelt, Energie gGmbH",https://ror.org/01spy4t79,2026-05-29,NA,els2023deal
Württembergische Landesbibliothek,https://ror.org/01n6mms53,2026-05-29,NA,els2023deal
Zacharias Frankel College gGmbH,NA,2026-05-29,NA,els2023deal
ZBW - Leibniz-Informationszentrum Wirtschaft,https://ror.org/03a96gc12,2026-05-29,NA,els2023deal
Zentrum für angewandte Forschung und Technologie e.V. (ZAFT e.V.),https://ror.org/02q7vgb48,2026-05-29,NA,els2023deal
"Zentrum für Forschung, Weiterbildung und Beratung an der EHS Dresden gGmbH",NA,2026-05-29,NA,els2023deal
Zentrum für Wissenstransfer gemeinnützige GmbH der Pädagogischen Hochschule Schwäbisch Gmünd GmbH,NA,2026-05-29,NA,els2023deal
Zeppelin Universität gemeinnützige GmbH,https://ror.org/05tbp1g38,2026-05-29,NA,els2023deal
ZEW – Leibniz-Zentrum für Europäische Wirtschaftsforschung GmbH Mannheim,https://ror.org/02qnsw591,2026-05-29,NA,els2023deal
Center for Advanced Internet Studies (CAIS) gGmbH,https://ror.org/04445fp84,2026-05-29,NA,els2023deal
Hochschule für Angewandte Wissenschaften Kiel (HAW Kiel),https://ror.org/03q0ab227,2026-05-29,NA,els2023deal
"Institut für Umwelt & Energie, Technik & Analytik (IUTA) e. V.",NA,2026-05-29,NA,els2023deal
Medizinische Universität Lausitz – Carl Thiem,NA,2026-05-29,NA,els2023deal
Manipal Academy of Higher Education,https://ror.org/02xzytt36,2026-05-29,NA,els2023mahe
ABES,https://ror.org/027xymc69,2026-05-29,NA,els2024coup
Académie nationale de Médecine,https://ror.org/01b266018,2026-05-29,NA,els2024coup
AgroParistech,https://ror.org/02kbmgc12,2026-05-29,NA,els2024coup
Aix-Marseille Université,https://ror.org/035xkbk20,2026-05-29,NA,els2024coup
ANSES,https://ror.org/0471kz689,2026-05-29,NA,els2024coup
ANSM,https://ror.org/01g80gk13,2026-05-29,NA,els2024coup
AP-HP,https://ror.org/00pg5jh14,2026-05-29,NA,els2024coup
Arts et Métiers Sciences et Technologies (ENSAM),https://ror.org/018pp1107,2026-05-29,NA,els2024coup
Assistance Publique Hopitaux Marseille,https://ror.org/002cp4060,2026-05-29,NA,els2024coup
Audencia,https://ror.org/000axn811,2026-05-29,NA,els2024coup
Bordeaux Polytechnic Institute,https://ror.org/034a4bk84,2026-05-29,NA,els2024coup
Bordeaux Sciences Agro,https://ror.org/00har9915,2026-05-29,NA,els2024coup
Brest Business School,NA,2026-05-29,NA,els2024coup
BRGM,https://ror.org/05hnb7x64,2026-05-29,NA,els2024coup
BULAC,https://ror.org/0323znp25,2026-05-29,NA,els2024coup
Burgundy School of Business,https://ror.org/0207fe012,2026-05-29,NA,els2024coup
CEA,https://ror.org/00jjx8s55,2026-05-29,NA,els2024coup
CentraleSupélec,https://ror.org/019tcpt25,2026-05-29,NA,els2024coup
Centre Georges-François Leclerc,https://ror.org/00pjqzf38,2026-05-29,NA,els2024coup
Centre Henri Becquerel,https://ror.org/00whhby07,2026-05-29,NA,els2024coup
Centre Hospitalier de Cayenne,NA,2026-05-29,NA,els2024coup
Centre Hospitalier de Lourdes,NA,2026-05-29,NA,els2024coup
Centre Hospitalier InterCommunal de Castres-Mazamet,https://ror.org/02srtzw86,2026-05-29,NA,els2024coup
Centre Hospitalier Universitaire de Caen,https://ror.org/027arzy69,2026-05-29,NA,els2024coup
Centre Jean Perrin,https://ror.org/02pwnhd33,2026-05-29,NA,els2024coup
Centre Universitaire de Formation et de Recherche de Mayotte,NA,2026-05-29,NA,els2024coup
CEREMA,https://ror.org/05k0nvr25,2026-05-29,NA,els2024coup
CH Bretagne Atlantique,https://ror.org/01663mv64,2026-05-29,NA,els2024coup
CH intercommunal des vallées de l'Ariège,NA,2026-05-29,NA,els2024coup
CHR Metz-Thionville,https://ror.org/02d741577,2026-05-29,NA,els2024coup
CHU Amiens,https://ror.org/010567a58,2026-05-29,NA,els2024coup
CHU Angers,https://ror.org/0250ngj72,2026-05-29,NA,els2024coup
CHU Brest,https://ror.org/03evbwn87,2026-05-29,NA,els2024coup
CHU Clermont-Ferrand,https://ror.org/02tcf7a68,2026-05-29,NA,els2024coup
CHU de Besançon,https://ror.org/0084te143,2026-05-29,NA,els2024coup
CHU de Bordeaux,https://ror.org/01hq89f96,2026-05-29,NA,els2024coup
CHU de Nice,https://ror.org/05qsjq305,2026-05-29,NA,els2024coup
CHU Dijon,https://ror.org/0377z4z10,2026-05-29,NA,els2024coup
CHU Grenoble,https://ror.org/041rhpw39,2026-05-29,NA,els2024coup
CHU Guadeloupe,https://ror.org/04sfmcd28,2026-05-29,NA,els2024coup
CHU Lille,https://ror.org/02ppyfa04,2026-05-29,NA,els2024coup
CHU Limoges,https://ror.org/01tc2d264,2026-05-29,NA,els2024coup
CHU Martinique,https://ror.org/0376kfa34,2026-05-29,NA,els2024coup
CHU Montpellier,https://ror.org/00mthsf17,2026-05-29,NA,els2024coup
CHU Nancy,https://ror.org/016ncsr12,2026-05-29,NA,els2024coup
CHU Nantes,https://ror.org/05c1qsg97,2026-05-29,NA,els2024coup
CHU Nimes,https://ror.org/0275ye937,2026-05-29,NA,els2024coup
CHU Orléans,https://ror.org/04yvax419,2026-05-29,NA,els2024coup
CHU Poitiers,https://ror.org/029s6hd13,2026-05-29,NA,els2024coup
CHU Reims,https://ror.org/01jbb3w63,2026-05-29,NA,els2024coup
CHU Rennes,https://ror.org/05qec5a53,2026-05-29,NA,els2024coup
CHU Rouen,https://ror.org/00cxy0s05,2026-05-29,NA,els2024coup
CHU Saint-Etienne,https://ror.org/04pn6vp43,2026-05-29,NA,els2024coup
CHU Toulouse,https://ror.org/017h5q109,2026-05-29,NA,els2024coup
CHU Tours,https://ror.org/00jpq0w62,2026-05-29,NA,els2024coup
CIHEAM-IAMM Institut Agronomique Méditerranéen de Montpellier,https://ror.org/0005r2j17,2026-05-29,NA,els2024coup
CIRAD,https://ror.org/05kpkpg04,2026-05-29,NA,els2024coup
Cité Universitaire de Paris,https://ror.org/0284gmm72,2026-05-29,NA,els2024coup
Clermont Auvergne Université,https://ror.org/01a8ajp46,2026-05-29,NA,els2024coup
CNAM,https://ror.org/03am7sg53,2026-05-29,NA,els2024coup
CNRS,https://ror.org/04zzdbj59,2026-05-29,NA,els2024coup
Couperin,https://ror.org/035c9qf67,2026-05-29,NA,els2024coup
CSTB,https://ror.org/02fsd1928,2026-05-29,NA,els2024coup
CY Cergy Paris Université,https://ror.org/043htjv09,2026-05-29,NA,els2024coup
EBI,https://ror.org/04pgv9784,2026-05-29,NA,els2024coup
ECAM Rennes - Louis de Broglie,https://ror.org/03j4bgx95,2026-05-29,NA,els2024coup
ECAM Strasbourg-Europe,NA,2026-05-29,NA,els2024coup
ECAM-EPI,NA,2026-05-29,NA,els2024coup
Ecole Centrale de Lyon,https://ror.org/05s6rge65,2026-05-29,NA,els2024coup
Ecole Centrale de Nantes,https://ror.org/03nh7d505,2026-05-29,NA,els2024coup
Ecole d'architecture de Grenoble,https://ror.org/01yxtfe92,2026-05-29,NA,els2024coup
École de Management de Normandie,https://ror.org/052xwpe12,2026-05-29,NA,els2024coup
Ecole des Chartes,https://ror.org/013xvg556,2026-05-29,NA,els2024coup
Ecole des Mines d Ales,https://ror.org/03e8rf594,2026-05-29,NA,els2024coup
Ecole des Mines d'Albi,https://ror.org/00bq8vv83,2026-05-29,NA,els2024coup
Ecole des Mines de Saint Etienne,https://ror.org/05a1dws80,2026-05-29,NA,els2024coup
Ecole Militaire de Paris,https://ror.org/02vmnye06,2026-05-29,NA,els2024coup
Ecole nationale d'architecture de Lyon,https://ror.org/05mhx5h16,2026-05-29,NA,els2024coup
Ecole nationale d'architecture de Toulouse,https://ror.org/019xp4858,2026-05-29,NA,els2024coup
Ecole Nationale de Santé Publique,https://ror.org/00dfw9p58,2026-05-29,NA,els2024coup
Ecole Nationale des Ponts et Chaussées,https://ror.org/02nwvxz07,2026-05-29,NA,els2024coup
Ecole Nationale Supérieure de Chimie de Montpellier,https://ror.org/03sgyqj04,2026-05-29,NA,els2024coup
Ecole Nationale Supérieure des Arts et Industries Textiles,https://ror.org/0002cnv45,2026-05-29,NA,els2024coup
Ecole nationale vétérinaire d'Alfort,https://ror.org/04k031t90,2026-05-29,NA,els2024coup
Ecole Normale Supérieure de Lyon,https://ror.org/04zmssz18,2026-05-29,NA,els2024coup
École Normale Supérieure Paris-Saclay,https://ror.org/00hx6zz33,2026-05-29,NA,els2024coup
Ecole Polytechnique,https://ror.org/05hy3tk52,2026-05-29,NA,els2024coup
École Pratique des Hautes Études,https://ror.org/046b3cj80,2026-05-29,NA,els2024coup
École Supérieure du Commerce Extérieur,NA,2026-05-29,NA,els2024coup
EHESS,https://ror.org/02d9dg697,2026-05-29,NA,els2024coup
EM Lyon,https://ror.org/009gmrj52,2026-05-29,NA,els2024coup
ENAC,https://ror.org/022zdgq74,2026-05-29,NA,els2024coup
ENISE,https://ror.org/017cfeh02,2026-05-29,NA,els2024coup
ENSAE,https://ror.org/01fz7mn40,2026-05-29,NA,els2024coup
ENSCI,https://ror.org/00ysecr35,2026-05-29,NA,els2024coup
ENSSIB,https://ror.org/059qr5h87,2026-05-29,NA,els2024coup
ENSTA Bretagne,https://ror.org/059n54003,2026-05-29,NA,els2024coup
ENSTA Paris,https://ror.org/0309cs235,2026-05-29,NA,els2024coup
ENTPE,https://ror.org/05r0ccb59,2026-05-29,NA,els2024coup
EPF,https://ror.org/03dg0f179,2026-05-29,NA,els2024coup
ESA,https://ror.org/03wd9za21,2026-05-29,NA,els2024coup
ESB,https://ror.org/03x8h1v05,2026-05-29,NA,els2024coup
ESC Clermont Group,https://ror.org/02141gz69,2026-05-29,NA,els2024coup
ESCE Lyon,https://ror.org/04nh80821,2026-05-29,NA,els2024coup
ESIEA,https://ror.org/00g6cx256,2026-05-29,NA,els2024coup
ESIEE,https://ror.org/03r13py57,2026-05-29,NA,els2024coup
ESIGELEC,https://ror.org/01apwkd48,2026-05-29,NA,els2024coup
ESSCA,https://ror.org/04kkyet53,2026-05-29,NA,els2024coup
ESSEC,https://ror.org/02dga6j42,2026-05-29,NA,els2024coup
ESTACA,https://ror.org/02az5b805,2026-05-29,NA,els2024coup
ESTP Paris,https://ror.org/04nwg1t42,2026-05-29,NA,els2024coup
Grenoble Alpes Université,https://ror.org/02rx3b187,2026-05-29,NA,els2024coup
Grenoble School of Management,https://ror.org/01h4fxd96,2026-05-29,NA,els2024coup
HEC,https://ror.org/0423jsj19,2026-05-29,NA,els2024coup
Hopital Centre Antoine Gayraud,NA,2026-05-29,NA,els2024coup
Hopital Centre Comminges Pyrenees,NA,2026-05-29,NA,els2024coup
Hopital Centre Gérard Marchant,NA,2026-05-29,NA,els2024coup
Hopital Centre Villefranche-de-Rouergue,NA,2026-05-29,NA,els2024coup
Hôpitaux Universitaires de Strasbourg,https://ror.org/04bckew43,2026-05-29,NA,els2024coup
Hospices civils de Lyon,https://ror.org/01502ca60,2026-05-29,NA,els2024coup
ICAM,https://ror.org/01swx2932,2026-05-29,NA,els2024coup
IDRAC Business School,NA,2026-05-29,NA,els2024coup
IFP Energies nouvelles,https://ror.org/03gcbhc33,2026-05-29,NA,els2024coup
IFREMER,https://ror.org/044jxhp58,2026-05-29,NA,els2024coup
IGN,https://ror.org/05jxfge78,2026-05-29,NA,els2024coup
IMT Atlantique,https://ror.org/030hj3061,2026-05-29,NA,els2024coup
IMT Nord Europe,https://ror.org/042rh9p26,2026-05-29,NA,els2024coup
INERIS,https://ror.org/034yrjf77,2026-05-29,NA,els2024coup
INP Toulouse,https://ror.org/033p9g875,2026-05-29,NA,els2024coup
INRAE,https://ror.org/003vg9w96,2026-05-29,NA,els2024coup
INRIA,https://ror.org/02kvxyf05,2026-05-29,NA,els2024coup
INRS,https://ror.org/01dg85j68,2026-05-29,NA,els2024coup
INSA Centre Val de Loire,https://ror.org/03y0qc033,2026-05-29,NA,els2024coup
INSA Lyon,https://ror.org/050jn9y42,2026-05-29,NA,els2024coup
INSA Rennes,https://ror.org/04xaa4j22,2026-05-29,NA,els2024coup
INSA Rouen,https://ror.org/020ws7586,2026-05-29,NA,els2024coup
INSA Strasbourg,https://ror.org/001nta019,2026-05-29,NA,els2024coup
INSA Toulouse,https://ror.org/01h8pf755,2026-05-29,NA,els2024coup
INSEAD,https://ror.org/05ynf4333,2026-05-29,NA,els2024coup
INSEP,https://ror.org/03jczk481,2026-05-29,NA,els2024coup
INSERM,https://ror.org/02vjkv261,2026-05-29,NA,els2024coup
Institut Agro Dijon,https://ror.org/03zek0r74,2026-05-29,NA,els2024coup
Institut Agro Montpellier,https://ror.org/03rnk6m14,2026-05-29,NA,els2024coup
Institut Agro Rennes-Angers,https://ror.org/01s3fs709,2026-05-29,NA,els2024coup
Institut Curie,https://ror.org/04t0gwh46,2026-05-29,NA,els2024coup
Institut de Cancérologie - Lorraine,https://ror.org/00yphhr71,2026-05-29,NA,els2024coup
Institut de Cancérologie de l'Ouest ICO,https://ror.org/01m6as704,2026-05-29,NA,els2024coup
Institut de Formation en Masso-Kinésithérapie du Nord de la France - IFMKNF,NA,2026-05-29,NA,els2024coup
Institut français de la mode (IFM),NA,2026-05-29,NA,els2024coup
Institut Laue-Langevin,https://ror.org/01xtjs520,2026-05-29,NA,els2024coup
Institut Mines-Telecom,https://ror.org/025vp2923,2026-05-29,NA,els2024coup
Institut National Polytechnique de Grenoble,https://ror.org/05sbt2524,2026-05-29,NA,els2024coup
Institut Paoli-Calmettes,https://ror.org/04s3t1g37,2026-05-29,NA,els2024coup
Institut Pasteur,https://ror.org/0495fxg12,2026-05-29,NA,els2024coup
Institut Régional du Cancer de Montpellier ICM,https://ror.org/02693j602,2026-05-29,NA,els2024coup
Institut universitaire du cancer de Toulouse Oncopole,https://ror.org/014hxhm89,2026-05-29,NA,els2024coup
INU Champollion,https://ror.org/03078mv10,2026-05-29,NA,els2024coup
IRD,https://ror.org/05q3vnk25,2026-05-29,NA,els2024coup
IRSN,https://ror.org/01ha22c77,2026-05-29,NA,els2024coup
ISAE-SUPAERO,https://ror.org/04gyj6s21,2026-05-29,NA,els2024coup
ISAE-Supmeca,https://ror.org/04dtfqt68,2026-05-29,NA,els2024coup
ISC Paris Business School,NA,2026-05-29,NA,els2024coup
ISIPCA Paris,https://ror.org/055a50447,2026-05-29,NA,els2024coup
ISIT,NA,2026-05-29,NA,els2024coup
ISTOM College of International Agro-Development,https://ror.org/05tegpz81,2026-05-29,NA,els2024coup
Le Mans Université,https://ror.org/01mtcc283,2026-05-29,NA,els2024coup
LNE,https://ror.org/01ph39d13,2026-05-29,NA,els2024coup
MESR,https://ror.org/03sjk9a61,2026-05-29,NA,els2024coup
Mines ParisTech,https://ror.org/04y8cs423,2026-05-29,NA,els2024coup
Nantes Université,https://ror.org/03gnr7b55,2026-05-29,NA,els2024coup
National Museum for Natural History,https://ror.org/03wkt5x30,2026-05-29,NA,els2024coup
NEOMA,https://ror.org/01g1pe685,2026-05-29,NA,els2024coup
Observatoire de Paris,https://ror.org/029nkcm90,2026-05-29,NA,els2024coup
OCDE,https://ror.org/04mqvep70,2026-05-29,NA,els2024coup
OMNES EDUCATION,NA,2026-05-29,NA,els2024coup
ONERA,https://ror.org/005y2ap84,2026-05-29,NA,els2024coup
ONIRIS,https://ror.org/05q0ncs32,2026-05-29,NA,els2024coup
Paris School of Business,https://ror.org/01y414495,2026-05-29,NA,els2024coup
Pôle Léonard de Vinci,https://ror.org/02setav13,2026-05-29,NA,els2024coup
Rennes School of Business,https://ror.org/02f08fz18,2026-05-29,NA,els2024coup
Sciences Po Bordeaux,https://ror.org/01b5nw197,2026-05-29,NA,els2024coup
Sciences Po Paris,https://ror.org/05fe7ax82,2026-05-29,NA,els2024coup
Service Santé des Armées,https://ror.org/0103yxp25,2026-05-29,NA,els2024coup
SKEMA,https://ror.org/036h8vg94,2026-05-29,NA,els2024coup
Sorbonne Université,https://ror.org/02en5vm52,2026-05-29,NA,els2024coup
Télécom Paris,https://ror.org/01naq7912,2026-05-29,NA,els2024coup
TELECOM SudParis,https://ror.org/05xvk4r52,2026-05-29,NA,els2024coup
Toulouse Business School,https://ror.org/0349y2q65,2026-05-29,NA,els2024coup
UniLaSalle,https://ror.org/05wy89733,2026-05-29,NA,els2024coup
Université Catholique de l'Ouest,https://ror.org/00jzv1t04,2026-05-29,NA,els2024coup
Université Catholique de Lille,https://ror.org/025s1b152,2026-05-29,NA,els2024coup
Université Claude Bernard Lyon 1,https://ror.org/029brtt94,2026-05-29,NA,els2024coup
Université Côte d'Azur,https://ror.org/019tgvf94,2026-05-29,NA,els2024coup
Université d'Angers,https://ror.org/04yrqp957,2026-05-29,NA,els2024coup
Université d'Artois,https://ror.org/053x9s498,2026-05-29,NA,els2024coup
Université d'Avignon,https://ror.org/00mfpxb84,2026-05-29,NA,els2024coup
Université d'Evry Val d'Essonne,https://ror.org/00e96v939,2026-05-29,NA,els2024coup
Université d'Orléans,https://ror.org/014zrew76,2026-05-29,NA,els2024coup
Université de Bordeaux,https://ror.org/057qpr032,2026-05-29,NA,els2024coup
Université de Bourgogne,https://ror.org/03k1bsr36,2026-05-29,NA,els2024coup
Université de Bretagne Occidentale,https://ror.org/01b8h3982,2026-05-29,NA,els2024coup
Université de Bretagne Sud,https://ror.org/04ed7fw48,2026-05-29,NA,els2024coup
Université de Caen Normandie,https://ror.org/051kpcy16,2026-05-29,NA,els2024coup
Université de Corse Pasquale de Paoli,https://ror.org/050ra0n32,2026-05-29,NA,els2024coup
Université de Franche-Comté,https://ror.org/03pcc9z86,2026-05-29,NA,els2024coup
Université de Guyane,https://ror.org/00nb39k71,2026-05-29,NA,els2024coup
Université de Haute-Alsace - UHA,https://ror.org/04k8k6n84,2026-05-29,NA,els2024coup
Université de la Nouvelle-Calédonie,https://ror.org/02jrgcx64,2026-05-29,NA,els2024coup
Université de la Réunion,https://ror.org/005ypkf75,2026-05-29,NA,els2024coup
Université de Lille,https://ror.org/02kzqn938,2026-05-29,NA,els2024coup
Université de Limoges,https://ror.org/02cp04407,2026-05-29,NA,els2024coup
Université de Lorraine,https://ror.org/04vfs2w97,2026-05-29,NA,els2024coup
Université de Montpellier,https://ror.org/051escj72,2026-05-29,NA,els2024coup
Université de Nîmes,https://ror.org/044t4x544,2026-05-29,NA,els2024coup
Université de Pau et des Pays de l'Adour,https://ror.org/01frn9647,2026-05-29,NA,els2024coup
Université de Perpignan,https://ror.org/03am2jy38,2026-05-29,NA,els2024coup
Université de Picardie Jules Vernes,https://ror.org/01gyxrk03,2026-05-29,NA,els2024coup
Université de Poitiers,https://ror.org/04xhy8q59,2026-05-29,NA,els2024coup
Université de Polynésie Française,https://ror.org/03ay59x86,2026-05-29,NA,els2024coup
Université de Rennes,https://ror.org/015m7wh34,2026-05-29,NA,els2024coup
Université de Rennes 2,https://ror.org/01m84wm78,2026-05-29,NA,els2024coup
Université de Rouen Normandie,https://ror.org/03nhjew95,2026-05-29,NA,els2024coup
Université de Strasbourg,https://ror.org/00pg6eq24,2026-05-29,NA,els2024coup
Université de Technologie Belfort-Montbéliard UTMB,https://ror.org/05bn3m307,2026-05-29,NA,els2024coup
Université de Technologie de Compiègne,https://ror.org/04y5kwa70,2026-05-29,NA,els2024coup
Université de Technologie de Troyes,https://ror.org/01qhqcj41,2026-05-29,NA,els2024coup
Université de Toulon,https://ror.org/02m9kbe37,2026-05-29,NA,els2024coup
Université de Tours,https://ror.org/02wwzvj46,2026-05-29,NA,els2024coup
Université de Versailles Saint Quentin,https://ror.org/03mkjjy25,2026-05-29,NA,els2024coup
Université des Antilles,https://ror.org/02ryfmr77,2026-05-29,NA,els2024coup
Université du Littoral et de la Côte d'Opale,https://ror.org/02gdcg342,2026-05-29,NA,els2024coup
Université Gustave Eiffel,https://ror.org/03x42jk29,2026-05-29,NA,els2024coup
Université Jean-Monnet,https://ror.org/04yznqr36,2026-05-29,NA,els2024coup
Université La Rochelle,https://ror.org/04mv1z119,2026-05-29,NA,els2024coup
Université le Havre Normandie - ULHN,https://ror.org/05v509s40,2026-05-29,NA,els2024coup
Université Lyon 2,https://ror.org/03rth4p18,2026-05-29,NA,els2024coup
Université Lyon 3,https://ror.org/05b5c0584,2026-05-29,NA,els2024coup
Université Paris 1 Panthéon-Sorbonne,https://ror.org/002t25c44,2026-05-29,NA,els2024coup
Université Paris 8,https://ror.org/04wez5e68,2026-05-29,NA,els2024coup
Université Paris Cité,https://ror.org/05f82e368,2026-05-29,NA,els2024coup
Université Paris Dauphine,https://ror.org/052bz7812,2026-05-29,NA,els2024coup
Université Paris Nanterre,https://ror.org/013bkhk48,2026-05-29,NA,els2024coup
Université Paris Panthéon-Assas,https://ror.org/04qb2qm38,2026-05-29,NA,els2024coup
Université Paris-Est Créteil,https://ror.org/05ggc9x40,2026-05-29,NA,els2024coup
Université Paris-Saclay,https://ror.org/03xjwb503,2026-05-29,NA,els2024coup
Université Paul Valéry Montpellier 3,https://ror.org/00qhdy563,2026-05-29,NA,els2024coup
Université Polytechnique des Hauts de France,https://ror.org/02ezch769,2026-05-29,NA,els2024coup
Université PSL,https://ror.org/013cjyk83,2026-05-29,NA,els2024coup
Université Reims Champagne Ardennes,https://ror.org/03hypw319,2026-05-29,NA,els2024coup
Université Savoie Mont Blanc,https://ror.org/04gqg1a07,2026-05-29,NA,els2024coup
Université Sorbonne Nouvelle,https://ror.org/03z6jp965,2026-05-29,NA,els2024coup
Université Sorbonne Paris Nord,https://ror.org/0199hds37,2026-05-29,NA,els2024coup
Université Toulouse 1 Capitole,https://ror.org/0443n9e75,2026-05-29,NA,els2024coup
Université Toulouse 2,https://ror.org/04ezk3x31,2026-05-29,NA,els2024coup
Université Toulouse III - Paul Sabatier,https://ror.org/02v6kpv12,2026-05-29,NA,els2024coup
VetAgro Sup,https://ror.org/01c7wz417,2026-05-29,NA,els2024coup
Abertay University,https://ror.org/04mwwnx67,2026-04-01,NA,els2026jisc
Aberystwyth University,https://ror.org/015m2p889,2026-04-01,NA,els2026jisc
Anglia Ruskin University,https://ror.org/0009t4v78,2026-04-01,NA,els2026jisc
Anglia Ruskin University - Writtle Campus,https://ror.org/0009t4v78,2026-04-01,NA,els2026jisc
Arden University Ltd,https://ror.org/059hhvg49,2026-04-01,NA,els2026jisc
Aston University,https://ror.org/05j0ve876,2026-04-01,NA,els2026jisc
Babraham Institute,https://ror.org/01d5qpn59,2026-04-01,NA,els2026jisc
Bangor University,https://ror.org/006jb1a24,2026-04-01,NA,els2026jisc
Bath Spa University,https://ror.org/0038jbq24,2026-04-01,NA,els2026jisc
Birkbeck University of London,https://ror.org/02mb95055,2026-04-01,NA,els2026jisc
Birmingham City University,https://ror.org/00t67pt25,2026-04-01,NA,els2026jisc
Birmingham Newman University,https://ror.org/009tnsj43,2026-04-01,NA,els2026jisc
Bournemouth University,https://ror.org/05wwcw481,2026-04-01,NA,els2026jisc
Brunel University London,https://ror.org/00dn4t376,2026-04-01,NA,els2026jisc
Canterbury Christ Church University,https://ror.org/0489ggv38,2026-04-01,NA,els2026jisc
Cardiff Metropolitan University,https://ror.org/00bqvf857,2026-04-01,NA,els2026jisc
Cardiff University,https://ror.org/03kk7td41,2026-04-01,NA,els2026jisc
Centre for Alternative Technology Charity Ltd,https://ror.org/023fje098,2026-04-01,NA,els2026jisc
City St George's University of London,https://ror.org/047ybhc09,2026-04-01,NA,els2026jisc
Coventry University,https://ror.org/01tgmhj36,2026-04-01,NA,els2026jisc
Cranfield University,https://ror.org/05cncd958,2026-04-01,NA,els2026jisc
Durham University,https://ror.org/01v29qb04,2026-04-01,NA,els2026jisc
Edge Hill University,https://ror.org/028ndzd53,2026-04-01,NA,els2026jisc
Edinburgh Napier University,https://ror.org/03zjvnn91,2026-04-01,NA,els2026jisc
Falmouth University,https://ror.org/022gstf70,2026-04-01,NA,els2026jisc
Glasgow Caledonian University,https://ror.org/03dvm1235,2026-04-01,NA,els2026jisc
Harper Adams University,https://ror.org/00z20c921,2026-04-01,NA,els2026jisc
Heriot-Watt University,https://ror.org/04mghma93,2026-04-01,NA,els2026jisc
Imperial College London,https://ror.org/041kmwe10,2026-04-01,NA,els2026jisc
Institute of Cancer Research,https://ror.org/043jzw605,2026-04-01,NA,els2026jisc
Keele University,https://ror.org/00340yn33,2026-04-01,NA,els2026jisc
King's College London,https://ror.org/0220mzb33,2026-04-01,NA,els2026jisc
Kingston University,https://ror.org/0517ce304,2026-04-01,NA,els2026jisc
Leeds Trinity University,https://ror.org/02x80b031,2026-04-01,NA,els2026jisc
Liverpool Hope University,https://ror.org/03ctjbj91,2026-04-01,NA,els2026jisc
Liverpool John Moores University,https://ror.org/04zfme737,2026-04-01,NA,els2026jisc
London Business School,https://ror.org/001c2sn75,2026-04-01,NA,els2026jisc
London Metropolitan University,https://ror.org/00ae33288,2026-04-01,NA,els2026jisc
London School of Hygiene & Tropical Medicine,https://ror.org/00a0jsq62,2026-04-01,NA,els2026jisc
Loughborough University,https://ror.org/04vg4w365,2026-04-01,NA,els2026jisc
Manchester Metropolitan University,https://ror.org/02hstj355,2026-04-01,NA,els2026jisc
Medical Research Council Laboratory of Molecular Biology,https://ror.org/00tw3jy02,2026-04-01,NA,els2026jisc
Middlesex University,https://ror.org/01rv4p989,2026-04-01,NA,els2026jisc
National Marine Biological Library,NA,2026-04-01,NA,els2026jisc
National Oceanography Centre,https://ror.org/00874hx02,2026-04-01,NA,els2026jisc
Natural History Museum,https://ror.org/039zvsn29,2026-04-01,NA,els2026jisc
Newcastle College,https://ror.org/04jmcwc90,2026-04-01,NA,els2026jisc
Newcastle University,https://ror.org/01kj2bm70,2026-04-01,NA,els2026jisc
Northumbria University,https://ror.org/049e6bc10,2026-04-01,NA,els2026jisc
Norwich BioScience Institutes,https://ror.org/006t72359,2026-04-01,NA,els2026jisc
Nottingham Trent University,https://ror.org/04xyxjd90,2026-04-01,NA,els2026jisc
Oxford Brookes University,https://ror.org/04v2twj65,2026-04-01,NA,els2026jisc
Pirbright Institute,https://ror.org/04xv01a59,2026-04-01,NA,els2026jisc
Queen Mary University of London,https://ror.org/026zzn846,2026-04-01,NA,els2026jisc
Queen's University Belfast,https://ror.org/00hswnk62,2026-04-01,NA,els2026jisc
Regent's University London,https://ror.org/04tvt8c73,2026-04-01,NA,els2026jisc
Robert Gordon University,https://ror.org/04f0qj703,2026-04-01,NA,els2026jisc
Rothamsted Research North Wyke,https://ror.org/0347fy350,2026-04-01,NA,els2026jisc
Royal Agricultural University,https://ror.org/033byn085,2026-04-01,NA,els2026jisc
Royal College of Art,https://ror.org/01egahc47,2026-04-01,NA,els2026jisc
Royal Holloway University of London,https://ror.org/04g2vpn86,2026-04-01,NA,els2026jisc
Royal Veterinary College,https://ror.org/01wka8n18,2026-04-01,NA,els2026jisc
Science and Technology Facilities Council,https://ror.org/057g20z61,2026-04-01,NA,els2026jisc
Scottish Rural College - Ayr Campus,https://ror.org/044e2ja82,2026-04-01,NA,els2026jisc
SOAS University of London,https://ror.org/04vrxay34,2026-04-01,NA,els2026jisc
Solent University,https://ror.org/05xydav19,2026-04-01,NA,els2026jisc
St Mary's University,https://ror.org/00n208030,2026-04-01,NA,els2026jisc
Teesside University,https://ror.org/03z28gk75,2026-04-01,NA,els2026jisc
The Alan Turing Institute,https://ror.org/035dkdb55,2026-04-01,NA,els2026jisc
The Francis Crick Institute,https://ror.org/04tnbqb63,2026-04-01,NA,els2026jisc
The James Hutton Institute - Aberdeen Campus,https://ror.org/03rzp5127,2026-04-01,NA,els2026jisc
The London School of Economics and Political Science,https://ror.org/0090zs177,2026-04-01,NA,els2026jisc
The Open University,https://ror.org/05mzfcs16,2026-04-01,NA,els2026jisc
The University of Edinburgh,https://ror.org/01nrxwf90,2026-04-01,NA,els2026jisc
The University of Manchester,https://ror.org/027m9bs27,2026-04-01,NA,els2026jisc
UK Centre for Ecology & Hydrology,https://ror.org/00pggkr55,2026-04-01,NA,els2026jisc
UK Health Security Agency,https://ror.org/018h10037,2026-04-01,NA,els2026jisc
UK Research and Innovation Natural Environment Research Council,https://ror.org/02b5d8509,2026-04-01,NA,els2026jisc
UKAEA,https://ror.org/0361bwx64,2026-04-01,NA,els2026jisc
Ulster University,https://ror.org/01yp9g959,2026-04-01,NA,els2026jisc
University College Birmingham,https://ror.org/042ver755,2026-04-01,NA,els2026jisc
University College London,https://ror.org/02jx3x895,2026-04-01,NA,els2026jisc
University of Aberdeen,https://ror.org/016476m91,2026-04-01,NA,els2026jisc
University of Bath,https://ror.org/002h8g185,2026-04-01,NA,els2026jisc
University of Bedfordshire,https://ror.org/0400avk24,2026-04-01,NA,els2026jisc
University of Birmingham,https://ror.org/03angcq70,2026-04-01,NA,els2026jisc
University of Bolton,https://ror.org/01t884y44,2026-04-01,NA,els2026jisc
University of Bradford,https://ror.org/00vs8d940,2026-04-01,NA,els2026jisc
University of Brighton,https://ror.org/04kp2b655,2026-04-01,NA,els2026jisc
University of Bristol School of Sociology Politics and International Studies,https://ror.org/0524sp257,2026-04-01,NA,els2026jisc
University of Cambridge,https://ror.org/013meh722,2026-04-01,NA,els2026jisc
University of Central Lancashire,https://ror.org/010jbqd54,2026-04-01,NA,els2026jisc
University of Chester,https://ror.org/01drpwb22,2026-04-01,NA,els2026jisc
University of Chichester,https://ror.org/029tw2407,2026-04-01,NA,els2026jisc
University of Cumbria,https://ror.org/05gd22996,2026-04-01,NA,els2026jisc
University of Derby,https://ror.org/02yhrrk59,2026-04-01,NA,els2026jisc
University of Dundee,https://ror.org/03h2bxq36,2026-04-01,NA,els2026jisc
University of East Anglia,https://ror.org/026k5mg93,2026-04-01,NA,els2026jisc
University of East London,https://ror.org/057jrqr44,2026-04-01,NA,els2026jisc
University of Exeter,https://ror.org/03yghzc09,2026-04-01,NA,els2026jisc
University of Glasgow,https://ror.org/00vtgdb53,2026-04-01,NA,els2026jisc
University of Gloucestershire,https://ror.org/00wygct11,2026-04-01,NA,els2026jisc
University of Greenwich,https://ror.org/00bmj0a71,2026-04-01,NA,els2026jisc
University of Hertfordshire,https://ror.org/0267vjk41,2026-04-01,NA,els2026jisc
University of Huddersfield,https://ror.org/05t1h8f27,2026-04-01,NA,els2026jisc
University of Hull,https://ror.org/04nkhwh30,2026-04-01,NA,els2026jisc
University of Leeds,https://ror.org/024mrxd33,2026-04-01,NA,els2026jisc
University of Leicester,https://ror.org/04h699437,2026-04-01,NA,els2026jisc
University of Lincoln,https://ror.org/03yeq9x20,2026-04-01,NA,els2026jisc
University of Liverpool,https://ror.org/04xs57h96,2026-04-01,NA,els2026jisc
University of Northampton,https://ror.org/04jp2hx10,2026-04-01,NA,els2026jisc
University of Nottingham,https://ror.org/01ee9ar58,2026-04-01,NA,els2026jisc
University of Oxford,https://ror.org/052gg0110,2026-04-01,NA,els2026jisc
University of Plymouth,https://ror.org/008n7pv89,2026-04-01,NA,els2026jisc
University of Portsmouth,https://ror.org/03ykbk197,2026-04-01,NA,els2026jisc
University of Reading,https://ror.org/05v62cm79,2026-04-01,NA,els2026jisc
University of Roehampton,https://ror.org/043071f54,2026-04-01,NA,els2026jisc
University of Salford,https://ror.org/01tmqtf75,2026-04-01,NA,els2026jisc
University of South Wales,https://ror.org/02mzn7s88,2026-04-01,NA,els2026jisc
University of Southampton,https://ror.org/01ryk1543,2026-04-01,NA,els2026jisc
University of St Andrews,https://ror.org/02wn5qz54,2026-04-01,NA,els2026jisc
University of Staffordshire,https://ror.org/00d6k8y35,2026-04-01,NA,els2026jisc
University of Stirling,https://ror.org/045wgfr59,2026-04-01,NA,els2026jisc
University of Strathclyde,https://ror.org/00n3w3b69,2026-04-01,NA,els2026jisc
University of Suffolk,https://ror.org/01cy0sz82,2026-04-01,NA,els2026jisc
University of Sunderland,https://ror.org/04p55hr04,2026-04-01,NA,els2026jisc
University of the Arts London,https://ror.org/04cnfrn26,2026-04-01,NA,els2026jisc
University of the Highlands and Islands,https://ror.org/02s08xt61,2026-04-01,NA,els2026jisc
University of the West of England,https://ror.org/02nwg5t34,2026-04-01,NA,els2026jisc
University of the West of Scotland,https://ror.org/04w3d2v20,2026-04-01,NA,els2026jisc
University of Wales Trinity Saint David,https://ror.org/05gkzcc88,2026-04-01,NA,els2026jisc
University of Warwick,https://ror.org/01a77tt86,2026-04-01,NA,els2026jisc
University of West London,https://ror.org/03e5mzp60,2026-04-01,NA,els2026jisc
University of Westminster,https://ror.org/04ycpbx82,2026-04-01,NA,els2026jisc
University of Winchester,https://ror.org/03fmjzx88,2026-04-01,NA,els2026jisc
University of Wolverhampton,https://ror.org/01k2y1055,2026-04-01,NA,els2026jisc
University of Worcester,https://ror.org/00v6s9648,2026-04-01,NA,els2026jisc
Wellcome Sanger Institute,https://ror.org/05cy4wa09,2026-04-01,NA,els2026jisc
Wrexham Glyndŵr University,https://ror.org/048kc0s52,2026-04-01,NA,els2026jisc
York St John University,https://ror.org/00z5fkj61,2026-04-01,NA,els2026jisc
Chalmers University of Technology,https://ror.org/040wg7k59,2026-01-07,NA,rsc2022bibsam
Gothenburg University,https://ror.org/01tm6cn81,2026-01-07,NA,rsc2022bibsam
Karlstad University,https://ror.org/05s754026,2026-01-07,NA,rsc2022bibsam
Karolinska Institute,https://ror.org/056d84691,2026-01-07,NA,rsc2022bibsam
Linköping University,https://ror.org/05ynxx418,2026-01-07,NA,rsc2022bibsam
Luleå University of Technology,https://ror.org/016st3p78,2026-01-07,NA,rsc2022bibsam
Lund University,https://ror.org/012a77v79,2026-01-07,NA,rsc2022bibsam
Malmö University,https://ror.org/05wp7an13,2026-01-07,NA,rsc2022bibsam
RISE Research Institutes of Sweden,https://ror.org/03nnxqz81,2026-01-07,NA,rsc2022bibsam
Royal Institute of Technology (KTH),https://ror.org/026vcq606,2026-01-07,NA,rsc2022bibsam
Stockholm University,https://ror.org/05f0yaq80,2026-01-07,NA,rsc2022bibsam
Swedish Patent and Registration Office,https://ror.org/019gpcj13,2026-01-07,NA,rsc2022bibsam
Swedish University of Agricultural Sciences,https://ror.org/02yy8x990,2026-01-07,NA,rsc2022bibsam
Umeå University,https://ror.org/05kb8h459,2026-01-07,NA,rsc2022bibsam
Uppsala University,https://ror.org/048a87296,2026-01-07,NA,rsc2022bibsam
Chalmers University of Technology,https://ror.org/040wg7k59,2026-01-07,NA,rsc2022bibsam
Gothenburg University,https://ror.org/01tm6cn81,2026-01-07,NA,rsc2022bibsam
Karlstad University,https://ror.org/05s754026,2026-01-07,NA,rsc2022bibsam
Kungl. Tekniska Högskolan,https://ror.org/026vcq606,2026-01-07,NA,rsc2022bibsam
Linköping University,https://ror.org/05ynxx418,2026-01-07,NA,rsc2022bibsam
Luleå University of Technology,https://ror.org/016st3p78,2026-01-07,NA,rsc2022bibsam
RISE Research Institutes of Sweden,https://ror.org/03nnxqz81,2026-01-07,NA,rsc2022bibsam
Sveriges Lantbruksuniversitet,https://ror.org/02yy8x990,2026-01-07,NA,rsc2022bibsam
Umeå Universitet,https://ror.org/05kb8h459,2026-01-07,NA,rsc2022bibsam
Uppsala University,https://ror.org/048a87296,2026-01-07,NA,rsc2022bibsam
