journal_name,issn_print,issn_online,first_seen,last_seen,esac_id
Blue-Green Systems,NA,2617-4782,2026-01-09,NA,iwa2024eifl
H2Open Journal,NA,2616-6518,2026-01-09,NA,iwa2024eifl
Hydrology Research,NA,2224-7955,2026-01-09,NA,iwa2024eifl
Ingeneria del Agua,NA,1886-4996,2026-01-09,NA,iwa2024eifl
Journal of Hydroinformatics,NA,1465-1734,2026-01-09,NA,iwa2024eifl
Journal of Water and Climate Change,NA,2408-9354,2026-01-09,NA,iwa2024eifl
Journal of Water and Health,NA,1996-7829,2026-01-09,NA,iwa2024eifl
Water Reuse,NA,2709-6106,2026-01-09,NA,iwa2024eifl
"AQUA - Water Infrastructure, Ecosystems and Society",NA,2709-8036,2026-01-09,NA,iwa2024eifl
"Journal of Water, Sanitation and Hygiene for Development",NA,2408-9362,2026-01-09,NA,iwa2024eifl
Water Policy,NA,1996-9759,2026-01-09,NA,iwa2024eifl
Water Practice & Technology,NA,1751-231X,2026-01-09,NA,iwa2024eifl
Water Quality Research Journal,NA,2709-8052,2026-01-09,NA,iwa2024eifl
Water Science & Technology,NA,1996-9732,2026-01-09,NA,iwa2024eifl
Water Supply,NA,1607-0798,2026-01-09,NA,iwa2024eifl
AACE Endocrinology and Diabetes,NA,3050-9157,2026-05-21,NA,eme2025ukb
aBIOTECH,NA,2662-1738,2026-05-21,NA,eme2025ukb
Academic Pathology,NA,2374-2895,2026-05-21,NA,eme2025ukb
Academic Pediatrics,NA,1876-2859,2026-05-21,NA,eme2025ukb
Academic Radiology,NA,1076-6332,2026-05-21,NA,eme2025ukb
Accident Analysis & Prevention,NA,0001-4575,2026-05-21,NA,eme2025ukb
Accounting Open,NA,3050-5461,2026-05-21,NA,eme2025ukb
"Accounting, Organizations and Society",NA,0361-3682,2026-05-21,NA,eme2025ukb
Acta Astronautica,NA,0094-5765,2026-05-21,NA,eme2025ukb
Acta Biomaterialia,NA,1742-7061,2026-05-21,NA,eme2025ukb
Acta Colombiana de Cuidado Intensivo,NA,0122-7262,2026-05-21,NA,eme2025ukb
Acta Histochemica,NA,0065-1281,2026-05-21,NA,eme2025ukb
Acta Materialia,NA,1359-6454,2026-05-21,NA,eme2025ukb
Acta Oecologica,NA,1146-609X,2026-05-21,NA,eme2025ukb
Acta Otorrinolaringológica (English Edition),NA,2173-5735,2026-05-21,NA,eme2025ukb
Acta Otorrinolaringológica Española,NA,0001-6519,2026-05-21,NA,eme2025ukb
Acta Pharmaceutica Sinica B,NA,2211-3835,2026-05-21,NA,eme2025ukb
Acta Physico-Chimica Sinica,NA,1000-6818,2026-05-21,NA,eme2025ukb
Acta Psychologica,NA,0001-6918,2026-05-21,NA,eme2025ukb
Acta Tropica,NA,0001-706X,2026-05-21,NA,eme2025ukb
Actas Urológicas Españolas,NA,0210-4806,2026-05-21,NA,eme2025ukb
Actas Urológicas Españolas (English Edition),NA,2173-5786,2026-05-21,NA,eme2025ukb
Ad Hoc Networks,NA,1570-8705,2026-05-21,NA,eme2025ukb
Addiction Neuroscience,NA,2772-3925,2026-05-21,NA,eme2025ukb
Addictive Behaviors,NA,0306-4603,2026-05-21,NA,eme2025ukb
Addictive Behaviors Reports,NA,2352-8532,2026-05-21,NA,eme2025ukb
Additive Manufacturing,NA,2214-8604,2026-05-21,NA,eme2025ukb
Additive Manufacturing Letters,NA,2772-3690,2026-05-21,NA,eme2025ukb
Advanced Drug Delivery Reviews,NA,0169-409X,2026-05-21,NA,eme2025ukb
Advanced Engineering Informatics,NA,1474-0346,2026-05-21,NA,eme2025ukb
Advanced Powder Technology,NA,0921-8831,2026-05-21,NA,eme2025ukb
Advanced Sensor and Energy Materials,NA,2773-045X,2026-05-21,NA,eme2025ukb
Advances in Accounting,NA,0882-6110,2026-05-21,NA,eme2025ukb
Advances in Applied Energy,NA,2666-7924,2026-05-21,NA,eme2025ukb
Advances in Applied Mathematics,NA,0196-8858,2026-05-21,NA,eme2025ukb
Advances in Bamboo Science,NA,2773-1391,2026-05-21,NA,eme2025ukb
Advances in Biological Regulation,NA,2212-4926,2026-05-21,NA,eme2025ukb
Advances in Business and Management Research,NA,3051-0511,2026-05-21,NA,eme2025ukb
Advances in Cancer Biology - Metastasis,NA,2667-3940,2026-05-21,NA,eme2025ukb
Advances in Colloid and Interface Science,NA,0001-8686,2026-05-21,NA,eme2025ukb
Advances in Engineering Software,NA,0965-9978,2026-05-21,NA,eme2025ukb
Advances in Industrial and Manufacturing Engineering,NA,2666-9129,2026-05-21,NA,eme2025ukb
Advances in Integrative Medicine,NA,2212-9588,2026-05-21,NA,eme2025ukb
Advances in Kidney Disease and Health,NA,2949-8139,2026-05-21,NA,eme2025ukb
Advances in Life Course Research,NA,1569-4909,2026-05-21,NA,eme2025ukb
Advances in Mathematics,NA,0001-8708,2026-05-21,NA,eme2025ukb
Advances in Medical Sciences,NA,1896-1126,2026-05-21,NA,eme2025ukb
Advances in Nutrition,NA,2161-8313,2026-05-21,NA,eme2025ukb
Advances in Ophthalmology Practice and Research,NA,2667-3762,2026-05-21,NA,eme2025ukb
Advances in Oral and Maxillofacial Surgery,NA,2667-1476,2026-05-21,NA,eme2025ukb
Advances in Patient-Reported Outcomes,NA,3050-6964,2026-05-21,NA,eme2025ukb
Advances in Radiation Oncology,NA,2452-1094,2026-05-21,NA,eme2025ukb
Advances in Redox Research,NA,2667-1379,2026-05-21,NA,eme2025ukb
Advances in Sample Preparation,NA,2772-5820,2026-05-21,NA,eme2025ukb
Advances in Space Research,NA,0273-1177,2026-05-21,NA,eme2025ukb
Advances in Water Resources,NA,0309-1708,2026-05-21,NA,eme2025ukb
Advancing Medical-Surgical Nursing,NA,3050-8592,2026-05-21,NA,eme2025ukb
Aeolian Research,NA,1875-9637,2026-05-21,NA,eme2025ukb
Aerospace Science and Technology,NA,1270-9638,2026-05-21,NA,eme2025ukb
AEÜ - International Journal of Electronics and Communications,NA,1434-8411,2026-05-21,NA,eme2025ukb
African Journal of Emergency Medicine,NA,2211-419X,2026-05-21,NA,eme2025ukb
African Transport Studies,NA,2950-1962,2026-05-21,NA,eme2025ukb
Ageing Research Reviews,NA,1568-1637,2026-05-21,NA,eme2025ukb
Aggression and Violent Behavior,NA,1359-1789,2026-05-21,NA,eme2025ukb
Aging and Health Research,NA,2667-0321,2026-05-21,NA,eme2025ukb
Aging Brain,NA,2589-9589,2026-05-21,NA,eme2025ukb
Agricultural and Forest Meteorology,NA,0168-1923,2026-05-21,NA,eme2025ukb
Agricultural Systems,NA,0308-521X,2026-05-21,NA,eme2025ukb
Agricultural Water Management,NA,0378-3774,2026-05-21,NA,eme2025ukb
"Agriculture, Ecosystems & Environment",NA,0167-8809,2026-05-21,NA,eme2025ukb
AI Thermal Fluids,NA,3050-5852,2026-05-21,NA,eme2025ukb
Ain Shams Engineering Journal,NA,2090-4479,2026-05-21,NA,eme2025ukb
Air Medical Journal,NA,1067-991X,2026-05-21,NA,eme2025ukb
AJO International,NA,2950-2535,2026-05-21,NA,eme2025ukb
AJO-DO Clinical Companion,NA,2666-4305,2026-05-21,NA,eme2025ukb
AJOG Global Reports,NA,2666-5778,2026-05-21,NA,eme2025ukb
AJPM Focus,NA,2773-0654,2026-05-21,NA,eme2025ukb
Alcohol,NA,0741-8329,2026-05-21,NA,eme2025ukb
Alexandria Engineering Journal,NA,1110-0168,2026-05-21,NA,eme2025ukb
Algal Research,NA,2211-9264,2026-05-21,NA,eme2025ukb
American Heart Journal,NA,0002-8703,2026-05-21,NA,eme2025ukb
American Heart Journal Plus: Cardiology Research and Practice,NA,2666-6022,2026-05-21,NA,eme2025ukb
American Journal of Emergency Medicine,NA,0735-6757,2026-05-21,NA,eme2025ukb
American Journal of Infection Control,NA,0196-6553,2026-05-21,NA,eme2025ukb
American Journal of Kidney Diseases,NA,0272-6386,2026-05-21,NA,eme2025ukb
American Journal of Medicine Open,NA,2667-0364,2026-05-21,NA,eme2025ukb
American Journal of Obstetrics & Gynecology,NA,0002-9378,2026-05-21,NA,eme2025ukb
American Journal of Obstetrics & Gynecology MFM,NA,2589-9333,2026-05-21,NA,eme2025ukb
American Journal of Ophthalmology,NA,0002-9394,2026-05-21,NA,eme2025ukb
American Journal of Ophthalmology Case Reports,NA,2451-9936,2026-05-21,NA,eme2025ukb
American Journal of Orthodontics and Dentofacial Orthopedics,NA,0889-5406,2026-05-21,NA,eme2025ukb
American Journal of Otolaryngology,NA,0196-0709,2026-05-21,NA,eme2025ukb
American Journal of Pharmaceutical Education,NA,0002-9459,2026-05-21,NA,eme2025ukb
American Journal of Preventive Cardiology,NA,2666-6677,2026-05-21,NA,eme2025ukb
American Journal of Preventive Medicine,NA,0749-3797,2026-05-21,NA,eme2025ukb
American Journal of Transplantation,NA,1600-6135,2026-05-21,NA,eme2025ukb
Ampersand,NA,2215-0390,2026-05-21,NA,eme2025ukb
Anaerobe,NA,1075-9964,2026-05-21,NA,eme2025ukb
Anaesthesia Critical Care & Pain Medicine,NA,2352-5568,2026-05-21,NA,eme2025ukb
Analytic Methods in Accident Research,NA,2213-6657,2026-05-21,NA,eme2025ukb
Analytica Chimica Acta,NA,0003-2670,2026-05-21,NA,eme2025ukb
Analytical Biochemistry,NA,0003-2697,2026-05-21,NA,eme2025ukb
Anesthésie & Réanimation,NA,2352-5800,2026-05-21,NA,eme2025ukb
animal,NA,1751-7311,2026-05-21,NA,eme2025ukb
animal - open space,NA,2772-6940,2026-05-21,NA,eme2025ukb
Animal Behaviour,NA,0003-3472,2026-05-21,NA,eme2025ukb
Animal Feed Science and Technology,NA,0377-8401,2026-05-21,NA,eme2025ukb
Animal Reproduction Science,NA,0378-4320,2026-05-21,NA,eme2025ukb
Annales de Chirurgie Plastique Esthétique,NA,0294-1260,2026-05-21,NA,eme2025ukb
Annales de Dermatologie et de Vénéréologie,NA,0151-9638,2026-05-21,NA,eme2025ukb
Annales de Paléontologie,NA,0753-3969,2026-05-21,NA,eme2025ukb
Annales de Pathologie,NA,0242-6498,2026-05-21,NA,eme2025ukb
Annales d'Endocrinologie,NA,0003-4266,2026-05-21,NA,eme2025ukb
Annales Françaises d'Oto-Rhino-Laryngologie et de Pathologie Cervico-Faciale,NA,1879-7261,2026-05-21,NA,eme2025ukb
Annales Médico-Psychologiques,NA,0003-4487,2026-05-21,NA,eme2025ukb
Annals of 3D Printed Medicine,NA,2666-9641,2026-05-21,NA,eme2025ukb
Annals of Agricultural Sciences,NA,0570-1783,2026-05-21,NA,eme2025ukb
"Annals of Allergy, Asthma & Immunology",NA,1081-1206,2026-05-21,NA,eme2025ukb
Annals of Anatomy,NA,0940-9602,2026-05-21,NA,eme2025ukb
Annals of Diagnostic Pathology,NA,1092-9134,2026-05-21,NA,eme2025ukb
Annals of Emergency Medicine,NA,0196-0644,2026-05-21,NA,eme2025ukb
Annals of Epidemiology,NA,1047-2797,2026-05-21,NA,eme2025ukb
Annals of Hepatology,NA,1665-2681,2026-05-21,NA,eme2025ukb
Annals of Intensive Care,NA,2110-5820,2026-05-21,NA,eme2025ukb
Annals of Nuclear Energy,NA,0306-4549,2026-05-21,NA,eme2025ukb
Annals of Oncology,NA,0923-7534,2026-05-21,NA,eme2025ukb
Annals of Physical and Rehabilitation Medicine,NA,1877-0657,2026-05-21,NA,eme2025ukb
Annals of Physics,NA,0003-4916,2026-05-21,NA,eme2025ukb
Annals of Pure and Applied Logic,NA,0168-0072,2026-05-21,NA,eme2025ukb
Annals of the Rheumatic Diseases,NA,0003-4967,2026-05-21,NA,eme2025ukb
Annals of Thoracic Surgery Short Reports,NA,2772-9931,2026-05-21,NA,eme2025ukb
Annals of Tourism Research,NA,0160-7383,2026-05-21,NA,eme2025ukb
Annals of Tourism Research Empirical Insights,NA,2666-9579,2026-05-21,NA,eme2025ukb
Annals of Vascular Surgery,NA,0890-5096,2026-05-21,NA,eme2025ukb
Annals of Vascular Surgery - Brief Reports and Innovations,NA,2772-6878,2026-05-21,NA,eme2025ukb
Annual Reviews in Control,NA,1367-5788,2026-05-21,NA,eme2025ukb
Anthropocene,NA,2213-3054,2026-05-21,NA,eme2025ukb
Antiviral Research,NA,0166-3542,2026-05-21,NA,eme2025ukb
Appetite,NA,0195-6663,2026-05-21,NA,eme2025ukb
Appetite: Disordered Eating,NA,3117-3950,2026-05-21,NA,eme2025ukb
Applications in Energy and Combustion Science,NA,2666-352X,2026-05-21,NA,eme2025ukb
Applications in Engineering Science,NA,2666-4968,2026-05-21,NA,eme2025ukb
Applied Acoustics,NA,0003-682X,2026-05-21,NA,eme2025ukb
Applied and Computational Harmonic Analysis,NA,1063-5203,2026-05-21,NA,eme2025ukb
Applied Animal Behaviour Science,NA,0168-1591,2026-05-21,NA,eme2025ukb
Applied Animal Science,NA,2590-2865,2026-05-21,NA,eme2025ukb
Applied Biomolecules: Bioactive Materials,NA,3117-5031,2026-05-21,NA,eme2025ukb
Applied Catalysis A: General,NA,0926-860X,2026-05-21,NA,eme2025ukb
Applied Catalysis B: Environment and Energy,NA,0926-3373,2026-05-21,NA,eme2025ukb
Applied Catalysis O: Open,NA,2950-6484,2026-05-21,NA,eme2025ukb
Applied Clay Science,NA,0169-1317,2026-05-21,NA,eme2025ukb
Applied Computing and Geosciences,NA,2590-1974,2026-05-21,NA,eme2025ukb
Applied Corpus Linguistics,NA,2666-7991,2026-05-21,NA,eme2025ukb
Applied Energy,NA,0306-2619,2026-05-21,NA,eme2025ukb
Applied Ergonomics,NA,0003-6870,2026-05-21,NA,eme2025ukb
Applied Food Research,NA,2772-5022,2026-05-21,NA,eme2025ukb
Applied Geochemistry,NA,0883-2927,2026-05-21,NA,eme2025ukb
Applied Geography,NA,0143-6228,2026-05-21,NA,eme2025ukb
Applied Materials Today,NA,2352-9407,2026-05-21,NA,eme2025ukb
Applied Mathematical Modelling,NA,0307-904X,2026-05-21,NA,eme2025ukb
Applied Mathematics and Computation,NA,0096-3003,2026-05-21,NA,eme2025ukb
Applied Mathematics Letters,NA,0893-9659,2026-05-21,NA,eme2025ukb
Applied Numerical Mathematics,NA,0168-9274,2026-05-21,NA,eme2025ukb
Applied Nursing Research,NA,0897-1897,2026-05-21,NA,eme2025ukb
Applied Ocean Research,NA,0141-1187,2026-05-21,NA,eme2025ukb
Applied Radiation and Isotopes,NA,0969-8043,2026-05-21,NA,eme2025ukb
Applied Soft Computing,NA,1568-4946,2026-05-21,NA,eme2025ukb
Applied Soil Ecology,NA,0929-1393,2026-05-21,NA,eme2025ukb
Applied Studies in Innovative Learning and Teaching,NA,3051-3243,2026-05-21,NA,eme2025ukb
Applied Surface Science,NA,0169-4332,2026-05-21,NA,eme2025ukb
Applied Surface Science Advances,NA,2666-5239,2026-05-21,NA,eme2025ukb
Applied Thermal Engineering,NA,1359-4311,2026-05-21,NA,eme2025ukb
Aquacultural Engineering,NA,0144-8609,2026-05-21,NA,eme2025ukb
Aquaculture,NA,0044-8486,2026-05-21,NA,eme2025ukb
Aquaculture Reports,NA,2352-5134,2026-05-21,NA,eme2025ukb
Aquatic Botany,NA,0304-3770,2026-05-21,NA,eme2025ukb
Aquatic Toxicology,NA,0166-445X,2026-05-21,NA,eme2025ukb
Arab Journal of Gastroenterology,NA,1687-1979,2026-05-21,NA,eme2025ukb
Archaeological Research in Asia,NA,2352-2267,2026-05-21,NA,eme2025ukb
Archives de Pédiatrie,NA,0929-693X,2026-05-21,NA,eme2025ukb
Archives des Maladies du Coeur et des Vaisseaux: Pratique,NA,1261-694X,2026-05-21,NA,eme2025ukb
Archives des Maladies Professionnelles et de l'Environnement,NA,1775-8785,2026-05-21,NA,eme2025ukb
Archives of Biochemistry and Biophysics,NA,0003-9861,2026-05-21,NA,eme2025ukb
Archives of Cardiovascular Diseases,NA,1875-2136,2026-05-21,NA,eme2025ukb
Archives of Gerontology and Geriatrics,NA,0167-4943,2026-05-21,NA,eme2025ukb
Archives of Gerontology and Geriatrics Plus,NA,2950-3078,2026-05-21,NA,eme2025ukb
Archives of Legal Medicine,NA,2950-3949,2026-05-21,NA,eme2025ukb
Archives of Medical Research,NA,0188-4409,2026-05-21,NA,eme2025ukb
Archives of Oral Biology,NA,0003-9969,2026-05-21,NA,eme2025ukb
Archives of Physical Medicine and Rehabilitation,NA,0003-9993,2026-05-21,NA,eme2025ukb
Archives of Psychiatric Nursing,NA,0883-9417,2026-05-21,NA,eme2025ukb
Archives of Rehabilitation Research and Clinical Translation,NA,2590-1095,2026-05-21,NA,eme2025ukb
Archivos de Bronconeumología,NA,0300-2896,2026-05-21,NA,eme2025ukb
Archivos de la Sociedad Española de Oftalmología,NA,0365-6691,2026-05-21,NA,eme2025ukb
Archivos de la Sociedad Española de Oftalmología (English Edition),NA,2173-5794,2026-05-21,NA,eme2025ukb
Array,NA,2590-0056,2026-05-21,NA,eme2025ukb
Arthroplasty Today,NA,2352-3441,2026-05-21,NA,eme2025ukb
Arthropod Structure & Development,NA,1467-8039,2026-05-21,NA,eme2025ukb
Artificial Intelligence,NA,0004-3702,2026-05-21,NA,eme2025ukb
Artificial Intelligence Chemistry,NA,2949-7477,2026-05-21,NA,eme2025ukb
Artificial Intelligence for Transportation,NA,3050-8606,2026-05-21,NA,eme2025ukb
Artificial Intelligence in Emergency Medicine,NA,3051-2883,2026-05-21,NA,eme2025ukb
Artificial Intelligence in Medicine,NA,0933-3657,2026-05-21,NA,eme2025ukb
Artificial Intelligence in the Life Sciences,NA,2667-3185,2026-05-21,NA,eme2025ukb
Asia and the Global Economy,NA,2667-1115,2026-05-21,NA,eme2025ukb
Asia Pacific Management Review,NA,1029-3132,2026-05-21,NA,eme2025ukb
Asian Journal of Psychiatry,NA,1876-2018,2026-05-21,NA,eme2025ukb
Asian Journal of Social Science,NA,1568-4849,2026-05-21,NA,eme2025ukb
Asian Transport Studies,NA,2185-5560,2026-05-21,NA,eme2025ukb
Asia-Pacific Journal of Oncology Nursing,NA,2347-5625,2026-05-21,NA,eme2025ukb
Asia-Pacific Journal of Ophthalmology,NA,2162-0989,2026-05-21,NA,eme2025ukb
Aspects of Molecular Medicine,NA,2949-6888,2026-05-21,NA,eme2025ukb
ASPET Discovery,NA,3050-5674,2026-05-21,NA,eme2025ukb
Assessing Writing,NA,1075-2935,2026-05-21,NA,eme2025ukb
Astronomy and Computing,NA,2213-1337,2026-05-21,NA,eme2025ukb
Astroparticle Physics,NA,0927-6505,2026-05-21,NA,eme2025ukb
Atención Primaria,NA,0212-6567,2026-05-21,NA,eme2025ukb
Atherosclerosis,NA,0021-9150,2026-05-21,NA,eme2025ukb
Atherosclerosis Plus,NA,2667-0895,2026-05-21,NA,eme2025ukb
Atmospheric Environment,NA,1352-2310,2026-05-21,NA,eme2025ukb
Atmospheric Environment: X,NA,2590-1621,2026-05-21,NA,eme2025ukb
Atmospheric Pollution Research,NA,1309-1042,2026-05-21,NA,eme2025ukb
Atmospheric Research,NA,0169-8095,2026-05-21,NA,eme2025ukb
Atomic Data and Nuclear Data Tables,NA,0092-640X,2026-05-21,NA,eme2025ukb
Auris Nasus Larynx,NA,0385-8146,2026-05-21,NA,eme2025ukb
Australasian Emergency Care,NA,2588-994X,2026-05-21,NA,eme2025ukb
Australian and New Zealand Journal of Public Health,NA,1326-0200,2026-05-21,NA,eme2025ukb
Australian Critical Care,NA,1036-7314,2026-05-21,NA,eme2025ukb
Autoimmunity Reviews,NA,1568-9972,2026-05-21,NA,eme2025ukb
Automatica,NA,0005-1098,2026-05-21,NA,eme2025ukb
Automation in Construction,NA,0926-5805,2026-05-21,NA,eme2025ukb
Autonomic Neuroscience: Basic and Clinical,NA,1566-0702,2026-05-21,NA,eme2025ukb
Bacteriophage,NA,3051-2697,2026-05-21,NA,eme2025ukb
Basic and Applied Ecology,NA,1439-1791,2026-05-21,NA,eme2025ukb
BBA Advances,NA,2667-1603,2026-05-21,NA,eme2025ukb
Behavior Therapy,NA,0005-7894,2026-05-21,NA,eme2025ukb
Behaviour Research and Therapy,NA,0005-7967,2026-05-21,NA,eme2025ukb
Behavioural Brain Research,NA,0166-4328,2026-05-21,NA,eme2025ukb
Behavioural Processes,NA,0376-6357,2026-05-21,NA,eme2025ukb
Best Practice & Research Clinical Anaesthesiology,NA,1521-6896,2026-05-21,NA,eme2025ukb
Best Practice & Research Clinical Endocrinology & Metabolism,NA,1521-690X,2026-05-21,NA,eme2025ukb
Best Practice & Research Clinical Gastroenterology,NA,1521-6918,2026-05-21,NA,eme2025ukb
Best Practice & Research Clinical Haematology,NA,1521-6926,2026-05-21,NA,eme2025ukb
Best Practice & Research Clinical Obstetrics & Gynaecology,NA,1521-6934,2026-05-21,NA,eme2025ukb
Best Practice & Research Clinical Rheumatology,NA,1521-6942,2026-05-21,NA,eme2025ukb
Big Data Research,NA,2214-5796,2026-05-21,NA,eme2025ukb
Bioactive Carbohydrates and Dietary Fibre,NA,2212-6198,2026-05-21,NA,eme2025ukb
Biocatalysis and Agricultural Biotechnology,NA,1878-8181,2026-05-21,NA,eme2025ukb
Biochemical and Biophysical Research Communications,NA,0006-291X,2026-05-21,NA,eme2025ukb
Biochemical Engineering Journal,NA,1369-703X,2026-05-21,NA,eme2025ukb
Biochemical Pharmacology,NA,0006-2952,2026-05-21,NA,eme2025ukb
Biochemical Systematics and Ecology,NA,0305-1978,2026-05-21,NA,eme2025ukb
Biochemistry and Biophysics Reports,NA,2405-5808,2026-05-21,NA,eme2025ukb
Biochimica et Biophysica Acta: Bioenergetics,NA,0005-2728,2026-05-21,NA,eme2025ukb
Biochimica et Biophysica Acta: Biomembranes,NA,0005-2736,2026-05-21,NA,eme2025ukb
Biochimica et Biophysica Acta: Gene Regulatory Mechanisms,NA,1874-9399,2026-05-21,NA,eme2025ukb
Biochimica et Biophysica Acta: General Subjects,NA,0304-4165,2026-05-21,NA,eme2025ukb
Biochimica et Biophysica Acta: Molecular and Cell Biology of Lipids,NA,1388-1981,2026-05-21,NA,eme2025ukb
Biochimica et Biophysica Acta: Molecular Basis of Disease,NA,0925-4439,2026-05-21,NA,eme2025ukb
Biochimica et Biophysica Acta: Molecular Cell Research,NA,0167-4889,2026-05-21,NA,eme2025ukb
Biochimica et Biophysica Acta: Proteins and Proteomics,NA,1570-9639,2026-05-21,NA,eme2025ukb
Biochimica et Biophysica Acta: Reviews on Cancer,NA,0304-419X,2026-05-21,NA,eme2025ukb
Biochimie,NA,0300-9084,2026-05-21,NA,eme2025ukb
Biocybernetics and Biomedical Engineering,NA,0208-5216,2026-05-21,NA,eme2025ukb
BioDesign Research,NA,2693-1257,2026-05-21,NA,eme2025ukb
Bioelectrochemistry,NA,1567-5394,2026-05-21,NA,eme2025ukb
Biofilm,NA,2590-2075,2026-05-21,NA,eme2025ukb
Biological Conservation,NA,0006-3207,2026-05-21,NA,eme2025ukb
Biological Control,NA,1049-9644,2026-05-21,NA,eme2025ukb
Biological Psychiatry,NA,0006-3223,2026-05-21,NA,eme2025ukb
Biological Psychiatry Global Open Science,NA,2667-1743,2026-05-21,NA,eme2025ukb
Biological Psychiatry: Cognitive Neuroscience and Neuroimaging,NA,2451-9022,2026-05-21,NA,eme2025ukb
Biological Psychology,NA,0301-0511,2026-05-21,NA,eme2025ukb
Biologicals,NA,1045-1056,2026-05-21,NA,eme2025ukb
Biomarkers in Neuropsychiatry,NA,2666-1446,2026-05-21,NA,eme2025ukb
Biomass & Bioenergy,NA,0961-9534,2026-05-21,NA,eme2025ukb
Biomass Futures,NA,3051-4444,2026-05-21,NA,eme2025ukb
Biomaterials,NA,0142-9612,2026-05-21,NA,eme2025ukb
Biomaterials Advances,NA,2772-9508,2026-05-21,NA,eme2025ukb
Biomaterials and Biosystems,NA,2666-5344,2026-05-21,NA,eme2025ukb
Biomaterials and Living Medicine for Pharmaceutics,NA,3117-4663,2026-05-21,NA,eme2025ukb
Biomedical Engineering Advances,NA,2667-0992,2026-05-21,NA,eme2025ukb
Biomedical Journal,NA,2319-4170,2026-05-21,NA,eme2025ukb
Biomedical Signal Processing and Control,NA,1746-8094,2026-05-21,NA,eme2025ukb
Biomedicine & Pharmacotherapy,NA,0753-3322,2026-05-21,NA,eme2025ukb
Bioorganic & Medicinal Chemistry,NA,0968-0896,2026-05-21,NA,eme2025ukb
Bioorganic & Medicinal Chemistry Letters,NA,0960-894X,2026-05-21,NA,eme2025ukb
Bioorganic Chemistry,NA,0045-2068,2026-05-21,NA,eme2025ukb
Biophysical Chemistry,NA,0301-4622,2026-05-21,NA,eme2025ukb
Biophysical Reports,NA,2667-0747,2026-05-21,NA,eme2025ukb
Bioprinting,NA,2405-8866,2026-05-21,NA,eme2025ukb
Bioresource Technology,NA,0960-8524,2026-05-21,NA,eme2025ukb
Bioresource Technology Reports,NA,2589-014X,2026-05-21,NA,eme2025ukb
Biosafety and Health,NA,2590-0536,2026-05-21,NA,eme2025ukb
Biosensors and Bioelectronics,NA,0956-5663,2026-05-21,NA,eme2025ukb
Biosensors and Bioelectronics: X,NA,2590-1370,2026-05-21,NA,eme2025ukb
BioSystems,NA,0303-2647,2026-05-21,NA,eme2025ukb
Biosystems Engineering,NA,1537-5110,2026-05-21,NA,eme2025ukb
Biotechnology Advances,NA,0734-9750,2026-05-21,NA,eme2025ukb
Biotechnology Reports,NA,2215-017X,2026-05-21,NA,eme2025ukb
BJA Education,NA,2058-5349,2026-05-21,NA,eme2025ukb
BJA Open,NA,2772-6096,2026-05-21,NA,eme2025ukb
"Blood Cells, Molecules and Diseases",NA,1079-9796,2026-05-21,NA,eme2025ukb
Blood Reviews,NA,0268-960X,2026-05-21,NA,eme2025ukb
Body Image,NA,1740-1445,2026-05-21,NA,eme2025ukb
Boletín de la Sociedad Española de Cerámica y Vidrio,NA,0366-3175,2026-05-21,NA,eme2025ukb
Bone,NA,8756-3282,2026-05-21,NA,eme2025ukb
Bone Reports,NA,2352-1872,2026-05-21,NA,eme2025ukb
Brachytherapy,NA,1538-4721,2026-05-21,NA,eme2025ukb
Brain & Development,NA,0387-7604,2026-05-21,NA,eme2025ukb
Brain and Cognition,NA,0278-2626,2026-05-21,NA,eme2025ukb
Brain and Development Case Reports,NA,2950-2217,2026-05-21,NA,eme2025ukb
Brain and Environment,NA,3050-5917,2026-05-21,NA,eme2025ukb
Brain and Language,NA,0093-934X,2026-05-21,NA,eme2025ukb
Brain and Spine,NA,2772-5294,2026-05-21,NA,eme2025ukb
Brain Behavior and Immunity Integrative,NA,2949-8341,2026-05-21,NA,eme2025ukb
Brain Disorders,NA,2666-4593,2026-05-21,NA,eme2025ukb
Brain Mechanisms,NA,3050-6425,2026-05-21,NA,eme2025ukb
Brain Organoid and Systems Neuroscience Journal,NA,2949-9216,2026-05-21,NA,eme2025ukb
Brain Research,NA,0006-8993,2026-05-21,NA,eme2025ukb
Brain Research Bulletin,NA,0361-9230,2026-05-21,NA,eme2025ukb
Brain Stimulation,NA,1935-861X,2026-05-21,NA,eme2025ukb
"Brain, Behavior, & Immunity - Health",NA,2666-3546,2026-05-21,NA,eme2025ukb
"Brain, Behavior, and Immunity",NA,0889-1591,2026-05-21,NA,eme2025ukb
Brazilian Journal of Otorhinolaryngology,NA,1808-8694,2026-05-21,NA,eme2025ukb
Brazilian Journal of Physical Therapy,NA,1413-3555,2026-05-21,NA,eme2025ukb
British Journal of Anaesthesia,NA,0007-0912,2026-05-21,NA,eme2025ukb
British Journal of Oral and Maxillofacial Surgery,NA,0266-4356,2026-05-21,NA,eme2025ukb
Building and Environment,NA,0360-1323,2026-05-21,NA,eme2025ukb
Bulletin des Sciences Mathématiques,NA,0007-4497,2026-05-21,NA,eme2025ukb
Bulletin du Cancer,NA,0007-4551,2026-05-21,NA,eme2025ukb
Burns,NA,0305-4179,2026-05-21,NA,eme2025ukb
Burns Open,NA,2468-9122,2026-05-21,NA,eme2025ukb
Business Horizons,NA,0007-6813,2026-05-21,NA,eme2025ukb
Cahiers de Nutrition et de Diététique,NA,0007-9960,2026-05-21,NA,eme2025ukb
Calphad,NA,0364-5916,2026-05-21,NA,eme2025ukb
Canadian Journal of Cardiology,NA,0828-282X,2026-05-21,NA,eme2025ukb
Canadian Journal of Diabetes,NA,1499-2671,2026-05-21,NA,eme2025ukb
Canadian Journal of Ophthalmology,NA,0008-4182,2026-05-21,NA,eme2025ukb
Cancer Epidemiology,NA,1877-7821,2026-05-21,NA,eme2025ukb
Cancer Genetics,NA,2210-7762,2026-05-21,NA,eme2025ukb
Cancer Letters,NA,0304-3835,2026-05-21,NA,eme2025ukb
Cancer Neuroscience,NA,3051-3235,2026-05-21,NA,eme2025ukb
Cancer Pathogenesis and Therapy,NA,2949-7132,2026-05-21,NA,eme2025ukb
Cancer Radiothérapie,NA,1278-3218,2026-05-21,NA,eme2025ukb
Cancer Treatment and Research Communications,NA,2468-2942,2026-05-21,NA,eme2025ukb
Cancer Treatment Reviews,NA,0305-7372,2026-05-21,NA,eme2025ukb
Carbohydrate Polymer Technologies and Applications,NA,2666-8939,2026-05-21,NA,eme2025ukb
Carbohydrate Polymers,NA,0144-8617,2026-05-21,NA,eme2025ukb
Carbohydrate Research,NA,0008-6215,2026-05-21,NA,eme2025ukb
Carbon,NA,0008-6223,2026-05-21,NA,eme2025ukb
Carbon Capture Science & Technology,NA,2772-6568,2026-05-21,NA,eme2025ukb
Carbon Neutral Technologies,NA,3050-6603,2026-05-21,NA,eme2025ukb
Carbon Trends,NA,2667-0569,2026-05-21,NA,eme2025ukb
Cardiovascular Pathology,NA,1054-8807,2026-05-21,NA,eme2025ukb
Cardiovascular Revascularization Medicine,NA,1553-8389,2026-05-21,NA,eme2025ukb
Cardiovascular Revascularization Medicine: Interesting Cases,NA,2950-2756,2026-05-21,NA,eme2025ukb
CASE,NA,2468-6441,2026-05-21,NA,eme2025ukb
Case Reports in Women's Health,NA,2214-9112,2026-05-21,NA,eme2025ukb
Case Studies in Chemical and Environmental Engineering,NA,2666-0164,2026-05-21,NA,eme2025ukb
Case Studies in Construction Materials,NA,2214-5095,2026-05-21,NA,eme2025ukb
Case Studies in Thermal Engineering,NA,2214-157X,2026-05-21,NA,eme2025ukb
Case Studies on Transport Policy,NA,2213-624X,2026-05-21,NA,eme2025ukb
Catalysis Today,NA,0920-5861,2026-05-21,NA,eme2025ukb
CATENA,NA,0341-8162,2026-05-21,NA,eme2025ukb
Cell Calcium,NA,0143-4160,2026-05-21,NA,eme2025ukb
Cell Death,NA,3051-1151,2026-05-21,NA,eme2025ukb
Cell Genomics,NA,2666-979X,2026-05-21,NA,eme2025ukb
Cell Insight,NA,2772-8927,2026-05-21,NA,eme2025ukb
Cell Reports,NA,2211-1247,2026-05-21,NA,eme2025ukb
Cell Reports Medicine,NA,2666-3791,2026-05-21,NA,eme2025ukb
Cell Reports Methods,NA,2667-2375,2026-05-21,NA,eme2025ukb
Cell Reports Physical Science,NA,2666-3864,2026-05-21,NA,eme2025ukb
Cell Reports Sustainability,NA,2949-7906,2026-05-21,NA,eme2025ukb
Cell Stress and Chaperones,NA,1355-8145,2026-05-21,NA,eme2025ukb
Cells & Development,NA,2667-2901,2026-05-21,NA,eme2025ukb
Cellular and Molecular Gastroenterology and Hepatology,NA,2352-345X,2026-05-21,NA,eme2025ukb
Cellular Immunology,NA,0008-8749,2026-05-21,NA,eme2025ukb
Cellular Signalling,NA,0898-6568,2026-05-21,NA,eme2025ukb
Cement,NA,2666-5492,2026-05-21,NA,eme2025ukb
Cement and Concrete Composites,NA,0958-9465,2026-05-21,NA,eme2025ukb
Cement and Concrete Research,NA,0008-8846,2026-05-21,NA,eme2025ukb
Ceramics International,NA,0272-8842,2026-05-21,NA,eme2025ukb
Cerebral Circulation - Cognition and Behavior,NA,2666-2450,2026-05-21,NA,eme2025ukb
"Chaos, Solitons & Fractals",NA,0960-0779,2026-05-21,NA,eme2025ukb
Chemical Data Collections,NA,2405-8300,2026-05-21,NA,eme2025ukb
Chemical Engineering and Processing - Process Intensification,NA,0255-2701,2026-05-21,NA,eme2025ukb
Chemical Engineering Journal,NA,1385-8947,2026-05-21,NA,eme2025ukb
Chemical Engineering Journal Advances,NA,2666-8211,2026-05-21,NA,eme2025ukb
Chemical Engineering Journal: Green and Sustainable,NA,3051-0031,2026-05-21,NA,eme2025ukb
Chemical Engineering Research and Design,NA,0263-8762,2026-05-21,NA,eme2025ukb
Chemical Engineering Science,NA,0009-2509,2026-05-21,NA,eme2025ukb
Chemical Geology,NA,0009-2541,2026-05-21,NA,eme2025ukb
Chemical Physics,NA,0301-0104,2026-05-21,NA,eme2025ukb
Chemical Physics Impact,NA,2667-0224,2026-05-21,NA,eme2025ukb
Chemical Physics Letters,NA,0009-2614,2026-05-21,NA,eme2025ukb
Chemical Thermodynamics and Thermal Analysis,NA,2667-3126,2026-05-21,NA,eme2025ukb
Chemico-Biological Interactions,NA,0009-2797,2026-05-21,NA,eme2025ukb
Chemistry and Physics of Lipids,NA,0009-3084,2026-05-21,NA,eme2025ukb
Chemistry of Inorganic Materials,NA,2949-7469,2026-05-21,NA,eme2025ukb
Chemometrics and Intelligent Laboratory Systems,NA,0169-7439,2026-05-21,NA,eme2025ukb
Chemosphere,NA,0045-6535,2026-05-21,NA,eme2025ukb
CHEST,NA,0012-3692,2026-05-21,NA,eme2025ukb
CHEST Critical Care,NA,2949-7884,2026-05-21,NA,eme2025ukb
CHEST Pulmonary,NA,2949-7892,2026-05-21,NA,eme2025ukb
Child Abuse & Neglect,NA,0145-2134,2026-05-21,NA,eme2025ukb
Child Protection and Practice,NA,2950-1938,2026-05-21,NA,eme2025ukb
Children and Youth Services Review,NA,0190-7409,2026-05-21,NA,eme2025ukb
China Economic Review,NA,1043-951X,2026-05-21,NA,eme2025ukb
Chinese Herbal Medicines,NA,1674-6384,2026-05-21,NA,eme2025ukb
Chinese Journal of Analytical Chemistry,NA,1872-2040,2026-05-21,NA,eme2025ukb
Chinese Journal of Chemical Engineering,NA,1004-9541,2026-05-21,NA,eme2025ukb
Chinese Journal of Physics,NA,0577-9073,2026-05-21,NA,eme2025ukb
Chinese Journal of Structural Chemistry,NA,0254-5861,2026-05-21,NA,eme2025ukb
Chinese Medical Journal Pulmonary and Critical Care Medicine,NA,2772-5588,2026-05-21,NA,eme2025ukb
Chip,NA,2709-4723,2026-05-21,NA,eme2025ukb
CIRP Annals,NA,0007-8506,2026-05-21,NA,eme2025ukb
CIRP Journal of Manufacturing Science and Technology,NA,1755-5817,2026-05-21,NA,eme2025ukb
Cirugía Española,NA,0009-739X,2026-05-21,NA,eme2025ukb
Cirugía Española (English edition),NA,2173-5077,2026-05-21,NA,eme2025ukb
Cities,NA,0264-2751,2026-05-21,NA,eme2025ukb
Cities: Smarter Futures,NA,3117-3764,2026-05-21,NA,eme2025ukb
City and Environment Interactions,NA,2590-2520,2026-05-21,NA,eme2025ukb
"City, Culture and Society",NA,1877-9166,2026-05-21,NA,eme2025ukb
CJC Open,NA,2589-790X,2026-05-21,NA,eme2025ukb
CJC Pediatric and Congenital Heart Disease,NA,2772-8129,2026-05-21,NA,eme2025ukb
Cleaner and Circular Bioeconomy,NA,2772-8013,2026-05-21,NA,eme2025ukb
Cleaner and Responsible Consumption,NA,2666-7843,2026-05-21,NA,eme2025ukb
Cleaner Chemical Engineering,NA,2772-7823,2026-05-21,NA,eme2025ukb
Cleaner Energy Systems,NA,2772-7831,2026-05-21,NA,eme2025ukb
Cleaner Engineering and Technology,NA,2666-7908,2026-05-21,NA,eme2025ukb
Cleaner Environmental Systems,NA,2666-7894,2026-05-21,NA,eme2025ukb
Cleaner Food Systems,NA,3050-8355,2026-05-21,NA,eme2025ukb
Cleaner Logistics and Supply Chain,NA,2772-3909,2026-05-21,NA,eme2025ukb
Cleaner Manufacturing,NA,3050-998X,2026-05-21,NA,eme2025ukb
Cleaner Materials,NA,2772-3976,2026-05-21,NA,eme2025ukb
Cleaner Production Letters,NA,2666-7916,2026-05-21,NA,eme2025ukb
Cleaner Waste Systems,NA,2772-9125,2026-05-21,NA,eme2025ukb
Cleaner Water,NA,2950-2632,2026-05-21,NA,eme2025ukb
Climate Change Ecology,NA,2666-9005,2026-05-21,NA,eme2025ukb
Climate Physics and Atmospheric Science: Scientific Insights and Societal Challenges,NA,3051-4088,2026-05-21,NA,eme2025ukb
Climate Risk Management,NA,2212-0963,2026-05-21,NA,eme2025ukb
Climate Services,NA,2405-8807,2026-05-21,NA,eme2025ukb
Clinica Chimica Acta,NA,0009-8981,2026-05-21,NA,eme2025ukb
Clínica e Investigación en Arteriosclerosis,NA,0214-9168,2026-05-21,NA,eme2025ukb
Clínica e Investigación en Arteriosclerosis (English Edition),NA,2529-9123,2026-05-21,NA,eme2025ukb
Clínica e Investigación en Ginecología y Obstetricia,NA,0210-573X,2026-05-21,NA,eme2025ukb
Clinical and Translational Radiation Oncology,NA,2405-6308,2026-05-21,NA,eme2025ukb
Clinical Biochemistry,NA,0009-9120,2026-05-21,NA,eme2025ukb
Clinical Biomechanics,NA,0268-0033,2026-05-21,NA,eme2025ukb
Clinical Breast Cancer,NA,1526-8209,2026-05-21,NA,eme2025ukb
Clinical Colorectal Cancer,NA,1533-0028,2026-05-21,NA,eme2025ukb
Clinical Dental Journal,NA,3117-4892,2026-05-21,NA,eme2025ukb
Clinical Epidemiology and Global Health,NA,2213-3984,2026-05-21,NA,eme2025ukb
Clinical Gastroenterology and Hepatology,NA,1542-3565,2026-05-21,NA,eme2025ukb
Clinical Genitourinary Cancer,NA,1558-7673,2026-05-21,NA,eme2025ukb
Clinical Imaging,NA,0899-7071,2026-05-21,NA,eme2025ukb
Clinical Immunology,NA,1521-6616,2026-05-21,NA,eme2025ukb
Clinical Immunology Communications,NA,2772-6134,2026-05-21,NA,eme2025ukb
Clinical Infection in Practice,NA,2590-1702,2026-05-21,NA,eme2025ukb
Clinical Lung Cancer,NA,1525-7304,2026-05-21,NA,eme2025ukb
"Clinical Lymphoma, Myeloma & Leukemia",NA,2152-2650,2026-05-21,NA,eme2025ukb
Clinical Medicine,NA,1470-2118,2026-05-21,NA,eme2025ukb
Clinical Microbiology and Infection,NA,1198-743X,2026-05-21,NA,eme2025ukb
Clinical Microbiology Newsletter,NA,0196-4399,2026-05-21,NA,eme2025ukb
Clinical Neurology and Neurosurgery,NA,0303-8467,2026-05-21,NA,eme2025ukb
Clinical Neurophysiology,NA,1388-2457,2026-05-21,NA,eme2025ukb
Clinical Neurophysiology Practice,NA,2467-981X,2026-05-21,NA,eme2025ukb
Clinical Nutrition,NA,0261-5614,2026-05-21,NA,eme2025ukb
Clinical Nutrition ESPEN,NA,2405-4577,2026-05-21,NA,eme2025ukb
Clinical Nutrition Open Science,NA,2667-2685,2026-05-21,NA,eme2025ukb
Clinical Oncology,NA,0936-6555,2026-05-21,NA,eme2025ukb
Clinical Parkinsonism & Related Disorders,NA,2590-1125,2026-05-21,NA,eme2025ukb
Clinical Psychology Review,NA,0272-7358,2026-05-21,NA,eme2025ukb
Clinical Radiology,NA,0009-9260,2026-05-21,NA,eme2025ukb
Clinical Simulation in Nursing,NA,1876-1399,2026-05-21,NA,eme2025ukb
Clinical Surgical Oncology,NA,2773-160X,2026-05-21,NA,eme2025ukb
Clinical Therapeutics,NA,0149-2918,2026-05-21,NA,eme2025ukb
Clinical Traditional Medicine and Pharmacology,NA,2097-3829,2026-05-21,NA,eme2025ukb
Clinics,NA,1807-5932,2026-05-21,NA,eme2025ukb
Clinics and Research in Hepatology and Gastroenterology,NA,2210-7401,2026-05-21,NA,eme2025ukb
Clinics in Dermatology,NA,0738-081X,2026-05-21,NA,eme2025ukb
CMI Communications,NA,2950-5909,2026-05-21,NA,eme2025ukb
Coacervates,NA,3117-6178,2026-05-21,NA,eme2025ukb
Coastal Engineering,NA,0378-3839,2026-05-21,NA,eme2025ukb
Cognition,NA,0010-0277,2026-05-21,NA,eme2025ukb
Cognitive and Behavioral Practice,NA,1077-7229,2026-05-21,NA,eme2025ukb
Cognitive Development,NA,0885-2014,2026-05-21,NA,eme2025ukb
Cognitive Psychology,NA,0010-0285,2026-05-21,NA,eme2025ukb
Cognitive Systems Research,NA,1389-0417,2026-05-21,NA,eme2025ukb
Cold Regions Science and Technology,NA,0165-232X,2026-05-21,NA,eme2025ukb
Collegian,NA,1322-7696,2026-05-21,NA,eme2025ukb
Colloid and Interface Science Communications,NA,2215-0382,2026-05-21,NA,eme2025ukb
Colloids and Surfaces A: Physicochemical and Engineering Aspects,NA,0927-7757,2026-05-21,NA,eme2025ukb
Colloids and Surfaces B: Biointerfaces,NA,0927-7765,2026-05-21,NA,eme2025ukb
Colloids and Surfaces C: Environmental Aspects,NA,2949-7590,2026-05-21,NA,eme2025ukb
Combustion and Flame,NA,0010-2180,2026-05-21,NA,eme2025ukb
Communications in Nonlinear Science and Numerical Simulation,NA,1007-5704,2026-05-21,NA,eme2025ukb
Comparative Biochemistry and Physiology - Part A: Molecular & Integrative Physiology,NA,1095-6433,2026-05-21,NA,eme2025ukb
Comparative Biochemistry and Physiology - Part B: Biochemistry & Molecular Biology,NA,1096-4959,2026-05-21,NA,eme2025ukb
Comparative Biochemistry and Physiology - Part C: Toxicology & Pharmacology,NA,1532-0456,2026-05-21,NA,eme2025ukb
Comparative Biochemistry and Physiology - Part D: Genomics and Proteomics,NA,1744-117X,2026-05-21,NA,eme2025ukb
Comparative Immunology Reports,NA,2950-3116,2026-05-21,NA,eme2025ukb
"Comparative Immunology, Microbiology & Infectious Diseases",NA,0147-9571,2026-05-21,NA,eme2025ukb
Complementary Therapies in Clinical Practice,NA,1744-3881,2026-05-21,NA,eme2025ukb
Complementary Therapies in Medicine,NA,0965-2299,2026-05-21,NA,eme2025ukb
Composite Structures,NA,0263-8223,2026-05-21,NA,eme2025ukb
Composites Communications,NA,2452-2139,2026-05-21,NA,eme2025ukb
Composites Part A: Applied Science and Manufacturing,NA,1359-835X,2026-05-21,NA,eme2025ukb
Composites Part B: Engineering,NA,1359-8368,2026-05-21,NA,eme2025ukb
Composites Part C: Open Access,NA,2666-6820,2026-05-21,NA,eme2025ukb
Composites Science and Technology,NA,0266-3538,2026-05-21,NA,eme2025ukb
Comprehensive Psychiatry,NA,0010-440X,2026-05-21,NA,eme2025ukb
Comprehensive Psychoneuroendocrinology,NA,2666-4976,2026-05-21,NA,eme2025ukb
Computational and Structural Biotechnology Reports,NA,2950-3639,2026-05-21,NA,eme2025ukb
Computational and Theoretical Chemistry,NA,2210-271X,2026-05-21,NA,eme2025ukb
Computational Biology and Chemistry,NA,1476-9271,2026-05-21,NA,eme2025ukb
Computational Condensed Matter,NA,2352-2143,2026-05-21,NA,eme2025ukb
Computational Geometry,NA,0925-7721,2026-05-21,NA,eme2025ukb
Computational Materials Science,NA,0927-0256,2026-05-21,NA,eme2025ukb
Computational Materials Today,NA,2950-4635,2026-05-21,NA,eme2025ukb
Computational Particle Mechanics,NA,2196-4386,2026-05-21,NA,eme2025ukb
Computational Statistics & Data Analysis,NA,0167-9473,2026-05-21,NA,eme2025ukb
Computational Toxicology,NA,2468-1113,2026-05-21,NA,eme2025ukb
Computer Aided Geometric Design,NA,0167-8396,2026-05-21,NA,eme2025ukb
Computer Communications,NA,0140-3664,2026-05-21,NA,eme2025ukb
Computer Law & Security Review,NA,2212-473X,2026-05-21,NA,eme2025ukb
Computer Methods and Programs in Biomedicine,NA,0169-2607,2026-05-21,NA,eme2025ukb
Computer Methods and Programs in Biomedicine Update,NA,2666-9900,2026-05-21,NA,eme2025ukb
Computer Methods in Applied Mechanics and Engineering,NA,0045-7825,2026-05-21,NA,eme2025ukb
Computer Networks,NA,1389-1286,2026-05-21,NA,eme2025ukb
Computer Physics Communications,NA,0010-4655,2026-05-21,NA,eme2025ukb
Computer Science Review,NA,1574-0137,2026-05-21,NA,eme2025ukb
Computer Speech and Language,NA,0885-2308,2026-05-21,NA,eme2025ukb
Computer Standards & Interfaces,NA,0920-5489,2026-05-21,NA,eme2025ukb
Computer Vision and Image Understanding,NA,1077-3142,2026-05-21,NA,eme2025ukb
Computer-Aided Design,NA,0010-4485,2026-05-21,NA,eme2025ukb
Computerized Medical Imaging and Graphics,NA,0895-6111,2026-05-21,NA,eme2025ukb
Computers & Chemical Engineering,NA,0098-1354,2026-05-21,NA,eme2025ukb
Computers & Education,NA,0360-1315,2026-05-21,NA,eme2025ukb
Computers & Education: X Reality,NA,2949-6780,2026-05-21,NA,eme2025ukb
Computers & Electrical Engineering,NA,0045-7906,2026-05-21,NA,eme2025ukb
Computers & Fluids,NA,0045-7930,2026-05-21,NA,eme2025ukb
Computers & Geosciences,NA,0098-3004,2026-05-21,NA,eme2025ukb
Computers & Graphics,NA,0097-8493,2026-05-21,NA,eme2025ukb
Computers & Industrial Engineering,NA,0360-8352,2026-05-21,NA,eme2025ukb
Computers & Mathematics with Applications,NA,0898-1221,2026-05-21,NA,eme2025ukb
Computers & Operations Research,NA,0305-0548,2026-05-21,NA,eme2025ukb
Computers & Security,NA,0167-4048,2026-05-21,NA,eme2025ukb
Computers & Structures,NA,0045-7949,2026-05-21,NA,eme2025ukb
Computers and Composition,NA,8755-4615,2026-05-21,NA,eme2025ukb
Computers and Education Open,NA,2666-5573,2026-05-21,NA,eme2025ukb
Computers and Education: Artificial Intelligence,NA,2666-920X,2026-05-21,NA,eme2025ukb
Computers and Electronics in Agriculture,NA,0168-1699,2026-05-21,NA,eme2025ukb
Computers and Geotechnics,NA,0266-352X,2026-05-21,NA,eme2025ukb
Computers in Biology and Medicine,NA,0010-4825,2026-05-21,NA,eme2025ukb
Computers in Human Behavior,NA,0747-5632,2026-05-21,NA,eme2025ukb
Computers in Human Behavior Reports,NA,2451-9588,2026-05-21,NA,eme2025ukb
Computers in Human Behavior: Artificial Humans,NA,2949-8821,2026-05-21,NA,eme2025ukb
Computers in Industry,NA,0166-3615,2026-05-21,NA,eme2025ukb
"Computers, Environment and Urban Systems",NA,0198-9715,2026-05-21,NA,eme2025ukb
Consciousness and Cognition,NA,1053-8100,2026-05-21,NA,eme2025ukb
Construction and Building Materials,NA,0950-0618,2026-05-21,NA,eme2025ukb
Construction and Building Materials in Transportation,NA,3117-650X,2026-05-21,NA,eme2025ukb
Contact Lens & Anterior Eye,NA,1367-0484,2026-05-21,NA,eme2025ukb
Contemporary Clinical Trials,NA,1551-7144,2026-05-21,NA,eme2025ukb
Contemporary Clinical Trials Communications,NA,2451-8654,2026-05-21,NA,eme2025ukb
Contemporary Educational Psychology,NA,0361-476X,2026-05-21,NA,eme2025ukb
Continence,NA,2772-9737,2026-05-21,NA,eme2025ukb
Continence Reports,NA,2772-9745,2026-05-21,NA,eme2025ukb
Continental Shelf Research,NA,0278-4343,2026-05-21,NA,eme2025ukb
Contraception,NA,0010-7824,2026-05-21,NA,eme2025ukb
Control Engineering Practice,NA,0967-0661,2026-05-21,NA,eme2025ukb
Coordination Chemistry Research,NA,2950-4864,2026-05-21,NA,eme2025ukb
Coordination Chemistry Reviews,NA,0010-8545,2026-05-21,NA,eme2025ukb
Corrosion Science,NA,0010-938X,2026-05-21,NA,eme2025ukb
Cortex,NA,0010-9452,2026-05-21,NA,eme2025ukb
Cretaceous Research,NA,0195-6671,2026-05-21,NA,eme2025ukb
Critical Perspectives on Accounting,NA,1045-2354,2026-05-21,NA,eme2025ukb
Critical Reviews in Oncology/Hematology,NA,1040-8428,2026-05-21,NA,eme2025ukb
Crop and Environment,NA,2773-126X,2026-05-21,NA,eme2025ukb
Crop Protection,NA,0261-2194,2026-05-21,NA,eme2025ukb
Cryobiology,NA,0011-2240,2026-05-21,NA,eme2025ukb
Cryogenics,NA,0011-2275,2026-05-21,NA,eme2025ukb
Current Applied Physics,NA,1567-1739,2026-05-21,NA,eme2025ukb
Current Developments in Nutrition,NA,2475-2991,2026-05-21,NA,eme2025ukb
Current Opinion in Behavioral Sciences,NA,2352-1546,2026-05-21,NA,eme2025ukb
Current Opinion in Biomedical Engineering,NA,2468-4511,2026-05-21,NA,eme2025ukb
Current Opinion in Biotechnology,NA,0958-1669,2026-05-21,NA,eme2025ukb
Current Opinion in Cell Biology,NA,0955-0674,2026-05-21,NA,eme2025ukb
Current Opinion in Chemical Biology,NA,1367-5931,2026-05-21,NA,eme2025ukb
Current Opinion in Chemical Engineering,NA,2211-3398,2026-05-21,NA,eme2025ukb
Current Opinion in Colloid & Interface Science,NA,1359-0294,2026-05-21,NA,eme2025ukb
Current Opinion in Electrochemistry,NA,2451-9103,2026-05-21,NA,eme2025ukb
Current Opinion in Endocrine and Metabolic Research,NA,2451-9650,2026-05-21,NA,eme2025ukb
Current Opinion in Environmental Science & Health,NA,2468-5844,2026-05-21,NA,eme2025ukb
Current Opinion in Environmental Sustainability,NA,1877-3435,2026-05-21,NA,eme2025ukb
Current Opinion in Food Science,NA,2214-7993,2026-05-21,NA,eme2025ukb
Current Opinion in Genetics & Development,NA,0959-437X,2026-05-21,NA,eme2025ukb
Current Opinion in Green and Sustainable Chemistry,NA,2452-2236,2026-05-21,NA,eme2025ukb
Current Opinion in Immunology,NA,0952-7915,2026-05-21,NA,eme2025ukb
Current Opinion in Insect Science,NA,2214-5745,2026-05-21,NA,eme2025ukb
Current Opinion in Microbiology,NA,1369-5274,2026-05-21,NA,eme2025ukb
Current Opinion in Neurobiology,NA,0959-4388,2026-05-21,NA,eme2025ukb
Current Opinion in Pharmacology,NA,1471-4892,2026-05-21,NA,eme2025ukb
Current Opinion in Physiology,NA,2468-8673,2026-05-21,NA,eme2025ukb
Current Opinion in Plant Biology,NA,1369-5266,2026-05-21,NA,eme2025ukb
Current Opinion in Psychology,NA,2352-250X,2026-05-21,NA,eme2025ukb
Current Opinion in Solid State & Materials Science,NA,1359-0286,2026-05-21,NA,eme2025ukb
Current Opinion in Structural Biology,NA,0959-440X,2026-05-21,NA,eme2025ukb
Current Opinion in Systems Biology,NA,2452-3100,2026-05-21,NA,eme2025ukb
Current Opinion in Toxicology,NA,2468-2020,2026-05-21,NA,eme2025ukb
Current Opinion in Virology,NA,1879-6257,2026-05-21,NA,eme2025ukb
Current Plant Biology,NA,2214-6628,2026-05-21,NA,eme2025ukb
Current Problems in Cancer,NA,0147-0272,2026-05-21,NA,eme2025ukb
Current Problems in Cancer: Case Reports,NA,2666-6219,2026-05-21,NA,eme2025ukb
Current Problems in Cardiology,NA,0146-2806,2026-05-21,NA,eme2025ukb
Current Problems in Diagnostic Radiology,NA,0363-0188,2026-05-21,NA,eme2025ukb
Current Problems in Pediatric and Adolescent Health Care,NA,1538-5442,2026-05-21,NA,eme2025ukb
Current Problems in Surgery,NA,0011-3840,2026-05-21,NA,eme2025ukb
Current Research in Behavioral Sciences,NA,2666-5182,2026-05-21,NA,eme2025ukb
Current Research in Biotechnology,NA,2590-2628,2026-05-21,NA,eme2025ukb
Current Research in Ecological and Social Psychology,NA,2666-6227,2026-05-21,NA,eme2025ukb
Current Research in Environmental Sustainability,NA,2666-0490,2026-05-21,NA,eme2025ukb
Current Research in Food Science,NA,2665-9271,2026-05-21,NA,eme2025ukb
Current Research in Green and Sustainable Chemistry,NA,2666-0865,2026-05-21,NA,eme2025ukb
Current Research in Insect Science,NA,2666-5158,2026-05-21,NA,eme2025ukb
Current Research in Microbial Sciences,NA,2666-5174,2026-05-21,NA,eme2025ukb
Current Research in Neurobiology,NA,2665-945X,2026-05-21,NA,eme2025ukb
Current Research in Parasitology and Vector-Borne Diseases,NA,2667-114X,2026-05-21,NA,eme2025ukb
Current Research in Pharmacology and Drug Discovery,NA,2590-2571,2026-05-21,NA,eme2025ukb
Current Research in Physiology,NA,2665-9441,2026-05-21,NA,eme2025ukb
Current Research in Structural Biology,NA,2665-928X,2026-05-21,NA,eme2025ukb
Current Research in Toxicology,NA,2666-027X,2026-05-21,NA,eme2025ukb
Current Research in Translational Medicine,NA,2452-3186,2026-05-21,NA,eme2025ukb
Current Therapeutic Research,NA,0011-393X,2026-05-21,NA,eme2025ukb
Currents in Pharmacy Teaching and Learning,NA,1877-1297,2026-05-21,NA,eme2025ukb
Cytokine,NA,1043-4666,2026-05-21,NA,eme2025ukb
Cytokine & Growth Factor Reviews,NA,1359-6101,2026-05-21,NA,eme2025ukb
Cytotherapy,NA,1465-3249,2026-05-21,NA,eme2025ukb
Data & Knowledge Engineering,NA,0169-023X,2026-05-21,NA,eme2025ukb
Data in Brief,NA,2352-3409,2026-05-21,NA,eme2025ukb
DeCarbon,NA,2949-8813,2026-05-21,NA,eme2025ukb
Decision Analytics Journal,NA,2772-6622,2026-05-21,NA,eme2025ukb
Decision Support Systems,NA,0167-9236,2026-05-21,NA,eme2025ukb
Deep Brain Stimulation,NA,2949-6691,2026-05-21,NA,eme2025ukb
Deep-Sea Research Part I: Oceanographic Research Papers,NA,0967-0637,2026-05-21,NA,eme2025ukb
Deep-Sea Research Part II: Topical Studies in Oceanography,NA,0967-0645,2026-05-21,NA,eme2025ukb
Dendrochronologia,NA,1125-7865,2026-05-21,NA,eme2025ukb
Dental Materials,NA,0109-5641,2026-05-21,NA,eme2025ukb
Dentistry Review,NA,2772-5596,2026-05-21,NA,eme2025ukb
Desalination,NA,0011-9164,2026-05-21,NA,eme2025ukb
Desalination and Water Treatment,NA,1944-3986,2026-05-21,NA,eme2025ukb
Design Studies,NA,0142-694X,2026-05-21,NA,eme2025ukb
Development and Sustainability in Economics and Finance,NA,2950-5240,2026-05-21,NA,eme2025ukb
Developmental & Comparative Immunology,NA,0145-305X,2026-05-21,NA,eme2025ukb
Developmental Biology,NA,0012-1606,2026-05-21,NA,eme2025ukb
Developmental Cognitive Neuroscience,NA,1878-9293,2026-05-21,NA,eme2025ukb
Developmental Review,NA,0273-2297,2026-05-21,NA,eme2025ukb
Developments in the Built Environment,NA,2666-1659,2026-05-21,NA,eme2025ukb
Diabetes & Metabolic Syndrome: Clinical Research & Reviews,NA,1871-4021,2026-05-21,NA,eme2025ukb
Diabetes & Metabolism,NA,1262-3636,2026-05-21,NA,eme2025ukb
Diabetes Epidemiology and Management,NA,2666-9706,2026-05-21,NA,eme2025ukb
Diabetes Research and Clinical Practice,NA,0168-8227,2026-05-21,NA,eme2025ukb
Diagnostic and Interventional Imaging,NA,2211-5684,2026-05-21,NA,eme2025ukb
Diagnostic Microbiology and Infectious Disease,NA,0732-8893,2026-05-21,NA,eme2025ukb
Dialogues in Health,NA,2772-6533,2026-05-21,NA,eme2025ukb
Diamond and Related Materials,NA,0925-9635,2026-05-21,NA,eme2025ukb
Differential Geometry and its Applications,NA,0926-2245,2026-05-21,NA,eme2025ukb
Differentiation,NA,0301-4681,2026-05-21,NA,eme2025ukb
Digestive and Liver Disease,NA,1590-8658,2026-05-21,NA,eme2025ukb
Digital Applications in Archaeology and Cultural Heritage,NA,2212-0548,2026-05-21,NA,eme2025ukb
Digital Business,NA,2666-9544,2026-05-21,NA,eme2025ukb
Digital Chemical Engineering,NA,2772-5081,2026-05-21,NA,eme2025ukb
Digital Dentistry Journal,NA,2950-6433,2026-05-21,NA,eme2025ukb
Digital Engineering,NA,2950-550X,2026-05-21,NA,eme2025ukb
Digital Geography and Society,NA,2666-3783,2026-05-21,NA,eme2025ukb
Digital Signal Processing,NA,1051-2004,2026-05-21,NA,eme2025ukb
Disability and Health Journal,NA,1936-6574,2026-05-21,NA,eme2025ukb
"Discourse, Context & Media",NA,2211-6958,2026-05-21,NA,eme2025ukb
Discrete Applied Mathematics,NA,0166-218X,2026-05-21,NA,eme2025ukb
Discrete Mathematics,NA,0012-365X,2026-05-21,NA,eme2025ukb
Discrete Optimization,NA,1572-5286,2026-05-21,NA,eme2025ukb
Disease and Therapeutics,NA,3050-9998,2026-05-21,NA,eme2025ukb
Disease-A-Month,NA,0011-5029,2026-05-21,NA,eme2025ukb
Displays,NA,0141-9382,2026-05-21,NA,eme2025ukb
DNA Repair,NA,1568-7864,2026-05-21,NA,eme2025ukb
Domestic Animal Endocrinology,NA,0739-7240,2026-05-21,NA,eme2025ukb
Douleurs,NA,1624-5687,2026-05-21,NA,eme2025ukb
Drug and Alcohol Dependence,NA,0376-8716,2026-05-21,NA,eme2025ukb
Drug and Alcohol Dependence Reports,NA,2772-7246,2026-05-21,NA,eme2025ukb
Drug Discovery Today,NA,1359-6446,2026-05-21,NA,eme2025ukb
Drug Metabolism and Disposition,NA,0090-9556,2026-05-21,NA,eme2025ukb
Drug Metabolism and Pharmacokinetics,NA,1347-4367,2026-05-21,NA,eme2025ukb
Drug Resistance Updates,NA,1368-7646,2026-05-21,NA,eme2025ukb
Dyes and Pigments,NA,0143-7208,2026-05-21,NA,eme2025ukb
Dynamics of Atmospheres and Oceans,NA,0377-0265,2026-05-21,NA,eme2025ukb
EANM Innovation,NA,3051-2913,2026-05-21,NA,eme2025ukb
Early Childhood Research Quarterly,NA,0885-2006,2026-05-21,NA,eme2025ukb
Early Human Development,NA,0378-3782,2026-05-21,NA,eme2025ukb
Earth and Planetary Science Letters,NA,0012-821X,2026-05-21,NA,eme2025ukb
Earth History and Biodiversity,NA,2950-4759,2026-05-21,NA,eme2025ukb
Earth System,NA,3051-3111,2026-05-21,NA,eme2025ukb
Earth System Governance,NA,2589-8116,2026-05-21,NA,eme2025ukb
Earth-Science Reviews,NA,0012-8252,2026-05-21,NA,eme2025ukb
Eating Behaviors,NA,1471-0153,2026-05-21,NA,eme2025ukb
eBioMedicine,NA,2352-3964,2026-05-21,NA,eme2025ukb
eClinicalMedicine,NA,2589-5370,2026-05-21,NA,eme2025ukb
Ecohydrology & Hydrobiology,NA,1642-3593,2026-05-21,NA,eme2025ukb
Ecological Complexity,NA,1476-945X,2026-05-21,NA,eme2025ukb
Ecological Economics,NA,0921-8009,2026-05-21,NA,eme2025ukb
Ecological Engineering,NA,0925-8574,2026-05-21,NA,eme2025ukb
Ecological Frontiers,NA,2950-5097,2026-05-21,NA,eme2025ukb
Ecological Genetics and Genomics,NA,2405-9854,2026-05-21,NA,eme2025ukb
Ecological Indicators,NA,1470-160X,2026-05-21,NA,eme2025ukb
Ecological Informatics,NA,1574-9541,2026-05-21,NA,eme2025ukb
Ecological Modelling,NA,0304-3800,2026-05-21,NA,eme2025ukb
Econometrics and Statistics,NA,2452-3062,2026-05-21,NA,eme2025ukb
Economic Analysis and Policy,NA,0313-5926,2026-05-21,NA,eme2025ukb
Economic Modelling,NA,0264-9993,2026-05-21,NA,eme2025ukb
Economic Systems,NA,0939-3625,2026-05-21,NA,eme2025ukb
Economics & Human Biology,NA,1570-677X,2026-05-21,NA,eme2025ukb
Economics Letters,NA,0165-1765,2026-05-21,NA,eme2025ukb
Economics of Education Review,NA,0272-7757,2026-05-21,NA,eme2025ukb
Economics of Transportation,NA,2212-0122,2026-05-21,NA,eme2025ukb
Ecosystem Services,NA,2212-0416,2026-05-21,NA,eme2025ukb
Ecotoxicology and Environmental Safety,NA,0147-6513,2026-05-21,NA,eme2025ukb
Educación Médica,NA,1575-1813,2026-05-21,NA,eme2025ukb
Education for Chemical Engineers,NA,1749-7728,2026-05-21,NA,eme2025ukb
Educational Research Review,NA,1747-938X,2026-05-21,NA,eme2025ukb
Egyptian Informatics Journal,NA,1110-8665,2026-05-21,NA,eme2025ukb
Egyptian Journal of Aquatic Research,NA,1687-4285,2026-05-21,NA,eme2025ukb
EJC Paediatric Oncology,NA,2772-610X,2026-05-21,NA,eme2025ukb
EJC Skin Cancer,NA,2772-6118,2026-05-21,NA,eme2025ukb
EJVES Vascular Forum,NA,2666-688X,2026-05-21,NA,eme2025ukb
Electoral Studies,NA,0261-3794,2026-05-21,NA,eme2025ukb
Electric Power Systems Research,NA,0378-7796,2026-05-21,NA,eme2025ukb
Electrochemistry Communications,NA,1388-2481,2026-05-21,NA,eme2025ukb
Electrochimica Acta,NA,0013-4686,2026-05-21,NA,eme2025ukb
Electronic Commerce Research and Applications,NA,1567-4223,2026-05-21,NA,eme2025ukb
Electronic Journal of Biotechnology,NA,0717-3458,2026-05-21,NA,eme2025ukb
Emerging Markets Review,NA,1566-0141,2026-05-21,NA,eme2025ukb
"Emerging Trends in Drugs, Addictions, and Health",NA,2667-1182,2026-05-21,NA,eme2025ukb
"Emotion, Space and Society",NA,1755-4586,2026-05-21,NA,eme2025ukb
Endeavour,NA,0160-9327,2026-05-21,NA,eme2025ukb
Endocrine and Metabolic Science,NA,2666-3961,2026-05-21,NA,eme2025ukb
Endocrine Practice,NA,1530-891X,2026-05-21,NA,eme2025ukb
"Endocrinología, Diabetes y Nutrición",NA,2530-0164,2026-05-21,NA,eme2025ukb
"Endocrinología, Diabetes y Nutrición (English Edition)",NA,2530-0180,2026-05-21,NA,eme2025ukb
Energy,NA,0360-5442,2026-05-21,NA,eme2025ukb
Energy 360,NA,2950-4872,2026-05-21,NA,eme2025ukb
Energy and AI,NA,2666-5468,2026-05-21,NA,eme2025ukb
Energy and Buildings,NA,0378-7788,2026-05-21,NA,eme2025ukb
Energy and Climate Change,NA,2666-2787,2026-05-21,NA,eme2025ukb
Energy Conversion and Management,NA,0196-8904,2026-05-21,NA,eme2025ukb
Energy Conversion and Management: X,NA,2590-1745,2026-05-21,NA,eme2025ukb
Energy Economics,NA,0140-9883,2026-05-21,NA,eme2025ukb
Energy Efficiency First,NA,2950-1563,2026-05-21,NA,eme2025ukb
Energy for Sustainable Development,NA,0973-0826,2026-05-21,NA,eme2025ukb
Energy Nexus,NA,2772-4271,2026-05-21,NA,eme2025ukb
Energy Policy,NA,0301-4215,2026-05-21,NA,eme2025ukb
Energy Reports,NA,2352-4847,2026-05-21,NA,eme2025ukb
Energy Research & Social Science,NA,2214-6296,2026-05-21,NA,eme2025ukb
Energy Reviews,NA,2772-9702,2026-05-21,NA,eme2025ukb
Energy Storage Materials,NA,2405-8297,2026-05-21,NA,eme2025ukb
Energy Strategy Reviews,NA,2211-467X,2026-05-21,NA,eme2025ukb
EnergyChem,NA,2589-7780,2026-05-21,NA,eme2025ukb
eNeurologicalSci,NA,2405-6502,2026-05-21,NA,eme2025ukb
Enfermedades Infecciosas y Microbiología Clínica,NA,0213-005X,2026-05-21,NA,eme2025ukb
Enfermedades Infecciosas y Microbiología Clínica (English Edition),NA,2529-993X,2026-05-21,NA,eme2025ukb
Enfermería Clínica,NA,1130-8621,2026-05-21,NA,eme2025ukb
Enfermería Clínica (English Edition),NA,2445-1479,2026-05-21,NA,eme2025ukb
Enfermería intensiva,NA,1130-2399,2026-05-21,NA,eme2025ukb
Enfermería Intensiva (English Edition),NA,2529-9840,2026-05-21,NA,eme2025ukb
Engineering,NA,2095-8099,2026-05-21,NA,eme2025ukb
Engineering Analysis with Boundary Elements,NA,0955-7997,2026-05-21,NA,eme2025ukb
Engineering Applications of Artificial Intelligence,NA,0952-1976,2026-05-21,NA,eme2025ukb
Engineering Failure Analysis,NA,1350-6307,2026-05-21,NA,eme2025ukb
Engineering Fracture Mechanics,NA,0013-7944,2026-05-21,NA,eme2025ukb
Engineering Geology,NA,0013-7952,2026-05-21,NA,eme2025ukb
"Engineering Science and Technology, an International Journal",NA,2215-0986,2026-05-21,NA,eme2025ukb
Engineering Structures,NA,0141-0296,2026-05-21,NA,eme2025ukb
English for Specific Purposes,NA,0889-4906,2026-05-21,NA,eme2025ukb
Entertainment Computing,NA,1875-9521,2026-05-21,NA,eme2025ukb
Environment International,NA,0160-4120,2026-05-21,NA,eme2025ukb
Environmental Advances,NA,2666-7657,2026-05-21,NA,eme2025ukb
Environmental and Experimental Botany,NA,0098-8472,2026-05-21,NA,eme2025ukb
Environmental and Sustainability Indicators,NA,2665-9727,2026-05-21,NA,eme2025ukb
Environmental Challenges,NA,2667-0100,2026-05-21,NA,eme2025ukb
Environmental Development,NA,2211-4645,2026-05-21,NA,eme2025ukb
Environmental Impact Assessment Review,NA,0195-9255,2026-05-21,NA,eme2025ukb
Environmental Innovation and Societal Transitions,NA,2210-4224,2026-05-21,NA,eme2025ukb
Environmental Management: Economics and Policy,NA,3117-325X,2026-05-21,NA,eme2025ukb
Environmental Management: Emerging Contaminants,NA,3117-5929,2026-05-21,NA,eme2025ukb
Environmental Management: Engineering and Technology,NA,3117-3268,2026-05-21,NA,eme2025ukb
Environmental Management: Smart Solutions,NA,3117-6496,2026-05-21,NA,eme2025ukb
Environmental Modelling & Software,NA,1364-8152,2026-05-21,NA,eme2025ukb
"Environmental Nanotechnology, Monitoring and Management",NA,2215-1532,2026-05-21,NA,eme2025ukb
Environmental Nexus,NA,3050-9890,2026-05-21,NA,eme2025ukb
Environmental Pollution,NA,0269-7491,2026-05-21,NA,eme2025ukb
Environmental Research,NA,0013-9351,2026-05-21,NA,eme2025ukb
Environmental Science & Policy,NA,1462-9011,2026-05-21,NA,eme2025ukb
Environmental Science and Ecotechnology,NA,2666-4984,2026-05-21,NA,eme2025ukb
Environmental Technology & Innovation,NA,2352-1864,2026-05-21,NA,eme2025ukb
Environmental Toxicology and Pharmacology,NA,1382-6689,2026-05-21,NA,eme2025ukb
Enzyme and Microbial Technology,NA,0141-0229,2026-05-21,NA,eme2025ukb
Epidemics,NA,1755-4365,2026-05-21,NA,eme2025ukb
Epilepsy & Behavior,NA,1525-5050,2026-05-21,NA,eme2025ukb
Epilepsy & Behavior Reports,NA,2589-9864,2026-05-21,NA,eme2025ukb
Epilepsy Research,NA,0920-1211,2026-05-21,NA,eme2025ukb
"e-Prime – Nexus of Electrical, Electronic, and Intelligent Engineering",NA,2772-6711,2026-05-21,NA,eme2025ukb
Equity Neuroscience,NA,3050-8401,2026-05-21,NA,eme2025ukb
ESMO Gastrointestinal Oncology,NA,2949-8198,2026-05-21,NA,eme2025ukb
ESMO Open,NA,2059-7029,2026-05-21,NA,eme2025ukb
ESMO Rare Cancers,NA,3050-4619,2026-05-21,NA,eme2025ukb
ESMO Real World Data and Digital Oncology,NA,2949-8201,2026-05-21,NA,eme2025ukb
"Estuarine, Coastal and Shelf Science",NA,0272-7714,2026-05-21,NA,eme2025ukb
"Ethics, Medicine & Public Health",NA,2352-5525,2026-05-21,NA,eme2025ukb
Éthique & Santé,NA,1765-4629,2026-05-21,NA,eme2025ukb
eTransportation,NA,2590-1168,2026-05-21,NA,eme2025ukb
EULAR Rheumatology Open,NA,3050-7081,2026-05-21,NA,eme2025ukb
EURO Journal on Computational Optimization,NA,2192-4406,2026-05-21,NA,eme2025ukb
EURO Journal on Decision Processes,NA,2193-9438,2026-05-21,NA,eme2025ukb
EURO Journal on Transportation and Logistics,NA,2192-4376,2026-05-21,NA,eme2025ukb
"European Annals of Otorhinolaryngology, Head and Neck Diseases",NA,1879-7296,2026-05-21,NA,eme2025ukb
European Economic Review,NA,0014-2921,2026-05-21,NA,eme2025ukb
European Journal of Agronomy,NA,1161-0301,2026-05-21,NA,eme2025ukb
European Journal of Cancer,NA,0959-8049,2026-05-21,NA,eme2025ukb
European Journal of Cell Biology,NA,0171-9335,2026-05-21,NA,eme2025ukb
European Journal of Combinatorics,NA,0195-6698,2026-05-21,NA,eme2025ukb
European Journal of Control,NA,0947-3580,2026-05-21,NA,eme2025ukb
European Journal of Integrative Medicine,NA,1876-3820,2026-05-21,NA,eme2025ukb
European Journal of Internal Medicine,NA,0953-6205,2026-05-21,NA,eme2025ukb
European Journal of Mechanics - A/Solids,NA,0997-7538,2026-05-21,NA,eme2025ukb
European Journal of Mechanics - B/Fluids,NA,0997-7546,2026-05-21,NA,eme2025ukb
European Journal of Medical Genetics,NA,1769-7212,2026-05-21,NA,eme2025ukb
European Journal of Medicinal Chemistry,NA,0223-5234,2026-05-21,NA,eme2025ukb
European Journal of Medicinal Chemistry Reports,NA,2772-4174,2026-05-21,NA,eme2025ukb
European Journal of Obstetrics & Gynecology and Reproductive Biology,NA,0301-2115,2026-05-21,NA,eme2025ukb
European Journal of Obstetrics & Gynecology and Reproductive Biology: X,NA,2590-1613,2026-05-21,NA,eme2025ukb
European Journal of Oncology Nursing,NA,1462-3889,2026-05-21,NA,eme2025ukb
European Journal of Operational Research,NA,0377-2217,2026-05-21,NA,eme2025ukb
European Journal of Paediatric Neurology,NA,1090-3798,2026-05-21,NA,eme2025ukb
European Journal of Pharmaceutical Sciences,NA,0928-0987,2026-05-21,NA,eme2025ukb
European Journal of Pharmaceutics and Biopharmaceutics,NA,0939-6411,2026-05-21,NA,eme2025ukb
European Journal of Pharmacology,NA,0014-2999,2026-05-21,NA,eme2025ukb
European Journal of Political Economy,NA,0176-2680,2026-05-21,NA,eme2025ukb
European Journal of Protistology,NA,0932-4739,2026-05-21,NA,eme2025ukb
European Journal of Radiology,NA,0720-048X,2026-05-21,NA,eme2025ukb
European Journal of Radiology Artificial Intelligence,NA,3050-5771,2026-05-21,NA,eme2025ukb
European Journal of Radiology Open,NA,2352-0477,2026-05-21,NA,eme2025ukb
European Journal of Soil Biology,NA,1164-5563,2026-05-21,NA,eme2025ukb
European Journal of Surgical Oncology,NA,0748-7983,2026-05-21,NA,eme2025ukb
European Journal of Trauma & Dissociation,NA,2468-7499,2026-05-21,NA,eme2025ukb
European Journal of Vascular and Endovascular Surgery,NA,1078-5884,2026-05-21,NA,eme2025ukb
European Management Journal,NA,0263-2373,2026-05-21,NA,eme2025ukb
European Neuropsychopharmacology,NA,0924-977X,2026-05-21,NA,eme2025ukb
European Polymer Journal,NA,0014-3057,2026-05-21,NA,eme2025ukb
European Poultry Science,NA,0003-9098,2026-05-21,NA,eme2025ukb
European Research on Management and Business Economics,NA,2444-8834,2026-05-21,NA,eme2025ukb
European Review of Applied Psychology,NA,1162-9088,2026-05-21,NA,eme2025ukb
European Transport Studies,NA,2950-2985,2026-05-21,NA,eme2025ukb
European Urology,NA,0302-2838,2026-05-21,NA,eme2025ukb
European Urology Focus,NA,2405-4569,2026-05-21,NA,eme2025ukb
European Urology Oncology,NA,2588-9311,2026-05-21,NA,eme2025ukb
European Urology Open Science,NA,2666-1683,2026-05-21,NA,eme2025ukb
Evaluation and Program Planning,NA,0149-7189,2026-05-21,NA,eme2025ukb
Evolution and Human Behavior,NA,1090-5138,2026-05-21,NA,eme2025ukb
Evolving Earth,NA,2950-1172,2026-05-21,NA,eme2025ukb
Examples and Counterexamples,NA,2666-657X,2026-05-21,NA,eme2025ukb
Experimental and Molecular Pathology,NA,0014-4800,2026-05-21,NA,eme2025ukb
Experimental Cell Research,NA,0014-4827,2026-05-21,NA,eme2025ukb
Experimental Eye Research,NA,0014-4835,2026-05-21,NA,eme2025ukb
Experimental Gerontology,NA,0531-5565,2026-05-21,NA,eme2025ukb
Experimental Hematology,NA,0301-472X,2026-05-21,NA,eme2025ukb
Experimental Neurology,NA,0014-4886,2026-05-21,NA,eme2025ukb
Experimental Parasitology,NA,0014-4894,2026-05-21,NA,eme2025ukb
Experimental Thermal and Fluid Science,NA,0894-1777,2026-05-21,NA,eme2025ukb
Expert Systems with Applications,NA,0957-4174,2026-05-21,NA,eme2025ukb
Explorations in Economic History,NA,0014-4983,2026-05-21,NA,eme2025ukb
Exploratory Research in Clinical and Social Pharmacy,NA,2667-2766,2026-05-21,NA,eme2025ukb
EXPLORE,NA,1550-8307,2026-05-21,NA,eme2025ukb
Expositiones Mathematicae,NA,0723-0869,2026-05-21,NA,eme2025ukb
Extracellular Vesicle,NA,2773-0417,2026-05-21,NA,eme2025ukb
Extreme Mechanics Letters,NA,2352-4316,2026-05-21,NA,eme2025ukb
F&S Reports,NA,2666-3341,2026-05-21,NA,eme2025ukb
F&S Reviews,NA,2666-5719,2026-05-21,NA,eme2025ukb
F&S Science,NA,2666-335X,2026-05-21,NA,eme2025ukb
Farming System,NA,2949-9119,2026-05-21,NA,eme2025ukb
Fermented Foods,NA,3051-231X,2026-05-21,NA,eme2025ukb
Fertility and Sterility,NA,0015-0282,2026-05-21,NA,eme2025ukb
Field Crops Research,NA,0378-4290,2026-05-21,NA,eme2025ukb
Finance Research Letters,NA,1544-6123,2026-05-21,NA,eme2025ukb
Finance Research Open,NA,3050-7006,2026-05-21,NA,eme2025ukb
Finite Elements in Analysis and Design,NA,0168-874X,2026-05-21,NA,eme2025ukb
Finite Fields and Their Applications,NA,1071-5797,2026-05-21,NA,eme2025ukb
Fire Safety Journal,NA,0379-7112,2026-05-21,NA,eme2025ukb
First Nations Health and Wellbeing - The Lowitja Journal,NA,2949-8406,2026-05-21,NA,eme2025ukb
Fish & Shellfish Immunology,NA,1050-4648,2026-05-21,NA,eme2025ukb
Fisheries Research,NA,0165-7836,2026-05-21,NA,eme2025ukb
Fisioterapia,NA,0211-5638,2026-05-21,NA,eme2025ukb
Fitoterapia,NA,0367-326X,2026-05-21,NA,eme2025ukb
FlatChem,NA,2452-2627,2026-05-21,NA,eme2025ukb
Flora,NA,0367-2530,2026-05-21,NA,eme2025ukb
Flow Measurement and Instrumentation,NA,0955-5986,2026-05-21,NA,eme2025ukb
Fluid Phase Equilibria,NA,0378-3812,2026-05-21,NA,eme2025ukb
Food and Bioproducts Processing,NA,0960-3085,2026-05-21,NA,eme2025ukb
Food and Chemical Toxicology,NA,0278-6915,2026-05-21,NA,eme2025ukb
Food and Humanity,NA,2949-8244,2026-05-21,NA,eme2025ukb
Food and Waterborne Parasitology,NA,2405-6766,2026-05-21,NA,eme2025ukb
Food Bioscience,NA,2212-4292,2026-05-21,NA,eme2025ukb
Food Chemistry,NA,0308-8146,2026-05-21,NA,eme2025ukb
Food Chemistry Advances,NA,2772-753X,2026-05-21,NA,eme2025ukb
Food Chemistry: Molecular Sciences,NA,2666-5662,2026-05-21,NA,eme2025ukb
Food Chemistry: X,NA,2590-1575,2026-05-21,NA,eme2025ukb
Food Control,NA,0956-7135,2026-05-21,NA,eme2025ukb
Food Hydrocolloids,NA,0268-005X,2026-05-21,NA,eme2025ukb
Food Hydrocolloids for Health,NA,2667-0259,2026-05-21,NA,eme2025ukb
Food Microbiology,NA,0740-0020,2026-05-21,NA,eme2025ukb
Food Packaging and Shelf Life,NA,2214-2894,2026-05-21,NA,eme2025ukb
Food Policy,NA,0306-9192,2026-05-21,NA,eme2025ukb
Food Quality and Preference,NA,0950-3293,2026-05-21,NA,eme2025ukb
Food Research International,NA,0963-9969,2026-05-21,NA,eme2025ukb
Food Structure,NA,2213-3291,2026-05-21,NA,eme2025ukb
Food Webs,NA,2352-2496,2026-05-21,NA,eme2025ukb
"Foot & Ankle Surgery: Techniques, Reports & Cases",NA,2667-3967,2026-05-21,NA,eme2025ukb
Foot and Ankle Surgery,NA,1268-7731,2026-05-21,NA,eme2025ukb
Football Studies,NA,3051-2689,2026-05-21,NA,eme2025ukb
Forces in Mechanics,NA,2666-3597,2026-05-21,NA,eme2025ukb
Forensic Chemistry,NA,2468-1709,2026-05-21,NA,eme2025ukb
Forensic Imaging,NA,2666-2256,2026-05-21,NA,eme2025ukb
Forensic Science International,NA,0379-0738,2026-05-21,NA,eme2025ukb
Forensic Science International: Digital Investigation,NA,2666-2817,2026-05-21,NA,eme2025ukb
Forensic Science International: Genetics,NA,1872-4973,2026-05-21,NA,eme2025ukb
Forensic Science International: Genetics Supplement Series,NA,1875-1768,2026-05-21,NA,eme2025ukb
Forensic Science International: Reports,NA,2665-9107,2026-05-21,NA,eme2025ukb
Forensic Science International: Synergy,NA,2589-871X,2026-05-21,NA,eme2025ukb
Forest Ecology and Management,NA,0378-1127,2026-05-21,NA,eme2025ukb
Forest Policy and Economics,NA,1389-9341,2026-05-21,NA,eme2025ukb
Franklin Open,NA,2773-1863,2026-05-21,NA,eme2025ukb
Free Radical Biology & Medicine,NA,0891-5849,2026-05-21,NA,eme2025ukb
Frontiers in Neuroendocrinology,NA,0091-3022,2026-05-21,NA,eme2025ukb
Fuel,NA,0016-2361,2026-05-21,NA,eme2025ukb
Fuel Communications,NA,2666-0520,2026-05-21,NA,eme2025ukb
Fuel Processing Technology,NA,0378-3820,2026-05-21,NA,eme2025ukb
Fundamental Plasma Physics,NA,2772-8285,2026-05-21,NA,eme2025ukb
Fungal Biology,NA,1878-6146,2026-05-21,NA,eme2025ukb
Fungal Biology Reviews,NA,1749-4613,2026-05-21,NA,eme2025ukb
Fungal Ecology,NA,1754-5048,2026-05-21,NA,eme2025ukb
Fungal Genetics and Biology,NA,1087-1845,2026-05-21,NA,eme2025ukb
Fusion Engineering and Design,NA,0920-3796,2026-05-21,NA,eme2025ukb
Fuß & Sprunggelenk,NA,1619-9987,2026-05-21,NA,eme2025ukb
Future Batteries,NA,2950-2640,2026-05-21,NA,eme2025ukb
Future Foods,NA,2666-8335,2026-05-21,NA,eme2025ukb
Future Generation Computer Systems,NA,0167-739X,2026-05-21,NA,eme2025ukb
Future Healthcare Journal,NA,2514-6645,2026-05-21,NA,eme2025ukb
Futures,NA,0016-3287,2026-05-21,NA,eme2025ukb
Fuzzy Sets and Systems,NA,0165-0114,2026-05-21,NA,eme2025ukb
Gait & Posture,NA,0966-6362,2026-05-21,NA,eme2025ukb
Games and Economic Behavior,NA,0899-8256,2026-05-21,NA,eme2025ukb
Gas Science and Engineering,NA,2949-9089,2026-05-21,NA,eme2025ukb
Gastro Hep Advances,NA,2772-5723,2026-05-21,NA,eme2025ukb
Gastroenterología y Hepatología,NA,0210-5705,2026-05-21,NA,eme2025ukb
Gastroenterología y Hepatología (English Edition),NA,2444-3824,2026-05-21,NA,eme2025ukb
Gastroenterology,NA,0016-5085,2026-05-21,NA,eme2025ukb
Gastrointestinal Endoscopy,NA,0016-5107,2026-05-21,NA,eme2025ukb
Gene,NA,0378-1119,2026-05-21,NA,eme2025ukb
Gene Expression Patterns,NA,1567-133X,2026-05-21,NA,eme2025ukb
Gene Reports,NA,2452-0144,2026-05-21,NA,eme2025ukb
General and Comparative Endocrinology,NA,0016-6480,2026-05-21,NA,eme2025ukb
General Hospital Psychiatry,NA,0163-8343,2026-05-21,NA,eme2025ukb
Genetics in Medicine,NA,1098-3600,2026-05-21,NA,eme2025ukb
Genetics in Medicine Open,NA,2949-7744,2026-05-21,NA,eme2025ukb
Genomics,NA,0888-7543,2026-05-21,NA,eme2025ukb
Geobios,NA,0016-6995,2026-05-21,NA,eme2025ukb
Geochemistry,NA,0009-2819,2026-05-21,NA,eme2025ukb
Geochimica et Cosmochimica Acta,NA,0016-7037,2026-05-21,NA,eme2025ukb
Geodata and AI,NA,3050-483X,2026-05-21,NA,eme2025ukb
Geoderma,NA,0016-7061,2026-05-21,NA,eme2025ukb
Geoderma Regional,NA,2352-0094,2026-05-21,NA,eme2025ukb
Geoenergy Science and Engineering,NA,2949-8910,2026-05-21,NA,eme2025ukb
Geoforum,NA,0016-7185,2026-05-21,NA,eme2025ukb
Geography and Sustainability,NA,2666-6839,2026-05-21,NA,eme2025ukb
Geomatica,NA,1195-1036,2026-05-21,NA,eme2025ukb
Geomechanics for Energy and the Environment,NA,2352-3808,2026-05-21,NA,eme2025ukb
Geomorphology,NA,0169-555X,2026-05-21,NA,eme2025ukb
Geopsychiatry,NA,3050-7138,2026-05-21,NA,eme2025ukb
Geotextiles and Geomembranes,NA,0266-1144,2026-05-21,NA,eme2025ukb
Geothermics,NA,0375-6505,2026-05-21,NA,eme2025ukb
Geriatric Nursing,NA,0197-4572,2026-05-21,NA,eme2025ukb
Geriatric Nursing: Asia,NA,3051-3146,2026-05-21,NA,eme2025ukb
Giant,NA,2666-5425,2026-05-21,NA,eme2025ukb
Glial Health Research,NA,2950-4074,2026-05-21,NA,eme2025ukb
Global and Earth Surface Processes Change,NA,2950-4740,2026-05-21,NA,eme2025ukb
Global and Planetary Change,NA,0921-8181,2026-05-21,NA,eme2025ukb
Global Challenges & Regional Science,NA,3050-502X,2026-05-21,NA,eme2025ukb
Global Ecology and Conservation,NA,2351-9894,2026-05-21,NA,eme2025ukb
Global Economics Research,NA,3050-8037,2026-05-21,NA,eme2025ukb
Global Environmental Change,NA,0959-3780,2026-05-21,NA,eme2025ukb
Global Environmental Change Advances,NA,2950-1385,2026-05-21,NA,eme2025ukb
Global Epidemiology,NA,2590-1133,2026-05-21,NA,eme2025ukb
Global Finance Journal,NA,1044-0283,2026-05-21,NA,eme2025ukb
Global Food Security,NA,2211-9124,2026-05-21,NA,eme2025ukb
Global Neurological Insights,NA,3051-2484,2026-05-21,NA,eme2025ukb
Global Pediatrics,NA,2667-0097,2026-05-21,NA,eme2025ukb
Gondwana Research,NA,1342-937X,2026-05-21,NA,eme2025ukb
Government Information Quarterly,NA,0740-624X,2026-05-21,NA,eme2025ukb
Graphical Models,NA,1524-0703,2026-05-21,NA,eme2025ukb
Green Analytical Chemistry,NA,2772-5774,2026-05-21,NA,eme2025ukb
Groundwater for Sustainable Development,NA,2352-801X,2026-05-21,NA,eme2025ukb
Growth Hormone & IGF Research,NA,1096-6374,2026-05-21,NA,eme2025ukb
Gut Microbiology,NA,3051-1720,2026-05-21,NA,eme2025ukb
Gut Microbiome and Health,NA,3117-3594,2026-05-21,NA,eme2025ukb
Gynecologic Oncology,NA,0090-8258,2026-05-21,NA,eme2025ukb
Gynecologic Oncology Reports,NA,2352-5789,2026-05-21,NA,eme2025ukb
Gynécologie Obstétrique Fertilité & Sénologie,NA,2468-7189,2026-05-21,NA,eme2025ukb
Habitat International,NA,0197-3975,2026-05-21,NA,eme2025ukb
Hand Surgery & Rehabilitation,NA,2468-1229,2026-05-21,NA,eme2025ukb
HardwareX,NA,2468-0672,2026-05-21,NA,eme2025ukb
Harmful Algae,NA,1568-9883,2026-05-21,NA,eme2025ukb
Health & Place,NA,1353-8292,2026-05-21,NA,eme2025ukb
Health Care Transitions,NA,2949-9232,2026-05-21,NA,eme2025ukb
Health Policy,NA,0168-8510,2026-05-21,NA,eme2025ukb
Health Policy and Technology,NA,2211-8837,2026-05-21,NA,eme2025ukb
Health Policy in Asia,NA,3117-4620,2026-05-21,NA,eme2025ukb
Health Policy OPEN,NA,2590-2296,2026-05-21,NA,eme2025ukb
Health Sciences Review,NA,2772-6320,2026-05-21,NA,eme2025ukb
Healthcare Analytics,NA,2772-4425,2026-05-21,NA,eme2025ukb
Healthcare: The Journal of Delivery Science and Innovation,NA,2213-0764,2026-05-21,NA,eme2025ukb
Hearing Research,NA,0378-5955,2026-05-21,NA,eme2025ukb
Heart & Lung,NA,0147-9563,2026-05-21,NA,eme2025ukb
Heart Rhythm,NA,1547-5271,2026-05-21,NA,eme2025ukb
Heart Rhythm O2,NA,2666-5018,2026-05-21,NA,eme2025ukb
"Heart, Lung and Circulation",NA,1443-9506,2026-05-21,NA,eme2025ukb
HeartRhythm Case Reports,NA,2214-0271,2026-05-21,NA,eme2025ukb
Heavy Rail,NA,3117-3128,2026-05-21,NA,eme2025ukb
Heliyon,NA,2405-8440,2026-05-21,NA,eme2025ukb
High Energy Density Physics,NA,1574-1818,2026-05-21,NA,eme2025ukb
Hipertensión y Riesgo Vascular,NA,1889-1837,2026-05-21,NA,eme2025ukb
Historia Mathematica,NA,0315-0860,2026-05-21,NA,eme2025ukb
Hormones and Behavior,NA,0018-506X,2026-05-21,NA,eme2025ukb
HPB,NA,1365-182X,2026-05-21,NA,eme2025ukb
Human Factors in Healthcare,NA,2772-5014,2026-05-21,NA,eme2025ukb
Human Gene,NA,2773-0441,2026-05-21,NA,eme2025ukb
Human Genetics and Genomics Advances,NA,2666-2477,2026-05-21,NA,eme2025ukb
Human Immunology,NA,0198-8859,2026-05-21,NA,eme2025ukb
Human Movement Science,NA,0167-9457,2026-05-21,NA,eme2025ukb
Human Nutrition & Metabolism,NA,2666-1497,2026-05-21,NA,eme2025ukb
Human Pathology,NA,0046-8177,2026-05-21,NA,eme2025ukb
Human Pathology Reports,NA,2772-736X,2026-05-21,NA,eme2025ukb
Human Resource Management Review,NA,1053-4822,2026-05-21,NA,eme2025ukb
Hybrid Advances,NA,2773-207X,2026-05-21,NA,eme2025ukb
Hydrometallurgy,NA,0304-386X,2026-05-21,NA,eme2025ukb
Hygiene and Environmental Health Advances,NA,2773-0492,2026-05-21,NA,eme2025ukb
IBRO Neuroscience Reports,NA,2667-2421,2026-05-21,NA,eme2025ukb
Icarus,NA,0019-1035,2026-05-21,NA,eme2025ukb
ICT Express,NA,2405-9595,2026-05-21,NA,eme2025ukb
IDCases,NA,2214-2509,2026-05-21,NA,eme2025ukb
IFAC Journal of Systems and Control,NA,2468-6018,2026-05-21,NA,eme2025ukb
iGIE,NA,2949-7086,2026-05-21,NA,eme2025ukb
IJC Heart & Vasculature,NA,2352-9067,2026-05-21,NA,eme2025ukb
IJID One Health,NA,2949-9151,2026-05-21,NA,eme2025ukb
IJID Regions,NA,2772-7076,2026-05-21,NA,eme2025ukb
iLIVER,NA,2772-9478,2026-05-21,NA,eme2025ukb
Image and Vision Computing,NA,0262-8856,2026-05-21,NA,eme2025ukb
Imagerie de la Femme,NA,1776-9817,2026-05-21,NA,eme2025ukb
Immunobiology,NA,0171-2985,2026-05-21,NA,eme2025ukb
ImmunoInformatics,NA,2667-1190,2026-05-21,NA,eme2025ukb
Immunology Letters,NA,0165-2478,2026-05-21,NA,eme2025ukb
Immuno-Oncology and Technology,NA,2590-0188,2026-05-21,NA,eme2025ukb
In Analysis,NA,2542-3606,2026-05-21,NA,eme2025ukb
In Silico Research in Biomedicine,NA,3050-7871,2026-05-21,NA,eme2025ukb
Indagationes Mathematicae,NA,0019-3577,2026-05-21,NA,eme2025ukb
Indian Journal of Medical Microbiology,NA,0255-0857,2026-05-21,NA,eme2025ukb
Indoor Environments,NA,2950-3620,2026-05-21,NA,eme2025ukb
Industrial Crops and Products,NA,0926-6690,2026-05-21,NA,eme2025ukb
Industrial Marketing Management,NA,0019-8501,2026-05-21,NA,eme2025ukb
Infant Behavior and Development,NA,0163-6383,2026-05-21,NA,eme2025ukb
Infection Prevention in Practice,NA,2590-0889,2026-05-21,NA,eme2025ukb
"Infection, Disease & Health",NA,2468-0451,2026-05-21,NA,eme2025ukb
"Infection, Genetics and Evolution",NA,1567-1348,2026-05-21,NA,eme2025ukb
Infectious Diseases Now,NA,2666-9919,2026-05-21,NA,eme2025ukb
Infectious Medicine,NA,2772-431X,2026-05-21,NA,eme2025ukb
Informatics in Medicine Unlocked,NA,2352-9148,2026-05-21,NA,eme2025ukb
Information & Management,NA,0378-7206,2026-05-21,NA,eme2025ukb
Information and Computation,NA,0890-5401,2026-05-21,NA,eme2025ukb
Information and Organization,NA,1471-7727,2026-05-21,NA,eme2025ukb
Information and Software Technology,NA,0950-5849,2026-05-21,NA,eme2025ukb
Information Economics and Policy,NA,0167-6245,2026-05-21,NA,eme2025ukb
Information Fusion,NA,1566-2535,2026-05-21,NA,eme2025ukb
Information Processing & Management,NA,0306-4573,2026-05-21,NA,eme2025ukb
Information Processing in Agriculture,NA,2214-3173,2026-05-21,NA,eme2025ukb
Information Processing Letters,NA,0020-0190,2026-05-21,NA,eme2025ukb
Information Sciences,NA,0020-0255,2026-05-21,NA,eme2025ukb
Information Systems,NA,0306-4379,2026-05-21,NA,eme2025ukb
Infrared Physics & Technology,NA,1350-4495,2026-05-21,NA,eme2025ukb
Injury,NA,0020-1383,2026-05-21,NA,eme2025ukb
Innovative Food Science and Emerging Technologies,NA,1466-8564,2026-05-21,NA,eme2025ukb
Innovative Practice in Breast Health,NA,2950-2128,2026-05-21,NA,eme2025ukb
Inorganic Chemistry Communications,NA,1387-7003,2026-05-21,NA,eme2025ukb
Inorganica Chimica Acta,NA,0020-1693,2026-05-21,NA,eme2025ukb
Insect Biochemistry and Molecular Biology,NA,0965-1748,2026-05-21,NA,eme2025ukb
Insurance: Mathematics and Economics,NA,0167-6687,2026-05-21,NA,eme2025ukb
Integration,NA,0167-9260,2026-05-21,NA,eme2025ukb
Intelligence,NA,0160-2896,2026-05-21,NA,eme2025ukb
Intelligence-Based Medicine,NA,2666-5212,2026-05-21,NA,eme2025ukb
Intelligent Medicine,NA,2667-1026,2026-05-21,NA,eme2025ukb
Intelligent Systems with Applications,NA,2667-3053,2026-05-21,NA,eme2025ukb
Intensive and Critical Care Nursing,NA,0964-3397,2026-05-21,NA,eme2025ukb
Interdisciplinary Neurosurgery,NA,2214-7519,2026-05-21,NA,eme2025ukb
Intermetallics,NA,0966-9795,2026-05-21,NA,eme2025ukb
International Biodeterioration & Biodegradation,NA,0964-8305,2026-05-21,NA,eme2025ukb
International Business Review,NA,0969-5931,2026-05-21,NA,eme2025ukb
International Communications in Heat and Mass Transfer,NA,0735-1933,2026-05-21,NA,eme2025ukb
International Dairy Journal,NA,0958-6946,2026-05-21,NA,eme2025ukb
International Dental Journal,NA,0020-6539,2026-05-21,NA,eme2025ukb
International Economics,NA,2110-7017,2026-05-21,NA,eme2025ukb
International Emergency Nursing,NA,1755-599X,2026-05-21,NA,eme2025ukb
International Immunopharmacology,NA,1567-5769,2026-05-21,NA,eme2025ukb
International Journal for Parasitology,NA,0020-7519,2026-05-21,NA,eme2025ukb
International Journal for Parasitology: Drugs and Drug Resistance,NA,2211-3207,2026-05-21,NA,eme2025ukb
International Journal for Parasitology: Parasites and Wildlife,NA,2213-2244,2026-05-21,NA,eme2025ukb
International Journal of Accounting Information Systems,NA,1467-0895,2026-05-21,NA,eme2025ukb
International Journal of Adhesion and Adhesives,NA,0143-7496,2026-05-21,NA,eme2025ukb
International Journal of Africa Nursing Sciences,NA,2214-1391,2026-05-21,NA,eme2025ukb
International Journal of Antimicrobial Agents,NA,0924-8579,2026-05-21,NA,eme2025ukb
International Journal of Applied Earth Observation and Geoinformation,NA,1569-8432,2026-05-21,NA,eme2025ukb
International Journal of Approximate Reasoning,NA,0888-613X,2026-05-21,NA,eme2025ukb
International Journal of Biological Macromolecules,NA,0141-8130,2026-05-21,NA,eme2025ukb
International Journal of Cardiology,NA,0167-5273,2026-05-21,NA,eme2025ukb
International Journal of Cardiology Cardiovascular Risk and Prevention,NA,2772-4875,2026-05-21,NA,eme2025ukb
International Journal of Cardiology Congenital Heart Disease,NA,2666-6685,2026-05-21,NA,eme2025ukb
International Journal of Cardiology Innovations,NA,3051-4452,2026-05-21,NA,eme2025ukb
International Journal of Child-Computer Interaction,NA,2212-8689,2026-05-21,NA,eme2025ukb
International Journal of Clinical and Health Psychology,NA,1697-2600,2026-05-21,NA,eme2025ukb
International Journal of Coal Geology,NA,0166-5162,2026-05-21,NA,eme2025ukb
International Journal of Critical Infrastructure Protection,NA,1874-5482,2026-05-21,NA,eme2025ukb
International Journal of Disaster Risk Reduction,NA,2212-4209,2026-05-21,NA,eme2025ukb
International Journal of Drug Policy,NA,0955-3959,2026-05-21,NA,eme2025ukb
International Journal of Educational Development,NA,0738-0593,2026-05-21,NA,eme2025ukb
International Journal of Educational Research,NA,0883-0355,2026-05-21,NA,eme2025ukb
International Journal of Educational Research Open,NA,2666-3740,2026-05-21,NA,eme2025ukb
International Journal of Electrical Power & Energy Systems,NA,0142-0615,2026-05-21,NA,eme2025ukb
International Journal of Electrochemical Science,NA,1452-3981,2026-05-21,NA,eme2025ukb
International Journal of Engineering Science,NA,0020-7225,2026-05-21,NA,eme2025ukb
International Journal of Fatigue,NA,0142-1123,2026-05-21,NA,eme2025ukb
International Journal of Food Microbiology,NA,0168-1605,2026-05-21,NA,eme2025ukb
International Journal of Forecasting,NA,0169-2070,2026-05-21,NA,eme2025ukb
International Journal of Gastronomy and Food Science,NA,1878-450X,2026-05-21,NA,eme2025ukb
International Journal of Greenhouse Gas Control,NA,1750-5836,2026-05-21,NA,eme2025ukb
International Journal of Gynecological Cancer,NA,1048-891X,2026-05-21,NA,eme2025ukb
International Journal of Heat and Fluid Flow,NA,0142-727X,2026-05-21,NA,eme2025ukb
International Journal of Heat and Mass Transfer,NA,0017-9310,2026-05-21,NA,eme2025ukb
International Journal of Hospitality Management,NA,0278-4319,2026-05-21,NA,eme2025ukb
International Journal of Human-Computer Studies,NA,1071-5819,2026-05-21,NA,eme2025ukb
International Journal of Hydrogen Energy,NA,0360-3199,2026-05-21,NA,eme2025ukb
International Journal of Hygiene and Environmental Health,NA,1438-4639,2026-05-21,NA,eme2025ukb
International Journal of Impact Engineering,NA,0734-743X,2026-05-21,NA,eme2025ukb
International Journal of Industrial Ergonomics,NA,0169-8141,2026-05-21,NA,eme2025ukb
International Journal of Industrial Organization,NA,0167-7187,2026-05-21,NA,eme2025ukb
International Journal of Infectious Diseases,NA,1201-9712,2026-05-21,NA,eme2025ukb
International Journal of Information Management,NA,0268-4012,2026-05-21,NA,eme2025ukb
International Journal of Information Management Data Insights,NA,2667-0968,2026-05-21,NA,eme2025ukb
International Journal of Intercultural Relations,NA,0147-1767,2026-05-21,NA,eme2025ukb
International Journal of Law and Psychiatry,NA,0160-2527,2026-05-21,NA,eme2025ukb
"International Journal of Law, Crime and Justice",NA,1756-0616,2026-05-21,NA,eme2025ukb
International Journal of Machine Tools and Manufacture,NA,0890-6955,2026-05-21,NA,eme2025ukb
International Journal of Mass Spectrometry,NA,1387-3806,2026-05-21,NA,eme2025ukb
International Journal of Mechanical Sciences,NA,0020-7403,2026-05-21,NA,eme2025ukb
International Journal of Medical Informatics,NA,1386-5056,2026-05-21,NA,eme2025ukb
International Journal of Medical Microbiology,NA,1438-4221,2026-05-21,NA,eme2025ukb
International Journal of Multiphase Flow,NA,0301-9322,2026-05-21,NA,eme2025ukb
International Journal of Naval Architecture and Ocean Engineering,NA,2092-6782,2026-05-21,NA,eme2025ukb
International Journal of Non-Linear Mechanics,NA,0020-7462,2026-05-21,NA,eme2025ukb
International Journal of Nursing Studies,NA,0020-7489,2026-05-21,NA,eme2025ukb
International Journal of Nursing Studies Advances,NA,2666-142X,2026-05-21,NA,eme2025ukb
International Journal of Obstetric Anesthesia,NA,0959-289X,2026-05-21,NA,eme2025ukb
International Journal of Oral and Maxillofacial Surgery,NA,0901-5027,2026-05-21,NA,eme2025ukb
International Journal of Orthopaedic and Trauma Nursing,NA,1878-1241,2026-05-21,NA,eme2025ukb
International Journal of Osteopathic Medicine,NA,1746-0689,2026-05-21,NA,eme2025ukb
International Journal of Paleopathology,NA,1879-9817,2026-05-21,NA,eme2025ukb
International Journal of Particle Therapy,NA,2331-5180,2026-05-21,NA,eme2025ukb
International Journal of Pediatric Otorhinolaryngology,NA,0165-5876,2026-05-21,NA,eme2025ukb
International Journal of Pharmaceutics,NA,0378-5173,2026-05-21,NA,eme2025ukb
International Journal of Pharmaceutics: X,NA,2590-1567,2026-05-21,NA,eme2025ukb
International Journal of Plasticity,NA,0749-6419,2026-05-21,NA,eme2025ukb
International Journal of Pressure Vessels and Piping,NA,0308-0161,2026-05-21,NA,eme2025ukb
International Journal of Production Economics,NA,0925-5273,2026-05-21,NA,eme2025ukb
International Journal of Project Management,NA,0263-7863,2026-05-21,NA,eme2025ukb
International Journal of Psychophysiology,NA,0167-8760,2026-05-21,NA,eme2025ukb
"International Journal of Radiation Oncology, Biology, Physics",NA,0360-3016,2026-05-21,NA,eme2025ukb
International Journal of Refractory Metals and Hard Materials,NA,0263-4368,2026-05-21,NA,eme2025ukb
International Journal of Refrigeration,NA,0140-7007,2026-05-21,NA,eme2025ukb
International Journal of Research in Marketing,NA,0167-8116,2026-05-21,NA,eme2025ukb
International Journal of Rock Mechanics and Mining Sciences,NA,1365-1609,2026-05-21,NA,eme2025ukb
International Journal of Solids and Structures,NA,0020-7683,2026-05-21,NA,eme2025ukb
International Journal of Thermal Sciences,NA,1290-0729,2026-05-21,NA,eme2025ukb
International Journal of Thermofluids,NA,2666-2027,2026-05-21,NA,eme2025ukb
International Orthodontics,NA,1761-7227,2026-05-21,NA,eme2025ukb
International Psychogeriatrics,NA,1041-6102,2026-05-21,NA,eme2025ukb
International Review of Economics & Finance,NA,1059-0560,2026-05-21,NA,eme2025ukb
International Review of Economics Education,NA,1477-3880,2026-05-21,NA,eme2025ukb
International Review of Financial Analysis,NA,1057-5219,2026-05-21,NA,eme2025ukb
International Review of Law and Economics,NA,0144-8188,2026-05-21,NA,eme2025ukb
Internet Interventions,NA,2214-7829,2026-05-21,NA,eme2025ukb
Internet of Things,NA,2542-6605,2026-05-21,NA,eme2025ukb
Intestinal Failure,NA,2950-4562,2026-05-21,NA,eme2025ukb
Invention Disclosure,NA,2772-4441,2026-05-21,NA,eme2025ukb
iPharma,NA,3117-4701,2026-05-21,NA,eme2025ukb
IRBM,NA,1959-0318,2026-05-21,NA,eme2025ukb
ISA Transactions,NA,0019-0578,2026-05-21,NA,eme2025ukb
iScience,NA,2589-0042,2026-05-21,NA,eme2025ukb
ISPRS Journal of Photogrammetry and Remote Sensing,NA,0924-2716,2026-05-21,NA,eme2025ukb
ISPRS Open Journal of Photogrammetry and Remote Sensing,NA,2667-3932,2026-05-21,NA,eme2025ukb
Italian Journal of Agronomy,NA,1125-4718,2026-05-21,NA,eme2025ukb
JAACAP Open,NA,2949-7329,2026-05-21,NA,eme2025ukb
JAAD Case Reports,NA,2352-5126,2026-05-21,NA,eme2025ukb
JAAD International,NA,2666-3287,2026-05-21,NA,eme2025ukb
JAAD Reviews,NA,2950-1989,2026-05-21,NA,eme2025ukb
JACC: Advances,NA,2772-963X,2026-05-21,NA,eme2025ukb
JACC: Asia,NA,2772-3747,2026-05-21,NA,eme2025ukb
JACC: Cardiovascular Imaging,NA,1936-878X,2026-05-21,NA,eme2025ukb
JACC: Cardiovascular Interventions,NA,1936-8798,2026-05-21,NA,eme2025ukb
JACC: Clinical Electrophysiology,NA,2405-500X,2026-05-21,NA,eme2025ukb
JACC: Heart Failure,NA,2213-1779,2026-05-21,NA,eme2025ukb
JACEP Open,NA,2688-1152,2026-05-21,NA,eme2025ukb
JADA Foundational Science,NA,2772-414X,2026-05-21,NA,eme2025ukb
JAND Global Reports,NA,3050-7189,2026-05-21,NA,eme2025ukb
Japan and the World Economy,NA,0922-1425,2026-05-21,NA,eme2025ukb
JAPhA Pharmacotherapy,NA,2949-9623,2026-05-21,NA,eme2025ukb
JAPhA Practice Innovations,NA,2949-9690,2026-05-21,NA,eme2025ukb
JCA Advances,NA,2950-5534,2026-05-21,NA,eme2025ukb
JCIS Open,NA,2666-934X,2026-05-21,NA,eme2025ukb
JEM International,NA,3051-3227,2026-05-21,NA,eme2025ukb
JEM Reports,NA,2773-2320,2026-05-21,NA,eme2025ukb
JFO Open Ophthalmology,NA,2949-8899,2026-05-21,NA,eme2025ukb
JHEP Reports,NA,2589-5559,2026-05-21,NA,eme2025ukb
JHLT Open,NA,2950-1334,2026-05-21,NA,eme2025ukb
JID Innovations,NA,2667-0267,2026-05-21,NA,eme2025ukb
Joint Bone Spine,NA,1297-319X,2026-05-21,NA,eme2025ukb
Jornal de Pediatria,NA,0021-7557,2026-05-21,NA,eme2025ukb
JOS Case Reports,NA,2772-9648,2026-05-21,NA,eme2025ukb
Journal de Chirurgie Viscérale,NA,1878-786X,2026-05-21,NA,eme2025ukb
Journal de Mathématiques Pures et Appliquées,NA,0021-7824,2026-05-21,NA,eme2025ukb
Journal de Pédiatrie et de Puériculture,NA,0987-7983,2026-05-21,NA,eme2025ukb
Journal de Traumatologie du Sport,NA,0762-915X,2026-05-21,NA,eme2025ukb
Journal d'Imagerie Diagnostique et Interventionnelle,NA,2543-3431,2026-05-21,NA,eme2025ukb
Journal for Nature Conservation,NA,1617-1381,2026-05-21,NA,eme2025ukb
Journal Français d'Ophtalmologie,NA,0181-5512,2026-05-21,NA,eme2025ukb
Journal of AAPOS,NA,1091-8531,2026-05-21,NA,eme2025ukb
Journal of Accounting and Economics,NA,0165-4101,2026-05-21,NA,eme2025ukb
Journal of Accounting and Public Policy,NA,0278-4254,2026-05-21,NA,eme2025ukb
Journal of Accounting Education,NA,0748-5751,2026-05-21,NA,eme2025ukb
Journal of Adolescent Health,NA,1054-139X,2026-05-21,NA,eme2025ukb
Journal of Advanced Joining Processes,NA,2666-3309,2026-05-21,NA,eme2025ukb
Journal of Advanced Research,NA,2090-1232,2026-05-21,NA,eme2025ukb
Journal of Aerosol Science,NA,0021-8502,2026-05-21,NA,eme2025ukb
Journal of Affective Disorders,NA,0165-0327,2026-05-21,NA,eme2025ukb
Journal of Affective Disorders Reports,NA,2666-9153,2026-05-21,NA,eme2025ukb
Journal of African Earth Sciences,NA,1464-343X,2026-05-21,NA,eme2025ukb
Journal of Aging Studies,NA,0890-4065,2026-05-21,NA,eme2025ukb
Journal of Agriculture and Food Research,NA,2666-1543,2026-05-21,NA,eme2025ukb
Journal of Air Transport Management,NA,0969-6997,2026-05-21,NA,eme2025ukb
Journal of Algebra,NA,0021-8693,2026-05-21,NA,eme2025ukb
Journal of Allergy and Clinical Immunology,NA,0091-6749,2026-05-21,NA,eme2025ukb
Journal of Allergy and Clinical Immunology: Global,NA,2772-8293,2026-05-21,NA,eme2025ukb
Journal of Allergy and Hypersensitivity Diseases,NA,2950-3124,2026-05-21,NA,eme2025ukb
Journal of Alloys and Compounds,NA,0925-8388,2026-05-21,NA,eme2025ukb
Journal of Alloys and Compounds Communications,NA,2950-2845,2026-05-21,NA,eme2025ukb
Journal of Alloys and Metallurgical Systems,NA,2949-9178,2026-05-21,NA,eme2025ukb
Journal of Analytical and Applied Pyrolysis,NA,0165-2370,2026-05-21,NA,eme2025ukb
Journal of Anthropological Archaeology,NA,0278-4165,2026-05-21,NA,eme2025ukb
Journal of Anxiety Disorders,NA,0887-6185,2026-05-21,NA,eme2025ukb
Journal of Applied Developmental Psychology,NA,0193-3973,2026-05-21,NA,eme2025ukb
Journal of Applied Geophysics,NA,0926-9851,2026-05-21,NA,eme2025ukb
Journal of Applied Poultry Research,NA,1056-6171,2026-05-21,NA,eme2025ukb
Journal of Applied Research on Medicinal and Aromatic Plants,NA,2214-7861,2026-05-21,NA,eme2025ukb
Journal of Approximation Theory,NA,0021-9045,2026-05-21,NA,eme2025ukb
Journal of Aquatic Plants,NA,3051-2301,2026-05-21,NA,eme2025ukb
Journal of Archaeological Science,NA,0305-4403,2026-05-21,NA,eme2025ukb
Journal of Archaeological Science: Reports,NA,2352-409X,2026-05-21,NA,eme2025ukb
Journal of Arid Environments,NA,0140-1963,2026-05-21,NA,eme2025ukb
Journal of Arthroplasty,NA,0883-5403,2026-05-21,NA,eme2025ukb
Journal of Asian Earth Sciences,NA,1367-9120,2026-05-21,NA,eme2025ukb
Journal of Asian Earth Sciences: X,NA,2590-0560,2026-05-21,NA,eme2025ukb
Journal of Asian Economics,NA,1049-0078,2026-05-21,NA,eme2025ukb
Journal of Asia-Pacific Entomology,NA,1226-8615,2026-05-21,NA,eme2025ukb
Journal of Atmospheric and Solar-Terrestrial Physics,NA,1364-6826,2026-05-21,NA,eme2025ukb
Journal of Autoimmunity,NA,0896-8411,2026-05-21,NA,eme2025ukb
Journal of Ayurveda and Integrative Medicine,NA,0975-9476,2026-05-21,NA,eme2025ukb
Journal of Banking & Finance,NA,0378-4266,2026-05-21,NA,eme2025ukb
Journal of Behavior Therapy and Experimental Psychiatry,NA,0005-7916,2026-05-21,NA,eme2025ukb
Journal of Behavioral and Cognitive Therapy,NA,2589-9791,2026-05-21,NA,eme2025ukb
Journal of Behavioral and Experimental Economics,NA,2214-8043,2026-05-21,NA,eme2025ukb
Journal of Behavioral and Experimental Finance,NA,2214-6350,2026-05-21,NA,eme2025ukb
Journal of Biomechanics,NA,0021-9290,2026-05-21,NA,eme2025ukb
Journal of Biomechanics Open,NA,3051-1313,2026-05-21,NA,eme2025ukb
Journal of Biomedical Informatics,NA,1532-0464,2026-05-21,NA,eme2025ukb
Journal of Biotechnology,NA,0168-1656,2026-05-21,NA,eme2025ukb
Journal of Bodywork and Movement Therapies,NA,1360-8592,2026-05-21,NA,eme2025ukb
Journal of Bone Oncology,NA,2212-1374,2026-05-21,NA,eme2025ukb
Journal of Building Engineering,NA,2352-7102,2026-05-21,NA,eme2025ukb
Journal of Business Research,NA,0148-2963,2026-05-21,NA,eme2025ukb
Journal of Business Venturing,NA,0883-9026,2026-05-21,NA,eme2025ukb
Journal of Business Venturing Design,NA,2667-2774,2026-05-21,NA,eme2025ukb
Journal of Business Venturing Insights,NA,2352-6734,2026-05-21,NA,eme2025ukb
Journal of Cancer Policy,NA,2213-5383,2026-05-21,NA,eme2025ukb
Journal of Cardiac Failure,NA,1071-9164,2026-05-21,NA,eme2025ukb
Journal of Cardiac Failure - Intersections,NA,3050-6611,2026-05-21,NA,eme2025ukb
Journal of Cardiology,NA,0914-5087,2026-05-21,NA,eme2025ukb
Journal of Cardiology Cases,NA,1878-5409,2026-05-21,NA,eme2025ukb
Journal of Cardiothoracic and Vascular Anesthesia,NA,1053-0770,2026-05-21,NA,eme2025ukb
Journal of Cardiovascular Computed Tomography,NA,1934-5925,2026-05-21,NA,eme2025ukb
Journal of Cardiovascular Magnetic Resonance,NA,1097-6647,2026-05-21,NA,eme2025ukb
Journal of Cartilage & Joint Preservation,NA,2667-2545,2026-05-21,NA,eme2025ukb
Journal of Catalysis,NA,0021-9517,2026-05-21,NA,eme2025ukb
Journal of Cereal Science,NA,0733-5210,2026-05-21,NA,eme2025ukb
Journal of Chiropractic Humanities,NA,1556-3499,2026-05-21,NA,eme2025ukb
Journal of Chiropractic Medicine,NA,1556-3707,2026-05-21,NA,eme2025ukb
Journal of Choice Modelling,NA,1755-5345,2026-05-21,NA,eme2025ukb
Journal of Chromatography A,NA,0021-9673,2026-05-21,NA,eme2025ukb
Journal of Chromatography B,NA,1570-0232,2026-05-21,NA,eme2025ukb
Journal of Chromatography Open,NA,2772-3917,2026-05-21,NA,eme2025ukb
Journal of Cleaner Production,NA,0959-6526,2026-05-21,NA,eme2025ukb
Journal of Climate Finance,NA,2949-7280,2026-05-21,NA,eme2025ukb
Journal of Clinical and Experimental Hepatology,NA,0973-6883,2026-05-21,NA,eme2025ukb
Journal of Clinical and Translational Endocrinology,NA,2214-6237,2026-05-21,NA,eme2025ukb
Journal of Clinical and Translational Endocrinology: Case Reports,NA,2214-6245,2026-05-21,NA,eme2025ukb
Journal of Clinical Anesthesia,NA,0952-8180,2026-05-21,NA,eme2025ukb
Journal of Clinical Densitometry,NA,1094-6950,2026-05-21,NA,eme2025ukb
Journal of Clinical Epidemiology,NA,0895-4356,2026-05-21,NA,eme2025ukb
Journal of Clinical Lipidology,NA,1933-2874,2026-05-21,NA,eme2025ukb
Journal of Clinical Neuroscience,NA,0967-5868,2026-05-21,NA,eme2025ukb
Journal of Clinical Orthopaedics and Trauma,NA,0976-5662,2026-05-21,NA,eme2025ukb
Journal of Clinical Tuberculosis and Other Mycobacterial Diseases,NA,2405-5794,2026-05-21,NA,eme2025ukb
Journal of Clinical Virology,NA,1386-6532,2026-05-21,NA,eme2025ukb
Journal of Clinical Virology Plus,NA,2667-0380,2026-05-21,NA,eme2025ukb
Journal of CO2 Utilization,NA,2212-9820,2026-05-21,NA,eme2025ukb
Journal of Colloid and Interface Science,NA,0021-9797,2026-05-21,NA,eme2025ukb
"Journal of Combinatorial Theory, Series A",NA,0097-3165,2026-05-21,NA,eme2025ukb
"Journal of Combinatorial Theory, Series B",NA,0095-8956,2026-05-21,NA,eme2025ukb
Journal of Commodity Markets,NA,2405-8513,2026-05-21,NA,eme2025ukb
Journal of Communication Disorders,NA,0021-9924,2026-05-21,NA,eme2025ukb
Journal of Comparative Economics,NA,0147-5967,2026-05-21,NA,eme2025ukb
Journal of Comparative Pathology,NA,0021-9975,2026-05-21,NA,eme2025ukb
Journal of Complexity,NA,0885-064X,2026-05-21,NA,eme2025ukb
Journal of Computational Algebra,NA,2772-8277,2026-05-21,NA,eme2025ukb
Journal of Computational and Applied Mathematics,NA,0377-0427,2026-05-21,NA,eme2025ukb
Journal of Computational Mathematics and Data Science,NA,2772-4158,2026-05-21,NA,eme2025ukb
Journal of Computational Physics,NA,0021-9991,2026-05-21,NA,eme2025ukb
Journal of Computational Science,NA,1877-7503,2026-05-21,NA,eme2025ukb
Journal of Computer and System Sciences,NA,0022-0000,2026-05-21,NA,eme2025ukb
Journal of Computer Languages,NA,2590-1184,2026-05-21,NA,eme2025ukb
Journal of Constructional Steel Research,NA,0143-974X,2026-05-21,NA,eme2025ukb
Journal of Contaminant Hydrology,NA,0169-7722,2026-05-21,NA,eme2025ukb
Journal of Contemporary Accounting & Economics,NA,1815-5669,2026-05-21,NA,eme2025ukb
Journal of Contextual Behavioral Science,NA,2212-1447,2026-05-21,NA,eme2025ukb
Journal of Controlled Release,NA,0168-3659,2026-05-21,NA,eme2025ukb
Journal of Co-operative Organization and Management,NA,2213-297X,2026-05-21,NA,eme2025ukb
Journal of Corporate Finance,NA,0929-1199,2026-05-21,NA,eme2025ukb
Journal of Cranio-Maxillofacial Surgery,NA,1010-5182,2026-05-21,NA,eme2025ukb
Journal of Creativity,NA,2713-3745,2026-05-21,NA,eme2025ukb
Journal of Criminal Justice,NA,0047-2352,2026-05-21,NA,eme2025ukb
Journal of Critical Care,NA,0883-9441,2026-05-21,NA,eme2025ukb
Journal of Crystal Growth,NA,0022-0248,2026-05-21,NA,eme2025ukb
Journal of Cultural Heritage,NA,1296-2074,2026-05-21,NA,eme2025ukb
Journal of Cycling and Micromobility Research,NA,2950-1059,2026-05-21,NA,eme2025ukb
Journal of Cystic Fibrosis,NA,1569-1993,2026-05-21,NA,eme2025ukb
Journal of Dairy Science,NA,0022-0302,2026-05-21,NA,eme2025ukb
Journal of Dentistry,NA,0300-5712,2026-05-21,NA,eme2025ukb
Journal of Dermatological Science,NA,0923-1811,2026-05-21,NA,eme2025ukb
Journal of Destination Marketing & Management,NA,2212-571X,2026-05-21,NA,eme2025ukb
Journal of Development Economics,NA,0304-3878,2026-05-21,NA,eme2025ukb
Journal of Diabetes and its Complications,NA,1056-8727,2026-05-21,NA,eme2025ukb
Journal of Differential Equations,NA,0022-0396,2026-05-21,NA,eme2025ukb
Journal of Drug Delivery Science and Technology,NA,1773-2247,2026-05-21,NA,eme2025ukb
Journal of Econometrics,NA,0304-4076,2026-05-21,NA,eme2025ukb
Journal of Economic Behavior & Organization,NA,0167-2681,2026-05-21,NA,eme2025ukb
Journal of Economic Criminology,NA,2949-7914,2026-05-21,NA,eme2025ukb
Journal of Economic Dynamics and Control,NA,0165-1889,2026-05-21,NA,eme2025ukb
Journal of Economic Psychology,NA,0167-4870,2026-05-21,NA,eme2025ukb
Journal of Economic Theory,NA,0022-0531,2026-05-21,NA,eme2025ukb
Journal of Economics and Business,NA,0148-6195,2026-05-21,NA,eme2025ukb
Journal of Electroanalytical Chemistry,NA,1572-6657,2026-05-21,NA,eme2025ukb
Journal of Electrocardiology,NA,0022-0736,2026-05-21,NA,eme2025ukb
Journal of Electromyography and Kinesiology,NA,1050-6411,2026-05-21,NA,eme2025ukb
Journal of Electron Spectroscopy and Related Phenomena,NA,0368-2048,2026-05-21,NA,eme2025ukb
Journal of Electrostatics,NA,0304-3886,2026-05-21,NA,eme2025ukb
Journal of Emergency Nursing,NA,0099-1767,2026-05-21,NA,eme2025ukb
Journal of Empirical Finance,NA,0927-5398,2026-05-21,NA,eme2025ukb
Journal of Endodontics,NA,0099-2399,2026-05-21,NA,eme2025ukb
Journal of Energy Chemistry,NA,2095-4956,2026-05-21,NA,eme2025ukb
Journal of Energy Storage,NA,2352-152X,2026-05-21,NA,eme2025ukb
Journal of Engineering and Technology Management,NA,0923-4748,2026-05-21,NA,eme2025ukb
Journal of Engineering Research,NA,2307-1877,2026-05-21,NA,eme2025ukb
Journal of English for Academic Purposes,NA,1475-1585,2026-05-21,NA,eme2025ukb
Journal of Environmental Chemical Engineering,NA,2213-3437,2026-05-21,NA,eme2025ukb
Journal of Environmental Economics and Management,NA,0095-0696,2026-05-21,NA,eme2025ukb
Journal of Environmental Management,NA,0301-4797,2026-05-21,NA,eme2025ukb
Journal of Environmental Psychology,NA,0272-4944,2026-05-21,NA,eme2025ukb
Journal of Environmental Radioactivity,NA,0265-931X,2026-05-21,NA,eme2025ukb
Journal of Environmental Sciences,NA,1001-0742,2026-05-21,NA,eme2025ukb
Journal of Epidemiology and Population Health,NA,2950-4333,2026-05-21,NA,eme2025ukb
Journal of Equine Veterinary Science,NA,0737-0806,2026-05-21,NA,eme2025ukb
Journal of Ethnopharmacology,NA,0378-8741,2026-05-21,NA,eme2025ukb
Journal of Evidence-Based Dental Practice,NA,1532-3382,2026-05-21,NA,eme2025ukb
Journal of Exercise Science & Fitness,NA,1728-869X,2026-05-21,NA,eme2025ukb
Journal of Exotic Pet Medicine,NA,1557-5063,2026-05-21,NA,eme2025ukb
Journal of Experimental Child Psychology,NA,0022-0965,2026-05-21,NA,eme2025ukb
Journal of Experimental Horticulture,NA,3051-1186,2026-05-21,NA,eme2025ukb
Journal of Experimental Marine Biology and Ecology,NA,0022-0981,2026-05-21,NA,eme2025ukb
Journal of Experimental Social Psychology,NA,0022-1031,2026-05-21,NA,eme2025ukb
Journal of Family Business Strategy,NA,1877-8585,2026-05-21,NA,eme2025ukb
Journal of Financial Economics,NA,0304-405X,2026-05-21,NA,eme2025ukb
Journal of Financial Intermediation,NA,1042-9573,2026-05-21,NA,eme2025ukb
Journal of Financial Markets,NA,1386-4181,2026-05-21,NA,eme2025ukb
Journal of Financial Stability,NA,1572-3089,2026-05-21,NA,eme2025ukb
Journal of Fluency Disorders,NA,0094-730X,2026-05-21,NA,eme2025ukb
Journal of Fluids and Structures,NA,0889-9746,2026-05-21,NA,eme2025ukb
Journal of Fluorine Chemistry,NA,0022-1139,2026-05-21,NA,eme2025ukb
Journal of Food Composition and Analysis,NA,0889-1575,2026-05-21,NA,eme2025ukb
Journal of Food Engineering,NA,0260-8774,2026-05-21,NA,eme2025ukb
Journal of Food Protection,NA,0362-028X,2026-05-21,NA,eme2025ukb
Journal of Forensic and Legal Medicine,NA,1752-928X,2026-05-21,NA,eme2025ukb
Journal of Functional Analysis,NA,0022-1236,2026-05-21,NA,eme2025ukb
Journal of Functional Foods,NA,1756-4646,2026-05-21,NA,eme2025ukb
Journal of Gastrointestinal Surgery,NA,1091-255X,2026-05-21,NA,eme2025ukb
Journal of Gastrointestinal Surgery Open,NA,3117-3586,2026-05-21,NA,eme2025ukb
Journal of Genetic Engineering and Biotechnology,NA,1687-157X,2026-05-21,NA,eme2025ukb
Journal of Genetics and Genomics,NA,1673-8527,2026-05-21,NA,eme2025ukb
Journal of Geochemical Exploration,NA,0375-6742,2026-05-21,NA,eme2025ukb
Journal of Geodynamics,NA,0264-3707,2026-05-21,NA,eme2025ukb
Journal of Geometry and Physics,NA,0393-0440,2026-05-21,NA,eme2025ukb
Journal of Geriatric Oncology,NA,1879-4068,2026-05-21,NA,eme2025ukb
Journal of Global Antimicrobial Resistance,NA,2213-7165,2026-05-21,NA,eme2025ukb
Journal of Great Lakes Research,NA,0380-1330,2026-05-21,NA,eme2025ukb
Journal of Gynecology Obstetrics and Human Reproduction,NA,2468-7847,2026-05-21,NA,eme2025ukb
Journal of Hand and Microsurgery,NA,0974-3227,2026-05-21,NA,eme2025ukb
Journal of Hand Surgery Global Online,NA,2589-5141,2026-05-21,NA,eme2025ukb
Journal of Hand Therapy,NA,0894-1130,2026-05-21,NA,eme2025ukb
Journal of Hazardous Materials,NA,0304-3894,2026-05-21,NA,eme2025ukb
Journal of Hazardous Materials Advances,NA,2772-4166,2026-05-21,NA,eme2025ukb
Journal of Hazardous Materials Letters,NA,2666-9110,2026-05-21,NA,eme2025ukb
Journal of Hazardous Materials: Organics,NA,3051-0597,2026-05-21,NA,eme2025ukb
Journal of Hazardous Materials: Plastics,NA,3051-0600,2026-05-21,NA,eme2025ukb
Journal of Health Economics,NA,0167-6296,2026-05-21,NA,eme2025ukb
Journal of Healthcare Quality Research,NA,2603-6479,2026-05-21,NA,eme2025ukb
Journal of Hepatology,NA,0168-8278,2026-05-21,NA,eme2025ukb
Journal of Herbal Medicine,NA,2210-8033,2026-05-21,NA,eme2025ukb
Journal of High Energy Astrophysics,NA,2214-4048,2026-05-21,NA,eme2025ukb
Journal of Historical Geography,NA,0305-7488,2026-05-21,NA,eme2025ukb
Journal of Hospital Infection,NA,0195-6701,2026-05-21,NA,eme2025ukb
Journal of Hospitality and Tourism Management,NA,1447-6770,2026-05-21,NA,eme2025ukb
"Journal of Hospitality, Leisure, Sport & Tourism Education",NA,1473-8376,2026-05-21,NA,eme2025ukb
Journal of Housing Economics,NA,1051-1377,2026-05-21,NA,eme2025ukb
Journal of Human Evolution,NA,0047-2484,2026-05-21,NA,eme2025ukb
Journal of Hydro-environment Research,NA,1570-6443,2026-05-21,NA,eme2025ukb
Journal of Hydrology,NA,0022-1694,2026-05-21,NA,eme2025ukb
Journal of Hydrology X,NA,2589-9155,2026-05-21,NA,eme2025ukb
Journal of Hydrology: Regional Studies,NA,2214-5818,2026-05-21,NA,eme2025ukb
Journal of Immunological Methods,NA,0022-1759,2026-05-21,NA,eme2025ukb
Journal of Industrial and Engineering Chemistry,NA,1226-086X,2026-05-21,NA,eme2025ukb
Journal of Industrial Information Integration,NA,2452-414X,2026-05-21,NA,eme2025ukb
Journal of Infection,NA,0163-4453,2026-05-21,NA,eme2025ukb
Journal of Infection and Public Health,NA,1876-0341,2026-05-21,NA,eme2025ukb
Journal of Information Security and Applications,NA,2214-2126,2026-05-21,NA,eme2025ukb
Journal of Informetrics,NA,1751-1577,2026-05-21,NA,eme2025ukb
Journal of Innovation & Knowledge,NA,2444-569X,2026-05-21,NA,eme2025ukb
Journal of Inorganic Biochemistry,NA,0162-0134,2026-05-21,NA,eme2025ukb
Journal of Insect Physiology,NA,0022-1910,2026-05-21,NA,eme2025ukb
Journal of Integrative Medicine,NA,2095-4964,2026-05-21,NA,eme2025ukb
Journal of Intensive Medicine,NA,2667-100X,2026-05-21,NA,eme2025ukb
"Journal of International Accounting, Auditing and Taxation",NA,1061-9518,2026-05-21,NA,eme2025ukb
Journal of International Economics,NA,0022-1996,2026-05-21,NA,eme2025ukb
"Journal of International Financial Markets, Institutions & Money",NA,1042-4431,2026-05-21,NA,eme2025ukb
Journal of International Management,NA,1075-4253,2026-05-21,NA,eme2025ukb
Journal of International Money and Finance,NA,0261-5606,2026-05-21,NA,eme2025ukb
Journal of Interprofessional Education & Practice,NA,2405-4526,2026-05-21,NA,eme2025ukb
Journal of Invertebrate Pathology,NA,0022-2011,2026-05-21,NA,eme2025ukb
Journal of Investigative Dermatology,NA,0022-202X,2026-05-21,NA,eme2025ukb
Journal of Ionic Liquids,NA,2772-4220,2026-05-21,NA,eme2025ukb
Journal of ISAKOS,NA,2059-7754,2026-05-21,NA,eme2025ukb
Journal of Liver Transplantation,NA,2666-9676,2026-05-21,NA,eme2025ukb
Journal of Logical and Algebraic Methods in Programming,NA,2352-2208,2026-05-21,NA,eme2025ukb
Journal of Loss Prevention in the Process Industries,NA,0950-4230,2026-05-21,NA,eme2025ukb
Journal of Luminescence,NA,0022-2313,2026-05-21,NA,eme2025ukb
Journal of Macroeconomics,NA,0164-0704,2026-05-21,NA,eme2025ukb
Journal of Magnetic Resonance,NA,1090-7807,2026-05-21,NA,eme2025ukb
Journal of Magnetic Resonance Open,NA,2666-4410,2026-05-21,NA,eme2025ukb
Journal of Magnetism and Magnetic Materials,NA,0304-8853,2026-05-21,NA,eme2025ukb
Journal of Manufacturing Processes,NA,1526-6125,2026-05-21,NA,eme2025ukb
Journal of Manufacturing Systems,NA,0278-6125,2026-05-21,NA,eme2025ukb
Journal of Marine Systems,NA,0924-7963,2026-05-21,NA,eme2025ukb
Journal of Materials Processing Technology,NA,0924-0136,2026-05-21,NA,eme2025ukb
Journal of Materials Research and Technology,NA,2238-7854,2026-05-21,NA,eme2025ukb
Journal of Materials Science & Technology,NA,1005-0302,2026-05-21,NA,eme2025ukb
Journal of Materiomics,NA,2352-8478,2026-05-21,NA,eme2025ukb
Journal of Mathematical Analysis and Applications,NA,0022-247X,2026-05-21,NA,eme2025ukb
Journal of Mathematical Economics,NA,0304-4068,2026-05-21,NA,eme2025ukb
Journal of Mathematical Psychology,NA,0022-2496,2026-05-21,NA,eme2025ukb
Journal of Medical Imaging and Radiation Sciences,NA,1939-8654,2026-05-21,NA,eme2025ukb
Journal of Medical Mycology,NA,1156-5233,2026-05-21,NA,eme2025ukb
"Journal of Medicine, Surgery, and Public Health",NA,2949-916X,2026-05-21,NA,eme2025ukb
Journal of Membrane Science,NA,0376-7388,2026-05-21,NA,eme2025ukb
Journal of Membrane Science Letters,NA,2772-4212,2026-05-21,NA,eme2025ukb
Journal of Memory and Language,NA,0749-596X,2026-05-21,NA,eme2025ukb
Journal of Microbiological Methods,NA,0167-7012,2026-05-21,NA,eme2025ukb
"Journal of Microbiology, Immunology and Infection",NA,1684-1182,2026-05-21,NA,eme2025ukb
Journal of Migration and Health,NA,2666-6235,2026-05-21,NA,eme2025ukb
Journal of Minimally Invasive Gynecology,NA,1553-4650,2026-05-21,NA,eme2025ukb
Journal of Molecular and Cellular Cardiology,NA,0022-2828,2026-05-21,NA,eme2025ukb
Journal of Molecular and Cellular Cardiology Plus,NA,2772-9761,2026-05-21,NA,eme2025ukb
Journal of Molecular Biology,NA,0022-2836,2026-05-21,NA,eme2025ukb
Journal of Molecular Graphics and Modelling,NA,1093-3263,2026-05-21,NA,eme2025ukb
Journal of Molecular Liquids,NA,0167-7322,2026-05-21,NA,eme2025ukb
Journal of Molecular Spectroscopy,NA,0022-2852,2026-05-21,NA,eme2025ukb
Journal of Molecular Structure,NA,0022-2860,2026-05-21,NA,eme2025ukb
Journal of Monetary Economics,NA,0304-3932,2026-05-21,NA,eme2025ukb
Journal of Mood & Anxiety Disorders,NA,2950-0044,2026-05-21,NA,eme2025ukb
Journal of Multinational Financial Management,NA,1042-444X,2026-05-21,NA,eme2025ukb
Journal of Multivariate Analysis,NA,0047-259X,2026-05-21,NA,eme2025ukb
Journal of Natural Pesticide Research,NA,2773-0786,2026-05-21,NA,eme2025ukb
Journal of Neonatal Nursing,NA,1355-1841,2026-05-21,NA,eme2025ukb
Journal of Network and Computer Applications,NA,1084-8045,2026-05-21,NA,eme2025ukb
Journal of Neuroimmunology,NA,0165-5728,2026-05-21,NA,eme2025ukb
Journal of Neurolinguistics,NA,0911-6044,2026-05-21,NA,eme2025ukb
Journal of Neuroradiology,NA,0150-9861,2026-05-21,NA,eme2025ukb
Journal of Neurorestoratology,NA,2324-2426,2026-05-21,NA,eme2025ukb
Journal of Neuroscience Methods,NA,0165-0270,2026-05-21,NA,eme2025ukb
Journal of Non-Crystalline Solids,NA,0022-3093,2026-05-21,NA,eme2025ukb
Journal of Non-Newtonian Fluid Mechanics,NA,0377-0257,2026-05-21,NA,eme2025ukb
Journal of Nuclear Cardiology,NA,1071-3581,2026-05-21,NA,eme2025ukb
Journal of Nuclear Materials,NA,0022-3115,2026-05-21,NA,eme2025ukb
Journal of Number Theory,NA,0022-314X,2026-05-21,NA,eme2025ukb
Journal of Nursing Regulation,NA,2155-8256,2026-05-21,NA,eme2025ukb
Journal of Nutrition Education and Behavior,NA,1499-4046,2026-05-21,NA,eme2025ukb
Journal of Obsessive-Compulsive and Related Disorders,NA,2211-3649,2026-05-21,NA,eme2025ukb
"Journal of Obstetric, Gynecologic, & Neonatal Nursing",NA,0884-2175,2026-05-21,NA,eme2025ukb
Journal of Obstetrics and Gynaecology Canada,NA,1701-2163,2026-05-21,NA,eme2025ukb
Journal of Ocean Engineering and Science,NA,2468-0133,2026-05-21,NA,eme2025ukb
"Journal of Open Innovation: Technology, Market, and Complexity",NA,2199-8531,2026-05-21,NA,eme2025ukb
Journal of Optometry,NA,1888-4296,2026-05-21,NA,eme2025ukb
Journal of Oral and Maxillofacial Surgery,NA,0278-2391,2026-05-21,NA,eme2025ukb
"Journal of Oral and Maxillofacial Surgery, Medicine, and Pathology",NA,2212-5558,2026-05-21,NA,eme2025ukb
Journal of Oral Biology and Craniofacial Research,NA,2212-4268,2026-05-21,NA,eme2025ukb
Journal of Oral Biosciences,NA,1349-0079,2026-05-21,NA,eme2025ukb
Journal of Organometallic Chemistry,NA,0022-328X,2026-05-21,NA,eme2025ukb
Journal of Orthopaedic Reports,NA,2773-157X,2026-05-21,NA,eme2025ukb
Journal of Orthopaedic Science,NA,0949-2658,2026-05-21,NA,eme2025ukb
Journal of Orthopaedic Translation,NA,2214-031X,2026-05-21,NA,eme2025ukb
Journal of Orthopaedics,NA,0972-978X,2026-05-21,NA,eme2025ukb
Journal of Outdoor Recreation and Tourism,NA,2213-0780,2026-05-21,NA,eme2025ukb
Journal of Pain and Symptom Management,NA,0885-3924,2026-05-21,NA,eme2025ukb
Journal of Parallel and Distributed Computing,NA,0743-7315,2026-05-21,NA,eme2025ukb
Journal of Pathology Informatics,NA,2153-3539,2026-05-21,NA,eme2025ukb
Journal of Pediatric and Adolescent Gynecology,NA,1083-3188,2026-05-21,NA,eme2025ukb
Journal of Pediatric Health Care,NA,0891-5245,2026-05-21,NA,eme2025ukb
Journal of Pediatric Nursing,NA,0882-5963,2026-05-21,NA,eme2025ukb
Journal of Pediatric Surgery,NA,0022-3468,2026-05-21,NA,eme2025ukb
Journal of Pediatric Surgery Case Reports,NA,2213-5766,2026-05-21,NA,eme2025ukb
Journal of Pediatric Surgery Open,NA,2949-7116,2026-05-21,NA,eme2025ukb
Journal of Pediatric Urology,NA,1477-5131,2026-05-21,NA,eme2025ukb
Journal of PeriAnesthesia Nursing,NA,1089-9472,2026-05-21,NA,eme2025ukb
Journal of Pharmaceutical Analysis,NA,2095-1779,2026-05-21,NA,eme2025ukb
Journal of Pharmaceutical and Biomedical Analysis,NA,0731-7085,2026-05-21,NA,eme2025ukb
Journal of Pharmaceutical and Biomedical Analysis Open,NA,2949-771X,2026-05-21,NA,eme2025ukb
Journal of Pharmaceutical Sciences,NA,0022-3549,2026-05-21,NA,eme2025ukb
Journal of Pharmacological and Toxicological Methods,NA,1056-8719,2026-05-21,NA,eme2025ukb
Journal of Pharmacological Sciences,NA,1347-8613,2026-05-21,NA,eme2025ukb
Journal of Phonetics,NA,0095-4470,2026-05-21,NA,eme2025ukb
Journal of Photochemistry and Photobiology,NA,2666-4690,2026-05-21,NA,eme2025ukb
Journal of Photochemistry and Photobiology A: Chemistry,NA,1010-6030,2026-05-21,NA,eme2025ukb
Journal of Photochemistry and Photobiology B: Biology,NA,1011-1344,2026-05-21,NA,eme2025ukb
Journal of Photochemistry and Photobiology C: Photochemistry Reviews,NA,1389-5567,2026-05-21,NA,eme2025ukb
Journal of Physics and Chemistry of Solids,NA,0022-3697,2026-05-21,NA,eme2025ukb
Journal of Plant Physiology,NA,0176-1617,2026-05-21,NA,eme2025ukb
"Journal of Plastic, Reconstructive & Aesthetic Surgery",NA,1748-6815,2026-05-21,NA,eme2025ukb
Journal of Policy Modeling,NA,0161-8938,2026-05-21,NA,eme2025ukb
Journal of Power Sources,NA,0378-7753,2026-05-21,NA,eme2025ukb
Journal of Power Sources Advances,NA,2666-2485,2026-05-21,NA,eme2025ukb
Journal of Pragmatics,NA,0378-2166,2026-05-21,NA,eme2025ukb
Journal of Process Control,NA,0959-1524,2026-05-21,NA,eme2025ukb
Journal of Professional Nursing,NA,8755-7223,2026-05-21,NA,eme2025ukb
Journal of Proteomics,NA,1874-3919,2026-05-21,NA,eme2025ukb
Journal of Psychiatric Research,NA,0022-3956,2026-05-21,NA,eme2025ukb
Journal of Psychosomatic Research,NA,0022-3999,2026-05-21,NA,eme2025ukb
Journal of Public Economics,NA,0047-2727,2026-05-21,NA,eme2025ukb
Journal of Public Transportation,NA,1077-291X,2026-05-21,NA,eme2025ukb
Journal of Purchasing and Supply Management,NA,1478-4092,2026-05-21,NA,eme2025ukb
Journal of Pure and Applied Algebra,NA,0022-4049,2026-05-21,NA,eme2025ukb
Journal of Pyrogeography,NA,3051-0678,2026-05-21,NA,eme2025ukb
Journal of Quantitative Spectroscopy & Radiative Transfer,NA,0022-4073,2026-05-21,NA,eme2025ukb
Journal of Radiation Research and Applied Sciences,NA,1687-8507,2026-05-21,NA,eme2025ukb
Journal of Radiology Nursing,NA,1546-0843,2026-05-21,NA,eme2025ukb
Journal of Rail Transport Planning & Management,NA,2210-9706,2026-05-21,NA,eme2025ukb
Journal of Rare Earths,NA,1002-0721,2026-05-21,NA,eme2025ukb
Journal of Renal Nutrition,NA,1051-2276,2026-05-21,NA,eme2025ukb
Journal of Reproductive Immunology,NA,0165-0378,2026-05-21,NA,eme2025ukb
Journal of Research in Personality,NA,0092-6566,2026-05-21,NA,eme2025ukb
Journal of Responsible Technology,NA,2666-6596,2026-05-21,NA,eme2025ukb
Journal of Retailing,NA,0022-4359,2026-05-21,NA,eme2025ukb
Journal of Retailing and Consumer Services,NA,0969-6989,2026-05-21,NA,eme2025ukb
Journal of Rural Studies,NA,0743-0167,2026-05-21,NA,eme2025ukb
Journal of Safety Research,NA,0022-4375,2026-05-21,NA,eme2025ukb
Journal of School Psychology,NA,0022-4405,2026-05-21,NA,eme2025ukb
Journal of Science and Medicine in Sport,NA,1440-2440,2026-05-21,NA,eme2025ukb
Journal of Science: Advanced Materials and Devices,NA,2468-2179,2026-05-21,NA,eme2025ukb
Journal of Sea Research,NA,1385-1101,2026-05-21,NA,eme2025ukb
Journal of Second Language Writing,NA,1060-3743,2026-05-21,NA,eme2025ukb
Journal of Shoulder and Elbow Arthroplasty,NA,2471-5492,2026-05-21,NA,eme2025ukb
Journal of Shoulder and Elbow Surgery,NA,1058-2746,2026-05-21,NA,eme2025ukb
Journal of Solid State Chemistry,NA,0022-4596,2026-05-21,NA,eme2025ukb
Journal of Sound and Vibration,NA,0022-460X,2026-05-21,NA,eme2025ukb
Journal of South American Earth Sciences,NA,0895-9811,2026-05-21,NA,eme2025ukb
Journal of Space Safety Engineering,NA,2468-8967,2026-05-21,NA,eme2025ukb
"Journal of Sports Medicine, Animal Rehabilitation and Physiotherapy",NA,3117-3918,2026-05-21,NA,eme2025ukb
Journal of Statistical Planning and Inference,NA,0378-3758,2026-05-21,NA,eme2025ukb
"Journal of Stomatology, Oral and Maxillofacial Surgery",NA,2468-7855,2026-05-21,NA,eme2025ukb
Journal of Stored Products Research,NA,0022-474X,2026-05-21,NA,eme2025ukb
Journal of Strategy & Innovation,NA,3050-7901,2026-05-21,NA,eme2025ukb
Journal of Stroke & Cerebrovascular Diseases,NA,1052-3057,2026-05-21,NA,eme2025ukb
Journal of Structural Biology,NA,1047-8477,2026-05-21,NA,eme2025ukb
Journal of Structural Biology: X,NA,2590-1524,2026-05-21,NA,eme2025ukb
Journal of Structural Geology,NA,0191-8141,2026-05-21,NA,eme2025ukb
Journal of Subatomic Particles and Cosmology,NA,3050-4805,2026-05-21,NA,eme2025ukb
Journal of Substance Use and Addiction Treatment,NA,2949-8759,2026-05-21,NA,eme2025ukb
Journal of Surgical Education,NA,1931-7204,2026-05-21,NA,eme2025ukb
Journal of Surgical Research,NA,0022-4804,2026-05-21,NA,eme2025ukb
Journal of Sustainable Finance and Accounting,NA,2950-3701,2026-05-21,NA,eme2025ukb
Journal of Symbolic Computation,NA,0747-7171,2026-05-21,NA,eme2025ukb
Journal of Systems and Software,NA,0164-1212,2026-05-21,NA,eme2025ukb
Journal of Systems Architecture,NA,1383-7621,2026-05-21,NA,eme2025ukb
Journal of the Academy of Consultation-Liaison Psychiatry,NA,2667-2960,2026-05-21,NA,eme2025ukb
Journal of the Academy of Nutrition and Dietetics,NA,2212-2672,2026-05-21,NA,eme2025ukb
Journal of the Air Transport Research Society,NA,2941-198X,2026-05-21,NA,eme2025ukb
Journal of the American Academy of Child & Adolescent Psychiatry,NA,0890-8567,2026-05-21,NA,eme2025ukb
Journal of the American Academy of Dermatology,NA,0190-9622,2026-05-21,NA,eme2025ukb
Journal of the American College of Radiology,NA,1546-1440,2026-05-21,NA,eme2025ukb
Journal of the American Medical Directors Association,NA,1525-8610,2026-05-21,NA,eme2025ukb
Journal of the American Pharmacists Association,NA,1544-3191,2026-05-21,NA,eme2025ukb
Journal of the American Society of Cytopathology,NA,2213-2945,2026-05-21,NA,eme2025ukb
Journal of the American Society of Echocardiography,NA,0894-7317,2026-05-21,NA,eme2025ukb
Journal of the Energy Institute,NA,1743-9671,2026-05-21,NA,eme2025ukb
Journal of the European Ceramic Society,NA,0955-2219,2026-05-21,NA,eme2025ukb
Journal of the European Meteorological Society,NA,2950-6301,2026-05-21,NA,eme2025ukb
Journal of the Franklin Institute,NA,0016-0032,2026-05-21,NA,eme2025ukb
Journal of the Indian Chemical Society,NA,0019-4522,2026-05-21,NA,eme2025ukb
Journal of the Japanese and International Economies,NA,0889-1583,2026-05-21,NA,eme2025ukb
Journal of the Mechanical Behavior of Biomedical Materials,NA,1751-6161,2026-05-21,NA,eme2025ukb
Journal of the Mechanics and Physics of Solids,NA,0022-5096,2026-05-21,NA,eme2025ukb
Journal of the National Cancer Center,NA,2667-0054,2026-05-21,NA,eme2025ukb
Journal of the National Medical Association,NA,0027-9684,2026-05-21,NA,eme2025ukb
Journal of the Neurological Sciences,NA,0022-510X,2026-05-21,NA,eme2025ukb
Journal of the Pediatric Orthopaedic Society of North America,NA,2768-2765,2026-05-21,NA,eme2025ukb
Journal of the Society for Cardiovascular Angiography & Interventions,NA,2772-9303,2026-05-21,NA,eme2025ukb
Journal of the Taiwan Institute of Chemical Engineers,NA,1876-1070,2026-05-21,NA,eme2025ukb
Journal of the World Federation of Orthodontists,NA,2212-4438,2026-05-21,NA,eme2025ukb
Journal of Theoretical Biology,NA,0022-5193,2026-05-21,NA,eme2025ukb
Journal of Thermal Biology,NA,0306-4565,2026-05-21,NA,eme2025ukb
Journal of Thoracic Oncology,NA,1556-0864,2026-05-21,NA,eme2025ukb
Journal of Thrombosis and Haemostasis,NA,1538-7836,2026-05-21,NA,eme2025ukb
Journal of Tissue Viability,NA,0965-206X,2026-05-21,NA,eme2025ukb
Journal of Trace Elements and Minerals,NA,2773-0506,2026-05-21,NA,eme2025ukb
Journal of Trace Elements in Medicine and Biology,NA,0946-672X,2026-05-21,NA,eme2025ukb
Journal of Translational Autoimmunity,NA,2589-9090,2026-05-21,NA,eme2025ukb
Journal of Transport & Health,NA,2214-1405,2026-05-21,NA,eme2025ukb
Journal of Transport Geography,NA,0966-6923,2026-05-21,NA,eme2025ukb
Journal of Urban Economics,NA,0094-1190,2026-05-21,NA,eme2025ukb
Journal of Urban Management,NA,2226-5856,2026-05-21,NA,eme2025ukb
Journal of Urban Mobility,NA,2667-0917,2026-05-21,NA,eme2025ukb
Journal of Vascular and Interventional Radiology,NA,1051-0443,2026-05-21,NA,eme2025ukb
Journal of Vascular Nursing,NA,1062-0303,2026-05-21,NA,eme2025ukb
Journal of Vascular Surgery,NA,0741-5214,2026-05-21,NA,eme2025ukb
"Journal of Vascular Surgery Cases, Innovations and Techniques",NA,2468-4287,2026-05-21,NA,eme2025ukb
Journal of Vascular Surgery: Venous and Lymphatic Disorders,NA,2213-333X,2026-05-21,NA,eme2025ukb
Journal of Veterinary Behavior,NA,1558-7878,2026-05-21,NA,eme2025ukb
Journal of Veterinary Cardiology,NA,1760-2734,2026-05-21,NA,eme2025ukb
Journal of Virological Methods,NA,0166-0934,2026-05-21,NA,eme2025ukb
Journal of Virus Eradication,NA,2055-6640,2026-05-21,NA,eme2025ukb
Journal of Visceral Surgery,NA,1878-7886,2026-05-21,NA,eme2025ukb
Journal of Visual Communication and Image Representation,NA,1047-3203,2026-05-21,NA,eme2025ukb
Journal of Vocational Behavior,NA,0001-8791,2026-05-21,NA,eme2025ukb
Journal of Voice,NA,0892-1997,2026-05-21,NA,eme2025ukb
Journal of Volcanology and Geothermal Research,NA,0377-0273,2026-05-21,NA,eme2025ukb
Journal of Water Process Engineering,NA,2214-7144,2026-05-21,NA,eme2025ukb
Journal of Web Semantics,NA,1570-8268,2026-05-21,NA,eme2025ukb
Journal of Wind Engineering and Industrial Aerodynamics,NA,0167-6105,2026-05-21,NA,eme2025ukb
Journal of World Business,NA,1090-9516,2026-05-21,NA,eme2025ukb
JPRAS Open,NA,2352-5878,2026-05-21,NA,eme2025ukb
JSAMS Plus,NA,2772-6967,2026-05-21,NA,eme2025ukb
JSES International,NA,2666-6383,2026-05-21,NA,eme2025ukb
"JSES Reviews, Reports, and Techniques",NA,2666-6391,2026-05-21,NA,eme2025ukb
JTCVS Open,NA,2666-2736,2026-05-21,NA,eme2025ukb
JTCVS Structural and Endovascular,NA,2950-6050,2026-05-21,NA,eme2025ukb
JTCVS Techniques,NA,2666-2507,2026-05-21,NA,eme2025ukb
JTO Clinical and Research Reports,NA,2666-3643,2026-05-21,NA,eme2025ukb
JVS-Vascular Insights,NA,2949-9127,2026-05-21,NA,eme2025ukb
JVS-Vascular Science,NA,2666-3503,2026-05-21,NA,eme2025ukb
Kidney International,NA,0085-2538,2026-05-21,NA,eme2025ukb
Kidney International Case Reports,NA,3117-471X,2026-05-21,NA,eme2025ukb
Kidney International Reports,NA,2468-0249,2026-05-21,NA,eme2025ukb
Kidney Medicine,NA,2590-0595,2026-05-21,NA,eme2025ukb
"Kinésithérapie, la Revue",NA,1779-0123,2026-05-21,NA,eme2025ukb
Knowledge-Based Systems,NA,0950-7051,2026-05-21,NA,eme2025ukb
KSCE Journal of Civil Engineering,NA,1226-7988,2026-05-21,NA,eme2025ukb
La Presse Médicale,NA,0755-4982,2026-05-21,NA,eme2025ukb
La Presse Médicale Formation,NA,2666-4798,2026-05-21,NA,eme2025ukb
La Revue de Médecine Interne,NA,0248-8663,2026-05-21,NA,eme2025ukb
Laboratory Investigation,NA,0023-6837,2026-05-21,NA,eme2025ukb
Labour Economics,NA,0927-5371,2026-05-21,NA,eme2025ukb
Land Use Policy,NA,0264-8377,2026-05-21,NA,eme2025ukb
Landscape and Urban Planning,NA,0169-2046,2026-05-21,NA,eme2025ukb
Language & Communication,NA,0271-5309,2026-05-21,NA,eme2025ukb
Language Sciences,NA,0388-0001,2026-05-21,NA,eme2025ukb
L'Anthropologie,NA,0003-5521,2026-05-21,NA,eme2025ukb
Latin American Transport Studies,NA,2950-0249,2026-05-21,NA,eme2025ukb
Le Pharmacien Clinicien,NA,2772-9532,2026-05-21,NA,eme2025ukb
Le Praticien en Anesthésie Réanimation,NA,1279-7960,2026-05-21,NA,eme2025ukb
Learning and Individual Differences,NA,1041-6080,2026-05-21,NA,eme2025ukb
Learning and Instruction,NA,0959-4752,2026-05-21,NA,eme2025ukb
Learning and Motivation,NA,0023-9690,2026-05-21,NA,eme2025ukb
Learning in Context,NA,3050-578X,2026-05-21,NA,eme2025ukb
"Learning, Culture and Social Interaction",NA,2210-6561,2026-05-21,NA,eme2025ukb
Legal Medicine,NA,1344-6223,2026-05-21,NA,eme2025ukb
L'Encéphale,NA,0013-7006,2026-05-21,NA,eme2025ukb
Leukemia Research,NA,0145-2126,2026-05-21,NA,eme2025ukb
Leukemia Research Reports,NA,2213-0489,2026-05-21,NA,eme2025ukb
L'Évolution Psychiatrique,NA,0014-3855,2026-05-21,NA,eme2025ukb
Library & Information Science Research,NA,0740-8188,2026-05-21,NA,eme2025ukb
Life Sciences,NA,0024-3205,2026-05-21,NA,eme2025ukb
Life Sciences in Space Research,NA,2214-5524,2026-05-21,NA,eme2025ukb
Limnologica,NA,0075-9511,2026-05-21,NA,eme2025ukb
Linear Algebra and its Applications,NA,0024-3795,2026-05-21,NA,eme2025ukb
Lingua,NA,0024-3841,2026-05-21,NA,eme2025ukb
Linguistics and Education,NA,0898-5898,2026-05-21,NA,eme2025ukb
Lithos,NA,0024-4937,2026-05-21,NA,eme2025ukb
Livestock Science,NA,1871-1413,2026-05-21,NA,eme2025ukb
Long Range Planning,NA,0024-6301,2026-05-21,NA,eme2025ukb
Lung Cancer,NA,0169-5002,2026-05-21,NA,eme2025ukb
LWT,NA,0023-6438,2026-05-21,NA,eme2025ukb
Machine Learning with Applications,NA,2666-8270,2026-05-21,NA,eme2025ukb
Magnetic Resonance Imaging,NA,0730-725X,2026-05-21,NA,eme2025ukb
Management Accounting Research,NA,1044-5005,2026-05-21,NA,eme2025ukb
Manufacturing Letters,NA,2213-8463,2026-05-21,NA,eme2025ukb
Marine Chemistry,NA,0304-4203,2026-05-21,NA,eme2025ukb
Marine Environmental Research,NA,0141-1136,2026-05-21,NA,eme2025ukb
Marine Genomics,NA,1874-7787,2026-05-21,NA,eme2025ukb
Marine Geology,NA,0025-3227,2026-05-21,NA,eme2025ukb
Marine Geoscience and Energy Resources,NA,3117-5775,2026-05-21,NA,eme2025ukb
Marine Micropaleontology,NA,0377-8398,2026-05-21,NA,eme2025ukb
Marine Policy,NA,0308-597X,2026-05-21,NA,eme2025ukb
Marine Pollution Bulletin,NA,0025-326X,2026-05-21,NA,eme2025ukb
Marine Structures,NA,0951-8339,2026-05-21,NA,eme2025ukb
Maritime Transport Research,NA,2666-822X,2026-05-21,NA,eme2025ukb
Marketing Strategy Journal,NA,2950-3086,2026-05-21,NA,eme2025ukb
Mass Gathering Medicine,NA,3050-4562,2026-05-21,NA,eme2025ukb
Materialia,NA,2589-1529,2026-05-21,NA,eme2025ukb
Materials & Design,NA,0264-1275,2026-05-21,NA,eme2025ukb
Materials Characterization,NA,1044-5803,2026-05-21,NA,eme2025ukb
Materials Chemistry and Physics,NA,0254-0584,2026-05-21,NA,eme2025ukb
Materials Chemistry and Physics: Sustainability and Energy,NA,3050-4716,2026-05-21,NA,eme2025ukb
Materials Letters,NA,0167-577X,2026-05-21,NA,eme2025ukb
Materials Letters: X,NA,2590-1508,2026-05-21,NA,eme2025ukb
Materials Research Bulletin,NA,0025-5408,2026-05-21,NA,eme2025ukb
Materials Science and Engineering: A,NA,0921-5093,2026-05-21,NA,eme2025ukb
Materials Science and Engineering: B,NA,0921-5107,2026-05-21,NA,eme2025ukb
Materials Science and Engineering: R: Reports,NA,0927-796X,2026-05-21,NA,eme2025ukb
Materials Science in Semiconductor Processing,NA,1369-8001,2026-05-21,NA,eme2025ukb
Materials Today,NA,1369-7021,2026-05-21,NA,eme2025ukb
Materials Today Advances,NA,2590-0498,2026-05-21,NA,eme2025ukb
Materials Today Bio,NA,2590-0064,2026-05-21,NA,eme2025ukb
Materials Today Catalysis,NA,2949-754X,2026-05-21,NA,eme2025ukb
Materials Today Chemistry,NA,2468-5194,2026-05-21,NA,eme2025ukb
Materials Today Communications,NA,2352-4928,2026-05-21,NA,eme2025ukb
Materials Today Electronics,NA,2772-9494,2026-05-21,NA,eme2025ukb
Materials Today Energy,NA,2468-6069,2026-05-21,NA,eme2025ukb
Materials Today Nano,NA,2588-8420,2026-05-21,NA,eme2025ukb
Materials Today Physics,NA,2542-5293,2026-05-21,NA,eme2025ukb
Materials Today Quantum,NA,2950-2578,2026-05-21,NA,eme2025ukb
Materials Today Sustainability,NA,2589-2347,2026-05-21,NA,eme2025ukb
Mathematical Biosciences,NA,0025-5564,2026-05-21,NA,eme2025ukb
Mathematical Social Sciences,NA,0165-4896,2026-05-21,NA,eme2025ukb
Mathematics and Computers in Simulation,NA,0378-4754,2026-05-21,NA,eme2025ukb
Matrix Biology,NA,0945-053X,2026-05-21,NA,eme2025ukb
Matrix Biology Plus,NA,2590-0285,2026-05-21,NA,eme2025ukb
Maturitas,NA,0378-5122,2026-05-21,NA,eme2025ukb
Mayo Clinic Proceedings,NA,0025-6196,2026-05-21,NA,eme2025ukb
Mayo Clinic Proceedings: Digital Health,NA,2949-7612,2026-05-21,NA,eme2025ukb
"Mayo Clinic Proceedings: Innovations, Quality & Outcomes",NA,2542-4548,2026-05-21,NA,eme2025ukb
Measurement,NA,0263-2241,2026-05-21,NA,eme2025ukb
Measurement and Evaluations in Cancer Care,NA,2949-8775,2026-05-21,NA,eme2025ukb
Measurement: Digitalization,NA,3050-6441,2026-05-21,NA,eme2025ukb
Measurement: Energy,NA,2950-3450,2026-05-21,NA,eme2025ukb
Measurement: Food,NA,2772-2759,2026-05-21,NA,eme2025ukb
Measurement: Sensors,NA,2665-9174,2026-05-21,NA,eme2025ukb
Meat Science,NA,0309-1740,2026-05-21,NA,eme2025ukb
Mechanical Systems and Signal Processing,NA,0888-3270,2026-05-21,NA,eme2025ukb
Mechanics of Materials,NA,0167-6636,2026-05-21,NA,eme2025ukb
Mechanics Research Communications,NA,0093-6413,2026-05-21,NA,eme2025ukb
Mechanism and Machine Theory,NA,0094-114X,2026-05-21,NA,eme2025ukb
Mechanisms of Ageing and Development,NA,0047-6374,2026-05-21,NA,eme2025ukb
Mechanobiology in Medicine,NA,2949-9070,2026-05-21,NA,eme2025ukb
Mechatronics,NA,0957-4158,2026-05-21,NA,eme2025ukb
Médecine & Droit,NA,1246-7391,2026-05-21,NA,eme2025ukb
Médecine de Catastrophe - Urgences Collectives,NA,1279-8479,2026-05-21,NA,eme2025ukb
Médecine des Maladies Métaboliques,NA,1957-2557,2026-05-21,NA,eme2025ukb
Médecine du Sommeil,NA,1769-4493,2026-05-21,NA,eme2025ukb
Médecine Nucléaire,NA,0928-1258,2026-05-21,NA,eme2025ukb
Médecine Palliative,NA,1636-6522,2026-05-21,NA,eme2025ukb
Medical Dosimetry,NA,0958-3947,2026-05-21,NA,eme2025ukb
Medical Hypotheses,NA,0306-9877,2026-05-21,NA,eme2025ukb
Medical Image Analysis,NA,1361-8415,2026-05-21,NA,eme2025ukb
Medical Mycology Case Reports,NA,2211-7539,2026-05-21,NA,eme2025ukb
Medical Reports,NA,2949-9186,2026-05-21,NA,eme2025ukb
Medicina Clínica,NA,0025-7753,2026-05-21,NA,eme2025ukb
Medicina Clínica (English Edition),NA,2387-0206,2026-05-21,NA,eme2025ukb
Medicina Clínica Práctica,NA,2603-9249,2026-05-21,NA,eme2025ukb
Medicina de Familia. SEMERGEN,NA,1138-3593,2026-05-21,NA,eme2025ukb
Medicina Intensiva,NA,0210-5691,2026-05-21,NA,eme2025ukb
Medicina Intensiva (English Edition),NA,2173-5727,2026-05-21,NA,eme2025ukb
Medicine in Drug Discovery,NA,2590-0986,2026-05-21,NA,eme2025ukb
Medicine in Microecology,NA,2590-0978,2026-05-21,NA,eme2025ukb
Medicine in Novel Technology and Devices,NA,2590-0935,2026-05-21,NA,eme2025ukb
Medicine in Omics,NA,2590-1249,2026-05-21,NA,eme2025ukb
"Memories - Materials, Devices, Circuits and Systems",NA,2773-0646,2026-05-21,NA,eme2025ukb
Mental Health & Prevention,NA,2212-6570,2026-05-21,NA,eme2025ukb
Mental Health and Physical Activity,NA,1755-2966,2026-05-21,NA,eme2025ukb
Metabolic Engineering,NA,1096-7176,2026-05-21,NA,eme2025ukb
Metabolic Engineering Communications,NA,2214-0301,2026-05-21,NA,eme2025ukb
Metabolism,NA,0026-0495,2026-05-21,NA,eme2025ukb
Metabolism Open,NA,2589-9368,2026-05-21,NA,eme2025ukb
Methods,NA,1046-2023,2026-05-21,NA,eme2025ukb
Methods in Psychology,NA,2590-2601,2026-05-21,NA,eme2025ukb
MethodsX,NA,2215-0161,2026-05-21,NA,eme2025ukb
Micro and Nano Engineering,NA,2590-0072,2026-05-21,NA,eme2025ukb
Micro and Nanostructures,NA,2773-0123,2026-05-21,NA,eme2025ukb
Microbial Pathogenesis,NA,0882-4010,2026-05-21,NA,eme2025ukb
Microbial Risk Analysis,NA,2352-3522,2026-05-21,NA,eme2025ukb
Microbiological Research,NA,0944-5013,2026-05-21,NA,eme2025ukb
Microchemical Journal,NA,0026-265X,2026-05-21,NA,eme2025ukb
Microelectronic Engineering,NA,0167-9317,2026-05-21,NA,eme2025ukb
Microelectronics Journal,NA,1879-2391,2026-05-21,NA,eme2025ukb
Microelectronics Reliability,NA,0026-2714,2026-05-21,NA,eme2025ukb
Micron,NA,0968-4328,2026-05-21,NA,eme2025ukb
Microporous and Mesoporous Materials,NA,1387-1811,2026-05-21,NA,eme2025ukb
Microprocessors and Microsystems,NA,0141-9331,2026-05-21,NA,eme2025ukb
Microvascular Research,NA,0026-2862,2026-05-21,NA,eme2025ukb
Midwifery,NA,0266-6138,2026-05-21,NA,eme2025ukb
Minerals Engineering,NA,0892-6875,2026-05-21,NA,eme2025ukb
Mitochondrion,NA,1567-7249,2026-05-21,NA,eme2025ukb
Modern Pathology,NA,0893-3952,2026-05-21,NA,eme2025ukb
Molecular and Biochemical Parasitology,NA,0166-6851,2026-05-21,NA,eme2025ukb
Molecular and Cellular Endocrinology,NA,0303-7207,2026-05-21,NA,eme2025ukb
Molecular and Cellular Neuroscience,NA,1044-7431,2026-05-21,NA,eme2025ukb
Molecular and Cellular Probes,NA,0890-8508,2026-05-21,NA,eme2025ukb
Molecular Aspects of Medicine,NA,0098-2997,2026-05-21,NA,eme2025ukb
Molecular Catalysis,NA,2468-8231,2026-05-21,NA,eme2025ukb
Molecular Genetics and Metabolism,NA,1096-7192,2026-05-21,NA,eme2025ukb
Molecular Genetics and Metabolism Reports,NA,2214-4269,2026-05-21,NA,eme2025ukb
Molecular Immunology,NA,0161-5890,2026-05-21,NA,eme2025ukb
Molecular Metabolism,NA,2212-8778,2026-05-21,NA,eme2025ukb
Molecular Pharmacology,NA,0026-895X,2026-05-21,NA,eme2025ukb
Molecular Phylogenetics and Evolution,NA,1055-7903,2026-05-21,NA,eme2025ukb
Molecular Therapy Advances,NA,3117-387X,2026-05-21,NA,eme2025ukb
Molecular Therapy: Nucleic Acids,NA,2162-2531,2026-05-21,NA,eme2025ukb
Molecular Therapy: Oncology,NA,2950-3299,2026-05-21,NA,eme2025ukb
Molecules and Cells,NA,1016-8478,2026-05-21,NA,eme2025ukb
Morphologie,NA,1286-0115,2026-05-21,NA,eme2025ukb
Motricité Cérébrale,NA,0245-5919,2026-05-21,NA,eme2025ukb
Mucosal Immunology,NA,1933-0219,2026-05-21,NA,eme2025ukb
Multimodal Transportation,NA,2772-5863,2026-05-21,NA,eme2025ukb
Multiple Sclerosis and Related Disorders,NA,2211-0348,2026-05-21,NA,eme2025ukb
Musculoskeletal Science and Practice,NA,2468-7812,2026-05-21,NA,eme2025ukb
Mutation Research: Fundamental and Molecular Mechanisms of Mutagenesis,NA,1386-1964,2026-05-21,NA,eme2025ukb
Mutation Research: Genetic Toxicology and Environmental Mutagenesis,NA,1383-5718,2026-05-21,NA,eme2025ukb
Mutation Research: Reviews in Mutation Research,NA,1383-5742,2026-05-21,NA,eme2025ukb
NAM Journal,NA,3050-6204,2026-05-21,NA,eme2025ukb
Nano Communication Networks,NA,1878-7789,2026-05-21,NA,eme2025ukb
Nano Energy,NA,2211-2855,2026-05-21,NA,eme2025ukb
Nano Today,NA,1748-0132,2026-05-21,NA,eme2025ukb
Nano Trends,NA,2666-9781,2026-05-21,NA,eme2025ukb
NanoImpact,NA,2452-0748,2026-05-21,NA,eme2025ukb
"Nanomedicine: Nanotechnology, Biology and Medicine",NA,1549-9634,2026-05-21,NA,eme2025ukb
Nano-Structures & Nano-Objects,NA,2352-507X,2026-05-21,NA,eme2025ukb
Natural Language Processing Journal,NA,2949-7191,2026-05-21,NA,eme2025ukb
Nature-Based Solutions,NA,2772-4115,2026-05-21,NA,eme2025ukb
NDT & E International,NA,0963-8695,2026-05-21,NA,eme2025ukb
Neoplasia,NA,1476-5586,2026-05-21,NA,eme2025ukb
Neural Networks,NA,0893-6080,2026-05-21,NA,eme2025ukb
Neurobiology of Aging,NA,0197-4580,2026-05-21,NA,eme2025ukb
Neurobiology of Disease,NA,0969-9961,2026-05-21,NA,eme2025ukb
Neurobiology of Learning and Memory,NA,1074-7427,2026-05-21,NA,eme2025ukb
Neurobiology of Pain,NA,2452-073X,2026-05-21,NA,eme2025ukb
Neurobiology of Sleep and Circadian Rhythms,NA,2451-9944,2026-05-21,NA,eme2025ukb
Neurobiology of Stress,NA,2352-2895,2026-05-21,NA,eme2025ukb
Neurochemistry International,NA,0197-0186,2026-05-21,NA,eme2025ukb
Neurochirurgie,NA,0028-3770,2026-05-21,NA,eme2025ukb
Neurocirugía,NA,1130-1473,2026-05-21,NA,eme2025ukb
Neurocirugía (English Edition),NA,2529-8496,2026-05-21,NA,eme2025ukb
Neurocomputing,NA,0925-2312,2026-05-21,NA,eme2025ukb
NeuroImage,NA,1053-8119,2026-05-21,NA,eme2025ukb
NeuroImage Stroke,NA,3117-5740,2026-05-21,NA,eme2025ukb
NeuroImage: Clinical,NA,2213-1582,2026-05-21,NA,eme2025ukb
NeuroImage: Reports,NA,2666-9560,2026-05-21,NA,eme2025ukb
Neuroimmunology Reports,NA,2667-257X,2026-05-21,NA,eme2025ukb
Neuromodulation: Technology at the Neural Interface,NA,1094-7159,2026-05-21,NA,eme2025ukb
Neuromuscular Disorders,NA,0960-8966,2026-05-21,NA,eme2025ukb
Neuropeptides,NA,0143-4179,2026-05-21,NA,eme2025ukb
Neuropharmacology,NA,0028-3908,2026-05-21,NA,eme2025ukb
Neurophysiologie Clinique,NA,0987-7053,2026-05-21,NA,eme2025ukb
Neuropsychiatrie de l'Enfance et de l'Adolescence,NA,0222-9617,2026-05-21,NA,eme2025ukb
Neuropsychologia,NA,0028-3932,2026-05-21,NA,eme2025ukb
Neuroscience,NA,0306-4522,2026-05-21,NA,eme2025ukb
Neuroscience & Biobehavioral Reviews,NA,0149-7634,2026-05-21,NA,eme2025ukb
Neuroscience Applied,NA,2772-4085,2026-05-21,NA,eme2025ukb
Neuroscience Informatics,NA,2772-5286,2026-05-21,NA,eme2025ukb
Neuroscience Letters,NA,0304-3940,2026-05-21,NA,eme2025ukb
Neuroscience Research,NA,0168-0102,2026-05-21,NA,eme2025ukb
Neurotherapeutics,NA,1878-7479,2026-05-21,NA,eme2025ukb
NeuroToxicology,NA,0161-813X,2026-05-21,NA,eme2025ukb
Neurotoxicology and Teratology,NA,0892-0362,2026-05-21,NA,eme2025ukb
New Astronomy,NA,1384-1076,2026-05-21,NA,eme2025ukb
New Astronomy Reviews,NA,1387-6473,2026-05-21,NA,eme2025ukb
New Biotechnology,NA,1871-6784,2026-05-21,NA,eme2025ukb
New Ideas in Psychology,NA,0732-118X,2026-05-21,NA,eme2025ukb
New Microbes and New Infections,NA,2052-2975,2026-05-21,NA,eme2025ukb
Next Bioengineering,NA,3050-7235,2026-05-21,NA,eme2025ukb
Next Chemical Engineering,NA,3050-7243,2026-05-21,NA,eme2025ukb
Next Energy,NA,2949-821X,2026-05-21,NA,eme2025ukb
Next Materials,NA,2949-8228,2026-05-21,NA,eme2025ukb
Next Nanotechnology,NA,2949-8295,2026-05-21,NA,eme2025ukb
Next Research,NA,3050-4759,2026-05-21,NA,eme2025ukb
Next Sustainability,NA,2949-8236,2026-05-21,NA,eme2025ukb
Nexus,NA,2950-1601,2026-05-21,NA,eme2025ukb
NFS Journal,NA,2352-3646,2026-05-21,NA,eme2025ukb
Nitric Oxide,NA,1089-8603,2026-05-21,NA,eme2025ukb
Nonlinear Analysis,NA,0362-546X,2026-05-21,NA,eme2025ukb
Nonlinear Analysis: Hybrid Systems,NA,1751-570X,2026-05-21,NA,eme2025ukb
Nonlinear Analysis: Real World Applications,NA,1468-1218,2026-05-21,NA,eme2025ukb
Nonlinear Science,NA,3050-5178,2026-05-21,NA,eme2025ukb
North American Spine Society Journal (NASSJ),NA,2666-5484,2026-05-21,NA,eme2025ukb
NPG Neurologie - Psychiatrie - Gériatrie,NA,1627-4830,2026-05-21,NA,eme2025ukb
Nuclear Data Sheets,NA,0090-3752,2026-05-21,NA,eme2025ukb
Nuclear Engineering and Design,NA,0029-5493,2026-05-21,NA,eme2025ukb
"Nuclear Instruments and Methods in Physics Research Section A: Accelerators, Spectrometers, Detectors and Associated Equipment",NA,0168-9002,2026-05-21,NA,eme2025ukb
Nuclear Instruments and Methods in Physics Research Section B: Beam Interactions with Materials and Atoms,NA,0168-583X,2026-05-21,NA,eme2025ukb
Nuclear Materials and Energy,NA,2352-1791,2026-05-21,NA,eme2025ukb
Nuclear Medicine and Biology,NA,0969-8051,2026-05-21,NA,eme2025ukb
Nuclear Physics A,NA,0375-9474,2026-05-21,NA,eme2025ukb
Nurse Education in Practice,NA,1471-5953,2026-05-21,NA,eme2025ukb
Nurse Education Today,NA,0260-6917,2026-05-21,NA,eme2025ukb
Nurse Leader,NA,1541-4612,2026-05-21,NA,eme2025ukb
Nursing for Women's Health,NA,1751-4851,2026-05-21,NA,eme2025ukb
Nursing Outlook,NA,0029-6554,2026-05-21,NA,eme2025ukb
Nutrition,NA,0899-9007,2026-05-21,NA,eme2025ukb
Nutrition Clinique et Métabolisme,NA,0985-0562,2026-05-21,NA,eme2025ukb
Nutrition Research,NA,0271-5317,2026-05-21,NA,eme2025ukb
"Nutrition, Metabolism & Cardiovascular Diseases",NA,0939-4753,2026-05-21,NA,eme2025ukb
Nutritional Psychiatry,NA,3051-1569,2026-05-21,NA,eme2025ukb
Obesity Medicine,NA,2451-8476,2026-05-21,NA,eme2025ukb
Obesity Pillars,NA,2667-3681,2026-05-21,NA,eme2025ukb
Obesity Research & Clinical Practice,NA,1871-403X,2026-05-21,NA,eme2025ukb
Ocean & Coastal Management,NA,0964-5691,2026-05-21,NA,eme2025ukb
Ocean Engineering,NA,0029-8018,2026-05-21,NA,eme2025ukb
Ocean Modelling,NA,1463-5003,2026-05-21,NA,eme2025ukb
Omega,NA,0305-0483,2026-05-21,NA,eme2025ukb
One Health,NA,2352-7714,2026-05-21,NA,eme2025ukb
Online Social Networks and Media,NA,2468-6964,2026-05-21,NA,eme2025ukb
Open Ceramics,NA,2666-5395,2026-05-21,NA,eme2025ukb
Open Nuclear Energy,NA,3051-2808,2026-05-21,NA,eme2025ukb
Open Respiratory Archives,NA,2659-6636,2026-05-21,NA,eme2025ukb
OpenNano,NA,2352-9520,2026-05-21,NA,eme2025ukb
Operations Research Letters,NA,0167-6377,2026-05-21,NA,eme2025ukb
Operations Research Perspectives,NA,2214-7160,2026-05-21,NA,eme2025ukb
"Operations Research, Data Analytics and Logistics",NA,3050-7847,2026-05-21,NA,eme2025ukb
Operative Techniques in Orthopaedics,NA,1048-6666,2026-05-21,NA,eme2025ukb
Operative Techniques in Otolaryngology - Head and Neck Surgery,NA,1043-1810,2026-05-21,NA,eme2025ukb
Operative Techniques in Sports Medicine,NA,1060-1872,2026-05-21,NA,eme2025ukb
Operative Techniques in Thoracic and Cardiovascular Surgery,NA,1522-2942,2026-05-21,NA,eme2025ukb
Ophthalmology,NA,0161-6420,2026-05-21,NA,eme2025ukb
Ophthalmology Glaucoma,NA,2589-4196,2026-05-21,NA,eme2025ukb
Ophthalmology Retina,NA,2468-6530,2026-05-21,NA,eme2025ukb
Ophthalmology Science,NA,2666-9145,2026-05-21,NA,eme2025ukb
Optical Fiber Technology,NA,1068-5200,2026-05-21,NA,eme2025ukb
Optical Materials,NA,0925-3467,2026-05-21,NA,eme2025ukb
Optical Materials: X,NA,2590-1478,2026-05-21,NA,eme2025ukb
Optical Switching and Networking,NA,1573-4277,2026-05-21,NA,eme2025ukb
Optics & Laser Technology,NA,0030-3992,2026-05-21,NA,eme2025ukb
Optics and Lasers in Engineering,NA,0143-8166,2026-05-21,NA,eme2025ukb
Optics Communications,NA,0030-4018,2026-05-21,NA,eme2025ukb
Optik,NA,0030-4026,2026-05-21,NA,eme2025ukb
Oral and Maxillofacial Surgery Cases,NA,2214-5419,2026-05-21,NA,eme2025ukb
Oral Oncology,NA,1368-8375,2026-05-21,NA,eme2025ukb
Oral Oncology Reports,NA,2772-9060,2026-05-21,NA,eme2025ukb
"Oral Surgery, Oral Medicine, Oral Pathology and Oral Radiology",NA,2212-4403,2026-05-21,NA,eme2025ukb
Ore and Energy Resource Geology,NA,2666-2612,2026-05-21,NA,eme2025ukb
Ore Geology Reviews,NA,0169-1368,2026-05-21,NA,eme2025ukb
Organic Electronics,NA,1566-1199,2026-05-21,NA,eme2025ukb
Organic Geochemistry,NA,0146-6380,2026-05-21,NA,eme2025ukb
Organizational Behavior and Human Decision Processes,NA,0749-5978,2026-05-21,NA,eme2025ukb
Organizational Dynamics,NA,0090-2616,2026-05-21,NA,eme2025ukb
Orthopaedics & Traumatology: Surgery & Research,NA,1877-0568,2026-05-21,NA,eme2025ukb
Osteoarthritis and Cartilage,NA,1063-4584,2026-05-21,NA,eme2025ukb
Osteoarthritis and Cartilage Open,NA,2665-9131,2026-05-21,NA,eme2025ukb
Osteoarthritis Imaging,NA,2772-6541,2026-05-21,NA,eme2025ukb
Osteopathische Medizin,NA,1615-9071,2026-05-21,NA,eme2025ukb
Otolaryngology Case Reports,NA,2468-5488,2026-05-21,NA,eme2025ukb
Pacific-Basin Finance Journal,NA,0927-538X,2026-05-21,NA,eme2025ukb
Paediatric Respiratory Reviews,NA,1526-0542,2026-05-21,NA,eme2025ukb
Pain Management Nursing,NA,1524-9042,2026-05-21,NA,eme2025ukb
"Palaeogeography, Palaeoclimatology, Palaeoecology",NA,0031-0182,2026-05-21,NA,eme2025ukb
Palaeoworld,NA,1871-174X,2026-05-21,NA,eme2025ukb
Pancreatology,NA,1424-3903,2026-05-21,NA,eme2025ukb
Papers in Regional Science,NA,1056-8190,2026-05-21,NA,eme2025ukb
Parallel Computing,NA,0167-8191,2026-05-21,NA,eme2025ukb
Parasite Epidemiology and Control,NA,2405-6731,2026-05-21,NA,eme2025ukb
Parasitology International,NA,1383-5769,2026-05-21,NA,eme2025ukb
Parkinsonism & Related Disorders,NA,1353-8020,2026-05-21,NA,eme2025ukb
Partial Differential Equations in Applied Mathematics,NA,2666-8181,2026-05-21,NA,eme2025ukb
Particuology,NA,1674-2001,2026-05-21,NA,eme2025ukb
Pathology,NA,0031-3025,2026-05-21,NA,eme2025ukb
Pathology - Research and Practice,NA,0344-0338,2026-05-21,NA,eme2025ukb
Patient Education and Counseling,NA,0738-3991,2026-05-21,NA,eme2025ukb
Pattern Recognition,NA,0031-3203,2026-05-21,NA,eme2025ukb
Pattern Recognition Letters,NA,0167-8655,2026-05-21,NA,eme2025ukb
Patterns,NA,2666-3899,2026-05-21,NA,eme2025ukb
Peace and Sustainability,NA,2950-6425,2026-05-21,NA,eme2025ukb
PEC Global,NA,3117-468X,2026-05-21,NA,eme2025ukb
PEC Innovation,NA,2772-6282,2026-05-21,NA,eme2025ukb
Pediatric Dental Journal,NA,0917-2394,2026-05-21,NA,eme2025ukb
Pediatric Neurology,NA,0887-8994,2026-05-21,NA,eme2025ukb
Pedobiologia,NA,0031-4056,2026-05-21,NA,eme2025ukb
Peptides,NA,0196-9781,2026-05-21,NA,eme2025ukb
Perfectionnement en Pédiatrie,NA,2588-932X,2026-05-21,NA,eme2025ukb
Performance Enhancement & Health,NA,2211-2669,2026-05-21,NA,eme2025ukb
Performance Evaluation,NA,0166-5316,2026-05-21,NA,eme2025ukb
Periodontology Journal,NA,3117-3683,2026-05-21,NA,eme2025ukb
Perioperative Care and Operating Room Management,NA,2405-6030,2026-05-21,NA,eme2025ukb
Personality and Individual Differences,NA,0191-8869,2026-05-21,NA,eme2025ukb
Personalized Medicine in Psychiatry,NA,2468-1717,2026-05-21,NA,eme2025ukb
"Perspectives in Plant Ecology, Evolution and Systematics",NA,1433-8319,2026-05-21,NA,eme2025ukb
Pervasive and Mobile Computing,NA,1574-1192,2026-05-21,NA,eme2025ukb
Pesticide Biochemistry and Physiology,NA,0048-3575,2026-05-21,NA,eme2025ukb
Pharmacological Research,NA,1043-6618,2026-05-21,NA,eme2025ukb
Pharmacological Research - Modern Chinese Medicine,NA,2667-1425,2026-05-21,NA,eme2025ukb
Pharmacological Research - Natural Products,NA,2950-1997,2026-05-21,NA,eme2025ukb
Pharmacological Research - Reports,NA,2950-2004,2026-05-21,NA,eme2025ukb
Pharmacological Reviews,NA,0031-6997,2026-05-21,NA,eme2025ukb
Pharmacology & Therapeutics,NA,0163-7258,2026-05-21,NA,eme2025ukb
Pharmacology Biochemistry and Behavior,NA,0091-3057,2026-05-21,NA,eme2025ukb
PharmaNutrition,NA,2213-4344,2026-05-21,NA,eme2025ukb
Photoacoustics,NA,2213-5979,2026-05-21,NA,eme2025ukb
Photodiagnosis and Photodynamic Therapy,NA,1572-1000,2026-05-21,NA,eme2025ukb
Photonics and Nanostructures - Fundamentals and Applications,NA,1569-4410,2026-05-21,NA,eme2025ukb
Physica A: Statistical Mechanics and its Applications,NA,0378-4371,2026-05-21,NA,eme2025ukb
Physica B: Condensed Matter,NA,0921-4526,2026-05-21,NA,eme2025ukb
Physica C: Superconductivity and its Applications,NA,0921-4534,2026-05-21,NA,eme2025ukb
Physica D: Nonlinear Phenomena,NA,0167-2789,2026-05-21,NA,eme2025ukb
Physica E: Low-Dimensional Systems and Nanostructures,NA,1386-9477,2026-05-21,NA,eme2025ukb
Physica Medica,NA,1120-1797,2026-05-21,NA,eme2025ukb
Physical Communication,NA,1874-4907,2026-05-21,NA,eme2025ukb
Physical Therapy in Sport,NA,1466-853X,2026-05-21,NA,eme2025ukb
"Physics and Chemistry of the Earth, Parts A/B/C",NA,1474-7065,2026-05-21,NA,eme2025ukb
Physics and Imaging in Radiation Oncology,NA,2405-6316,2026-05-21,NA,eme2025ukb
Physics Letters A,NA,0375-9601,2026-05-21,NA,eme2025ukb
Physics of Life Reviews,NA,1571-0645,2026-05-21,NA,eme2025ukb
Physics of the Dark Universe,NA,2212-6864,2026-05-21,NA,eme2025ukb
Physics of the Earth and Planetary Interiors,NA,0031-9201,2026-05-21,NA,eme2025ukb
Physics Open,NA,2666-0326,2026-05-21,NA,eme2025ukb
Physics Reports,NA,0370-1573,2026-05-21,NA,eme2025ukb
Physiological and Molecular Plant Pathology,NA,0885-5765,2026-05-21,NA,eme2025ukb
Physiology & Behavior,NA,0031-9384,2026-05-21,NA,eme2025ukb
Physiotherapy,NA,0031-9406,2026-05-21,NA,eme2025ukb
Phytochemistry,NA,0031-9422,2026-05-21,NA,eme2025ukb
Phytochemistry Letters,NA,1874-3900,2026-05-21,NA,eme2025ukb
Phytomedicine,NA,0944-7113,2026-05-21,NA,eme2025ukb
Phytomedicine Plus,NA,2667-0313,2026-05-21,NA,eme2025ukb
Piel,NA,0213-9251,2026-05-21,NA,eme2025ukb
Placenta,NA,0143-4004,2026-05-21,NA,eme2025ukb
Planetary and Space Science,NA,0032-0633,2026-05-21,NA,eme2025ukb
Plant Communications,NA,2590-3462,2026-05-21,NA,eme2025ukb
Plant Gene,NA,2352-4073,2026-05-21,NA,eme2025ukb
Plant Nano Biology,NA,2773-1111,2026-05-21,NA,eme2025ukb
Plant Phenomics,NA,2643-6515,2026-05-21,NA,eme2025ukb
Plant Physiology and Biochemistry,NA,0981-9428,2026-05-21,NA,eme2025ukb
Plant Research,NA,3117-5821,2026-05-21,NA,eme2025ukb
Plant Science,NA,0168-9452,2026-05-21,NA,eme2025ukb
Plant Stress,NA,2667-064X,2026-05-21,NA,eme2025ukb
Plasmid,NA,0147-619X,2026-05-21,NA,eme2025ukb
Poetics,NA,0304-422X,2026-05-21,NA,eme2025ukb
Polar Science,NA,1873-9652,2026-05-21,NA,eme2025ukb
Political Geography,NA,0962-6298,2026-05-21,NA,eme2025ukb
Polyhedron,NA,0277-5387,2026-05-21,NA,eme2025ukb
Polymer,NA,0032-3861,2026-05-21,NA,eme2025ukb
Polymer Degradation and Stability,NA,0141-3910,2026-05-21,NA,eme2025ukb
Polymer Testing,NA,0142-9418,2026-05-21,NA,eme2025ukb
Postharvest Biology and Technology,NA,0925-5214,2026-05-21,NA,eme2025ukb
Poultry Science,NA,0032-5791,2026-05-21,NA,eme2025ukb
Powder Technology,NA,0032-5910,2026-05-21,NA,eme2025ukb
Power Electronic Devices and Components,NA,2772-3704,2026-05-21,NA,eme2025ukb
Practical Laboratory Medicine,NA,2352-5517,2026-05-21,NA,eme2025ukb
Practical Radiation Oncology,NA,1879-8500,2026-05-21,NA,eme2025ukb
Pratique Neurologique - FMC,NA,1878-7762,2026-05-21,NA,eme2025ukb
Pratiques Psychologiques,NA,1269-1763,2026-05-21,NA,eme2025ukb
Precambrian Research,NA,0301-9268,2026-05-21,NA,eme2025ukb
Precision Engineering,NA,0141-6359,2026-05-21,NA,eme2025ukb
Precision Pathology,NA,3117-678X,2026-05-21,NA,eme2025ukb
Pregnancy Hypertension,NA,2210-7789,2026-05-21,NA,eme2025ukb
Preventive Medicine,NA,0091-7435,2026-05-21,NA,eme2025ukb
Preventive Medicine Reports,NA,2211-3355,2026-05-21,NA,eme2025ukb
Preventive Veterinary Medicine,NA,0167-5877,2026-05-21,NA,eme2025ukb
Preventive Veterinary Medicine: Regional Studies and Reports,NA,3051-3081,2026-05-21,NA,eme2025ukb
Primary Care Diabetes,NA,1751-9918,2026-05-21,NA,eme2025ukb
Probabilistic Engineering Mechanics,NA,0266-8920,2026-05-21,NA,eme2025ukb
Proceedings of the Combustion Institute,NA,1540-7489,2026-05-21,NA,eme2025ukb
Proceedings of the Geologists' Association,NA,0016-7878,2026-05-21,NA,eme2025ukb
Process Biochemistry,NA,1359-5113,2026-05-21,NA,eme2025ukb
Process Safety and Environmental Protection,NA,0957-5820,2026-05-21,NA,eme2025ukb
Progress in Aerospace Sciences,NA,0376-0421,2026-05-21,NA,eme2025ukb
Progress in Biophysics & Molecular Biology,NA,0079-6107,2026-05-21,NA,eme2025ukb
Progress in Cardiovascular Diseases,NA,0033-0620,2026-05-21,NA,eme2025ukb
Progress in Disaster Science,NA,2590-0617,2026-05-21,NA,eme2025ukb
Progress in Economic Geography,NA,2949-6942,2026-05-21,NA,eme2025ukb
Progress in Energy and Combustion Science,NA,0360-1285,2026-05-21,NA,eme2025ukb
Progress in Engineering Science,NA,2950-4252,2026-05-21,NA,eme2025ukb
Progress in Lipid Research,NA,0163-7827,2026-05-21,NA,eme2025ukb
Progress in Materials Science,NA,0079-6425,2026-05-21,NA,eme2025ukb
Progress in Natural Science: Materials International,NA,1002-0071,2026-05-21,NA,eme2025ukb
Progress in Neurobiology,NA,0301-0082,2026-05-21,NA,eme2025ukb
Progress in Neuro-Psychopharmacology & Biological Psychiatry,NA,0278-5846,2026-05-21,NA,eme2025ukb
Progress in Nuclear Energy,NA,0149-1970,2026-05-21,NA,eme2025ukb
Progress in Nuclear Magnetic Resonance Spectroscopy,NA,0079-6565,2026-05-21,NA,eme2025ukb
Progress in Oceanography,NA,0079-6611,2026-05-21,NA,eme2025ukb
Progress in Organic Coatings,NA,0300-9440,2026-05-21,NA,eme2025ukb
Progress in Particle and Nuclear Physics,NA,0146-6410,2026-05-21,NA,eme2025ukb
Progress in Pediatric Cardiology,NA,1058-9813,2026-05-21,NA,eme2025ukb
Progress in Planning,NA,0305-9006,2026-05-21,NA,eme2025ukb
Progress in Polymer Science,NA,0079-6700,2026-05-21,NA,eme2025ukb
Progress in Quantum Electronics,NA,0079-6727,2026-05-21,NA,eme2025ukb
Progress in Retinal and Eye Research,NA,1350-9462,2026-05-21,NA,eme2025ukb
Progress in Solid State Chemistry,NA,0079-6786,2026-05-21,NA,eme2025ukb
Progress in Surface Science,NA,0079-6816,2026-05-21,NA,eme2025ukb
Project Leadership and Society,NA,2666-7215,2026-05-21,NA,eme2025ukb
Prostaglandins & Other Lipid Mediators,NA,1098-8823,2026-05-21,NA,eme2025ukb
"Prostaglandins, Leukotrienes & Essential Fatty Acids",NA,0952-3278,2026-05-21,NA,eme2025ukb
Protein Expression and Purification,NA,1046-5928,2026-05-21,NA,eme2025ukb
Protist,NA,1434-4610,2026-05-21,NA,eme2025ukb
Psiquiatría Biológica,NA,1134-5934,2026-05-21,NA,eme2025ukb
Psychedelics,NA,2950-4848,2026-05-21,NA,eme2025ukb
Psychiatry Research,NA,0165-1781,2026-05-21,NA,eme2025ukb
Psychiatry Research Case Reports,NA,2773-0212,2026-05-21,NA,eme2025ukb
Psychiatry Research Communications,NA,2772-5987,2026-05-21,NA,eme2025ukb
Psychiatry Research: Neuroimaging,NA,0925-4927,2026-05-21,NA,eme2025ukb
Psychologie du Travail et des Organisations,NA,1420-2530,2026-05-21,NA,eme2025ukb
Psychology of Sport and Exercise,NA,1469-0292,2026-05-21,NA,eme2025ukb
Psychoneuroendocrinology,NA,0306-4530,2026-05-21,NA,eme2025ukb
Public Health,NA,0033-3506,2026-05-21,NA,eme2025ukb
Public Health in Practice,NA,2666-5352,2026-05-21,NA,eme2025ukb
Public Relations Review,NA,0363-8111,2026-05-21,NA,eme2025ukb
Pulmonary Function Diagnostics,NA,3051-276X,2026-05-21,NA,eme2025ukb
Pulmonary Pharmacology & Therapeutics,NA,1094-5539,2026-05-21,NA,eme2025ukb
Quaternary Environments and Humans,NA,2950-2365,2026-05-21,NA,eme2025ukb
Quaternary Geochronology,NA,1871-1014,2026-05-21,NA,eme2025ukb
Quaternary International,NA,1040-6182,2026-05-21,NA,eme2025ukb
Quaternary Science Advances,NA,2666-0334,2026-05-21,NA,eme2025ukb
Quaternary Science Reviews,NA,0277-3791,2026-05-21,NA,eme2025ukb
Radiation Measurements,NA,1350-4487,2026-05-21,NA,eme2025ukb
Radiation Medicine and Protection,NA,2666-5557,2026-05-21,NA,eme2025ukb
Radiation Physics and Chemistry,NA,0969-806X,2026-05-21,NA,eme2025ukb
Radiography,NA,1078-8174,2026-05-21,NA,eme2025ukb
Radiología,NA,0033-8338,2026-05-21,NA,eme2025ukb
Radiología (English Edition),NA,2173-5107,2026-05-21,NA,eme2025ukb
Radiology Case Reports,NA,1930-0433,2026-05-21,NA,eme2025ukb
Radiotherapy & Oncology,NA,0167-8140,2026-05-21,NA,eme2025ukb
Rangeland Ecology & Management,NA,1550-7424,2026-05-21,NA,eme2025ukb
Rangelands,NA,0190-0528,2026-05-21,NA,eme2025ukb
Rare,NA,2950-0087,2026-05-21,NA,eme2025ukb
Reactive and Functional Polymers,NA,1381-5148,2026-05-21,NA,eme2025ukb
REC: CardioClinics,NA,2605-1532,2026-05-21,NA,eme2025ukb
Redox Biochemistry and Chemistry,NA,2773-1766,2026-05-21,NA,eme2025ukb
Redox Biology,NA,2213-2317,2026-05-21,NA,eme2025ukb
Regenerative Therapy,NA,2352-3204,2026-05-21,NA,eme2025ukb
Regional Science and Urban Economics,NA,0166-0462,2026-05-21,NA,eme2025ukb
Regional Science Policy & Practice,NA,1757-7802,2026-05-21,NA,eme2025ukb
Regional Studies in Marine Science,NA,2352-4855,2026-05-21,NA,eme2025ukb
Regulatory Toxicology and Pharmacology,NA,0273-2300,2026-05-21,NA,eme2025ukb
Rehabilitación,NA,0048-7120,2026-05-21,NA,eme2025ukb
Reliability Engineering & System Safety,NA,0951-8320,2026-05-21,NA,eme2025ukb
Remote Sensing Applications: Society and Environment,NA,2352-9385,2026-05-21,NA,eme2025ukb
Remote Sensing of Environment,NA,0034-4257,2026-05-21,NA,eme2025ukb
Renewable & Sustainable Energy Reviews,NA,1364-0321,2026-05-21,NA,eme2025ukb
Renewable and Sustainable Energy Transition,NA,2667-095X,2026-05-21,NA,eme2025ukb
Renewable Energy,NA,0960-1481,2026-05-21,NA,eme2025ukb
Renewable Energy Focus,NA,1755-0084,2026-05-21,NA,eme2025ukb
Reproductive Biology,NA,1642-431X,2026-05-21,NA,eme2025ukb
Reproductive BioMedicine Online,NA,1472-6483,2026-05-21,NA,eme2025ukb
Reproductive Toxicology,NA,0890-6238,2026-05-21,NA,eme2025ukb
Research and Practice in Thrombosis and Haemostasis,NA,2475-0379,2026-05-21,NA,eme2025ukb
Research in Autism,NA,3050-6565,2026-05-21,NA,eme2025ukb
Research in Developmental Disabilities,NA,0891-4222,2026-05-21,NA,eme2025ukb
Research in Diagnostic and Interventional Imaging,NA,2772-6525,2026-05-21,NA,eme2025ukb
Research in Economics,NA,1090-9443,2026-05-21,NA,eme2025ukb
Research in Globalization,NA,2590-051X,2026-05-21,NA,eme2025ukb
Research in International Business and Finance,NA,0275-5319,2026-05-21,NA,eme2025ukb
Research in Neurodiversity,NA,3050-5798,2026-05-21,NA,eme2025ukb
Research in Organizational Behavior,NA,0191-3085,2026-05-21,NA,eme2025ukb
Research in Social and Administrative Pharmacy,NA,1551-7411,2026-05-21,NA,eme2025ukb
Research in Social Stratification and Mobility,NA,0276-5624,2026-05-21,NA,eme2025ukb
Research in Transportation Business & Management,NA,2210-5395,2026-05-21,NA,eme2025ukb
Research in Transportation Economics,NA,0739-8859,2026-05-21,NA,eme2025ukb
Research in Veterinary Science,NA,0034-5288,2026-05-21,NA,eme2025ukb
Research Methods in Applied Linguistics,NA,2772-7661,2026-05-21,NA,eme2025ukb
Research Policy,NA,0048-7333,2026-05-21,NA,eme2025ukb
Resource and Energy Economics,NA,0928-7655,2026-05-21,NA,eme2025ukb
Resources Policy,NA,0301-4207,2026-05-21,NA,eme2025ukb
"Resources, Conservation & Recycling",NA,0921-3449,2026-05-21,NA,eme2025ukb
"Resources, Conservation & Recycling Advances",NA,2667-3789,2026-05-21,NA,eme2025ukb
"Resources, Environment and Sustainability",NA,2666-9161,2026-05-21,NA,eme2025ukb
Respiratory Investigation,NA,2212-5345,2026-05-21,NA,eme2025ukb
Respiratory Medicine,NA,0954-6111,2026-05-21,NA,eme2025ukb
Respiratory Medicine and Research,NA,2590-0412,2026-05-21,NA,eme2025ukb
Respiratory Medicine Case Reports,NA,2213-0071,2026-05-21,NA,eme2025ukb
Respiratory Physiology & Neurobiology,NA,1569-9048,2026-05-21,NA,eme2025ukb
Results in Applied Mathematics,NA,2590-0374,2026-05-21,NA,eme2025ukb
Results in Chemistry,NA,2211-7156,2026-05-21,NA,eme2025ukb
Results in Control and Optimization,NA,2666-7207,2026-05-21,NA,eme2025ukb
Results in Earth Sciences,NA,2211-7148,2026-05-21,NA,eme2025ukb
Results in Engineering,NA,2590-1230,2026-05-21,NA,eme2025ukb
Results in Materials,NA,2590-048X,2026-05-21,NA,eme2025ukb
Results in Optics,NA,2666-9501,2026-05-21,NA,eme2025ukb
Results in Physics,NA,2211-3797,2026-05-21,NA,eme2025ukb
Results in Surfaces and Interfaces,NA,2666-8459,2026-05-21,NA,eme2025ukb
Resuscitation,NA,0300-9572,2026-05-21,NA,eme2025ukb
Resuscitation Plus,NA,2666-5204,2026-05-21,NA,eme2025ukb
Reumatología Clínica,NA,1699-258X,2026-05-21,NA,eme2025ukb
Reumatología Clínica (English Edition),NA,2173-5743,2026-05-21,NA,eme2025ukb
Review of Economic Dynamics,NA,1094-2025,2026-05-21,NA,eme2025ukb
Review of Palaeobotany and Palynology,NA,0034-6667,2026-05-21,NA,eme2025ukb
Revista Argentina de Microbiología,NA,0325-7541,2026-05-21,NA,eme2025ukb
Revista Clínica Española,NA,0014-2565,2026-05-21,NA,eme2025ukb
Revista Clínica Española (English Edition),NA,2254-8874,2026-05-21,NA,eme2025ukb
Revista Colombiana de Reumatología,NA,0121-8123,2026-05-21,NA,eme2025ukb
Revista Colombiana de Reumatología (English Edition),NA,2444-4405,2026-05-21,NA,eme2025ukb
Revista de Investigación Clínica,NA,0034-8376,2026-05-21,NA,eme2025ukb
"Revista de Logopedia, Foniatría y Audiología",NA,0214-4603,2026-05-21,NA,eme2025ukb
Revista de Psicodidáctica,NA,1136-1034,2026-05-21,NA,eme2025ukb
Revista de Psicodidáctica (English Edition),NA,2530-3805,2026-05-21,NA,eme2025ukb
Revista de Senología y Patología Mamaria,NA,0214-1582,2026-05-21,NA,eme2025ukb
Revista Española de Anestesiología y Reanimación,NA,0034-9356,2026-05-21,NA,eme2025ukb
Revista Española de Anestesiología y Reanimación (English Edition),NA,2341-1929,2026-05-21,NA,eme2025ukb
Revista Española de Cardiología,NA,0300-8932,2026-05-21,NA,eme2025ukb
Revista Española de Cardiología (English Edition),NA,1885-5857,2026-05-21,NA,eme2025ukb
Revista Española de Geriatría y Gerontología,NA,0211-139X,2026-05-21,NA,eme2025ukb
Revista Española de Medicina Legal,NA,0377-4732,2026-05-21,NA,eme2025ukb
Revista Española de Medicina Nuclear e Imagen Molecular,NA,2253-654X,2026-05-21,NA,eme2025ukb
Revista Española de Medicina Nuclear e Imagen Molecular (English Edition),NA,2253-8089,2026-05-21,NA,eme2025ukb
Revista Española de Patología,NA,1699-8855,2026-05-21,NA,eme2025ukb
Revista Iberoamericana de Micología,NA,1130-1406,2026-05-21,NA,eme2025ukb
Revue de Chirurgie Orthopédique et Traumatologique,NA,1877-0517,2026-05-21,NA,eme2025ukb
Revue de Micropaléontologie,NA,0035-1598,2026-05-21,NA,eme2025ukb
Revue du Rhumatisme,NA,1169-8330,2026-05-21,NA,eme2025ukb
Revue Française d'Allergologie,NA,1877-0320,2026-05-21,NA,eme2025ukb
Revue Neurologique,NA,0035-3787,2026-05-21,NA,eme2025ukb
Rhizosphere,NA,2452-2198,2026-05-21,NA,eme2025ukb
Robotics and Autonomous Systems,NA,0921-8890,2026-05-21,NA,eme2025ukb
Robotics and Computer-Integrated Manufacturing,NA,0736-5845,2026-05-21,NA,eme2025ukb
Safety Science,NA,0925-7535,2026-05-21,NA,eme2025ukb
Sages-Femmes,NA,1637-4088,2026-05-21,NA,eme2025ukb
Scandinavian Journal of Management,NA,0956-5221,2026-05-21,NA,eme2025ukb
Schizophrenia Research,NA,0920-9964,2026-05-21,NA,eme2025ukb
Schizophrenia Research: Cognition,NA,2215-0013,2026-05-21,NA,eme2025ukb
Science & Justice,NA,1355-0306,2026-05-21,NA,eme2025ukb
Science & Sports,NA,0765-1597,2026-05-21,NA,eme2025ukb
Science Bulletin,NA,2095-9273,2026-05-21,NA,eme2025ukb
Science of Computer Programming,NA,0167-6423,2026-05-21,NA,eme2025ukb
Science of Remote Sensing,NA,2666-0172,2026-05-21,NA,eme2025ukb
Science of the Total Environment,NA,0048-9697,2026-05-21,NA,eme2025ukb
Scientia Horticulturae,NA,0304-4238,2026-05-21,NA,eme2025ukb
Scientific African,NA,2468-2276,2026-05-21,NA,eme2025ukb
Scripta Materialia,NA,1359-6462,2026-05-21,NA,eme2025ukb
Sedimentary Geology,NA,0037-0738,2026-05-21,NA,eme2025ukb
Seizure: European Journal of Epilepsy,NA,1059-1311,2026-05-21,NA,eme2025ukb
Seminars in Arthritis and Rheumatism,NA,0049-0172,2026-05-21,NA,eme2025ukb
Seminars in Arthroplasty: JSES,NA,1045-4527,2026-05-21,NA,eme2025ukb
Seminars in Cancer Biology,NA,1044-579X,2026-05-21,NA,eme2025ukb
Seminars in Cell and Developmental Biology,NA,1084-9521,2026-05-21,NA,eme2025ukb
Seminars in Colon and Rectal Surgery,NA,1043-1489,2026-05-21,NA,eme2025ukb
Seminars in Diagnostic Pathology,NA,0740-2570,2026-05-21,NA,eme2025ukb
Seminars in Fetal & Neonatal Medicine,NA,1744-165X,2026-05-21,NA,eme2025ukb
Seminars in Hematology,NA,0037-1963,2026-05-21,NA,eme2025ukb
Seminars in Immunology,NA,1044-5323,2026-05-21,NA,eme2025ukb
Seminars in Nephrology,NA,0270-9295,2026-05-21,NA,eme2025ukb
Seminars in Nuclear Medicine,NA,0001-2998,2026-05-21,NA,eme2025ukb
Seminars in Oncology,NA,0093-7754,2026-05-21,NA,eme2025ukb
Seminars in Oncology Nursing,NA,0749-2081,2026-05-21,NA,eme2025ukb
Seminars in Orthodontics,NA,1073-8746,2026-05-21,NA,eme2025ukb
Seminars in Pediatric Neurology,NA,1071-9091,2026-05-21,NA,eme2025ukb
Seminars in Pediatric Surgery,NA,1055-8586,2026-05-21,NA,eme2025ukb
Seminars in Perinatology,NA,0146-0005,2026-05-21,NA,eme2025ukb
Seminars in Radiation Oncology,NA,1053-4296,2026-05-21,NA,eme2025ukb
Seminars in Roentgenology,NA,0037-198X,2026-05-21,NA,eme2025ukb
Seminars in Spine Surgery,NA,1040-7383,2026-05-21,NA,eme2025ukb
Seminars in Thoracic and Cardiovascular Surgery,NA,1043-0679,2026-05-21,NA,eme2025ukb
Seminars in Thoracic and Cardiovascular Surgery: Pediatric Cardiac Surgery Annual,NA,1092-9126,2026-05-21,NA,eme2025ukb
"Seminars in Ultrasound, CT and MRI",NA,0887-2171,2026-05-21,NA,eme2025ukb
Seminars in Vascular Surgery,NA,0895-7967,2026-05-21,NA,eme2025ukb
Sensing and Bio-Sensing Research,NA,2214-1804,2026-05-21,NA,eme2025ukb
Sensors and Actuators A: Physical,NA,0924-4247,2026-05-21,NA,eme2025ukb
Sensors and Actuators B: Chemical,NA,0925-4005,2026-05-21,NA,eme2025ukb
Sensors and Actuators Reports,NA,2666-0539,2026-05-21,NA,eme2025ukb
Separation and Purification Technology,NA,1383-5866,2026-05-21,NA,eme2025ukb
Sexual & Reproductive Healthcare,NA,1877-5756,2026-05-21,NA,eme2025ukb
Signal Processing,NA,0165-1684,2026-05-21,NA,eme2025ukb
Signal Processing: Image Communication,NA,0923-5965,2026-05-21,NA,eme2025ukb
Simulation Modelling Practice and Theory,NA,1569-190X,2026-05-21,NA,eme2025ukb
SLAS Discovery,NA,2472-5552,2026-05-21,NA,eme2025ukb
SLAS Technology,NA,2472-6303,2026-05-21,NA,eme2025ukb
Slavic Literatures,NA,2950-3965,2026-05-21,NA,eme2025ukb
Sleep Epidemiology,NA,2667-3436,2026-05-21,NA,eme2025ukb
Sleep Health,NA,2352-7218,2026-05-21,NA,eme2025ukb
Sleep Medicine,NA,1389-9457,2026-05-21,NA,eme2025ukb
Sleep Medicine Reviews,NA,1087-0792,2026-05-21,NA,eme2025ukb
Sleep Medicine: X,NA,2590-1427,2026-05-21,NA,eme2025ukb
Small Ruminant Research,NA,0921-4488,2026-05-21,NA,eme2025ukb
Smart Agricultural Technology,NA,2772-3755,2026-05-21,NA,eme2025ukb
Smart Energy,NA,2666-9552,2026-05-21,NA,eme2025ukb
Smart Health,NA,2352-6483,2026-05-21,NA,eme2025ukb
"Social and Emotional Learning: Research, Practice, and Policy",NA,2773-2339,2026-05-21,NA,eme2025ukb
Social Networks,NA,0378-8733,2026-05-21,NA,eme2025ukb
Social Science & Medicine,NA,0277-9536,2026-05-21,NA,eme2025ukb
Social Science Research,NA,0049-089X,2026-05-21,NA,eme2025ukb
Social Sciences & Humanities Open,NA,2590-2911,2026-05-21,NA,eme2025ukb
Societal Impacts,NA,2949-6977,2026-05-21,NA,eme2025ukb
Socio-Economic Planning Sciences,NA,0038-0121,2026-05-21,NA,eme2025ukb
Software Impacts,NA,2665-9638,2026-05-21,NA,eme2025ukb
SoftwareX,NA,2352-7110,2026-05-21,NA,eme2025ukb
Soil & Tillage Research,NA,0167-1987,2026-05-21,NA,eme2025ukb
Soil Advances,NA,2950-2896,2026-05-21,NA,eme2025ukb
Soil Biology & Biochemistry,NA,0038-0717,2026-05-21,NA,eme2025ukb
Soil Dynamics and Earthquake Engineering,NA,0267-7261,2026-05-21,NA,eme2025ukb
Soil Security,NA,2667-0062,2026-05-21,NA,eme2025ukb
Soils and Foundations,NA,0038-0806,2026-05-21,NA,eme2025ukb
Solar Compass,NA,2772-9400,2026-05-21,NA,eme2025ukb
Solar Energy,NA,0038-092X,2026-05-21,NA,eme2025ukb
Solar Energy Advances,NA,2667-1131,2026-05-21,NA,eme2025ukb
Solar Energy Materials and Solar Cells,NA,0927-0248,2026-05-21,NA,eme2025ukb
Solid State Communications,NA,0038-1098,2026-05-21,NA,eme2025ukb
Solid State Ionics,NA,0167-2738,2026-05-21,NA,eme2025ukb
Solid State Nuclear Magnetic Resonance,NA,0926-2040,2026-05-21,NA,eme2025ukb
Solid State Sciences,NA,1293-2558,2026-05-21,NA,eme2025ukb
Solid-State Electronics,NA,0038-1101,2026-05-21,NA,eme2025ukb
South African Journal of Botany,NA,0254-6299,2026-05-21,NA,eme2025ukb
South African Journal of Chemical Engineering,NA,1026-9185,2026-05-21,NA,eme2025ukb
Space Policy,NA,0265-9646,2026-05-21,NA,eme2025ukb
Spanish Journal of Legal Medicine,NA,2445-4249,2026-05-21,NA,eme2025ukb
Spanish Journal of Psychiatry and Mental Health,NA,2950-2853,2026-05-21,NA,eme2025ukb
Spatial and Spatio-temporal Epidemiology,NA,1877-5845,2026-05-21,NA,eme2025ukb
Spatial Statistics,NA,2211-6753,2026-05-21,NA,eme2025ukb
Spectrochimica Acta Part A: Molecular and Biomolecular Spectroscopy,NA,1386-1425,2026-05-21,NA,eme2025ukb
Spectrochimica Acta Part B: Atomic Spectroscopy,NA,0584-8547,2026-05-21,NA,eme2025ukb
Speech Communication,NA,0167-6393,2026-05-21,NA,eme2025ukb
Sports Economics Review,NA,2773-1618,2026-05-21,NA,eme2025ukb
Sports Orthopaedics and Traumatology,NA,0949-328X,2026-05-21,NA,eme2025ukb
SSM - Health Systems,NA,2949-8562,2026-05-21,NA,eme2025ukb
SSM - Mental Health,NA,2666-5603,2026-05-21,NA,eme2025ukb
SSM - Population Health,NA,2352-8273,2026-05-21,NA,eme2025ukb
SSM - Qualitative Research in Health,NA,2667-3215,2026-05-21,NA,eme2025ukb
STAR Protocols,NA,2666-1667,2026-05-21,NA,eme2025ukb
Statistics & Probability Letters,NA,0167-7152,2026-05-21,NA,eme2025ukb
Stem Cell Reports,NA,2213-6711,2026-05-21,NA,eme2025ukb
Stem Cell Research,NA,1873-5061,2026-05-21,NA,eme2025ukb
Steroids,NA,0039-128X,2026-05-21,NA,eme2025ukb
Stochastic Processes and their Applications,NA,0304-4149,2026-05-21,NA,eme2025ukb
Strategic Business Research,NA,3051-0643,2026-05-21,NA,eme2025ukb
Structural Change and Economic Dynamics,NA,0954-349X,2026-05-21,NA,eme2025ukb
Structural Heart,NA,2474-8706,2026-05-21,NA,eme2025ukb
Structural Safety,NA,0167-4730,2026-05-21,NA,eme2025ukb
Structures,NA,2352-0124,2026-05-21,NA,eme2025ukb
Studies in Educational Evaluation,NA,0191-491X,2026-05-21,NA,eme2025ukb
Studies in History and Philosophy of Science,NA,0039-3681,2026-05-21,NA,eme2025ukb
Superconductivity,NA,2772-8307,2026-05-21,NA,eme2025ukb
Supply Chain Analytics,NA,2949-8635,2026-05-21,NA,eme2025ukb
Surface and Coatings Technology,NA,0257-8972,2026-05-21,NA,eme2025ukb
Surface Science,NA,0039-6028,2026-05-21,NA,eme2025ukb
Surface Science Reports,NA,0167-5729,2026-05-21,NA,eme2025ukb
Surfaces and Interfaces,NA,2468-0230,2026-05-21,NA,eme2025ukb
Surgery,NA,0039-6060,2026-05-21,NA,eme2025ukb
Surgery Case Reports: Advances and Techniques,NA,2950-1032,2026-05-21,NA,eme2025ukb
Surgery for Obesity and Related Diseases,NA,1550-7289,2026-05-21,NA,eme2025ukb
Surgery in Practice and Science,NA,2666-2620,2026-05-21,NA,eme2025ukb
Surgery Open Digestive Advance,NA,2667-0089,2026-05-21,NA,eme2025ukb
Surgery Open Science,NA,2589-8450,2026-05-21,NA,eme2025ukb
Surgical Oncology,NA,0960-7404,2026-05-21,NA,eme2025ukb
Surgical Oncology Insight,NA,2950-2470,2026-05-21,NA,eme2025ukb
Survey of Ophthalmology,NA,0039-6257,2026-05-21,NA,eme2025ukb
Sustainable Chemistry and Pharmacy,NA,2352-5541,2026-05-21,NA,eme2025ukb
Sustainable Chemistry for Biodiversity,NA,3050-6212,2026-05-21,NA,eme2025ukb
Sustainable Chemistry for Climate Action,NA,2772-8269,2026-05-21,NA,eme2025ukb
Sustainable Chemistry for Energy Materials,NA,2950-4775,2026-05-21,NA,eme2025ukb
Sustainable Chemistry for the Environment,NA,2949-8392,2026-05-21,NA,eme2025ukb
Sustainable Chemistry One World,NA,2950-3574,2026-05-21,NA,eme2025ukb
Sustainable Cities and Society,NA,2210-6707,2026-05-21,NA,eme2025ukb
Sustainable Cities and Society: Advances,NA,3051-052X,2026-05-21,NA,eme2025ukb
Sustainable Computing: Informatics and Systems,NA,2210-5379,2026-05-21,NA,eme2025ukb
Sustainable Energy Technologies and Assessments,NA,2213-1388,2026-05-21,NA,eme2025ukb
"Sustainable Energy, Grids and Networks",NA,2352-4677,2026-05-21,NA,eme2025ukb
Sustainable Futures,NA,2666-1888,2026-05-21,NA,eme2025ukb
"Sustainable Geosciences: People, Planet and Prosperity",NA,2950-4929,2026-05-21,NA,eme2025ukb
Sustainable Materials and Technologies,NA,2214-9937,2026-05-21,NA,eme2025ukb
Sustainable Production and Consumption,NA,2352-5509,2026-05-21,NA,eme2025ukb
Sustainable Technology and Entrepreneurship,NA,2773-0328,2026-05-21,NA,eme2025ukb
Swarm and Evolutionary Computation,NA,2210-6502,2026-05-21,NA,eme2025ukb
Synthetic Metals,NA,0379-6779,2026-05-21,NA,eme2025ukb
System,NA,0346-251X,2026-05-21,NA,eme2025ukb
Systematic and Applied Microbiology,NA,0723-2020,2026-05-21,NA,eme2025ukb
Systems & Control Letters,NA,0167-6911,2026-05-21,NA,eme2025ukb
Systems and Soft Computing,NA,2772-9419,2026-05-21,NA,eme2025ukb
Systems Ethnopharmacology and Sustainable Bioresources,NA,3117-5767,2026-05-21,NA,eme2025ukb
Talanta,NA,0039-9140,2026-05-21,NA,eme2025ukb
Talanta Open,NA,2666-8319,2026-05-21,NA,eme2025ukb
Teaching and Learning in Nursing,NA,1557-3087,2026-05-21,NA,eme2025ukb
Teaching and Teacher Education,NA,0742-051X,2026-05-21,NA,eme2025ukb
Technical Innovations & Patient Support in Radiation Oncology,NA,2405-6324,2026-05-21,NA,eme2025ukb
Techniques and Innovations in Gastrointestinal Endoscopy,NA,2590-0307,2026-05-21,NA,eme2025ukb
Techniques in Vascular and Interventional Radiology,NA,1089-2516,2026-05-21,NA,eme2025ukb
Technological Forecasting and Social Change,NA,0040-1625,2026-05-21,NA,eme2025ukb
Technology in Society,NA,0160-791X,2026-05-21,NA,eme2025ukb
Technovation,NA,0166-4972,2026-05-21,NA,eme2025ukb
Tectonophysics,NA,0040-1951,2026-05-21,NA,eme2025ukb
Telecommunications Policy,NA,0308-5961,2026-05-21,NA,eme2025ukb
Telematics and Informatics,NA,0736-5853,2026-05-21,NA,eme2025ukb
Telematics and Informatics Reports,NA,2772-5030,2026-05-21,NA,eme2025ukb
Tetrahedron,NA,0040-4020,2026-05-21,NA,eme2025ukb
Tetrahedron Chem,NA,2666-951X,2026-05-21,NA,eme2025ukb
Tetrahedron Green Chem,NA,2773-2231,2026-05-21,NA,eme2025ukb
Tetrahedron Letters,NA,0040-4039,2026-05-21,NA,eme2025ukb
The American Journal of Cardiology,NA,0002-9149,2026-05-21,NA,eme2025ukb
The American Journal of Clinical Nutrition,NA,0002-9165,2026-05-21,NA,eme2025ukb
The American Journal of Geriatric Psychiatry,NA,1064-7481,2026-05-21,NA,eme2025ukb
"The American Journal of Geriatric Psychiatry: Open Science, Education, and Practice",NA,2950-3868,2026-05-21,NA,eme2025ukb
The American Journal of Medicine,NA,0002-9343,2026-05-21,NA,eme2025ukb
The American Journal of Pathology,NA,0002-9440,2026-05-21,NA,eme2025ukb
The American Journal of Surgery,NA,0002-9610,2026-05-21,NA,eme2025ukb
The American Journal of the Medical Sciences,NA,0002-9629,2026-05-21,NA,eme2025ukb
The Annals of Thoracic Surgery,NA,0003-4975,2026-05-21,NA,eme2025ukb
The Arts in Psychotherapy,NA,0197-4556,2026-05-21,NA,eme2025ukb
The Asian Journal of Shipping and Logistics,NA,2092-5212,2026-05-21,NA,eme2025ukb
The Brazilian Journal of Infectious Diseases,NA,1413-8670,2026-05-21,NA,eme2025ukb
The Breast,NA,0960-9776,2026-05-21,NA,eme2025ukb
The British Accounting Review,NA,0890-8389,2026-05-21,NA,eme2025ukb
The Cell Surface,NA,2468-2330,2026-05-21,NA,eme2025ukb
The EANM Journal,NA,3051-2921,2026-05-21,NA,eme2025ukb
The Egyptian Journal of Remote Sensing and Space Sciences,NA,1110-9823,2026-05-21,NA,eme2025ukb
The Egyptian Rheumatologist,NA,1110-1164,2026-05-21,NA,eme2025ukb
The Electricity Journal,NA,1040-6190,2026-05-21,NA,eme2025ukb
The European Journal of Psychiatry,NA,0213-6163,2026-05-21,NA,eme2025ukb
The Extractive Industries and Society,NA,2214-790X,2026-05-21,NA,eme2025ukb
The Foot,NA,0958-2592,2026-05-21,NA,eme2025ukb
The French Journal of Urology,NA,2950-3930,2026-05-21,NA,eme2025ukb
The Innovation,NA,2666-6758,2026-05-21,NA,eme2025ukb
The International Journal of Biochemistry & Cell Biology,NA,1357-2725,2026-05-21,NA,eme2025ukb
The International Journal of Management Education,NA,1472-8117,2026-05-21,NA,eme2025ukb
The Internet and Higher Education,NA,1096-7516,2026-05-21,NA,eme2025ukb
The Joint Commission Journal on Quality and Patient Safety,NA,1553-7250,2026-05-21,NA,eme2025ukb
The Journal for Nurse Practitioners,NA,1555-4155,2026-05-21,NA,eme2025ukb
The Journal of Academic Librarianship,NA,0099-1333,2026-05-21,NA,eme2025ukb
The Journal of Aging Research & Lifestyle,NA,2534-773X,2026-05-21,NA,eme2025ukb
The Journal of Allergy and Clinical Immunology: In Practice,NA,2213-2198,2026-05-21,NA,eme2025ukb
The Journal of Chemical Thermodynamics,NA,0021-9614,2026-05-21,NA,eme2025ukb
The Journal of Climate Change and Health,NA,2667-2782,2026-05-21,NA,eme2025ukb
The Journal of Economic Asymmetries,NA,1703-4949,2026-05-21,NA,eme2025ukb
The Journal of Emergency Medicine,NA,0736-4679,2026-05-21,NA,eme2025ukb
The Journal of Foot & Ankle Surgery,NA,1067-2516,2026-05-21,NA,eme2025ukb
The Journal of Frailty & Aging,NA,2260-1341,2026-05-21,NA,eme2025ukb
The Journal of Hand Surgery,NA,0363-5023,2026-05-21,NA,eme2025ukb
The Journal of Heart and Lung Transplantation,NA,1053-2498,2026-05-21,NA,eme2025ukb
The Journal of Liquid Biopsy,NA,2950-1954,2026-05-21,NA,eme2025ukb
The Journal of Mathematical Behavior,NA,0732-3123,2026-05-21,NA,eme2025ukb
The Journal of Molecular Diagnostics,NA,1525-1578,2026-05-21,NA,eme2025ukb
The Journal of Nutrition,NA,0022-3166,2026-05-21,NA,eme2025ukb
"The Journal of nutrition, health and aging",NA,1279-7707,2026-05-21,NA,eme2025ukb
The Journal of Nutritional Biochemistry,NA,0955-2863,2026-05-21,NA,eme2025ukb
The Journal of Nutritional Physiology,NA,3050-6247,2026-05-21,NA,eme2025ukb
The Journal of Pain,NA,1526-5900,2026-05-21,NA,eme2025ukb
The Journal of Pediatrics,NA,0022-3476,2026-05-21,NA,eme2025ukb
The Journal of Pediatrics: Clinical Practice,NA,2950-5410,2026-05-21,NA,eme2025ukb
The Journal of Pharmacology and Experimental Therapeutics,NA,0022-3565,2026-05-21,NA,eme2025ukb
The Journal of Physiological Sciences,NA,1880-6546,2026-05-21,NA,eme2025ukb
The Journal of Precision Medicine: Health and Disease,NA,3050-6328,2026-05-21,NA,eme2025ukb
The Journal of Prevention of Alzheimer's Disease,NA,2274-5807,2026-05-21,NA,eme2025ukb
The Journal of Prosthetic Dentistry,NA,0022-3913,2026-05-21,NA,eme2025ukb
The Journal of Steroid Biochemistry and Molecular Biology,NA,0960-0760,2026-05-21,NA,eme2025ukb
The Journal of Strategic Information Systems,NA,0963-8687,2026-05-21,NA,eme2025ukb
The Journal of Supercritical Fluids,NA,0896-8446,2026-05-21,NA,eme2025ukb
The Journal of the American Dental Association,NA,0002-8177,2026-05-21,NA,eme2025ukb
The Journal of the Economics of Ageing,NA,2212-828X,2026-05-21,NA,eme2025ukb
The Journal of Thoracic and Cardiovascular Surgery,NA,0022-5223,2026-05-21,NA,eme2025ukb
The Knee,NA,0968-0160,2026-05-21,NA,eme2025ukb
The Lancet Digital Health,NA,2589-7500,2026-05-21,NA,eme2025ukb
The Lancet Global Health,NA,2214-109X,2026-05-21,NA,eme2025ukb
The Lancet Healthy Longevity,NA,2666-7568,2026-05-21,NA,eme2025ukb
The Lancet Microbe,NA,2666-5247,2026-05-21,NA,eme2025ukb
The Lancet Planetary Health,NA,2542-5196,2026-05-21,NA,eme2025ukb
The Lancet Primary Care,NA,3050-5143,2026-05-21,NA,eme2025ukb
The Lancet Public Health,NA,2468-2667,2026-05-21,NA,eme2025ukb
The Lancet Regional Health - Africa,NA,3050-5011,2026-05-21,NA,eme2025ukb
The Lancet Regional Health - Americas,NA,2667-193X,2026-05-21,NA,eme2025ukb
The Lancet Regional Health - Europe,NA,2666-7762,2026-05-21,NA,eme2025ukb
The Lancet Regional Health - Southeast Asia,NA,2772-3682,2026-05-21,NA,eme2025ukb
The Lancet Regional Health - Western Pacific,NA,2666-6065,2026-05-21,NA,eme2025ukb
The Leadership Quarterly,NA,1048-9843,2026-05-21,NA,eme2025ukb
The Microbe,NA,2950-1946,2026-05-21,NA,eme2025ukb
The North American Journal of Economics and Finance,NA,1062-9408,2026-05-21,NA,eme2025ukb
The Ocular Surface,NA,1542-0124,2026-05-21,NA,eme2025ukb
The Quarterly Review of Economics and Finance,NA,1062-9769,2026-05-21,NA,eme2025ukb
The Royal College of Radiologists Open,NA,2773-0662,2026-05-21,NA,eme2025ukb
The Spine Journal,NA,1529-9430,2026-05-21,NA,eme2025ukb
The Surgeon,NA,1479-666X,2026-05-21,NA,eme2025ukb
The Swine Journal,NA,3117-4132,2026-05-21,NA,eme2025ukb
The Veterinary Journal,NA,1090-0233,2026-05-21,NA,eme2025ukb
The Veterinary Journal: Pharmacology & Toxicology,NA,3117-5252,2026-05-21,NA,eme2025ukb
Theoretical and Applied Fracture Mechanics,NA,0167-8442,2026-05-21,NA,eme2025ukb
Theoretical and Applied Mechanics Letters,NA,2095-0349,2026-05-21,NA,eme2025ukb
Theoretical Computer Science,NA,0304-3975,2026-05-21,NA,eme2025ukb
Theoretical Population Biology,NA,0040-5809,2026-05-21,NA,eme2025ukb
Therapies,NA,0040-5957,2026-05-21,NA,eme2025ukb
Theriogenology,NA,0093-691X,2026-05-21,NA,eme2025ukb
Theriogenology Wild,NA,2773-093X,2026-05-21,NA,eme2025ukb
Thermal Advances,NA,3050-4635,2026-05-21,NA,eme2025ukb
Thermal Science and Engineering Progress,NA,2451-9049,2026-05-21,NA,eme2025ukb
Thermochimica Acta,NA,0040-6031,2026-05-21,NA,eme2025ukb
Thin Solid Films,NA,0040-6090,2026-05-21,NA,eme2025ukb
Thinking Skills and Creativity,NA,1871-1871,2026-05-21,NA,eme2025ukb
Thin-Walled Structures,NA,0263-8231,2026-05-21,NA,eme2025ukb
Thrombosis Research,NA,0049-3848,2026-05-21,NA,eme2025ukb
Thrombosis Update,NA,2666-5727,2026-05-21,NA,eme2025ukb
Thyroid Science,NA,2950-3000,2026-05-21,NA,eme2025ukb
Ticks and Tick-borne Diseases,NA,1877-959X,2026-05-21,NA,eme2025ukb
Tissue and Cell,NA,0040-8166,2026-05-21,NA,eme2025ukb
Tomography of Materials and Structures,NA,2949-673X,2026-05-21,NA,eme2025ukb
Topics in Companion Animal Medicine,NA,1938-9736,2026-05-21,NA,eme2025ukb
Topology and its Applications,NA,0166-8641,2026-05-21,NA,eme2025ukb
Total Chemistry,NA,3050-581X,2026-05-21,NA,eme2025ukb
Total Environment Advances,NA,2950-3957,2026-05-21,NA,eme2025ukb
Total Environment Engineering,NA,2950-631X,2026-05-21,NA,eme2025ukb
Total Environment Microbiology,NA,3050-6417,2026-05-21,NA,eme2025ukb
Tourism Management,NA,0261-5177,2026-05-21,NA,eme2025ukb
Tourism Management Perspectives,NA,2211-9736,2026-05-21,NA,eme2025ukb
Toxicologie Analytique et Clinique,NA,2352-0078,2026-05-21,NA,eme2025ukb
Toxicology,NA,0300-483X,2026-05-21,NA,eme2025ukb
Toxicology and Applied Pharmacology,NA,0041-008X,2026-05-21,NA,eme2025ukb
Toxicology in Vitro,NA,0887-2333,2026-05-21,NA,eme2025ukb
Toxicology Letters,NA,0378-4274,2026-05-21,NA,eme2025ukb
Toxicology Reports,NA,2214-7500,2026-05-21,NA,eme2025ukb
Toxicon,NA,0041-0101,2026-05-21,NA,eme2025ukb
Toxicon: X,NA,2590-1710,2026-05-21,NA,eme2025ukb
Transcranial Magnetic Stimulation,NA,3050-5291,2026-05-21,NA,eme2025ukb
Transformative Energy,NA,3117-4639,2026-05-21,NA,eme2025ukb
Transfusion and Apheresis Science,NA,1473-0502,2026-05-21,NA,eme2025ukb
Transfusion Clinique et Biologique,NA,1246-7820,2026-05-21,NA,eme2025ukb
Transfusion Medicine Reviews,NA,0887-7963,2026-05-21,NA,eme2025ukb
Translational Oncology,NA,1936-5233,2026-05-21,NA,eme2025ukb
Translational Research,NA,1931-5244,2026-05-21,NA,eme2025ukb
Translational Research in Anatomy,NA,2214-854X,2026-05-21,NA,eme2025ukb
Transnational Mobilities,NA,3117-5511,2026-05-21,NA,eme2025ukb
Transplant Immunology,NA,0966-3274,2026-05-21,NA,eme2025ukb
Transplantation and Cellular Therapy,NA,2666-6367,2026-05-21,NA,eme2025ukb
Transplantation Proceedings,NA,0041-1345,2026-05-21,NA,eme2025ukb
Transplantation Reports,NA,2451-9596,2026-05-21,NA,eme2025ukb
Transplantation Reviews,NA,0955-470X,2026-05-21,NA,eme2025ukb
Transport Economics and Management,NA,2949-8996,2026-05-21,NA,eme2025ukb
Transport Policy,NA,0967-070X,2026-05-21,NA,eme2025ukb
Transportation Engineering,NA,2666-691X,2026-05-21,NA,eme2025ukb
Transportation Geotechnics,NA,2214-3912,2026-05-21,NA,eme2025ukb
Transportation Research Interdisciplinary Perspectives,NA,2590-1982,2026-05-21,NA,eme2025ukb
Transportation Research Part A: Policy and Practice,NA,0965-8564,2026-05-21,NA,eme2025ukb
Transportation Research Part B: Methodological,NA,0191-2615,2026-05-21,NA,eme2025ukb
Transportation Research Part C: Emerging Technologies,NA,0968-090X,2026-05-21,NA,eme2025ukb
Transportation Research Part D: Transport and Environment,NA,1361-9209,2026-05-21,NA,eme2025ukb
Transportation Research Part E: Logistics and Transportation Review,NA,1366-5545,2026-05-21,NA,eme2025ukb
Transportation Research Part F: Traffic Psychology and Behaviour,NA,1369-8478,2026-05-21,NA,eme2025ukb
Transportation Research Today,NA,3051-360X,2026-05-21,NA,eme2025ukb
Trauma Case Reports,NA,2352-6440,2026-05-21,NA,eme2025ukb
Travel Behaviour and Society,NA,2214-367X,2026-05-21,NA,eme2025ukb
Travel Medicine and Infectious Disease,NA,1477-8939,2026-05-21,NA,eme2025ukb
"Trees, Forests and People",NA,2666-7193,2026-05-21,NA,eme2025ukb
Trends in Anaesthesia and Critical Care,NA,2210-8440,2026-05-21,NA,eme2025ukb
Trends in Analytical Chemistry,NA,0165-9936,2026-05-21,NA,eme2025ukb
Trends in Cardiovascular Medicine,NA,1050-1738,2026-05-21,NA,eme2025ukb
Trends in Environmental Analytical Chemistry,NA,2214-1588,2026-05-21,NA,eme2025ukb
Trends in Food Science & Technology,NA,0924-2244,2026-05-21,NA,eme2025ukb
Trends in Neuroscience and Education,NA,2211-9493,2026-05-21,NA,eme2025ukb
Trends Open,NA,3117-3470,2026-05-21,NA,eme2025ukb
Tribology and Interfaces,NA,3117-3136,2026-05-21,NA,eme2025ukb
Tribology International,NA,0301-679X,2026-05-21,NA,eme2025ukb
Tuberculosis,NA,1472-9792,2026-05-21,NA,eme2025ukb
Tumour Virus Research,NA,2666-6790,2026-05-21,NA,eme2025ukb
Tunnelling and Underground Space Technology,NA,0886-7798,2026-05-21,NA,eme2025ukb
Ultramicroscopy,NA,0304-3991,2026-05-21,NA,eme2025ukb
Ultrasonics,NA,0041-624X,2026-05-21,NA,eme2025ukb
Ultrasonics Sonochemistry,NA,1350-4177,2026-05-21,NA,eme2025ukb
Ultrasound in Medicine & Biology,NA,0301-5629,2026-05-21,NA,eme2025ukb
Urban Climate,NA,2212-0955,2026-05-21,NA,eme2025ukb
Urban Forestry & Urban Greening,NA,1618-8667,2026-05-21,NA,eme2025ukb
Urban Transitions,NA,3050-6972,2026-05-21,NA,eme2025ukb
Urologic Oncology: Seminars and Original Investigations,NA,1078-1439,2026-05-21,NA,eme2025ukb
Urology,NA,0090-4295,2026-05-21,NA,eme2025ukb
Urology Case Reports,NA,2214-4420,2026-05-21,NA,eme2025ukb
Urology Horizons,NA,3117-3500,2026-05-21,NA,eme2025ukb
Urology Video Journal,NA,2590-0897,2026-05-21,NA,eme2025ukb
Utilities Policy,NA,0957-1787,2026-05-21,NA,eme2025ukb
Vaccine,NA,0264-410X,2026-05-21,NA,eme2025ukb
Vaccine: X,NA,2590-1362,2026-05-21,NA,eme2025ukb
Vacunas,NA,1576-9887,2026-05-21,NA,eme2025ukb
Vacunas (English Edition),NA,2445-1460,2026-05-21,NA,eme2025ukb
Vacuum,NA,0042-207X,2026-05-21,NA,eme2025ukb
Value in Health,NA,1098-3015,2026-05-21,NA,eme2025ukb
Value in Health Regional Issues,NA,2212-1099,2026-05-21,NA,eme2025ukb
Vascular Diseases,NA,3050-6581,2026-05-21,NA,eme2025ukb
Vascular Pharmacology,NA,1537-1891,2026-05-21,NA,eme2025ukb
Vehicular Communications,NA,2214-2096,2026-05-21,NA,eme2025ukb
Veterinary Anaesthesia and Analgesia,NA,1467-2987,2026-05-21,NA,eme2025ukb
Veterinary and Animal Science,NA,2451-943X,2026-05-21,NA,eme2025ukb
Veterinary Immunology and Immunopathology,NA,0165-2427,2026-05-21,NA,eme2025ukb
Veterinary Microbiology,NA,0378-1135,2026-05-21,NA,eme2025ukb
Veterinary Parasitology,NA,0304-4017,2026-05-21,NA,eme2025ukb
Veterinary Parasitology: Regional Studies and Reports,NA,2405-9390,2026-05-21,NA,eme2025ukb
Vibrational Spectroscopy,NA,0924-2031,2026-05-21,NA,eme2025ukb
VideoGIE,NA,2468-4481,2026-05-21,NA,eme2025ukb
Virology,NA,0042-6822,2026-05-21,NA,eme2025ukb
Virus Research,NA,0168-1702,2026-05-21,NA,eme2025ukb
Vision Research,NA,0042-6989,2026-05-21,NA,eme2025ukb
Visual Journal of Emergency Medicine,NA,2405-4690,2026-05-21,NA,eme2025ukb
Waste Management,NA,0956-053X,2026-05-21,NA,eme2025ukb
Waste Management Bulletin,NA,2949-7507,2026-05-21,NA,eme2025ukb
Water Research,NA,0043-1354,2026-05-21,NA,eme2025ukb
Water Research X,NA,2589-9147,2026-05-21,NA,eme2025ukb
Water Resources and Industry,NA,2212-3717,2026-05-21,NA,eme2025ukb
Water Security,NA,2468-3124,2026-05-21,NA,eme2025ukb
Wave Motion,NA,0165-2125,2026-05-21,NA,eme2025ukb
Wear,NA,0043-1648,2026-05-21,NA,eme2025ukb
Weather and Climate Extremes,NA,2212-0947,2026-05-21,NA,eme2025ukb
"Wellbeing, Space and Society",NA,2666-5581,2026-05-21,NA,eme2025ukb
WFUMB Ultrasound Open,NA,2949-6683,2026-05-21,NA,eme2025ukb
Wind Energy and Engineering Research,NA,2950-3604,2026-05-21,NA,eme2025ukb
Women and Birth,NA,1871-5192,2026-05-21,NA,eme2025ukb
Women's Health Issues,NA,1049-3867,2026-05-21,NA,eme2025ukb
Women's Studies International Forum,NA,0277-5395,2026-05-21,NA,eme2025ukb
World Allergy Organization Journal,NA,1939-4551,2026-05-21,NA,eme2025ukb
World Development,NA,0305-750X,2026-05-21,NA,eme2025ukb
World Development Perspectives,NA,2452-2929,2026-05-21,NA,eme2025ukb
World Development Sustainability,NA,2772-655X,2026-05-21,NA,eme2025ukb
World Neurosurgery,NA,1878-8750,2026-05-21,NA,eme2025ukb
World Neurosurgery: X,NA,2590-1397,2026-05-21,NA,eme2025ukb
World Patent Information,NA,0172-2190,2026-05-21,NA,eme2025ukb
"Zeitschrift für Evidenz, Fortbildung und Qualität im Gesundheitswesen",NA,1865-9217,2026-05-21,NA,eme2025ukb
Zeitschrift für Medizinische Physik,NA,0939-3889,2026-05-21,NA,eme2025ukb
Zoologischer Anzeiger,NA,0044-5231,2026-05-21,NA,eme2025ukb
Zoology,NA,0944-2006,2026-05-21,NA,eme2025ukb
Acta Neuropsychiatrica,0924-2708,1601-5215,2026-05-29,NA,cam2026kb
Acta Numerica,0962-4929,1474-0508,2026-05-29,NA,cam2026kb
Advances in Applied Probability,0001-8678,1475-6064,2026-05-29,NA,cam2026kb
Advances in Archaeological Practice,NA,2326-3768,2026-05-29,NA,cam2026kb
Africa,0001-9720,1750-0184,2026-05-29,NA,cam2026kb
"Africa Bibliography, Research and Documentation",2752-6399,2752-6402,2026-05-29,NA,cam2026kb
African Studies Review,0002-0206,1555-2462,2026-05-29,NA,cam2026kb
Ageing & Society,0144-686X,1469-1779,2026-05-29,NA,cam2026kb
Agricultural and Resource Economics Review,1068-2805,2372-2614,2026-05-29,NA,cam2026kb
AI EDAM,0890-0604,1469-1760,2026-05-29,NA,cam2026kb
American Antiquity,0002-7316,2325-5064,2026-05-29,NA,cam2026kb
American Journal of International Law,0002-9300,2161-7953,2026-05-29,NA,cam2026kb
American Journal of Law & Medicine,0098-8588,2375-835X,2026-05-29,NA,cam2026kb
American Political Science Review,0003-0554,1537-5943,2026-05-29,NA,cam2026kb
Anatolian Studies,0066-1546,2048-0849,2026-05-29,NA,cam2026kb
Ancient Mesoamerica,0956-5361,1469-1787,2026-05-29,NA,cam2026kb
Animal Health Research Reviews,1466-2523,1475-2654,2026-05-29,NA,cam2026kb
Animal Nutriomics,2977-3776,2977-3784,2026-05-29,NA,cam2026kb
Animal Welfare,NA,2054-1538,2026-05-29,NA,cam2026kb
"Annales. Histoire, Sciences Sociales",0395-2649,1953-8146,2026-05-29,NA,cam2026kb
Annals of Actuarial Science,1748-4995,1748-5002,2026-05-29,NA,cam2026kb
Annals of Glaciology,0260-3055,1727-5644,2026-05-29,NA,cam2026kb
Annual of the British School at Athens,0068-2454,2045-2403,2026-05-29,NA,cam2026kb
Annual Review of Applied Linguistics,0267-1905,1471-6356,2026-05-29,NA,cam2026kb
Antarctic Science,0954-1020,1365-2079,2026-05-29,NA,cam2026kb
Antichthon,0066-4774,2056-8819,2026-05-29,NA,cam2026kb
Antimicrobial Stewardship & Healthcare Epidemiology,NA,2732-494X,2026-05-29,NA,cam2026kb
Antiquity,0003-598X,1745-1744,2026-05-29,NA,cam2026kb
Applied Psycholinguistics,0142-7164,1469-1817,2026-05-29,NA,cam2026kb
Archaeological Dialogues,1380-2038,1478-2294,2026-05-29,NA,cam2026kb
Archaeological Reports,0570-6084,2041-4102,2026-05-29,NA,cam2026kb
Art Libraries Journal,0307-4722,2059-7525,2026-05-29,NA,cam2026kb
Asia-Pacific Journal,NA,1557-4660,2026-05-29,NA,cam2026kb
Asian Journal of Comparative Law,2194-6078,1932-0205,2026-05-29,NA,cam2026kb
Asian Journal of International Law,2044-2513,2044-2521,2026-05-29,NA,cam2026kb
Asian Journal of Law and Society,2052-9015,2052-9023,2026-05-29,NA,cam2026kb
ASTIN Bulletin: The Journal of the IAA,0515-0361,1783-1350,2026-05-29,NA,cam2026kb
Australasian Journal of Special and Inclusive Education,2515-0731,2515-074X,2026-05-29,NA,cam2026kb
Australian Journal of Environmental Education,0814-0626,2049-775X,2026-05-29,NA,cam2026kb
Austrian History Yearbook,0067-2378,1558-5255,2026-05-29,NA,cam2026kb
Behavioural and Cognitive Psychotherapy,1352-4658,1469-1833,2026-05-29,NA,cam2026kb
Behavioural Public Policy,2398-063X,2398-0648,2026-05-29,NA,cam2026kb
Bilingualism: Language and Cognition,1366-7289,1469-1841,2026-05-29,NA,cam2026kb
Biotechnology Design,NA,2977-9057,2026-05-29,NA,cam2026kb
Bird Conservation International,0959-2709,1474-0001,2026-05-29,NA,cam2026kb
BJHS Themes,2058-850X,2056-354X,2026-05-29,NA,cam2026kb
BJPsych Advances,2056-4678,2056-4686,2026-05-29,NA,cam2026kb
BJPsych Bulletin,2056-4694,2056-4708,2026-05-29,NA,cam2026kb
BJPsych International,2056-4740,2058-6264,2026-05-29,NA,cam2026kb
BJPsych Open,NA,2056-4724,2026-05-29,NA,cam2026kb
Britannia,0068-113X,1753-5352,2026-05-29,NA,cam2026kb
British Catholic History,2055-7973,2055-7981,2026-05-29,NA,cam2026kb
British Journal of Music Education,0265-0517,1469-2104,2026-05-29,NA,cam2026kb
British Journal of Nutrition,0007-1145,1475-2662,2026-05-29,NA,cam2026kb
British Journal of Political Science,0007-1234,1469-2112,2026-05-29,NA,cam2026kb
Bulletin of Entomological Research,0007-4853,1475-2670,2026-05-29,NA,cam2026kb
Bulletin of SOAS,0041-977X,1474-0699,2026-05-29,NA,cam2026kb
Bulletin of Symbolic Logic,1079-8986,1943-5894,2026-05-29,NA,cam2026kb
Bulletin of the Australian Mathematical Society,0004-9727,1755-1633,2026-05-29,NA,cam2026kb
Business and Human Rights Journal,2057-0198,2057-0201,2026-05-29,NA,cam2026kb
Business and Politics,1369-5258,1469-3569,2026-05-29,NA,cam2026kb
Business Ethics Quarterly,1052-150X,2153-3326,2026-05-29,NA,cam2026kb
Business History Review,0007-6805,2044-768X,2026-05-29,NA,cam2026kb
Byzantine and Modern Greek Studies,0307-0131,1749-625X,2026-05-29,NA,cam2026kb
Cambridge Archaeological Journal,0959-7743,1474-0540,2026-05-29,NA,cam2026kb
Cambridge Forum on AI: Culture and Society,NA,3033-3725,2026-05-29,NA,cam2026kb
Cambridge Forum on AI: Law and Governance,NA,3033-3733,2026-05-29,NA,cam2026kb
Cambridge Forum on Corporate Climate Governance,NA,3049-8503,2026-05-29,NA,cam2026kb
Cambridge Forum on Technology and Global Affairs,NA,2977-6708,2026-05-29,NA,cam2026kb
Cambridge Journal of Postcolonial Literary Inquiry,2052-2614,2052-2622,2026-05-29,NA,cam2026kb
Cambridge Materials: Circularity,NA,2978-168X,2026-05-29,NA,cam2026kb
Cambridge Materials: Energy,NA,2978-1698,2026-05-29,NA,cam2026kb
Cambridge Materials: Health,NA,2978-1701,2026-05-29,NA,cam2026kb
Cambridge Materials: Water,NA,2978-171X,2026-05-29,NA,cam2026kb
Cambridge Opera Journal,0954-5867,1474-0621,2026-05-29,NA,cam2026kb
Cambridge Prisms: Antimicrobial Resistance,NA,2977-7550,2026-05-29,NA,cam2026kb
Cambridge Prisms: Carbon Technologies,NA,2977-0505,2026-05-29,NA,cam2026kb
Cambridge Prisms: Coastal Futures,NA,2754-7205,2026-05-29,NA,cam2026kb
Cambridge Prisms: Drylands,NA,2976-5293,2026-05-29,NA,cam2026kb
Cambridge Prisms: Energy Transitions,NA,3049-4672,2026-05-29,NA,cam2026kb
Cambridge Prisms: Extinction,NA,2755-0958,2026-05-29,NA,cam2026kb
Cambridge Prisms: Global Mental Health,NA,2054-4251,2026-05-29,NA,cam2026kb
Cambridge Prisms: Plastics,NA,2755-094X,2026-05-29,NA,cam2026kb
Cambridge Prisms: Water,NA,2755-1776,2026-05-29,NA,cam2026kb
Cambridge Quarterly of Healthcare Ethics,0963-1801,1469-2147,2026-05-29,NA,cam2026kb
Cambridge Yearbook of European Legal Studies,1528-8870,2049-7636,2026-05-29,NA,cam2026kb
Canadian Journal of Law & Jurisprudence,0841-8209,2056-4260,2026-05-29,NA,cam2026kb
Canadian Journal of Law and Society / La Revue Canadienne Droit et Société,0829-3201,1911-0227,2026-05-29,NA,cam2026kb
Canadian Journal of Linguistics/Revue canadienne de linguistique,0008-4131,1710-1115,2026-05-29,NA,cam2026kb
Canadian Journal of Mathematics,0008-414X,1496-4279,2026-05-29,NA,cam2026kb
Canadian Journal of Neurological Sciences,0317-1671,2057-0155,2026-05-29,NA,cam2026kb
Canadian Journal of Philosophy,0045-5091,1911-0820,2026-05-29,NA,cam2026kb
Canadian Journal of Political Science/Revue canadienne de science politique,0008-4239,1744-9324,2026-05-29,NA,cam2026kb
Canadian Journal on Aging / La Revue canadienne du vieillissement,0714-9808,1710-1107,2026-05-29,NA,cam2026kb
Canadian Mathematical Bulletin,0008-4395,1496-4287,2026-05-29,NA,cam2026kb
Canadian Mathematical Communications,NA,2976-8594,2026-05-29,NA,cam2026kb
Canadian Yearbook of International Law/Annuaire canadien de droit international,0069-0058,1925-0169,2026-05-29,NA,cam2026kb
Cardiology in the Young,1047-9511,1467-1107,2026-05-29,NA,cam2026kb
Central European History,0008-9389,1569-1616,2026-05-29,NA,cam2026kb
Church History,0009-6407,1755-2613,2026-05-29,NA,cam2026kb
Clay Minerals,0009-8558,1471-8030,2026-05-29,NA,cam2026kb
Clays and Clay Minerals,0009-8604,1552-8367,2026-05-29,NA,cam2026kb
CNS Spectrums,1092-8529,2165-6509,2026-05-29,NA,cam2026kb
"Combinatorics, Probability and Computing",0963-5483,1469-2163,2026-05-29,NA,cam2026kb
Comparative Studies in Society and History,0010-4175,1475-2999,2026-05-29,NA,cam2026kb
Compositio Mathematica,0010-437X,1570-5846,2026-05-29,NA,cam2026kb
Computational Humanities Research,NA,2977-8158,2026-05-29,NA,cam2026kb
Contemporary European History,0960-7773,1469-2171,2026-05-29,NA,cam2026kb
Critical Pakistan Studies,NA,2753-2712,2026-05-29,NA,cam2026kb
Dance Research Journal,0149-7677,1940-509X,2026-05-29,NA,cam2026kb
Data & Policy,NA,2632-3249,2026-05-29,NA,cam2026kb
Data-Centric Engineering,NA,2632-6736,2026-05-29,NA,cam2026kb
Democratic Theory,2332-8894,2332-8908,2026-05-29,NA,cam2026kb
Design Science,NA,2053-4701,2026-05-29,NA,cam2026kb
Development and Psychopathology,0954-5794,1469-2198,2026-05-29,NA,cam2026kb
Dialogue: Canadian Philosophical Review / Revue canadienne de philosophie,0012-2173,1759-0949,2026-05-29,NA,cam2026kb
Disaster Medicine and Public Health Preparedness,1935-7893,1938-744X,2026-05-29,NA,cam2026kb
Du Bois Review: Social Science Research on Race,1742-058X,1742-0598,2026-05-29,NA,cam2026kb
Early China,0362-5028,2325-2324,2026-05-29,NA,cam2026kb
Early Medieval England and its Neighbours,NA,3033-3679,2026-05-29,NA,cam2026kb
Early Music History,0261-1279,1474-0559,2026-05-29,NA,cam2026kb
Earth and Environmental Science Transactions of The Royal Society of Edinburgh,1755-6910,1755-6929,2026-05-29,NA,cam2026kb
Ecclesiastical Law Journal,0956-618X,1751-8539,2026-05-29,NA,cam2026kb
Econometric Theory,0266-4666,1469-4360,2026-05-29,NA,cam2026kb
Economics & Philosophy,0266-2671,1474-0028,2026-05-29,NA,cam2026kb
Eighteenth-Century Music,1478-5706,1478-5714,2026-05-29,NA,cam2026kb
English Language & Linguistics,1360-6743,1469-4379,2026-05-29,NA,cam2026kb
English Today,0266-0784,1474-0567,2026-05-29,NA,cam2026kb
Enterprise & Society,1467-2227,1467-2235,2026-05-29,NA,cam2026kb
Environment and Development Economics,1355-770X,1469-4395,2026-05-29,NA,cam2026kb
Environmental Conservation,0376-8929,1469-4387,2026-05-29,NA,cam2026kb
Environmental Data Science,NA,2634-4602,2026-05-29,NA,cam2026kb
Epidemiology & Infection,0950-2688,1469-4409,2026-05-29,NA,cam2026kb
Epidemiology and Psychiatric Sciences,2045-7960,2045-7979,2026-05-29,NA,cam2026kb
Episteme,1742-3600,1750-0117,2026-05-29,NA,cam2026kb
Ergodic Theory and Dynamical Systems,0143-3857,1469-4417,2026-05-29,NA,cam2026kb
Ethics & International Affairs,0892-6794,1747-7093,2026-05-29,NA,cam2026kb
European Constitutional Law Review,1574-0196,1744-5515,2026-05-29,NA,cam2026kb
European Journal of Applied Mathematics,0956-7925,1469-4425,2026-05-29,NA,cam2026kb
European Journal of Archaeology,1461-9571,1741-2722,2026-05-29,NA,cam2026kb
European Journal of International Security,2057-5637,2057-5645,2026-05-29,NA,cam2026kb
European Journal of Political Research,0304-4130,1475-6765,2026-05-29,NA,cam2026kb
European Journal of Risk Regulation,1867-299X,2190-8249,2026-05-29,NA,cam2026kb
European Journal of Sociology / Archives Européennes de Sociologie,0003-9756,1474-0583,2026-05-29,NA,cam2026kb
European Law Open,NA,2752-6135,2026-05-29,NA,cam2026kb
European Political Science,1680-4333,1682-0983,2026-05-29,NA,cam2026kb
European Political Science Review,1755-7739,1755-7747,2026-05-29,NA,cam2026kb
European Psychiatry,0924-9338,1778-3585,2026-05-29,NA,cam2026kb
European Review,1062-7987,1474-0575,2026-05-29,NA,cam2026kb
Evolutionary Human Sciences,NA,2513-843X,2026-05-29,NA,cam2026kb
Experimental Agriculture,0014-4797,1469-4441,2026-05-29,NA,cam2026kb
Experimental Economics,1386-4157,1573-6938,2026-05-29,NA,cam2026kb
Expert Reviews in Molecular Medicine,NA,1462-3994,2026-05-29,NA,cam2026kb
Federal Law Review,0067-205X,1444-6928,2026-05-29,NA,cam2026kb
Finance and Society,NA,2059-5999,2026-05-29,NA,cam2026kb
Financial History Review,0968-5650,1474-0052,2026-05-29,NA,cam2026kb
Flow,NA,2633-4259,2026-05-29,NA,cam2026kb
"Forum of Mathematics, Pi",NA,2050-5086,2026-05-29,NA,cam2026kb
"Forum of Mathematics, Sigma",NA,2050-5094,2026-05-29,NA,cam2026kb
Geo-Bio Interfaces,NA,2755-385X,2026-05-29,NA,cam2026kb
Geological Magazine,0016-7568,1469-5081,2026-05-29,NA,cam2026kb
German Law Journal,NA,2071-8322,2026-05-29,NA,cam2026kb
Glasgow Mathematical Journal,0017-0895,1469-509X,2026-05-29,NA,cam2026kb
Global Constitutionalism,2045-3817,2045-3825,2026-05-29,NA,cam2026kb
Global Sustainability,NA,2059-4798,2026-05-29,NA,cam2026kb
Government and Opposition,0017-257X,1477-7053,2026-05-29,NA,cam2026kb
Greece & Rome,0017-3835,1477-4550,2026-05-29,NA,cam2026kb
Gut Microbiome,NA,2632-2897,2026-05-29,NA,cam2026kb
Harvard Theological Review,0017-8160,1475-4517,2026-05-29,NA,cam2026kb
"Health Economics, Policy and Law",1744-1331,1744-134X,2026-05-29,NA,cam2026kb
Hegel Bulletin,2051-5367,2051-5375,2026-05-29,NA,cam2026kb
High Power Laser Science and Engineering,2095-4719,2052-3289,2026-05-29,NA,cam2026kb
History in Africa,0361-5413,1558-2744,2026-05-29,NA,cam2026kb
History of Education Quarterly,0018-2680,1748-5959,2026-05-29,NA,cam2026kb
Horizons,0360-9669,2050-8557,2026-05-29,NA,cam2026kb
Hypatia,0887-5367,1527-2001,2026-05-29,NA,cam2026kb
Industrial and Organizational Psychology,1754-9426,1754-9434,2026-05-29,NA,cam2026kb
Infection Control & Hospital Epidemiology,0899-823X,1559-6834,2026-05-29,NA,cam2026kb
International & Comparative Law Quarterly,0020-5893,1471-6895,2026-05-29,NA,cam2026kb
International Annals of Criminology,0003-4452,2398-676X,2026-05-29,NA,cam2026kb
International Journal of Asian Studies,1479-5914,1479-5922,2026-05-29,NA,cam2026kb
International Journal of Astrobiology,1473-5504,1475-3006,2026-05-29,NA,cam2026kb
International Journal of Cultural Property,0940-7391,1465-7317,2026-05-29,NA,cam2026kb
International Journal of Law in Context,1744-5523,1744-5531,2026-05-29,NA,cam2026kb
International Journal of Microwave and Wireless Technologies,1759-0787,1759-0795,2026-05-29,NA,cam2026kb
International Journal of Middle East Studies,0020-7438,1471-6380,2026-05-29,NA,cam2026kb
International Journal of Technology Assessment in Health Care,0266-4623,1471-6348,2026-05-29,NA,cam2026kb
International Labor and Working-Class History,0147-5479,1471-6445,2026-05-29,NA,cam2026kb
International Legal Materials,0020-7829,1930-6571,2026-05-29,NA,cam2026kb
International Organization,0020-8183,1531-5088,2026-05-29,NA,cam2026kb
International Review of Social History,0020-8590,1469-512X,2026-05-29,NA,cam2026kb
International Review of the Red Cross,1816-3831,1607-5889,2026-05-29,NA,cam2026kb
International Theory,1752-9719,1752-9727,2026-05-29,NA,cam2026kb
Invasive Plant Science and Management,1939-7291,1939-747X,2026-05-29,NA,cam2026kb
Iranian studies,0021-0862,1475-4819,2026-05-29,NA,cam2026kb
IRAQ,0021-0889,2053-4744,2026-05-29,NA,cam2026kb
Irish Historical Studies,0021-1214,2056-4139,2026-05-29,NA,cam2026kb
Irish Journal of Psychological Medicine,0790-9667,2051-6967,2026-05-29,NA,cam2026kb
Israel Law Review,0021-2237,2047-9336,2026-05-29,NA,cam2026kb
Italian Political Science Review / Rivista Italiana di Scienza Politica,0048-8402,2057-4908,2026-05-29,NA,cam2026kb
Itinerario,0165-1153,2041-2827,2026-05-29,NA,cam2026kb
Japanese Journal of Political Science,1468-1099,1474-0060,2026-05-29,NA,cam2026kb
Journal of African Law,0021-8553,1464-3731,2026-05-29,NA,cam2026kb
Journal of Agricultural and Applied Economics,1074-0708,2056-7405,2026-05-29,NA,cam2026kb
Journal of American Studies,0021-8758,1469-5154,2026-05-29,NA,cam2026kb
Journal of Anglican Studies,1740-3553,1745-5278,2026-05-29,NA,cam2026kb
Journal of Applied Probability,0021-9002,1475-6072,2026-05-29,NA,cam2026kb
Journal of Benefit-Cost Analysis,2194-5888,2152-2812,2026-05-29,NA,cam2026kb
Journal of Biosocial Science,0021-9320,1469-7599,2026-05-29,NA,cam2026kb
Journal of British Studies,0021-9371,1545-6986,2026-05-29,NA,cam2026kb
Journal of Child Language,0305-0009,1469-7602,2026-05-29,NA,cam2026kb
Journal of Chinese History 中國歷史學刊,2059-1632,2059-1640,2026-05-29,NA,cam2026kb
Journal of Clinical and Translational Science,NA,2059-8661,2026-05-29,NA,cam2026kb
Journal of Dairy Research,0022-0299,1469-7629,2026-05-29,NA,cam2026kb
Journal of Demographic Economics,2054-0892,2054-0906,2026-05-29,NA,cam2026kb
Journal of Developmental Origins of Health and Disease,2040-1744,2040-1752,2026-05-29,NA,cam2026kb
Journal of East Asian Studies,1598-2408,2234-6643,2026-05-29,NA,cam2026kb
Journal of Experimental Political Science,2052-2630,2052-2649,2026-05-29,NA,cam2026kb
Journal of Financial and Quantitative Analysis,0022-1090,1756-6916,2026-05-29,NA,cam2026kb
Journal of Financial Literacy and Wellbeing,NA,2753-3212,2026-05-29,NA,cam2026kb
Journal of Fluid Mechanics,0022-1120,1469-7645,2026-05-29,NA,cam2026kb
Journal of French Language Studies,0959-2695,1474-0079,2026-05-29,NA,cam2026kb
Journal of Germanic Linguistics,1470-5427,1475-3014,2026-05-29,NA,cam2026kb
Journal of Glaciology,0022-1430,1727-5652,2026-05-29,NA,cam2026kb
Journal of Global History,1740-0228,1740-0236,2026-05-29,NA,cam2026kb
Journal of Helminthology,0022-149X,1475-2697,2026-05-29,NA,cam2026kb
Journal of Institutional Economics,1744-1374,1744-1382,2026-05-29,NA,cam2026kb
Journal of International and Comparative Social Policy,2169-9763,2169-978X,2026-05-29,NA,cam2026kb
Journal of Latin American Studies,0022-216X,1469-767X,2026-05-29,NA,cam2026kb
Journal of Law and Courts,2164-6570,2164-6589,2026-05-29,NA,cam2026kb
Journal of Law and Religion,0748-0814,2163-3088,2026-05-29,NA,cam2026kb
"Journal of Law, Medicine & Ethics",1073-1105,1748-720X,2026-05-29,NA,cam2026kb
Journal of Linguistic Geography,NA,2049-7547,2026-05-29,NA,cam2026kb
Journal of Linguistics,0022-2267,1469-7742,2026-05-29,NA,cam2026kb
Journal of Management & Organization,1833-3672,1839-3527,2026-05-29,NA,cam2026kb
Journal of Nonlinear Waves,NA,3033-4268,2026-05-29,NA,cam2026kb
Journal of Nutritional Science,2048-6790,2048-6790,2026-05-29,NA,cam2026kb
Journal of Paleontology,0022-3360,1937-2337,2026-05-29,NA,cam2026kb
Journal of Pension Economics & Finance,1474-7472,1475-3022,2026-05-29,NA,cam2026kb
Journal of Plasma Physics,0022-3778,1469-7807,2026-05-29,NA,cam2026kb
Journal of Policy History,0898-0306,1528-4190,2026-05-29,NA,cam2026kb
Journal of Public Policy,0143-814X,1469-7815,2026-05-29,NA,cam2026kb
"Journal of Race, Ethnicity, and Politics",NA,2056-6085,2026-05-29,NA,cam2026kb
Journal of Radiotherapy in Practice,1460-3969,1467-1131,2026-05-29,NA,cam2026kb
Journal of Roman Archaeology,1047-7594,2331-5709,2026-05-29,NA,cam2026kb
Journal of Social Policy,0047-2794,1469-7823,2026-05-29,NA,cam2026kb
Journal of the American Philosophical Association,2053-4477,2053-4485,2026-05-29,NA,cam2026kb
Journal of the Australian Mathematical Society,1446-7887,1446-8107,2026-05-29,NA,cam2026kb
Journal of the Economic Science Association,2199-6784,2199-6776,2026-05-29,NA,cam2026kb
Journal of the History of Economic Thought,1053-8372,1469-9656,2026-05-29,NA,cam2026kb
Journal of the Institute of Mathematics of Jussieu,1474-7480,1475-3030,2026-05-29,NA,cam2026kb
Journal of the International Neuropsychological Society,1355-6177,1469-7661,2026-05-29,NA,cam2026kb
Journal of the International Phonetic Association,0025-1003,1475-3502,2026-05-29,NA,cam2026kb
Journal of the Marine Biological Association of the United Kingdom,0025-3154,1469-7769,2026-05-29,NA,cam2026kb
Journal of the Royal Asiatic Society,1356-1863,1474-0591,2026-05-29,NA,cam2026kb
Journal of the Royal Musical Association,0269-0403,1471-6933,2026-05-29,NA,cam2026kb
Journal of the Society for American Music,1752-1963,1752-1971,2026-05-29,NA,cam2026kb
Journal of Tropical Ecology,0266-4674,1469-7831,2026-05-29,NA,cam2026kb
Journal of Wine Economics,1931-4361,1931-437X,2026-05-29,NA,cam2026kb
Judgment and Decision Making,NA,1930-2975,2026-05-29,NA,cam2026kb
Kantian Review,1369-4154,2044-2394,2026-05-29,NA,cam2026kb
Language,0097-8507,1535-0665,2026-05-29,NA,cam2026kb
Language and Cognition,1866-9808,1866-9859,2026-05-29,NA,cam2026kb
Language in Society,0047-4045,1469-8013,2026-05-29,NA,cam2026kb
Language Teaching,0261-4448,1475-3049,2026-05-29,NA,cam2026kb
Language Variation and Change,0954-3945,1469-8021,2026-05-29,NA,cam2026kb
Latin American Antiquity,1045-6635,2325-5080,2026-05-29,NA,cam2026kb
Latin American Politics and Society,1531-426X,1548-2456,2026-05-29,NA,cam2026kb
Latin American research review,0023-8791,1542-4278,2026-05-29,NA,cam2026kb
Law & Social Inquiry,0897-6546,1747-4469,2026-05-29,NA,cam2026kb
Law & Society Review,0738-2480,1939-9022,2026-05-29,NA,cam2026kb
Law and History Review,0738-2480,1939-9022,2026-05-29,NA,cam2026kb
Legal Studies,0261-3875,1748-121X,2026-05-29,NA,cam2026kb
Legal Theory,1352-3252,1469-8048,2026-05-29,NA,cam2026kb
Leiden Journal of International Law,0922-1565,1478-9698,2026-05-29,NA,cam2026kb
Libyan Studies,0263-7189,2052-6148,2026-05-29,NA,cam2026kb
Macroeconomic Dynamics,1365-1005,1469-8056,2026-05-29,NA,cam2026kb
Management and Organization Review,1740-8776,1740-8784,2026-05-29,NA,cam2026kb
Mathematical Proceedings of the Cambridge Philosophical Society,0305-0041,1469-8064,2026-05-29,NA,cam2026kb
Mathematical Structures in Computer Science,0960-1295,1469-8072,2026-05-29,NA,cam2026kb
Medical History,0025-7273,2048-8343,2026-05-29,NA,cam2026kb
"Memory, Mind & Media",NA,2635-0238,2026-05-29,NA,cam2026kb
Mineralogical Magazine,0026-461X,1471-8022,2026-05-29,NA,cam2026kb
Modern American History,2515-0456,2397-1851,2026-05-29,NA,cam2026kb
Modern Asian Studies,0026-749X,1469-8099,2026-05-29,NA,cam2026kb
Modern Intellectual History,1479-2443,1479-2451,2026-05-29,NA,cam2026kb
Modern Italy,1353-2944,1469-9877,2026-05-29,NA,cam2026kb
Moduli,2949-7647,2977-1382,2026-05-29,NA,cam2026kb
Nagoya Mathematical Journal,0027-7630,2152-6842,2026-05-29,NA,cam2026kb
National Institute Economic Review,0027-9501,1741-3036,2026-05-29,NA,cam2026kb
Nationalities Papers,0090-5992,1465-3923,2026-05-29,NA,cam2026kb
Natural Language Processing,NA,2977-0424,2026-05-29,NA,cam2026kb
Network Science,2050-1242,2050-1250,2026-05-29,NA,cam2026kb
New Blackfriars,0028-4289,1741-2005,2026-05-29,NA,cam2026kb
New Perspectives on Turkey,0896-6346,1305-3299,2026-05-29,NA,cam2026kb
New Testament Studies,0028-6885,1469-8145,2026-05-29,NA,cam2026kb
New Theatre Quarterly,0266-464X,1474-0613,2026-05-29,NA,cam2026kb
Nineteenth-Century Music Review,1479-4098,2044-8414,2026-05-29,NA,cam2026kb
Nordic Journal of Linguistics,0332-5865,1502-4717,2026-05-29,NA,cam2026kb
Nutrition Research Reviews,0954-4224,1475-2700,2026-05-29,NA,cam2026kb
Organised Sound,1355-7718,1469-8153,2026-05-29,NA,cam2026kb
Oryx,0030-6053,1365-3008,2026-05-29,NA,cam2026kb
Paleobiology,0094-8373,1938-5331,2026-05-29,NA,cam2026kb
Palliative & Supportive Care,1478-9515,1478-9523,2026-05-29,NA,cam2026kb
Parasitology,0031-1820,1469-8161,2026-05-29,NA,cam2026kb
Personality Neuroscience,NA,2513-9886,2026-05-29,NA,cam2026kb
Perspectives on Politics,1537-5927,1541-0986,2026-05-29,NA,cam2026kb
Philosophy,0031-8191,1469-817X,2026-05-29,NA,cam2026kb
Philosophy of Science,0031-8248,1539-767X,2026-05-29,NA,cam2026kb
Phonological Data and Analysis,NA,2642-1828,2026-05-29,NA,cam2026kb
Phonology,0952-6757,1469-8188,2026-05-29,NA,cam2026kb
Plainsong & Medieval Music,0961-1371,1474-0087,2026-05-29,NA,cam2026kb
Plant Genetic Resources,1479-2621,1479-263X,2026-05-29,NA,cam2026kb
Polar Record,0032-2474,1475-3057,2026-05-29,NA,cam2026kb
Political Analysis,1047-1987,1476-4989,2026-05-29,NA,cam2026kb
Political Data Yearbook,2047-8844,2047-8852,2026-05-29,NA,cam2026kb
Political Science Research and Methods,2049-8470,2049-8489,2026-05-29,NA,cam2026kb
Politics & Gender,1743-923X,1743-9248,2026-05-29,NA,cam2026kb
Politics and Religion,1755-0483,1755-0491,2026-05-29,NA,cam2026kb
Politics and the Life Sciences,0730-9384,1471-5457,2026-05-29,NA,cam2026kb
Popular Music,0261-1430,1474-0095,2026-05-29,NA,cam2026kb
Prehospital and Disaster Medicine,1049-023X,1945-1938,2026-05-29,NA,cam2026kb
Primary Health Care Research & Development,1463-4236,1477-1128,2026-05-29,NA,cam2026kb
Probability in the Engineering and Informational Sciences,0269-9648,1469-8951,2026-05-29,NA,cam2026kb
Proceedings of the ASIL Annual Meeting,0272-5037,2169-1118,2026-05-29,NA,cam2026kb
Proceedings of the Edinburgh Mathematical Society,0013-0915,1464-3839,2026-05-29,NA,cam2026kb
Proceedings of the International Astronomical Union,1743-9213,1743-9221,2026-05-29,NA,cam2026kb
Proceedings of the Nutrition Society,0029-6651,1475-2719,2026-05-29,NA,cam2026kb
Proceedings of the Prehistoric Society,0079-497X,2050-2729,2026-05-29,NA,cam2026kb
Proceedings of the Royal Society of Edinburgh Section A: Mathematics,0308-2105,1473-7124,2026-05-29,NA,cam2026kb
PS: Political Science & Politics,1049-0965,1537-5935,2026-05-29,NA,cam2026kb
Psychological Medicine,0033-2917,1469-8978,2026-05-29,NA,cam2026kb
Psychometrika,0033-3123,1860-0980,2026-05-29,NA,cam2026kb
Public Health Nutrition,1368-9800,1475-2727,2026-05-29,NA,cam2026kb
Public Humanities,NA,2977-0173,2026-05-29,NA,cam2026kb
Publications of the Astronomical Society of Australia,1323-3580,1448-6083,2026-05-29,NA,cam2026kb
QRB Discovery,NA,2633-2892,2026-05-29,NA,cam2026kb
Quantitative Plant Biology,NA,2632-8828,2026-05-29,NA,cam2026kb
Quarterly Reviews of Biophysics,0033-5835,1469-8994,2026-05-29,NA,cam2026kb
Quaternary Research,0033-5894,1096-0287,2026-05-29,NA,cam2026kb
Radiocarbon,0033-8222,1945-5755,2026-05-29,NA,cam2026kb
ReCALL,0958-3440,1474-0109,2026-05-29,NA,cam2026kb
Religion and American Culture,1052-1151,1533-8568,2026-05-29,NA,cam2026kb
Religious Studies,0034-4125,1469-901X,2026-05-29,NA,cam2026kb
Renewable Agriculture and Food Systems,1742-1705,1742-1713,2026-05-29,NA,cam2026kb
Research Synthesis Methods,1759-2879,1759-2887,2026-05-29,NA,cam2026kb
Review of International Studies,0260-2105,1469-9044,2026-05-29,NA,cam2026kb
Review of Middle East Studies,2151-3481,2329-3225,2026-05-29,NA,cam2026kb
Revista de Historia Economica - Journal of Iberian and Latin American Economic History,0212-6109,2041-3335,2026-05-29,NA,cam2026kb
Robotica,0263-5747,1469-8668,2026-05-29,NA,cam2026kb
Royal Institute of Philosophy Supplements,1358-2461,1755-3555,2026-05-29,NA,cam2026kb
Royal Musical Association Research Chronicle,1472-3808,2167-4027,2026-05-29,NA,cam2026kb
Rural History,0956-7933,1474-0656,2026-05-29,NA,cam2026kb
Science in Context,0269-8897,1474-0664,2026-05-29,NA,cam2026kb
Scottish Journal of Theology,0036-9306,1475-3065,2026-05-29,NA,cam2026kb
Seed Science Research,0960-2585,1475-2735,2026-05-29,NA,cam2026kb
Signs and Society,2326-4489,2326-4497,2026-05-29,NA,cam2026kb
Slavic Review,0037-6779,2325-7784,2026-05-29,NA,cam2026kb
Social Philosophy and Policy,0265-0525,1471-6437,2026-05-29,NA,cam2026kb
Social Policy and Society,1474-7464,1475-3073,2026-05-29,NA,cam2026kb
Social Science History,0145-5532,1527-8034,2026-05-29,NA,cam2026kb
State Politics & Policy Quarterly,1532-4400,1946-1607,2026-05-29,NA,cam2026kb
Studies in American Political Development,0898-588X,1469-8692,2026-05-29,NA,cam2026kb
Studies in Church History,0424-2084,2059-0644,2026-05-29,NA,cam2026kb
Studies in Second Language Acquisition,0272-2631,1470-1545,2026-05-29,NA,cam2026kb
TDR,1054-2043,1531-4715,2026-05-29,NA,cam2026kb
The Aeronautical Journal,0001-9240,2059-6464,2026-05-29,NA,cam2026kb
The Americas,0003-1615,1533-6247,2026-05-29,NA,cam2026kb
The Antiquaries Journal,0003-5815,1758-5309,2026-05-29,NA,cam2026kb
The ANZIAM Journal,1446-1811,1446-8735,2026-05-29,NA,cam2026kb
The British Journal for the History of Science,0007-0874,1474-001X,2026-05-29,NA,cam2026kb
The British Journal of Psychiatry,0007-1250,1472-1465,2026-05-29,NA,cam2026kb
The Cambridge Classical Journal,1750-2705,2047-993X,2026-05-29,NA,cam2026kb
The Cambridge Law Journal,0008-1973,1469-2139,2026-05-29,NA,cam2026kb
The Canadian Entomologist,0008-347X,1918-3240,2026-05-29,NA,cam2026kb
The China Quarterly,0305-7410,1468-2648,2026-05-29,NA,cam2026kb
The Classical Quarterly,0009-8388,1471-6844,2026-05-29,NA,cam2026kb
The Classical Review,0009-840X,1464-3561,2026-05-29,NA,cam2026kb
The Cognitive Behaviour Therapist,NA,1754-470X,2026-05-29,NA,cam2026kb
The Economic and Labour Relations Review,1035-3046,1838-2673,2026-05-29,NA,cam2026kb
The Historical Journal,0018-246X,1469-5103,2026-05-29,NA,cam2026kb
The Journal of African History,0021-8537,1469-5138,2026-05-29,NA,cam2026kb
The Journal of Agricultural Science,0021-8596,1469-5146,2026-05-29,NA,cam2026kb
The Journal of Ecclesiastical History,0022-0469,1469-7637,2026-05-29,NA,cam2026kb
The Journal of Economic History,0022-0507,1471-6372,2026-05-29,NA,cam2026kb
The Journal of Hellenic Studies,0075-4269,2041-4099,2026-05-29,NA,cam2026kb
The Journal of Laryngology & Otology,0022-2151,1748-5460,2026-05-29,NA,cam2026kb
The Journal of Modern African Studies,0022-278X,1469-7777,2026-05-29,NA,cam2026kb
The Journal of Navigation,0373-4633,1469-7785,2026-05-29,NA,cam2026kb
The Journal of Roman Studies,0075-4358,1753-528X,2026-05-29,NA,cam2026kb
The Journal of Symbolic Logic,0022-4812,1943-5886,2026-05-29,NA,cam2026kb
The Journal of the Gilded Age and Progressive Era,1537-7814,1943-3557,2026-05-29,NA,cam2026kb
The Lichenologist,0024-2829,1096-1135,2026-05-29,NA,cam2026kb
The Review of Politics,0034-6705,1748-6858,2026-05-29,NA,cam2026kb
The Review of Symbolic Logic,1755-0203,1755-0211,2026-05-29,NA,cam2026kb
The Spanish Journal of Psychology,1138-7416,1988-2904,2026-05-29,NA,cam2026kb
Theory and Practice of Logic Programming,1471-0684,1475-3081,2026-05-29,NA,cam2026kb
Think,1477-1756,1755-1196,2026-05-29,NA,cam2026kb
Traditions of Music and Dance,3033-4233,3033-4241,2026-05-29,NA,cam2026kb
TRaNS: Trans-Regional and -National Studies of Southeast Asia,2051-364X,2051-3658,2026-05-29,NA,cam2026kb
Transactions of the Royal Historical Society,0080-4401,1474-0648,2026-05-29,NA,cam2026kb
Transnational Environmental Law,2047-1025,2047-1033,2026-05-29,NA,cam2026kb
Twentieth-century music,1478-5722,1478-5730,2026-05-29,NA,cam2026kb
Twin Research and Human Genetics,1832-4274,1839-2628,2026-05-29,NA,cam2026kb
Urban History,0963-9268,1469-8706,2026-05-29,NA,cam2026kb
Utilitas,0953-8208,1741-6183,2026-05-29,NA,cam2026kb
Victorian Literature and Culture,1060-1503,1470-1553,2026-05-29,NA,cam2026kb
Voluntas: International Journal of Voluntary and Nonprofit Organizations,0957-8765,1573-7888,2026-05-29,NA,cam2026kb
Wearable Technologies,NA,2631-7176,2026-05-29,NA,cam2026kb
Weed Science,0043-1745,1550-2759,2026-05-29,NA,cam2026kb
Weed Technology,0890-037X,1550-2740,2026-05-29,NA,cam2026kb
World Trade Review,1474-7456,1475-3138,2026-05-29,NA,cam2026kb
Zygote,0967-1994,1469-8730,2026-05-29,NA,cam2026kb
Academic Pediatrics,NA,1876-2859,2026-04-01,NA,els2023crui
Academic Radiology,NA,1076-6332,2026-04-01,NA,els2023crui
Accident Analysis & Prevention,NA,0001-4575,2026-04-01,NA,els2023crui
"Accounting, Organizations and Society",NA,0361-3682,2026-04-01,NA,els2023crui
Acta Astronautica,NA,0094-5765,2026-04-01,NA,els2023crui
Acta Biomaterialia,NA,1742-7061,2026-04-01,NA,els2023crui
Acta Colombiana de Cuidado Intensivo,NA,0122-7262,2026-04-01,NA,els2023crui
Acta Histochemica,NA,0065-1281,2026-04-01,NA,els2023crui
Acta Materialia,NA,1359-6454,2026-04-01,NA,els2023crui
Acta Oecologica,NA,1146-609X,2026-04-01,NA,els2023crui
Acta Otorrinolaringológica (English Edition),NA,2173-5735,2026-04-01,NA,els2023crui
Acta Otorrinolaringológica Española,NA,0001-6519,2026-04-01,NA,els2023crui
Acta Physico-Chimica Sinica,NA,1000-6818,2026-04-01,NA,els2023crui
Acta Tropica,NA,0001-706X,2026-04-01,NA,els2023crui
Actas Urológicas Españolas,NA,0210-4806,2026-04-01,NA,els2023crui
Actas Urológicas Españolas (English Edition),NA,2173-5786,2026-04-01,NA,els2023crui
Ad Hoc Networks,NA,1570-8705,2026-04-01,NA,els2023crui
Addictive Behaviors,NA,0306-4603,2026-04-01,NA,els2023crui
Additive Manufacturing,NA,2214-8604,2026-04-01,NA,els2023crui
Advanced Drug Delivery Reviews,NA,0169-409X,2026-04-01,NA,els2023crui
Advanced Engineering Informatics,NA,1474-0346,2026-04-01,NA,els2023crui
Advanced Powder Technology,NA,0921-8831,2026-04-01,NA,els2023crui
Advances in Accounting,NA,0882-6110,2026-04-01,NA,els2023crui
Advances in Applied Mathematics,NA,0196-8858,2026-04-01,NA,els2023crui
Advances in Biological Regulation,NA,2212-4926,2026-04-01,NA,els2023crui
Advances in Colloid and Interface Science,NA,0001-8686,2026-04-01,NA,els2023crui
Advances in Engineering Software,NA,0965-9978,2026-04-01,NA,els2023crui
Advances in Integrative Medicine,NA,2212-9588,2026-04-01,NA,els2023crui
Advances in Kidney Disease and Health,NA,2949-8139,2026-04-01,NA,els2023crui
Advances in Life Course Research,NA,1569-4909,2026-04-01,NA,els2023crui
Advances in Mathematics,NA,0001-8708,2026-04-01,NA,els2023crui
Advances in Medical Sciences,NA,1896-1126,2026-04-01,NA,els2023crui
Advances in Space Research,NA,0273-1177,2026-04-01,NA,els2023crui
Advances in Water Resources,NA,0309-1708,2026-04-01,NA,els2023crui
Advancing Medical-Surgical Nursing,NA,3050-8592,2026-04-01,NA,els2023crui
Aeolian Research,NA,1875-9637,2026-04-01,NA,els2023crui
Aerospace Science and Technology,NA,1270-9638,2026-04-01,NA,els2023crui
AEÜ - International Journal of Electronics and Communications,NA,1434-8411,2026-04-01,NA,els2023crui
African Transport Studies,NA,2950-1962,2026-04-01,NA,els2023crui
Ageing Research Reviews,NA,1568-1637,2026-04-01,NA,els2023crui
Aggression and Violent Behavior,NA,1359-1789,2026-04-01,NA,els2023crui
Agricultural and Forest Meteorology,NA,0168-1923,2026-04-01,NA,els2023crui
Agricultural Systems,NA,0308-521X,2026-04-01,NA,els2023crui
"Agriculture, Ecosystems & Environment",NA,0167-8809,2026-04-01,NA,els2023crui
Air Medical Journal,NA,1067-991X,2026-04-01,NA,els2023crui
AJO-DO Clinical Companion,NA,2666-4305,2026-04-01,NA,els2023crui
Alcohol,NA,0741-8329,2026-04-01,NA,els2023crui
Algal Research,NA,2211-9264,2026-04-01,NA,els2023crui
American Heart Journal,NA,0002-8703,2026-04-01,NA,els2023crui
American Journal of Emergency Medicine,NA,0735-6757,2026-04-01,NA,els2023crui
American Journal of Infection Control,NA,0196-6553,2026-04-01,NA,els2023crui
American Journal of Kidney Diseases,NA,0272-6386,2026-04-01,NA,els2023crui
American Journal of Obstetrics & Gynecology,NA,0002-9378,2026-04-01,NA,els2023crui
American Journal of Obstetrics & Gynecology MFM,NA,2589-9333,2026-04-01,NA,els2023crui
American Journal of Ophthalmology,NA,0002-9394,2026-04-01,NA,els2023crui
American Journal of Orthodontics and Dentofacial Orthopedics,NA,0889-5406,2026-04-01,NA,els2023crui
American Journal of Pharmaceutical Education,NA,0002-9459,2026-04-01,NA,els2023crui
American Journal of Preventive Medicine,NA,0749-3797,2026-04-01,NA,els2023crui
American Journal of Transplantation,NA,1600-6135,2026-04-01,NA,els2023crui
Anaerobe,NA,1075-9964,2026-04-01,NA,els2023crui
Anaesthesia Critical Care & Pain Medicine,NA,2352-5568,2026-04-01,NA,els2023crui
Analytic Methods in Accident Research,NA,2213-6657,2026-04-01,NA,els2023crui
Analytica Chimica Acta,NA,0003-2670,2026-04-01,NA,els2023crui
Analytical Biochemistry,NA,0003-2697,2026-04-01,NA,els2023crui
Anesthésie & Réanimation,NA,2352-5800,2026-04-01,NA,els2023crui
Animal Behaviour,NA,0003-3472,2026-04-01,NA,els2023crui
Animal Feed Science and Technology,NA,0377-8401,2026-04-01,NA,els2023crui
Animal Reproduction Science,NA,0378-4320,2026-04-01,NA,els2023crui
Annales de Chirurgie Plastique Esthétique,NA,0294-1260,2026-04-01,NA,els2023crui
Annales de Dermatologie et de Vénéréologie,NA,0151-9638,2026-04-01,NA,els2023crui
Annales de Paléontologie,NA,0753-3969,2026-04-01,NA,els2023crui
Annales de Pathologie,NA,0242-6498,2026-04-01,NA,els2023crui
Annales d'Endocrinologie,NA,0003-4266,2026-04-01,NA,els2023crui
Annales Françaises d'Oto-Rhino-Laryngologie et de Pathologie Cervico-Faciale,NA,1879-7261,2026-04-01,NA,els2023crui
Annales Médico-Psychologiques,NA,0003-4487,2026-04-01,NA,els2023crui
"Annals of Allergy, Asthma & Immunology",NA,1081-1206,2026-04-01,NA,els2023crui
Annals of Anatomy,NA,0940-9602,2026-04-01,NA,els2023crui
Annals of Diagnostic Pathology,NA,1092-9134,2026-04-01,NA,els2023crui
Annals of Emergency Medicine,NA,0196-0644,2026-04-01,NA,els2023crui
Annals of Epidemiology,NA,1047-2797,2026-04-01,NA,els2023crui
Annals of Nuclear Energy,NA,0306-4549,2026-04-01,NA,els2023crui
Annals of Oncology,NA,0923-7534,2026-04-01,NA,els2023crui
Annals of Physical and Rehabilitation Medicine,NA,1877-0657,2026-04-01,NA,els2023crui
Annals of Physics,NA,0003-4916,2026-04-01,NA,els2023crui
Annals of Pure and Applied Logic,NA,0168-0072,2026-04-01,NA,els2023crui
Annals of the Rheumatic Diseases,NA,0003-4967,2026-04-01,NA,els2023crui
Annals of Tourism Research,NA,0160-7383,2026-04-01,NA,els2023crui
Annals of Vascular Surgery,NA,0890-5096,2026-04-01,NA,els2023crui
Annual Reviews in Control,NA,1367-5788,2026-04-01,NA,els2023crui
Anthropocene,NA,2213-3054,2026-04-01,NA,els2023crui
Antiviral Research,NA,0166-3542,2026-04-01,NA,els2023crui
Appetite,NA,0195-6663,2026-04-01,NA,els2023crui
Applied Acoustics,NA,0003-682X,2026-04-01,NA,els2023crui
Applied and Computational Harmonic Analysis,NA,1063-5203,2026-04-01,NA,els2023crui
Applied Animal Behaviour Science,NA,0168-1591,2026-04-01,NA,els2023crui
Applied Catalysis A: General,NA,0926-860X,2026-04-01,NA,els2023crui
Applied Catalysis B: Environment and Energy,NA,0926-3373,2026-04-01,NA,els2023crui
Applied Clay Science,NA,0169-1317,2026-04-01,NA,els2023crui
Applied Corpus Linguistics,NA,2666-7991,2026-04-01,NA,els2023crui
Applied Energy,NA,0306-2619,2026-04-01,NA,els2023crui
Applied Ergonomics,NA,0003-6870,2026-04-01,NA,els2023crui
Applied Geochemistry,NA,0883-2927,2026-04-01,NA,els2023crui
Applied Geography,NA,0143-6228,2026-04-01,NA,els2023crui
Applied Materials Today,NA,2352-9407,2026-04-01,NA,els2023crui
Applied Mathematical Modelling,NA,0307-904X,2026-04-01,NA,els2023crui
Applied Mathematics and Computation,NA,0096-3003,2026-04-01,NA,els2023crui
Applied Mathematics Letters,NA,0893-9659,2026-04-01,NA,els2023crui
Applied Numerical Mathematics,NA,0168-9274,2026-04-01,NA,els2023crui
Applied Nursing Research,NA,0897-1897,2026-04-01,NA,els2023crui
Applied Radiation and Isotopes,NA,0969-8043,2026-04-01,NA,els2023crui
Applied Soft Computing,NA,1568-4946,2026-04-01,NA,els2023crui
Applied Soil Ecology,NA,0929-1393,2026-04-01,NA,els2023crui
Applied Studies in Innovative Learning and Teaching,NA,3051-3243,2026-04-01,NA,els2023crui
Applied Surface Science,NA,0169-4332,2026-04-01,NA,els2023crui
Applied Thermal Engineering,NA,1359-4311,2026-04-01,NA,els2023crui
Aquacultural Engineering,NA,0144-8609,2026-04-01,NA,els2023crui
Aquaculture,NA,0044-8486,2026-04-01,NA,els2023crui
Aquatic Botany,NA,0304-3770,2026-04-01,NA,els2023crui
Aquatic Toxicology,NA,0166-445X,2026-04-01,NA,els2023crui
Arab Journal of Gastroenterology,NA,1687-1979,2026-04-01,NA,els2023crui
Archaeological Research in Asia,NA,2352-2267,2026-04-01,NA,els2023crui
Archives de Pédiatrie,NA,0929-693X,2026-04-01,NA,els2023crui
Archives des Maladies du Coeur et des Vaisseaux: Pratique,NA,1261-694X,2026-04-01,NA,els2023crui
Archives des Maladies Professionnelles et de l'Environnement,NA,1775-8785,2026-04-01,NA,els2023crui
Archives of Biochemistry and Biophysics,NA,0003-9861,2026-04-01,NA,els2023crui
Archives of Cardiovascular Diseases,NA,1875-2136,2026-04-01,NA,els2023crui
Archives of Gerontology and Geriatrics,NA,0167-4943,2026-04-01,NA,els2023crui
Archives of Legal Medicine,NA,2950-3949,2026-04-01,NA,els2023crui
Archives of Medical Research,NA,0188-4409,2026-04-01,NA,els2023crui
Archives of Oral Biology,NA,0003-9969,2026-04-01,NA,els2023crui
Archives of Physical Medicine and Rehabilitation,NA,0003-9993,2026-04-01,NA,els2023crui
Archives of Psychiatric Nursing,NA,0883-9417,2026-04-01,NA,els2023crui
Archivos de Bronconeumología,NA,0300-2896,2026-04-01,NA,els2023crui
Archivos de la Sociedad Española de Oftalmología,NA,0365-6691,2026-04-01,NA,els2023crui
Archivos de la Sociedad Española de Oftalmología (English Edition),NA,2173-5794,2026-04-01,NA,els2023crui
Arthropod Structure & Development,NA,1467-8039,2026-04-01,NA,els2023crui
Artificial Intelligence,NA,0004-3702,2026-04-01,NA,els2023crui
Artificial Intelligence for Transportation,NA,3050-8606,2026-04-01,NA,els2023crui
Artificial Intelligence in Medicine,NA,0933-3657,2026-04-01,NA,els2023crui
Asian Journal of Psychiatry,NA,1876-2018,2026-04-01,NA,els2023crui
Asian Journal of Social Science,NA,1568-4849,2026-04-01,NA,els2023crui
Assessing Writing,NA,1075-2935,2026-04-01,NA,els2023crui
Astronomy and Computing,NA,2213-1337,2026-04-01,NA,els2023crui
Astroparticle Physics,NA,0927-6505,2026-04-01,NA,els2023crui
Atherosclerosis,NA,0021-9150,2026-04-01,NA,els2023crui
Atmospheric Environment,NA,1352-2310,2026-04-01,NA,els2023crui
Atmospheric Pollution Research,NA,1309-1042,2026-04-01,NA,els2023crui
Atmospheric Research,NA,0169-8095,2026-04-01,NA,els2023crui
Atomic Data and Nuclear Data Tables,NA,0092-640X,2026-04-01,NA,els2023crui
Auris Nasus Larynx,NA,0385-8146,2026-04-01,NA,els2023crui
Australasian Emergency Care,NA,2588-994X,2026-04-01,NA,els2023crui
Australian Critical Care,NA,1036-7314,2026-04-01,NA,els2023crui
Autoimmunity Reviews,NA,1568-9972,2026-04-01,NA,els2023crui
Automatica,NA,0005-1098,2026-04-01,NA,els2023crui
Automation in Construction,NA,0926-5805,2026-04-01,NA,els2023crui
Autonomic Neuroscience: Basic and Clinical,NA,1566-0702,2026-04-01,NA,els2023crui
Behavior Therapy,NA,0005-7894,2026-04-01,NA,els2023crui
Behaviour Research and Therapy,NA,0005-7967,2026-04-01,NA,els2023crui
Behavioural Brain Research,NA,0166-4328,2026-04-01,NA,els2023crui
Behavioural Processes,NA,0376-6357,2026-04-01,NA,els2023crui
Best Practice & Research Clinical Anaesthesiology,NA,1521-6896,2026-04-01,NA,els2023crui
Best Practice & Research Clinical Endocrinology & Metabolism,NA,1521-690X,2026-04-01,NA,els2023crui
Best Practice & Research Clinical Gastroenterology,NA,1521-6918,2026-04-01,NA,els2023crui
Best Practice & Research Clinical Haematology,NA,1521-6926,2026-04-01,NA,els2023crui
Best Practice & Research Clinical Obstetrics & Gynaecology,NA,1521-6934,2026-04-01,NA,els2023crui
Best Practice & Research Clinical Rheumatology,NA,1521-6942,2026-04-01,NA,els2023crui
Big Data Research,NA,2214-5796,2026-04-01,NA,els2023crui
Bioactive Carbohydrates and Dietary Fibre,NA,2212-6198,2026-04-01,NA,els2023crui
Biocatalysis and Agricultural Biotechnology,NA,1878-8181,2026-04-01,NA,els2023crui
Biochemical and Biophysical Research Communications,NA,0006-291X,2026-04-01,NA,els2023crui
Biochemical Engineering Journal,NA,1369-703X,2026-04-01,NA,els2023crui
Biochemical Pharmacology,NA,0006-2952,2026-04-01,NA,els2023crui
Biochemical Systematics and Ecology,NA,0305-1978,2026-04-01,NA,els2023crui
Biochimica et Biophysica Acta: Bioenergetics,NA,0005-2728,2026-04-01,NA,els2023crui
Biochimica et Biophysica Acta: Biomembranes,NA,0005-2736,2026-04-01,NA,els2023crui
Biochimica et Biophysica Acta: Gene Regulatory Mechanisms,NA,1874-9399,2026-04-01,NA,els2023crui
Biochimica et Biophysica Acta: General Subjects,NA,0304-4165,2026-04-01,NA,els2023crui
Biochimica et Biophysica Acta: Molecular and Cell Biology of Lipids,NA,1388-1981,2026-04-01,NA,els2023crui
Biochimica et Biophysica Acta: Molecular Basis of Disease,NA,0925-4439,2026-04-01,NA,els2023crui
Biochimica et Biophysica Acta: Molecular Cell Research,NA,0167-4889,2026-04-01,NA,els2023crui
Biochimica et Biophysica Acta: Proteins and Proteomics,NA,1570-9639,2026-04-01,NA,els2023crui
Biochimica et Biophysica Acta: Reviews on Cancer,NA,0304-419X,2026-04-01,NA,els2023crui
Biochimie,NA,0300-9084,2026-04-01,NA,els2023crui
Biocybernetics and Biomedical Engineering,NA,0208-5216,2026-04-01,NA,els2023crui
Bioelectrochemistry,NA,1567-5394,2026-04-01,NA,els2023crui
Biological Conservation,NA,0006-3207,2026-04-01,NA,els2023crui
Biological Psychiatry,NA,0006-3223,2026-04-01,NA,els2023crui
Biological Psychiatry: Cognitive Neuroscience and Neuroimaging,NA,2451-9022,2026-04-01,NA,els2023crui
Biological Psychology,NA,0301-0511,2026-04-01,NA,els2023crui
Biologicals,NA,1045-1056,2026-04-01,NA,els2023crui
Biomass & Bioenergy,NA,0961-9534,2026-04-01,NA,els2023crui
Biomaterials,NA,0142-9612,2026-04-01,NA,els2023crui
Biomaterials Advances,NA,2772-9508,2026-04-01,NA,els2023crui
Biomedical Signal Processing and Control,NA,1746-8094,2026-04-01,NA,els2023crui
Bioorganic & Medicinal Chemistry,NA,0968-0896,2026-04-01,NA,els2023crui
Bioorganic & Medicinal Chemistry Letters,NA,0960-894X,2026-04-01,NA,els2023crui
Bioorganic Chemistry,NA,0045-2068,2026-04-01,NA,els2023crui
Biophysical Chemistry,NA,0301-4622,2026-04-01,NA,els2023crui
Biophysical Journal,NA,0006-3495,2026-04-01,NA,els2023crui
Bioprinting,NA,2405-8866,2026-04-01,NA,els2023crui
Bioresource Technology,NA,0960-8524,2026-04-01,NA,els2023crui
Bioresource Technology Reports,NA,2589-014X,2026-04-01,NA,els2023crui
Biosensors and Bioelectronics,NA,0956-5663,2026-04-01,NA,els2023crui
BioSystems,NA,0303-2647,2026-04-01,NA,els2023crui
Biosystems Engineering,NA,1537-5110,2026-04-01,NA,els2023crui
Biotechnology Advances,NA,0734-9750,2026-04-01,NA,els2023crui
BJA Education,NA,2058-5349,2026-04-01,NA,els2023crui
"Blood Cells, Molecules and Diseases",NA,1079-9796,2026-04-01,NA,els2023crui
Blood Reviews,NA,0268-960X,2026-04-01,NA,els2023crui
Body Image,NA,1740-1445,2026-04-01,NA,els2023crui
Bone,NA,8756-3282,2026-04-01,NA,els2023crui
Brachytherapy,NA,1538-4721,2026-04-01,NA,els2023crui
Brain & Development,NA,0387-7604,2026-04-01,NA,els2023crui
Brain and Cognition,NA,0278-2626,2026-04-01,NA,els2023crui
Brain and Language,NA,0093-934X,2026-04-01,NA,els2023crui
Brain Mechanisms,NA,3050-6425,2026-04-01,NA,els2023crui
Brain Research,NA,0006-8993,2026-04-01,NA,els2023crui
"Brain, Behavior, and Immunity",NA,0889-1591,2026-04-01,NA,els2023crui
Brazilian Journal of Physical Therapy,NA,1413-3555,2026-04-01,NA,els2023crui
British Journal of Anaesthesia,NA,0007-0912,2026-04-01,NA,els2023crui
British Journal of Oral and Maxillofacial Surgery,NA,0266-4356,2026-04-01,NA,els2023crui
Building and Environment,NA,0360-1323,2026-04-01,NA,els2023crui
Bulletin des Sciences Mathématiques,NA,0007-4497,2026-04-01,NA,els2023crui
Bulletin du Cancer,NA,0007-4551,2026-04-01,NA,els2023crui
Burns,NA,0305-4179,2026-04-01,NA,els2023crui
Business Horizons,NA,0007-6813,2026-04-01,NA,els2023crui
Cahiers de Nutrition et de Diététique,NA,0007-9960,2026-04-01,NA,els2023crui
Calphad,NA,0364-5916,2026-04-01,NA,els2023crui
Canadian Journal of Cardiology,NA,0828-282X,2026-04-01,NA,els2023crui
Canadian Journal of Diabetes,NA,1499-2671,2026-04-01,NA,els2023crui
Canadian Journal of Ophthalmology,NA,0008-4182,2026-04-01,NA,els2023crui
Cancer Cell,NA,1535-6108,2026-04-01,NA,els2023crui
Cancer Epidemiology,NA,1877-7821,2026-04-01,NA,els2023crui
Cancer Genetics,NA,2210-7762,2026-04-01,NA,els2023crui
Cancer Letters,NA,0304-3835,2026-04-01,NA,els2023crui
Cancer Radiothérapie,NA,1278-3218,2026-04-01,NA,els2023crui
Cancer Treatment Reviews,NA,0305-7372,2026-04-01,NA,els2023crui
Carbohydrate Polymers,NA,0144-8617,2026-04-01,NA,els2023crui
Carbohydrate Research,NA,0008-6215,2026-04-01,NA,els2023crui
Carbon,NA,0008-6223,2026-04-01,NA,els2023crui
Cardiovascular Pathology,NA,1054-8807,2026-04-01,NA,els2023crui
Cardiovascular Revascularization Medicine,NA,1553-8389,2026-04-01,NA,els2023crui
Case Studies on Transport Policy,NA,2213-624X,2026-04-01,NA,els2023crui
Catalysis Today,NA,0920-5861,2026-04-01,NA,els2023crui
CATENA,NA,0341-8162,2026-04-01,NA,els2023crui
Cell,NA,0092-8674,2026-04-01,NA,els2023crui
Cell Biomaterials,NA,3050-5623,2026-04-01,NA,els2023crui
Cell Calcium,NA,0143-4160,2026-04-01,NA,els2023crui
Cell Chemical Biology,NA,2451-9456,2026-04-01,NA,els2023crui
Cell Host & Microbe,NA,1931-3128,2026-04-01,NA,els2023crui
Cell Metabolism,NA,1550-4131,2026-04-01,NA,els2023crui
Cell Stem Cell,NA,1934-5909,2026-04-01,NA,els2023crui
Cell Systems,NA,2405-4712,2026-04-01,NA,els2023crui
Cells & Development,NA,2667-2901,2026-04-01,NA,els2023crui
Cellular Immunology,NA,0008-8749,2026-04-01,NA,els2023crui
Cellular Signalling,NA,0898-6568,2026-04-01,NA,els2023crui
Cement and Concrete Composites,NA,0958-9465,2026-04-01,NA,els2023crui
Cement and Concrete Research,NA,0008-8846,2026-04-01,NA,els2023crui
Ceramics International,NA,0272-8842,2026-04-01,NA,els2023crui
"Chaos, Solitons & Fractals",NA,0960-0779,2026-04-01,NA,els2023crui
Chem,NA,2451-9294,2026-04-01,NA,els2023crui
Chem Catalysis,NA,2667-1093,2026-04-01,NA,els2023crui
Chem Circularity,NA,3051-2948,2026-04-01,NA,els2023crui
Chemical Data Collections,NA,2405-8300,2026-04-01,NA,els2023crui
Chemical Engineering and Processing - Process Intensification,NA,0255-2701,2026-04-01,NA,els2023crui
Chemical Engineering Journal,NA,1385-8947,2026-04-01,NA,els2023crui
Chemical Engineering Research and Design,NA,0263-8762,2026-04-01,NA,els2023crui
Chemical Engineering Science,NA,0009-2509,2026-04-01,NA,els2023crui
Chemical Geology,NA,0009-2541,2026-04-01,NA,els2023crui
Chemical Physics,NA,0301-0104,2026-04-01,NA,els2023crui
Chemical Physics Letters,NA,0009-2614,2026-04-01,NA,els2023crui
Chemico-Biological Interactions,NA,0009-2797,2026-04-01,NA,els2023crui
Chemistry and Physics of Lipids,NA,0009-3084,2026-04-01,NA,els2023crui
Chemometrics and Intelligent Laboratory Systems,NA,0169-7439,2026-04-01,NA,els2023crui
Chemosphere,NA,0045-6535,2026-04-01,NA,els2023crui
CHEST,NA,0012-3692,2026-04-01,NA,els2023crui
Child Abuse & Neglect,NA,0145-2134,2026-04-01,NA,els2023crui
Children and Youth Services Review,NA,0190-7409,2026-04-01,NA,els2023crui
China Economic Review,NA,1043-951X,2026-04-01,NA,els2023crui
Chinese Journal of Chemical Engineering,NA,1004-9541,2026-04-01,NA,els2023crui
Chinese Journal of Physics,NA,0577-9073,2026-04-01,NA,els2023crui
Chinese Journal of Structural Chemistry,NA,0254-5861,2026-04-01,NA,els2023crui
CIRP Annals,NA,0007-8506,2026-04-01,NA,els2023crui
CIRP Journal of Manufacturing Science and Technology,NA,1755-5817,2026-04-01,NA,els2023crui
Cirugía Española,NA,0009-739X,2026-04-01,NA,els2023crui
Cirugía Española (English edition),NA,2173-5077,2026-04-01,NA,els2023crui
Cities,NA,0264-2751,2026-04-01,NA,els2023crui
"City, Culture and Society",NA,1877-9166,2026-04-01,NA,els2023crui
Clinica Chimica Acta,NA,0009-8981,2026-04-01,NA,els2023crui
Clínica e Investigación en Arteriosclerosis,NA,0214-9168,2026-04-01,NA,els2023crui
Clínica e Investigación en Arteriosclerosis (English Edition),NA,2529-9123,2026-04-01,NA,els2023crui
Clínica e Investigación en Ginecología y Obstetricia,NA,0210-573X,2026-04-01,NA,els2023crui
Clinical Biochemistry,NA,0009-9120,2026-04-01,NA,els2023crui
Clinical Biomechanics,NA,0268-0033,2026-04-01,NA,els2023crui
Clinical Breast Cancer,NA,1526-8209,2026-04-01,NA,els2023crui
Clinical Colorectal Cancer,NA,1533-0028,2026-04-01,NA,els2023crui
Clinical Gastroenterology and Hepatology,NA,1542-3565,2026-04-01,NA,els2023crui
Clinical Genitourinary Cancer,NA,1558-7673,2026-04-01,NA,els2023crui
Clinical Imaging,NA,0899-7071,2026-04-01,NA,els2023crui
Clinical Immunology,NA,1521-6616,2026-04-01,NA,els2023crui
Clinical Lung Cancer,NA,1525-7304,2026-04-01,NA,els2023crui
"Clinical Lymphoma, Myeloma & Leukemia",NA,2152-2650,2026-04-01,NA,els2023crui
Clinical Microbiology and Infection,NA,1198-743X,2026-04-01,NA,els2023crui
Clinical Microbiology Newsletter,NA,0196-4399,2026-04-01,NA,els2023crui
Clinical Neurology and Neurosurgery,NA,0303-8467,2026-04-01,NA,els2023crui
Clinical Neurophysiology,NA,1388-2457,2026-04-01,NA,els2023crui
Clinical Nutrition,NA,0261-5614,2026-04-01,NA,els2023crui
Clinical Nutrition ESPEN,NA,2405-4577,2026-04-01,NA,els2023crui
Clinical Oncology,NA,0936-6555,2026-04-01,NA,els2023crui
Clinical Psychology Review,NA,0272-7358,2026-04-01,NA,els2023crui
Clinical Radiology,NA,0009-9260,2026-04-01,NA,els2023crui
Clinical Simulation in Nursing,NA,1876-1399,2026-04-01,NA,els2023crui
Clinical Therapeutics,NA,0149-2918,2026-04-01,NA,els2023crui
Clinics and Research in Hepatology and Gastroenterology,NA,2210-7401,2026-04-01,NA,els2023crui
Clinics in Dermatology,NA,0738-081X,2026-04-01,NA,els2023crui
Coastal Engineering,NA,0378-3839,2026-04-01,NA,els2023crui
Cognition,NA,0010-0277,2026-04-01,NA,els2023crui
Cognitive and Behavioral Practice,NA,1077-7229,2026-04-01,NA,els2023crui
Cognitive Development,NA,0885-2014,2026-04-01,NA,els2023crui
Cognitive Psychology,NA,0010-0285,2026-04-01,NA,els2023crui
Cognitive Systems Research,NA,1389-0417,2026-04-01,NA,els2023crui
Cold Regions Science and Technology,NA,0165-232X,2026-04-01,NA,els2023crui
Collegian,NA,1322-7696,2026-04-01,NA,els2023crui
Colloids and Surfaces A: Physicochemical and Engineering Aspects,NA,0927-7757,2026-04-01,NA,els2023crui
Colloids and Surfaces B: Biointerfaces,NA,0927-7765,2026-04-01,NA,els2023crui
Colloids and Surfaces C: Environmental Aspects,NA,2949-7590,2026-04-01,NA,els2023crui
Combustion and Flame,NA,0010-2180,2026-04-01,NA,els2023crui
Communications in Nonlinear Science and Numerical Simulation,NA,1007-5704,2026-04-01,NA,els2023crui
Comparative Biochemistry and Physiology - Part A: Molecular & Integrative Physiology,NA,1095-6433,2026-04-01,NA,els2023crui
Comparative Biochemistry and Physiology - Part B: Biochemistry & Molecular Biology,NA,1096-4959,2026-04-01,NA,els2023crui
Comparative Biochemistry and Physiology - Part C: Toxicology & Pharmacology,NA,1532-0456,2026-04-01,NA,els2023crui
Comparative Biochemistry and Physiology - Part D: Genomics and Proteomics,NA,1744-117X,2026-04-01,NA,els2023crui
"Comparative Immunology, Microbiology & Infectious Diseases",NA,0147-9571,2026-04-01,NA,els2023crui
Complementary Therapies in Clinical Practice,NA,1744-3881,2026-04-01,NA,els2023crui
Composite Structures,NA,0263-8223,2026-04-01,NA,els2023crui
Composites Communications,NA,2452-2139,2026-04-01,NA,els2023crui
Composites Part A: Applied Science and Manufacturing,NA,1359-835X,2026-04-01,NA,els2023crui
Composites Part B: Engineering,NA,1359-8368,2026-04-01,NA,els2023crui
Composites Science and Technology,NA,0266-3538,2026-04-01,NA,els2023crui
Computational and Theoretical Chemistry,NA,2210-271X,2026-04-01,NA,els2023crui
Computational Biology and Chemistry,NA,1476-9271,2026-04-01,NA,els2023crui
Computational Condensed Matter,NA,2352-2143,2026-04-01,NA,els2023crui
Computational Geometry,NA,0925-7721,2026-04-01,NA,els2023crui
Computational Materials Science,NA,0927-0256,2026-04-01,NA,els2023crui
Computational Statistics & Data Analysis,NA,0167-9473,2026-04-01,NA,els2023crui
Computational Toxicology,NA,2468-1113,2026-04-01,NA,els2023crui
Computer Aided Geometric Design,NA,0167-8396,2026-04-01,NA,els2023crui
Computer Communications,NA,0140-3664,2026-04-01,NA,els2023crui
Computer Law & Security Review,NA,2212-473X,2026-04-01,NA,els2023crui
Computer Methods and Programs in Biomedicine,NA,0169-2607,2026-04-01,NA,els2023crui
Computer Methods in Applied Mechanics and Engineering,NA,0045-7825,2026-04-01,NA,els2023crui
Computer Networks,NA,1389-1286,2026-04-01,NA,els2023crui
Computer Physics Communications,NA,0010-4655,2026-04-01,NA,els2023crui
Computer Science Review,NA,1574-0137,2026-04-01,NA,els2023crui
Computer Speech and Language,NA,0885-2308,2026-04-01,NA,els2023crui
Computer Standards & Interfaces,NA,0920-5489,2026-04-01,NA,els2023crui
Computer Vision and Image Understanding,NA,1077-3142,2026-04-01,NA,els2023crui
Computer-Aided Design,NA,0010-4485,2026-04-01,NA,els2023crui
Computerized Medical Imaging and Graphics,NA,0895-6111,2026-04-01,NA,els2023crui
Computers & Chemical Engineering,NA,0098-1354,2026-04-01,NA,els2023crui
Computers & Education,NA,0360-1315,2026-04-01,NA,els2023crui
Computers & Electrical Engineering,NA,0045-7906,2026-04-01,NA,els2023crui
Computers & Fluids,NA,0045-7930,2026-04-01,NA,els2023crui
Computers & Geosciences,NA,0098-3004,2026-04-01,NA,els2023crui
Computers & Graphics,NA,0097-8493,2026-04-01,NA,els2023crui
Computers & Industrial Engineering,NA,0360-8352,2026-04-01,NA,els2023crui
Computers & Mathematics with Applications,NA,0898-1221,2026-04-01,NA,els2023crui
Computers & Operations Research,NA,0305-0548,2026-04-01,NA,els2023crui
Computers & Security,NA,0167-4048,2026-04-01,NA,els2023crui
Computers & Structures,NA,0045-7949,2026-04-01,NA,els2023crui
Computers and Composition,NA,8755-4615,2026-04-01,NA,els2023crui
Computers and Electronics in Agriculture,NA,0168-1699,2026-04-01,NA,els2023crui
Computers and Geotechnics,NA,0266-352X,2026-04-01,NA,els2023crui
Computers in Biology and Medicine,NA,0010-4825,2026-04-01,NA,els2023crui
Computers in Human Behavior,NA,0747-5632,2026-04-01,NA,els2023crui
Computers in Industry,NA,0166-3615,2026-04-01,NA,els2023crui
"Computers, Environment and Urban Systems",NA,0198-9715,2026-04-01,NA,els2023crui
Consciousness and Cognition,NA,1053-8100,2026-04-01,NA,els2023crui
Construction and Building Materials,NA,0950-0618,2026-04-01,NA,els2023crui
Contact Lens & Anterior Eye,NA,1367-0484,2026-04-01,NA,els2023crui
Contemporary Clinical Trials,NA,1551-7144,2026-04-01,NA,els2023crui
Contemporary Educational Psychology,NA,0361-476X,2026-04-01,NA,els2023crui
Continental Shelf Research,NA,0278-4343,2026-04-01,NA,els2023crui
Contraception,NA,0010-7824,2026-04-01,NA,els2023crui
Control Engineering Practice,NA,0967-0661,2026-04-01,NA,els2023crui
Coordination Chemistry Reviews,NA,0010-8545,2026-04-01,NA,els2023crui
Corrosion Science,NA,0010-938X,2026-04-01,NA,els2023crui
Cortex,NA,0010-9452,2026-04-01,NA,els2023crui
Cretaceous Research,NA,0195-6671,2026-04-01,NA,els2023crui
Critical Perspectives on Accounting,NA,1045-2354,2026-04-01,NA,els2023crui
Critical Reviews in Oncology/Hematology,NA,1040-8428,2026-04-01,NA,els2023crui
Crop Protection,NA,0261-2194,2026-04-01,NA,els2023crui
Cryobiology,NA,0011-2240,2026-04-01,NA,els2023crui
Cryogenics,NA,0011-2275,2026-04-01,NA,els2023crui
Current Applied Physics,NA,1567-1739,2026-04-01,NA,els2023crui
Current Biology,NA,0960-9822,2026-04-01,NA,els2023crui
Current Opinion in Behavioral Sciences,NA,2352-1546,2026-04-01,NA,els2023crui
Current Opinion in Biomedical Engineering,NA,2468-4511,2026-04-01,NA,els2023crui
Current Opinion in Biotechnology,NA,0958-1669,2026-04-01,NA,els2023crui
Current Opinion in Cell Biology,NA,0955-0674,2026-04-01,NA,els2023crui
Current Opinion in Chemical Biology,NA,1367-5931,2026-04-01,NA,els2023crui
Current Opinion in Chemical Engineering,NA,2211-3398,2026-04-01,NA,els2023crui
Current Opinion in Colloid & Interface Science,NA,1359-0294,2026-04-01,NA,els2023crui
Current Opinion in Electrochemistry,NA,2451-9103,2026-04-01,NA,els2023crui
Current Opinion in Endocrine and Metabolic Research,NA,2451-9650,2026-04-01,NA,els2023crui
Current Opinion in Environmental Science & Health,NA,2468-5844,2026-04-01,NA,els2023crui
Current Opinion in Environmental Sustainability,NA,1877-3435,2026-04-01,NA,els2023crui
Current Opinion in Food Science,NA,2214-7993,2026-04-01,NA,els2023crui
Current Opinion in Genetics & Development,NA,0959-437X,2026-04-01,NA,els2023crui
Current Opinion in Green and Sustainable Chemistry,NA,2452-2236,2026-04-01,NA,els2023crui
Current Opinion in Immunology,NA,0952-7915,2026-04-01,NA,els2023crui
Current Opinion in Insect Science,NA,2214-5745,2026-04-01,NA,els2023crui
Current Opinion in Microbiology,NA,1369-5274,2026-04-01,NA,els2023crui
Current Opinion in Neurobiology,NA,0959-4388,2026-04-01,NA,els2023crui
Current Opinion in Pharmacology,NA,1471-4892,2026-04-01,NA,els2023crui
Current Opinion in Physiology,NA,2468-8673,2026-04-01,NA,els2023crui
Current Opinion in Plant Biology,NA,1369-5266,2026-04-01,NA,els2023crui
Current Opinion in Psychology,NA,2352-250X,2026-04-01,NA,els2023crui
Current Opinion in Solid State & Materials Science,NA,1359-0286,2026-04-01,NA,els2023crui
Current Opinion in Structural Biology,NA,0959-440X,2026-04-01,NA,els2023crui
Current Opinion in Systems Biology,NA,2452-3100,2026-04-01,NA,els2023crui
Current Opinion in Toxicology,NA,2468-2020,2026-04-01,NA,els2023crui
Current Opinion in Virology,NA,1879-6257,2026-04-01,NA,els2023crui
Current Problems in Cancer,NA,0147-0272,2026-04-01,NA,els2023crui
Current Problems in Cardiology,NA,0146-2806,2026-04-01,NA,els2023crui
Current Problems in Diagnostic Radiology,NA,0363-0188,2026-04-01,NA,els2023crui
Current Problems in Pediatric and Adolescent Health Care,NA,1538-5442,2026-04-01,NA,els2023crui
Current Research in Translational Medicine,NA,2452-3186,2026-04-01,NA,els2023crui
Currents in Pharmacy Teaching and Learning,NA,1877-1297,2026-04-01,NA,els2023crui
Cytokine,NA,1043-4666,2026-04-01,NA,els2023crui
Cytokine & Growth Factor Reviews,NA,1359-6101,2026-04-01,NA,els2023crui
Cytotherapy,NA,1465-3249,2026-04-01,NA,els2023crui
Data & Knowledge Engineering,NA,0169-023X,2026-04-01,NA,els2023crui
Decision Support Systems,NA,0167-9236,2026-04-01,NA,els2023crui
Deep-Sea Research Part I: Oceanographic Research Papers,NA,0967-0637,2026-04-01,NA,els2023crui
Deep-Sea Research Part II: Topical Studies in Oceanography,NA,0967-0645,2026-04-01,NA,els2023crui
Dendrochronologia,NA,1125-7865,2026-04-01,NA,els2023crui
Dental Materials,NA,0109-5641,2026-04-01,NA,els2023crui
Desalination,NA,0011-9164,2026-04-01,NA,els2023crui
Design Studies,NA,0142-694X,2026-04-01,NA,els2023crui
Development and Sustainability in Economics and Finance,NA,2950-5240,2026-04-01,NA,els2023crui
Developmental & Comparative Immunology,NA,0145-305X,2026-04-01,NA,els2023crui
Developmental Biology,NA,0012-1606,2026-04-01,NA,els2023crui
Developmental Cell,NA,1534-5807,2026-04-01,NA,els2023crui
Developmental Review,NA,0273-2297,2026-04-01,NA,els2023crui
Device,NA,2666-9986,2026-04-01,NA,els2023crui
Diabetes & Metabolic Syndrome: Clinical Research & Reviews,NA,1871-4021,2026-04-01,NA,els2023crui
Diabetes & Metabolism,NA,1262-3636,2026-04-01,NA,els2023crui
Diabetes Research and Clinical Practice,NA,0168-8227,2026-04-01,NA,els2023crui
Diagnostic and Interventional Imaging,NA,2211-5684,2026-04-01,NA,els2023crui
Diagnostic Microbiology and Infectious Disease,NA,0732-8893,2026-04-01,NA,els2023crui
Diamond and Related Materials,NA,0925-9635,2026-04-01,NA,els2023crui
Differential Geometry and its Applications,NA,0926-2245,2026-04-01,NA,els2023crui
Differentiation,NA,0301-4681,2026-04-01,NA,els2023crui
Digital Applications in Archaeology and Cultural Heritage,NA,2212-0548,2026-04-01,NA,els2023crui
Digital Signal Processing,NA,1051-2004,2026-04-01,NA,els2023crui
Disability and Health Journal,NA,1936-6574,2026-04-01,NA,els2023crui
"Discourse, Context & Media",NA,2211-6958,2026-04-01,NA,els2023crui
Discrete Applied Mathematics,NA,0166-218X,2026-04-01,NA,els2023crui
Discrete Mathematics,NA,0012-365X,2026-04-01,NA,els2023crui
Discrete Optimization,NA,1572-5286,2026-04-01,NA,els2023crui
Disease-A-Month,NA,0011-5029,2026-04-01,NA,els2023crui
Displays,NA,0141-9382,2026-04-01,NA,els2023crui
DNA Repair,NA,1568-7864,2026-04-01,NA,els2023crui
Domestic Animal Endocrinology,NA,0739-7240,2026-04-01,NA,els2023crui
Douleurs,NA,1624-5687,2026-04-01,NA,els2023crui
Drug and Alcohol Dependence,NA,0376-8716,2026-04-01,NA,els2023crui
Drug Discovery Today,NA,1359-6446,2026-04-01,NA,els2023crui
Drug Metabolism and Disposition,NA,0090-9556,2026-04-01,NA,els2023crui
Drug Metabolism and Pharmacokinetics,NA,1347-4367,2026-04-01,NA,els2023crui
Drug Resistance Updates,NA,1368-7646,2026-04-01,NA,els2023crui
Dyes and Pigments,NA,0143-7208,2026-04-01,NA,els2023crui
Dynamics of Atmospheres and Oceans,NA,0377-0265,2026-04-01,NA,els2023crui
Early Childhood Research Quarterly,NA,0885-2006,2026-04-01,NA,els2023crui
Early Human Development,NA,0378-3782,2026-04-01,NA,els2023crui
Earth and Planetary Science Letters,NA,0012-821X,2026-04-01,NA,els2023crui
Earth-Science Reviews,NA,0012-8252,2026-04-01,NA,els2023crui
Eating Behaviors,NA,1471-0153,2026-04-01,NA,els2023crui
Ecohydrology & Hydrobiology,NA,1642-3593,2026-04-01,NA,els2023crui
Ecological Complexity,NA,1476-945X,2026-04-01,NA,els2023crui
Ecological Economics,NA,0921-8009,2026-04-01,NA,els2023crui
Ecological Engineering,NA,0925-8574,2026-04-01,NA,els2023crui
Ecological Frontiers,NA,2950-5097,2026-04-01,NA,els2023crui
Ecological Genetics and Genomics,NA,2405-9854,2026-04-01,NA,els2023crui
Ecological Modelling,NA,0304-3800,2026-04-01,NA,els2023crui
Econometrics and Statistics,NA,2452-3062,2026-04-01,NA,els2023crui
Economic Analysis and Policy,NA,0313-5926,2026-04-01,NA,els2023crui
Economic Modelling,NA,0264-9993,2026-04-01,NA,els2023crui
Economic Systems,NA,0939-3625,2026-04-01,NA,els2023crui
Economics & Human Biology,NA,1570-677X,2026-04-01,NA,els2023crui
Economics Letters,NA,0165-1765,2026-04-01,NA,els2023crui
Economics of Education Review,NA,0272-7757,2026-04-01,NA,els2023crui
Economics of Transportation,NA,2212-0122,2026-04-01,NA,els2023crui
Ecosystem Services,NA,2212-0416,2026-04-01,NA,els2023crui
Education for Chemical Engineers,NA,1749-7728,2026-04-01,NA,els2023crui
Educational Research Review,NA,1747-938X,2026-04-01,NA,els2023crui
Electoral Studies,NA,0261-3794,2026-04-01,NA,els2023crui
Electric Power Systems Research,NA,0378-7796,2026-04-01,NA,els2023crui
Electrochimica Acta,NA,0013-4686,2026-04-01,NA,els2023crui
Electronic Commerce Research and Applications,NA,1567-4223,2026-04-01,NA,els2023crui
Emerging Markets Review,NA,1566-0141,2026-04-01,NA,els2023crui
"Emotion, Space and Society",NA,1755-4586,2026-04-01,NA,els2023crui
Endeavour,NA,0160-9327,2026-04-01,NA,els2023crui
Endocrine Practice,NA,1530-891X,2026-04-01,NA,els2023crui
"Endocrinología, Diabetes y Nutrición",NA,2530-0164,2026-04-01,NA,els2023crui
"Endocrinología, Diabetes y Nutrición (English Edition)",NA,2530-0180,2026-04-01,NA,els2023crui
Energy,NA,0360-5442,2026-04-01,NA,els2023crui
Energy 360,NA,2950-4872,2026-04-01,NA,els2023crui
Energy and Buildings,NA,0378-7788,2026-04-01,NA,els2023crui
Energy and Climate Change,NA,2666-2787,2026-04-01,NA,els2023crui
Energy Conversion and Management,NA,0196-8904,2026-04-01,NA,els2023crui
Energy Economics,NA,0140-9883,2026-04-01,NA,els2023crui
Energy for Sustainable Development,NA,0973-0826,2026-04-01,NA,els2023crui
Energy Policy,NA,0301-4215,2026-04-01,NA,els2023crui
Energy Research & Social Science,NA,2214-6296,2026-04-01,NA,els2023crui
Energy Storage Materials,NA,2405-8297,2026-04-01,NA,els2023crui
EnergyChem,NA,2589-7780,2026-04-01,NA,els2023crui
Enfermedades Infecciosas y Microbiología Clínica,NA,0213-005X,2026-04-01,NA,els2023crui
Enfermedades Infecciosas y Microbiología Clínica (English Edition),NA,2529-993X,2026-04-01,NA,els2023crui
Enfermería Clínica,NA,1130-8621,2026-04-01,NA,els2023crui
Enfermería Clínica (English Edition),NA,2445-1479,2026-04-01,NA,els2023crui
Enfermería intensiva,NA,1130-2399,2026-04-01,NA,els2023crui
Enfermería Intensiva (English Edition),NA,2529-9840,2026-04-01,NA,els2023crui
Engineering Analysis with Boundary Elements,NA,0955-7997,2026-04-01,NA,els2023crui
Engineering Applications of Artificial Intelligence,NA,0952-1976,2026-04-01,NA,els2023crui
Engineering Failure Analysis,NA,1350-6307,2026-04-01,NA,els2023crui
Engineering Fracture Mechanics,NA,0013-7944,2026-04-01,NA,els2023crui
Engineering Geology,NA,0013-7952,2026-04-01,NA,els2023crui
Engineering Structures,NA,0141-0296,2026-04-01,NA,els2023crui
English for Specific Purposes,NA,0889-4906,2026-04-01,NA,els2023crui
Entertainment Computing,NA,1875-9521,2026-04-01,NA,els2023crui
Environmental Development,NA,2211-4645,2026-04-01,NA,els2023crui
Environmental Impact Assessment Review,NA,0195-9255,2026-04-01,NA,els2023crui
Environmental Innovation and Societal Transitions,NA,2210-4224,2026-04-01,NA,els2023crui
Environmental Modelling & Software,NA,1364-8152,2026-04-01,NA,els2023crui
"Environmental Nanotechnology, Monitoring and Management",NA,2215-1532,2026-04-01,NA,els2023crui
Environmental Pollution,NA,0269-7491,2026-04-01,NA,els2023crui
Environmental Research,NA,0013-9351,2026-04-01,NA,els2023crui
Environmental Science & Policy,NA,1462-9011,2026-04-01,NA,els2023crui
Environmental Toxicology and Pharmacology,NA,1382-6689,2026-04-01,NA,els2023crui
Enzyme and Microbial Technology,NA,0141-0229,2026-04-01,NA,els2023crui
Epilepsy & Behavior,NA,1525-5050,2026-04-01,NA,els2023crui
Epilepsy Research,NA,0920-1211,2026-04-01,NA,els2023crui
"Estuarine, Coastal and Shelf Science",NA,0272-7714,2026-04-01,NA,els2023crui
"Ethics, Medicine & Public Health",NA,2352-5525,2026-04-01,NA,els2023crui
Éthique & Santé,NA,1765-4629,2026-04-01,NA,els2023crui
eTransportation,NA,2590-1168,2026-04-01,NA,els2023crui
"European Annals of Otorhinolaryngology, Head and Neck Diseases",NA,1879-7296,2026-04-01,NA,els2023crui
European Economic Review,NA,0014-2921,2026-04-01,NA,els2023crui
European Journal of Agronomy,NA,1161-0301,2026-04-01,NA,els2023crui
European Journal of Cancer,NA,0959-8049,2026-04-01,NA,els2023crui
European Journal of Combinatorics,NA,0195-6698,2026-04-01,NA,els2023crui
European Journal of Control,NA,0947-3580,2026-04-01,NA,els2023crui
European Journal of Integrative Medicine,NA,1876-3820,2026-04-01,NA,els2023crui
European Journal of Internal Medicine,NA,0953-6205,2026-04-01,NA,els2023crui
European Journal of Mechanics - A/Solids,NA,0997-7538,2026-04-01,NA,els2023crui
European Journal of Mechanics - B/Fluids,NA,0997-7546,2026-04-01,NA,els2023crui
European Journal of Medicinal Chemistry,NA,0223-5234,2026-04-01,NA,els2023crui
European Journal of Obstetrics & Gynecology and Reproductive Biology,NA,0301-2115,2026-04-01,NA,els2023crui
European Journal of Oncology Nursing,NA,1462-3889,2026-04-01,NA,els2023crui
European Journal of Operational Research,NA,0377-2217,2026-04-01,NA,els2023crui
European Journal of Paediatric Neurology,NA,1090-3798,2026-04-01,NA,els2023crui
European Journal of Pharmaceutics and Biopharmaceutics,NA,0939-6411,2026-04-01,NA,els2023crui
European Journal of Pharmacology,NA,0014-2999,2026-04-01,NA,els2023crui
European Journal of Political Economy,NA,0176-2680,2026-04-01,NA,els2023crui
European Journal of Protistology,NA,0932-4739,2026-04-01,NA,els2023crui
European Journal of Radiology,NA,0720-048X,2026-04-01,NA,els2023crui
European Journal of Soil Biology,NA,1164-5563,2026-04-01,NA,els2023crui
European Journal of Surgical Oncology,NA,0748-7983,2026-04-01,NA,els2023crui
European Journal of Trauma & Dissociation,NA,2468-7499,2026-04-01,NA,els2023crui
European Journal of Vascular and Endovascular Surgery,NA,1078-5884,2026-04-01,NA,els2023crui
European Management Journal,NA,0263-2373,2026-04-01,NA,els2023crui
European Neuropsychopharmacology,NA,0924-977X,2026-04-01,NA,els2023crui
European Polymer Journal,NA,0014-3057,2026-04-01,NA,els2023crui
European Review of Applied Psychology,NA,1162-9088,2026-04-01,NA,els2023crui
European Urology,NA,0302-2838,2026-04-01,NA,els2023crui
European Urology Focus,NA,2405-4569,2026-04-01,NA,els2023crui
European Urology Oncology,NA,2588-9311,2026-04-01,NA,els2023crui
Evaluation and Program Planning,NA,0149-7189,2026-04-01,NA,els2023crui
Evolution and Human Behavior,NA,1090-5138,2026-04-01,NA,els2023crui
Experimental Cell Research,NA,0014-4827,2026-04-01,NA,els2023crui
Experimental Eye Research,NA,0014-4835,2026-04-01,NA,els2023crui
Experimental Hematology,NA,0301-472X,2026-04-01,NA,els2023crui
Experimental Neurology,NA,0014-4886,2026-04-01,NA,els2023crui
Experimental Parasitology,NA,0014-4894,2026-04-01,NA,els2023crui
Experimental Thermal and Fluid Science,NA,0894-1777,2026-04-01,NA,els2023crui
Expert Systems with Applications,NA,0957-4174,2026-04-01,NA,els2023crui
Explorations in Economic History,NA,0014-4983,2026-04-01,NA,els2023crui
EXPLORE,NA,1550-8307,2026-04-01,NA,els2023crui
Expositiones Mathematicae,NA,0723-0869,2026-04-01,NA,els2023crui
Extreme Mechanics Letters,NA,2352-4316,2026-04-01,NA,els2023crui
F&S Reviews,NA,2666-5719,2026-04-01,NA,els2023crui
F&S Science,NA,2666-335X,2026-04-01,NA,els2023crui
Fertility and Sterility,NA,0015-0282,2026-04-01,NA,els2023crui
Field Crops Research,NA,0378-4290,2026-04-01,NA,els2023crui
Finance Research Letters,NA,1544-6123,2026-04-01,NA,els2023crui
Finite Elements in Analysis and Design,NA,0168-874X,2026-04-01,NA,els2023crui
Finite Fields and Their Applications,NA,1071-5797,2026-04-01,NA,els2023crui
Fire Safety Journal,NA,0379-7112,2026-04-01,NA,els2023crui
Fish & Shellfish Immunology,NA,1050-4648,2026-04-01,NA,els2023crui
Fisheries Research,NA,0165-7836,2026-04-01,NA,els2023crui
Fisioterapia,NA,0211-5638,2026-04-01,NA,els2023crui
Fitoterapia,NA,0367-326X,2026-04-01,NA,els2023crui
FlatChem,NA,2452-2627,2026-04-01,NA,els2023crui
Flora,NA,0367-2530,2026-04-01,NA,els2023crui
Flow Measurement and Instrumentation,NA,0955-5986,2026-04-01,NA,els2023crui
Fluid Phase Equilibria,NA,0378-3812,2026-04-01,NA,els2023crui
Food and Bioproducts Processing,NA,0960-3085,2026-04-01,NA,els2023crui
Food and Chemical Toxicology,NA,0278-6915,2026-04-01,NA,els2023crui
Food and Humanity,NA,2949-8244,2026-04-01,NA,els2023crui
Food Bioscience,NA,2212-4292,2026-04-01,NA,els2023crui
Food Chemistry,NA,0308-8146,2026-04-01,NA,els2023crui
Food Control,NA,0956-7135,2026-04-01,NA,els2023crui
Food Hydrocolloids,NA,0268-005X,2026-04-01,NA,els2023crui
Food Microbiology,NA,0740-0020,2026-04-01,NA,els2023crui
Food Packaging and Shelf Life,NA,2214-2894,2026-04-01,NA,els2023crui
Food Policy,NA,0306-9192,2026-04-01,NA,els2023crui
Food Quality and Preference,NA,0950-3293,2026-04-01,NA,els2023crui
Food Research International,NA,0963-9969,2026-04-01,NA,els2023crui
Food Structure,NA,2213-3291,2026-04-01,NA,els2023crui
Food Webs,NA,2352-2496,2026-04-01,NA,els2023crui
Foot and Ankle Surgery,NA,1268-7731,2026-04-01,NA,els2023crui
Football Studies,NA,3051-2689,2026-04-01,NA,els2023crui
Forensic Chemistry,NA,2468-1709,2026-04-01,NA,els2023crui
Forensic Imaging,NA,2666-2256,2026-04-01,NA,els2023crui
Forensic Science International,NA,0379-0738,2026-04-01,NA,els2023crui
Forensic Science International: Digital Investigation,NA,2666-2817,2026-04-01,NA,els2023crui
Forensic Science International: Genetics,NA,1872-4973,2026-04-01,NA,els2023crui
Forensic Science International: Genetics Supplement Series,NA,1875-1768,2026-04-01,NA,els2023crui
Forest Ecology and Management,NA,0378-1127,2026-04-01,NA,els2023crui
Forest Policy and Economics,NA,1389-9341,2026-04-01,NA,els2023crui
Free Radical Biology & Medicine,NA,0891-5849,2026-04-01,NA,els2023crui
Frontiers in Neuroendocrinology,NA,0091-3022,2026-04-01,NA,els2023crui
Fuel,NA,0016-2361,2026-04-01,NA,els2023crui
Fungal Biology,NA,1878-6146,2026-04-01,NA,els2023crui
Fungal Biology Reviews,NA,1749-4613,2026-04-01,NA,els2023crui
Fungal Ecology,NA,1754-5048,2026-04-01,NA,els2023crui
Fungal Genetics and Biology,NA,1087-1845,2026-04-01,NA,els2023crui
Fusion Engineering and Design,NA,0920-3796,2026-04-01,NA,els2023crui
Fuß & Sprunggelenk,NA,1619-9987,2026-04-01,NA,els2023crui
Future Generation Computer Systems,NA,0167-739X,2026-04-01,NA,els2023crui
Futures,NA,0016-3287,2026-04-01,NA,els2023crui
Fuzzy Sets and Systems,NA,0165-0114,2026-04-01,NA,els2023crui
Gait & Posture,NA,0966-6362,2026-04-01,NA,els2023crui
Games and Economic Behavior,NA,0899-8256,2026-04-01,NA,els2023crui
Gas Science and Engineering,NA,2949-9089,2026-04-01,NA,els2023crui
Gastroenterología y Hepatología,NA,0210-5705,2026-04-01,NA,els2023crui
Gastroenterología y Hepatología (English Edition),NA,2444-3824,2026-04-01,NA,els2023crui
Gastroenterology,NA,0016-5085,2026-04-01,NA,els2023crui
Gastrointestinal Endoscopy,NA,0016-5107,2026-04-01,NA,els2023crui
Gene,NA,0378-1119,2026-04-01,NA,els2023crui
Gene Expression Patterns,NA,1567-133X,2026-04-01,NA,els2023crui
Gene Reports,NA,2452-0144,2026-04-01,NA,els2023crui
General and Comparative Endocrinology,NA,0016-6480,2026-04-01,NA,els2023crui
General Hospital Psychiatry,NA,0163-8343,2026-04-01,NA,els2023crui
Genetics in Medicine,NA,1098-3600,2026-04-01,NA,els2023crui
Geobios,NA,0016-6995,2026-04-01,NA,els2023crui
Geochemistry,NA,0009-2819,2026-04-01,NA,els2023crui
Geochimica et Cosmochimica Acta,NA,0016-7037,2026-04-01,NA,els2023crui
Geoderma Regional,NA,2352-0094,2026-04-01,NA,els2023crui
Geoenergy Science and Engineering,NA,2949-8910,2026-04-01,NA,els2023crui
Geoforum,NA,0016-7185,2026-04-01,NA,els2023crui
Geomechanics for Energy and the Environment,NA,2352-3808,2026-04-01,NA,els2023crui
Geomorphology,NA,0169-555X,2026-04-01,NA,els2023crui
Geotextiles and Geomembranes,NA,0266-1144,2026-04-01,NA,els2023crui
Geothermics,NA,0375-6505,2026-04-01,NA,els2023crui
Geriatric Nursing,NA,0197-4572,2026-04-01,NA,els2023crui
Global and Planetary Change,NA,0921-8181,2026-04-01,NA,els2023crui
Global Economics Research,NA,3050-8037,2026-04-01,NA,els2023crui
Global Environmental Change,NA,0959-3780,2026-04-01,NA,els2023crui
Global Finance Journal,NA,1044-0283,2026-04-01,NA,els2023crui
Global Food Security,NA,2211-9124,2026-04-01,NA,els2023crui
Gondwana Research,NA,1342-937X,2026-04-01,NA,els2023crui
Government Information Quarterly,NA,0740-624X,2026-04-01,NA,els2023crui
Groundwater for Sustainable Development,NA,2352-801X,2026-04-01,NA,els2023crui
Growth Hormone & IGF Research,NA,1096-6374,2026-04-01,NA,els2023crui
Gynecologic Oncology,NA,0090-8258,2026-04-01,NA,els2023crui
Gynécologie Obstétrique Fertilité & Sénologie,NA,2468-7189,2026-04-01,NA,els2023crui
Habitat International,NA,0197-3975,2026-04-01,NA,els2023crui
Hand Surgery & Rehabilitation,NA,2468-1229,2026-04-01,NA,els2023crui
Harmful Algae,NA,1568-9883,2026-04-01,NA,els2023crui
Health & Place,NA,1353-8292,2026-04-01,NA,els2023crui
Health Policy,NA,0168-8510,2026-04-01,NA,els2023crui
Health Policy and Technology,NA,2211-8837,2026-04-01,NA,els2023crui
Healthcare: The Journal of Delivery Science and Innovation,NA,2213-0764,2026-04-01,NA,els2023crui
Hearing Research,NA,0378-5955,2026-04-01,NA,els2023crui
Heart & Lung,NA,0147-9563,2026-04-01,NA,els2023crui
Heart Rhythm,NA,1547-5271,2026-04-01,NA,els2023crui
"Heart, Lung and Circulation",NA,1443-9506,2026-04-01,NA,els2023crui
High Energy Density Physics,NA,1574-1818,2026-04-01,NA,els2023crui
Hipertensión y Riesgo Vascular,NA,1889-1837,2026-04-01,NA,els2023crui
Historia Mathematica,NA,0315-0860,2026-04-01,NA,els2023crui
Hormones and Behavior,NA,0018-506X,2026-04-01,NA,els2023crui
HPB,NA,1365-182X,2026-04-01,NA,els2023crui
Human Gene,NA,2773-0441,2026-04-01,NA,els2023crui
Human Immunology,NA,0198-8859,2026-04-01,NA,els2023crui
Human Movement Science,NA,0167-9457,2026-04-01,NA,els2023crui
Human Pathology,NA,0046-8177,2026-04-01,NA,els2023crui
Human Resource Management Review,NA,1053-4822,2026-04-01,NA,els2023crui
Hydrometallurgy,NA,0304-386X,2026-04-01,NA,els2023crui
Icarus,NA,0019-1035,2026-04-01,NA,els2023crui
IFAC Journal of Systems and Control,NA,2468-6018,2026-04-01,NA,els2023crui
Image and Vision Computing,NA,0262-8856,2026-04-01,NA,els2023crui
Imagerie de la Femme,NA,1776-9817,2026-04-01,NA,els2023crui
Immunity,NA,1074-7613,2026-04-01,NA,els2023crui
Immunology Letters,NA,0165-2478,2026-04-01,NA,els2023crui
In Analysis,NA,2542-3606,2026-04-01,NA,els2023crui
Indagationes Mathematicae,NA,0019-3577,2026-04-01,NA,els2023crui
Indian Journal of Medical Microbiology,NA,0255-0857,2026-04-01,NA,els2023crui
Industrial Marketing Management,NA,0019-8501,2026-04-01,NA,els2023crui
Infant Behavior and Development,NA,0163-6383,2026-04-01,NA,els2023crui
"Infection, Disease & Health",NA,2468-0451,2026-04-01,NA,els2023crui
Infectious Diseases Now,NA,2666-9919,2026-04-01,NA,els2023crui
Information & Management,NA,0378-7206,2026-04-01,NA,els2023crui
Information and Computation,NA,0890-5401,2026-04-01,NA,els2023crui
Information and Organization,NA,1471-7727,2026-04-01,NA,els2023crui
Information and Software Technology,NA,0950-5849,2026-04-01,NA,els2023crui
Information Economics and Policy,NA,0167-6245,2026-04-01,NA,els2023crui
Information Fusion,NA,1566-2535,2026-04-01,NA,els2023crui
Information Processing & Management,NA,0306-4573,2026-04-01,NA,els2023crui
Information Processing Letters,NA,0020-0190,2026-04-01,NA,els2023crui
Information Sciences,NA,0020-0255,2026-04-01,NA,els2023crui
Information Systems,NA,0306-4379,2026-04-01,NA,els2023crui
Infrared Physics & Technology,NA,1350-4495,2026-04-01,NA,els2023crui
Injury,NA,0020-1383,2026-04-01,NA,els2023crui
Innovative Food Science and Emerging Technologies,NA,1466-8564,2026-04-01,NA,els2023crui
Inorganic Chemistry Communications,NA,1387-7003,2026-04-01,NA,els2023crui
Inorganica Chimica Acta,NA,0020-1693,2026-04-01,NA,els2023crui
Insect Biochemistry and Molecular Biology,NA,0965-1748,2026-04-01,NA,els2023crui
Insurance: Mathematics and Economics,NA,0167-6687,2026-04-01,NA,els2023crui
Integration,NA,0167-9260,2026-04-01,NA,els2023crui
Intelligence,NA,0160-2896,2026-04-01,NA,els2023crui
Intensive and Critical Care Nursing,NA,0964-3397,2026-04-01,NA,els2023crui
Intermetallics,NA,0966-9795,2026-04-01,NA,els2023crui
International Biodeterioration & Biodegradation,NA,0964-8305,2026-04-01,NA,els2023crui
International Business Review,NA,0969-5931,2026-04-01,NA,els2023crui
International Communications in Heat and Mass Transfer,NA,0735-1933,2026-04-01,NA,els2023crui
International Dairy Journal,NA,0958-6946,2026-04-01,NA,els2023crui
International Economics,NA,2110-7017,2026-04-01,NA,els2023crui
International Emergency Nursing,NA,1755-599X,2026-04-01,NA,els2023crui
International Immunopharmacology,NA,1567-5769,2026-04-01,NA,els2023crui
International Journal for Parasitology,NA,0020-7519,2026-04-01,NA,els2023crui
International Journal of Accounting Information Systems,NA,1467-0895,2026-04-01,NA,els2023crui
International Journal of Adhesion and Adhesives,NA,0143-7496,2026-04-01,NA,els2023crui
International Journal of Antimicrobial Agents,NA,0924-8579,2026-04-01,NA,els2023crui
International Journal of Approximate Reasoning,NA,0888-613X,2026-04-01,NA,els2023crui
International Journal of Biological Macromolecules,NA,0141-8130,2026-04-01,NA,els2023crui
International Journal of Cardiology,NA,0167-5273,2026-04-01,NA,els2023crui
International Journal of Child-Computer Interaction,NA,2212-8689,2026-04-01,NA,els2023crui
International Journal of Coal Geology,NA,0166-5162,2026-04-01,NA,els2023crui
International Journal of Critical Infrastructure Protection,NA,1874-5482,2026-04-01,NA,els2023crui
International Journal of Drug Policy,NA,0955-3959,2026-04-01,NA,els2023crui
International Journal of Educational Development,NA,0738-0593,2026-04-01,NA,els2023crui
International Journal of Educational Research,NA,0883-0355,2026-04-01,NA,els2023crui
International Journal of Engineering Science,NA,0020-7225,2026-04-01,NA,els2023crui
International Journal of Fatigue,NA,0142-1123,2026-04-01,NA,els2023crui
International Journal of Food Microbiology,NA,0168-1605,2026-04-01,NA,els2023crui
International Journal of Forecasting,NA,0169-2070,2026-04-01,NA,els2023crui
International Journal of Gastronomy and Food Science,NA,1878-450X,2026-04-01,NA,els2023crui
International Journal of Greenhouse Gas Control,NA,1750-5836,2026-04-01,NA,els2023crui
International Journal of Gynecological Cancer,NA,1048-891X,2026-04-01,NA,els2023crui
International Journal of Heat and Fluid Flow,NA,0142-727X,2026-04-01,NA,els2023crui
International Journal of Heat and Mass Transfer,NA,0017-9310,2026-04-01,NA,els2023crui
International Journal of Hospitality Management,NA,0278-4319,2026-04-01,NA,els2023crui
International Journal of Human-Computer Studies,NA,1071-5819,2026-04-01,NA,els2023crui
International Journal of Hydrogen Energy,NA,0360-3199,2026-04-01,NA,els2023crui
International Journal of Hygiene and Environmental Health,NA,1438-4639,2026-04-01,NA,els2023crui
International Journal of Impact Engineering,NA,0734-743X,2026-04-01,NA,els2023crui
International Journal of Industrial Ergonomics,NA,0169-8141,2026-04-01,NA,els2023crui
International Journal of Industrial Organization,NA,0167-7187,2026-04-01,NA,els2023crui
International Journal of Information Management,NA,0268-4012,2026-04-01,NA,els2023crui
International Journal of Intercultural Relations,NA,0147-1767,2026-04-01,NA,els2023crui
International Journal of Law and Psychiatry,NA,0160-2527,2026-04-01,NA,els2023crui
"International Journal of Law, Crime and Justice",NA,1756-0616,2026-04-01,NA,els2023crui
International Journal of Machine Tools and Manufacture,NA,0890-6955,2026-04-01,NA,els2023crui
International Journal of Mass Spectrometry,NA,1387-3806,2026-04-01,NA,els2023crui
International Journal of Mechanical Sciences,NA,0020-7403,2026-04-01,NA,els2023crui
International Journal of Medical Informatics,NA,1386-5056,2026-04-01,NA,els2023crui
International Journal of Multiphase Flow,NA,0301-9322,2026-04-01,NA,els2023crui
International Journal of Non-Linear Mechanics,NA,0020-7462,2026-04-01,NA,els2023crui
International Journal of Nursing Studies,NA,0020-7489,2026-04-01,NA,els2023crui
International Journal of Obstetric Anesthesia,NA,0959-289X,2026-04-01,NA,els2023crui
International Journal of Oral and Maxillofacial Surgery,NA,0901-5027,2026-04-01,NA,els2023crui
International Journal of Orthopaedic and Trauma Nursing,NA,1878-1241,2026-04-01,NA,els2023crui
International Journal of Osteopathic Medicine,NA,1746-0689,2026-04-01,NA,els2023crui
International Journal of Paleopathology,NA,1879-9817,2026-04-01,NA,els2023crui
International Journal of Pediatric Otorhinolaryngology,NA,0165-5876,2026-04-01,NA,els2023crui
International Journal of Pharmaceutics,NA,0378-5173,2026-04-01,NA,els2023crui
International Journal of Plasticity,NA,0749-6419,2026-04-01,NA,els2023crui
International Journal of Pressure Vessels and Piping,NA,0308-0161,2026-04-01,NA,els2023crui
International Journal of Production Economics,NA,0925-5273,2026-04-01,NA,els2023crui
International Journal of Project Management,NA,0263-7863,2026-04-01,NA,els2023crui
International Journal of Psychophysiology,NA,0167-8760,2026-04-01,NA,els2023crui
"International Journal of Radiation Oncology, Biology, Physics",NA,0360-3016,2026-04-01,NA,els2023crui
International Journal of Refractory Metals and Hard Materials,NA,0263-4368,2026-04-01,NA,els2023crui
International Journal of Refrigeration,NA,0140-7007,2026-04-01,NA,els2023crui
International Journal of Research in Marketing,NA,0167-8116,2026-04-01,NA,els2023crui
International Journal of Rock Mechanics and Mining Sciences,NA,1365-1609,2026-04-01,NA,els2023crui
International Journal of Solids and Structures,NA,0020-7683,2026-04-01,NA,els2023crui
International Journal of Thermal Sciences,NA,1290-0729,2026-04-01,NA,els2023crui
International Orthodontics,NA,1761-7227,2026-04-01,NA,els2023crui
International Review of Economics Education,NA,1477-3880,2026-04-01,NA,els2023crui
International Review of Financial Analysis,NA,1057-5219,2026-04-01,NA,els2023crui
International Review of Law and Economics,NA,0144-8188,2026-04-01,NA,els2023crui
Internet of Things,NA,2542-6605,2026-04-01,NA,els2023crui
IRBM,NA,1959-0318,2026-04-01,NA,els2023crui
ISA Transactions,NA,0019-0578,2026-04-01,NA,els2023crui
ISPRS Journal of Photogrammetry and Remote Sensing,NA,0924-2716,2026-04-01,NA,els2023crui
JACC: Cardiovascular Imaging,NA,1936-878X,2026-04-01,NA,els2023crui
JACC: Cardiovascular Interventions,NA,1936-8798,2026-04-01,NA,els2023crui
JACC: Clinical Electrophysiology,NA,2405-500X,2026-04-01,NA,els2023crui
JACC: Heart Failure,NA,2213-1779,2026-04-01,NA,els2023crui
Japan and the World Economy,NA,0922-1425,2026-04-01,NA,els2023crui
Joint Bone Spine,NA,1297-319X,2026-04-01,NA,els2023crui
Joule,NA,2542-4351,2026-04-01,NA,els2023crui
Journal de Chirurgie Viscérale,NA,1878-786X,2026-04-01,NA,els2023crui
Journal de Mathématiques Pures et Appliquées,NA,0021-7824,2026-04-01,NA,els2023crui
Journal de Pédiatrie et de Puériculture,NA,0987-7983,2026-04-01,NA,els2023crui
Journal de Traumatologie du Sport,NA,0762-915X,2026-04-01,NA,els2023crui
Journal d'Imagerie Diagnostique et Interventionnelle,NA,2543-3431,2026-04-01,NA,els2023crui
Journal for Nature Conservation,NA,1617-1381,2026-04-01,NA,els2023crui
Journal Français d'Ophtalmologie,NA,0181-5512,2026-04-01,NA,els2023crui
Journal of AAPOS,NA,1091-8531,2026-04-01,NA,els2023crui
Journal of Accounting and Economics,NA,0165-4101,2026-04-01,NA,els2023crui
Journal of Accounting and Public Policy,NA,0278-4254,2026-04-01,NA,els2023crui
Journal of Accounting Education,NA,0748-5751,2026-04-01,NA,els2023crui
Journal of Adolescent Health,NA,1054-139X,2026-04-01,NA,els2023crui
Journal of Aerosol Science,NA,0021-8502,2026-04-01,NA,els2023crui
Journal of Affective Disorders,NA,0165-0327,2026-04-01,NA,els2023crui
Journal of African Earth Sciences,NA,1464-343X,2026-04-01,NA,els2023crui
Journal of Aging Studies,NA,0890-4065,2026-04-01,NA,els2023crui
Journal of Air Transport Management,NA,0969-6997,2026-04-01,NA,els2023crui
Journal of Algebra,NA,0021-8693,2026-04-01,NA,els2023crui
Journal of Allergy and Clinical Immunology,NA,0091-6749,2026-04-01,NA,els2023crui
Journal of Alloys and Compounds,NA,0925-8388,2026-04-01,NA,els2023crui
Journal of Alloys and Compounds Communications,NA,2950-2845,2026-04-01,NA,els2023crui
Journal of Analytical and Applied Pyrolysis,NA,0165-2370,2026-04-01,NA,els2023crui
Journal of Anthropological Archaeology,NA,0278-4165,2026-04-01,NA,els2023crui
Journal of Anxiety Disorders,NA,0887-6185,2026-04-01,NA,els2023crui
Journal of Applied Developmental Psychology,NA,0193-3973,2026-04-01,NA,els2023crui
Journal of Applied Geophysics,NA,0926-9851,2026-04-01,NA,els2023crui
Journal of Applied Research on Medicinal and Aromatic Plants,NA,2214-7861,2026-04-01,NA,els2023crui
Journal of Approximation Theory,NA,0021-9045,2026-04-01,NA,els2023crui
Journal of Archaeological Science,NA,0305-4403,2026-04-01,NA,els2023crui
Journal of Archaeological Science: Reports,NA,2352-409X,2026-04-01,NA,els2023crui
Journal of Arid Environments,NA,0140-1963,2026-04-01,NA,els2023crui
Journal of Arthroplasty,NA,0883-5403,2026-04-01,NA,els2023crui
Journal of Asian Earth Sciences,NA,1367-9120,2026-04-01,NA,els2023crui
Journal of Asian Economics,NA,1049-0078,2026-04-01,NA,els2023crui
Journal of Asia-Pacific Entomology,NA,1226-8615,2026-04-01,NA,els2023crui
Journal of Atmospheric and Solar-Terrestrial Physics,NA,1364-6826,2026-04-01,NA,els2023crui
Journal of Autoimmunity,NA,0896-8411,2026-04-01,NA,els2023crui
Journal of Banking & Finance,NA,0378-4266,2026-04-01,NA,els2023crui
Journal of Behavior Therapy and Experimental Psychiatry,NA,0005-7916,2026-04-01,NA,els2023crui
Journal of Behavioral and Cognitive Therapy,NA,2589-9791,2026-04-01,NA,els2023crui
Journal of Behavioral and Experimental Economics,NA,2214-8043,2026-04-01,NA,els2023crui
Journal of Behavioral and Experimental Finance,NA,2214-6350,2026-04-01,NA,els2023crui
Journal of Biomechanics,NA,0021-9290,2026-04-01,NA,els2023crui
Journal of Biomedical Informatics,NA,1532-0464,2026-04-01,NA,els2023crui
Journal of Biotechnology,NA,0168-1656,2026-04-01,NA,els2023crui
Journal of Bodywork and Movement Therapies,NA,1360-8592,2026-04-01,NA,els2023crui
Journal of Building Engineering,NA,2352-7102,2026-04-01,NA,els2023crui
Journal of Business Research,NA,0148-2963,2026-04-01,NA,els2023crui
Journal of Business Venturing,NA,0883-9026,2026-04-01,NA,els2023crui
Journal of Business Venturing Design,NA,2667-2774,2026-04-01,NA,els2023crui
Journal of Business Venturing Insights,NA,2352-6734,2026-04-01,NA,els2023crui
Journal of Cancer Policy,NA,2213-5383,2026-04-01,NA,els2023crui
Journal of Cardiac Failure,NA,1071-9164,2026-04-01,NA,els2023crui
Journal of Cardiology,NA,0914-5087,2026-04-01,NA,els2023crui
Journal of Cardiology Cases,NA,1878-5409,2026-04-01,NA,els2023crui
Journal of Cardiothoracic and Vascular Anesthesia,NA,1053-0770,2026-04-01,NA,els2023crui
Journal of Cardiovascular Computed Tomography,NA,1934-5925,2026-04-01,NA,els2023crui
Journal of Catalysis,NA,0021-9517,2026-04-01,NA,els2023crui
Journal of Cereal Science,NA,0733-5210,2026-04-01,NA,els2023crui
Journal of Chiropractic Humanities,NA,1556-3499,2026-04-01,NA,els2023crui
Journal of Chiropractic Medicine,NA,1556-3707,2026-04-01,NA,els2023crui
Journal of Choice Modelling,NA,1755-5345,2026-04-01,NA,els2023crui
Journal of Chromatography A,NA,0021-9673,2026-04-01,NA,els2023crui
Journal of Chromatography B,NA,1570-0232,2026-04-01,NA,els2023crui
Journal of Cleaner Production,NA,0959-6526,2026-04-01,NA,els2023crui
Journal of Climate Finance,NA,2949-7280,2026-04-01,NA,els2023crui
Journal of Clinical and Experimental Hepatology,NA,0973-6883,2026-04-01,NA,els2023crui
Journal of Clinical Anesthesia,NA,0952-8180,2026-04-01,NA,els2023crui
Journal of Clinical Densitometry,NA,1094-6950,2026-04-01,NA,els2023crui
Journal of Clinical Epidemiology,NA,0895-4356,2026-04-01,NA,els2023crui
Journal of Clinical Lipidology,NA,1933-2874,2026-04-01,NA,els2023crui
Journal of Clinical Neuroscience,NA,0967-5868,2026-04-01,NA,els2023crui
Journal of Clinical Orthopaedics and Trauma,NA,0976-5662,2026-04-01,NA,els2023crui
Journal of Clinical Virology,NA,1386-6532,2026-04-01,NA,els2023crui
Journal of Colloid and Interface Science,NA,0021-9797,2026-04-01,NA,els2023crui
"Journal of Combinatorial Theory, Series A",NA,0097-3165,2026-04-01,NA,els2023crui
"Journal of Combinatorial Theory, Series B",NA,0095-8956,2026-04-01,NA,els2023crui
Journal of Commodity Markets,NA,2405-8513,2026-04-01,NA,els2023crui
Journal of Communication Disorders,NA,0021-9924,2026-04-01,NA,els2023crui
Journal of Comparative Economics,NA,0147-5967,2026-04-01,NA,els2023crui
Journal of Comparative Pathology,NA,0021-9975,2026-04-01,NA,els2023crui
Journal of Complexity,NA,0885-064X,2026-04-01,NA,els2023crui
Journal of Computational and Applied Mathematics,NA,0377-0427,2026-04-01,NA,els2023crui
Journal of Computational Physics,NA,0021-9991,2026-04-01,NA,els2023crui
Journal of Computational Science,NA,1877-7503,2026-04-01,NA,els2023crui
Journal of Computer and System Sciences,NA,0022-0000,2026-04-01,NA,els2023crui
Journal of Computer Languages,NA,2590-1184,2026-04-01,NA,els2023crui
Journal of Constructional Steel Research,NA,0143-974X,2026-04-01,NA,els2023crui
Journal of Contaminant Hydrology,NA,0169-7722,2026-04-01,NA,els2023crui
Journal of Contemporary Accounting & Economics,NA,1815-5669,2026-04-01,NA,els2023crui
Journal of Contextual Behavioral Science,NA,2212-1447,2026-04-01,NA,els2023crui
Journal of Controlled Release,NA,0168-3659,2026-04-01,NA,els2023crui
Journal of Co-operative Organization and Management,NA,2213-297X,2026-04-01,NA,els2023crui
Journal of Corporate Finance,NA,0929-1199,2026-04-01,NA,els2023crui
Journal of Cranio-Maxillofacial Surgery,NA,1010-5182,2026-04-01,NA,els2023crui
Journal of Criminal Justice,NA,0047-2352,2026-04-01,NA,els2023crui
Journal of Critical Care,NA,0883-9441,2026-04-01,NA,els2023crui
Journal of Crystal Growth,NA,0022-0248,2026-04-01,NA,els2023crui
Journal of Cultural Heritage,NA,1296-2074,2026-04-01,NA,els2023crui
Journal of Cystic Fibrosis,NA,1569-1993,2026-04-01,NA,els2023crui
Journal of Dentistry,NA,0300-5712,2026-04-01,NA,els2023crui
Journal of Dermatological Science,NA,0923-1811,2026-04-01,NA,els2023crui
Journal of Destination Marketing & Management,NA,2212-571X,2026-04-01,NA,els2023crui
Journal of Development Economics,NA,0304-3878,2026-04-01,NA,els2023crui
Journal of Diabetes and its Complications,NA,1056-8727,2026-04-01,NA,els2023crui
Journal of Differential Equations,NA,0022-0396,2026-04-01,NA,els2023crui
Journal of Drug Delivery Science and Technology,NA,1773-2247,2026-04-01,NA,els2023crui
Journal of Econometrics,NA,0304-4076,2026-04-01,NA,els2023crui
Journal of Economic Behavior & Organization,NA,0167-2681,2026-04-01,NA,els2023crui
Journal of Economic Dynamics and Control,NA,0165-1889,2026-04-01,NA,els2023crui
Journal of Economic Psychology,NA,0167-4870,2026-04-01,NA,els2023crui
Journal of Economic Theory,NA,0022-0531,2026-04-01,NA,els2023crui
Journal of Economics and Business,NA,0148-6195,2026-04-01,NA,els2023crui
Journal of Electroanalytical Chemistry,NA,1572-6657,2026-04-01,NA,els2023crui
Journal of Electrocardiology,NA,0022-0736,2026-04-01,NA,els2023crui
Journal of Electromyography and Kinesiology,NA,1050-6411,2026-04-01,NA,els2023crui
Journal of Electron Spectroscopy and Related Phenomena,NA,0368-2048,2026-04-01,NA,els2023crui
Journal of Electrostatics,NA,0304-3886,2026-04-01,NA,els2023crui
Journal of Emergency Nursing,NA,0099-1767,2026-04-01,NA,els2023crui
Journal of Empirical Finance,NA,0927-5398,2026-04-01,NA,els2023crui
Journal of Endodontics,NA,0099-2399,2026-04-01,NA,els2023crui
Journal of Energy Chemistry,NA,2095-4956,2026-04-01,NA,els2023crui
Journal of Energy Storage,NA,2352-152X,2026-04-01,NA,els2023crui
Journal of Engineering and Technology Management,NA,0923-4748,2026-04-01,NA,els2023crui
Journal of English for Academic Purposes,NA,1475-1585,2026-04-01,NA,els2023crui
Journal of Environmental Chemical Engineering,NA,2213-3437,2026-04-01,NA,els2023crui
Journal of Environmental Economics and Management,NA,0095-0696,2026-04-01,NA,els2023crui
Journal of Environmental Management,NA,0301-4797,2026-04-01,NA,els2023crui
Journal of Environmental Psychology,NA,0272-4944,2026-04-01,NA,els2023crui
Journal of Environmental Radioactivity,NA,0265-931X,2026-04-01,NA,els2023crui
Journal of Environmental Sciences,NA,1001-0742,2026-04-01,NA,els2023crui
Journal of Epidemiology and Population Health,NA,2950-4333,2026-04-01,NA,els2023crui
Journal of Equine Veterinary Science,NA,0737-0806,2026-04-01,NA,els2023crui
Journal of Ethnopharmacology,NA,0378-8741,2026-04-01,NA,els2023crui
Journal of Evidence-Based Dental Practice,NA,1532-3382,2026-04-01,NA,els2023crui
Journal of Exotic Pet Medicine,NA,1557-5063,2026-04-01,NA,els2023crui
Journal of Experimental Child Psychology,NA,0022-0965,2026-04-01,NA,els2023crui
Journal of Experimental Horticulture,NA,3051-1186,2026-04-01,NA,els2023crui
Journal of Experimental Marine Biology and Ecology,NA,0022-0981,2026-04-01,NA,els2023crui
Journal of Experimental Social Psychology,NA,0022-1031,2026-04-01,NA,els2023crui
Journal of Family Business Strategy,NA,1877-8585,2026-04-01,NA,els2023crui
Journal of Financial Economics,NA,0304-405X,2026-04-01,NA,els2023crui
Journal of Financial Intermediation,NA,1042-9573,2026-04-01,NA,els2023crui
Journal of Financial Markets,NA,1386-4181,2026-04-01,NA,els2023crui
Journal of Financial Stability,NA,1572-3089,2026-04-01,NA,els2023crui
Journal of Fluency Disorders,NA,0094-730X,2026-04-01,NA,els2023crui
Journal of Fluids and Structures,NA,0889-9746,2026-04-01,NA,els2023crui
Journal of Fluorine Chemistry,NA,0022-1139,2026-04-01,NA,els2023crui
Journal of Food Engineering,NA,0260-8774,2026-04-01,NA,els2023crui
Journal of Forensic and Legal Medicine,NA,1752-928X,2026-04-01,NA,els2023crui
Journal of Functional Analysis,NA,0022-1236,2026-04-01,NA,els2023crui
Journal of Gastrointestinal Surgery,NA,1091-255X,2026-04-01,NA,els2023crui
Journal of Genetics and Genomics,NA,1673-8527,2026-04-01,NA,els2023crui
Journal of Geochemical Exploration,NA,0375-6742,2026-04-01,NA,els2023crui
Journal of Geodynamics,NA,0264-3707,2026-04-01,NA,els2023crui
Journal of Geometry and Physics,NA,0393-0440,2026-04-01,NA,els2023crui
Journal of Geriatric Oncology,NA,1879-4068,2026-04-01,NA,els2023crui
Journal of Great Lakes Research,NA,0380-1330,2026-04-01,NA,els2023crui
Journal of Gynecology Obstetrics and Human Reproduction,NA,2468-7847,2026-04-01,NA,els2023crui
Journal of Hand and Microsurgery,NA,0974-3227,2026-04-01,NA,els2023crui
Journal of Hand Therapy,NA,0894-1130,2026-04-01,NA,els2023crui
Journal of Hazardous Materials,NA,0304-3894,2026-04-01,NA,els2023crui
Journal of Health Economics,NA,0167-6296,2026-04-01,NA,els2023crui
Journal of Healthcare Quality Research,NA,2603-6479,2026-04-01,NA,els2023crui
Journal of Hepatology,NA,0168-8278,2026-04-01,NA,els2023crui
Journal of Herbal Medicine,NA,2210-8033,2026-04-01,NA,els2023crui
Journal of High Energy Astrophysics,NA,2214-4048,2026-04-01,NA,els2023crui
Journal of Historical Geography,NA,0305-7488,2026-04-01,NA,els2023crui
Journal of Hospital Infection,NA,0195-6701,2026-04-01,NA,els2023crui
Journal of Hospitality and Tourism Management,NA,1447-6770,2026-04-01,NA,els2023crui
"Journal of Hospitality, Leisure, Sport & Tourism Education",NA,1473-8376,2026-04-01,NA,els2023crui
Journal of Housing Economics,NA,1051-1377,2026-04-01,NA,els2023crui
Journal of Human Evolution,NA,0047-2484,2026-04-01,NA,els2023crui
Journal of Hydro-environment Research,NA,1570-6443,2026-04-01,NA,els2023crui
Journal of Hydrology,NA,0022-1694,2026-04-01,NA,els2023crui
Journal of Immunological Methods,NA,0022-1759,2026-04-01,NA,els2023crui
Journal of Industrial and Engineering Chemistry,NA,1226-086X,2026-04-01,NA,els2023crui
Journal of Industrial Information Integration,NA,2452-414X,2026-04-01,NA,els2023crui
Journal of Information Security and Applications,NA,2214-2126,2026-04-01,NA,els2023crui
Journal of Informetrics,NA,1751-1577,2026-04-01,NA,els2023crui
Journal of Inorganic Biochemistry,NA,0162-0134,2026-04-01,NA,els2023crui
Journal of Insect Physiology,NA,0022-1910,2026-04-01,NA,els2023crui
Journal of Integrative Medicine,NA,2095-4964,2026-04-01,NA,els2023crui
"Journal of International Accounting, Auditing and Taxation",NA,1061-9518,2026-04-01,NA,els2023crui
Journal of International Economics,NA,0022-1996,2026-04-01,NA,els2023crui
"Journal of International Financial Markets, Institutions & Money",NA,1042-4431,2026-04-01,NA,els2023crui
Journal of International Management,NA,1075-4253,2026-04-01,NA,els2023crui
Journal of International Money and Finance,NA,0261-5606,2026-04-01,NA,els2023crui
Journal of Interprofessional Education & Practice,NA,2405-4526,2026-04-01,NA,els2023crui
Journal of Invertebrate Pathology,NA,0022-2011,2026-04-01,NA,els2023crui
Journal of Investigative Dermatology,NA,0022-202X,2026-04-01,NA,els2023crui
Journal of Logical and Algebraic Methods in Programming,NA,2352-2208,2026-04-01,NA,els2023crui
Journal of Loss Prevention in the Process Industries,NA,0950-4230,2026-04-01,NA,els2023crui
Journal of Luminescence,NA,0022-2313,2026-04-01,NA,els2023crui
Journal of Macroeconomics,NA,0164-0704,2026-04-01,NA,els2023crui
Journal of Magnetic Resonance,NA,1090-7807,2026-04-01,NA,els2023crui
Journal of Magnetism and Magnetic Materials,NA,0304-8853,2026-04-01,NA,els2023crui
Journal of Manufacturing Processes,NA,1526-6125,2026-04-01,NA,els2023crui
Journal of Manufacturing Systems,NA,0278-6125,2026-04-01,NA,els2023crui
Journal of Marine Systems,NA,0924-7963,2026-04-01,NA,els2023crui
Journal of Materials Processing Technology,NA,0924-0136,2026-04-01,NA,els2023crui
Journal of Materials Science & Technology,NA,1005-0302,2026-04-01,NA,els2023crui
Journal of Mathematical Analysis and Applications,NA,0022-247X,2026-04-01,NA,els2023crui
Journal of Mathematical Economics,NA,0304-4068,2026-04-01,NA,els2023crui
Journal of Mathematical Psychology,NA,0022-2496,2026-04-01,NA,els2023crui
Journal of Medical Imaging and Radiation Sciences,NA,1939-8654,2026-04-01,NA,els2023crui
Journal of Medical Mycology,NA,1156-5233,2026-04-01,NA,els2023crui
Journal of Membrane Science,NA,0376-7388,2026-04-01,NA,els2023crui
Journal of Memory and Language,NA,0749-596X,2026-04-01,NA,els2023crui
Journal of Microbiological Methods,NA,0167-7012,2026-04-01,NA,els2023crui
Journal of Minimally Invasive Gynecology,NA,1553-4650,2026-04-01,NA,els2023crui
Journal of Molecular and Cellular Cardiology,NA,0022-2828,2026-04-01,NA,els2023crui
Journal of Molecular Biology,NA,0022-2836,2026-04-01,NA,els2023crui
Journal of Molecular Graphics and Modelling,NA,1093-3263,2026-04-01,NA,els2023crui
Journal of Molecular Liquids,NA,0167-7322,2026-04-01,NA,els2023crui
Journal of Molecular Spectroscopy,NA,0022-2852,2026-04-01,NA,els2023crui
Journal of Molecular Structure,NA,0022-2860,2026-04-01,NA,els2023crui
Journal of Monetary Economics,NA,0304-3932,2026-04-01,NA,els2023crui
Journal of Multinational Financial Management,NA,1042-444X,2026-04-01,NA,els2023crui
Journal of Multivariate Analysis,NA,0047-259X,2026-04-01,NA,els2023crui
Journal of Neonatal Nursing,NA,1355-1841,2026-04-01,NA,els2023crui
Journal of Network and Computer Applications,NA,1084-8045,2026-04-01,NA,els2023crui
Journal of Neuroimmunology,NA,0165-5728,2026-04-01,NA,els2023crui
Journal of Neurolinguistics,NA,0911-6044,2026-04-01,NA,els2023crui
Journal of Neuroradiology,NA,0150-9861,2026-04-01,NA,els2023crui
Journal of Neuroscience Methods,NA,0165-0270,2026-04-01,NA,els2023crui
Journal of Non-Crystalline Solids,NA,0022-3093,2026-04-01,NA,els2023crui
Journal of Non-Newtonian Fluid Mechanics,NA,0377-0257,2026-04-01,NA,els2023crui
Journal of Nuclear Cardiology,NA,1071-3581,2026-04-01,NA,els2023crui
Journal of Nuclear Materials,NA,0022-3115,2026-04-01,NA,els2023crui
Journal of Number Theory,NA,0022-314X,2026-04-01,NA,els2023crui
Journal of Nursing Regulation,NA,2155-8256,2026-04-01,NA,els2023crui
Journal of Nutrition Education and Behavior,NA,1499-4046,2026-04-01,NA,els2023crui
Journal of Obsessive-Compulsive and Related Disorders,NA,2211-3649,2026-04-01,NA,els2023crui
"Journal of Obstetric, Gynecologic, & Neonatal Nursing",NA,0884-2175,2026-04-01,NA,els2023crui
Journal of Obstetrics and Gynaecology Canada,NA,1701-2163,2026-04-01,NA,els2023crui
Journal of Oral and Maxillofacial Surgery,NA,0278-2391,2026-04-01,NA,els2023crui
"Journal of Oral and Maxillofacial Surgery, Medicine, and Pathology",NA,2212-5558,2026-04-01,NA,els2023crui
Journal of Oral Biosciences,NA,1349-0079,2026-04-01,NA,els2023crui
Journal of Organometallic Chemistry,NA,0022-328X,2026-04-01,NA,els2023crui
Journal of Orthopaedic Science,NA,0949-2658,2026-04-01,NA,els2023crui
Journal of Orthopaedics,NA,0972-978X,2026-04-01,NA,els2023crui
Journal of Outdoor Recreation and Tourism,NA,2213-0780,2026-04-01,NA,els2023crui
Journal of Pain and Symptom Management,NA,0885-3924,2026-04-01,NA,els2023crui
Journal of Parallel and Distributed Computing,NA,0743-7315,2026-04-01,NA,els2023crui
Journal of Pediatric and Adolescent Gynecology,NA,1083-3188,2026-04-01,NA,els2023crui
Journal of Pediatric Health Care,NA,0891-5245,2026-04-01,NA,els2023crui
Journal of Pediatric Nursing,NA,0882-5963,2026-04-01,NA,els2023crui
Journal of Pediatric Surgery,NA,0022-3468,2026-04-01,NA,els2023crui
Journal of Pediatric Urology,NA,1477-5131,2026-04-01,NA,els2023crui
Journal of PeriAnesthesia Nursing,NA,1089-9472,2026-04-01,NA,els2023crui
Journal of Pharmaceutical and Biomedical Analysis,NA,0731-7085,2026-04-01,NA,els2023crui
Journal of Pharmaceutical Sciences,NA,0022-3549,2026-04-01,NA,els2023crui
Journal of Pharmacological and Toxicological Methods,NA,1056-8719,2026-04-01,NA,els2023crui
Journal of Phonetics,NA,0095-4470,2026-04-01,NA,els2023crui
Journal of Photochemistry and Photobiology A: Chemistry,NA,1010-6030,2026-04-01,NA,els2023crui
Journal of Photochemistry and Photobiology B: Biology,NA,1011-1344,2026-04-01,NA,els2023crui
Journal of Photochemistry and Photobiology C: Photochemistry Reviews,NA,1389-5567,2026-04-01,NA,els2023crui
Journal of Physics and Chemistry of Solids,NA,0022-3697,2026-04-01,NA,els2023crui
Journal of Plant Physiology,NA,0176-1617,2026-04-01,NA,els2023crui
"Journal of Plastic, Reconstructive & Aesthetic Surgery",NA,1748-6815,2026-04-01,NA,els2023crui
Journal of Policy Modeling,NA,0161-8938,2026-04-01,NA,els2023crui
Journal of Power Sources,NA,0378-7753,2026-04-01,NA,els2023crui
Journal of Pragmatics,NA,0378-2166,2026-04-01,NA,els2023crui
Journal of Process Control,NA,0959-1524,2026-04-01,NA,els2023crui
Journal of Professional Nursing,NA,8755-7223,2026-04-01,NA,els2023crui
Journal of Proteomics,NA,1874-3919,2026-04-01,NA,els2023crui
Journal of Psychiatric Research,NA,0022-3956,2026-04-01,NA,els2023crui
Journal of Psychosomatic Research,NA,0022-3999,2026-04-01,NA,els2023crui
Journal of Public Economics,NA,0047-2727,2026-04-01,NA,els2023crui
Journal of Purchasing and Supply Management,NA,1478-4092,2026-04-01,NA,els2023crui
Journal of Pure and Applied Algebra,NA,0022-4049,2026-04-01,NA,els2023crui
Journal of Quantitative Spectroscopy & Radiative Transfer,NA,0022-4073,2026-04-01,NA,els2023crui
Journal of Radiology Nursing,NA,1546-0843,2026-04-01,NA,els2023crui
Journal of Rail Transport Planning & Management,NA,2210-9706,2026-04-01,NA,els2023crui
Journal of Rare Earths,NA,1002-0721,2026-04-01,NA,els2023crui
Journal of Renal Nutrition,NA,1051-2276,2026-04-01,NA,els2023crui
Journal of Reproductive Immunology,NA,0165-0378,2026-04-01,NA,els2023crui
Journal of Research in Personality,NA,0092-6566,2026-04-01,NA,els2023crui
Journal of Retailing,NA,0022-4359,2026-04-01,NA,els2023crui
Journal of Retailing and Consumer Services,NA,0969-6989,2026-04-01,NA,els2023crui
Journal of Rural Studies,NA,0743-0167,2026-04-01,NA,els2023crui
Journal of Safety Research,NA,0022-4375,2026-04-01,NA,els2023crui
Journal of School Psychology,NA,0022-4405,2026-04-01,NA,els2023crui
Journal of Science and Medicine in Sport,NA,1440-2440,2026-04-01,NA,els2023crui
Journal of Second Language Writing,NA,1060-3743,2026-04-01,NA,els2023crui
Journal of Shoulder and Elbow Surgery,NA,1058-2746,2026-04-01,NA,els2023crui
Journal of Solid State Chemistry,NA,0022-4596,2026-04-01,NA,els2023crui
Journal of Sound and Vibration,NA,0022-460X,2026-04-01,NA,els2023crui
Journal of South American Earth Sciences,NA,0895-9811,2026-04-01,NA,els2023crui
Journal of Space Safety Engineering,NA,2468-8967,2026-04-01,NA,els2023crui
Journal of Statistical Planning and Inference,NA,0378-3758,2026-04-01,NA,els2023crui
"Journal of Stomatology, Oral and Maxillofacial Surgery",NA,2468-7855,2026-04-01,NA,els2023crui
Journal of Stored Products Research,NA,0022-474X,2026-04-01,NA,els2023crui
Journal of Strategy & Innovation,NA,3050-7901,2026-04-01,NA,els2023crui
Journal of Structural Biology,NA,1047-8477,2026-04-01,NA,els2023crui
Journal of Structural Geology,NA,0191-8141,2026-04-01,NA,els2023crui
Journal of Subatomic Particles and Cosmology,NA,3050-4805,2026-04-01,NA,els2023crui
Journal of Substance Use and Addiction Treatment,NA,2949-8759,2026-04-01,NA,els2023crui
Journal of Surgical Education,NA,1931-7204,2026-04-01,NA,els2023crui
Journal of Surgical Research,NA,0022-4804,2026-04-01,NA,els2023crui
Journal of Sustainable Finance and Accounting,NA,2950-3701,2026-04-01,NA,els2023crui
Journal of Symbolic Computation,NA,0747-7171,2026-04-01,NA,els2023crui
Journal of Systems and Software,NA,0164-1212,2026-04-01,NA,els2023crui
Journal of Systems Architecture,NA,1383-7621,2026-04-01,NA,els2023crui
Journal of the Academy of Consultation-Liaison Psychiatry,NA,2667-2960,2026-04-01,NA,els2023crui
Journal of the Academy of Nutrition and Dietetics,NA,2212-2672,2026-04-01,NA,els2023crui
Journal of the American Academy of Child & Adolescent Psychiatry,NA,0890-8567,2026-04-01,NA,els2023crui
Journal of the American Academy of Dermatology,NA,0190-9622,2026-04-01,NA,els2023crui
Journal of the American College of Radiology,NA,1546-1440,2026-04-01,NA,els2023crui
Journal of the American Medical Directors Association,NA,1525-8610,2026-04-01,NA,els2023crui
Journal of the American Pharmacists Association,NA,1544-3191,2026-04-01,NA,els2023crui
Journal of the American Society of Cytopathology,NA,2213-2945,2026-04-01,NA,els2023crui
Journal of the American Society of Echocardiography,NA,0894-7317,2026-04-01,NA,els2023crui
Journal of the Energy Institute,NA,1743-9671,2026-04-01,NA,els2023crui
Journal of the European Ceramic Society,NA,0955-2219,2026-04-01,NA,els2023crui
Journal of the Franklin Institute,NA,0016-0032,2026-04-01,NA,els2023crui
Journal of the Indian Chemical Society,NA,0019-4522,2026-04-01,NA,els2023crui
Journal of the Japanese and International Economies,NA,0889-1583,2026-04-01,NA,els2023crui
Journal of the Mechanical Behavior of Biomedical Materials,NA,1751-6161,2026-04-01,NA,els2023crui
Journal of the Mechanics and Physics of Solids,NA,0022-5096,2026-04-01,NA,els2023crui
Journal of the National Medical Association,NA,0027-9684,2026-04-01,NA,els2023crui
Journal of the Neurological Sciences,NA,0022-510X,2026-04-01,NA,els2023crui
Journal of the Taiwan Institute of Chemical Engineers,NA,1876-1070,2026-04-01,NA,els2023crui
Journal of the World Federation of Orthodontists,NA,2212-4438,2026-04-01,NA,els2023crui
Journal of Theoretical Biology,NA,0022-5193,2026-04-01,NA,els2023crui
Journal of Thermal Biology,NA,0306-4565,2026-04-01,NA,els2023crui
Journal of Thoracic Oncology,NA,1556-0864,2026-04-01,NA,els2023crui
Journal of Thrombosis and Haemostasis,NA,1538-7836,2026-04-01,NA,els2023crui
Journal of Trace Elements in Medicine and Biology,NA,0946-672X,2026-04-01,NA,els2023crui
Journal of Transport & Health,NA,2214-1405,2026-04-01,NA,els2023crui
Journal of Transport Geography,NA,0966-6923,2026-04-01,NA,els2023crui
Journal of Urban Economics,NA,0094-1190,2026-04-01,NA,els2023crui
Journal of Vascular and Interventional Radiology,NA,1051-0443,2026-04-01,NA,els2023crui
Journal of Vascular Nursing,NA,1062-0303,2026-04-01,NA,els2023crui
Journal of Vascular Surgery,NA,0741-5214,2026-04-01,NA,els2023crui
Journal of Veterinary Behavior,NA,1558-7878,2026-04-01,NA,els2023crui
Journal of Veterinary Cardiology,NA,1760-2734,2026-04-01,NA,els2023crui
Journal of Virological Methods,NA,0166-0934,2026-04-01,NA,els2023crui
Journal of Visceral Surgery,NA,1878-7886,2026-04-01,NA,els2023crui
Journal of Visual Communication and Image Representation,NA,1047-3203,2026-04-01,NA,els2023crui
Journal of Vocational Behavior,NA,0001-8791,2026-04-01,NA,els2023crui
Journal of Voice,NA,0892-1997,2026-04-01,NA,els2023crui
Journal of Volcanology and Geothermal Research,NA,0377-0273,2026-04-01,NA,els2023crui
Journal of Water Process Engineering,NA,2214-7144,2026-04-01,NA,els2023crui
Journal of Wind Engineering and Industrial Aerodynamics,NA,0167-6105,2026-04-01,NA,els2023crui
Journal of World Business,NA,1090-9516,2026-04-01,NA,els2023crui
Kidney International,NA,0085-2538,2026-04-01,NA,els2023crui
"Kinésithérapie, la Revue",NA,1779-0123,2026-04-01,NA,els2023crui
Knowledge-Based Systems,NA,0950-7051,2026-04-01,NA,els2023crui
La Presse Médicale,NA,0755-4982,2026-04-01,NA,els2023crui
La Presse Médicale Formation,NA,2666-4798,2026-04-01,NA,els2023crui
La Revue de Médecine Interne,NA,0248-8663,2026-04-01,NA,els2023crui
Laboratory Investigation,NA,0023-6837,2026-04-01,NA,els2023crui
Labour Economics,NA,0927-5371,2026-04-01,NA,els2023crui
Land Use Policy,NA,0264-8377,2026-04-01,NA,els2023crui
Landscape and Urban Planning,NA,0169-2046,2026-04-01,NA,els2023crui
Language & Communication,NA,0271-5309,2026-04-01,NA,els2023crui
Language Sciences,NA,0388-0001,2026-04-01,NA,els2023crui
L'Anthropologie,NA,0003-5521,2026-04-01,NA,els2023crui
Latin American Transport Studies,NA,2950-0249,2026-04-01,NA,els2023crui
Le Pharmacien Clinicien,NA,2772-9532,2026-04-01,NA,els2023crui
Le Praticien en Anesthésie Réanimation,NA,1279-7960,2026-04-01,NA,els2023crui
Learning and Individual Differences,NA,1041-6080,2026-04-01,NA,els2023crui
Learning and Instruction,NA,0959-4752,2026-04-01,NA,els2023crui
Learning and Motivation,NA,0023-9690,2026-04-01,NA,els2023crui
Learning in Context,NA,3050-578X,2026-04-01,NA,els2023crui
"Learning, Culture and Social Interaction",NA,2210-6561,2026-04-01,NA,els2023crui
Legal Medicine,NA,1344-6223,2026-04-01,NA,els2023crui
L'Encéphale,NA,0013-7006,2026-04-01,NA,els2023crui
Leukemia Research,NA,0145-2126,2026-04-01,NA,els2023crui
L'Évolution Psychiatrique,NA,0014-3855,2026-04-01,NA,els2023crui
Library & Information Science Research,NA,0740-8188,2026-04-01,NA,els2023crui
Life Sciences,NA,0024-3205,2026-04-01,NA,els2023crui
Life Sciences in Space Research,NA,2214-5524,2026-04-01,NA,els2023crui
Limnologica,NA,0075-9511,2026-04-01,NA,els2023crui
Linear Algebra and its Applications,NA,0024-3795,2026-04-01,NA,els2023crui
Lingua,NA,0024-3841,2026-04-01,NA,els2023crui
Linguistics and Education,NA,0898-5898,2026-04-01,NA,els2023crui
Lithos,NA,0024-4937,2026-04-01,NA,els2023crui
Livestock Science,NA,1871-1413,2026-04-01,NA,els2023crui
Long Range Planning,NA,0024-6301,2026-04-01,NA,els2023crui
Lung Cancer,NA,0169-5002,2026-04-01,NA,els2023crui
Magnetic Resonance Imaging,NA,0730-725X,2026-04-01,NA,els2023crui
Management Accounting Research,NA,1044-5005,2026-04-01,NA,els2023crui
Manufacturing Letters,NA,2213-8463,2026-04-01,NA,els2023crui
Marine Chemistry,NA,0304-4203,2026-04-01,NA,els2023crui
Marine Environmental Research,NA,0141-1136,2026-04-01,NA,els2023crui
Marine Genomics,NA,1874-7787,2026-04-01,NA,els2023crui
Marine Geology,NA,0025-3227,2026-04-01,NA,els2023crui
Marine Geoscience and Energy Resources,NA,3117-5775,2026-04-01,NA,els2023crui
Marine Micropaleontology,NA,0377-8398,2026-04-01,NA,els2023crui
Marine Policy,NA,0308-597X,2026-04-01,NA,els2023crui
Marine Pollution Bulletin,NA,0025-326X,2026-04-01,NA,els2023crui
Marine Structures,NA,0951-8339,2026-04-01,NA,els2023crui
Marketing Strategy Journal,NA,2950-3086,2026-04-01,NA,els2023crui
Materialia,NA,2589-1529,2026-04-01,NA,els2023crui
Materials Characterization,NA,1044-5803,2026-04-01,NA,els2023crui
Materials Chemistry and Physics,NA,0254-0584,2026-04-01,NA,els2023crui
Materials Chemistry and Physics: Sustainability and Energy,NA,3050-4716,2026-04-01,NA,els2023crui
Materials Letters,NA,0167-577X,2026-04-01,NA,els2023crui
Materials Research Bulletin,NA,0025-5408,2026-04-01,NA,els2023crui
Materials Science and Engineering: A,NA,0921-5093,2026-04-01,NA,els2023crui
Materials Science and Engineering: B,NA,0921-5107,2026-04-01,NA,els2023crui
Materials Science and Engineering: R: Reports,NA,0927-796X,2026-04-01,NA,els2023crui
Materials Science in Semiconductor Processing,NA,1369-8001,2026-04-01,NA,els2023crui
Materials Today,NA,1369-7021,2026-04-01,NA,els2023crui
Materials Today Chemistry,NA,2468-5194,2026-04-01,NA,els2023crui
Materials Today Energy,NA,2468-6069,2026-04-01,NA,els2023crui
Materials Today Nano,NA,2588-8420,2026-04-01,NA,els2023crui
Materials Today Physics,NA,2542-5293,2026-04-01,NA,els2023crui
Mathematical Biosciences,NA,0025-5564,2026-04-01,NA,els2023crui
Mathematical Social Sciences,NA,0165-4896,2026-04-01,NA,els2023crui
Mathematics and Computers in Simulation,NA,0378-4754,2026-04-01,NA,els2023crui
Matrix Biology,NA,0945-053X,2026-04-01,NA,els2023crui
Matter,NA,2590-2385,2026-04-01,NA,els2023crui
Maturitas,NA,0378-5122,2026-04-01,NA,els2023crui
Mayo Clinic Proceedings,NA,0025-6196,2026-04-01,NA,els2023crui
Measurement,NA,0263-2241,2026-04-01,NA,els2023crui
Meat Science,NA,0309-1740,2026-04-01,NA,els2023crui
Mechanical Systems and Signal Processing,NA,0888-3270,2026-04-01,NA,els2023crui
Mechanics of Materials,NA,0167-6636,2026-04-01,NA,els2023crui
Mechanics Research Communications,NA,0093-6413,2026-04-01,NA,els2023crui
Mechanism and Machine Theory,NA,0094-114X,2026-04-01,NA,els2023crui
Mechanisms of Ageing and Development,NA,0047-6374,2026-04-01,NA,els2023crui
Mechatronics,NA,0957-4158,2026-04-01,NA,els2023crui
Med,NA,2666-6340,2026-04-01,NA,els2023crui
Médecine & Droit,NA,1246-7391,2026-04-01,NA,els2023crui
Médecine de Catastrophe - Urgences Collectives,NA,1279-8479,2026-04-01,NA,els2023crui
Médecine des Maladies Métaboliques,NA,1957-2557,2026-04-01,NA,els2023crui
Médecine du Sommeil,NA,1769-4493,2026-04-01,NA,els2023crui
Médecine Nucléaire,NA,0928-1258,2026-04-01,NA,els2023crui
Médecine Palliative,NA,1636-6522,2026-04-01,NA,els2023crui
Medical Dosimetry,NA,0958-3947,2026-04-01,NA,els2023crui
Medical Hypotheses,NA,0306-9877,2026-04-01,NA,els2023crui
Medical Image Analysis,NA,1361-8415,2026-04-01,NA,els2023crui
Medicina Clínica,NA,0025-7753,2026-04-01,NA,els2023crui
Medicina Clínica (English Edition),NA,2387-0206,2026-04-01,NA,els2023crui
Medicina de Familia. SEMERGEN,NA,1138-3593,2026-04-01,NA,els2023crui
Medicina Intensiva,NA,0210-5691,2026-04-01,NA,els2023crui
Medicina Intensiva (English Edition),NA,2173-5727,2026-04-01,NA,els2023crui
Mental Health & Prevention,NA,2212-6570,2026-04-01,NA,els2023crui
Mental Health and Physical Activity,NA,1755-2966,2026-04-01,NA,els2023crui
Metabolic Engineering,NA,1096-7176,2026-04-01,NA,els2023crui
Metabolism,NA,0026-0495,2026-04-01,NA,els2023crui
Methods,NA,1046-2023,2026-04-01,NA,els2023crui
Micro and Nanostructures,NA,2773-0123,2026-04-01,NA,els2023crui
Microbial Pathogenesis,NA,0882-4010,2026-04-01,NA,els2023crui
Microbial Risk Analysis,NA,2352-3522,2026-04-01,NA,els2023crui
Microbiological Research,NA,0944-5013,2026-04-01,NA,els2023crui
Microchemical Journal,NA,0026-265X,2026-04-01,NA,els2023crui
Microelectronic Engineering,NA,0167-9317,2026-04-01,NA,els2023crui
Microelectronics Journal,NA,1879-2391,2026-04-01,NA,els2023crui
Microelectronics Reliability,NA,0026-2714,2026-04-01,NA,els2023crui
Micron,NA,0968-4328,2026-04-01,NA,els2023crui
Microporous and Mesoporous Materials,NA,1387-1811,2026-04-01,NA,els2023crui
Microprocessors and Microsystems,NA,0141-9331,2026-04-01,NA,els2023crui
Microvascular Research,NA,0026-2862,2026-04-01,NA,els2023crui
Midwifery,NA,0266-6138,2026-04-01,NA,els2023crui
Minerals Engineering,NA,0892-6875,2026-04-01,NA,els2023crui
Mitochondrion,NA,1567-7249,2026-04-01,NA,els2023crui
Modern Pathology,NA,0893-3952,2026-04-01,NA,els2023crui
Molecular and Biochemical Parasitology,NA,0166-6851,2026-04-01,NA,els2023crui
Molecular and Cellular Endocrinology,NA,0303-7207,2026-04-01,NA,els2023crui
Molecular and Cellular Neuroscience,NA,1044-7431,2026-04-01,NA,els2023crui
Molecular Aspects of Medicine,NA,0098-2997,2026-04-01,NA,els2023crui
Molecular Catalysis,NA,2468-8231,2026-04-01,NA,els2023crui
Molecular Cell,NA,1097-2765,2026-04-01,NA,els2023crui
Molecular Genetics and Metabolism,NA,1096-7192,2026-04-01,NA,els2023crui
Molecular Immunology,NA,0161-5890,2026-04-01,NA,els2023crui
Molecular Pharmacology,NA,0026-895X,2026-04-01,NA,els2023crui
Molecular Phylogenetics and Evolution,NA,1055-7903,2026-04-01,NA,els2023crui
Molecular Plant,NA,1674-2052,2026-04-01,NA,els2023crui
Molecular Therapy,NA,1525-0016,2026-04-01,NA,els2023crui
Morphologie,NA,1286-0115,2026-04-01,NA,els2023crui
Motricité Cérébrale,NA,0245-5919,2026-04-01,NA,els2023crui
Multiple Sclerosis and Related Disorders,NA,2211-0348,2026-04-01,NA,els2023crui
Musculoskeletal Science and Practice,NA,2468-7812,2026-04-01,NA,els2023crui
Mutation Research: Fundamental and Molecular Mechanisms of Mutagenesis,NA,1386-1964,2026-04-01,NA,els2023crui
Mutation Research: Genetic Toxicology and Environmental Mutagenesis,NA,1383-5718,2026-04-01,NA,els2023crui
Mutation Research: Reviews in Mutation Research,NA,1383-5742,2026-04-01,NA,els2023crui
Nano Communication Networks,NA,1878-7789,2026-04-01,NA,els2023crui
Nano Energy,NA,2211-2855,2026-04-01,NA,els2023crui
Nano Today,NA,1748-0132,2026-04-01,NA,els2023crui
NanoImpact,NA,2452-0748,2026-04-01,NA,els2023crui
"Nanomedicine: Nanotechnology, Biology and Medicine",NA,1549-9634,2026-04-01,NA,els2023crui
Nano-Structures & Nano-Objects,NA,2352-507X,2026-04-01,NA,els2023crui
NDT & E International,NA,0963-8695,2026-04-01,NA,els2023crui
Neural Networks,NA,0893-6080,2026-04-01,NA,els2023crui
Neurobiology of Aging,NA,0197-4580,2026-04-01,NA,els2023crui
Neurobiology of Learning and Memory,NA,1074-7427,2026-04-01,NA,els2023crui
Neurochemistry International,NA,0197-0186,2026-04-01,NA,els2023crui
Neurochirurgie,NA,0028-3770,2026-04-01,NA,els2023crui
Neurocirugía,NA,1130-1473,2026-04-01,NA,els2023crui
Neurocirugía (English Edition),NA,2529-8496,2026-04-01,NA,els2023crui
Neurocomputing,NA,0925-2312,2026-04-01,NA,els2023crui
Neuromodulation: Technology at the Neural Interface,NA,1094-7159,2026-04-01,NA,els2023crui
Neuromuscular Disorders,NA,0960-8966,2026-04-01,NA,els2023crui
Neuron,NA,0896-6273,2026-04-01,NA,els2023crui
Neuropeptides,NA,0143-4179,2026-04-01,NA,els2023crui
Neuropharmacology,NA,0028-3908,2026-04-01,NA,els2023crui
Neurophysiologie Clinique,NA,0987-7053,2026-04-01,NA,els2023crui
Neuropsychiatrie de l'Enfance et de l'Adolescence,NA,0222-9617,2026-04-01,NA,els2023crui
Neuropsychologia,NA,0028-3932,2026-04-01,NA,els2023crui
Neuroscience,NA,0306-4522,2026-04-01,NA,els2023crui
Neuroscience & Biobehavioral Reviews,NA,0149-7634,2026-04-01,NA,els2023crui
Neuroscience Letters,NA,0304-3940,2026-04-01,NA,els2023crui
NeuroToxicology,NA,0161-813X,2026-04-01,NA,els2023crui
Neurotoxicology and Teratology,NA,0892-0362,2026-04-01,NA,els2023crui
New Astronomy,NA,1384-1076,2026-04-01,NA,els2023crui
New Astronomy Reviews,NA,1387-6473,2026-04-01,NA,els2023crui
New Ideas in Psychology,NA,0732-118X,2026-04-01,NA,els2023crui
Newton,NA,2950-6360,2026-04-01,NA,els2023crui
Next Research,NA,3050-4759,2026-04-01,NA,els2023crui
Nitric Oxide,NA,1089-8603,2026-04-01,NA,els2023crui
Nonlinear Analysis,NA,0362-546X,2026-04-01,NA,els2023crui
Nonlinear Analysis: Hybrid Systems,NA,1751-570X,2026-04-01,NA,els2023crui
Nonlinear Analysis: Real World Applications,NA,1468-1218,2026-04-01,NA,els2023crui
Nonlinear Science,NA,3050-5178,2026-04-01,NA,els2023crui
NPG Neurologie - Psychiatrie - Gériatrie,NA,1627-4830,2026-04-01,NA,els2023crui
Nuclear Data Sheets,NA,0090-3752,2026-04-01,NA,els2023crui
Nuclear Engineering and Design,NA,0029-5493,2026-04-01,NA,els2023crui
"Nuclear Instruments and Methods in Physics Research Section A: Accelerators, Spectrometers, Detectors and Associated Equipment",NA,0168-9002,2026-04-01,NA,els2023crui
Nuclear Instruments and Methods in Physics Research Section B: Beam Interactions with Materials and Atoms,NA,0168-583X,2026-04-01,NA,els2023crui
Nuclear Medicine and Biology,NA,0969-8051,2026-04-01,NA,els2023crui
Nuclear Physics A,NA,0375-9474,2026-04-01,NA,els2023crui
Nurse Education in Practice,NA,1471-5953,2026-04-01,NA,els2023crui
Nurse Education Today,NA,0260-6917,2026-04-01,NA,els2023crui
Nurse Leader,NA,1541-4612,2026-04-01,NA,els2023crui
Nursing for Women's Health,NA,1751-4851,2026-04-01,NA,els2023crui
Nursing Outlook,NA,0029-6554,2026-04-01,NA,els2023crui
Nutrition,NA,0899-9007,2026-04-01,NA,els2023crui
Nutrition Clinique et Métabolisme,NA,0985-0562,2026-04-01,NA,els2023crui
Nutrition Research,NA,0271-5317,2026-04-01,NA,els2023crui
"Nutrition, Metabolism & Cardiovascular Diseases",NA,0939-4753,2026-04-01,NA,els2023crui
Obesity Medicine,NA,2451-8476,2026-04-01,NA,els2023crui
Obesity Research & Clinical Practice,NA,1871-403X,2026-04-01,NA,els2023crui
Ocean & Coastal Management,NA,0964-5691,2026-04-01,NA,els2023crui
Ocean Engineering,NA,0029-8018,2026-04-01,NA,els2023crui
Ocean Modelling,NA,1463-5003,2026-04-01,NA,els2023crui
Omega,NA,0305-0483,2026-04-01,NA,els2023crui
One Earth,NA,2590-3322,2026-04-01,NA,els2023crui
Online Social Networks and Media,NA,2468-6964,2026-04-01,NA,els2023crui
Operations Research Letters,NA,0167-6377,2026-04-01,NA,els2023crui
"Operations Research, Data Analytics and Logistics",NA,3050-7847,2026-04-01,NA,els2023crui
Operative Techniques in Orthopaedics,NA,1048-6666,2026-04-01,NA,els2023crui
Operative Techniques in Otolaryngology - Head and Neck Surgery,NA,1043-1810,2026-04-01,NA,els2023crui
Operative Techniques in Sports Medicine,NA,1060-1872,2026-04-01,NA,els2023crui
Operative Techniques in Thoracic and Cardiovascular Surgery,NA,1522-2942,2026-04-01,NA,els2023crui
Ophthalmology,NA,0161-6420,2026-04-01,NA,els2023crui
Ophthalmology Glaucoma,NA,2589-4196,2026-04-01,NA,els2023crui
Ophthalmology Retina,NA,2468-6530,2026-04-01,NA,els2023crui
Optical Fiber Technology,NA,1068-5200,2026-04-01,NA,els2023crui
Optical Materials,NA,0925-3467,2026-04-01,NA,els2023crui
Optical Switching and Networking,NA,1573-4277,2026-04-01,NA,els2023crui
Optics & Laser Technology,NA,0030-3992,2026-04-01,NA,els2023crui
Optics and Lasers in Engineering,NA,0143-8166,2026-04-01,NA,els2023crui
Optics Communications,NA,0030-4018,2026-04-01,NA,els2023crui
Optik,NA,0030-4026,2026-04-01,NA,els2023crui
Oral Oncology,NA,1368-8375,2026-04-01,NA,els2023crui
"Oral Surgery, Oral Medicine, Oral Pathology and Oral Radiology",NA,2212-4403,2026-04-01,NA,els2023crui
Ore and Energy Resource Geology,NA,2666-2612,2026-04-01,NA,els2023crui
Organic Electronics,NA,1566-1199,2026-04-01,NA,els2023crui
Organic Geochemistry,NA,0146-6380,2026-04-01,NA,els2023crui
Organizational Behavior and Human Decision Processes,NA,0749-5978,2026-04-01,NA,els2023crui
Organizational Dynamics,NA,0090-2616,2026-04-01,NA,els2023crui
Orthopaedics & Traumatology: Surgery & Research,NA,1877-0568,2026-04-01,NA,els2023crui
Osteoarthritis and Cartilage,NA,1063-4584,2026-04-01,NA,els2023crui
Osteopathische Medizin,NA,1615-9071,2026-04-01,NA,els2023crui
Pacific-Basin Finance Journal,NA,0927-538X,2026-04-01,NA,els2023crui
Paediatric Respiratory Reviews,NA,1526-0542,2026-04-01,NA,els2023crui
Pain Management Nursing,NA,1524-9042,2026-04-01,NA,els2023crui
"Palaeogeography, Palaeoclimatology, Palaeoecology",NA,0031-0182,2026-04-01,NA,els2023crui
Palaeoworld,NA,1871-174X,2026-04-01,NA,els2023crui
Pancreatology,NA,1424-3903,2026-04-01,NA,els2023crui
Parallel Computing,NA,0167-8191,2026-04-01,NA,els2023crui
Parasitology International,NA,1383-5769,2026-04-01,NA,els2023crui
Parkinsonism & Related Disorders,NA,1353-8020,2026-04-01,NA,els2023crui
Particuology,NA,1674-2001,2026-04-01,NA,els2023crui
Pathology,NA,0031-3025,2026-04-01,NA,els2023crui
Pathology - Research and Practice,NA,0344-0338,2026-04-01,NA,els2023crui
Patient Education and Counseling,NA,0738-3991,2026-04-01,NA,els2023crui
Pattern Recognition,NA,0031-3203,2026-04-01,NA,els2023crui
Pattern Recognition Letters,NA,0167-8655,2026-04-01,NA,els2023crui
Peace and Sustainability,NA,2950-6425,2026-04-01,NA,els2023crui
Pediatric Dental Journal,NA,0917-2394,2026-04-01,NA,els2023crui
Pediatric Neurology,NA,0887-8994,2026-04-01,NA,els2023crui
Pedobiologia,NA,0031-4056,2026-04-01,NA,els2023crui
Peptides,NA,0196-9781,2026-04-01,NA,els2023crui
Perfectionnement en Pédiatrie,NA,2588-932X,2026-04-01,NA,els2023crui
Performance Enhancement & Health,NA,2211-2669,2026-04-01,NA,els2023crui
Performance Evaluation,NA,0166-5316,2026-04-01,NA,els2023crui
Perioperative Care and Operating Room Management,NA,2405-6030,2026-04-01,NA,els2023crui
Personality and Individual Differences,NA,0191-8869,2026-04-01,NA,els2023crui
Personalized Medicine in Psychiatry,NA,2468-1717,2026-04-01,NA,els2023crui
"Perspectives in Plant Ecology, Evolution and Systematics",NA,1433-8319,2026-04-01,NA,els2023crui
Pervasive and Mobile Computing,NA,1574-1192,2026-04-01,NA,els2023crui
Pesticide Biochemistry and Physiology,NA,0048-3575,2026-04-01,NA,els2023crui
Pharmacological Research - Natural Products,NA,2950-1997,2026-04-01,NA,els2023crui
Pharmacological Research - Reports,NA,2950-2004,2026-04-01,NA,els2023crui
Pharmacological Reviews,NA,0031-6997,2026-04-01,NA,els2023crui
Pharmacology & Therapeutics,NA,0163-7258,2026-04-01,NA,els2023crui
Pharmacology Biochemistry and Behavior,NA,0091-3057,2026-04-01,NA,els2023crui
PharmaNutrition,NA,2213-4344,2026-04-01,NA,els2023crui
Photonics and Nanostructures - Fundamentals and Applications,NA,1569-4410,2026-04-01,NA,els2023crui
Physica A: Statistical Mechanics and its Applications,NA,0378-4371,2026-04-01,NA,els2023crui
Physica B: Condensed Matter,NA,0921-4526,2026-04-01,NA,els2023crui
Physica C: Superconductivity and its Applications,NA,0921-4534,2026-04-01,NA,els2023crui
Physica D: Nonlinear Phenomena,NA,0167-2789,2026-04-01,NA,els2023crui
Physica E: Low-Dimensional Systems and Nanostructures,NA,1386-9477,2026-04-01,NA,els2023crui
Physica Medica,NA,1120-1797,2026-04-01,NA,els2023crui
Physical Communication,NA,1874-4907,2026-04-01,NA,els2023crui
Physical Therapy in Sport,NA,1466-853X,2026-04-01,NA,els2023crui
"Physics and Chemistry of the Earth, Parts A/B/C",NA,1474-7065,2026-04-01,NA,els2023crui
Physics Letters A,NA,0375-9601,2026-04-01,NA,els2023crui
Physics of Life Reviews,NA,1571-0645,2026-04-01,NA,els2023crui
Physics of the Dark Universe,NA,2212-6864,2026-04-01,NA,els2023crui
Physics of the Earth and Planetary Interiors,NA,0031-9201,2026-04-01,NA,els2023crui
Physics Reports,NA,0370-1573,2026-04-01,NA,els2023crui
Physiological and Molecular Plant Pathology,NA,0885-5765,2026-04-01,NA,els2023crui
Physiology & Behavior,NA,0031-9384,2026-04-01,NA,els2023crui
Physiotherapy,NA,0031-9406,2026-04-01,NA,els2023crui
Phytochemistry,NA,0031-9422,2026-04-01,NA,els2023crui
Phytochemistry Letters,NA,1874-3900,2026-04-01,NA,els2023crui
Phytomedicine,NA,0944-7113,2026-04-01,NA,els2023crui
Piel,NA,0213-9251,2026-04-01,NA,els2023crui
Placenta,NA,0143-4004,2026-04-01,NA,els2023crui
Planetary and Space Science,NA,0032-0633,2026-04-01,NA,els2023crui
Plant Gene,NA,2352-4073,2026-04-01,NA,els2023crui
Plant Research,NA,3117-5821,2026-04-01,NA,els2023crui
Plant Science,NA,0168-9452,2026-04-01,NA,els2023crui
Plasmid,NA,0147-619X,2026-04-01,NA,els2023crui
Poetics,NA,0304-422X,2026-04-01,NA,els2023crui
Polar Science,NA,1873-9652,2026-04-01,NA,els2023crui
Political Geography,NA,0962-6298,2026-04-01,NA,els2023crui
Polyhedron,NA,0277-5387,2026-04-01,NA,els2023crui
Polymer,NA,0032-3861,2026-04-01,NA,els2023crui
Polymer Degradation and Stability,NA,0141-3910,2026-04-01,NA,els2023crui
Postharvest Biology and Technology,NA,0925-5214,2026-04-01,NA,els2023crui
Powder Technology,NA,0032-5910,2026-04-01,NA,els2023crui
Practical Radiation Oncology,NA,1879-8500,2026-04-01,NA,els2023crui
Pratique Neurologique - FMC,NA,1878-7762,2026-04-01,NA,els2023crui
Pratiques Psychologiques,NA,1269-1763,2026-04-01,NA,els2023crui
Precambrian Research,NA,0301-9268,2026-04-01,NA,els2023crui
Precision Engineering,NA,0141-6359,2026-04-01,NA,els2023crui
Pregnancy Hypertension,NA,2210-7789,2026-04-01,NA,els2023crui
Preventive Medicine,NA,0091-7435,2026-04-01,NA,els2023crui
Preventive Veterinary Medicine,NA,0167-5877,2026-04-01,NA,els2023crui
Primary Care Diabetes,NA,1751-9918,2026-04-01,NA,els2023crui
Probabilistic Engineering Mechanics,NA,0266-8920,2026-04-01,NA,els2023crui
Proceedings of the Combustion Institute,NA,1540-7489,2026-04-01,NA,els2023crui
Proceedings of the Geologists' Association,NA,0016-7878,2026-04-01,NA,els2023crui
Process Biochemistry,NA,1359-5113,2026-04-01,NA,els2023crui
Process Safety and Environmental Protection,NA,0957-5820,2026-04-01,NA,els2023crui
Progress in Aerospace Sciences,NA,0376-0421,2026-04-01,NA,els2023crui
Progress in Biophysics & Molecular Biology,NA,0079-6107,2026-04-01,NA,els2023crui
Progress in Cardiovascular Diseases,NA,0033-0620,2026-04-01,NA,els2023crui
Progress in Economic Geography,NA,2949-6942,2026-04-01,NA,els2023crui
Progress in Energy and Combustion Science,NA,0360-1285,2026-04-01,NA,els2023crui
Progress in Engineering Science,NA,2950-4252,2026-04-01,NA,els2023crui
Progress in Lipid Research,NA,0163-7827,2026-04-01,NA,els2023crui
Progress in Materials Science,NA,0079-6425,2026-04-01,NA,els2023crui
Progress in Natural Science: Materials International,NA,1002-0071,2026-04-01,NA,els2023crui
Progress in Neurobiology,NA,0301-0082,2026-04-01,NA,els2023crui
Progress in Neuro-Psychopharmacology & Biological Psychiatry,NA,0278-5846,2026-04-01,NA,els2023crui
Progress in Nuclear Energy,NA,0149-1970,2026-04-01,NA,els2023crui
Progress in Nuclear Magnetic Resonance Spectroscopy,NA,0079-6565,2026-04-01,NA,els2023crui
Progress in Oceanography,NA,0079-6611,2026-04-01,NA,els2023crui
Progress in Organic Coatings,NA,0300-9440,2026-04-01,NA,els2023crui
Progress in Particle and Nuclear Physics,NA,0146-6410,2026-04-01,NA,els2023crui
Progress in Pediatric Cardiology,NA,1058-9813,2026-04-01,NA,els2023crui
Progress in Planning,NA,0305-9006,2026-04-01,NA,els2023crui
Progress in Polymer Science,NA,0079-6700,2026-04-01,NA,els2023crui
Progress in Quantum Electronics,NA,0079-6727,2026-04-01,NA,els2023crui
Progress in Retinal and Eye Research,NA,1350-9462,2026-04-01,NA,els2023crui
Progress in Solid State Chemistry,NA,0079-6786,2026-04-01,NA,els2023crui
Progress in Surface Science,NA,0079-6816,2026-04-01,NA,els2023crui
Prostaglandins & Other Lipid Mediators,NA,1098-8823,2026-04-01,NA,els2023crui
"Prostaglandins, Leukotrienes & Essential Fatty Acids",NA,0952-3278,2026-04-01,NA,els2023crui
Protein Expression and Purification,NA,1046-5928,2026-04-01,NA,els2023crui
Protist,NA,1434-4610,2026-04-01,NA,els2023crui
Psiquiatría Biológica,NA,1134-5934,2026-04-01,NA,els2023crui
Psychiatry Research,NA,0165-1781,2026-04-01,NA,els2023crui
Psychiatry Research: Neuroimaging,NA,0925-4927,2026-04-01,NA,els2023crui
Psychologie du Travail et des Organisations,NA,1420-2530,2026-04-01,NA,els2023crui
Psychology of Sport and Exercise,NA,1469-0292,2026-04-01,NA,els2023crui
Psychoneuroendocrinology,NA,0306-4530,2026-04-01,NA,els2023crui
Public Health,NA,0033-3506,2026-04-01,NA,els2023crui
Public Relations Review,NA,0363-8111,2026-04-01,NA,els2023crui
Pulmonary Pharmacology & Therapeutics,NA,1094-5539,2026-04-01,NA,els2023crui
Quaternary Geochronology,NA,1871-1014,2026-04-01,NA,els2023crui
Quaternary International,NA,1040-6182,2026-04-01,NA,els2023crui
Quaternary Science Reviews,NA,0277-3791,2026-04-01,NA,els2023crui
Radiation Measurements,NA,1350-4487,2026-04-01,NA,els2023crui
Radiation Physics and Chemistry,NA,0969-806X,2026-04-01,NA,els2023crui
Radiography,NA,1078-8174,2026-04-01,NA,els2023crui
Radiología,NA,0033-8338,2026-04-01,NA,els2023crui
Radiología (English Edition),NA,2173-5107,2026-04-01,NA,els2023crui
Radiotherapy & Oncology,NA,0167-8140,2026-04-01,NA,els2023crui
Rangelands,NA,0190-0528,2026-04-01,NA,els2023crui
Reactive and Functional Polymers,NA,1381-5148,2026-04-01,NA,els2023crui
REC: CardioClinics,NA,2605-1532,2026-04-01,NA,els2023crui
Regional Science and Urban Economics,NA,0166-0462,2026-04-01,NA,els2023crui
Regional Studies in Marine Science,NA,2352-4855,2026-04-01,NA,els2023crui
Regulatory Toxicology and Pharmacology,NA,0273-2300,2026-04-01,NA,els2023crui
Rehabilitación,NA,0048-7120,2026-04-01,NA,els2023crui
Reliability Engineering & System Safety,NA,0951-8320,2026-04-01,NA,els2023crui
Remote Sensing Applications: Society and Environment,NA,2352-9385,2026-04-01,NA,els2023crui
Remote Sensing of Environment,NA,0034-4257,2026-04-01,NA,els2023crui
Renewable & Sustainable Energy Reviews,NA,1364-0321,2026-04-01,NA,els2023crui
Renewable Energy,NA,0960-1481,2026-04-01,NA,els2023crui
Renewable Energy Focus,NA,1755-0084,2026-04-01,NA,els2023crui
Reproductive Biology,NA,1642-431X,2026-04-01,NA,els2023crui
Reproductive BioMedicine Online,NA,1472-6483,2026-04-01,NA,els2023crui
Reproductive Toxicology,NA,0890-6238,2026-04-01,NA,els2023crui
Research in Autism,NA,3050-6565,2026-04-01,NA,els2023crui
Research in Developmental Disabilities,NA,0891-4222,2026-04-01,NA,els2023crui
Research in Economics,NA,1090-9443,2026-04-01,NA,els2023crui
Research in International Business and Finance,NA,0275-5319,2026-04-01,NA,els2023crui
Research in Neurodiversity,NA,3050-5798,2026-04-01,NA,els2023crui
Research in Organizational Behavior,NA,0191-3085,2026-04-01,NA,els2023crui
Research in Social and Administrative Pharmacy,NA,1551-7411,2026-04-01,NA,els2023crui
Research in Social Stratification and Mobility,NA,0276-5624,2026-04-01,NA,els2023crui
Research in Transportation Business & Management,NA,2210-5395,2026-04-01,NA,els2023crui
Research in Transportation Economics,NA,0739-8859,2026-04-01,NA,els2023crui
Research in Veterinary Science,NA,0034-5288,2026-04-01,NA,els2023crui
Research Methods in Applied Linguistics,NA,2772-7661,2026-04-01,NA,els2023crui
Research Policy,NA,0048-7333,2026-04-01,NA,els2023crui
Resource and Energy Economics,NA,0928-7655,2026-04-01,NA,els2023crui
Resources Policy,NA,0301-4207,2026-04-01,NA,els2023crui
"Resources, Conservation & Recycling",NA,0921-3449,2026-04-01,NA,els2023crui
Respiratory Investigation,NA,2212-5345,2026-04-01,NA,els2023crui
Respiratory Medicine,NA,0954-6111,2026-04-01,NA,els2023crui
Respiratory Medicine and Research,NA,2590-0412,2026-04-01,NA,els2023crui
Respiratory Physiology & Neurobiology,NA,1569-9048,2026-04-01,NA,els2023crui
Resuscitation,NA,0300-9572,2026-04-01,NA,els2023crui
Reumatología Clínica,NA,1699-258X,2026-04-01,NA,els2023crui
Reumatología Clínica (English Edition),NA,2173-5743,2026-04-01,NA,els2023crui
Review of Economic Dynamics,NA,1094-2025,2026-04-01,NA,els2023crui
Review of Palaeobotany and Palynology,NA,0034-6667,2026-04-01,NA,els2023crui
Revista Clínica Española,NA,0014-2565,2026-04-01,NA,els2023crui
Revista Clínica Española (English Edition),NA,2254-8874,2026-04-01,NA,els2023crui
Revista Colombiana de Reumatología,NA,0121-8123,2026-04-01,NA,els2023crui
Revista Colombiana de Reumatología (English Edition),NA,2444-4405,2026-04-01,NA,els2023crui
"Revista de Logopedia, Foniatría y Audiología",NA,0214-4603,2026-04-01,NA,els2023crui
Revista de Psicodidáctica,NA,1136-1034,2026-04-01,NA,els2023crui
Revista de Psicodidáctica (English Edition),NA,2530-3805,2026-04-01,NA,els2023crui
Revista de Senología y Patología Mamaria,NA,0214-1582,2026-04-01,NA,els2023crui
Revista Española de Anestesiología y Reanimación,NA,0034-9356,2026-04-01,NA,els2023crui
Revista Española de Anestesiología y Reanimación (English Edition),NA,2341-1929,2026-04-01,NA,els2023crui
Revista Española de Cardiología,NA,0300-8932,2026-04-01,NA,els2023crui
Revista Española de Cardiología (English Edition),NA,1885-5857,2026-04-01,NA,els2023crui
Revista Española de Geriatría y Gerontología,NA,0211-139X,2026-04-01,NA,els2023crui
Revista Española de Medicina Legal,NA,0377-4732,2026-04-01,NA,els2023crui
Revista Española de Medicina Nuclear e Imagen Molecular,NA,2253-654X,2026-04-01,NA,els2023crui
Revista Española de Medicina Nuclear e Imagen Molecular (English Edition),NA,2253-8089,2026-04-01,NA,els2023crui
Revista Española de Patología,NA,1699-8855,2026-04-01,NA,els2023crui
Revista Iberoamericana de Micología,NA,1130-1406,2026-04-01,NA,els2023crui
Revue de Chirurgie Orthopédique et Traumatologique,NA,1877-0517,2026-04-01,NA,els2023crui
Revue de Micropaléontologie,NA,0035-1598,2026-04-01,NA,els2023crui
Revue du Rhumatisme,NA,1169-8330,2026-04-01,NA,els2023crui
Revue Française d'Allergologie,NA,1877-0320,2026-04-01,NA,els2023crui
Revue Neurologique,NA,0035-3787,2026-04-01,NA,els2023crui
Rhizosphere,NA,2452-2198,2026-04-01,NA,els2023crui
Robotics and Autonomous Systems,NA,0921-8890,2026-04-01,NA,els2023crui
Robotics and Computer-Integrated Manufacturing,NA,0736-5845,2026-04-01,NA,els2023crui
Safety Science,NA,0925-7535,2026-04-01,NA,els2023crui
Sages-Femmes,NA,1637-4088,2026-04-01,NA,els2023crui
Scandinavian Journal of Management,NA,0956-5221,2026-04-01,NA,els2023crui
Schizophrenia Research,NA,0920-9964,2026-04-01,NA,els2023crui
Science & Justice,NA,1355-0306,2026-04-01,NA,els2023crui
Science & Sports,NA,0765-1597,2026-04-01,NA,els2023crui
Science Bulletin,NA,2095-9273,2026-04-01,NA,els2023crui
Science of Computer Programming,NA,0167-6423,2026-04-01,NA,els2023crui
Science of the Total Environment,NA,0048-9697,2026-04-01,NA,els2023crui
Scripta Materialia,NA,1359-6462,2026-04-01,NA,els2023crui
Sedimentary Geology,NA,0037-0738,2026-04-01,NA,els2023crui
Seizure: European Journal of Epilepsy,NA,1059-1311,2026-04-01,NA,els2023crui
Seminars in Arthritis and Rheumatism,NA,0049-0172,2026-04-01,NA,els2023crui
Seminars in Arthroplasty: JSES,NA,1045-4527,2026-04-01,NA,els2023crui
Seminars in Cancer Biology,NA,1044-579X,2026-04-01,NA,els2023crui
Seminars in Cell and Developmental Biology,NA,1084-9521,2026-04-01,NA,els2023crui
Seminars in Colon and Rectal Surgery,NA,1043-1489,2026-04-01,NA,els2023crui
Seminars in Diagnostic Pathology,NA,0740-2570,2026-04-01,NA,els2023crui
Seminars in Fetal & Neonatal Medicine,NA,1744-165X,2026-04-01,NA,els2023crui
Seminars in Hematology,NA,0037-1963,2026-04-01,NA,els2023crui
Seminars in Immunology,NA,1044-5323,2026-04-01,NA,els2023crui
Seminars in Nephrology,NA,0270-9295,2026-04-01,NA,els2023crui
Seminars in Nuclear Medicine,NA,0001-2998,2026-04-01,NA,els2023crui
Seminars in Oncology,NA,0093-7754,2026-04-01,NA,els2023crui
Seminars in Oncology Nursing,NA,0749-2081,2026-04-01,NA,els2023crui
Seminars in Orthodontics,NA,1073-8746,2026-04-01,NA,els2023crui
Seminars in Pediatric Neurology,NA,1071-9091,2026-04-01,NA,els2023crui
Seminars in Pediatric Surgery,NA,1055-8586,2026-04-01,NA,els2023crui
Seminars in Perinatology,NA,0146-0005,2026-04-01,NA,els2023crui
Seminars in Radiation Oncology,NA,1053-4296,2026-04-01,NA,els2023crui
Seminars in Roentgenology,NA,0037-198X,2026-04-01,NA,els2023crui
Seminars in Spine Surgery,NA,1040-7383,2026-04-01,NA,els2023crui
Seminars in Thoracic and Cardiovascular Surgery,NA,1043-0679,2026-04-01,NA,els2023crui
Seminars in Thoracic and Cardiovascular Surgery: Pediatric Cardiac Surgery Annual,NA,1092-9126,2026-04-01,NA,els2023crui
"Seminars in Ultrasound, CT and MRI",NA,0887-2171,2026-04-01,NA,els2023crui
Seminars in Vascular Surgery,NA,0895-7967,2026-04-01,NA,els2023crui
Sensors and Actuators A: Physical,NA,0924-4247,2026-04-01,NA,els2023crui
Sensors and Actuators B: Chemical,NA,0925-4005,2026-04-01,NA,els2023crui
Separation and Purification Technology,NA,1383-5866,2026-04-01,NA,els2023crui
Signal Processing,NA,0165-1684,2026-04-01,NA,els2023crui
Signal Processing: Image Communication,NA,0923-5965,2026-04-01,NA,els2023crui
Simulation Modelling Practice and Theory,NA,1569-190X,2026-04-01,NA,els2023crui
Slavic Literatures,NA,2950-3965,2026-04-01,NA,els2023crui
Sleep Health,NA,2352-7218,2026-04-01,NA,els2023crui
Sleep Medicine,NA,1389-9457,2026-04-01,NA,els2023crui
Sleep Medicine Reviews,NA,1087-0792,2026-04-01,NA,els2023crui
Small Ruminant Research,NA,0921-4488,2026-04-01,NA,els2023crui
Smart Health,NA,2352-6483,2026-04-01,NA,els2023crui
Social Networks,NA,0378-8733,2026-04-01,NA,els2023crui
Social Science & Medicine,NA,0277-9536,2026-04-01,NA,els2023crui
Social Science Research,NA,0049-089X,2026-04-01,NA,els2023crui
Socio-Economic Planning Sciences,NA,0038-0121,2026-04-01,NA,els2023crui
Soil & Tillage Research,NA,0167-1987,2026-04-01,NA,els2023crui
Soil Biology & Biochemistry,NA,0038-0717,2026-04-01,NA,els2023crui
Soil Dynamics and Earthquake Engineering,NA,0267-7261,2026-04-01,NA,els2023crui
Solar Energy,NA,0038-092X,2026-04-01,NA,els2023crui
Solar Energy Materials and Solar Cells,NA,0927-0248,2026-04-01,NA,els2023crui
Solid State Communications,NA,0038-1098,2026-04-01,NA,els2023crui
Solid State Ionics,NA,0167-2738,2026-04-01,NA,els2023crui
Solid State Nuclear Magnetic Resonance,NA,0926-2040,2026-04-01,NA,els2023crui
Solid State Sciences,NA,1293-2558,2026-04-01,NA,els2023crui
Solid-State Electronics,NA,0038-1101,2026-04-01,NA,els2023crui
South African Journal of Botany,NA,0254-6299,2026-04-01,NA,els2023crui
Space Policy,NA,0265-9646,2026-04-01,NA,els2023crui
Spanish Journal of Legal Medicine,NA,2445-4249,2026-04-01,NA,els2023crui
Spanish Journal of Psychiatry and Mental Health,NA,2950-2853,2026-04-01,NA,els2023crui
Spatial and Spatio-temporal Epidemiology,NA,1877-5845,2026-04-01,NA,els2023crui
Spatial Statistics,NA,2211-6753,2026-04-01,NA,els2023crui
Spectrochimica Acta Part A: Molecular and Biomolecular Spectroscopy,NA,1386-1425,2026-04-01,NA,els2023crui
Spectrochimica Acta Part B: Atomic Spectroscopy,NA,0584-8547,2026-04-01,NA,els2023crui
Speech Communication,NA,0167-6393,2026-04-01,NA,els2023crui
Sports Economics Review,NA,2773-1618,2026-04-01,NA,els2023crui
Sports Orthopaedics and Traumatology,NA,0949-328X,2026-04-01,NA,els2023crui
Statistics & Probability Letters,NA,0167-7152,2026-04-01,NA,els2023crui
Steroids,NA,0039-128X,2026-04-01,NA,els2023crui
Stochastic Processes and their Applications,NA,0304-4149,2026-04-01,NA,els2023crui
Strategic Business Research,NA,3051-0643,2026-04-01,NA,els2023crui
Structural Change and Economic Dynamics,NA,0954-349X,2026-04-01,NA,els2023crui
Structural Safety,NA,0167-4730,2026-04-01,NA,els2023crui
Structure,NA,0969-2126,2026-04-01,NA,els2023crui
Structures,NA,2352-0124,2026-04-01,NA,els2023crui
Studies in Educational Evaluation,NA,0191-491X,2026-04-01,NA,els2023crui
Studies in History and Philosophy of Science,NA,0039-3681,2026-04-01,NA,els2023crui
Surface and Coatings Technology,NA,0257-8972,2026-04-01,NA,els2023crui
Surface Science,NA,0039-6028,2026-04-01,NA,els2023crui
Surface Science Reports,NA,0167-5729,2026-04-01,NA,els2023crui
Surfaces and Interfaces,NA,2468-0230,2026-04-01,NA,els2023crui
Surgery,NA,0039-6060,2026-04-01,NA,els2023crui
Surgery for Obesity and Related Diseases,NA,1550-7289,2026-04-01,NA,els2023crui
Surgical Oncology,NA,0960-7404,2026-04-01,NA,els2023crui
Survey of Ophthalmology,NA,0039-6257,2026-04-01,NA,els2023crui
Sustainable Chemistry and Pharmacy,NA,2352-5541,2026-04-01,NA,els2023crui
Sustainable Chemistry One World,NA,2950-3574,2026-04-01,NA,els2023crui
Sustainable Cities and Society,NA,2210-6707,2026-04-01,NA,els2023crui
Sustainable Computing: Informatics and Systems,NA,2210-5379,2026-04-01,NA,els2023crui
Sustainable Energy Technologies and Assessments,NA,2213-1388,2026-04-01,NA,els2023crui
"Sustainable Energy, Grids and Networks",NA,2352-4677,2026-04-01,NA,els2023crui
Sustainable Materials and Technologies,NA,2214-9937,2026-04-01,NA,els2023crui
Sustainable Production and Consumption,NA,2352-5509,2026-04-01,NA,els2023crui
Swarm and Evolutionary Computation,NA,2210-6502,2026-04-01,NA,els2023crui
Synthetic Metals,NA,0379-6779,2026-04-01,NA,els2023crui
System,NA,0346-251X,2026-04-01,NA,els2023crui
Systematic and Applied Microbiology,NA,0723-2020,2026-04-01,NA,els2023crui
Systems & Control Letters,NA,0167-6911,2026-04-01,NA,els2023crui
Systems Ethnopharmacology and Sustainable Bioresources,NA,3117-5767,2026-04-01,NA,els2023crui
Talanta,NA,0039-9140,2026-04-01,NA,els2023crui
Teaching and Learning in Nursing,NA,1557-3087,2026-04-01,NA,els2023crui
Teaching and Teacher Education,NA,0742-051X,2026-04-01,NA,els2023crui
Techniques and Innovations in Gastrointestinal Endoscopy,NA,2590-0307,2026-04-01,NA,els2023crui
Techniques in Vascular and Interventional Radiology,NA,1089-2516,2026-04-01,NA,els2023crui
Technological Forecasting and Social Change,NA,0040-1625,2026-04-01,NA,els2023crui
Technology in Society,NA,0160-791X,2026-04-01,NA,els2023crui
Technovation,NA,0166-4972,2026-04-01,NA,els2023crui
Tectonophysics,NA,0040-1951,2026-04-01,NA,els2023crui
Telecommunications Policy,NA,0308-5961,2026-04-01,NA,els2023crui
Telematics and Informatics,NA,0736-5853,2026-04-01,NA,els2023crui
Tetrahedron,NA,0040-4020,2026-04-01,NA,els2023crui
Tetrahedron Letters,NA,0040-4039,2026-04-01,NA,els2023crui
The American Journal of Cardiology,NA,0002-9149,2026-04-01,NA,els2023crui
The American Journal of Clinical Nutrition,NA,0002-9165,2026-04-01,NA,els2023crui
The American Journal of Geriatric Psychiatry,NA,1064-7481,2026-04-01,NA,els2023crui
The American Journal of Human Genetics,NA,0002-9297,2026-04-01,NA,els2023crui
The American Journal of Medicine,NA,0002-9343,2026-04-01,NA,els2023crui
The American Journal of Pathology,NA,0002-9440,2026-04-01,NA,els2023crui
The American Journal of Surgery,NA,0002-9610,2026-04-01,NA,els2023crui
The American Journal of the Medical Sciences,NA,0002-9629,2026-04-01,NA,els2023crui
The Annals of Thoracic Surgery,NA,0003-4975,2026-04-01,NA,els2023crui
The Arts in Psychotherapy,NA,0197-4556,2026-04-01,NA,els2023crui
The British Accounting Review,NA,0890-8389,2026-04-01,NA,els2023crui
The Egyptian Rheumatologist,NA,1110-1164,2026-04-01,NA,els2023crui
The Electricity Journal,NA,1040-6190,2026-04-01,NA,els2023crui
The European Journal of Psychiatry,NA,0213-6163,2026-04-01,NA,els2023crui
The Extractive Industries and Society,NA,2214-790X,2026-04-01,NA,els2023crui
The Foot,NA,0958-2592,2026-04-01,NA,els2023crui
The French Journal of Urology,NA,2950-3930,2026-04-01,NA,els2023crui
The International Journal of Biochemistry & Cell Biology,NA,1357-2725,2026-04-01,NA,els2023crui
The International Journal of Management Education,NA,1472-8117,2026-04-01,NA,els2023crui
The Internet and Higher Education,NA,1096-7516,2026-04-01,NA,els2023crui
The Joint Commission Journal on Quality and Patient Safety,NA,1553-7250,2026-04-01,NA,els2023crui
The Journal for Nurse Practitioners,NA,1555-4155,2026-04-01,NA,els2023crui
The Journal of Academic Librarianship,NA,0099-1333,2026-04-01,NA,els2023crui
The Journal of Allergy and Clinical Immunology: In Practice,NA,2213-2198,2026-04-01,NA,els2023crui
The Journal of Chemical Thermodynamics,NA,0021-9614,2026-04-01,NA,els2023crui
The Journal of Economic Asymmetries,NA,1703-4949,2026-04-01,NA,els2023crui
The Journal of Emergency Medicine,NA,0736-4679,2026-04-01,NA,els2023crui
The Journal of Foot & Ankle Surgery,NA,1067-2516,2026-04-01,NA,els2023crui
The Journal of Hand Surgery,NA,0363-5023,2026-04-01,NA,els2023crui
The Journal of Heart and Lung Transplantation,NA,1053-2498,2026-04-01,NA,els2023crui
The Journal of Mathematical Behavior,NA,0732-3123,2026-04-01,NA,els2023crui
The Journal of Molecular Diagnostics,NA,1525-1578,2026-04-01,NA,els2023crui
The Journal of Nutrition,NA,0022-3166,2026-04-01,NA,els2023crui
The Journal of Nutritional Biochemistry,NA,0955-2863,2026-04-01,NA,els2023crui
The Journal of Pain,NA,1526-5900,2026-04-01,NA,els2023crui
The Journal of Pediatrics,NA,0022-3476,2026-04-01,NA,els2023crui
The Journal of Pharmacology and Experimental Therapeutics,NA,0022-3565,2026-04-01,NA,els2023crui
The Journal of Prosthetic Dentistry,NA,0022-3913,2026-04-01,NA,els2023crui
The Journal of Steroid Biochemistry and Molecular Biology,NA,0960-0760,2026-04-01,NA,els2023crui
The Journal of Strategic Information Systems,NA,0963-8687,2026-04-01,NA,els2023crui
The Journal of Supercritical Fluids,NA,0896-8446,2026-04-01,NA,els2023crui
The Journal of the American Dental Association,NA,0002-8177,2026-04-01,NA,els2023crui
The Journal of the Economics of Ageing,NA,2212-828X,2026-04-01,NA,els2023crui
The Journal of Thoracic and Cardiovascular Surgery,NA,0022-5223,2026-04-01,NA,els2023crui
The Knee,NA,0968-0160,2026-04-01,NA,els2023crui
The Leadership Quarterly,NA,1048-9843,2026-04-01,NA,els2023crui
The North American Journal of Economics and Finance,NA,1062-9408,2026-04-01,NA,els2023crui
The Ocular Surface,NA,1542-0124,2026-04-01,NA,els2023crui
The Quarterly Review of Economics and Finance,NA,1062-9769,2026-04-01,NA,els2023crui
The Spine Journal,NA,1529-9430,2026-04-01,NA,els2023crui
The Surgeon,NA,1479-666X,2026-04-01,NA,els2023crui
The Veterinary Journal,NA,1090-0233,2026-04-01,NA,els2023crui
Theoretical and Applied Fracture Mechanics,NA,0167-8442,2026-04-01,NA,els2023crui
Theoretical Computer Science,NA,0304-3975,2026-04-01,NA,els2023crui
Theoretical Population Biology,NA,0040-5809,2026-04-01,NA,els2023crui
Therapies,NA,0040-5957,2026-04-01,NA,els2023crui
Theriogenology,NA,0093-691X,2026-04-01,NA,els2023crui
Thermal Advances,NA,3050-4635,2026-04-01,NA,els2023crui
Thermochimica Acta,NA,0040-6031,2026-04-01,NA,els2023crui
Thin Solid Films,NA,0040-6090,2026-04-01,NA,els2023crui
Thinking Skills and Creativity,NA,1871-1871,2026-04-01,NA,els2023crui
Thin-Walled Structures,NA,0263-8231,2026-04-01,NA,els2023crui
Thrombosis Research,NA,0049-3848,2026-04-01,NA,els2023crui
Tissue and Cell,NA,0040-8166,2026-04-01,NA,els2023crui
Topics in Companion Animal Medicine,NA,1938-9736,2026-04-01,NA,els2023crui
Topology and its Applications,NA,0166-8641,2026-04-01,NA,els2023crui
Total Chemistry,NA,3050-581X,2026-04-01,NA,els2023crui
Total Environment Advances,NA,2950-3957,2026-04-01,NA,els2023crui
Total Environment Engineering,NA,2950-631X,2026-04-01,NA,els2023crui
Tourism Management,NA,0261-5177,2026-04-01,NA,els2023crui
Tourism Management Perspectives,NA,2211-9736,2026-04-01,NA,els2023crui
Toxicologie Analytique et Clinique,NA,2352-0078,2026-04-01,NA,els2023crui
Toxicology,NA,0300-483X,2026-04-01,NA,els2023crui
Toxicology and Applied Pharmacology,NA,0041-008X,2026-04-01,NA,els2023crui
Toxicology in Vitro,NA,0887-2333,2026-04-01,NA,els2023crui
Toxicology Letters,NA,0378-4274,2026-04-01,NA,els2023crui
Toxicon,NA,0041-0101,2026-04-01,NA,els2023crui
Transfusion and Apheresis Science,NA,1473-0502,2026-04-01,NA,els2023crui
Transfusion Clinique et Biologique,NA,1246-7820,2026-04-01,NA,els2023crui
Transfusion Medicine Reviews,NA,0887-7963,2026-04-01,NA,els2023crui
Translational Research,NA,1931-5244,2026-04-01,NA,els2023crui
Transnational Mobilities,NA,3117-5511,2026-04-01,NA,els2023crui
Transplant Immunology,NA,0966-3274,2026-04-01,NA,els2023crui
Transplantation and Cellular Therapy,NA,2666-6367,2026-04-01,NA,els2023crui
Transplantation Proceedings,NA,0041-1345,2026-04-01,NA,els2023crui
Transplantation Reviews,NA,0955-470X,2026-04-01,NA,els2023crui
Transport Policy,NA,0967-070X,2026-04-01,NA,els2023crui
Transportation Geotechnics,NA,2214-3912,2026-04-01,NA,els2023crui
Transportation Research Part A: Policy and Practice,NA,0965-8564,2026-04-01,NA,els2023crui
Transportation Research Part B: Methodological,NA,0191-2615,2026-04-01,NA,els2023crui
Transportation Research Part C: Emerging Technologies,NA,0968-090X,2026-04-01,NA,els2023crui
Transportation Research Part D: Transport and Environment,NA,1361-9209,2026-04-01,NA,els2023crui
Transportation Research Part E: Logistics and Transportation Review,NA,1366-5545,2026-04-01,NA,els2023crui
Transportation Research Part F: Traffic Psychology and Behaviour,NA,1369-8478,2026-04-01,NA,els2023crui
Travel Behaviour and Society,NA,2214-367X,2026-04-01,NA,els2023crui
Trends in Anaesthesia and Critical Care,NA,2210-8440,2026-04-01,NA,els2023crui
Trends in Analytical Chemistry,NA,0165-9936,2026-04-01,NA,els2023crui
Trends in Biochemical Sciences,NA,0968-0004,2026-04-01,NA,els2023crui
Trends in Biotechnology,NA,0167-7799,2026-04-01,NA,els2023crui
Trends in Cancer,NA,2405-8033,2026-04-01,NA,els2023crui
Trends in Cardiovascular Medicine,NA,1050-1738,2026-04-01,NA,els2023crui
Trends in Cell Biology,NA,0962-8924,2026-04-01,NA,els2023crui
Trends in Chemistry,NA,2589-5974,2026-04-01,NA,els2023crui
Trends in Cognitive Sciences,NA,1364-6613,2026-04-01,NA,els2023crui
Trends in Ecology & Evolution,NA,0169-5347,2026-04-01,NA,els2023crui
Trends in Endocrinology & Metabolism,NA,1043-2760,2026-04-01,NA,els2023crui
Trends in Environmental Analytical Chemistry,NA,2214-1588,2026-04-01,NA,els2023crui
Trends in Food Science & Technology,NA,0924-2244,2026-04-01,NA,els2023crui
Trends in Genetics,NA,0168-9525,2026-04-01,NA,els2023crui
Trends in Immunology,NA,1471-4906,2026-04-01,NA,els2023crui
Trends in Microbiology,NA,0966-842X,2026-04-01,NA,els2023crui
Trends in Molecular Medicine,NA,1471-4914,2026-04-01,NA,els2023crui
Trends in Neuroscience and Education,NA,2211-9493,2026-04-01,NA,els2023crui
Trends in Neurosciences,NA,0166-2236,2026-04-01,NA,els2023crui
Trends in Parasitology,NA,1471-4922,2026-04-01,NA,els2023crui
Trends in Pharmacological Sciences,NA,0165-6147,2026-04-01,NA,els2023crui
Trends in Plant Science,NA,1360-1385,2026-04-01,NA,els2023crui
Tribology International,NA,0301-679X,2026-04-01,NA,els2023crui
Tuberculosis,NA,1472-9792,2026-04-01,NA,els2023crui
Tunnelling and Underground Space Technology,NA,0886-7798,2026-04-01,NA,els2023crui
Ultramicroscopy,NA,0304-3991,2026-04-01,NA,els2023crui
Ultrasonics,NA,0041-624X,2026-04-01,NA,els2023crui
Ultrasound in Medicine & Biology,NA,0301-5629,2026-04-01,NA,els2023crui
Urban Climate,NA,2212-0955,2026-04-01,NA,els2023crui
Urban Forestry & Urban Greening,NA,1618-8667,2026-04-01,NA,els2023crui
Urologic Oncology: Seminars and Original Investigations,NA,1078-1439,2026-04-01,NA,els2023crui
Urology,NA,0090-4295,2026-04-01,NA,els2023crui
Utilities Policy,NA,0957-1787,2026-04-01,NA,els2023crui
Vaccine,NA,0264-410X,2026-04-01,NA,els2023crui
Vacunas,NA,1576-9887,2026-04-01,NA,els2023crui
Vacunas (English Edition),NA,2445-1460,2026-04-01,NA,els2023crui
Vacuum,NA,0042-207X,2026-04-01,NA,els2023crui
Value in Health,NA,1098-3015,2026-04-01,NA,els2023crui
Vascular Diseases,NA,3050-6581,2026-04-01,NA,els2023crui
Vascular Pharmacology,NA,1537-1891,2026-04-01,NA,els2023crui
Vehicular Communications,NA,2214-2096,2026-04-01,NA,els2023crui
Veterinary Immunology and Immunopathology,NA,0165-2427,2026-04-01,NA,els2023crui
Veterinary Microbiology,NA,0378-1135,2026-04-01,NA,els2023crui
Veterinary Parasitology,NA,0304-4017,2026-04-01,NA,els2023crui
Veterinary Parasitology: Regional Studies and Reports,NA,2405-9390,2026-04-01,NA,els2023crui
Vibrational Spectroscopy,NA,0924-2031,2026-04-01,NA,els2023crui
Virology,NA,0042-6822,2026-04-01,NA,els2023crui
Vision Research,NA,0042-6989,2026-04-01,NA,els2023crui
Visual Journal of Emergency Medicine,NA,2405-4690,2026-04-01,NA,els2023crui
Waste Management,NA,0956-053X,2026-04-01,NA,els2023crui
Water Research,NA,0043-1354,2026-04-01,NA,els2023crui
Water Security,NA,2468-3124,2026-04-01,NA,els2023crui
Wave Motion,NA,0165-2125,2026-04-01,NA,els2023crui
Wear,NA,0043-1648,2026-04-01,NA,els2023crui
Women and Birth,NA,1871-5192,2026-04-01,NA,els2023crui
Women's Health Issues,NA,1049-3867,2026-04-01,NA,els2023crui
Women's Studies International Forum,NA,0277-5395,2026-04-01,NA,els2023crui
World Development,NA,0305-750X,2026-04-01,NA,els2023crui
World Development Perspectives,NA,2452-2929,2026-04-01,NA,els2023crui
World Patent Information,NA,0172-2190,2026-04-01,NA,els2023crui
"Zeitschrift für Evidenz, Fortbildung und Qualität im Gesundheitswesen",NA,1865-9217,2026-04-01,NA,els2023crui
Zoologischer Anzeiger,NA,0044-5231,2026-04-01,NA,els2023crui
Zoology,NA,0944-2006,2026-04-01,NA,els2023crui
AACE Endocrinology and Diabetes,NA,3050-9157,2026-04-01,NA,els2023deal
aBIOTECH,NA,2662-1738,2026-04-01,NA,els2023deal
Academic Pathology,NA,2374-2895,2026-04-01,NA,els2023deal
Academic Pediatrics,NA,1876-2859,2026-04-01,NA,els2023deal
Academic Radiology,NA,1076-6332,2026-04-01,NA,els2023deal
Accident Analysis & Prevention,NA,0001-4575,2026-04-01,NA,els2023deal
Accounting Open,NA,3050-5461,2026-04-01,NA,els2023deal
"Accounting, Organizations and Society",NA,0361-3682,2026-04-01,NA,els2023deal
Acta Astronautica,NA,0094-5765,2026-04-01,NA,els2023deal
Acta Biomaterialia,NA,1742-7061,2026-04-01,NA,els2023deal
Acta Colombiana de Cuidado Intensivo,NA,0122-7262,2026-04-01,NA,els2023deal
Acta Histochemica,NA,0065-1281,2026-04-01,NA,els2023deal
Acta Materialia,NA,1359-6454,2026-04-01,NA,els2023deal
Acta Oecologica,NA,1146-609X,2026-04-01,NA,els2023deal
Acta Otorrinolaringológica (English Edition),NA,2173-5735,2026-04-01,NA,els2023deal
Acta Otorrinolaringológica Española,NA,0001-6519,2026-04-01,NA,els2023deal
Acta Pharmaceutica Sinica B,NA,2211-3835,2026-04-01,NA,els2023deal
Acta Physico-Chimica Sinica,NA,1000-6818,2026-04-01,NA,els2023deal
Acta Psychologica,NA,0001-6918,2026-04-01,NA,els2023deal
Acta Tropica,NA,0001-706X,2026-04-01,NA,els2023deal
Actas Urológicas Españolas,NA,0210-4806,2026-04-01,NA,els2023deal
Actas Urológicas Españolas (English Edition),NA,2173-5786,2026-04-01,NA,els2023deal
Ad Hoc Networks,NA,1570-8705,2026-04-01,NA,els2023deal
Addiction Neuroscience,NA,2772-3925,2026-04-01,NA,els2023deal
Addictive Behaviors,NA,0306-4603,2026-04-01,NA,els2023deal
Addictive Behaviors Reports,NA,2352-8532,2026-04-01,NA,els2023deal
Additive Manufacturing,NA,2214-8604,2026-04-01,NA,els2023deal
Additive Manufacturing Letters,NA,2772-3690,2026-04-01,NA,els2023deal
Advanced Drug Delivery Reviews,NA,0169-409X,2026-04-01,NA,els2023deal
Advanced Engineering Informatics,NA,1474-0346,2026-04-01,NA,els2023deal
Advanced Powder Technology,NA,0921-8831,2026-04-01,NA,els2023deal
Advanced Sensor and Energy Materials,NA,2773-045X,2026-04-01,NA,els2023deal
Advances in Accounting,NA,0882-6110,2026-04-01,NA,els2023deal
Advances in Applied Energy,NA,2666-7924,2026-04-01,NA,els2023deal
Advances in Applied Mathematics,NA,0196-8858,2026-04-01,NA,els2023deal
Advances in Bamboo Science,NA,2773-1391,2026-04-01,NA,els2023deal
Advances in Biological Regulation,NA,2212-4926,2026-04-01,NA,els2023deal
Advances in Business and Management Research,NA,3051-0511,2026-04-01,NA,els2023deal
Advances in Cancer Biology - Metastasis,NA,2667-3940,2026-04-01,NA,els2023deal
Advances in Colloid and Interface Science,NA,0001-8686,2026-04-01,NA,els2023deal
Advances in Engineering Software,NA,0965-9978,2026-04-01,NA,els2023deal
Advances in Industrial and Manufacturing Engineering,NA,2666-9129,2026-04-01,NA,els2023deal
Advances in Integrative Medicine,NA,2212-9588,2026-04-01,NA,els2023deal
Advances in Kidney Disease and Health,NA,2949-8139,2026-04-01,NA,els2023deal
Advances in Life Course Research,NA,1569-4909,2026-04-01,NA,els2023deal
Advances in Mathematics,NA,0001-8708,2026-04-01,NA,els2023deal
Advances in Medical Sciences,NA,1896-1126,2026-04-01,NA,els2023deal
Advances in Nutrition,NA,2161-8313,2026-04-01,NA,els2023deal
Advances in Ophthalmology Practice and Research,NA,2667-3762,2026-04-01,NA,els2023deal
Advances in Oral and Maxillofacial Surgery,NA,2667-1476,2026-04-01,NA,els2023deal
Advances in Patient-Reported Outcomes,NA,3050-6964,2026-04-01,NA,els2023deal
Advances in Radiation Oncology,NA,2452-1094,2026-04-01,NA,els2023deal
Advances in Redox Research,NA,2667-1379,2026-04-01,NA,els2023deal
Advances in Sample Preparation,NA,2772-5820,2026-04-01,NA,els2023deal
Advances in Space Research,NA,0273-1177,2026-04-01,NA,els2023deal
Advances in Water Resources,NA,0309-1708,2026-04-01,NA,els2023deal
Advancing Medical-Surgical Nursing,NA,3050-8592,2026-04-01,NA,els2023deal
Aeolian Research,NA,1875-9637,2026-04-01,NA,els2023deal
Aerospace Science and Technology,NA,1270-9638,2026-04-01,NA,els2023deal
AEÜ - International Journal of Electronics and Communications,NA,1434-8411,2026-04-01,NA,els2023deal
African Journal of Emergency Medicine,NA,2211-419X,2026-04-01,NA,els2023deal
African Transport Studies,NA,2950-1962,2026-04-01,NA,els2023deal
Ageing Research Reviews,NA,1568-1637,2026-04-01,NA,els2023deal
Aggression and Violent Behavior,NA,1359-1789,2026-04-01,NA,els2023deal
Aging and Health Research,NA,2667-0321,2026-04-01,NA,els2023deal
Aging Brain,NA,2589-9589,2026-04-01,NA,els2023deal
Agricultural and Forest Meteorology,NA,0168-1923,2026-04-01,NA,els2023deal
Agricultural Systems,NA,0308-521X,2026-04-01,NA,els2023deal
Agricultural Water Management,NA,0378-3774,2026-04-01,NA,els2023deal
"Agriculture, Ecosystems & Environment",NA,0167-8809,2026-04-01,NA,els2023deal
AI Thermal Fluids,NA,3050-5852,2026-04-01,NA,els2023deal
Ain Shams Engineering Journal,NA,2090-4479,2026-04-01,NA,els2023deal
Air Medical Journal,NA,1067-991X,2026-04-01,NA,els2023deal
AJO International,NA,2950-2535,2026-04-01,NA,els2023deal
AJO-DO Clinical Companion,NA,2666-4305,2026-04-01,NA,els2023deal
AJOG Global Reports,NA,2666-5778,2026-04-01,NA,els2023deal
AJPM Focus,NA,2773-0654,2026-04-01,NA,els2023deal
Alcohol,NA,0741-8329,2026-04-01,NA,els2023deal
Alexandria Engineering Journal,NA,1110-0168,2026-04-01,NA,els2023deal
Algal Research,NA,2211-9264,2026-04-01,NA,els2023deal
American Heart Journal,NA,0002-8703,2026-04-01,NA,els2023deal
American Heart Journal Plus: Cardiology Research and Practice,NA,2666-6022,2026-04-01,NA,els2023deal
American Journal of Emergency Medicine,NA,0735-6757,2026-04-01,NA,els2023deal
American Journal of Infection Control,NA,0196-6553,2026-04-01,NA,els2023deal
American Journal of Kidney Diseases,NA,0272-6386,2026-04-01,NA,els2023deal
American Journal of Medicine Open,NA,2667-0364,2026-04-01,NA,els2023deal
American Journal of Obstetrics & Gynecology,NA,0002-9378,2026-04-01,NA,els2023deal
American Journal of Obstetrics & Gynecology MFM,NA,2589-9333,2026-04-01,NA,els2023deal
American Journal of Ophthalmology,NA,0002-9394,2026-04-01,NA,els2023deal
American Journal of Ophthalmology Case Reports,NA,2451-9936,2026-04-01,NA,els2023deal
American Journal of Orthodontics and Dentofacial Orthopedics,NA,0889-5406,2026-04-01,NA,els2023deal
American Journal of Otolaryngology,NA,0196-0709,2026-04-01,NA,els2023deal
American Journal of Pharmaceutical Education,NA,0002-9459,2026-04-01,NA,els2023deal
American Journal of Preventive Cardiology,NA,2666-6677,2026-04-01,NA,els2023deal
American Journal of Preventive Medicine,NA,0749-3797,2026-04-01,NA,els2023deal
American Journal of Transplantation,NA,1600-6135,2026-04-01,NA,els2023deal
Ampersand,NA,2215-0390,2026-04-01,NA,els2023deal
Anaerobe,NA,1075-9964,2026-04-01,NA,els2023deal
Anaesthesia Critical Care & Pain Medicine,NA,2352-5568,2026-04-01,NA,els2023deal
Analytic Methods in Accident Research,NA,2213-6657,2026-04-01,NA,els2023deal
Analytica Chimica Acta,NA,0003-2670,2026-04-01,NA,els2023deal
Analytical Biochemistry,NA,0003-2697,2026-04-01,NA,els2023deal
Anesthésie & Réanimation,NA,2352-5800,2026-04-01,NA,els2023deal
animal,NA,1751-7311,2026-04-01,NA,els2023deal
animal - open space,NA,2772-6940,2026-04-01,NA,els2023deal
Animal Behaviour,NA,0003-3472,2026-04-01,NA,els2023deal
Animal Feed Science and Technology,NA,0377-8401,2026-04-01,NA,els2023deal
Animal Reproduction Science,NA,0378-4320,2026-04-01,NA,els2023deal
Annales de Chirurgie Plastique Esthétique,NA,0294-1260,2026-04-01,NA,els2023deal
Annales de Dermatologie et de Vénéréologie,NA,0151-9638,2026-04-01,NA,els2023deal
Annales de Paléontologie,NA,0753-3969,2026-04-01,NA,els2023deal
Annales de Pathologie,NA,0242-6498,2026-04-01,NA,els2023deal
Annales d'Endocrinologie,NA,0003-4266,2026-04-01,NA,els2023deal
Annales Françaises d'Oto-Rhino-Laryngologie et de Pathologie Cervico-Faciale,NA,1879-7261,2026-04-01,NA,els2023deal
Annales Médico-Psychologiques,NA,0003-4487,2026-04-01,NA,els2023deal
Annals of 3D Printed Medicine,NA,2666-9641,2026-04-01,NA,els2023deal
Annals of Agricultural Sciences,NA,0570-1783,2026-04-01,NA,els2023deal
"Annals of Allergy, Asthma & Immunology",NA,1081-1206,2026-04-01,NA,els2023deal
Annals of Anatomy,NA,0940-9602,2026-04-01,NA,els2023deal
Annals of Diagnostic Pathology,NA,1092-9134,2026-04-01,NA,els2023deal
Annals of Emergency Medicine,NA,0196-0644,2026-04-01,NA,els2023deal
Annals of Epidemiology,NA,1047-2797,2026-04-01,NA,els2023deal
Annals of Hepatology,NA,1665-2681,2026-04-01,NA,els2023deal
Annals of Intensive Care,NA,2110-5820,2026-04-01,NA,els2023deal
Annals of Nuclear Energy,NA,0306-4549,2026-04-01,NA,els2023deal
Annals of Oncology,NA,0923-7534,2026-04-01,NA,els2023deal
Annals of Physical and Rehabilitation Medicine,NA,1877-0657,2026-04-01,NA,els2023deal
Annals of Physics,NA,0003-4916,2026-04-01,NA,els2023deal
Annals of Pure and Applied Logic,NA,0168-0072,2026-04-01,NA,els2023deal
Annals of the Rheumatic Diseases,NA,0003-4967,2026-04-01,NA,els2023deal
Annals of Thoracic Surgery Short Reports,NA,2772-9931,2026-04-01,NA,els2023deal
Annals of Tourism Research,NA,0160-7383,2026-04-01,NA,els2023deal
Annals of Tourism Research Empirical Insights,NA,2666-9579,2026-04-01,NA,els2023deal
Annals of Vascular Surgery,NA,0890-5096,2026-04-01,NA,els2023deal
Annals of Vascular Surgery - Brief Reports and Innovations,NA,2772-6878,2026-04-01,NA,els2023deal
Annual Reviews in Control,NA,1367-5788,2026-04-01,NA,els2023deal
Anthropocene,NA,2213-3054,2026-04-01,NA,els2023deal
Antiviral Research,NA,0166-3542,2026-04-01,NA,els2023deal
Appetite,NA,0195-6663,2026-04-01,NA,els2023deal
Appetite: Disordered Eating,NA,3117-3950,2026-04-01,NA,els2023deal
Applications in Energy and Combustion Science,NA,2666-352X,2026-04-01,NA,els2023deal
Applications in Engineering Science,NA,2666-4968,2026-04-01,NA,els2023deal
Applied Acoustics,NA,0003-682X,2026-04-01,NA,els2023deal
Applied and Computational Harmonic Analysis,NA,1063-5203,2026-04-01,NA,els2023deal
Applied Animal Behaviour Science,NA,0168-1591,2026-04-01,NA,els2023deal
Applied Animal Science,NA,2590-2865,2026-04-01,NA,els2023deal
Applied Biomolecules: Bioactive Materials,NA,3117-5031,2026-04-01,NA,els2023deal
Applied Catalysis A: General,NA,0926-860X,2026-04-01,NA,els2023deal
Applied Catalysis B: Environment and Energy,NA,0926-3373,2026-04-01,NA,els2023deal
Applied Catalysis O: Open,NA,2950-6484,2026-04-01,NA,els2023deal
Applied Clay Science,NA,0169-1317,2026-04-01,NA,els2023deal
Applied Computing and Geosciences,NA,2590-1974,2026-04-01,NA,els2023deal
Applied Corpus Linguistics,NA,2666-7991,2026-04-01,NA,els2023deal
Applied Energy,NA,0306-2619,2026-04-01,NA,els2023deal
Applied Ergonomics,NA,0003-6870,2026-04-01,NA,els2023deal
Applied Food Research,NA,2772-5022,2026-04-01,NA,els2023deal
Applied Geochemistry,NA,0883-2927,2026-04-01,NA,els2023deal
Applied Geography,NA,0143-6228,2026-04-01,NA,els2023deal
Applied Materials Today,NA,2352-9407,2026-04-01,NA,els2023deal
Applied Mathematical Modelling,NA,0307-904X,2026-04-01,NA,els2023deal
Applied Mathematics and Computation,NA,0096-3003,2026-04-01,NA,els2023deal
Applied Mathematics Letters,NA,0893-9659,2026-04-01,NA,els2023deal
Applied Numerical Mathematics,NA,0168-9274,2026-04-01,NA,els2023deal
Applied Nursing Research,NA,0897-1897,2026-04-01,NA,els2023deal
Applied Ocean Research,NA,0141-1187,2026-04-01,NA,els2023deal
Applied Radiation and Isotopes,NA,0969-8043,2026-04-01,NA,els2023deal
Applied Soft Computing,NA,1568-4946,2026-04-01,NA,els2023deal
Applied Soil Ecology,NA,0929-1393,2026-04-01,NA,els2023deal
Applied Studies in Innovative Learning and Teaching,NA,3051-3243,2026-04-01,NA,els2023deal
Applied Surface Science,NA,0169-4332,2026-04-01,NA,els2023deal
Applied Surface Science Advances,NA,2666-5239,2026-04-01,NA,els2023deal
Applied Thermal Engineering,NA,1359-4311,2026-04-01,NA,els2023deal
Aquacultural Engineering,NA,0144-8609,2026-04-01,NA,els2023deal
Aquaculture,NA,0044-8486,2026-04-01,NA,els2023deal
Aquaculture Reports,NA,2352-5134,2026-04-01,NA,els2023deal
Aquatic Botany,NA,0304-3770,2026-04-01,NA,els2023deal
Aquatic Toxicology,NA,0166-445X,2026-04-01,NA,els2023deal
Arab Journal of Gastroenterology,NA,1687-1979,2026-04-01,NA,els2023deal
Archaeological Research in Asia,NA,2352-2267,2026-04-01,NA,els2023deal
Archives de Pédiatrie,NA,0929-693X,2026-04-01,NA,els2023deal
Archives des Maladies du Coeur et des Vaisseaux: Pratique,NA,1261-694X,2026-04-01,NA,els2023deal
Archives des Maladies Professionnelles et de l'Environnement,NA,1775-8785,2026-04-01,NA,els2023deal
Archives of Biochemistry and Biophysics,NA,0003-9861,2026-04-01,NA,els2023deal
Archives of Cardiovascular Diseases,NA,1875-2136,2026-04-01,NA,els2023deal
Archives of Gerontology and Geriatrics,NA,0167-4943,2026-04-01,NA,els2023deal
Archives of Gerontology and Geriatrics Plus,NA,2950-3078,2026-04-01,NA,els2023deal
Archives of Legal Medicine,NA,2950-3949,2026-04-01,NA,els2023deal
Archives of Medical Research,NA,0188-4409,2026-04-01,NA,els2023deal
Archives of Oral Biology,NA,0003-9969,2026-04-01,NA,els2023deal
Archives of Physical Medicine and Rehabilitation,NA,0003-9993,2026-04-01,NA,els2023deal
Archives of Psychiatric Nursing,NA,0883-9417,2026-04-01,NA,els2023deal
Archives of Rehabilitation Research and Clinical Translation,NA,2590-1095,2026-04-01,NA,els2023deal
Archivos de Bronconeumología,NA,0300-2896,2026-04-01,NA,els2023deal
Archivos de la Sociedad Española de Oftalmología,NA,0365-6691,2026-04-01,NA,els2023deal
Archivos de la Sociedad Española de Oftalmología (English Edition),NA,2173-5794,2026-04-01,NA,els2023deal
Array,NA,2590-0056,2026-04-01,NA,els2023deal
Arthroplasty Today,NA,2352-3441,2026-04-01,NA,els2023deal
Arthropod Structure & Development,NA,1467-8039,2026-04-01,NA,els2023deal
Artificial Intelligence,NA,0004-3702,2026-04-01,NA,els2023deal
Artificial Intelligence Chemistry,NA,2949-7477,2026-04-01,NA,els2023deal
Artificial Intelligence for Transportation,NA,3050-8606,2026-04-01,NA,els2023deal
Artificial Intelligence in Emergency Medicine,NA,3051-2883,2026-04-01,NA,els2023deal
Artificial Intelligence in Medicine,NA,0933-3657,2026-04-01,NA,els2023deal
Artificial Intelligence in the Life Sciences,NA,2667-3185,2026-04-01,NA,els2023deal
Asia and the Global Economy,NA,2667-1115,2026-04-01,NA,els2023deal
Asia Pacific Management Review,NA,1029-3132,2026-04-01,NA,els2023deal
Asian Journal of Psychiatry,NA,1876-2018,2026-04-01,NA,els2023deal
Asian Journal of Social Science,NA,1568-4849,2026-04-01,NA,els2023deal
Asian Transport Studies,NA,2185-5560,2026-04-01,NA,els2023deal
Asia-Pacific Journal of Oncology Nursing,NA,2347-5625,2026-04-01,NA,els2023deal
Asia-Pacific Journal of Ophthalmology,NA,2162-0989,2026-04-01,NA,els2023deal
Aspects of Molecular Medicine,NA,2949-6888,2026-04-01,NA,els2023deal
ASPET Discovery,NA,3050-5674,2026-04-01,NA,els2023deal
Assessing Writing,NA,1075-2935,2026-04-01,NA,els2023deal
Astronomy and Computing,NA,2213-1337,2026-04-01,NA,els2023deal
Astroparticle Physics,NA,0927-6505,2026-04-01,NA,els2023deal
Atención Primaria,NA,0212-6567,2026-04-01,NA,els2023deal
Atherosclerosis,NA,0021-9150,2026-04-01,NA,els2023deal
Atherosclerosis Plus,NA,2667-0895,2026-04-01,NA,els2023deal
Atmospheric Environment,NA,1352-2310,2026-04-01,NA,els2023deal
Atmospheric Environment: X,NA,2590-1621,2026-04-01,NA,els2023deal
Atmospheric Pollution Research,NA,1309-1042,2026-04-01,NA,els2023deal
Atmospheric Research,NA,0169-8095,2026-04-01,NA,els2023deal
Atomic Data and Nuclear Data Tables,NA,0092-640X,2026-04-01,NA,els2023deal
Auris Nasus Larynx,NA,0385-8146,2026-04-01,NA,els2023deal
Australasian Emergency Care,NA,2588-994X,2026-04-01,NA,els2023deal
Australian and New Zealand Journal of Public Health,NA,1326-0200,2026-04-01,NA,els2023deal
Australian Critical Care,NA,1036-7314,2026-04-01,NA,els2023deal
Autoimmunity Reviews,NA,1568-9972,2026-04-01,NA,els2023deal
Automatica,NA,0005-1098,2026-04-01,NA,els2023deal
Automation in Construction,NA,0926-5805,2026-04-01,NA,els2023deal
Autonomic Neuroscience: Basic and Clinical,NA,1566-0702,2026-04-01,NA,els2023deal
Bacteriophage,NA,3051-2697,2026-04-01,NA,els2023deal
Basic and Applied Ecology,NA,1439-1791,2026-04-01,NA,els2023deal
BBA Advances,NA,2667-1603,2026-04-01,NA,els2023deal
Behavior Therapy,NA,0005-7894,2026-04-01,NA,els2023deal
Behaviour Research and Therapy,NA,0005-7967,2026-04-01,NA,els2023deal
Behavioural Brain Research,NA,0166-4328,2026-04-01,NA,els2023deal
Behavioural Processes,NA,0376-6357,2026-04-01,NA,els2023deal
Best Practice & Research Clinical Anaesthesiology,NA,1521-6896,2026-04-01,NA,els2023deal
Best Practice & Research Clinical Endocrinology & Metabolism,NA,1521-690X,2026-04-01,NA,els2023deal
Best Practice & Research Clinical Gastroenterology,NA,1521-6918,2026-04-01,NA,els2023deal
Best Practice & Research Clinical Haematology,NA,1521-6926,2026-04-01,NA,els2023deal
Best Practice & Research Clinical Obstetrics & Gynaecology,NA,1521-6934,2026-04-01,NA,els2023deal
Best Practice & Research Clinical Rheumatology,NA,1521-6942,2026-04-01,NA,els2023deal
Big Data Research,NA,2214-5796,2026-04-01,NA,els2023deal
Bioactive Carbohydrates and Dietary Fibre,NA,2212-6198,2026-04-01,NA,els2023deal
Biocatalysis and Agricultural Biotechnology,NA,1878-8181,2026-04-01,NA,els2023deal
Biochemical and Biophysical Research Communications,NA,0006-291X,2026-04-01,NA,els2023deal
Biochemical Engineering Journal,NA,1369-703X,2026-04-01,NA,els2023deal
Biochemical Pharmacology,NA,0006-2952,2026-04-01,NA,els2023deal
Biochemical Systematics and Ecology,NA,0305-1978,2026-04-01,NA,els2023deal
Biochemistry and Biophysics Reports,NA,2405-5808,2026-04-01,NA,els2023deal
Biochimica et Biophysica Acta: Bioenergetics,NA,0005-2728,2026-04-01,NA,els2023deal
Biochimica et Biophysica Acta: Biomembranes,NA,0005-2736,2026-04-01,NA,els2023deal
Biochimica et Biophysica Acta: Gene Regulatory Mechanisms,NA,1874-9399,2026-04-01,NA,els2023deal
Biochimica et Biophysica Acta: General Subjects,NA,0304-4165,2026-04-01,NA,els2023deal
Biochimica et Biophysica Acta: Molecular and Cell Biology of Lipids,NA,1388-1981,2026-04-01,NA,els2023deal
Biochimica et Biophysica Acta: Molecular Basis of Disease,NA,0925-4439,2026-04-01,NA,els2023deal
Biochimica et Biophysica Acta: Molecular Cell Research,NA,0167-4889,2026-04-01,NA,els2023deal
Biochimica et Biophysica Acta: Proteins and Proteomics,NA,1570-9639,2026-04-01,NA,els2023deal
Biochimica et Biophysica Acta: Reviews on Cancer,NA,0304-419X,2026-04-01,NA,els2023deal
Biochimie,NA,0300-9084,2026-04-01,NA,els2023deal
Biocybernetics and Biomedical Engineering,NA,0208-5216,2026-04-01,NA,els2023deal
BioDesign Research,NA,2693-1257,2026-04-01,NA,els2023deal
Bioelectrochemistry,NA,1567-5394,2026-04-01,NA,els2023deal
Biofilm,NA,2590-2075,2026-04-01,NA,els2023deal
Biological Conservation,NA,0006-3207,2026-04-01,NA,els2023deal
Biological Control,NA,1049-9644,2026-04-01,NA,els2023deal
Biological Psychiatry,NA,0006-3223,2026-04-01,NA,els2023deal
Biological Psychiatry Global Open Science,NA,2667-1743,2026-04-01,NA,els2023deal
Biological Psychiatry: Cognitive Neuroscience and Neuroimaging,NA,2451-9022,2026-04-01,NA,els2023deal
Biological Psychology,NA,0301-0511,2026-04-01,NA,els2023deal
Biologicals,NA,1045-1056,2026-04-01,NA,els2023deal
Biomarkers in Neuropsychiatry,NA,2666-1446,2026-04-01,NA,els2023deal
Biomass & Bioenergy,NA,0961-9534,2026-04-01,NA,els2023deal
Biomass Futures,NA,3051-4444,2026-04-01,NA,els2023deal
Biomaterials,NA,0142-9612,2026-04-01,NA,els2023deal
Biomaterials Advances,NA,2772-9508,2026-04-01,NA,els2023deal
Biomaterials and Biosystems,NA,2666-5344,2026-04-01,NA,els2023deal
Biomaterials and Living Medicine for Pharmaceutics,NA,3117-4663,2026-04-01,NA,els2023deal
Biomedical Engineering Advances,NA,2667-0992,2026-04-01,NA,els2023deal
Biomedical Journal,NA,2319-4170,2026-04-01,NA,els2023deal
Biomedical Signal Processing and Control,NA,1746-8094,2026-04-01,NA,els2023deal
Biomedicine & Pharmacotherapy,NA,0753-3322,2026-04-01,NA,els2023deal
Bioorganic & Medicinal Chemistry,NA,0968-0896,2026-04-01,NA,els2023deal
Bioorganic & Medicinal Chemistry Letters,NA,0960-894X,2026-04-01,NA,els2023deal
Bioorganic Chemistry,NA,0045-2068,2026-04-01,NA,els2023deal
Biophysical Chemistry,NA,0301-4622,2026-04-01,NA,els2023deal
Biophysical Journal,NA,0006-3495,2026-04-01,NA,els2023deal
Biophysical Reports,NA,2667-0747,2026-04-01,NA,els2023deal
Bioprinting,NA,2405-8866,2026-04-01,NA,els2023deal
Bioresource Technology,NA,0960-8524,2026-04-01,NA,els2023deal
Bioresource Technology Reports,NA,2589-014X,2026-04-01,NA,els2023deal
Biosafety and Health,NA,2590-0536,2026-04-01,NA,els2023deal
Biosensors and Bioelectronics,NA,0956-5663,2026-04-01,NA,els2023deal
Biosensors and Bioelectronics: X,NA,2590-1370,2026-04-01,NA,els2023deal
BioSystems,NA,0303-2647,2026-04-01,NA,els2023deal
Biosystems Engineering,NA,1537-5110,2026-04-01,NA,els2023deal
Biotechnology Advances,NA,0734-9750,2026-04-01,NA,els2023deal
Biotechnology Reports,NA,2215-017X,2026-04-01,NA,els2023deal
BJA Education,NA,2058-5349,2026-04-01,NA,els2023deal
BJA Open,NA,2772-6096,2026-04-01,NA,els2023deal
"Blood Cells, Molecules and Diseases",NA,1079-9796,2026-04-01,NA,els2023deal
Blood Reviews,NA,0268-960X,2026-04-01,NA,els2023deal
Body Image,NA,1740-1445,2026-04-01,NA,els2023deal
Boletín de la Sociedad Española de Cerámica y Vidrio,NA,0366-3175,2026-04-01,NA,els2023deal
Bone,NA,8756-3282,2026-04-01,NA,els2023deal
Bone Reports,NA,2352-1872,2026-04-01,NA,els2023deal
Brachytherapy,NA,1538-4721,2026-04-01,NA,els2023deal
Brain & Development,NA,0387-7604,2026-04-01,NA,els2023deal
Brain and Cognition,NA,0278-2626,2026-04-01,NA,els2023deal
Brain and Development Case Reports,NA,2950-2217,2026-04-01,NA,els2023deal
Brain and Environment,NA,3050-5917,2026-04-01,NA,els2023deal
Brain and Language,NA,0093-934X,2026-04-01,NA,els2023deal
Brain and Spine,NA,2772-5294,2026-04-01,NA,els2023deal
Brain Behavior and Immunity Integrative,NA,2949-8341,2026-04-01,NA,els2023deal
Brain Disorders,NA,2666-4593,2026-04-01,NA,els2023deal
Brain Mechanisms,NA,3050-6425,2026-04-01,NA,els2023deal
Brain Organoid and Systems Neuroscience Journal,NA,2949-9216,2026-04-01,NA,els2023deal
Brain Research,NA,0006-8993,2026-04-01,NA,els2023deal
Brain Research Bulletin,NA,0361-9230,2026-04-01,NA,els2023deal
Brain Stimulation,NA,1935-861X,2026-04-01,NA,els2023deal
"Brain, Behavior, & Immunity - Health",NA,2666-3546,2026-04-01,NA,els2023deal
"Brain, Behavior, and Immunity",NA,0889-1591,2026-04-01,NA,els2023deal
Brazilian Journal of Otorhinolaryngology,NA,1808-8694,2026-04-01,NA,els2023deal
Brazilian Journal of Physical Therapy,NA,1413-3555,2026-04-01,NA,els2023deal
British Journal of Anaesthesia,NA,0007-0912,2026-04-01,NA,els2023deal
British Journal of Oral and Maxillofacial Surgery,NA,0266-4356,2026-04-01,NA,els2023deal
Building and Environment,NA,0360-1323,2026-04-01,NA,els2023deal
Bulletin des Sciences Mathématiques,NA,0007-4497,2026-04-01,NA,els2023deal
Bulletin du Cancer,NA,0007-4551,2026-04-01,NA,els2023deal
Burns,NA,0305-4179,2026-04-01,NA,els2023deal
Burns Open,NA,2468-9122,2026-04-01,NA,els2023deal
Business Horizons,NA,0007-6813,2026-04-01,NA,els2023deal
Cahiers de Nutrition et de Diététique,NA,0007-9960,2026-04-01,NA,els2023deal
Calphad,NA,0364-5916,2026-04-01,NA,els2023deal
Canadian Journal of Cardiology,NA,0828-282X,2026-04-01,NA,els2023deal
Canadian Journal of Diabetes,NA,1499-2671,2026-04-01,NA,els2023deal
Canadian Journal of Ophthalmology,NA,0008-4182,2026-04-01,NA,els2023deal
Cancer Cell,NA,1535-6108,2026-04-01,NA,els2023deal
Cancer Epidemiology,NA,1877-7821,2026-04-01,NA,els2023deal
Cancer Genetics,NA,2210-7762,2026-04-01,NA,els2023deal
Cancer Letters,NA,0304-3835,2026-04-01,NA,els2023deal
Cancer Neuroscience,NA,3051-3235,2026-04-01,NA,els2023deal
Cancer Pathogenesis and Therapy,NA,2949-7132,2026-04-01,NA,els2023deal
Cancer Radiothérapie,NA,1278-3218,2026-04-01,NA,els2023deal
Cancer Treatment and Research Communications,NA,2468-2942,2026-04-01,NA,els2023deal
Cancer Treatment Reviews,NA,0305-7372,2026-04-01,NA,els2023deal
Carbohydrate Polymer Technologies and Applications,NA,2666-8939,2026-04-01,NA,els2023deal
Carbohydrate Polymers,NA,0144-8617,2026-04-01,NA,els2023deal
Carbohydrate Research,NA,0008-6215,2026-04-01,NA,els2023deal
Carbon,NA,0008-6223,2026-04-01,NA,els2023deal
Carbon Capture Science & Technology,NA,2772-6568,2026-04-01,NA,els2023deal
Carbon Neutral Technologies,NA,3050-6603,2026-04-01,NA,els2023deal
Carbon Trends,NA,2667-0569,2026-04-01,NA,els2023deal
Cardiovascular Pathology,NA,1054-8807,2026-04-01,NA,els2023deal
Cardiovascular Revascularization Medicine,NA,1553-8389,2026-04-01,NA,els2023deal
Cardiovascular Revascularization Medicine: Interesting Cases,NA,2950-2756,2026-04-01,NA,els2023deal
CASE,NA,2468-6441,2026-04-01,NA,els2023deal
Case Reports in Women's Health,NA,2214-9112,2026-04-01,NA,els2023deal
Case Studies in Chemical and Environmental Engineering,NA,2666-0164,2026-04-01,NA,els2023deal
Case Studies in Construction Materials,NA,2214-5095,2026-04-01,NA,els2023deal
Case Studies in Thermal Engineering,NA,2214-157X,2026-04-01,NA,els2023deal
Case Studies on Transport Policy,NA,2213-624X,2026-04-01,NA,els2023deal
Catalysis Today,NA,0920-5861,2026-04-01,NA,els2023deal
CATENA,NA,0341-8162,2026-04-01,NA,els2023deal
Cell,NA,0092-8674,2026-04-01,NA,els2023deal
Cell Biomaterials,NA,3050-5623,2026-04-01,NA,els2023deal
Cell Calcium,NA,0143-4160,2026-04-01,NA,els2023deal
Cell Chemical Biology,NA,2451-9456,2026-04-01,NA,els2023deal
Cell Death,NA,3051-1151,2026-04-01,NA,els2023deal
Cell Genomics,NA,2666-979X,2026-04-01,NA,els2023deal
Cell Host & Microbe,NA,1931-3128,2026-04-01,NA,els2023deal
Cell Insight,NA,2772-8927,2026-04-01,NA,els2023deal
Cell Metabolism,NA,1550-4131,2026-04-01,NA,els2023deal
Cell Reports,NA,2211-1247,2026-04-01,NA,els2023deal
Cell Reports Medicine,NA,2666-3791,2026-04-01,NA,els2023deal
Cell Reports Methods,NA,2667-2375,2026-04-01,NA,els2023deal
Cell Reports Physical Science,NA,2666-3864,2026-04-01,NA,els2023deal
Cell Reports Sustainability,NA,2949-7906,2026-04-01,NA,els2023deal
Cell Stem Cell,NA,1934-5909,2026-04-01,NA,els2023deal
Cell Stress and Chaperones,NA,1355-8145,2026-04-01,NA,els2023deal
Cell Systems,NA,2405-4712,2026-04-01,NA,els2023deal
Cells & Development,NA,2667-2901,2026-04-01,NA,els2023deal
Cellular and Molecular Gastroenterology and Hepatology,NA,2352-345X,2026-04-01,NA,els2023deal
Cellular Immunology,NA,0008-8749,2026-04-01,NA,els2023deal
Cellular Signalling,NA,0898-6568,2026-04-01,NA,els2023deal
Cement,NA,2666-5492,2026-04-01,NA,els2023deal
Cement and Concrete Composites,NA,0958-9465,2026-04-01,NA,els2023deal
Cement and Concrete Research,NA,0008-8846,2026-04-01,NA,els2023deal
Ceramics International,NA,0272-8842,2026-04-01,NA,els2023deal
Cerebral Circulation - Cognition and Behavior,NA,2666-2450,2026-04-01,NA,els2023deal
"Chaos, Solitons & Fractals",NA,0960-0779,2026-04-01,NA,els2023deal
Chem,NA,2451-9294,2026-04-01,NA,els2023deal
Chem Catalysis,NA,2667-1093,2026-04-01,NA,els2023deal
Chem Circularity,NA,3051-2948,2026-04-01,NA,els2023deal
Chemical Data Collections,NA,2405-8300,2026-04-01,NA,els2023deal
Chemical Engineering and Processing - Process Intensification,NA,0255-2701,2026-04-01,NA,els2023deal
Chemical Engineering Journal,NA,1385-8947,2026-04-01,NA,els2023deal
Chemical Engineering Journal Advances,NA,2666-8211,2026-04-01,NA,els2023deal
Chemical Engineering Journal: Green and Sustainable,NA,3051-0031,2026-04-01,NA,els2023deal
Chemical Engineering Research and Design,NA,0263-8762,2026-04-01,NA,els2023deal
Chemical Engineering Science,NA,0009-2509,2026-04-01,NA,els2023deal
Chemical Geology,NA,0009-2541,2026-04-01,NA,els2023deal
Chemical Physics,NA,0301-0104,2026-04-01,NA,els2023deal
Chemical Physics Impact,NA,2667-0224,2026-04-01,NA,els2023deal
Chemical Physics Letters,NA,0009-2614,2026-04-01,NA,els2023deal
Chemical Thermodynamics and Thermal Analysis,NA,2667-3126,2026-04-01,NA,els2023deal
Chemico-Biological Interactions,NA,0009-2797,2026-04-01,NA,els2023deal
Chemistry and Physics of Lipids,NA,0009-3084,2026-04-01,NA,els2023deal
Chemistry of Inorganic Materials,NA,2949-7469,2026-04-01,NA,els2023deal
Chemometrics and Intelligent Laboratory Systems,NA,0169-7439,2026-04-01,NA,els2023deal
Chemosphere,NA,0045-6535,2026-04-01,NA,els2023deal
CHEST,NA,0012-3692,2026-04-01,NA,els2023deal
CHEST Critical Care,NA,2949-7884,2026-04-01,NA,els2023deal
CHEST Pulmonary,NA,2949-7892,2026-04-01,NA,els2023deal
Child Abuse & Neglect,NA,0145-2134,2026-04-01,NA,els2023deal
Child Protection and Practice,NA,2950-1938,2026-04-01,NA,els2023deal
Children and Youth Services Review,NA,0190-7409,2026-04-01,NA,els2023deal
China Economic Review,NA,1043-951X,2026-04-01,NA,els2023deal
Chinese Herbal Medicines,NA,1674-6384,2026-04-01,NA,els2023deal
Chinese Journal of Analytical Chemistry,NA,1872-2040,2026-04-01,NA,els2023deal
Chinese Journal of Chemical Engineering,NA,1004-9541,2026-04-01,NA,els2023deal
Chinese Journal of Physics,NA,0577-9073,2026-04-01,NA,els2023deal
Chinese Journal of Structural Chemistry,NA,0254-5861,2026-04-01,NA,els2023deal
Chinese Medical Journal Pulmonary and Critical Care Medicine,NA,2772-5588,2026-04-01,NA,els2023deal
Chip,NA,2709-4723,2026-04-01,NA,els2023deal
CIRP Annals,NA,0007-8506,2026-04-01,NA,els2023deal
CIRP Journal of Manufacturing Science and Technology,NA,1755-5817,2026-04-01,NA,els2023deal
Cirugía Española,NA,0009-739X,2026-04-01,NA,els2023deal
Cirugía Española (English edition),NA,2173-5077,2026-04-01,NA,els2023deal
Cities,NA,0264-2751,2026-04-01,NA,els2023deal
Cities: Smarter Futures,NA,3117-3764,2026-04-01,NA,els2023deal
City and Environment Interactions,NA,2590-2520,2026-04-01,NA,els2023deal
"City, Culture and Society",NA,1877-9166,2026-04-01,NA,els2023deal
CJC Open,NA,2589-790X,2026-04-01,NA,els2023deal
CJC Pediatric and Congenital Heart Disease,NA,2772-8129,2026-04-01,NA,els2023deal
Cleaner and Circular Bioeconomy,NA,2772-8013,2026-04-01,NA,els2023deal
Cleaner and Responsible Consumption,NA,2666-7843,2026-04-01,NA,els2023deal
Cleaner Chemical Engineering,NA,2772-7823,2026-04-01,NA,els2023deal
Cleaner Energy Systems,NA,2772-7831,2026-04-01,NA,els2023deal
Cleaner Engineering and Technology,NA,2666-7908,2026-04-01,NA,els2023deal
Cleaner Environmental Systems,NA,2666-7894,2026-04-01,NA,els2023deal
Cleaner Food Systems,NA,3050-8355,2026-04-01,NA,els2023deal
Cleaner Logistics and Supply Chain,NA,2772-3909,2026-04-01,NA,els2023deal
Cleaner Manufacturing,NA,3050-998X,2026-04-01,NA,els2023deal
Cleaner Materials,NA,2772-3976,2026-04-01,NA,els2023deal
Cleaner Production Letters,NA,2666-7916,2026-04-01,NA,els2023deal
Cleaner Waste Systems,NA,2772-9125,2026-04-01,NA,els2023deal
Cleaner Water,NA,2950-2632,2026-04-01,NA,els2023deal
Climate Change Ecology,NA,2666-9005,2026-04-01,NA,els2023deal
Climate Physics and Atmospheric Science: Scientific Insights and Societal Challenges,NA,3051-4088,2026-04-01,NA,els2023deal
Climate Risk Management,NA,2212-0963,2026-04-01,NA,els2023deal
Climate Services,NA,2405-8807,2026-04-01,NA,els2023deal
Clinica Chimica Acta,NA,0009-8981,2026-04-01,NA,els2023deal
Clínica e Investigación en Arteriosclerosis,NA,0214-9168,2026-04-01,NA,els2023deal
Clínica e Investigación en Arteriosclerosis (English Edition),NA,2529-9123,2026-04-01,NA,els2023deal
Clínica e Investigación en Ginecología y Obstetricia,NA,0210-573X,2026-04-01,NA,els2023deal
Clinical and Translational Radiation Oncology,NA,2405-6308,2026-04-01,NA,els2023deal
Clinical Biochemistry,NA,0009-9120,2026-04-01,NA,els2023deal
Clinical Biomechanics,NA,0268-0033,2026-04-01,NA,els2023deal
Clinical Breast Cancer,NA,1526-8209,2026-04-01,NA,els2023deal
Clinical Colorectal Cancer,NA,1533-0028,2026-04-01,NA,els2023deal
Clinical Dental Journal,NA,3117-4892,2026-04-01,NA,els2023deal
Clinical Epidemiology and Global Health,NA,2213-3984,2026-04-01,NA,els2023deal
Clinical Gastroenterology and Hepatology,NA,1542-3565,2026-04-01,NA,els2023deal
Clinical Genitourinary Cancer,NA,1558-7673,2026-04-01,NA,els2023deal
Clinical Imaging,NA,0899-7071,2026-04-01,NA,els2023deal
Clinical Immunology,NA,1521-6616,2026-04-01,NA,els2023deal
Clinical Immunology Communications,NA,2772-6134,2026-04-01,NA,els2023deal
Clinical Infection in Practice,NA,2590-1702,2026-04-01,NA,els2023deal
Clinical Lung Cancer,NA,1525-7304,2026-04-01,NA,els2023deal
"Clinical Lymphoma, Myeloma & Leukemia",NA,2152-2650,2026-04-01,NA,els2023deal
Clinical Medicine,NA,1470-2118,2026-04-01,NA,els2023deal
Clinical Microbiology and Infection,NA,1198-743X,2026-04-01,NA,els2023deal
Clinical Microbiology Newsletter,NA,0196-4399,2026-04-01,NA,els2023deal
Clinical Neurology and Neurosurgery,NA,0303-8467,2026-04-01,NA,els2023deal
Clinical Neurophysiology,NA,1388-2457,2026-04-01,NA,els2023deal
Clinical Neurophysiology Practice,NA,2467-981X,2026-04-01,NA,els2023deal
Clinical Nutrition,NA,0261-5614,2026-04-01,NA,els2023deal
Clinical Nutrition ESPEN,NA,2405-4577,2026-04-01,NA,els2023deal
Clinical Nutrition Open Science,NA,2667-2685,2026-04-01,NA,els2023deal
Clinical Oncology,NA,0936-6555,2026-04-01,NA,els2023deal
Clinical Parkinsonism & Related Disorders,NA,2590-1125,2026-04-01,NA,els2023deal
Clinical Psychology Review,NA,0272-7358,2026-04-01,NA,els2023deal
Clinical Radiology,NA,0009-9260,2026-04-01,NA,els2023deal
Clinical Simulation in Nursing,NA,1876-1399,2026-04-01,NA,els2023deal
Clinical Surgical Oncology,NA,2773-160X,2026-04-01,NA,els2023deal
Clinical Therapeutics,NA,0149-2918,2026-04-01,NA,els2023deal
Clinical Traditional Medicine and Pharmacology,NA,2097-3829,2026-04-01,NA,els2023deal
Clinics,NA,1807-5932,2026-04-01,NA,els2023deal
Clinics and Research in Hepatology and Gastroenterology,NA,2210-7401,2026-04-01,NA,els2023deal
Clinics in Dermatology,NA,0738-081X,2026-04-01,NA,els2023deal
CMI Communications,NA,2950-5909,2026-04-01,NA,els2023deal
Coacervates,NA,3117-6178,2026-04-01,NA,els2023deal
Coastal Engineering,NA,0378-3839,2026-04-01,NA,els2023deal
Cognition,NA,0010-0277,2026-04-01,NA,els2023deal
Cognitive and Behavioral Practice,NA,1077-7229,2026-04-01,NA,els2023deal
Cognitive Development,NA,0885-2014,2026-04-01,NA,els2023deal
Cognitive Psychology,NA,0010-0285,2026-04-01,NA,els2023deal
Cognitive Systems Research,NA,1389-0417,2026-04-01,NA,els2023deal
Cold Regions Science and Technology,NA,0165-232X,2026-04-01,NA,els2023deal
Collegian,NA,1322-7696,2026-04-01,NA,els2023deal
Colloid and Interface Science Communications,NA,2215-0382,2026-04-01,NA,els2023deal
Colloids and Surfaces A: Physicochemical and Engineering Aspects,NA,0927-7757,2026-04-01,NA,els2023deal
Colloids and Surfaces B: Biointerfaces,NA,0927-7765,2026-04-01,NA,els2023deal
Colloids and Surfaces C: Environmental Aspects,NA,2949-7590,2026-04-01,NA,els2023deal
Combustion and Flame,NA,0010-2180,2026-04-01,NA,els2023deal
Communications in Nonlinear Science and Numerical Simulation,NA,1007-5704,2026-04-01,NA,els2023deal
Comparative Biochemistry and Physiology - Part A: Molecular & Integrative Physiology,NA,1095-6433,2026-04-01,NA,els2023deal
Comparative Biochemistry and Physiology - Part B: Biochemistry & Molecular Biology,NA,1096-4959,2026-04-01,NA,els2023deal
Comparative Biochemistry and Physiology - Part C: Toxicology & Pharmacology,NA,1532-0456,2026-04-01,NA,els2023deal
Comparative Biochemistry and Physiology - Part D: Genomics and Proteomics,NA,1744-117X,2026-04-01,NA,els2023deal
Comparative Immunology Reports,NA,2950-3116,2026-04-01,NA,els2023deal
"Comparative Immunology, Microbiology & Infectious Diseases",NA,0147-9571,2026-04-01,NA,els2023deal
Complementary Therapies in Clinical Practice,NA,1744-3881,2026-04-01,NA,els2023deal
Complementary Therapies in Medicine,NA,0965-2299,2026-04-01,NA,els2023deal
Composite Structures,NA,0263-8223,2026-04-01,NA,els2023deal
Composites Communications,NA,2452-2139,2026-04-01,NA,els2023deal
Composites Part A: Applied Science and Manufacturing,NA,1359-835X,2026-04-01,NA,els2023deal
Composites Part B: Engineering,NA,1359-8368,2026-04-01,NA,els2023deal
Composites Part C: Open Access,NA,2666-6820,2026-04-01,NA,els2023deal
Composites Science and Technology,NA,0266-3538,2026-04-01,NA,els2023deal
Comprehensive Psychiatry,NA,0010-440X,2026-04-01,NA,els2023deal
Comprehensive Psychoneuroendocrinology,NA,2666-4976,2026-04-01,NA,els2023deal
Computational and Structural Biotechnology Reports,NA,2950-3639,2026-04-01,NA,els2023deal
Computational and Theoretical Chemistry,NA,2210-271X,2026-04-01,NA,els2023deal
Computational Biology and Chemistry,NA,1476-9271,2026-04-01,NA,els2023deal
Computational Condensed Matter,NA,2352-2143,2026-04-01,NA,els2023deal
Computational Geometry,NA,0925-7721,2026-04-01,NA,els2023deal
Computational Materials Science,NA,0927-0256,2026-04-01,NA,els2023deal
Computational Materials Today,NA,2950-4635,2026-04-01,NA,els2023deal
Computational Particle Mechanics,NA,2196-4386,2026-04-01,NA,els2023deal
Computational Statistics & Data Analysis,NA,0167-9473,2026-04-01,NA,els2023deal
Computational Toxicology,NA,2468-1113,2026-04-01,NA,els2023deal
Computer Aided Geometric Design,NA,0167-8396,2026-04-01,NA,els2023deal
Computer Communications,NA,0140-3664,2026-04-01,NA,els2023deal
Computer Law & Security Review,NA,2212-473X,2026-04-01,NA,els2023deal
Computer Methods and Programs in Biomedicine,NA,0169-2607,2026-04-01,NA,els2023deal
Computer Methods and Programs in Biomedicine Update,NA,2666-9900,2026-04-01,NA,els2023deal
Computer Methods in Applied Mechanics and Engineering,NA,0045-7825,2026-04-01,NA,els2023deal
Computer Networks,NA,1389-1286,2026-04-01,NA,els2023deal
Computer Physics Communications,NA,0010-4655,2026-04-01,NA,els2023deal
Computer Science Review,NA,1574-0137,2026-04-01,NA,els2023deal
Computer Speech and Language,NA,0885-2308,2026-04-01,NA,els2023deal
Computer Standards & Interfaces,NA,0920-5489,2026-04-01,NA,els2023deal
Computer Vision and Image Understanding,NA,1077-3142,2026-04-01,NA,els2023deal
Computer-Aided Design,NA,0010-4485,2026-04-01,NA,els2023deal
Computerized Medical Imaging and Graphics,NA,0895-6111,2026-04-01,NA,els2023deal
Computers & Chemical Engineering,NA,0098-1354,2026-04-01,NA,els2023deal
Computers & Education,NA,0360-1315,2026-04-01,NA,els2023deal
Computers & Education: X Reality,NA,2949-6780,2026-04-01,NA,els2023deal
Computers & Electrical Engineering,NA,0045-7906,2026-04-01,NA,els2023deal
Computers & Fluids,NA,0045-7930,2026-04-01,NA,els2023deal
Computers & Geosciences,NA,0098-3004,2026-04-01,NA,els2023deal
Computers & Graphics,NA,0097-8493,2026-04-01,NA,els2023deal
Computers & Industrial Engineering,NA,0360-8352,2026-04-01,NA,els2023deal
Computers & Mathematics with Applications,NA,0898-1221,2026-04-01,NA,els2023deal
Computers & Operations Research,NA,0305-0548,2026-04-01,NA,els2023deal
Computers & Security,NA,0167-4048,2026-04-01,NA,els2023deal
Computers & Structures,NA,0045-7949,2026-04-01,NA,els2023deal
Computers and Composition,NA,8755-4615,2026-04-01,NA,els2023deal
Computers and Education Open,NA,2666-5573,2026-04-01,NA,els2023deal
Computers and Education: Artificial Intelligence,NA,2666-920X,2026-04-01,NA,els2023deal
Computers and Electronics in Agriculture,NA,0168-1699,2026-04-01,NA,els2023deal
Computers and Geotechnics,NA,0266-352X,2026-04-01,NA,els2023deal
Computers in Biology and Medicine,NA,0010-4825,2026-04-01,NA,els2023deal
Computers in Human Behavior,NA,0747-5632,2026-04-01,NA,els2023deal
Computers in Human Behavior Reports,NA,2451-9588,2026-04-01,NA,els2023deal
Computers in Human Behavior: Artificial Humans,NA,2949-8821,2026-04-01,NA,els2023deal
Computers in Industry,NA,0166-3615,2026-04-01,NA,els2023deal
"Computers, Environment and Urban Systems",NA,0198-9715,2026-04-01,NA,els2023deal
Consciousness and Cognition,NA,1053-8100,2026-04-01,NA,els2023deal
Construction and Building Materials,NA,0950-0618,2026-04-01,NA,els2023deal
Construction and Building Materials in Transportation,NA,3117-650X,2026-04-01,NA,els2023deal
Contact Lens & Anterior Eye,NA,1367-0484,2026-04-01,NA,els2023deal
Contemporary Clinical Trials,NA,1551-7144,2026-04-01,NA,els2023deal
Contemporary Clinical Trials Communications,NA,2451-8654,2026-04-01,NA,els2023deal
Contemporary Educational Psychology,NA,0361-476X,2026-04-01,NA,els2023deal
Continence,NA,2772-9737,2026-04-01,NA,els2023deal
Continence Reports,NA,2772-9745,2026-04-01,NA,els2023deal
Continental Shelf Research,NA,0278-4343,2026-04-01,NA,els2023deal
Contraception,NA,0010-7824,2026-04-01,NA,els2023deal
Control Engineering Practice,NA,0967-0661,2026-04-01,NA,els2023deal
Coordination Chemistry Research,NA,2950-4864,2026-04-01,NA,els2023deal
Coordination Chemistry Reviews,NA,0010-8545,2026-04-01,NA,els2023deal
Corrosion Science,NA,0010-938X,2026-04-01,NA,els2023deal
Cortex,NA,0010-9452,2026-04-01,NA,els2023deal
Cretaceous Research,NA,0195-6671,2026-04-01,NA,els2023deal
Critical Perspectives on Accounting,NA,1045-2354,2026-04-01,NA,els2023deal
Critical Reviews in Oncology/Hematology,NA,1040-8428,2026-04-01,NA,els2023deal
Crop and Environment,NA,2773-126X,2026-04-01,NA,els2023deal
Crop Protection,NA,0261-2194,2026-04-01,NA,els2023deal
Cryobiology,NA,0011-2240,2026-04-01,NA,els2023deal
Cryogenics,NA,0011-2275,2026-04-01,NA,els2023deal
Current Applied Physics,NA,1567-1739,2026-04-01,NA,els2023deal
Current Biology,NA,0960-9822,2026-04-01,NA,els2023deal
Current Developments in Nutrition,NA,2475-2991,2026-04-01,NA,els2023deal
Current Opinion in Behavioral Sciences,NA,2352-1546,2026-04-01,NA,els2023deal
Current Opinion in Biomedical Engineering,NA,2468-4511,2026-04-01,NA,els2023deal
Current Opinion in Biotechnology,NA,0958-1669,2026-04-01,NA,els2023deal
Current Opinion in Cell Biology,NA,0955-0674,2026-04-01,NA,els2023deal
Current Opinion in Chemical Biology,NA,1367-5931,2026-04-01,NA,els2023deal
Current Opinion in Chemical Engineering,NA,2211-3398,2026-04-01,NA,els2023deal
Current Opinion in Colloid & Interface Science,NA,1359-0294,2026-04-01,NA,els2023deal
Current Opinion in Electrochemistry,NA,2451-9103,2026-04-01,NA,els2023deal
Current Opinion in Endocrine and Metabolic Research,NA,2451-9650,2026-04-01,NA,els2023deal
Current Opinion in Environmental Science & Health,NA,2468-5844,2026-04-01,NA,els2023deal
Current Opinion in Environmental Sustainability,NA,1877-3435,2026-04-01,NA,els2023deal
Current Opinion in Food Science,NA,2214-7993,2026-04-01,NA,els2023deal
Current Opinion in Genetics & Development,NA,0959-437X,2026-04-01,NA,els2023deal
Current Opinion in Green and Sustainable Chemistry,NA,2452-2236,2026-04-01,NA,els2023deal
Current Opinion in Immunology,NA,0952-7915,2026-04-01,NA,els2023deal
Current Opinion in Insect Science,NA,2214-5745,2026-04-01,NA,els2023deal
Current Opinion in Microbiology,NA,1369-5274,2026-04-01,NA,els2023deal
Current Opinion in Neurobiology,NA,0959-4388,2026-04-01,NA,els2023deal
Current Opinion in Pharmacology,NA,1471-4892,2026-04-01,NA,els2023deal
Current Opinion in Physiology,NA,2468-8673,2026-04-01,NA,els2023deal
Current Opinion in Plant Biology,NA,1369-5266,2026-04-01,NA,els2023deal
Current Opinion in Psychology,NA,2352-250X,2026-04-01,NA,els2023deal
Current Opinion in Solid State & Materials Science,NA,1359-0286,2026-04-01,NA,els2023deal
Current Opinion in Structural Biology,NA,0959-440X,2026-04-01,NA,els2023deal
Current Opinion in Systems Biology,NA,2452-3100,2026-04-01,NA,els2023deal
Current Opinion in Toxicology,NA,2468-2020,2026-04-01,NA,els2023deal
Current Opinion in Virology,NA,1879-6257,2026-04-01,NA,els2023deal
Current Plant Biology,NA,2214-6628,2026-04-01,NA,els2023deal
Current Problems in Cancer,NA,0147-0272,2026-04-01,NA,els2023deal
Current Problems in Cancer: Case Reports,NA,2666-6219,2026-04-01,NA,els2023deal
Current Problems in Cardiology,NA,0146-2806,2026-04-01,NA,els2023deal
Current Problems in Diagnostic Radiology,NA,0363-0188,2026-04-01,NA,els2023deal
Current Problems in Pediatric and Adolescent Health Care,NA,1538-5442,2026-04-01,NA,els2023deal
Current Problems in Surgery,NA,0011-3840,2026-04-01,NA,els2023deal
Current Research in Behavioral Sciences,NA,2666-5182,2026-04-01,NA,els2023deal
Current Research in Biotechnology,NA,2590-2628,2026-04-01,NA,els2023deal
Current Research in Ecological and Social Psychology,NA,2666-6227,2026-04-01,NA,els2023deal
Current Research in Environmental Sustainability,NA,2666-0490,2026-04-01,NA,els2023deal
Current Research in Food Science,NA,2665-9271,2026-04-01,NA,els2023deal
Current Research in Green and Sustainable Chemistry,NA,2666-0865,2026-04-01,NA,els2023deal
Current Research in Insect Science,NA,2666-5158,2026-04-01,NA,els2023deal
Current Research in Microbial Sciences,NA,2666-5174,2026-04-01,NA,els2023deal
Current Research in Neurobiology,NA,2665-945X,2026-04-01,NA,els2023deal
Current Research in Parasitology and Vector-Borne Diseases,NA,2667-114X,2026-04-01,NA,els2023deal
Current Research in Pharmacology and Drug Discovery,NA,2590-2571,2026-04-01,NA,els2023deal
Current Research in Physiology,NA,2665-9441,2026-04-01,NA,els2023deal
Current Research in Structural Biology,NA,2665-928X,2026-04-01,NA,els2023deal
Current Research in Toxicology,NA,2666-027X,2026-04-01,NA,els2023deal
Current Research in Translational Medicine,NA,2452-3186,2026-04-01,NA,els2023deal
Current Therapeutic Research,NA,0011-393X,2026-04-01,NA,els2023deal
Currents in Pharmacy Teaching and Learning,NA,1877-1297,2026-04-01,NA,els2023deal
Cytokine,NA,1043-4666,2026-04-01,NA,els2023deal
Cytokine & Growth Factor Reviews,NA,1359-6101,2026-04-01,NA,els2023deal
Cytotherapy,NA,1465-3249,2026-04-01,NA,els2023deal
Data & Knowledge Engineering,NA,0169-023X,2026-04-01,NA,els2023deal
Data in Brief,NA,2352-3409,2026-04-01,NA,els2023deal
DeCarbon,NA,2949-8813,2026-04-01,NA,els2023deal
Decision Analytics Journal,NA,2772-6622,2026-04-01,NA,els2023deal
Decision Support Systems,NA,0167-9236,2026-04-01,NA,els2023deal
Deep Brain Stimulation,NA,2949-6691,2026-04-01,NA,els2023deal
Deep-Sea Research Part I: Oceanographic Research Papers,NA,0967-0637,2026-04-01,NA,els2023deal
Deep-Sea Research Part II: Topical Studies in Oceanography,NA,0967-0645,2026-04-01,NA,els2023deal
Dendrochronologia,NA,1125-7865,2026-04-01,NA,els2023deal
Dental Materials,NA,0109-5641,2026-04-01,NA,els2023deal
Dentistry Review,NA,2772-5596,2026-04-01,NA,els2023deal
Desalination,NA,0011-9164,2026-04-01,NA,els2023deal
Desalination and Water Treatment,NA,1944-3986,2026-04-01,NA,els2023deal
Design Studies,NA,0142-694X,2026-04-01,NA,els2023deal
Development and Sustainability in Economics and Finance,NA,2950-5240,2026-04-01,NA,els2023deal
Developmental & Comparative Immunology,NA,0145-305X,2026-04-01,NA,els2023deal
Developmental Biology,NA,0012-1606,2026-04-01,NA,els2023deal
Developmental Cell,NA,1534-5807,2026-04-01,NA,els2023deal
Developmental Cognitive Neuroscience,NA,1878-9293,2026-04-01,NA,els2023deal
Developmental Review,NA,0273-2297,2026-04-01,NA,els2023deal
Developments in the Built Environment,NA,2666-1659,2026-04-01,NA,els2023deal
Device,NA,2666-9986,2026-04-01,NA,els2023deal
Diabetes & Metabolic Syndrome: Clinical Research & Reviews,NA,1871-4021,2026-04-01,NA,els2023deal
Diabetes & Metabolism,NA,1262-3636,2026-04-01,NA,els2023deal
Diabetes Epidemiology and Management,NA,2666-9706,2026-04-01,NA,els2023deal
Diabetes Research and Clinical Practice,NA,0168-8227,2026-04-01,NA,els2023deal
Diagnostic and Interventional Imaging,NA,2211-5684,2026-04-01,NA,els2023deal
Diagnostic Microbiology and Infectious Disease,NA,0732-8893,2026-04-01,NA,els2023deal
Dialogues in Health,NA,2772-6533,2026-04-01,NA,els2023deal
Diamond and Related Materials,NA,0925-9635,2026-04-01,NA,els2023deal
Differential Geometry and its Applications,NA,0926-2245,2026-04-01,NA,els2023deal
Differentiation,NA,0301-4681,2026-04-01,NA,els2023deal
Digestive and Liver Disease,NA,1590-8658,2026-04-01,NA,els2023deal
Digital Applications in Archaeology and Cultural Heritage,NA,2212-0548,2026-04-01,NA,els2023deal
Digital Business,NA,2666-9544,2026-04-01,NA,els2023deal
Digital Chemical Engineering,NA,2772-5081,2026-04-01,NA,els2023deal
Digital Dentistry Journal,NA,2950-6433,2026-04-01,NA,els2023deal
Digital Engineering,NA,2950-550X,2026-04-01,NA,els2023deal
Digital Geography and Society,NA,2666-3783,2026-04-01,NA,els2023deal
Digital Signal Processing,NA,1051-2004,2026-04-01,NA,els2023deal
Disability and Health Journal,NA,1936-6574,2026-04-01,NA,els2023deal
"Discourse, Context & Media",NA,2211-6958,2026-04-01,NA,els2023deal
Discrete Applied Mathematics,NA,0166-218X,2026-04-01,NA,els2023deal
Discrete Mathematics,NA,0012-365X,2026-04-01,NA,els2023deal
Discrete Optimization,NA,1572-5286,2026-04-01,NA,els2023deal
Disease and Therapeutics,NA,3050-9998,2026-04-01,NA,els2023deal
Disease-A-Month,NA,0011-5029,2026-04-01,NA,els2023deal
Displays,NA,0141-9382,2026-04-01,NA,els2023deal
DNA Repair,NA,1568-7864,2026-04-01,NA,els2023deal
Domestic Animal Endocrinology,NA,0739-7240,2026-04-01,NA,els2023deal
Douleurs,NA,1624-5687,2026-04-01,NA,els2023deal
Drug and Alcohol Dependence,NA,0376-8716,2026-04-01,NA,els2023deal
Drug and Alcohol Dependence Reports,NA,2772-7246,2026-04-01,NA,els2023deal
Drug Discovery Today,NA,1359-6446,2026-04-01,NA,els2023deal
Drug Metabolism and Disposition,NA,0090-9556,2026-04-01,NA,els2023deal
Drug Metabolism and Pharmacokinetics,NA,1347-4367,2026-04-01,NA,els2023deal
Drug Resistance Updates,NA,1368-7646,2026-04-01,NA,els2023deal
Dyes and Pigments,NA,0143-7208,2026-04-01,NA,els2023deal
Dynamics of Atmospheres and Oceans,NA,0377-0265,2026-04-01,NA,els2023deal
EANM Innovation,NA,3051-2913,2026-04-01,NA,els2023deal
Early Childhood Research Quarterly,NA,0885-2006,2026-04-01,NA,els2023deal
Early Human Development,NA,0378-3782,2026-04-01,NA,els2023deal
Earth and Planetary Science Letters,NA,0012-821X,2026-04-01,NA,els2023deal
Earth History and Biodiversity,NA,2950-4759,2026-04-01,NA,els2023deal
Earth System,NA,3051-3111,2026-04-01,NA,els2023deal
Earth System Governance,NA,2589-8116,2026-04-01,NA,els2023deal
Earth-Science Reviews,NA,0012-8252,2026-04-01,NA,els2023deal
Eating Behaviors,NA,1471-0153,2026-04-01,NA,els2023deal
eBioMedicine,NA,2352-3964,2026-04-01,NA,els2023deal
eClinicalMedicine,NA,2589-5370,2026-04-01,NA,els2023deal
Ecohydrology & Hydrobiology,NA,1642-3593,2026-04-01,NA,els2023deal
Ecological Complexity,NA,1476-945X,2026-04-01,NA,els2023deal
Ecological Economics,NA,0921-8009,2026-04-01,NA,els2023deal
Ecological Engineering,NA,0925-8574,2026-04-01,NA,els2023deal
Ecological Frontiers,NA,2950-5097,2026-04-01,NA,els2023deal
Ecological Genetics and Genomics,NA,2405-9854,2026-04-01,NA,els2023deal
Ecological Indicators,NA,1470-160X,2026-04-01,NA,els2023deal
Ecological Informatics,NA,1574-9541,2026-04-01,NA,els2023deal
Ecological Modelling,NA,0304-3800,2026-04-01,NA,els2023deal
Econometrics and Statistics,NA,2452-3062,2026-04-01,NA,els2023deal
Economic Analysis and Policy,NA,0313-5926,2026-04-01,NA,els2023deal
Economic Modelling,NA,0264-9993,2026-04-01,NA,els2023deal
Economic Systems,NA,0939-3625,2026-04-01,NA,els2023deal
Economics & Human Biology,NA,1570-677X,2026-04-01,NA,els2023deal
Economics Letters,NA,0165-1765,2026-04-01,NA,els2023deal
Economics of Education Review,NA,0272-7757,2026-04-01,NA,els2023deal
Economics of Transportation,NA,2212-0122,2026-04-01,NA,els2023deal
Ecosystem Services,NA,2212-0416,2026-04-01,NA,els2023deal
Ecotoxicology and Environmental Safety,NA,0147-6513,2026-04-01,NA,els2023deal
Educación Médica,NA,1575-1813,2026-04-01,NA,els2023deal
Education for Chemical Engineers,NA,1749-7728,2026-04-01,NA,els2023deal
Educational Research Review,NA,1747-938X,2026-04-01,NA,els2023deal
Egyptian Informatics Journal,NA,1110-8665,2026-04-01,NA,els2023deal
Egyptian Journal of Aquatic Research,NA,1687-4285,2026-04-01,NA,els2023deal
EJC Paediatric Oncology,NA,2772-610X,2026-04-01,NA,els2023deal
EJC Skin Cancer,NA,2772-6118,2026-04-01,NA,els2023deal
EJVES Vascular Forum,NA,2666-688X,2026-04-01,NA,els2023deal
Electoral Studies,NA,0261-3794,2026-04-01,NA,els2023deal
Electric Power Systems Research,NA,0378-7796,2026-04-01,NA,els2023deal
Electrochemistry Communications,NA,1388-2481,2026-04-01,NA,els2023deal
Electrochimica Acta,NA,0013-4686,2026-04-01,NA,els2023deal
Electronic Commerce Research and Applications,NA,1567-4223,2026-04-01,NA,els2023deal
Electronic Journal of Biotechnology,NA,0717-3458,2026-04-01,NA,els2023deal
Emerging Markets Review,NA,1566-0141,2026-04-01,NA,els2023deal
"Emerging Trends in Drugs, Addictions, and Health",NA,2667-1182,2026-04-01,NA,els2023deal
"Emotion, Space and Society",NA,1755-4586,2026-04-01,NA,els2023deal
Endeavour,NA,0160-9327,2026-04-01,NA,els2023deal
Endocrine and Metabolic Science,NA,2666-3961,2026-04-01,NA,els2023deal
Endocrine Practice,NA,1530-891X,2026-04-01,NA,els2023deal
"Endocrinología, Diabetes y Nutrición",NA,2530-0164,2026-04-01,NA,els2023deal
"Endocrinología, Diabetes y Nutrición (English Edition)",NA,2530-0180,2026-04-01,NA,els2023deal
Energy,NA,0360-5442,2026-04-01,NA,els2023deal
Energy 360,NA,2950-4872,2026-04-01,NA,els2023deal
Energy and AI,NA,2666-5468,2026-04-01,NA,els2023deal
Energy and Buildings,NA,0378-7788,2026-04-01,NA,els2023deal
Energy and Climate Change,NA,2666-2787,2026-04-01,NA,els2023deal
Energy Conversion and Management,NA,0196-8904,2026-04-01,NA,els2023deal
Energy Conversion and Management: X,NA,2590-1745,2026-04-01,NA,els2023deal
Energy Economics,NA,0140-9883,2026-04-01,NA,els2023deal
Energy Efficiency First,NA,2950-1563,2026-04-01,NA,els2023deal
Energy for Sustainable Development,NA,0973-0826,2026-04-01,NA,els2023deal
Energy Nexus,NA,2772-4271,2026-04-01,NA,els2023deal
Energy Policy,NA,0301-4215,2026-04-01,NA,els2023deal
Energy Reports,NA,2352-4847,2026-04-01,NA,els2023deal
Energy Research & Social Science,NA,2214-6296,2026-04-01,NA,els2023deal
Energy Reviews,NA,2772-9702,2026-04-01,NA,els2023deal
Energy Storage Materials,NA,2405-8297,2026-04-01,NA,els2023deal
Energy Strategy Reviews,NA,2211-467X,2026-04-01,NA,els2023deal
EnergyChem,NA,2589-7780,2026-04-01,NA,els2023deal
eNeurologicalSci,NA,2405-6502,2026-04-01,NA,els2023deal
Enfermedades Infecciosas y Microbiología Clínica,NA,0213-005X,2026-04-01,NA,els2023deal
Enfermedades Infecciosas y Microbiología Clínica (English Edition),NA,2529-993X,2026-04-01,NA,els2023deal
Enfermería Clínica,NA,1130-8621,2026-04-01,NA,els2023deal
Enfermería Clínica (English Edition),NA,2445-1479,2026-04-01,NA,els2023deal
Enfermería intensiva,NA,1130-2399,2026-04-01,NA,els2023deal
Enfermería Intensiva (English Edition),NA,2529-9840,2026-04-01,NA,els2023deal
Engineering,NA,2095-8099,2026-04-01,NA,els2023deal
Engineering Analysis with Boundary Elements,NA,0955-7997,2026-04-01,NA,els2023deal
Engineering Applications of Artificial Intelligence,NA,0952-1976,2026-04-01,NA,els2023deal
Engineering Failure Analysis,NA,1350-6307,2026-04-01,NA,els2023deal
Engineering Fracture Mechanics,NA,0013-7944,2026-04-01,NA,els2023deal
Engineering Geology,NA,0013-7952,2026-04-01,NA,els2023deal
"Engineering Science and Technology, an International Journal",NA,2215-0986,2026-04-01,NA,els2023deal
Engineering Structures,NA,0141-0296,2026-04-01,NA,els2023deal
English for Specific Purposes,NA,0889-4906,2026-04-01,NA,els2023deal
Entertainment Computing,NA,1875-9521,2026-04-01,NA,els2023deal
Environment International,NA,0160-4120,2026-04-01,NA,els2023deal
Environmental Advances,NA,2666-7657,2026-04-01,NA,els2023deal
Environmental and Experimental Botany,NA,0098-8472,2026-04-01,NA,els2023deal
Environmental and Sustainability Indicators,NA,2665-9727,2026-04-01,NA,els2023deal
Environmental Challenges,NA,2667-0100,2026-04-01,NA,els2023deal
Environmental Development,NA,2211-4645,2026-04-01,NA,els2023deal
Environmental Impact Assessment Review,NA,0195-9255,2026-04-01,NA,els2023deal
Environmental Innovation and Societal Transitions,NA,2210-4224,2026-04-01,NA,els2023deal
Environmental Management: Economics and Policy,NA,3117-325X,2026-04-01,NA,els2023deal
Environmental Management: Emerging Contaminants,NA,3117-5929,2026-04-01,NA,els2023deal
Environmental Management: Engineering and Technology,NA,3117-3268,2026-04-01,NA,els2023deal
Environmental Management: Smart Solutions,NA,3117-6496,2026-04-01,NA,els2023deal
Environmental Modelling & Software,NA,1364-8152,2026-04-01,NA,els2023deal
"Environmental Nanotechnology, Monitoring and Management",NA,2215-1532,2026-04-01,NA,els2023deal
Environmental Nexus,NA,3050-9890,2026-04-01,NA,els2023deal
Environmental Pollution,NA,0269-7491,2026-04-01,NA,els2023deal
Environmental Research,NA,0013-9351,2026-04-01,NA,els2023deal
Environmental Science & Policy,NA,1462-9011,2026-04-01,NA,els2023deal
Environmental Science and Ecotechnology,NA,2666-4984,2026-04-01,NA,els2023deal
Environmental Technology & Innovation,NA,2352-1864,2026-04-01,NA,els2023deal
Environmental Toxicology and Pharmacology,NA,1382-6689,2026-04-01,NA,els2023deal
Enzyme and Microbial Technology,NA,0141-0229,2026-04-01,NA,els2023deal
Epidemics,NA,1755-4365,2026-04-01,NA,els2023deal
Epilepsy & Behavior,NA,1525-5050,2026-04-01,NA,els2023deal
Epilepsy & Behavior Reports,NA,2589-9864,2026-04-01,NA,els2023deal
Epilepsy Research,NA,0920-1211,2026-04-01,NA,els2023deal
"e-Prime – Nexus of Electrical, Electronic, and Intelligent Engineering",NA,2772-6711,2026-04-01,NA,els2023deal
Equity Neuroscience,NA,3050-8401,2026-04-01,NA,els2023deal
ESMO Gastrointestinal Oncology,NA,2949-8198,2026-04-01,NA,els2023deal
ESMO Open,NA,2059-7029,2026-04-01,NA,els2023deal
ESMO Rare Cancers,NA,3050-4619,2026-04-01,NA,els2023deal
ESMO Real World Data and Digital Oncology,NA,2949-8201,2026-04-01,NA,els2023deal
"Estuarine, Coastal and Shelf Science",NA,0272-7714,2026-04-01,NA,els2023deal
"Ethics, Medicine & Public Health",NA,2352-5525,2026-04-01,NA,els2023deal
Éthique & Santé,NA,1765-4629,2026-04-01,NA,els2023deal
eTransportation,NA,2590-1168,2026-04-01,NA,els2023deal
EULAR Rheumatology Open,NA,3050-7081,2026-04-01,NA,els2023deal
EURO Journal on Computational Optimization,NA,2192-4406,2026-04-01,NA,els2023deal
EURO Journal on Decision Processes,NA,2193-9438,2026-04-01,NA,els2023deal
EURO Journal on Transportation and Logistics,NA,2192-4376,2026-04-01,NA,els2023deal
"European Annals of Otorhinolaryngology, Head and Neck Diseases",NA,1879-7296,2026-04-01,NA,els2023deal
European Economic Review,NA,0014-2921,2026-04-01,NA,els2023deal
European Journal of Agronomy,NA,1161-0301,2026-04-01,NA,els2023deal
European Journal of Cancer,NA,0959-8049,2026-04-01,NA,els2023deal
European Journal of Cell Biology,NA,0171-9335,2026-04-01,NA,els2023deal
European Journal of Combinatorics,NA,0195-6698,2026-04-01,NA,els2023deal
European Journal of Control,NA,0947-3580,2026-04-01,NA,els2023deal
European Journal of Integrative Medicine,NA,1876-3820,2026-04-01,NA,els2023deal
European Journal of Internal Medicine,NA,0953-6205,2026-04-01,NA,els2023deal
European Journal of Mechanics - A/Solids,NA,0997-7538,2026-04-01,NA,els2023deal
European Journal of Mechanics - B/Fluids,NA,0997-7546,2026-04-01,NA,els2023deal
European Journal of Medical Genetics,NA,1769-7212,2026-04-01,NA,els2023deal
European Journal of Medicinal Chemistry,NA,0223-5234,2026-04-01,NA,els2023deal
European Journal of Medicinal Chemistry Reports,NA,2772-4174,2026-04-01,NA,els2023deal
European Journal of Obstetrics & Gynecology and Reproductive Biology,NA,0301-2115,2026-04-01,NA,els2023deal
European Journal of Obstetrics & Gynecology and Reproductive Biology: X,NA,2590-1613,2026-04-01,NA,els2023deal
European Journal of Oncology Nursing,NA,1462-3889,2026-04-01,NA,els2023deal
European Journal of Operational Research,NA,0377-2217,2026-04-01,NA,els2023deal
European Journal of Paediatric Neurology,NA,1090-3798,2026-04-01,NA,els2023deal
European Journal of Pharmaceutical Sciences,NA,0928-0987,2026-04-01,NA,els2023deal
European Journal of Pharmaceutics and Biopharmaceutics,NA,0939-6411,2026-04-01,NA,els2023deal
European Journal of Pharmacology,NA,0014-2999,2026-04-01,NA,els2023deal
European Journal of Political Economy,NA,0176-2680,2026-04-01,NA,els2023deal
European Journal of Protistology,NA,0932-4739,2026-04-01,NA,els2023deal
European Journal of Radiology,NA,0720-048X,2026-04-01,NA,els2023deal
European Journal of Radiology Artificial Intelligence,NA,3050-5771,2026-04-01,NA,els2023deal
European Journal of Radiology Open,NA,2352-0477,2026-04-01,NA,els2023deal
European Journal of Soil Biology,NA,1164-5563,2026-04-01,NA,els2023deal
European Journal of Surgical Oncology,NA,0748-7983,2026-04-01,NA,els2023deal
European Journal of Trauma & Dissociation,NA,2468-7499,2026-04-01,NA,els2023deal
European Journal of Vascular and Endovascular Surgery,NA,1078-5884,2026-04-01,NA,els2023deal
European Management Journal,NA,0263-2373,2026-04-01,NA,els2023deal
European Neuropsychopharmacology,NA,0924-977X,2026-04-01,NA,els2023deal
European Polymer Journal,NA,0014-3057,2026-04-01,NA,els2023deal
European Poultry Science,NA,0003-9098,2026-04-01,NA,els2023deal
European Research on Management and Business Economics,NA,2444-8834,2026-04-01,NA,els2023deal
European Review of Applied Psychology,NA,1162-9088,2026-04-01,NA,els2023deal
European Transport Studies,NA,2950-2985,2026-04-01,NA,els2023deal
European Urology,NA,0302-2838,2026-04-01,NA,els2023deal
European Urology Focus,NA,2405-4569,2026-04-01,NA,els2023deal
European Urology Oncology,NA,2588-9311,2026-04-01,NA,els2023deal
European Urology Open Science,NA,2666-1683,2026-04-01,NA,els2023deal
Evaluation and Program Planning,NA,0149-7189,2026-04-01,NA,els2023deal
Evolution and Human Behavior,NA,1090-5138,2026-04-01,NA,els2023deal
Evolving Earth,NA,2950-1172,2026-04-01,NA,els2023deal
Examples and Counterexamples,NA,2666-657X,2026-04-01,NA,els2023deal
Experimental and Molecular Pathology,NA,0014-4800,2026-04-01,NA,els2023deal
Experimental Cell Research,NA,0014-4827,2026-04-01,NA,els2023deal
Experimental Eye Research,NA,0014-4835,2026-04-01,NA,els2023deal
Experimental Gerontology,NA,0531-5565,2026-04-01,NA,els2023deal
Experimental Hematology,NA,0301-472X,2026-04-01,NA,els2023deal
Experimental Neurology,NA,0014-4886,2026-04-01,NA,els2023deal
Experimental Parasitology,NA,0014-4894,2026-04-01,NA,els2023deal
Experimental Thermal and Fluid Science,NA,0894-1777,2026-04-01,NA,els2023deal
Expert Systems with Applications,NA,0957-4174,2026-04-01,NA,els2023deal
Explorations in Economic History,NA,0014-4983,2026-04-01,NA,els2023deal
Exploratory Research in Clinical and Social Pharmacy,NA,2667-2766,2026-04-01,NA,els2023deal
EXPLORE,NA,1550-8307,2026-04-01,NA,els2023deal
Expositiones Mathematicae,NA,0723-0869,2026-04-01,NA,els2023deal
Extracellular Vesicle,NA,2773-0417,2026-04-01,NA,els2023deal
Extreme Mechanics Letters,NA,2352-4316,2026-04-01,NA,els2023deal
F&S Reports,NA,2666-3341,2026-04-01,NA,els2023deal
F&S Reviews,NA,2666-5719,2026-04-01,NA,els2023deal
F&S Science,NA,2666-335X,2026-04-01,NA,els2023deal
Farming System,NA,2949-9119,2026-04-01,NA,els2023deal
Fermented Foods,NA,3051-231X,2026-04-01,NA,els2023deal
Fertility and Sterility,NA,0015-0282,2026-04-01,NA,els2023deal
Field Crops Research,NA,0378-4290,2026-04-01,NA,els2023deal
Finance Research Letters,NA,1544-6123,2026-04-01,NA,els2023deal
Finance Research Open,NA,3050-7006,2026-04-01,NA,els2023deal
Finite Elements in Analysis and Design,NA,0168-874X,2026-04-01,NA,els2023deal
Finite Fields and Their Applications,NA,1071-5797,2026-04-01,NA,els2023deal
Fire Safety Journal,NA,0379-7112,2026-04-01,NA,els2023deal
First Nations Health and Wellbeing - The Lowitja Journal,NA,2949-8406,2026-04-01,NA,els2023deal
Fish & Shellfish Immunology,NA,1050-4648,2026-04-01,NA,els2023deal
Fisheries Research,NA,0165-7836,2026-04-01,NA,els2023deal
Fisioterapia,NA,0211-5638,2026-04-01,NA,els2023deal
Fitoterapia,NA,0367-326X,2026-04-01,NA,els2023deal
FlatChem,NA,2452-2627,2026-04-01,NA,els2023deal
Flora,NA,0367-2530,2026-04-01,NA,els2023deal
Flow Measurement and Instrumentation,NA,0955-5986,2026-04-01,NA,els2023deal
Fluid Phase Equilibria,NA,0378-3812,2026-04-01,NA,els2023deal
Food and Bioproducts Processing,NA,0960-3085,2026-04-01,NA,els2023deal
Food and Chemical Toxicology,NA,0278-6915,2026-04-01,NA,els2023deal
Food and Humanity,NA,2949-8244,2026-04-01,NA,els2023deal
Food and Waterborne Parasitology,NA,2405-6766,2026-04-01,NA,els2023deal
Food Bioscience,NA,2212-4292,2026-04-01,NA,els2023deal
Food Chemistry,NA,0308-8146,2026-04-01,NA,els2023deal
Food Chemistry Advances,NA,2772-753X,2026-04-01,NA,els2023deal
Food Chemistry: Molecular Sciences,NA,2666-5662,2026-04-01,NA,els2023deal
Food Chemistry: X,NA,2590-1575,2026-04-01,NA,els2023deal
Food Control,NA,0956-7135,2026-04-01,NA,els2023deal
Food Hydrocolloids,NA,0268-005X,2026-04-01,NA,els2023deal
Food Hydrocolloids for Health,NA,2667-0259,2026-04-01,NA,els2023deal
Food Microbiology,NA,0740-0020,2026-04-01,NA,els2023deal
Food Packaging and Shelf Life,NA,2214-2894,2026-04-01,NA,els2023deal
Food Policy,NA,0306-9192,2026-04-01,NA,els2023deal
Food Quality and Preference,NA,0950-3293,2026-04-01,NA,els2023deal
Food Research International,NA,0963-9969,2026-04-01,NA,els2023deal
Food Structure,NA,2213-3291,2026-04-01,NA,els2023deal
Food Webs,NA,2352-2496,2026-04-01,NA,els2023deal
"Foot & Ankle Surgery: Techniques, Reports & Cases",NA,2667-3967,2026-04-01,NA,els2023deal
Foot and Ankle Surgery,NA,1268-7731,2026-04-01,NA,els2023deal
Football Studies,NA,3051-2689,2026-04-01,NA,els2023deal
Forces in Mechanics,NA,2666-3597,2026-04-01,NA,els2023deal
Forensic Chemistry,NA,2468-1709,2026-04-01,NA,els2023deal
Forensic Imaging,NA,2666-2256,2026-04-01,NA,els2023deal
Forensic Science International,NA,0379-0738,2026-04-01,NA,els2023deal
Forensic Science International: Digital Investigation,NA,2666-2817,2026-04-01,NA,els2023deal
Forensic Science International: Genetics,NA,1872-4973,2026-04-01,NA,els2023deal
Forensic Science International: Genetics Supplement Series,NA,1875-1768,2026-04-01,NA,els2023deal
Forensic Science International: Reports,NA,2665-9107,2026-04-01,NA,els2023deal
Forensic Science International: Synergy,NA,2589-871X,2026-04-01,NA,els2023deal
Forest Ecology and Management,NA,0378-1127,2026-04-01,NA,els2023deal
Forest Policy and Economics,NA,1389-9341,2026-04-01,NA,els2023deal
Franklin Open,NA,2773-1863,2026-04-01,NA,els2023deal
Free Radical Biology & Medicine,NA,0891-5849,2026-04-01,NA,els2023deal
Frontiers in Neuroendocrinology,NA,0091-3022,2026-04-01,NA,els2023deal
Fuel,NA,0016-2361,2026-04-01,NA,els2023deal
Fuel Communications,NA,2666-0520,2026-04-01,NA,els2023deal
Fuel Processing Technology,NA,0378-3820,2026-04-01,NA,els2023deal
Fundamental Plasma Physics,NA,2772-8285,2026-04-01,NA,els2023deal
Fungal Biology,NA,1878-6146,2026-04-01,NA,els2023deal
Fungal Biology Reviews,NA,1749-4613,2026-04-01,NA,els2023deal
Fungal Ecology,NA,1754-5048,2026-04-01,NA,els2023deal
Fungal Genetics and Biology,NA,1087-1845,2026-04-01,NA,els2023deal
Fusion Engineering and Design,NA,0920-3796,2026-04-01,NA,els2023deal
Fuß & Sprunggelenk,NA,1619-9987,2026-04-01,NA,els2023deal
Future Batteries,NA,2950-2640,2026-04-01,NA,els2023deal
Future Foods,NA,2666-8335,2026-04-01,NA,els2023deal
Future Generation Computer Systems,NA,0167-739X,2026-04-01,NA,els2023deal
Future Healthcare Journal,NA,2514-6645,2026-04-01,NA,els2023deal
Futures,NA,0016-3287,2026-04-01,NA,els2023deal
Fuzzy Sets and Systems,NA,0165-0114,2026-04-01,NA,els2023deal
Gait & Posture,NA,0966-6362,2026-04-01,NA,els2023deal
Games and Economic Behavior,NA,0899-8256,2026-04-01,NA,els2023deal
Gas Science and Engineering,NA,2949-9089,2026-04-01,NA,els2023deal
Gastro Hep Advances,NA,2772-5723,2026-04-01,NA,els2023deal
Gastroenterología y Hepatología,NA,0210-5705,2026-04-01,NA,els2023deal
Gastroenterología y Hepatología (English Edition),NA,2444-3824,2026-04-01,NA,els2023deal
Gastroenterology,NA,0016-5085,2026-04-01,NA,els2023deal
Gastrointestinal Endoscopy,NA,0016-5107,2026-04-01,NA,els2023deal
Gene,NA,0378-1119,2026-04-01,NA,els2023deal
Gene Expression Patterns,NA,1567-133X,2026-04-01,NA,els2023deal
Gene Reports,NA,2452-0144,2026-04-01,NA,els2023deal
General and Comparative Endocrinology,NA,0016-6480,2026-04-01,NA,els2023deal
General Hospital Psychiatry,NA,0163-8343,2026-04-01,NA,els2023deal
Genetics in Medicine,NA,1098-3600,2026-04-01,NA,els2023deal
Genetics in Medicine Open,NA,2949-7744,2026-04-01,NA,els2023deal
Genomics,NA,0888-7543,2026-04-01,NA,els2023deal
Geobios,NA,0016-6995,2026-04-01,NA,els2023deal
Geochemistry,NA,0009-2819,2026-04-01,NA,els2023deal
Geochimica et Cosmochimica Acta,NA,0016-7037,2026-04-01,NA,els2023deal
Geodata and AI,NA,3050-483X,2026-04-01,NA,els2023deal
Geoderma,NA,0016-7061,2026-04-01,NA,els2023deal
Geoderma Regional,NA,2352-0094,2026-04-01,NA,els2023deal
Geoenergy Science and Engineering,NA,2949-8910,2026-04-01,NA,els2023deal
Geoforum,NA,0016-7185,2026-04-01,NA,els2023deal
Geography and Sustainability,NA,2666-6839,2026-04-01,NA,els2023deal
Geomatica,NA,1195-1036,2026-04-01,NA,els2023deal
Geomechanics for Energy and the Environment,NA,2352-3808,2026-04-01,NA,els2023deal
Geomorphology,NA,0169-555X,2026-04-01,NA,els2023deal
Geopsychiatry,NA,3050-7138,2026-04-01,NA,els2023deal
Geotextiles and Geomembranes,NA,0266-1144,2026-04-01,NA,els2023deal
Geothermics,NA,0375-6505,2026-04-01,NA,els2023deal
Geriatric Nursing,NA,0197-4572,2026-04-01,NA,els2023deal
Geriatric Nursing: Asia,NA,3051-3146,2026-04-01,NA,els2023deal
Giant,NA,2666-5425,2026-04-01,NA,els2023deal
Glial Health Research,NA,2950-4074,2026-04-01,NA,els2023deal
Global and Earth Surface Processes Change,NA,2950-4740,2026-04-01,NA,els2023deal
Global and Planetary Change,NA,0921-8181,2026-04-01,NA,els2023deal
Global Challenges & Regional Science,NA,3050-502X,2026-04-01,NA,els2023deal
Global Ecology and Conservation,NA,2351-9894,2026-04-01,NA,els2023deal
Global Economics Research,NA,3050-8037,2026-04-01,NA,els2023deal
Global Environmental Change,NA,0959-3780,2026-04-01,NA,els2023deal
Global Environmental Change Advances,NA,2950-1385,2026-04-01,NA,els2023deal
Global Epidemiology,NA,2590-1133,2026-04-01,NA,els2023deal
Global Finance Journal,NA,1044-0283,2026-04-01,NA,els2023deal
Global Food Security,NA,2211-9124,2026-04-01,NA,els2023deal
Global Neurological Insights,NA,3051-2484,2026-04-01,NA,els2023deal
Global Pediatrics,NA,2667-0097,2026-04-01,NA,els2023deal
Gondwana Research,NA,1342-937X,2026-04-01,NA,els2023deal
Government Information Quarterly,NA,0740-624X,2026-04-01,NA,els2023deal
Graphical Models,NA,1524-0703,2026-04-01,NA,els2023deal
Green Analytical Chemistry,NA,2772-5774,2026-04-01,NA,els2023deal
Groundwater for Sustainable Development,NA,2352-801X,2026-04-01,NA,els2023deal
Growth Hormone & IGF Research,NA,1096-6374,2026-04-01,NA,els2023deal
Gut Microbiology,NA,3051-1720,2026-04-01,NA,els2023deal
Gut Microbiome and Health,NA,3117-3594,2026-04-01,NA,els2023deal
Gynecologic Oncology,NA,0090-8258,2026-04-01,NA,els2023deal
Gynecologic Oncology Reports,NA,2352-5789,2026-04-01,NA,els2023deal
Gynécologie Obstétrique Fertilité & Sénologie,NA,2468-7189,2026-04-01,NA,els2023deal
Habitat International,NA,0197-3975,2026-04-01,NA,els2023deal
Hand Surgery & Rehabilitation,NA,2468-1229,2026-04-01,NA,els2023deal
HardwareX,NA,2468-0672,2026-04-01,NA,els2023deal
Harmful Algae,NA,1568-9883,2026-04-01,NA,els2023deal
Health & Place,NA,1353-8292,2026-04-01,NA,els2023deal
Health Care Transitions,NA,2949-9232,2026-04-01,NA,els2023deal
Health Policy,NA,0168-8510,2026-04-01,NA,els2023deal
Health Policy and Technology,NA,2211-8837,2026-04-01,NA,els2023deal
Health Policy in Asia,NA,3117-4620,2026-04-01,NA,els2023deal
Health Policy OPEN,NA,2590-2296,2026-04-01,NA,els2023deal
Health Sciences Review,NA,2772-6320,2026-04-01,NA,els2023deal
Healthcare Analytics,NA,2772-4425,2026-04-01,NA,els2023deal
Healthcare: The Journal of Delivery Science and Innovation,NA,2213-0764,2026-04-01,NA,els2023deal
Hearing Research,NA,0378-5955,2026-04-01,NA,els2023deal
Heart & Lung,NA,0147-9563,2026-04-01,NA,els2023deal
Heart Rhythm,NA,1547-5271,2026-04-01,NA,els2023deal
Heart Rhythm O2,NA,2666-5018,2026-04-01,NA,els2023deal
"Heart, Lung and Circulation",NA,1443-9506,2026-04-01,NA,els2023deal
HeartRhythm Case Reports,NA,2214-0271,2026-04-01,NA,els2023deal
Heavy Rail,NA,3117-3128,2026-04-01,NA,els2023deal
Heliyon,NA,2405-8440,2026-04-01,NA,els2023deal
High Energy Density Physics,NA,1574-1818,2026-04-01,NA,els2023deal
Hipertensión y Riesgo Vascular,NA,1889-1837,2026-04-01,NA,els2023deal
Historia Mathematica,NA,0315-0860,2026-04-01,NA,els2023deal
Hormones and Behavior,NA,0018-506X,2026-04-01,NA,els2023deal
HPB,NA,1365-182X,2026-04-01,NA,els2023deal
Human Factors in Healthcare,NA,2772-5014,2026-04-01,NA,els2023deal
Human Gene,NA,2773-0441,2026-04-01,NA,els2023deal
Human Genetics and Genomics Advances,NA,2666-2477,2026-04-01,NA,els2023deal
Human Immunology,NA,0198-8859,2026-04-01,NA,els2023deal
Human Movement Science,NA,0167-9457,2026-04-01,NA,els2023deal
Human Nutrition & Metabolism,NA,2666-1497,2026-04-01,NA,els2023deal
Human Pathology,NA,0046-8177,2026-04-01,NA,els2023deal
Human Pathology Reports,NA,2772-736X,2026-04-01,NA,els2023deal
Human Resource Management Review,NA,1053-4822,2026-04-01,NA,els2023deal
Hybrid Advances,NA,2773-207X,2026-04-01,NA,els2023deal
Hydrometallurgy,NA,0304-386X,2026-04-01,NA,els2023deal
Hygiene and Environmental Health Advances,NA,2773-0492,2026-04-01,NA,els2023deal
IBRO Neuroscience Reports,NA,2667-2421,2026-04-01,NA,els2023deal
Icarus,NA,0019-1035,2026-04-01,NA,els2023deal
ICT Express,NA,2405-9595,2026-04-01,NA,els2023deal
IDCases,NA,2214-2509,2026-04-01,NA,els2023deal
IFAC Journal of Systems and Control,NA,2468-6018,2026-04-01,NA,els2023deal
iGIE,NA,2949-7086,2026-04-01,NA,els2023deal
IJC Heart & Vasculature,NA,2352-9067,2026-04-01,NA,els2023deal
IJID One Health,NA,2949-9151,2026-04-01,NA,els2023deal
IJID Regions,NA,2772-7076,2026-04-01,NA,els2023deal
iLIVER,NA,2772-9478,2026-04-01,NA,els2023deal
Image and Vision Computing,NA,0262-8856,2026-04-01,NA,els2023deal
Imagerie de la Femme,NA,1776-9817,2026-04-01,NA,els2023deal
Immunity,NA,1074-7613,2026-04-01,NA,els2023deal
Immunobiology,NA,0171-2985,2026-04-01,NA,els2023deal
ImmunoInformatics,NA,2667-1190,2026-04-01,NA,els2023deal
Immunology Letters,NA,0165-2478,2026-04-01,NA,els2023deal
Immuno-Oncology and Technology,NA,2590-0188,2026-04-01,NA,els2023deal
In Analysis,NA,2542-3606,2026-04-01,NA,els2023deal
In Silico Research in Biomedicine,NA,3050-7871,2026-04-01,NA,els2023deal
Indagationes Mathematicae,NA,0019-3577,2026-04-01,NA,els2023deal
Indian Journal of Medical Microbiology,NA,0255-0857,2026-04-01,NA,els2023deal
Indoor Environments,NA,2950-3620,2026-04-01,NA,els2023deal
Industrial Crops and Products,NA,0926-6690,2026-04-01,NA,els2023deal
Industrial Marketing Management,NA,0019-8501,2026-04-01,NA,els2023deal
Infant Behavior and Development,NA,0163-6383,2026-04-01,NA,els2023deal
Infection Prevention in Practice,NA,2590-0889,2026-04-01,NA,els2023deal
"Infection, Disease & Health",NA,2468-0451,2026-04-01,NA,els2023deal
"Infection, Genetics and Evolution",NA,1567-1348,2026-04-01,NA,els2023deal
Infectious Diseases Now,NA,2666-9919,2026-04-01,NA,els2023deal
Infectious Medicine,NA,2772-431X,2026-04-01,NA,els2023deal
Informatics in Medicine Unlocked,NA,2352-9148,2026-04-01,NA,els2023deal
Information & Management,NA,0378-7206,2026-04-01,NA,els2023deal
Information and Computation,NA,0890-5401,2026-04-01,NA,els2023deal
Information and Organization,NA,1471-7727,2026-04-01,NA,els2023deal
Information and Software Technology,NA,0950-5849,2026-04-01,NA,els2023deal
Information Economics and Policy,NA,0167-6245,2026-04-01,NA,els2023deal
Information Fusion,NA,1566-2535,2026-04-01,NA,els2023deal
Information Processing & Management,NA,0306-4573,2026-04-01,NA,els2023deal
Information Processing in Agriculture,NA,2214-3173,2026-04-01,NA,els2023deal
Information Processing Letters,NA,0020-0190,2026-04-01,NA,els2023deal
Information Sciences,NA,0020-0255,2026-04-01,NA,els2023deal
Information Systems,NA,0306-4379,2026-04-01,NA,els2023deal
Infrared Physics & Technology,NA,1350-4495,2026-04-01,NA,els2023deal
Injury,NA,0020-1383,2026-04-01,NA,els2023deal
Innovative Food Science and Emerging Technologies,NA,1466-8564,2026-04-01,NA,els2023deal
Innovative Practice in Breast Health,NA,2950-2128,2026-04-01,NA,els2023deal
Inorganic Chemistry Communications,NA,1387-7003,2026-04-01,NA,els2023deal
Inorganica Chimica Acta,NA,0020-1693,2026-04-01,NA,els2023deal
Insect Biochemistry and Molecular Biology,NA,0965-1748,2026-04-01,NA,els2023deal
Insurance: Mathematics and Economics,NA,0167-6687,2026-04-01,NA,els2023deal
Integration,NA,0167-9260,2026-04-01,NA,els2023deal
Intelligence,NA,0160-2896,2026-04-01,NA,els2023deal
Intelligence-Based Medicine,NA,2666-5212,2026-04-01,NA,els2023deal
Intelligent Medicine,NA,2667-1026,2026-04-01,NA,els2023deal
Intelligent Systems with Applications,NA,2667-3053,2026-04-01,NA,els2023deal
Intensive and Critical Care Nursing,NA,0964-3397,2026-04-01,NA,els2023deal
Interdisciplinary Neurosurgery,NA,2214-7519,2026-04-01,NA,els2023deal
Intermetallics,NA,0966-9795,2026-04-01,NA,els2023deal
International Biodeterioration & Biodegradation,NA,0964-8305,2026-04-01,NA,els2023deal
International Business Review,NA,0969-5931,2026-04-01,NA,els2023deal
International Communications in Heat and Mass Transfer,NA,0735-1933,2026-04-01,NA,els2023deal
International Dairy Journal,NA,0958-6946,2026-04-01,NA,els2023deal
International Dental Journal,NA,0020-6539,2026-04-01,NA,els2023deal
International Economics,NA,2110-7017,2026-04-01,NA,els2023deal
International Emergency Nursing,NA,1755-599X,2026-04-01,NA,els2023deal
International Immunopharmacology,NA,1567-5769,2026-04-01,NA,els2023deal
International Journal for Parasitology,NA,0020-7519,2026-04-01,NA,els2023deal
International Journal for Parasitology: Drugs and Drug Resistance,NA,2211-3207,2026-04-01,NA,els2023deal
International Journal for Parasitology: Parasites and Wildlife,NA,2213-2244,2026-04-01,NA,els2023deal
International Journal of Accounting Information Systems,NA,1467-0895,2026-04-01,NA,els2023deal
International Journal of Adhesion and Adhesives,NA,0143-7496,2026-04-01,NA,els2023deal
International Journal of Africa Nursing Sciences,NA,2214-1391,2026-04-01,NA,els2023deal
International Journal of Antimicrobial Agents,NA,0924-8579,2026-04-01,NA,els2023deal
International Journal of Applied Earth Observation and Geoinformation,NA,1569-8432,2026-04-01,NA,els2023deal
International Journal of Approximate Reasoning,NA,0888-613X,2026-04-01,NA,els2023deal
International Journal of Biological Macromolecules,NA,0141-8130,2026-04-01,NA,els2023deal
International Journal of Cardiology,NA,0167-5273,2026-04-01,NA,els2023deal
International Journal of Cardiology Cardiovascular Risk and Prevention,NA,2772-4875,2026-04-01,NA,els2023deal
International Journal of Cardiology Congenital Heart Disease,NA,2666-6685,2026-04-01,NA,els2023deal
International Journal of Cardiology Innovations,NA,3051-4452,2026-04-01,NA,els2023deal
International Journal of Child-Computer Interaction,NA,2212-8689,2026-04-01,NA,els2023deal
International Journal of Clinical and Health Psychology,NA,1697-2600,2026-04-01,NA,els2023deal
International Journal of Coal Geology,NA,0166-5162,2026-04-01,NA,els2023deal
International Journal of Critical Infrastructure Protection,NA,1874-5482,2026-04-01,NA,els2023deal
International Journal of Disaster Risk Reduction,NA,2212-4209,2026-04-01,NA,els2023deal
International Journal of Drug Policy,NA,0955-3959,2026-04-01,NA,els2023deal
International Journal of Educational Development,NA,0738-0593,2026-04-01,NA,els2023deal
International Journal of Educational Research,NA,0883-0355,2026-04-01,NA,els2023deal
International Journal of Educational Research Open,NA,2666-3740,2026-04-01,NA,els2023deal
International Journal of Electrical Power & Energy Systems,NA,0142-0615,2026-04-01,NA,els2023deal
International Journal of Electrochemical Science,NA,1452-3981,2026-04-01,NA,els2023deal
International Journal of Engineering Science,NA,0020-7225,2026-04-01,NA,els2023deal
International Journal of Fatigue,NA,0142-1123,2026-04-01,NA,els2023deal
International Journal of Food Microbiology,NA,0168-1605,2026-04-01,NA,els2023deal
International Journal of Forecasting,NA,0169-2070,2026-04-01,NA,els2023deal
International Journal of Gastronomy and Food Science,NA,1878-450X,2026-04-01,NA,els2023deal
International Journal of Greenhouse Gas Control,NA,1750-5836,2026-04-01,NA,els2023deal
International Journal of Gynecological Cancer,NA,1048-891X,2026-04-01,NA,els2023deal
International Journal of Heat and Fluid Flow,NA,0142-727X,2026-04-01,NA,els2023deal
International Journal of Heat and Mass Transfer,NA,0017-9310,2026-04-01,NA,els2023deal
International Journal of Hospitality Management,NA,0278-4319,2026-04-01,NA,els2023deal
International Journal of Human-Computer Studies,NA,1071-5819,2026-04-01,NA,els2023deal
International Journal of Hydrogen Energy,NA,0360-3199,2026-04-01,NA,els2023deal
International Journal of Hygiene and Environmental Health,NA,1438-4639,2026-04-01,NA,els2023deal
International Journal of Impact Engineering,NA,0734-743X,2026-04-01,NA,els2023deal
International Journal of Industrial Ergonomics,NA,0169-8141,2026-04-01,NA,els2023deal
International Journal of Industrial Organization,NA,0167-7187,2026-04-01,NA,els2023deal
International Journal of Infectious Diseases,NA,1201-9712,2026-04-01,NA,els2023deal
International Journal of Information Management,NA,0268-4012,2026-04-01,NA,els2023deal
International Journal of Information Management Data Insights,NA,2667-0968,2026-04-01,NA,els2023deal
International Journal of Intercultural Relations,NA,0147-1767,2026-04-01,NA,els2023deal
International Journal of Law and Psychiatry,NA,0160-2527,2026-04-01,NA,els2023deal
"International Journal of Law, Crime and Justice",NA,1756-0616,2026-04-01,NA,els2023deal
International Journal of Machine Tools and Manufacture,NA,0890-6955,2026-04-01,NA,els2023deal
International Journal of Mass Spectrometry,NA,1387-3806,2026-04-01,NA,els2023deal
International Journal of Mechanical Sciences,NA,0020-7403,2026-04-01,NA,els2023deal
International Journal of Medical Informatics,NA,1386-5056,2026-04-01,NA,els2023deal
International Journal of Medical Microbiology,NA,1438-4221,2026-04-01,NA,els2023deal
International Journal of Multiphase Flow,NA,0301-9322,2026-04-01,NA,els2023deal
International Journal of Naval Architecture and Ocean Engineering,NA,2092-6782,2026-04-01,NA,els2023deal
International Journal of Non-Linear Mechanics,NA,0020-7462,2026-04-01,NA,els2023deal
International Journal of Nursing Studies,NA,0020-7489,2026-04-01,NA,els2023deal
International Journal of Nursing Studies Advances,NA,2666-142X,2026-04-01,NA,els2023deal
International Journal of Obstetric Anesthesia,NA,0959-289X,2026-04-01,NA,els2023deal
International Journal of Oral and Maxillofacial Surgery,NA,0901-5027,2026-04-01,NA,els2023deal
International Journal of Orthopaedic and Trauma Nursing,NA,1878-1241,2026-04-01,NA,els2023deal
International Journal of Osteopathic Medicine,NA,1746-0689,2026-04-01,NA,els2023deal
International Journal of Paleopathology,NA,1879-9817,2026-04-01,NA,els2023deal
International Journal of Particle Therapy,NA,2331-5180,2026-04-01,NA,els2023deal
International Journal of Pediatric Otorhinolaryngology,NA,0165-5876,2026-04-01,NA,els2023deal
International Journal of Pharmaceutics,NA,0378-5173,2026-04-01,NA,els2023deal
International Journal of Pharmaceutics: X,NA,2590-1567,2026-04-01,NA,els2023deal
International Journal of Plasticity,NA,0749-6419,2026-04-01,NA,els2023deal
International Journal of Pressure Vessels and Piping,NA,0308-0161,2026-04-01,NA,els2023deal
International Journal of Production Economics,NA,0925-5273,2026-04-01,NA,els2023deal
International Journal of Project Management,NA,0263-7863,2026-04-01,NA,els2023deal
International Journal of Psychophysiology,NA,0167-8760,2026-04-01,NA,els2023deal
"International Journal of Radiation Oncology, Biology, Physics",NA,0360-3016,2026-04-01,NA,els2023deal
International Journal of Refractory Metals and Hard Materials,NA,0263-4368,2026-04-01,NA,els2023deal
International Journal of Refrigeration,NA,0140-7007,2026-04-01,NA,els2023deal
International Journal of Research in Marketing,NA,0167-8116,2026-04-01,NA,els2023deal
International Journal of Rock Mechanics and Mining Sciences,NA,1365-1609,2026-04-01,NA,els2023deal
International Journal of Solids and Structures,NA,0020-7683,2026-04-01,NA,els2023deal
International Journal of Thermal Sciences,NA,1290-0729,2026-04-01,NA,els2023deal
International Journal of Thermofluids,NA,2666-2027,2026-04-01,NA,els2023deal
International Orthodontics,NA,1761-7227,2026-04-01,NA,els2023deal
International Psychogeriatrics,NA,1041-6102,2026-04-01,NA,els2023deal
International Review of Economics & Finance,NA,1059-0560,2026-04-01,NA,els2023deal
International Review of Economics Education,NA,1477-3880,2026-04-01,NA,els2023deal
International Review of Financial Analysis,NA,1057-5219,2026-04-01,NA,els2023deal
International Review of Law and Economics,NA,0144-8188,2026-04-01,NA,els2023deal
Internet Interventions,NA,2214-7829,2026-04-01,NA,els2023deal
Internet of Things,NA,2542-6605,2026-04-01,NA,els2023deal
Intestinal Failure,NA,2950-4562,2026-04-01,NA,els2023deal
Invention Disclosure,NA,2772-4441,2026-04-01,NA,els2023deal
iPharma,NA,3117-4701,2026-04-01,NA,els2023deal
IRBM,NA,1959-0318,2026-04-01,NA,els2023deal
ISA Transactions,NA,0019-0578,2026-04-01,NA,els2023deal
iScience,NA,2589-0042,2026-04-01,NA,els2023deal
ISPRS Journal of Photogrammetry and Remote Sensing,NA,0924-2716,2026-04-01,NA,els2023deal
ISPRS Open Journal of Photogrammetry and Remote Sensing,NA,2667-3932,2026-04-01,NA,els2023deal
Italian Journal of Agronomy,NA,1125-4718,2026-04-01,NA,els2023deal
JAACAP Open,NA,2949-7329,2026-04-01,NA,els2023deal
JAAD Case Reports,NA,2352-5126,2026-04-01,NA,els2023deal
JAAD International,NA,2666-3287,2026-04-01,NA,els2023deal
JAAD Reviews,NA,2950-1989,2026-04-01,NA,els2023deal
JACC: Advances,NA,2772-963X,2026-04-01,NA,els2023deal
JACC: Asia,NA,2772-3747,2026-04-01,NA,els2023deal
JACC: Cardiovascular Imaging,NA,1936-878X,2026-04-01,NA,els2023deal
JACC: Cardiovascular Interventions,NA,1936-8798,2026-04-01,NA,els2023deal
JACC: Clinical Electrophysiology,NA,2405-500X,2026-04-01,NA,els2023deal
JACC: Heart Failure,NA,2213-1779,2026-04-01,NA,els2023deal
JACEP Open,NA,2688-1152,2026-04-01,NA,els2023deal
JADA Foundational Science,NA,2772-414X,2026-04-01,NA,els2023deal
JAND Global Reports,NA,3050-7189,2026-04-01,NA,els2023deal
Japan and the World Economy,NA,0922-1425,2026-04-01,NA,els2023deal
JAPhA Pharmacotherapy,NA,2949-9623,2026-04-01,NA,els2023deal
JAPhA Practice Innovations,NA,2949-9690,2026-04-01,NA,els2023deal
JCA Advances,NA,2950-5534,2026-04-01,NA,els2023deal
JCIS Open,NA,2666-934X,2026-04-01,NA,els2023deal
JEM International,NA,3051-3227,2026-04-01,NA,els2023deal
JEM Reports,NA,2773-2320,2026-04-01,NA,els2023deal
JFO Open Ophthalmology,NA,2949-8899,2026-04-01,NA,els2023deal
JHEP Reports,NA,2589-5559,2026-04-01,NA,els2023deal
JHLT Open,NA,2950-1334,2026-04-01,NA,els2023deal
JID Innovations,NA,2667-0267,2026-04-01,NA,els2023deal
Joint Bone Spine,NA,1297-319X,2026-04-01,NA,els2023deal
Jornal de Pediatria,NA,0021-7557,2026-04-01,NA,els2023deal
JOS Case Reports,NA,2772-9648,2026-04-01,NA,els2023deal
Joule,NA,2542-4351,2026-04-01,NA,els2023deal
Journal de Chirurgie Viscérale,NA,1878-786X,2026-04-01,NA,els2023deal
Journal de Mathématiques Pures et Appliquées,NA,0021-7824,2026-04-01,NA,els2023deal
Journal de Pédiatrie et de Puériculture,NA,0987-7983,2026-04-01,NA,els2023deal
Journal de Traumatologie du Sport,NA,0762-915X,2026-04-01,NA,els2023deal
Journal d'Imagerie Diagnostique et Interventionnelle,NA,2543-3431,2026-04-01,NA,els2023deal
Journal for Nature Conservation,NA,1617-1381,2026-04-01,NA,els2023deal
Journal Français d'Ophtalmologie,NA,0181-5512,2026-04-01,NA,els2023deal
Journal of AAPOS,NA,1091-8531,2026-04-01,NA,els2023deal
Journal of Accounting and Economics,NA,0165-4101,2026-04-01,NA,els2023deal
Journal of Accounting and Public Policy,NA,0278-4254,2026-04-01,NA,els2023deal
Journal of Accounting Education,NA,0748-5751,2026-04-01,NA,els2023deal
Journal of Adolescent Health,NA,1054-139X,2026-04-01,NA,els2023deal
Journal of Advanced Joining Processes,NA,2666-3309,2026-04-01,NA,els2023deal
Journal of Advanced Research,NA,2090-1232,2026-04-01,NA,els2023deal
Journal of Aerosol Science,NA,0021-8502,2026-04-01,NA,els2023deal
Journal of Affective Disorders,NA,0165-0327,2026-04-01,NA,els2023deal
Journal of Affective Disorders Reports,NA,2666-9153,2026-04-01,NA,els2023deal
Journal of African Earth Sciences,NA,1464-343X,2026-04-01,NA,els2023deal
Journal of Aging Studies,NA,0890-4065,2026-04-01,NA,els2023deal
Journal of Agriculture and Food Research,NA,2666-1543,2026-04-01,NA,els2023deal
Journal of Air Transport Management,NA,0969-6997,2026-04-01,NA,els2023deal
Journal of Algebra,NA,0021-8693,2026-04-01,NA,els2023deal
Journal of Allergy and Clinical Immunology,NA,0091-6749,2026-04-01,NA,els2023deal
Journal of Allergy and Clinical Immunology: Global,NA,2772-8293,2026-04-01,NA,els2023deal
Journal of Allergy and Hypersensitivity Diseases,NA,2950-3124,2026-04-01,NA,els2023deal
Journal of Alloys and Compounds,NA,0925-8388,2026-04-01,NA,els2023deal
Journal of Alloys and Compounds Communications,NA,2950-2845,2026-04-01,NA,els2023deal
Journal of Alloys and Metallurgical Systems,NA,2949-9178,2026-04-01,NA,els2023deal
Journal of Analytical and Applied Pyrolysis,NA,0165-2370,2026-04-01,NA,els2023deal
Journal of Anthropological Archaeology,NA,0278-4165,2026-04-01,NA,els2023deal
Journal of Anxiety Disorders,NA,0887-6185,2026-04-01,NA,els2023deal
Journal of Applied Developmental Psychology,NA,0193-3973,2026-04-01,NA,els2023deal
Journal of Applied Geophysics,NA,0926-9851,2026-04-01,NA,els2023deal
Journal of Applied Poultry Research,NA,1056-6171,2026-04-01,NA,els2023deal
Journal of Applied Research on Medicinal and Aromatic Plants,NA,2214-7861,2026-04-01,NA,els2023deal
Journal of Approximation Theory,NA,0021-9045,2026-04-01,NA,els2023deal
Journal of Aquatic Plants,NA,3051-2301,2026-04-01,NA,els2023deal
Journal of Archaeological Science,NA,0305-4403,2026-04-01,NA,els2023deal
Journal of Archaeological Science: Reports,NA,2352-409X,2026-04-01,NA,els2023deal
Journal of Arid Environments,NA,0140-1963,2026-04-01,NA,els2023deal
Journal of Arthroplasty,NA,0883-5403,2026-04-01,NA,els2023deal
Journal of Asian Earth Sciences,NA,1367-9120,2026-04-01,NA,els2023deal
Journal of Asian Earth Sciences: X,NA,2590-0560,2026-04-01,NA,els2023deal
Journal of Asian Economics,NA,1049-0078,2026-04-01,NA,els2023deal
Journal of Asia-Pacific Entomology,NA,1226-8615,2026-04-01,NA,els2023deal
Journal of Atmospheric and Solar-Terrestrial Physics,NA,1364-6826,2026-04-01,NA,els2023deal
Journal of Autoimmunity,NA,0896-8411,2026-04-01,NA,els2023deal
Journal of Ayurveda and Integrative Medicine,NA,0975-9476,2026-04-01,NA,els2023deal
Journal of Banking & Finance,NA,0378-4266,2026-04-01,NA,els2023deal
Journal of Behavior Therapy and Experimental Psychiatry,NA,0005-7916,2026-04-01,NA,els2023deal
Journal of Behavioral and Cognitive Therapy,NA,2589-9791,2026-04-01,NA,els2023deal
Journal of Behavioral and Experimental Economics,NA,2214-8043,2026-04-01,NA,els2023deal
Journal of Behavioral and Experimental Finance,NA,2214-6350,2026-04-01,NA,els2023deal
Journal of Biomechanics,NA,0021-9290,2026-04-01,NA,els2023deal
Journal of Biomechanics Open,NA,3051-1313,2026-04-01,NA,els2023deal
Journal of Biomedical Informatics,NA,1532-0464,2026-04-01,NA,els2023deal
Journal of Biotechnology,NA,0168-1656,2026-04-01,NA,els2023deal
Journal of Bodywork and Movement Therapies,NA,1360-8592,2026-04-01,NA,els2023deal
Journal of Bone Oncology,NA,2212-1374,2026-04-01,NA,els2023deal
Journal of Building Engineering,NA,2352-7102,2026-04-01,NA,els2023deal
Journal of Business Research,NA,0148-2963,2026-04-01,NA,els2023deal
Journal of Business Venturing,NA,0883-9026,2026-04-01,NA,els2023deal
Journal of Business Venturing Design,NA,2667-2774,2026-04-01,NA,els2023deal
Journal of Business Venturing Insights,NA,2352-6734,2026-04-01,NA,els2023deal
Journal of Cancer Policy,NA,2213-5383,2026-04-01,NA,els2023deal
Journal of Cardiac Failure,NA,1071-9164,2026-04-01,NA,els2023deal
Journal of Cardiac Failure - Intersections,NA,3050-6611,2026-04-01,NA,els2023deal
Journal of Cardiology,NA,0914-5087,2026-04-01,NA,els2023deal
Journal of Cardiology Cases,NA,1878-5409,2026-04-01,NA,els2023deal
Journal of Cardiothoracic and Vascular Anesthesia,NA,1053-0770,2026-04-01,NA,els2023deal
Journal of Cardiovascular Computed Tomography,NA,1934-5925,2026-04-01,NA,els2023deal
Journal of Cardiovascular Magnetic Resonance,NA,1097-6647,2026-04-01,NA,els2023deal
Journal of Cartilage & Joint Preservation,NA,2667-2545,2026-04-01,NA,els2023deal
Journal of Catalysis,NA,0021-9517,2026-04-01,NA,els2023deal
Journal of Cereal Science,NA,0733-5210,2026-04-01,NA,els2023deal
Journal of Chiropractic Humanities,NA,1556-3499,2026-04-01,NA,els2023deal
Journal of Chiropractic Medicine,NA,1556-3707,2026-04-01,NA,els2023deal
Journal of Choice Modelling,NA,1755-5345,2026-04-01,NA,els2023deal
Journal of Chromatography A,NA,0021-9673,2026-04-01,NA,els2023deal
Journal of Chromatography B,NA,1570-0232,2026-04-01,NA,els2023deal
Journal of Chromatography Open,NA,2772-3917,2026-04-01,NA,els2023deal
Journal of Cleaner Production,NA,0959-6526,2026-04-01,NA,els2023deal
Journal of Climate Finance,NA,2949-7280,2026-04-01,NA,els2023deal
Journal of Clinical and Experimental Hepatology,NA,0973-6883,2026-04-01,NA,els2023deal
Journal of Clinical and Translational Endocrinology,NA,2214-6237,2026-04-01,NA,els2023deal
Journal of Clinical and Translational Endocrinology: Case Reports,NA,2214-6245,2026-04-01,NA,els2023deal
Journal of Clinical Anesthesia,NA,0952-8180,2026-04-01,NA,els2023deal
Journal of Clinical Densitometry,NA,1094-6950,2026-04-01,NA,els2023deal
Journal of Clinical Epidemiology,NA,0895-4356,2026-04-01,NA,els2023deal
Journal of Clinical Lipidology,NA,1933-2874,2026-04-01,NA,els2023deal
Journal of Clinical Neuroscience,NA,0967-5868,2026-04-01,NA,els2023deal
Journal of Clinical Orthopaedics and Trauma,NA,0976-5662,2026-04-01,NA,els2023deal
Journal of Clinical Tuberculosis and Other Mycobacterial Diseases,NA,2405-5794,2026-04-01,NA,els2023deal
Journal of Clinical Virology,NA,1386-6532,2026-04-01,NA,els2023deal
Journal of Clinical Virology Plus,NA,2667-0380,2026-04-01,NA,els2023deal
Journal of CO2 Utilization,NA,2212-9820,2026-04-01,NA,els2023deal
Journal of Colloid and Interface Science,NA,0021-9797,2026-04-01,NA,els2023deal
"Journal of Combinatorial Theory, Series A",NA,0097-3165,2026-04-01,NA,els2023deal
"Journal of Combinatorial Theory, Series B",NA,0095-8956,2026-04-01,NA,els2023deal
Journal of Commodity Markets,NA,2405-8513,2026-04-01,NA,els2023deal
Journal of Communication Disorders,NA,0021-9924,2026-04-01,NA,els2023deal
Journal of Comparative Economics,NA,0147-5967,2026-04-01,NA,els2023deal
Journal of Comparative Pathology,NA,0021-9975,2026-04-01,NA,els2023deal
Journal of Complexity,NA,0885-064X,2026-04-01,NA,els2023deal
Journal of Computational Algebra,NA,2772-8277,2026-04-01,NA,els2023deal
Journal of Computational and Applied Mathematics,NA,0377-0427,2026-04-01,NA,els2023deal
Journal of Computational Mathematics and Data Science,NA,2772-4158,2026-04-01,NA,els2023deal
Journal of Computational Physics,NA,0021-9991,2026-04-01,NA,els2023deal
Journal of Computational Science,NA,1877-7503,2026-04-01,NA,els2023deal
Journal of Computer and System Sciences,NA,0022-0000,2026-04-01,NA,els2023deal
Journal of Computer Languages,NA,2590-1184,2026-04-01,NA,els2023deal
Journal of Constructional Steel Research,NA,0143-974X,2026-04-01,NA,els2023deal
Journal of Contaminant Hydrology,NA,0169-7722,2026-04-01,NA,els2023deal
Journal of Contemporary Accounting & Economics,NA,1815-5669,2026-04-01,NA,els2023deal
Journal of Contextual Behavioral Science,NA,2212-1447,2026-04-01,NA,els2023deal
Journal of Controlled Release,NA,0168-3659,2026-04-01,NA,els2023deal
Journal of Co-operative Organization and Management,NA,2213-297X,2026-04-01,NA,els2023deal
Journal of Corporate Finance,NA,0929-1199,2026-04-01,NA,els2023deal
Journal of Cranio-Maxillofacial Surgery,NA,1010-5182,2026-04-01,NA,els2023deal
Journal of Creativity,NA,2713-3745,2026-04-01,NA,els2023deal
Journal of Criminal Justice,NA,0047-2352,2026-04-01,NA,els2023deal
Journal of Critical Care,NA,0883-9441,2026-04-01,NA,els2023deal
Journal of Crystal Growth,NA,0022-0248,2026-04-01,NA,els2023deal
Journal of Cultural Heritage,NA,1296-2074,2026-04-01,NA,els2023deal
Journal of Cycling and Micromobility Research,NA,2950-1059,2026-04-01,NA,els2023deal
Journal of Cystic Fibrosis,NA,1569-1993,2026-04-01,NA,els2023deal
Journal of Dairy Science,NA,0022-0302,2026-04-01,NA,els2023deal
Journal of Dentistry,NA,0300-5712,2026-04-01,NA,els2023deal
Journal of Dermatological Science,NA,0923-1811,2026-04-01,NA,els2023deal
Journal of Destination Marketing & Management,NA,2212-571X,2026-04-01,NA,els2023deal
Journal of Development Economics,NA,0304-3878,2026-04-01,NA,els2023deal
Journal of Diabetes and its Complications,NA,1056-8727,2026-04-01,NA,els2023deal
Journal of Differential Equations,NA,0022-0396,2026-04-01,NA,els2023deal
Journal of Drug Delivery Science and Technology,NA,1773-2247,2026-04-01,NA,els2023deal
Journal of Econometrics,NA,0304-4076,2026-04-01,NA,els2023deal
Journal of Economic Behavior & Organization,NA,0167-2681,2026-04-01,NA,els2023deal
Journal of Economic Criminology,NA,2949-7914,2026-04-01,NA,els2023deal
Journal of Economic Dynamics and Control,NA,0165-1889,2026-04-01,NA,els2023deal
Journal of Economic Psychology,NA,0167-4870,2026-04-01,NA,els2023deal
Journal of Economic Theory,NA,0022-0531,2026-04-01,NA,els2023deal
Journal of Economics and Business,NA,0148-6195,2026-04-01,NA,els2023deal
Journal of Electroanalytical Chemistry,NA,1572-6657,2026-04-01,NA,els2023deal
Journal of Electrocardiology,NA,0022-0736,2026-04-01,NA,els2023deal
Journal of Electromyography and Kinesiology,NA,1050-6411,2026-04-01,NA,els2023deal
Journal of Electron Spectroscopy and Related Phenomena,NA,0368-2048,2026-04-01,NA,els2023deal
Journal of Electrostatics,NA,0304-3886,2026-04-01,NA,els2023deal
Journal of Emergency Nursing,NA,0099-1767,2026-04-01,NA,els2023deal
Journal of Empirical Finance,NA,0927-5398,2026-04-01,NA,els2023deal
Journal of Endodontics,NA,0099-2399,2026-04-01,NA,els2023deal
Journal of Energy Chemistry,NA,2095-4956,2026-04-01,NA,els2023deal
Journal of Energy Storage,NA,2352-152X,2026-04-01,NA,els2023deal
Journal of Engineering and Technology Management,NA,0923-4748,2026-04-01,NA,els2023deal
Journal of Engineering Research,NA,2307-1877,2026-04-01,NA,els2023deal
Journal of English for Academic Purposes,NA,1475-1585,2026-04-01,NA,els2023deal
Journal of Environmental Chemical Engineering,NA,2213-3437,2026-04-01,NA,els2023deal
Journal of Environmental Economics and Management,NA,0095-0696,2026-04-01,NA,els2023deal
Journal of Environmental Management,NA,0301-4797,2026-04-01,NA,els2023deal
Journal of Environmental Psychology,NA,0272-4944,2026-04-01,NA,els2023deal
Journal of Environmental Radioactivity,NA,0265-931X,2026-04-01,NA,els2023deal
Journal of Environmental Sciences,NA,1001-0742,2026-04-01,NA,els2023deal
Journal of Epidemiology and Population Health,NA,2950-4333,2026-04-01,NA,els2023deal
Journal of Equine Veterinary Science,NA,0737-0806,2026-04-01,NA,els2023deal
Journal of Ethnopharmacology,NA,0378-8741,2026-04-01,NA,els2023deal
Journal of Evidence-Based Dental Practice,NA,1532-3382,2026-04-01,NA,els2023deal
Journal of Exercise Science & Fitness,NA,1728-869X,2026-04-01,NA,els2023deal
Journal of Exotic Pet Medicine,NA,1557-5063,2026-04-01,NA,els2023deal
Journal of Experimental Child Psychology,NA,0022-0965,2026-04-01,NA,els2023deal
Journal of Experimental Horticulture,NA,3051-1186,2026-04-01,NA,els2023deal
Journal of Experimental Marine Biology and Ecology,NA,0022-0981,2026-04-01,NA,els2023deal
Journal of Experimental Social Psychology,NA,0022-1031,2026-04-01,NA,els2023deal
Journal of Family Business Strategy,NA,1877-8585,2026-04-01,NA,els2023deal
Journal of Financial Economics,NA,0304-405X,2026-04-01,NA,els2023deal
Journal of Financial Intermediation,NA,1042-9573,2026-04-01,NA,els2023deal
Journal of Financial Markets,NA,1386-4181,2026-04-01,NA,els2023deal
Journal of Financial Stability,NA,1572-3089,2026-04-01,NA,els2023deal
Journal of Fluency Disorders,NA,0094-730X,2026-04-01,NA,els2023deal
Journal of Fluids and Structures,NA,0889-9746,2026-04-01,NA,els2023deal
Journal of Fluorine Chemistry,NA,0022-1139,2026-04-01,NA,els2023deal
Journal of Food Composition and Analysis,NA,0889-1575,2026-04-01,NA,els2023deal
Journal of Food Engineering,NA,0260-8774,2026-04-01,NA,els2023deal
Journal of Food Protection,NA,0362-028X,2026-04-01,NA,els2023deal
Journal of Forensic and Legal Medicine,NA,1752-928X,2026-04-01,NA,els2023deal
Journal of Functional Analysis,NA,0022-1236,2026-04-01,NA,els2023deal
Journal of Functional Foods,NA,1756-4646,2026-04-01,NA,els2023deal
Journal of Gastrointestinal Surgery,NA,1091-255X,2026-04-01,NA,els2023deal
Journal of Gastrointestinal Surgery Open,NA,3117-3586,2026-04-01,NA,els2023deal
Journal of Genetic Engineering and Biotechnology,NA,1687-157X,2026-04-01,NA,els2023deal
Journal of Genetics and Genomics,NA,1673-8527,2026-04-01,NA,els2023deal
Journal of Geochemical Exploration,NA,0375-6742,2026-04-01,NA,els2023deal
Journal of Geodynamics,NA,0264-3707,2026-04-01,NA,els2023deal
Journal of Geometry and Physics,NA,0393-0440,2026-04-01,NA,els2023deal
Journal of Geriatric Oncology,NA,1879-4068,2026-04-01,NA,els2023deal
Journal of Global Antimicrobial Resistance,NA,2213-7165,2026-04-01,NA,els2023deal
Journal of Great Lakes Research,NA,0380-1330,2026-04-01,NA,els2023deal
Journal of Gynecology Obstetrics and Human Reproduction,NA,2468-7847,2026-04-01,NA,els2023deal
Journal of Hand and Microsurgery,NA,0974-3227,2026-04-01,NA,els2023deal
Journal of Hand Surgery Global Online,NA,2589-5141,2026-04-01,NA,els2023deal
Journal of Hand Therapy,NA,0894-1130,2026-04-01,NA,els2023deal
Journal of Hazardous Materials,NA,0304-3894,2026-04-01,NA,els2023deal
Journal of Hazardous Materials Advances,NA,2772-4166,2026-04-01,NA,els2023deal
Journal of Hazardous Materials Letters,NA,2666-9110,2026-04-01,NA,els2023deal
Journal of Hazardous Materials: Organics,NA,3051-0597,2026-04-01,NA,els2023deal
Journal of Hazardous Materials: Plastics,NA,3051-0600,2026-04-01,NA,els2023deal
Journal of Health Economics,NA,0167-6296,2026-04-01,NA,els2023deal
Journal of Healthcare Quality Research,NA,2603-6479,2026-04-01,NA,els2023deal
Journal of Hepatology,NA,0168-8278,2026-04-01,NA,els2023deal
Journal of Herbal Medicine,NA,2210-8033,2026-04-01,NA,els2023deal
Journal of High Energy Astrophysics,NA,2214-4048,2026-04-01,NA,els2023deal
Journal of Historical Geography,NA,0305-7488,2026-04-01,NA,els2023deal
Journal of Hospital Infection,NA,0195-6701,2026-04-01,NA,els2023deal
Journal of Hospitality and Tourism Management,NA,1447-6770,2026-04-01,NA,els2023deal
"Journal of Hospitality, Leisure, Sport & Tourism Education",NA,1473-8376,2026-04-01,NA,els2023deal
Journal of Housing Economics,NA,1051-1377,2026-04-01,NA,els2023deal
Journal of Human Evolution,NA,0047-2484,2026-04-01,NA,els2023deal
Journal of Hydro-environment Research,NA,1570-6443,2026-04-01,NA,els2023deal
Journal of Hydrology,NA,0022-1694,2026-04-01,NA,els2023deal
Journal of Hydrology X,NA,2589-9155,2026-04-01,NA,els2023deal
Journal of Hydrology: Regional Studies,NA,2214-5818,2026-04-01,NA,els2023deal
Journal of Immunological Methods,NA,0022-1759,2026-04-01,NA,els2023deal
Journal of Industrial and Engineering Chemistry,NA,1226-086X,2026-04-01,NA,els2023deal
Journal of Industrial Information Integration,NA,2452-414X,2026-04-01,NA,els2023deal
Journal of Infection,NA,0163-4453,2026-04-01,NA,els2023deal
Journal of Infection and Public Health,NA,1876-0341,2026-04-01,NA,els2023deal
Journal of Information Security and Applications,NA,2214-2126,2026-04-01,NA,els2023deal
Journal of Informetrics,NA,1751-1577,2026-04-01,NA,els2023deal
Journal of Innovation & Knowledge,NA,2444-569X,2026-04-01,NA,els2023deal
Journal of Inorganic Biochemistry,NA,0162-0134,2026-04-01,NA,els2023deal
Journal of Insect Physiology,NA,0022-1910,2026-04-01,NA,els2023deal
Journal of Integrative Medicine,NA,2095-4964,2026-04-01,NA,els2023deal
Journal of Intensive Medicine,NA,2667-100X,2026-04-01,NA,els2023deal
"Journal of International Accounting, Auditing and Taxation",NA,1061-9518,2026-04-01,NA,els2023deal
Journal of International Economics,NA,0022-1996,2026-04-01,NA,els2023deal
"Journal of International Financial Markets, Institutions & Money",NA,1042-4431,2026-04-01,NA,els2023deal
Journal of International Management,NA,1075-4253,2026-04-01,NA,els2023deal
Journal of International Money and Finance,NA,0261-5606,2026-04-01,NA,els2023deal
Journal of Interprofessional Education & Practice,NA,2405-4526,2026-04-01,NA,els2023deal
Journal of Invertebrate Pathology,NA,0022-2011,2026-04-01,NA,els2023deal
Journal of Investigative Dermatology,NA,0022-202X,2026-04-01,NA,els2023deal
Journal of Ionic Liquids,NA,2772-4220,2026-04-01,NA,els2023deal
Journal of ISAKOS,NA,2059-7754,2026-04-01,NA,els2023deal
Journal of Liver Transplantation,NA,2666-9676,2026-04-01,NA,els2023deal
Journal of Logical and Algebraic Methods in Programming,NA,2352-2208,2026-04-01,NA,els2023deal
Journal of Loss Prevention in the Process Industries,NA,0950-4230,2026-04-01,NA,els2023deal
Journal of Luminescence,NA,0022-2313,2026-04-01,NA,els2023deal
Journal of Macroeconomics,NA,0164-0704,2026-04-01,NA,els2023deal
Journal of Magnetic Resonance,NA,1090-7807,2026-04-01,NA,els2023deal
Journal of Magnetic Resonance Open,NA,2666-4410,2026-04-01,NA,els2023deal
Journal of Magnetism and Magnetic Materials,NA,0304-8853,2026-04-01,NA,els2023deal
Journal of Manufacturing Processes,NA,1526-6125,2026-04-01,NA,els2023deal
Journal of Manufacturing Systems,NA,0278-6125,2026-04-01,NA,els2023deal
Journal of Marine Systems,NA,0924-7963,2026-04-01,NA,els2023deal
Journal of Materials Processing Technology,NA,0924-0136,2026-04-01,NA,els2023deal
Journal of Materials Research and Technology,NA,2238-7854,2026-04-01,NA,els2023deal
Journal of Materials Science & Technology,NA,1005-0302,2026-04-01,NA,els2023deal
Journal of Materiomics,NA,2352-8478,2026-04-01,NA,els2023deal
Journal of Mathematical Analysis and Applications,NA,0022-247X,2026-04-01,NA,els2023deal
Journal of Mathematical Economics,NA,0304-4068,2026-04-01,NA,els2023deal
Journal of Mathematical Psychology,NA,0022-2496,2026-04-01,NA,els2023deal
Journal of Medical Imaging and Radiation Sciences,NA,1939-8654,2026-04-01,NA,els2023deal
Journal of Medical Mycology,NA,1156-5233,2026-04-01,NA,els2023deal
"Journal of Medicine, Surgery, and Public Health",NA,2949-916X,2026-04-01,NA,els2023deal
Journal of Membrane Science,NA,0376-7388,2026-04-01,NA,els2023deal
Journal of Membrane Science Letters,NA,2772-4212,2026-04-01,NA,els2023deal
Journal of Memory and Language,NA,0749-596X,2026-04-01,NA,els2023deal
Journal of Microbiological Methods,NA,0167-7012,2026-04-01,NA,els2023deal
"Journal of Microbiology, Immunology and Infection",NA,1684-1182,2026-04-01,NA,els2023deal
Journal of Migration and Health,NA,2666-6235,2026-04-01,NA,els2023deal
Journal of Minimally Invasive Gynecology,NA,1553-4650,2026-04-01,NA,els2023deal
Journal of Molecular and Cellular Cardiology,NA,0022-2828,2026-04-01,NA,els2023deal
Journal of Molecular and Cellular Cardiology Plus,NA,2772-9761,2026-04-01,NA,els2023deal
Journal of Molecular Biology,NA,0022-2836,2026-04-01,NA,els2023deal
Journal of Molecular Graphics and Modelling,NA,1093-3263,2026-04-01,NA,els2023deal
Journal of Molecular Liquids,NA,0167-7322,2026-04-01,NA,els2023deal
Journal of Molecular Spectroscopy,NA,0022-2852,2026-04-01,NA,els2023deal
Journal of Molecular Structure,NA,0022-2860,2026-04-01,NA,els2023deal
Journal of Monetary Economics,NA,0304-3932,2026-04-01,NA,els2023deal
Journal of Mood & Anxiety Disorders,NA,2950-0044,2026-04-01,NA,els2023deal
Journal of Multinational Financial Management,NA,1042-444X,2026-04-01,NA,els2023deal
Journal of Multivariate Analysis,NA,0047-259X,2026-04-01,NA,els2023deal
Journal of Natural Pesticide Research,NA,2773-0786,2026-04-01,NA,els2023deal
Journal of Neonatal Nursing,NA,1355-1841,2026-04-01,NA,els2023deal
Journal of Network and Computer Applications,NA,1084-8045,2026-04-01,NA,els2023deal
Journal of Neuroimmunology,NA,0165-5728,2026-04-01,NA,els2023deal
Journal of Neurolinguistics,NA,0911-6044,2026-04-01,NA,els2023deal
Journal of Neuroradiology,NA,0150-9861,2026-04-01,NA,els2023deal
Journal of Neurorestoratology,NA,2324-2426,2026-04-01,NA,els2023deal
Journal of Neuroscience Methods,NA,0165-0270,2026-04-01,NA,els2023deal
Journal of Non-Crystalline Solids,NA,0022-3093,2026-04-01,NA,els2023deal
Journal of Non-Newtonian Fluid Mechanics,NA,0377-0257,2026-04-01,NA,els2023deal
Journal of Nuclear Cardiology,NA,1071-3581,2026-04-01,NA,els2023deal
Journal of Nuclear Materials,NA,0022-3115,2026-04-01,NA,els2023deal
Journal of Number Theory,NA,0022-314X,2026-04-01,NA,els2023deal
Journal of Nursing Regulation,NA,2155-8256,2026-04-01,NA,els2023deal
Journal of Nutrition Education and Behavior,NA,1499-4046,2026-04-01,NA,els2023deal
Journal of Obsessive-Compulsive and Related Disorders,NA,2211-3649,2026-04-01,NA,els2023deal
"Journal of Obstetric, Gynecologic, & Neonatal Nursing",NA,0884-2175,2026-04-01,NA,els2023deal
Journal of Obstetrics and Gynaecology Canada,NA,1701-2163,2026-04-01,NA,els2023deal
Journal of Ocean Engineering and Science,NA,2468-0133,2026-04-01,NA,els2023deal
"Journal of Open Innovation: Technology, Market, and Complexity",NA,2199-8531,2026-04-01,NA,els2023deal
Journal of Optometry,NA,1888-4296,2026-04-01,NA,els2023deal
Journal of Oral and Maxillofacial Surgery,NA,0278-2391,2026-04-01,NA,els2023deal
"Journal of Oral and Maxillofacial Surgery, Medicine, and Pathology",NA,2212-5558,2026-04-01,NA,els2023deal
Journal of Oral Biology and Craniofacial Research,NA,2212-4268,2026-04-01,NA,els2023deal
Journal of Oral Biosciences,NA,1349-0079,2026-04-01,NA,els2023deal
Journal of Organometallic Chemistry,NA,0022-328X,2026-04-01,NA,els2023deal
Journal of Orthopaedic Reports,NA,2773-157X,2026-04-01,NA,els2023deal
Journal of Orthopaedic Science,NA,0949-2658,2026-04-01,NA,els2023deal
Journal of Orthopaedic Translation,NA,2214-031X,2026-04-01,NA,els2023deal
Journal of Orthopaedics,NA,0972-978X,2026-04-01,NA,els2023deal
Journal of Outdoor Recreation and Tourism,NA,2213-0780,2026-04-01,NA,els2023deal
Journal of Pain and Symptom Management,NA,0885-3924,2026-04-01,NA,els2023deal
Journal of Parallel and Distributed Computing,NA,0743-7315,2026-04-01,NA,els2023deal
Journal of Pathology Informatics,NA,2153-3539,2026-04-01,NA,els2023deal
Journal of Pediatric and Adolescent Gynecology,NA,1083-3188,2026-04-01,NA,els2023deal
Journal of Pediatric Health Care,NA,0891-5245,2026-04-01,NA,els2023deal
Journal of Pediatric Nursing,NA,0882-5963,2026-04-01,NA,els2023deal
Journal of Pediatric Surgery,NA,0022-3468,2026-04-01,NA,els2023deal
Journal of Pediatric Surgery Case Reports,NA,2213-5766,2026-04-01,NA,els2023deal
Journal of Pediatric Surgery Open,NA,2949-7116,2026-04-01,NA,els2023deal
Journal of Pediatric Urology,NA,1477-5131,2026-04-01,NA,els2023deal
Journal of PeriAnesthesia Nursing,NA,1089-9472,2026-04-01,NA,els2023deal
Journal of Pharmaceutical Analysis,NA,2095-1779,2026-04-01,NA,els2023deal
Journal of Pharmaceutical and Biomedical Analysis,NA,0731-7085,2026-04-01,NA,els2023deal
Journal of Pharmaceutical and Biomedical Analysis Open,NA,2949-771X,2026-04-01,NA,els2023deal
Journal of Pharmaceutical Sciences,NA,0022-3549,2026-04-01,NA,els2023deal
Journal of Pharmacological and Toxicological Methods,NA,1056-8719,2026-04-01,NA,els2023deal
Journal of Pharmacological Sciences,NA,1347-8613,2026-04-01,NA,els2023deal
Journal of Phonetics,NA,0095-4470,2026-04-01,NA,els2023deal
Journal of Photochemistry and Photobiology,NA,2666-4690,2026-04-01,NA,els2023deal
Journal of Photochemistry and Photobiology A: Chemistry,NA,1010-6030,2026-04-01,NA,els2023deal
Journal of Photochemistry and Photobiology B: Biology,NA,1011-1344,2026-04-01,NA,els2023deal
Journal of Photochemistry and Photobiology C: Photochemistry Reviews,NA,1389-5567,2026-04-01,NA,els2023deal
Journal of Physics and Chemistry of Solids,NA,0022-3697,2026-04-01,NA,els2023deal
Journal of Plant Physiology,NA,0176-1617,2026-04-01,NA,els2023deal
"Journal of Plastic, Reconstructive & Aesthetic Surgery",NA,1748-6815,2026-04-01,NA,els2023deal
Journal of Policy Modeling,NA,0161-8938,2026-04-01,NA,els2023deal
Journal of Power Sources,NA,0378-7753,2026-04-01,NA,els2023deal
Journal of Power Sources Advances,NA,2666-2485,2026-04-01,NA,els2023deal
Journal of Pragmatics,NA,0378-2166,2026-04-01,NA,els2023deal
Journal of Process Control,NA,0959-1524,2026-04-01,NA,els2023deal
Journal of Professional Nursing,NA,8755-7223,2026-04-01,NA,els2023deal
Journal of Proteomics,NA,1874-3919,2026-04-01,NA,els2023deal
Journal of Psychiatric Research,NA,0022-3956,2026-04-01,NA,els2023deal
Journal of Psychosomatic Research,NA,0022-3999,2026-04-01,NA,els2023deal
Journal of Public Economics,NA,0047-2727,2026-04-01,NA,els2023deal
Journal of Public Transportation,NA,1077-291X,2026-04-01,NA,els2023deal
Journal of Purchasing and Supply Management,NA,1478-4092,2026-04-01,NA,els2023deal
Journal of Pure and Applied Algebra,NA,0022-4049,2026-04-01,NA,els2023deal
Journal of Pyrogeography,NA,3051-0678,2026-04-01,NA,els2023deal
Journal of Quantitative Spectroscopy & Radiative Transfer,NA,0022-4073,2026-04-01,NA,els2023deal
Journal of Radiation Research and Applied Sciences,NA,1687-8507,2026-04-01,NA,els2023deal
Journal of Radiology Nursing,NA,1546-0843,2026-04-01,NA,els2023deal
Journal of Rail Transport Planning & Management,NA,2210-9706,2026-04-01,NA,els2023deal
Journal of Rare Earths,NA,1002-0721,2026-04-01,NA,els2023deal
Journal of Renal Nutrition,NA,1051-2276,2026-04-01,NA,els2023deal
Journal of Reproductive Immunology,NA,0165-0378,2026-04-01,NA,els2023deal
Journal of Research in Personality,NA,0092-6566,2026-04-01,NA,els2023deal
Journal of Responsible Technology,NA,2666-6596,2026-04-01,NA,els2023deal
Journal of Retailing,NA,0022-4359,2026-04-01,NA,els2023deal
Journal of Retailing and Consumer Services,NA,0969-6989,2026-04-01,NA,els2023deal
Journal of Rural Studies,NA,0743-0167,2026-04-01,NA,els2023deal
Journal of Safety Research,NA,0022-4375,2026-04-01,NA,els2023deal
Journal of School Psychology,NA,0022-4405,2026-04-01,NA,els2023deal
Journal of Science and Medicine in Sport,NA,1440-2440,2026-04-01,NA,els2023deal
Journal of Science: Advanced Materials and Devices,NA,2468-2179,2026-04-01,NA,els2023deal
Journal of Sea Research,NA,1385-1101,2026-04-01,NA,els2023deal
Journal of Second Language Writing,NA,1060-3743,2026-04-01,NA,els2023deal
Journal of Shoulder and Elbow Arthroplasty,NA,2471-5492,2026-04-01,NA,els2023deal
Journal of Shoulder and Elbow Surgery,NA,1058-2746,2026-04-01,NA,els2023deal
Journal of Solid State Chemistry,NA,0022-4596,2026-04-01,NA,els2023deal
Journal of Sound and Vibration,NA,0022-460X,2026-04-01,NA,els2023deal
Journal of South American Earth Sciences,NA,0895-9811,2026-04-01,NA,els2023deal
Journal of Space Safety Engineering,NA,2468-8967,2026-04-01,NA,els2023deal
"Journal of Sports Medicine, Animal Rehabilitation and Physiotherapy",NA,3117-3918,2026-04-01,NA,els2023deal
Journal of Statistical Planning and Inference,NA,0378-3758,2026-04-01,NA,els2023deal
"Journal of Stomatology, Oral and Maxillofacial Surgery",NA,2468-7855,2026-04-01,NA,els2023deal
Journal of Stored Products Research,NA,0022-474X,2026-04-01,NA,els2023deal
Journal of Strategy & Innovation,NA,3050-7901,2026-04-01,NA,els2023deal
Journal of Stroke & Cerebrovascular Diseases,NA,1052-3057,2026-04-01,NA,els2023deal
Journal of Structural Biology,NA,1047-8477,2026-04-01,NA,els2023deal
Journal of Structural Biology: X,NA,2590-1524,2026-04-01,NA,els2023deal
Journal of Structural Geology,NA,0191-8141,2026-04-01,NA,els2023deal
Journal of Subatomic Particles and Cosmology,NA,3050-4805,2026-04-01,NA,els2023deal
Journal of Substance Use and Addiction Treatment,NA,2949-8759,2026-04-01,NA,els2023deal
Journal of Surgical Education,NA,1931-7204,2026-04-01,NA,els2023deal
Journal of Surgical Research,NA,0022-4804,2026-04-01,NA,els2023deal
Journal of Sustainable Finance and Accounting,NA,2950-3701,2026-04-01,NA,els2023deal
Journal of Symbolic Computation,NA,0747-7171,2026-04-01,NA,els2023deal
Journal of Systems and Software,NA,0164-1212,2026-04-01,NA,els2023deal
Journal of Systems Architecture,NA,1383-7621,2026-04-01,NA,els2023deal
Journal of the Academy of Consultation-Liaison Psychiatry,NA,2667-2960,2026-04-01,NA,els2023deal
Journal of the Academy of Nutrition and Dietetics,NA,2212-2672,2026-04-01,NA,els2023deal
Journal of the Air Transport Research Society,NA,2941-198X,2026-04-01,NA,els2023deal
Journal of the American Academy of Child & Adolescent Psychiatry,NA,0890-8567,2026-04-01,NA,els2023deal
Journal of the American Academy of Dermatology,NA,0190-9622,2026-04-01,NA,els2023deal
Journal of the American College of Radiology,NA,1546-1440,2026-04-01,NA,els2023deal
Journal of the American Medical Directors Association,NA,1525-8610,2026-04-01,NA,els2023deal
Journal of the American Pharmacists Association,NA,1544-3191,2026-04-01,NA,els2023deal
Journal of the American Society of Cytopathology,NA,2213-2945,2026-04-01,NA,els2023deal
Journal of the American Society of Echocardiography,NA,0894-7317,2026-04-01,NA,els2023deal
Journal of the Energy Institute,NA,1743-9671,2026-04-01,NA,els2023deal
Journal of the European Ceramic Society,NA,0955-2219,2026-04-01,NA,els2023deal
Journal of the European Meteorological Society,NA,2950-6301,2026-04-01,NA,els2023deal
Journal of the Franklin Institute,NA,0016-0032,2026-04-01,NA,els2023deal
Journal of the Indian Chemical Society,NA,0019-4522,2026-04-01,NA,els2023deal
Journal of the Japanese and International Economies,NA,0889-1583,2026-04-01,NA,els2023deal
Journal of the Mechanical Behavior of Biomedical Materials,NA,1751-6161,2026-04-01,NA,els2023deal
Journal of the Mechanics and Physics of Solids,NA,0022-5096,2026-04-01,NA,els2023deal
Journal of the National Cancer Center,NA,2667-0054,2026-04-01,NA,els2023deal
Journal of the National Medical Association,NA,0027-9684,2026-04-01,NA,els2023deal
Journal of the Neurological Sciences,NA,0022-510X,2026-04-01,NA,els2023deal
Journal of the Pediatric Orthopaedic Society of North America,NA,2768-2765,2026-04-01,NA,els2023deal
Journal of the Society for Cardiovascular Angiography & Interventions,NA,2772-9303,2026-04-01,NA,els2023deal
Journal of the Taiwan Institute of Chemical Engineers,NA,1876-1070,2026-04-01,NA,els2023deal
Journal of the World Federation of Orthodontists,NA,2212-4438,2026-04-01,NA,els2023deal
Journal of Theoretical Biology,NA,0022-5193,2026-04-01,NA,els2023deal
Journal of Thermal Biology,NA,0306-4565,2026-04-01,NA,els2023deal
Journal of Thoracic Oncology,NA,1556-0864,2026-04-01,NA,els2023deal
Journal of Thrombosis and Haemostasis,NA,1538-7836,2026-04-01,NA,els2023deal
Journal of Tissue Viability,NA,0965-206X,2026-04-01,NA,els2023deal
Journal of Trace Elements and Minerals,NA,2773-0506,2026-04-01,NA,els2023deal
Journal of Trace Elements in Medicine and Biology,NA,0946-672X,2026-04-01,NA,els2023deal
Journal of Translational Autoimmunity,NA,2589-9090,2026-04-01,NA,els2023deal
Journal of Transport & Health,NA,2214-1405,2026-04-01,NA,els2023deal
Journal of Transport Geography,NA,0966-6923,2026-04-01,NA,els2023deal
Journal of Urban Economics,NA,0094-1190,2026-04-01,NA,els2023deal
Journal of Urban Management,NA,2226-5856,2026-04-01,NA,els2023deal
Journal of Urban Mobility,NA,2667-0917,2026-04-01,NA,els2023deal
Journal of Vascular and Interventional Radiology,NA,1051-0443,2026-04-01,NA,els2023deal
Journal of Vascular Nursing,NA,1062-0303,2026-04-01,NA,els2023deal
Journal of Vascular Surgery,NA,0741-5214,2026-04-01,NA,els2023deal
"Journal of Vascular Surgery Cases, Innovations and Techniques",NA,2468-4287,2026-04-01,NA,els2023deal
Journal of Vascular Surgery: Venous and Lymphatic Disorders,NA,2213-333X,2026-04-01,NA,els2023deal
Journal of Veterinary Behavior,NA,1558-7878,2026-04-01,NA,els2023deal
Journal of Veterinary Cardiology,NA,1760-2734,2026-04-01,NA,els2023deal
Journal of Virological Methods,NA,0166-0934,2026-04-01,NA,els2023deal
Journal of Virus Eradication,NA,2055-6640,2026-04-01,NA,els2023deal
Journal of Visceral Surgery,NA,1878-7886,2026-04-01,NA,els2023deal
Journal of Visual Communication and Image Representation,NA,1047-3203,2026-04-01,NA,els2023deal
Journal of Vocational Behavior,NA,0001-8791,2026-04-01,NA,els2023deal
Journal of Voice,NA,0892-1997,2026-04-01,NA,els2023deal
Journal of Volcanology and Geothermal Research,NA,0377-0273,2026-04-01,NA,els2023deal
Journal of Water Process Engineering,NA,2214-7144,2026-04-01,NA,els2023deal
Journal of Web Semantics,NA,1570-8268,2026-04-01,NA,els2023deal
Journal of Wind Engineering and Industrial Aerodynamics,NA,0167-6105,2026-04-01,NA,els2023deal
Journal of World Business,NA,1090-9516,2026-04-01,NA,els2023deal
JPRAS Open,NA,2352-5878,2026-04-01,NA,els2023deal
JSAMS Plus,NA,2772-6967,2026-04-01,NA,els2023deal
JSES International,NA,2666-6383,2026-04-01,NA,els2023deal
"JSES Reviews, Reports, and Techniques",NA,2666-6391,2026-04-01,NA,els2023deal
JTCVS Open,NA,2666-2736,2026-04-01,NA,els2023deal
JTCVS Structural and Endovascular,NA,2950-6050,2026-04-01,NA,els2023deal
JTCVS Techniques,NA,2666-2507,2026-04-01,NA,els2023deal
JTO Clinical and Research Reports,NA,2666-3643,2026-04-01,NA,els2023deal
JVS-Vascular Insights,NA,2949-9127,2026-04-01,NA,els2023deal
JVS-Vascular Science,NA,2666-3503,2026-04-01,NA,els2023deal
Kidney International,NA,0085-2538,2026-04-01,NA,els2023deal
Kidney International Case Reports,NA,3117-471X,2026-04-01,NA,els2023deal
Kidney International Reports,NA,2468-0249,2026-04-01,NA,els2023deal
Kidney Medicine,NA,2590-0595,2026-04-01,NA,els2023deal
"Kinésithérapie, la Revue",NA,1779-0123,2026-04-01,NA,els2023deal
Knowledge-Based Systems,NA,0950-7051,2026-04-01,NA,els2023deal
KSCE Journal of Civil Engineering,NA,1226-7988,2026-04-01,NA,els2023deal
La Presse Médicale,NA,0755-4982,2026-04-01,NA,els2023deal
La Presse Médicale Formation,NA,2666-4798,2026-04-01,NA,els2023deal
La Revue de Médecine Interne,NA,0248-8663,2026-04-01,NA,els2023deal
Laboratory Investigation,NA,0023-6837,2026-04-01,NA,els2023deal
Labour Economics,NA,0927-5371,2026-04-01,NA,els2023deal
Land Use Policy,NA,0264-8377,2026-04-01,NA,els2023deal
Landscape and Urban Planning,NA,0169-2046,2026-04-01,NA,els2023deal
Language & Communication,NA,0271-5309,2026-04-01,NA,els2023deal
Language Sciences,NA,0388-0001,2026-04-01,NA,els2023deal
L'Anthropologie,NA,0003-5521,2026-04-01,NA,els2023deal
Latin American Transport Studies,NA,2950-0249,2026-04-01,NA,els2023deal
Le Pharmacien Clinicien,NA,2772-9532,2026-04-01,NA,els2023deal
Le Praticien en Anesthésie Réanimation,NA,1279-7960,2026-04-01,NA,els2023deal
Learning and Individual Differences,NA,1041-6080,2026-04-01,NA,els2023deal
Learning and Instruction,NA,0959-4752,2026-04-01,NA,els2023deal
Learning and Motivation,NA,0023-9690,2026-04-01,NA,els2023deal
Learning in Context,NA,3050-578X,2026-04-01,NA,els2023deal
"Learning, Culture and Social Interaction",NA,2210-6561,2026-04-01,NA,els2023deal
Legal Medicine,NA,1344-6223,2026-04-01,NA,els2023deal
L'Encéphale,NA,0013-7006,2026-04-01,NA,els2023deal
Leukemia Research,NA,0145-2126,2026-04-01,NA,els2023deal
Leukemia Research Reports,NA,2213-0489,2026-04-01,NA,els2023deal
L'Évolution Psychiatrique,NA,0014-3855,2026-04-01,NA,els2023deal
Library & Information Science Research,NA,0740-8188,2026-04-01,NA,els2023deal
Life Sciences,NA,0024-3205,2026-04-01,NA,els2023deal
Life Sciences in Space Research,NA,2214-5524,2026-04-01,NA,els2023deal
Limnologica,NA,0075-9511,2026-04-01,NA,els2023deal
Linear Algebra and its Applications,NA,0024-3795,2026-04-01,NA,els2023deal
Lingua,NA,0024-3841,2026-04-01,NA,els2023deal
Linguistics and Education,NA,0898-5898,2026-04-01,NA,els2023deal
Lithos,NA,0024-4937,2026-04-01,NA,els2023deal
Livestock Science,NA,1871-1413,2026-04-01,NA,els2023deal
Long Range Planning,NA,0024-6301,2026-04-01,NA,els2023deal
Lung Cancer,NA,0169-5002,2026-04-01,NA,els2023deal
LWT,NA,0023-6438,2026-04-01,NA,els2023deal
Machine Learning with Applications,NA,2666-8270,2026-04-01,NA,els2023deal
Magnetic Resonance Imaging,NA,0730-725X,2026-04-01,NA,els2023deal
Management Accounting Research,NA,1044-5005,2026-04-01,NA,els2023deal
Manufacturing Letters,NA,2213-8463,2026-04-01,NA,els2023deal
Marine Chemistry,NA,0304-4203,2026-04-01,NA,els2023deal
Marine Environmental Research,NA,0141-1136,2026-04-01,NA,els2023deal
Marine Genomics,NA,1874-7787,2026-04-01,NA,els2023deal
Marine Geology,NA,0025-3227,2026-04-01,NA,els2023deal
Marine Geoscience and Energy Resources,NA,3117-5775,2026-04-01,NA,els2023deal
Marine Micropaleontology,NA,0377-8398,2026-04-01,NA,els2023deal
Marine Policy,NA,0308-597X,2026-04-01,NA,els2023deal
Marine Pollution Bulletin,NA,0025-326X,2026-04-01,NA,els2023deal
Marine Structures,NA,0951-8339,2026-04-01,NA,els2023deal
Maritime Transport Research,NA,2666-822X,2026-04-01,NA,els2023deal
Marketing Strategy Journal,NA,2950-3086,2026-04-01,NA,els2023deal
Mass Gathering Medicine,NA,3050-4562,2026-04-01,NA,els2023deal
Materialia,NA,2589-1529,2026-04-01,NA,els2023deal
Materials & Design,NA,0264-1275,2026-04-01,NA,els2023deal
Materials Characterization,NA,1044-5803,2026-04-01,NA,els2023deal
Materials Chemistry and Physics,NA,0254-0584,2026-04-01,NA,els2023deal
Materials Chemistry and Physics: Sustainability and Energy,NA,3050-4716,2026-04-01,NA,els2023deal
Materials Letters,NA,0167-577X,2026-04-01,NA,els2023deal
Materials Letters: X,NA,2590-1508,2026-04-01,NA,els2023deal
Materials Research Bulletin,NA,0025-5408,2026-04-01,NA,els2023deal
Materials Science and Engineering: A,NA,0921-5093,2026-04-01,NA,els2023deal
Materials Science and Engineering: B,NA,0921-5107,2026-04-01,NA,els2023deal
Materials Science and Engineering: R: Reports,NA,0927-796X,2026-04-01,NA,els2023deal
Materials Science in Semiconductor Processing,NA,1369-8001,2026-04-01,NA,els2023deal
Materials Today,NA,1369-7021,2026-04-01,NA,els2023deal
Materials Today Advances,NA,2590-0498,2026-04-01,NA,els2023deal
Materials Today Bio,NA,2590-0064,2026-04-01,NA,els2023deal
Materials Today Catalysis,NA,2949-754X,2026-04-01,NA,els2023deal
Materials Today Chemistry,NA,2468-5194,2026-04-01,NA,els2023deal
Materials Today Communications,NA,2352-4928,2026-04-01,NA,els2023deal
Materials Today Electronics,NA,2772-9494,2026-04-01,NA,els2023deal
Materials Today Energy,NA,2468-6069,2026-04-01,NA,els2023deal
Materials Today Nano,NA,2588-8420,2026-04-01,NA,els2023deal
Materials Today Physics,NA,2542-5293,2026-04-01,NA,els2023deal
Materials Today Quantum,NA,2950-2578,2026-04-01,NA,els2023deal
Materials Today Sustainability,NA,2589-2347,2026-04-01,NA,els2023deal
Mathematical Biosciences,NA,0025-5564,2026-04-01,NA,els2023deal
Mathematical Social Sciences,NA,0165-4896,2026-04-01,NA,els2023deal
Mathematics and Computers in Simulation,NA,0378-4754,2026-04-01,NA,els2023deal
Matrix Biology,NA,0945-053X,2026-04-01,NA,els2023deal
Matrix Biology Plus,NA,2590-0285,2026-04-01,NA,els2023deal
Matter,NA,2590-2385,2026-04-01,NA,els2023deal
Maturitas,NA,0378-5122,2026-04-01,NA,els2023deal
Mayo Clinic Proceedings,NA,0025-6196,2026-04-01,NA,els2023deal
Mayo Clinic Proceedings: Digital Health,NA,2949-7612,2026-04-01,NA,els2023deal
"Mayo Clinic Proceedings: Innovations, Quality & Outcomes",NA,2542-4548,2026-04-01,NA,els2023deal
Measurement,NA,0263-2241,2026-04-01,NA,els2023deal
Measurement and Evaluations in Cancer Care,NA,2949-8775,2026-04-01,NA,els2023deal
Measurement: Digitalization,NA,3050-6441,2026-04-01,NA,els2023deal
Measurement: Energy,NA,2950-3450,2026-04-01,NA,els2023deal
Measurement: Food,NA,2772-2759,2026-04-01,NA,els2023deal
Measurement: Sensors,NA,2665-9174,2026-04-01,NA,els2023deal
Meat Science,NA,0309-1740,2026-04-01,NA,els2023deal
Mechanical Systems and Signal Processing,NA,0888-3270,2026-04-01,NA,els2023deal
Mechanics of Materials,NA,0167-6636,2026-04-01,NA,els2023deal
Mechanics Research Communications,NA,0093-6413,2026-04-01,NA,els2023deal
Mechanism and Machine Theory,NA,0094-114X,2026-04-01,NA,els2023deal
Mechanisms of Ageing and Development,NA,0047-6374,2026-04-01,NA,els2023deal
Mechanobiology in Medicine,NA,2949-9070,2026-04-01,NA,els2023deal
Mechatronics,NA,0957-4158,2026-04-01,NA,els2023deal
Med,NA,2666-6340,2026-04-01,NA,els2023deal
Médecine & Droit,NA,1246-7391,2026-04-01,NA,els2023deal
Médecine de Catastrophe - Urgences Collectives,NA,1279-8479,2026-04-01,NA,els2023deal
Médecine des Maladies Métaboliques,NA,1957-2557,2026-04-01,NA,els2023deal
Médecine du Sommeil,NA,1769-4493,2026-04-01,NA,els2023deal
Médecine Nucléaire,NA,0928-1258,2026-04-01,NA,els2023deal
Médecine Palliative,NA,1636-6522,2026-04-01,NA,els2023deal
Medical Dosimetry,NA,0958-3947,2026-04-01,NA,els2023deal
Medical Hypotheses,NA,0306-9877,2026-04-01,NA,els2023deal
Medical Image Analysis,NA,1361-8415,2026-04-01,NA,els2023deal
Medical Mycology Case Reports,NA,2211-7539,2026-04-01,NA,els2023deal
Medical Reports,NA,2949-9186,2026-04-01,NA,els2023deal
Medicina Clínica,NA,0025-7753,2026-04-01,NA,els2023deal
Medicina Clínica (English Edition),NA,2387-0206,2026-04-01,NA,els2023deal
Medicina Clínica Práctica,NA,2603-9249,2026-04-01,NA,els2023deal
Medicina de Familia. SEMERGEN,NA,1138-3593,2026-04-01,NA,els2023deal
Medicina Intensiva,NA,0210-5691,2026-04-01,NA,els2023deal
Medicina Intensiva (English Edition),NA,2173-5727,2026-04-01,NA,els2023deal
Medicine in Drug Discovery,NA,2590-0986,2026-04-01,NA,els2023deal
Medicine in Microecology,NA,2590-0978,2026-04-01,NA,els2023deal
Medicine in Novel Technology and Devices,NA,2590-0935,2026-04-01,NA,els2023deal
Medicine in Omics,NA,2590-1249,2026-04-01,NA,els2023deal
"Memories - Materials, Devices, Circuits and Systems",NA,2773-0646,2026-04-01,NA,els2023deal
Mental Health & Prevention,NA,2212-6570,2026-04-01,NA,els2023deal
Mental Health and Physical Activity,NA,1755-2966,2026-04-01,NA,els2023deal
Metabolic Engineering,NA,1096-7176,2026-04-01,NA,els2023deal
Metabolic Engineering Communications,NA,2214-0301,2026-04-01,NA,els2023deal
Metabolism,NA,0026-0495,2026-04-01,NA,els2023deal
Metabolism Open,NA,2589-9368,2026-04-01,NA,els2023deal
Methods,NA,1046-2023,2026-04-01,NA,els2023deal
Methods in Psychology,NA,2590-2601,2026-04-01,NA,els2023deal
MethodsX,NA,2215-0161,2026-04-01,NA,els2023deal
Micro and Nano Engineering,NA,2590-0072,2026-04-01,NA,els2023deal
Micro and Nanostructures,NA,2773-0123,2026-04-01,NA,els2023deal
Microbial Pathogenesis,NA,0882-4010,2026-04-01,NA,els2023deal
Microbial Risk Analysis,NA,2352-3522,2026-04-01,NA,els2023deal
Microbiological Research,NA,0944-5013,2026-04-01,NA,els2023deal
Microchemical Journal,NA,0026-265X,2026-04-01,NA,els2023deal
Microelectronic Engineering,NA,0167-9317,2026-04-01,NA,els2023deal
Microelectronics Journal,NA,1879-2391,2026-04-01,NA,els2023deal
Microelectronics Reliability,NA,0026-2714,2026-04-01,NA,els2023deal
Micron,NA,0968-4328,2026-04-01,NA,els2023deal
Microporous and Mesoporous Materials,NA,1387-1811,2026-04-01,NA,els2023deal
Microprocessors and Microsystems,NA,0141-9331,2026-04-01,NA,els2023deal
Microvascular Research,NA,0026-2862,2026-04-01,NA,els2023deal
Midwifery,NA,0266-6138,2026-04-01,NA,els2023deal
Minerals Engineering,NA,0892-6875,2026-04-01,NA,els2023deal
Mitochondrion,NA,1567-7249,2026-04-01,NA,els2023deal
Modern Pathology,NA,0893-3952,2026-04-01,NA,els2023deal
Molecular and Biochemical Parasitology,NA,0166-6851,2026-04-01,NA,els2023deal
Molecular and Cellular Endocrinology,NA,0303-7207,2026-04-01,NA,els2023deal
Molecular and Cellular Neuroscience,NA,1044-7431,2026-04-01,NA,els2023deal
Molecular and Cellular Probes,NA,0890-8508,2026-04-01,NA,els2023deal
Molecular Aspects of Medicine,NA,0098-2997,2026-04-01,NA,els2023deal
Molecular Catalysis,NA,2468-8231,2026-04-01,NA,els2023deal
Molecular Cell,NA,1097-2765,2026-04-01,NA,els2023deal
Molecular Genetics and Metabolism,NA,1096-7192,2026-04-01,NA,els2023deal
Molecular Genetics and Metabolism Reports,NA,2214-4269,2026-04-01,NA,els2023deal
Molecular Immunology,NA,0161-5890,2026-04-01,NA,els2023deal
Molecular Metabolism,NA,2212-8778,2026-04-01,NA,els2023deal
Molecular Pharmacology,NA,0026-895X,2026-04-01,NA,els2023deal
Molecular Phylogenetics and Evolution,NA,1055-7903,2026-04-01,NA,els2023deal
Molecular Plant,NA,1674-2052,2026-04-01,NA,els2023deal
Molecular Therapy,NA,1525-0016,2026-04-01,NA,els2023deal
Molecular Therapy Advances,NA,3117-387X,2026-04-01,NA,els2023deal
Molecular Therapy: Nucleic Acids,NA,2162-2531,2026-04-01,NA,els2023deal
Molecular Therapy: Oncology,NA,2950-3299,2026-04-01,NA,els2023deal
Molecules and Cells,NA,1016-8478,2026-04-01,NA,els2023deal
Morphologie,NA,1286-0115,2026-04-01,NA,els2023deal
Motricité Cérébrale,NA,0245-5919,2026-04-01,NA,els2023deal
Mucosal Immunology,NA,1933-0219,2026-04-01,NA,els2023deal
Multimodal Transportation,NA,2772-5863,2026-04-01,NA,els2023deal
Multiple Sclerosis and Related Disorders,NA,2211-0348,2026-04-01,NA,els2023deal
Musculoskeletal Science and Practice,NA,2468-7812,2026-04-01,NA,els2023deal
Mutation Research: Fundamental and Molecular Mechanisms of Mutagenesis,NA,1386-1964,2026-04-01,NA,els2023deal
Mutation Research: Genetic Toxicology and Environmental Mutagenesis,NA,1383-5718,2026-04-01,NA,els2023deal
Mutation Research: Reviews in Mutation Research,NA,1383-5742,2026-04-01,NA,els2023deal
NAM Journal,NA,3050-6204,2026-04-01,NA,els2023deal
Nano Communication Networks,NA,1878-7789,2026-04-01,NA,els2023deal
Nano Energy,NA,2211-2855,2026-04-01,NA,els2023deal
Nano Today,NA,1748-0132,2026-04-01,NA,els2023deal
Nano Trends,NA,2666-9781,2026-04-01,NA,els2023deal
NanoImpact,NA,2452-0748,2026-04-01,NA,els2023deal
"Nanomedicine: Nanotechnology, Biology and Medicine",NA,1549-9634,2026-04-01,NA,els2023deal
Nano-Structures & Nano-Objects,NA,2352-507X,2026-04-01,NA,els2023deal
Natural Language Processing Journal,NA,2949-7191,2026-04-01,NA,els2023deal
Nature-Based Solutions,NA,2772-4115,2026-04-01,NA,els2023deal
NDT & E International,NA,0963-8695,2026-04-01,NA,els2023deal
Neoplasia,NA,1476-5586,2026-04-01,NA,els2023deal
Neural Networks,NA,0893-6080,2026-04-01,NA,els2023deal
Neurobiology of Aging,NA,0197-4580,2026-04-01,NA,els2023deal
Neurobiology of Disease,NA,0969-9961,2026-04-01,NA,els2023deal
Neurobiology of Learning and Memory,NA,1074-7427,2026-04-01,NA,els2023deal
Neurobiology of Pain,NA,2452-073X,2026-04-01,NA,els2023deal
Neurobiology of Sleep and Circadian Rhythms,NA,2451-9944,2026-04-01,NA,els2023deal
Neurobiology of Stress,NA,2352-2895,2026-04-01,NA,els2023deal
Neurochemistry International,NA,0197-0186,2026-04-01,NA,els2023deal
Neurochirurgie,NA,0028-3770,2026-04-01,NA,els2023deal
Neurocirugía,NA,1130-1473,2026-04-01,NA,els2023deal
Neurocirugía (English Edition),NA,2529-8496,2026-04-01,NA,els2023deal
Neurocomputing,NA,0925-2312,2026-04-01,NA,els2023deal
NeuroImage,NA,1053-8119,2026-04-01,NA,els2023deal
NeuroImage Stroke,NA,3117-5740,2026-04-01,NA,els2023deal
NeuroImage: Clinical,NA,2213-1582,2026-04-01,NA,els2023deal
NeuroImage: Reports,NA,2666-9560,2026-04-01,NA,els2023deal
Neuroimmunology Reports,NA,2667-257X,2026-04-01,NA,els2023deal
Neuromodulation: Technology at the Neural Interface,NA,1094-7159,2026-04-01,NA,els2023deal
Neuromuscular Disorders,NA,0960-8966,2026-04-01,NA,els2023deal
Neuron,NA,0896-6273,2026-04-01,NA,els2023deal
Neuropeptides,NA,0143-4179,2026-04-01,NA,els2023deal
Neuropharmacology,NA,0028-3908,2026-04-01,NA,els2023deal
Neurophysiologie Clinique,NA,0987-7053,2026-04-01,NA,els2023deal
Neuropsychiatrie de l'Enfance et de l'Adolescence,NA,0222-9617,2026-04-01,NA,els2023deal
Neuropsychologia,NA,0028-3932,2026-04-01,NA,els2023deal
Neuroscience,NA,0306-4522,2026-04-01,NA,els2023deal
Neuroscience & Biobehavioral Reviews,NA,0149-7634,2026-04-01,NA,els2023deal
Neuroscience Applied,NA,2772-4085,2026-04-01,NA,els2023deal
Neuroscience Informatics,NA,2772-5286,2026-04-01,NA,els2023deal
Neuroscience Letters,NA,0304-3940,2026-04-01,NA,els2023deal
Neuroscience Research,NA,0168-0102,2026-04-01,NA,els2023deal
Neurotherapeutics,NA,1878-7479,2026-04-01,NA,els2023deal
NeuroToxicology,NA,0161-813X,2026-04-01,NA,els2023deal
Neurotoxicology and Teratology,NA,0892-0362,2026-04-01,NA,els2023deal
New Astronomy,NA,1384-1076,2026-04-01,NA,els2023deal
New Astronomy Reviews,NA,1387-6473,2026-04-01,NA,els2023deal
New Biotechnology,NA,1871-6784,2026-04-01,NA,els2023deal
New Ideas in Psychology,NA,0732-118X,2026-04-01,NA,els2023deal
New Microbes and New Infections,NA,2052-2975,2026-04-01,NA,els2023deal
Newton,NA,2950-6360,2026-04-01,NA,els2023deal
Next Bioengineering,NA,3050-7235,2026-04-01,NA,els2023deal
Next Chemical Engineering,NA,3050-7243,2026-04-01,NA,els2023deal
Next Energy,NA,2949-821X,2026-04-01,NA,els2023deal
Next Materials,NA,2949-8228,2026-04-01,NA,els2023deal
Next Nanotechnology,NA,2949-8295,2026-04-01,NA,els2023deal
Next Research,NA,3050-4759,2026-04-01,NA,els2023deal
Next Sustainability,NA,2949-8236,2026-04-01,NA,els2023deal
Nexus,NA,2950-1601,2026-04-01,NA,els2023deal
NFS Journal,NA,2352-3646,2026-04-01,NA,els2023deal
Nitric Oxide,NA,1089-8603,2026-04-01,NA,els2023deal
Nonlinear Analysis,NA,0362-546X,2026-04-01,NA,els2023deal
Nonlinear Analysis: Hybrid Systems,NA,1751-570X,2026-04-01,NA,els2023deal
Nonlinear Analysis: Real World Applications,NA,1468-1218,2026-04-01,NA,els2023deal
Nonlinear Science,NA,3050-5178,2026-04-01,NA,els2023deal
North American Spine Society Journal (NASSJ),NA,2666-5484,2026-04-01,NA,els2023deal
NPG Neurologie - Psychiatrie - Gériatrie,NA,1627-4830,2026-04-01,NA,els2023deal
Nuclear Data Sheets,NA,0090-3752,2026-04-01,NA,els2023deal
Nuclear Engineering and Design,NA,0029-5493,2026-04-01,NA,els2023deal
"Nuclear Instruments and Methods in Physics Research Section A: Accelerators, Spectrometers, Detectors and Associated Equipment",NA,0168-9002,2026-04-01,NA,els2023deal
Nuclear Instruments and Methods in Physics Research Section B: Beam Interactions with Materials and Atoms,NA,0168-583X,2026-04-01,NA,els2023deal
Nuclear Materials and Energy,NA,2352-1791,2026-04-01,NA,els2023deal
Nuclear Medicine and Biology,NA,0969-8051,2026-04-01,NA,els2023deal
Nuclear Physics A,NA,0375-9474,2026-04-01,NA,els2023deal
Nurse Education in Practice,NA,1471-5953,2026-04-01,NA,els2023deal
Nurse Education Today,NA,0260-6917,2026-04-01,NA,els2023deal
Nurse Leader,NA,1541-4612,2026-04-01,NA,els2023deal
Nursing for Women's Health,NA,1751-4851,2026-04-01,NA,els2023deal
Nursing Outlook,NA,0029-6554,2026-04-01,NA,els2023deal
Nutrition,NA,0899-9007,2026-04-01,NA,els2023deal
Nutrition Clinique et Métabolisme,NA,0985-0562,2026-04-01,NA,els2023deal
Nutrition Research,NA,0271-5317,2026-04-01,NA,els2023deal
"Nutrition, Metabolism & Cardiovascular Diseases",NA,0939-4753,2026-04-01,NA,els2023deal
Nutritional Psychiatry,NA,3051-1569,2026-04-01,NA,els2023deal
Obesity Medicine,NA,2451-8476,2026-04-01,NA,els2023deal
Obesity Pillars,NA,2667-3681,2026-04-01,NA,els2023deal
Obesity Research & Clinical Practice,NA,1871-403X,2026-04-01,NA,els2023deal
Ocean & Coastal Management,NA,0964-5691,2026-04-01,NA,els2023deal
Ocean Engineering,NA,0029-8018,2026-04-01,NA,els2023deal
Ocean Modelling,NA,1463-5003,2026-04-01,NA,els2023deal
Omega,NA,0305-0483,2026-04-01,NA,els2023deal
One Earth,NA,2590-3322,2026-04-01,NA,els2023deal
One Health,NA,2352-7714,2026-04-01,NA,els2023deal
Online Social Networks and Media,NA,2468-6964,2026-04-01,NA,els2023deal
Open Ceramics,NA,2666-5395,2026-04-01,NA,els2023deal
Open Nuclear Energy,NA,3051-2808,2026-04-01,NA,els2023deal
Open Respiratory Archives,NA,2659-6636,2026-04-01,NA,els2023deal
OpenNano,NA,2352-9520,2026-04-01,NA,els2023deal
Operations Research Letters,NA,0167-6377,2026-04-01,NA,els2023deal
Operations Research Perspectives,NA,2214-7160,2026-04-01,NA,els2023deal
"Operations Research, Data Analytics and Logistics",NA,3050-7847,2026-04-01,NA,els2023deal
Operative Techniques in Orthopaedics,NA,1048-6666,2026-04-01,NA,els2023deal
Operative Techniques in Otolaryngology - Head and Neck Surgery,NA,1043-1810,2026-04-01,NA,els2023deal
Operative Techniques in Sports Medicine,NA,1060-1872,2026-04-01,NA,els2023deal
Operative Techniques in Thoracic and Cardiovascular Surgery,NA,1522-2942,2026-04-01,NA,els2023deal
Ophthalmology,NA,0161-6420,2026-04-01,NA,els2023deal
Ophthalmology Glaucoma,NA,2589-4196,2026-04-01,NA,els2023deal
Ophthalmology Retina,NA,2468-6530,2026-04-01,NA,els2023deal
Ophthalmology Science,NA,2666-9145,2026-04-01,NA,els2023deal
Optical Fiber Technology,NA,1068-5200,2026-04-01,NA,els2023deal
Optical Materials,NA,0925-3467,2026-04-01,NA,els2023deal
Optical Materials: X,NA,2590-1478,2026-04-01,NA,els2023deal
Optical Switching and Networking,NA,1573-4277,2026-04-01,NA,els2023deal
Optics & Laser Technology,NA,0030-3992,2026-04-01,NA,els2023deal
Optics and Lasers in Engineering,NA,0143-8166,2026-04-01,NA,els2023deal
Optics Communications,NA,0030-4018,2026-04-01,NA,els2023deal
Optik,NA,0030-4026,2026-04-01,NA,els2023deal
Oral and Maxillofacial Surgery Cases,NA,2214-5419,2026-04-01,NA,els2023deal
Oral Oncology,NA,1368-8375,2026-04-01,NA,els2023deal
Oral Oncology Reports,NA,2772-9060,2026-04-01,NA,els2023deal
"Oral Surgery, Oral Medicine, Oral Pathology and Oral Radiology",NA,2212-4403,2026-04-01,NA,els2023deal
Ore and Energy Resource Geology,NA,2666-2612,2026-04-01,NA,els2023deal
Ore Geology Reviews,NA,0169-1368,2026-04-01,NA,els2023deal
Organic Electronics,NA,1566-1199,2026-04-01,NA,els2023deal
Organic Geochemistry,NA,0146-6380,2026-04-01,NA,els2023deal
Organizational Behavior and Human Decision Processes,NA,0749-5978,2026-04-01,NA,els2023deal
Organizational Dynamics,NA,0090-2616,2026-04-01,NA,els2023deal
Orthopaedics & Traumatology: Surgery & Research,NA,1877-0568,2026-04-01,NA,els2023deal
Osteoarthritis and Cartilage,NA,1063-4584,2026-04-01,NA,els2023deal
Osteoarthritis and Cartilage Open,NA,2665-9131,2026-04-01,NA,els2023deal
Osteoarthritis Imaging,NA,2772-6541,2026-04-01,NA,els2023deal
Osteopathische Medizin,NA,1615-9071,2026-04-01,NA,els2023deal
Otolaryngology Case Reports,NA,2468-5488,2026-04-01,NA,els2023deal
Pacific-Basin Finance Journal,NA,0927-538X,2026-04-01,NA,els2023deal
Paediatric Respiratory Reviews,NA,1526-0542,2026-04-01,NA,els2023deal
Pain Management Nursing,NA,1524-9042,2026-04-01,NA,els2023deal
"Palaeogeography, Palaeoclimatology, Palaeoecology",NA,0031-0182,2026-04-01,NA,els2023deal
Palaeoworld,NA,1871-174X,2026-04-01,NA,els2023deal
Pancreatology,NA,1424-3903,2026-04-01,NA,els2023deal
Papers in Regional Science,NA,1056-8190,2026-04-01,NA,els2023deal
Parallel Computing,NA,0167-8191,2026-04-01,NA,els2023deal
Parasite Epidemiology and Control,NA,2405-6731,2026-04-01,NA,els2023deal
Parasitology International,NA,1383-5769,2026-04-01,NA,els2023deal
Parkinsonism & Related Disorders,NA,1353-8020,2026-04-01,NA,els2023deal
Partial Differential Equations in Applied Mathematics,NA,2666-8181,2026-04-01,NA,els2023deal
Particuology,NA,1674-2001,2026-04-01,NA,els2023deal
Pathology,NA,0031-3025,2026-04-01,NA,els2023deal
Pathology - Research and Practice,NA,0344-0338,2026-04-01,NA,els2023deal
Patient Education and Counseling,NA,0738-3991,2026-04-01,NA,els2023deal
Pattern Recognition,NA,0031-3203,2026-04-01,NA,els2023deal
Pattern Recognition Letters,NA,0167-8655,2026-04-01,NA,els2023deal
Patterns,NA,2666-3899,2026-04-01,NA,els2023deal
Peace and Sustainability,NA,2950-6425,2026-04-01,NA,els2023deal
PEC Global,NA,3117-468X,2026-04-01,NA,els2023deal
PEC Innovation,NA,2772-6282,2026-04-01,NA,els2023deal
Pediatric Dental Journal,NA,0917-2394,2026-04-01,NA,els2023deal
Pediatric Neurology,NA,0887-8994,2026-04-01,NA,els2023deal
Pedobiologia,NA,0031-4056,2026-04-01,NA,els2023deal
Peptides,NA,0196-9781,2026-04-01,NA,els2023deal
Perfectionnement en Pédiatrie,NA,2588-932X,2026-04-01,NA,els2023deal
Performance Enhancement & Health,NA,2211-2669,2026-04-01,NA,els2023deal
Performance Evaluation,NA,0166-5316,2026-04-01,NA,els2023deal
Periodontology Journal,NA,3117-3683,2026-04-01,NA,els2023deal
Perioperative Care and Operating Room Management,NA,2405-6030,2026-04-01,NA,els2023deal
Personality and Individual Differences,NA,0191-8869,2026-04-01,NA,els2023deal
Personalized Medicine in Psychiatry,NA,2468-1717,2026-04-01,NA,els2023deal
"Perspectives in Plant Ecology, Evolution and Systematics",NA,1433-8319,2026-04-01,NA,els2023deal
Pervasive and Mobile Computing,NA,1574-1192,2026-04-01,NA,els2023deal
Pesticide Biochemistry and Physiology,NA,0048-3575,2026-04-01,NA,els2023deal
Pharmacological Research,NA,1043-6618,2026-04-01,NA,els2023deal
Pharmacological Research - Modern Chinese Medicine,NA,2667-1425,2026-04-01,NA,els2023deal
Pharmacological Research - Natural Products,NA,2950-1997,2026-04-01,NA,els2023deal
Pharmacological Research - Reports,NA,2950-2004,2026-04-01,NA,els2023deal
Pharmacological Reviews,NA,0031-6997,2026-04-01,NA,els2023deal
Pharmacology & Therapeutics,NA,0163-7258,2026-04-01,NA,els2023deal
Pharmacology Biochemistry and Behavior,NA,0091-3057,2026-04-01,NA,els2023deal
PharmaNutrition,NA,2213-4344,2026-04-01,NA,els2023deal
Photoacoustics,NA,2213-5979,2026-04-01,NA,els2023deal
Photodiagnosis and Photodynamic Therapy,NA,1572-1000,2026-04-01,NA,els2023deal
Photonics and Nanostructures - Fundamentals and Applications,NA,1569-4410,2026-04-01,NA,els2023deal
Physica A: Statistical Mechanics and its Applications,NA,0378-4371,2026-04-01,NA,els2023deal
Physica B: Condensed Matter,NA,0921-4526,2026-04-01,NA,els2023deal
Physica C: Superconductivity and its Applications,NA,0921-4534,2026-04-01,NA,els2023deal
Physica D: Nonlinear Phenomena,NA,0167-2789,2026-04-01,NA,els2023deal
Physica E: Low-Dimensional Systems and Nanostructures,NA,1386-9477,2026-04-01,NA,els2023deal
Physica Medica,NA,1120-1797,2026-04-01,NA,els2023deal
Physical Communication,NA,1874-4907,2026-04-01,NA,els2023deal
Physical Therapy in Sport,NA,1466-853X,2026-04-01,NA,els2023deal
"Physics and Chemistry of the Earth, Parts A/B/C",NA,1474-7065,2026-04-01,NA,els2023deal
Physics and Imaging in Radiation Oncology,NA,2405-6316,2026-04-01,NA,els2023deal
Physics Letters A,NA,0375-9601,2026-04-01,NA,els2023deal
Physics of Life Reviews,NA,1571-0645,2026-04-01,NA,els2023deal
Physics of the Dark Universe,NA,2212-6864,2026-04-01,NA,els2023deal
Physics of the Earth and Planetary Interiors,NA,0031-9201,2026-04-01,NA,els2023deal
Physics Open,NA,2666-0326,2026-04-01,NA,els2023deal
Physics Reports,NA,0370-1573,2026-04-01,NA,els2023deal
Physiological and Molecular Plant Pathology,NA,0885-5765,2026-04-01,NA,els2023deal
Physiology & Behavior,NA,0031-9384,2026-04-01,NA,els2023deal
Physiotherapy,NA,0031-9406,2026-04-01,NA,els2023deal
Phytochemistry,NA,0031-9422,2026-04-01,NA,els2023deal
Phytochemistry Letters,NA,1874-3900,2026-04-01,NA,els2023deal
Phytomedicine,NA,0944-7113,2026-04-01,NA,els2023deal
Phytomedicine Plus,NA,2667-0313,2026-04-01,NA,els2023deal
Piel,NA,0213-9251,2026-04-01,NA,els2023deal
Placenta,NA,0143-4004,2026-04-01,NA,els2023deal
Planetary and Space Science,NA,0032-0633,2026-04-01,NA,els2023deal
Plant Communications,NA,2590-3462,2026-04-01,NA,els2023deal
Plant Gene,NA,2352-4073,2026-04-01,NA,els2023deal
Plant Nano Biology,NA,2773-1111,2026-04-01,NA,els2023deal
Plant Phenomics,NA,2643-6515,2026-04-01,NA,els2023deal
Plant Physiology and Biochemistry,NA,0981-9428,2026-04-01,NA,els2023deal
Plant Research,NA,3117-5821,2026-04-01,NA,els2023deal
Plant Science,NA,0168-9452,2026-04-01,NA,els2023deal
Plant Stress,NA,2667-064X,2026-04-01,NA,els2023deal
Plasmid,NA,0147-619X,2026-04-01,NA,els2023deal
Poetics,NA,0304-422X,2026-04-01,NA,els2023deal
Polar Science,NA,1873-9652,2026-04-01,NA,els2023deal
Political Geography,NA,0962-6298,2026-04-01,NA,els2023deal
Polyhedron,NA,0277-5387,2026-04-01,NA,els2023deal
Polymer,NA,0032-3861,2026-04-01,NA,els2023deal
Polymer Degradation and Stability,NA,0141-3910,2026-04-01,NA,els2023deal
Polymer Testing,NA,0142-9418,2026-04-01,NA,els2023deal
Postharvest Biology and Technology,NA,0925-5214,2026-04-01,NA,els2023deal
Poultry Science,NA,0032-5791,2026-04-01,NA,els2023deal
Powder Technology,NA,0032-5910,2026-04-01,NA,els2023deal
Power Electronic Devices and Components,NA,2772-3704,2026-04-01,NA,els2023deal
Practical Laboratory Medicine,NA,2352-5517,2026-04-01,NA,els2023deal
Practical Radiation Oncology,NA,1879-8500,2026-04-01,NA,els2023deal
Pratique Neurologique - FMC,NA,1878-7762,2026-04-01,NA,els2023deal
Pratiques Psychologiques,NA,1269-1763,2026-04-01,NA,els2023deal
Precambrian Research,NA,0301-9268,2026-04-01,NA,els2023deal
Precision Engineering,NA,0141-6359,2026-04-01,NA,els2023deal
Precision Pathology,NA,3117-678X,2026-04-01,NA,els2023deal
Pregnancy Hypertension,NA,2210-7789,2026-04-01,NA,els2023deal
Preventive Medicine,NA,0091-7435,2026-04-01,NA,els2023deal
Preventive Medicine Reports,NA,2211-3355,2026-04-01,NA,els2023deal
Preventive Veterinary Medicine,NA,0167-5877,2026-04-01,NA,els2023deal
Preventive Veterinary Medicine: Regional Studies and Reports,NA,3051-3081,2026-04-01,NA,els2023deal
Primary Care Diabetes,NA,1751-9918,2026-04-01,NA,els2023deal
Probabilistic Engineering Mechanics,NA,0266-8920,2026-04-01,NA,els2023deal
Proceedings of the Combustion Institute,NA,1540-7489,2026-04-01,NA,els2023deal
Proceedings of the Geologists' Association,NA,0016-7878,2026-04-01,NA,els2023deal
Process Biochemistry,NA,1359-5113,2026-04-01,NA,els2023deal
Process Safety and Environmental Protection,NA,0957-5820,2026-04-01,NA,els2023deal
Progress in Aerospace Sciences,NA,0376-0421,2026-04-01,NA,els2023deal
Progress in Biophysics & Molecular Biology,NA,0079-6107,2026-04-01,NA,els2023deal
Progress in Cardiovascular Diseases,NA,0033-0620,2026-04-01,NA,els2023deal
Progress in Disaster Science,NA,2590-0617,2026-04-01,NA,els2023deal
Progress in Economic Geography,NA,2949-6942,2026-04-01,NA,els2023deal
Progress in Energy and Combustion Science,NA,0360-1285,2026-04-01,NA,els2023deal
Progress in Engineering Science,NA,2950-4252,2026-04-01,NA,els2023deal
Progress in Lipid Research,NA,0163-7827,2026-04-01,NA,els2023deal
Progress in Materials Science,NA,0079-6425,2026-04-01,NA,els2023deal
Progress in Natural Science: Materials International,NA,1002-0071,2026-04-01,NA,els2023deal
Progress in Neurobiology,NA,0301-0082,2026-04-01,NA,els2023deal
Progress in Neuro-Psychopharmacology & Biological Psychiatry,NA,0278-5846,2026-04-01,NA,els2023deal
Progress in Nuclear Energy,NA,0149-1970,2026-04-01,NA,els2023deal
Progress in Nuclear Magnetic Resonance Spectroscopy,NA,0079-6565,2026-04-01,NA,els2023deal
Progress in Oceanography,NA,0079-6611,2026-04-01,NA,els2023deal
Progress in Organic Coatings,NA,0300-9440,2026-04-01,NA,els2023deal
Progress in Particle and Nuclear Physics,NA,0146-6410,2026-04-01,NA,els2023deal
Progress in Pediatric Cardiology,NA,1058-9813,2026-04-01,NA,els2023deal
Progress in Planning,NA,0305-9006,2026-04-01,NA,els2023deal
Progress in Polymer Science,NA,0079-6700,2026-04-01,NA,els2023deal
Progress in Quantum Electronics,NA,0079-6727,2026-04-01,NA,els2023deal
Progress in Retinal and Eye Research,NA,1350-9462,2026-04-01,NA,els2023deal
Progress in Solid State Chemistry,NA,0079-6786,2026-04-01,NA,els2023deal
Progress in Surface Science,NA,0079-6816,2026-04-01,NA,els2023deal
Project Leadership and Society,NA,2666-7215,2026-04-01,NA,els2023deal
Prostaglandins & Other Lipid Mediators,NA,1098-8823,2026-04-01,NA,els2023deal
"Prostaglandins, Leukotrienes & Essential Fatty Acids",NA,0952-3278,2026-04-01,NA,els2023deal
Protein Expression and Purification,NA,1046-5928,2026-04-01,NA,els2023deal
Protist,NA,1434-4610,2026-04-01,NA,els2023deal
Psiquiatría Biológica,NA,1134-5934,2026-04-01,NA,els2023deal
Psychedelics,NA,2950-4848,2026-04-01,NA,els2023deal
Psychiatry Research,NA,0165-1781,2026-04-01,NA,els2023deal
Psychiatry Research Case Reports,NA,2773-0212,2026-04-01,NA,els2023deal
Psychiatry Research Communications,NA,2772-5987,2026-04-01,NA,els2023deal
Psychiatry Research: Neuroimaging,NA,0925-4927,2026-04-01,NA,els2023deal
Psychologie du Travail et des Organisations,NA,1420-2530,2026-04-01,NA,els2023deal
Psychology of Sport and Exercise,NA,1469-0292,2026-04-01,NA,els2023deal
Psychoneuroendocrinology,NA,0306-4530,2026-04-01,NA,els2023deal
Public Health,NA,0033-3506,2026-04-01,NA,els2023deal
Public Health in Practice,NA,2666-5352,2026-04-01,NA,els2023deal
Public Relations Review,NA,0363-8111,2026-04-01,NA,els2023deal
Pulmonary Function Diagnostics,NA,3051-276X,2026-04-01,NA,els2023deal
Pulmonary Pharmacology & Therapeutics,NA,1094-5539,2026-04-01,NA,els2023deal
Quaternary Environments and Humans,NA,2950-2365,2026-04-01,NA,els2023deal
Quaternary Geochronology,NA,1871-1014,2026-04-01,NA,els2023deal
Quaternary International,NA,1040-6182,2026-04-01,NA,els2023deal
Quaternary Science Advances,NA,2666-0334,2026-04-01,NA,els2023deal
Quaternary Science Reviews,NA,0277-3791,2026-04-01,NA,els2023deal
Radiation Measurements,NA,1350-4487,2026-04-01,NA,els2023deal
Radiation Medicine and Protection,NA,2666-5557,2026-04-01,NA,els2023deal
Radiation Physics and Chemistry,NA,0969-806X,2026-04-01,NA,els2023deal
Radiography,NA,1078-8174,2026-04-01,NA,els2023deal
Radiología,NA,0033-8338,2026-04-01,NA,els2023deal
Radiología (English Edition),NA,2173-5107,2026-04-01,NA,els2023deal
Radiology Case Reports,NA,1930-0433,2026-04-01,NA,els2023deal
Radiotherapy & Oncology,NA,0167-8140,2026-04-01,NA,els2023deal
Rangeland Ecology & Management,NA,1550-7424,2026-04-01,NA,els2023deal
Rangelands,NA,0190-0528,2026-04-01,NA,els2023deal
Rare,NA,2950-0087,2026-04-01,NA,els2023deal
Reactive and Functional Polymers,NA,1381-5148,2026-04-01,NA,els2023deal
REC: CardioClinics,NA,2605-1532,2026-04-01,NA,els2023deal
Redox Biochemistry and Chemistry,NA,2773-1766,2026-04-01,NA,els2023deal
Redox Biology,NA,2213-2317,2026-04-01,NA,els2023deal
Regenerative Therapy,NA,2352-3204,2026-04-01,NA,els2023deal
Regional Science and Urban Economics,NA,0166-0462,2026-04-01,NA,els2023deal
Regional Science Policy & Practice,NA,1757-7802,2026-04-01,NA,els2023deal
Regional Studies in Marine Science,NA,2352-4855,2026-04-01,NA,els2023deal
Regulatory Toxicology and Pharmacology,NA,0273-2300,2026-04-01,NA,els2023deal
Rehabilitación,NA,0048-7120,2026-04-01,NA,els2023deal
Reliability Engineering & System Safety,NA,0951-8320,2026-04-01,NA,els2023deal
Remote Sensing Applications: Society and Environment,NA,2352-9385,2026-04-01,NA,els2023deal
Remote Sensing of Environment,NA,0034-4257,2026-04-01,NA,els2023deal
Renewable & Sustainable Energy Reviews,NA,1364-0321,2026-04-01,NA,els2023deal
Renewable and Sustainable Energy Transition,NA,2667-095X,2026-04-01,NA,els2023deal
Renewable Energy,NA,0960-1481,2026-04-01,NA,els2023deal
Renewable Energy Focus,NA,1755-0084,2026-04-01,NA,els2023deal
Reproductive Biology,NA,1642-431X,2026-04-01,NA,els2023deal
Reproductive BioMedicine Online,NA,1472-6483,2026-04-01,NA,els2023deal
Reproductive Toxicology,NA,0890-6238,2026-04-01,NA,els2023deal
Research and Practice in Thrombosis and Haemostasis,NA,2475-0379,2026-04-01,NA,els2023deal
Research in Autism,NA,3050-6565,2026-04-01,NA,els2023deal
Research in Developmental Disabilities,NA,0891-4222,2026-04-01,NA,els2023deal
Research in Diagnostic and Interventional Imaging,NA,2772-6525,2026-04-01,NA,els2023deal
Research in Economics,NA,1090-9443,2026-04-01,NA,els2023deal
Research in Globalization,NA,2590-051X,2026-04-01,NA,els2023deal
Research in International Business and Finance,NA,0275-5319,2026-04-01,NA,els2023deal
Research in Neurodiversity,NA,3050-5798,2026-04-01,NA,els2023deal
Research in Organizational Behavior,NA,0191-3085,2026-04-01,NA,els2023deal
Research in Social and Administrative Pharmacy,NA,1551-7411,2026-04-01,NA,els2023deal
Research in Social Stratification and Mobility,NA,0276-5624,2026-04-01,NA,els2023deal
Research in Transportation Business & Management,NA,2210-5395,2026-04-01,NA,els2023deal
Research in Transportation Economics,NA,0739-8859,2026-04-01,NA,els2023deal
Research in Veterinary Science,NA,0034-5288,2026-04-01,NA,els2023deal
Research Methods in Applied Linguistics,NA,2772-7661,2026-04-01,NA,els2023deal
Research Policy,NA,0048-7333,2026-04-01,NA,els2023deal
Resource and Energy Economics,NA,0928-7655,2026-04-01,NA,els2023deal
Resources Policy,NA,0301-4207,2026-04-01,NA,els2023deal
"Resources, Conservation & Recycling",NA,0921-3449,2026-04-01,NA,els2023deal
"Resources, Conservation & Recycling Advances",NA,2667-3789,2026-04-01,NA,els2023deal
"Resources, Environment and Sustainability",NA,2666-9161,2026-04-01,NA,els2023deal
Respiratory Investigation,NA,2212-5345,2026-04-01,NA,els2023deal
Respiratory Medicine,NA,0954-6111,2026-04-01,NA,els2023deal
Respiratory Medicine and Research,NA,2590-0412,2026-04-01,NA,els2023deal
Respiratory Medicine Case Reports,NA,2213-0071,2026-04-01,NA,els2023deal
Respiratory Physiology & Neurobiology,NA,1569-9048,2026-04-01,NA,els2023deal
Results in Applied Mathematics,NA,2590-0374,2026-04-01,NA,els2023deal
Results in Chemistry,NA,2211-7156,2026-04-01,NA,els2023deal
Results in Control and Optimization,NA,2666-7207,2026-04-01,NA,els2023deal
Results in Earth Sciences,NA,2211-7148,2026-04-01,NA,els2023deal
Results in Engineering,NA,2590-1230,2026-04-01,NA,els2023deal
Results in Materials,NA,2590-048X,2026-04-01,NA,els2023deal
Results in Optics,NA,2666-9501,2026-04-01,NA,els2023deal
Results in Physics,NA,2211-3797,2026-04-01,NA,els2023deal
Results in Surfaces and Interfaces,NA,2666-8459,2026-04-01,NA,els2023deal
Resuscitation,NA,0300-9572,2026-04-01,NA,els2023deal
Resuscitation Plus,NA,2666-5204,2026-04-01,NA,els2023deal
Reumatología Clínica,NA,1699-258X,2026-04-01,NA,els2023deal
Reumatología Clínica (English Edition),NA,2173-5743,2026-04-01,NA,els2023deal
Review of Economic Dynamics,NA,1094-2025,2026-04-01,NA,els2023deal
Review of Palaeobotany and Palynology,NA,0034-6667,2026-04-01,NA,els2023deal
Revista Argentina de Microbiología,NA,0325-7541,2026-04-01,NA,els2023deal
Revista Clínica Española,NA,0014-2565,2026-04-01,NA,els2023deal
Revista Clínica Española (English Edition),NA,2254-8874,2026-04-01,NA,els2023deal
Revista Colombiana de Reumatología,NA,0121-8123,2026-04-01,NA,els2023deal
Revista Colombiana de Reumatología (English Edition),NA,2444-4405,2026-04-01,NA,els2023deal
Revista de Investigación Clínica,NA,0034-8376,2026-04-01,NA,els2023deal
"Revista de Logopedia, Foniatría y Audiología",NA,0214-4603,2026-04-01,NA,els2023deal
Revista de Psicodidáctica,NA,1136-1034,2026-04-01,NA,els2023deal
Revista de Psicodidáctica (English Edition),NA,2530-3805,2026-04-01,NA,els2023deal
Revista de Senología y Patología Mamaria,NA,0214-1582,2026-04-01,NA,els2023deal
Revista Española de Anestesiología y Reanimación,NA,0034-9356,2026-04-01,NA,els2023deal
Revista Española de Anestesiología y Reanimación (English Edition),NA,2341-1929,2026-04-01,NA,els2023deal
Revista Española de Cardiología,NA,0300-8932,2026-04-01,NA,els2023deal
Revista Española de Cardiología (English Edition),NA,1885-5857,2026-04-01,NA,els2023deal
Revista Española de Geriatría y Gerontología,NA,0211-139X,2026-04-01,NA,els2023deal
Revista Española de Medicina Legal,NA,0377-4732,2026-04-01,NA,els2023deal
Revista Española de Medicina Nuclear e Imagen Molecular,NA,2253-654X,2026-04-01,NA,els2023deal
Revista Española de Medicina Nuclear e Imagen Molecular (English Edition),NA,2253-8089,2026-04-01,NA,els2023deal
Revista Española de Patología,NA,1699-8855,2026-04-01,NA,els2023deal
Revista Iberoamericana de Micología,NA,1130-1406,2026-04-01,NA,els2023deal
Revue de Chirurgie Orthopédique et Traumatologique,NA,1877-0517,2026-04-01,NA,els2023deal
Revue de Micropaléontologie,NA,0035-1598,2026-04-01,NA,els2023deal
Revue du Rhumatisme,NA,1169-8330,2026-04-01,NA,els2023deal
Revue Française d'Allergologie,NA,1877-0320,2026-04-01,NA,els2023deal
Revue Neurologique,NA,0035-3787,2026-04-01,NA,els2023deal
Rhizosphere,NA,2452-2198,2026-04-01,NA,els2023deal
Robotics and Autonomous Systems,NA,0921-8890,2026-04-01,NA,els2023deal
Robotics and Computer-Integrated Manufacturing,NA,0736-5845,2026-04-01,NA,els2023deal
Safety Science,NA,0925-7535,2026-04-01,NA,els2023deal
Sages-Femmes,NA,1637-4088,2026-04-01,NA,els2023deal
Scandinavian Journal of Management,NA,0956-5221,2026-04-01,NA,els2023deal
Schizophrenia Research,NA,0920-9964,2026-04-01,NA,els2023deal
Schizophrenia Research: Cognition,NA,2215-0013,2026-04-01,NA,els2023deal
Science & Justice,NA,1355-0306,2026-04-01,NA,els2023deal
Science & Sports,NA,0765-1597,2026-04-01,NA,els2023deal
Science Bulletin,NA,2095-9273,2026-04-01,NA,els2023deal
Science of Computer Programming,NA,0167-6423,2026-04-01,NA,els2023deal
Science of Remote Sensing,NA,2666-0172,2026-04-01,NA,els2023deal
Science of the Total Environment,NA,0048-9697,2026-04-01,NA,els2023deal
Scientia Horticulturae,NA,0304-4238,2026-04-01,NA,els2023deal
Scientific African,NA,2468-2276,2026-04-01,NA,els2023deal
Scripta Materialia,NA,1359-6462,2026-04-01,NA,els2023deal
Sedimentary Geology,NA,0037-0738,2026-04-01,NA,els2023deal
Seizure: European Journal of Epilepsy,NA,1059-1311,2026-04-01,NA,els2023deal
Seminars in Arthritis and Rheumatism,NA,0049-0172,2026-04-01,NA,els2023deal
Seminars in Arthroplasty: JSES,NA,1045-4527,2026-04-01,NA,els2023deal
Seminars in Cancer Biology,NA,1044-579X,2026-04-01,NA,els2023deal
Seminars in Cell and Developmental Biology,NA,1084-9521,2026-04-01,NA,els2023deal
Seminars in Colon and Rectal Surgery,NA,1043-1489,2026-04-01,NA,els2023deal
Seminars in Diagnostic Pathology,NA,0740-2570,2026-04-01,NA,els2023deal
Seminars in Fetal & Neonatal Medicine,NA,1744-165X,2026-04-01,NA,els2023deal
Seminars in Hematology,NA,0037-1963,2026-04-01,NA,els2023deal
Seminars in Immunology,NA,1044-5323,2026-04-01,NA,els2023deal
Seminars in Nephrology,NA,0270-9295,2026-04-01,NA,els2023deal
Seminars in Nuclear Medicine,NA,0001-2998,2026-04-01,NA,els2023deal
Seminars in Oncology,NA,0093-7754,2026-04-01,NA,els2023deal
Seminars in Oncology Nursing,NA,0749-2081,2026-04-01,NA,els2023deal
Seminars in Orthodontics,NA,1073-8746,2026-04-01,NA,els2023deal
Seminars in Pediatric Neurology,NA,1071-9091,2026-04-01,NA,els2023deal
Seminars in Pediatric Surgery,NA,1055-8586,2026-04-01,NA,els2023deal
Seminars in Perinatology,NA,0146-0005,2026-04-01,NA,els2023deal
Seminars in Radiation Oncology,NA,1053-4296,2026-04-01,NA,els2023deal
Seminars in Roentgenology,NA,0037-198X,2026-04-01,NA,els2023deal
Seminars in Spine Surgery,NA,1040-7383,2026-04-01,NA,els2023deal
Seminars in Thoracic and Cardiovascular Surgery,NA,1043-0679,2026-04-01,NA,els2023deal
Seminars in Thoracic and Cardiovascular Surgery: Pediatric Cardiac Surgery Annual,NA,1092-9126,2026-04-01,NA,els2023deal
"Seminars in Ultrasound, CT and MRI",NA,0887-2171,2026-04-01,NA,els2023deal
Seminars in Vascular Surgery,NA,0895-7967,2026-04-01,NA,els2023deal
Sensing and Bio-Sensing Research,NA,2214-1804,2026-04-01,NA,els2023deal
Sensors and Actuators A: Physical,NA,0924-4247,2026-04-01,NA,els2023deal
Sensors and Actuators B: Chemical,NA,0925-4005,2026-04-01,NA,els2023deal
Sensors and Actuators Reports,NA,2666-0539,2026-04-01,NA,els2023deal
Separation and Purification Technology,NA,1383-5866,2026-04-01,NA,els2023deal
Sexual & Reproductive Healthcare,NA,1877-5756,2026-04-01,NA,els2023deal
Signal Processing,NA,0165-1684,2026-04-01,NA,els2023deal
Signal Processing: Image Communication,NA,0923-5965,2026-04-01,NA,els2023deal
Simulation Modelling Practice and Theory,NA,1569-190X,2026-04-01,NA,els2023deal
SLAS Discovery,NA,2472-5552,2026-04-01,NA,els2023deal
SLAS Technology,NA,2472-6303,2026-04-01,NA,els2023deal
Slavic Literatures,NA,2950-3965,2026-04-01,NA,els2023deal
Sleep Epidemiology,NA,2667-3436,2026-04-01,NA,els2023deal
Sleep Health,NA,2352-7218,2026-04-01,NA,els2023deal
Sleep Medicine,NA,1389-9457,2026-04-01,NA,els2023deal
Sleep Medicine Reviews,NA,1087-0792,2026-04-01,NA,els2023deal
Sleep Medicine: X,NA,2590-1427,2026-04-01,NA,els2023deal
Small Ruminant Research,NA,0921-4488,2026-04-01,NA,els2023deal
Smart Agricultural Technology,NA,2772-3755,2026-04-01,NA,els2023deal
Smart Energy,NA,2666-9552,2026-04-01,NA,els2023deal
Smart Health,NA,2352-6483,2026-04-01,NA,els2023deal
"Social and Emotional Learning: Research, Practice, and Policy",NA,2773-2339,2026-04-01,NA,els2023deal
Social Networks,NA,0378-8733,2026-04-01,NA,els2023deal
Social Science & Medicine,NA,0277-9536,2026-04-01,NA,els2023deal
Social Science Research,NA,0049-089X,2026-04-01,NA,els2023deal
Social Sciences & Humanities Open,NA,2590-2911,2026-04-01,NA,els2023deal
Societal Impacts,NA,2949-6977,2026-04-01,NA,els2023deal
Socio-Economic Planning Sciences,NA,0038-0121,2026-04-01,NA,els2023deal
Software Impacts,NA,2665-9638,2026-04-01,NA,els2023deal
SoftwareX,NA,2352-7110,2026-04-01,NA,els2023deal
Soil & Tillage Research,NA,0167-1987,2026-04-01,NA,els2023deal
Soil Advances,NA,2950-2896,2026-04-01,NA,els2023deal
Soil Biology & Biochemistry,NA,0038-0717,2026-04-01,NA,els2023deal
Soil Dynamics and Earthquake Engineering,NA,0267-7261,2026-04-01,NA,els2023deal
Soil Security,NA,2667-0062,2026-04-01,NA,els2023deal
Soils and Foundations,NA,0038-0806,2026-04-01,NA,els2023deal
Solar Compass,NA,2772-9400,2026-04-01,NA,els2023deal
Solar Energy,NA,0038-092X,2026-04-01,NA,els2023deal
Solar Energy Advances,NA,2667-1131,2026-04-01,NA,els2023deal
Solar Energy Materials and Solar Cells,NA,0927-0248,2026-04-01,NA,els2023deal
Solid State Communications,NA,0038-1098,2026-04-01,NA,els2023deal
Solid State Ionics,NA,0167-2738,2026-04-01,NA,els2023deal
Solid State Nuclear Magnetic Resonance,NA,0926-2040,2026-04-01,NA,els2023deal
Solid State Sciences,NA,1293-2558,2026-04-01,NA,els2023deal
Solid-State Electronics,NA,0038-1101,2026-04-01,NA,els2023deal
South African Journal of Botany,NA,0254-6299,2026-04-01,NA,els2023deal
South African Journal of Chemical Engineering,NA,1026-9185,2026-04-01,NA,els2023deal
Space Policy,NA,0265-9646,2026-04-01,NA,els2023deal
Spanish Journal of Legal Medicine,NA,2445-4249,2026-04-01,NA,els2023deal
Spanish Journal of Psychiatry and Mental Health,NA,2950-2853,2026-04-01,NA,els2023deal
Spatial and Spatio-temporal Epidemiology,NA,1877-5845,2026-04-01,NA,els2023deal
Spatial Statistics,NA,2211-6753,2026-04-01,NA,els2023deal
Spectrochimica Acta Part A: Molecular and Biomolecular Spectroscopy,NA,1386-1425,2026-04-01,NA,els2023deal
Spectrochimica Acta Part B: Atomic Spectroscopy,NA,0584-8547,2026-04-01,NA,els2023deal
Speech Communication,NA,0167-6393,2026-04-01,NA,els2023deal
Sports Economics Review,NA,2773-1618,2026-04-01,NA,els2023deal
Sports Orthopaedics and Traumatology,NA,0949-328X,2026-04-01,NA,els2023deal
SSM - Health Systems,NA,2949-8562,2026-04-01,NA,els2023deal
SSM - Mental Health,NA,2666-5603,2026-04-01,NA,els2023deal
SSM - Population Health,NA,2352-8273,2026-04-01,NA,els2023deal
SSM - Qualitative Research in Health,NA,2667-3215,2026-04-01,NA,els2023deal
STAR Protocols,NA,2666-1667,2026-04-01,NA,els2023deal
Statistics & Probability Letters,NA,0167-7152,2026-04-01,NA,els2023deal
Stem Cell Reports,NA,2213-6711,2026-04-01,NA,els2023deal
Stem Cell Research,NA,1873-5061,2026-04-01,NA,els2023deal
Steroids,NA,0039-128X,2026-04-01,NA,els2023deal
Stochastic Processes and their Applications,NA,0304-4149,2026-04-01,NA,els2023deal
Strategic Business Research,NA,3051-0643,2026-04-01,NA,els2023deal
Structural Change and Economic Dynamics,NA,0954-349X,2026-04-01,NA,els2023deal
Structural Heart,NA,2474-8706,2026-04-01,NA,els2023deal
Structural Safety,NA,0167-4730,2026-04-01,NA,els2023deal
Structure,NA,0969-2126,2026-04-01,NA,els2023deal
Structures,NA,2352-0124,2026-04-01,NA,els2023deal
Studies in Educational Evaluation,NA,0191-491X,2026-04-01,NA,els2023deal
Studies in History and Philosophy of Science,NA,0039-3681,2026-04-01,NA,els2023deal
Superconductivity,NA,2772-8307,2026-04-01,NA,els2023deal
Supply Chain Analytics,NA,2949-8635,2026-04-01,NA,els2023deal
Surface and Coatings Technology,NA,0257-8972,2026-04-01,NA,els2023deal
Surface Science,NA,0039-6028,2026-04-01,NA,els2023deal
Surface Science Reports,NA,0167-5729,2026-04-01,NA,els2023deal
Surfaces and Interfaces,NA,2468-0230,2026-04-01,NA,els2023deal
Surgery,NA,0039-6060,2026-04-01,NA,els2023deal
Surgery Case Reports: Advances and Techniques,NA,2950-1032,2026-04-01,NA,els2023deal
Surgery for Obesity and Related Diseases,NA,1550-7289,2026-04-01,NA,els2023deal
Surgery in Practice and Science,NA,2666-2620,2026-04-01,NA,els2023deal
Surgery Open Digestive Advance,NA,2667-0089,2026-04-01,NA,els2023deal
Surgery Open Science,NA,2589-8450,2026-04-01,NA,els2023deal
Surgical Oncology,NA,0960-7404,2026-04-01,NA,els2023deal
Surgical Oncology Insight,NA,2950-2470,2026-04-01,NA,els2023deal
Survey of Ophthalmology,NA,0039-6257,2026-04-01,NA,els2023deal
Sustainable Chemistry and Pharmacy,NA,2352-5541,2026-04-01,NA,els2023deal
Sustainable Chemistry for Biodiversity,NA,3050-6212,2026-04-01,NA,els2023deal
Sustainable Chemistry for Climate Action,NA,2772-8269,2026-04-01,NA,els2023deal
Sustainable Chemistry for Energy Materials,NA,2950-4775,2026-04-01,NA,els2023deal
Sustainable Chemistry for the Environment,NA,2949-8392,2026-04-01,NA,els2023deal
Sustainable Chemistry One World,NA,2950-3574,2026-04-01,NA,els2023deal
Sustainable Cities and Society,NA,2210-6707,2026-04-01,NA,els2023deal
Sustainable Cities and Society: Advances,NA,3051-052X,2026-04-01,NA,els2023deal
Sustainable Computing: Informatics and Systems,NA,2210-5379,2026-04-01,NA,els2023deal
Sustainable Energy Technologies and Assessments,NA,2213-1388,2026-04-01,NA,els2023deal
"Sustainable Energy, Grids and Networks",NA,2352-4677,2026-04-01,NA,els2023deal
Sustainable Futures,NA,2666-1888,2026-04-01,NA,els2023deal
"Sustainable Geosciences: People, Planet and Prosperity",NA,2950-4929,2026-04-01,NA,els2023deal
Sustainable Materials and Technologies,NA,2214-9937,2026-04-01,NA,els2023deal
Sustainable Production and Consumption,NA,2352-5509,2026-04-01,NA,els2023deal
Sustainable Technology and Entrepreneurship,NA,2773-0328,2026-04-01,NA,els2023deal
Swarm and Evolutionary Computation,NA,2210-6502,2026-04-01,NA,els2023deal
Synthetic Metals,NA,0379-6779,2026-04-01,NA,els2023deal
System,NA,0346-251X,2026-04-01,NA,els2023deal
Systematic and Applied Microbiology,NA,0723-2020,2026-04-01,NA,els2023deal
Systems & Control Letters,NA,0167-6911,2026-04-01,NA,els2023deal
Systems and Soft Computing,NA,2772-9419,2026-04-01,NA,els2023deal
Systems Ethnopharmacology and Sustainable Bioresources,NA,3117-5767,2026-04-01,NA,els2023deal
Talanta,NA,0039-9140,2026-04-01,NA,els2023deal
Talanta Open,NA,2666-8319,2026-04-01,NA,els2023deal
Teaching and Learning in Nursing,NA,1557-3087,2026-04-01,NA,els2023deal
Teaching and Teacher Education,NA,0742-051X,2026-04-01,NA,els2023deal
Technical Innovations & Patient Support in Radiation Oncology,NA,2405-6324,2026-04-01,NA,els2023deal
Techniques and Innovations in Gastrointestinal Endoscopy,NA,2590-0307,2026-04-01,NA,els2023deal
Techniques in Vascular and Interventional Radiology,NA,1089-2516,2026-04-01,NA,els2023deal
Technological Forecasting and Social Change,NA,0040-1625,2026-04-01,NA,els2023deal
Technology in Society,NA,0160-791X,2026-04-01,NA,els2023deal
Technovation,NA,0166-4972,2026-04-01,NA,els2023deal
Tectonophysics,NA,0040-1951,2026-04-01,NA,els2023deal
Telecommunications Policy,NA,0308-5961,2026-04-01,NA,els2023deal
Telematics and Informatics,NA,0736-5853,2026-04-01,NA,els2023deal
Telematics and Informatics Reports,NA,2772-5030,2026-04-01,NA,els2023deal
Tetrahedron,NA,0040-4020,2026-04-01,NA,els2023deal
Tetrahedron Chem,NA,2666-951X,2026-04-01,NA,els2023deal
Tetrahedron Green Chem,NA,2773-2231,2026-04-01,NA,els2023deal
Tetrahedron Letters,NA,0040-4039,2026-04-01,NA,els2023deal
The American Journal of Cardiology,NA,0002-9149,2026-04-01,NA,els2023deal
The American Journal of Clinical Nutrition,NA,0002-9165,2026-04-01,NA,els2023deal
The American Journal of Geriatric Psychiatry,NA,1064-7481,2026-04-01,NA,els2023deal
"The American Journal of Geriatric Psychiatry: Open Science, Education, and Practice",NA,2950-3868,2026-04-01,NA,els2023deal
The American Journal of Human Genetics,NA,0002-9297,2026-04-01,NA,els2023deal
The American Journal of Medicine,NA,0002-9343,2026-04-01,NA,els2023deal
The American Journal of Pathology,NA,0002-9440,2026-04-01,NA,els2023deal
The American Journal of Surgery,NA,0002-9610,2026-04-01,NA,els2023deal
The American Journal of the Medical Sciences,NA,0002-9629,2026-04-01,NA,els2023deal
The Annals of Thoracic Surgery,NA,0003-4975,2026-04-01,NA,els2023deal
The Arts in Psychotherapy,NA,0197-4556,2026-04-01,NA,els2023deal
The Asian Journal of Shipping and Logistics,NA,2092-5212,2026-04-01,NA,els2023deal
The Brazilian Journal of Infectious Diseases,NA,1413-8670,2026-04-01,NA,els2023deal
The Breast,NA,0960-9776,2026-04-01,NA,els2023deal
The British Accounting Review,NA,0890-8389,2026-04-01,NA,els2023deal
The Cell Surface,NA,2468-2330,2026-04-01,NA,els2023deal
The EANM Journal,NA,3051-2921,2026-04-01,NA,els2023deal
The Egyptian Journal of Remote Sensing and Space Sciences,NA,1110-9823,2026-04-01,NA,els2023deal
The Egyptian Rheumatologist,NA,1110-1164,2026-04-01,NA,els2023deal
The Electricity Journal,NA,1040-6190,2026-04-01,NA,els2023deal
The European Journal of Psychiatry,NA,0213-6163,2026-04-01,NA,els2023deal
The Extractive Industries and Society,NA,2214-790X,2026-04-01,NA,els2023deal
The Foot,NA,0958-2592,2026-04-01,NA,els2023deal
The French Journal of Urology,NA,2950-3930,2026-04-01,NA,els2023deal
The Innovation,NA,2666-6758,2026-04-01,NA,els2023deal
The International Journal of Biochemistry & Cell Biology,NA,1357-2725,2026-04-01,NA,els2023deal
The International Journal of Management Education,NA,1472-8117,2026-04-01,NA,els2023deal
The Internet and Higher Education,NA,1096-7516,2026-04-01,NA,els2023deal
The Joint Commission Journal on Quality and Patient Safety,NA,1553-7250,2026-04-01,NA,els2023deal
The Journal for Nurse Practitioners,NA,1555-4155,2026-04-01,NA,els2023deal
The Journal of Academic Librarianship,NA,0099-1333,2026-04-01,NA,els2023deal
The Journal of Aging Research & Lifestyle,NA,2534-773X,2026-04-01,NA,els2023deal
The Journal of Allergy and Clinical Immunology: In Practice,NA,2213-2198,2026-04-01,NA,els2023deal
The Journal of Chemical Thermodynamics,NA,0021-9614,2026-04-01,NA,els2023deal
The Journal of Climate Change and Health,NA,2667-2782,2026-04-01,NA,els2023deal
The Journal of Economic Asymmetries,NA,1703-4949,2026-04-01,NA,els2023deal
The Journal of Emergency Medicine,NA,0736-4679,2026-04-01,NA,els2023deal
The Journal of Foot & Ankle Surgery,NA,1067-2516,2026-04-01,NA,els2023deal
The Journal of Frailty & Aging,NA,2260-1341,2026-04-01,NA,els2023deal
The Journal of Hand Surgery,NA,0363-5023,2026-04-01,NA,els2023deal
The Journal of Heart and Lung Transplantation,NA,1053-2498,2026-04-01,NA,els2023deal
The Journal of Liquid Biopsy,NA,2950-1954,2026-04-01,NA,els2023deal
The Journal of Mathematical Behavior,NA,0732-3123,2026-04-01,NA,els2023deal
The Journal of Molecular Diagnostics,NA,1525-1578,2026-04-01,NA,els2023deal
The Journal of Nutrition,NA,0022-3166,2026-04-01,NA,els2023deal
"The Journal of nutrition, health and aging",NA,1279-7707,2026-04-01,NA,els2023deal
The Journal of Nutritional Biochemistry,NA,0955-2863,2026-04-01,NA,els2023deal
The Journal of Nutritional Physiology,NA,3050-6247,2026-04-01,NA,els2023deal
The Journal of Pain,NA,1526-5900,2026-04-01,NA,els2023deal
The Journal of Pediatrics,NA,0022-3476,2026-04-01,NA,els2023deal
The Journal of Pediatrics: Clinical Practice,NA,2950-5410,2026-04-01,NA,els2023deal
The Journal of Pharmacology and Experimental Therapeutics,NA,0022-3565,2026-04-01,NA,els2023deal
The Journal of Physiological Sciences,NA,1880-6546,2026-04-01,NA,els2023deal
The Journal of Precision Medicine: Health and Disease,NA,3050-6328,2026-04-01,NA,els2023deal
The Journal of Prevention of Alzheimer's Disease,NA,2274-5807,2026-04-01,NA,els2023deal
The Journal of Prosthetic Dentistry,NA,0022-3913,2026-04-01,NA,els2023deal
The Journal of Steroid Biochemistry and Molecular Biology,NA,0960-0760,2026-04-01,NA,els2023deal
The Journal of Strategic Information Systems,NA,0963-8687,2026-04-01,NA,els2023deal
The Journal of Supercritical Fluids,NA,0896-8446,2026-04-01,NA,els2023deal
The Journal of the American Dental Association,NA,0002-8177,2026-04-01,NA,els2023deal
The Journal of the Economics of Ageing,NA,2212-828X,2026-04-01,NA,els2023deal
The Journal of Thoracic and Cardiovascular Surgery,NA,0022-5223,2026-04-01,NA,els2023deal
The Knee,NA,0968-0160,2026-04-01,NA,els2023deal
The Lancet,NA,0140-6736,2026-04-01,NA,els2023deal
The Lancet Child & Adolescent Health,NA,2352-4642,2026-04-01,NA,els2023deal
The Lancet Diabetes & Endocrinology,NA,2213-8587,2026-04-01,NA,els2023deal
The Lancet Digital Health,NA,2589-7500,2026-04-01,NA,els2023deal
The Lancet Gastroenterology & Hepatology,NA,2468-1253,2026-04-01,NA,els2023deal
The Lancet Global Health,NA,2214-109X,2026-04-01,NA,els2023deal
The Lancet Haematology,NA,2352-3026,2026-04-01,NA,els2023deal
The Lancet Healthy Longevity,NA,2666-7568,2026-04-01,NA,els2023deal
The Lancet HIV,NA,2352-3018,2026-04-01,NA,els2023deal
The Lancet Infectious Diseases,NA,1473-3099,2026-04-01,NA,els2023deal
The Lancet Microbe,NA,2666-5247,2026-04-01,NA,els2023deal
The Lancet Neurology,NA,1474-4422,2026-04-01,NA,els2023deal
"The Lancet Obstetrics, Gynaecology, & Women’s Health",NA,3050-5038,2026-04-01,NA,els2023deal
The Lancet Oncology,NA,1470-2045,2026-04-01,NA,els2023deal
The Lancet Planetary Health,NA,2542-5196,2026-04-01,NA,els2023deal
The Lancet Primary Care,NA,3050-5143,2026-04-01,NA,els2023deal
The Lancet Psychiatry,NA,2215-0366,2026-04-01,NA,els2023deal
The Lancet Public Health,NA,2468-2667,2026-04-01,NA,els2023deal
The Lancet Regional Health - Africa,NA,3050-5011,2026-04-01,NA,els2023deal
The Lancet Regional Health - Americas,NA,2667-193X,2026-04-01,NA,els2023deal
The Lancet Regional Health - Europe,NA,2666-7762,2026-04-01,NA,els2023deal
The Lancet Regional Health - Southeast Asia,NA,2772-3682,2026-04-01,NA,els2023deal
The Lancet Regional Health - Western Pacific,NA,2666-6065,2026-04-01,NA,els2023deal
The Lancet Respiratory Medicine,NA,2213-2600,2026-04-01,NA,els2023deal
The Lancet Rheumatology,NA,2665-9913,2026-04-01,NA,els2023deal
The Leadership Quarterly,NA,1048-9843,2026-04-01,NA,els2023deal
The Microbe,NA,2950-1946,2026-04-01,NA,els2023deal
The North American Journal of Economics and Finance,NA,1062-9408,2026-04-01,NA,els2023deal
The Ocular Surface,NA,1542-0124,2026-04-01,NA,els2023deal
The Quarterly Review of Economics and Finance,NA,1062-9769,2026-04-01,NA,els2023deal
The Royal College of Radiologists Open,NA,2773-0662,2026-04-01,NA,els2023deal
The Spine Journal,NA,1529-9430,2026-04-01,NA,els2023deal
The Surgeon,NA,1479-666X,2026-04-01,NA,els2023deal
The Swine Journal,NA,3117-4132,2026-04-01,NA,els2023deal
The Veterinary Journal,NA,1090-0233,2026-04-01,NA,els2023deal
The Veterinary Journal: Pharmacology & Toxicology,NA,3117-5252,2026-04-01,NA,els2023deal
Theoretical and Applied Fracture Mechanics,NA,0167-8442,2026-04-01,NA,els2023deal
Theoretical and Applied Mechanics Letters,NA,2095-0349,2026-04-01,NA,els2023deal
Theoretical Computer Science,NA,0304-3975,2026-04-01,NA,els2023deal
Theoretical Population Biology,NA,0040-5809,2026-04-01,NA,els2023deal
Therapies,NA,0040-5957,2026-04-01,NA,els2023deal
Theriogenology,NA,0093-691X,2026-04-01,NA,els2023deal
Theriogenology Wild,NA,2773-093X,2026-04-01,NA,els2023deal
Thermal Advances,NA,3050-4635,2026-04-01,NA,els2023deal
Thermal Science and Engineering Progress,NA,2451-9049,2026-04-01,NA,els2023deal
Thermochimica Acta,NA,0040-6031,2026-04-01,NA,els2023deal
Thin Solid Films,NA,0040-6090,2026-04-01,NA,els2023deal
Thinking Skills and Creativity,NA,1871-1871,2026-04-01,NA,els2023deal
Thin-Walled Structures,NA,0263-8231,2026-04-01,NA,els2023deal
Thrombosis Research,NA,0049-3848,2026-04-01,NA,els2023deal
Thrombosis Update,NA,2666-5727,2026-04-01,NA,els2023deal
Thyroid Science,NA,2950-3000,2026-04-01,NA,els2023deal
Ticks and Tick-borne Diseases,NA,1877-959X,2026-04-01,NA,els2023deal
Tissue and Cell,NA,0040-8166,2026-04-01,NA,els2023deal
Tomography of Materials and Structures,NA,2949-673X,2026-04-01,NA,els2023deal
Topics in Companion Animal Medicine,NA,1938-9736,2026-04-01,NA,els2023deal
Topology and its Applications,NA,0166-8641,2026-04-01,NA,els2023deal
Total Chemistry,NA,3050-581X,2026-04-01,NA,els2023deal
Total Environment Advances,NA,2950-3957,2026-04-01,NA,els2023deal
Total Environment Engineering,NA,2950-631X,2026-04-01,NA,els2023deal
Total Environment Microbiology,NA,3050-6417,2026-04-01,NA,els2023deal
Tourism Management,NA,0261-5177,2026-04-01,NA,els2023deal
Tourism Management Perspectives,NA,2211-9736,2026-04-01,NA,els2023deal
Toxicologie Analytique et Clinique,NA,2352-0078,2026-04-01,NA,els2023deal
Toxicology,NA,0300-483X,2026-04-01,NA,els2023deal
Toxicology and Applied Pharmacology,NA,0041-008X,2026-04-01,NA,els2023deal
Toxicology in Vitro,NA,0887-2333,2026-04-01,NA,els2023deal
Toxicology Letters,NA,0378-4274,2026-04-01,NA,els2023deal
Toxicology Reports,NA,2214-7500,2026-04-01,NA,els2023deal
Toxicon,NA,0041-0101,2026-04-01,NA,els2023deal
Toxicon: X,NA,2590-1710,2026-04-01,NA,els2023deal
Transcranial Magnetic Stimulation,NA,3050-5291,2026-04-01,NA,els2023deal
Transformative Energy,NA,3117-4639,2026-04-01,NA,els2023deal
Transfusion and Apheresis Science,NA,1473-0502,2026-04-01,NA,els2023deal
Transfusion Clinique et Biologique,NA,1246-7820,2026-04-01,NA,els2023deal
Transfusion Medicine Reviews,NA,0887-7963,2026-04-01,NA,els2023deal
Translational Oncology,NA,1936-5233,2026-04-01,NA,els2023deal
Translational Research,NA,1931-5244,2026-04-01,NA,els2023deal
Translational Research in Anatomy,NA,2214-854X,2026-04-01,NA,els2023deal
Transnational Mobilities,NA,3117-5511,2026-04-01,NA,els2023deal
Transplant Immunology,NA,0966-3274,2026-04-01,NA,els2023deal
Transplantation and Cellular Therapy,NA,2666-6367,2026-04-01,NA,els2023deal
Transplantation Proceedings,NA,0041-1345,2026-04-01,NA,els2023deal
Transplantation Reports,NA,2451-9596,2026-04-01,NA,els2023deal
Transplantation Reviews,NA,0955-470X,2026-04-01,NA,els2023deal
Transport Economics and Management,NA,2949-8996,2026-04-01,NA,els2023deal
Transport Policy,NA,0967-070X,2026-04-01,NA,els2023deal
Transportation Engineering,NA,2666-691X,2026-04-01,NA,els2023deal
Transportation Geotechnics,NA,2214-3912,2026-04-01,NA,els2023deal
Transportation Research Interdisciplinary Perspectives,NA,2590-1982,2026-04-01,NA,els2023deal
Transportation Research Part A: Policy and Practice,NA,0965-8564,2026-04-01,NA,els2023deal
Transportation Research Part B: Methodological,NA,0191-2615,2026-04-01,NA,els2023deal
Transportation Research Part C: Emerging Technologies,NA,0968-090X,2026-04-01,NA,els2023deal
Transportation Research Part D: Transport and Environment,NA,1361-9209,2026-04-01,NA,els2023deal
Transportation Research Part E: Logistics and Transportation Review,NA,1366-5545,2026-04-01,NA,els2023deal
Transportation Research Part F: Traffic Psychology and Behaviour,NA,1369-8478,2026-04-01,NA,els2023deal
Transportation Research Today,NA,3051-360X,2026-04-01,NA,els2023deal
Trauma Case Reports,NA,2352-6440,2026-04-01,NA,els2023deal
Travel Behaviour and Society,NA,2214-367X,2026-04-01,NA,els2023deal
Travel Medicine and Infectious Disease,NA,1477-8939,2026-04-01,NA,els2023deal
"Trees, Forests and People",NA,2666-7193,2026-04-01,NA,els2023deal
Trends in Anaesthesia and Critical Care,NA,2210-8440,2026-04-01,NA,els2023deal
Trends in Analytical Chemistry,NA,0165-9936,2026-04-01,NA,els2023deal
Trends in Biochemical Sciences,NA,0968-0004,2026-04-01,NA,els2023deal
Trends in Biotechnology,NA,0167-7799,2026-04-01,NA,els2023deal
Trends in Cancer,NA,2405-8033,2026-04-01,NA,els2023deal
Trends in Cardiovascular Medicine,NA,1050-1738,2026-04-01,NA,els2023deal
Trends in Cell Biology,NA,0962-8924,2026-04-01,NA,els2023deal
Trends in Chemistry,NA,2589-5974,2026-04-01,NA,els2023deal
Trends in Cognitive Sciences,NA,1364-6613,2026-04-01,NA,els2023deal
Trends in Ecology & Evolution,NA,0169-5347,2026-04-01,NA,els2023deal
Trends in Endocrinology & Metabolism,NA,1043-2760,2026-04-01,NA,els2023deal
Trends in Environmental Analytical Chemistry,NA,2214-1588,2026-04-01,NA,els2023deal
Trends in Food Science & Technology,NA,0924-2244,2026-04-01,NA,els2023deal
Trends in Genetics,NA,0168-9525,2026-04-01,NA,els2023deal
Trends in Immunology,NA,1471-4906,2026-04-01,NA,els2023deal
Trends in Microbiology,NA,0966-842X,2026-04-01,NA,els2023deal
Trends in Molecular Medicine,NA,1471-4914,2026-04-01,NA,els2023deal
Trends in Neuroscience and Education,NA,2211-9493,2026-04-01,NA,els2023deal
Trends in Neurosciences,NA,0166-2236,2026-04-01,NA,els2023deal
Trends in Parasitology,NA,1471-4922,2026-04-01,NA,els2023deal
Trends in Pharmacological Sciences,NA,0165-6147,2026-04-01,NA,els2023deal
Trends in Plant Science,NA,1360-1385,2026-04-01,NA,els2023deal
Trends Open,NA,3117-3470,2026-04-01,NA,els2023deal
Tribology and Interfaces,NA,3117-3136,2026-04-01,NA,els2023deal
Tribology International,NA,0301-679X,2026-04-01,NA,els2023deal
Tuberculosis,NA,1472-9792,2026-04-01,NA,els2023deal
Tumour Virus Research,NA,2666-6790,2026-04-01,NA,els2023deal
Tunnelling and Underground Space Technology,NA,0886-7798,2026-04-01,NA,els2023deal
Ultramicroscopy,NA,0304-3991,2026-04-01,NA,els2023deal
Ultrasonics,NA,0041-624X,2026-04-01,NA,els2023deal
Ultrasonics Sonochemistry,NA,1350-4177,2026-04-01,NA,els2023deal
Ultrasound in Medicine & Biology,NA,0301-5629,2026-04-01,NA,els2023deal
Urban Climate,NA,2212-0955,2026-04-01,NA,els2023deal
Urban Forestry & Urban Greening,NA,1618-8667,2026-04-01,NA,els2023deal
Urban Transitions,NA,3050-6972,2026-04-01,NA,els2023deal
Urologic Oncology: Seminars and Original Investigations,NA,1078-1439,2026-04-01,NA,els2023deal
Urology,NA,0090-4295,2026-04-01,NA,els2023deal
Urology Case Reports,NA,2214-4420,2026-04-01,NA,els2023deal
Urology Horizons,NA,3117-3500,2026-04-01,NA,els2023deal
Urology Video Journal,NA,2590-0897,2026-04-01,NA,els2023deal
Utilities Policy,NA,0957-1787,2026-04-01,NA,els2023deal
Vaccine,NA,0264-410X,2026-04-01,NA,els2023deal
Vaccine: X,NA,2590-1362,2026-04-01,NA,els2023deal
Vacunas,NA,1576-9887,2026-04-01,NA,els2023deal
Vacunas (English Edition),NA,2445-1460,2026-04-01,NA,els2023deal
Vacuum,NA,0042-207X,2026-04-01,NA,els2023deal
Value in Health,NA,1098-3015,2026-04-01,NA,els2023deal
Value in Health Regional Issues,NA,2212-1099,2026-04-01,NA,els2023deal
Vascular Diseases,NA,3050-6581,2026-04-01,NA,els2023deal
Vascular Pharmacology,NA,1537-1891,2026-04-01,NA,els2023deal
Vehicular Communications,NA,2214-2096,2026-04-01,NA,els2023deal
Veterinary Anaesthesia and Analgesia,NA,1467-2987,2026-04-01,NA,els2023deal
Veterinary and Animal Science,NA,2451-943X,2026-04-01,NA,els2023deal
Veterinary Immunology and Immunopathology,NA,0165-2427,2026-04-01,NA,els2023deal
Veterinary Microbiology,NA,0378-1135,2026-04-01,NA,els2023deal
Veterinary Parasitology,NA,0304-4017,2026-04-01,NA,els2023deal
Veterinary Parasitology: Regional Studies and Reports,NA,2405-9390,2026-04-01,NA,els2023deal
Vibrational Spectroscopy,NA,0924-2031,2026-04-01,NA,els2023deal
VideoGIE,NA,2468-4481,2026-04-01,NA,els2023deal
Virology,NA,0042-6822,2026-04-01,NA,els2023deal
Virus Research,NA,0168-1702,2026-04-01,NA,els2023deal
Vision Research,NA,0042-6989,2026-04-01,NA,els2023deal
Visual Journal of Emergency Medicine,NA,2405-4690,2026-04-01,NA,els2023deal
Waste Management,NA,0956-053X,2026-04-01,NA,els2023deal
Waste Management Bulletin,NA,2949-7507,2026-04-01,NA,els2023deal
Water Research,NA,0043-1354,2026-04-01,NA,els2023deal
Water Research X,NA,2589-9147,2026-04-01,NA,els2023deal
Water Resources and Industry,NA,2212-3717,2026-04-01,NA,els2023deal
Water Security,NA,2468-3124,2026-04-01,NA,els2023deal
Wave Motion,NA,0165-2125,2026-04-01,NA,els2023deal
Wear,NA,0043-1648,2026-04-01,NA,els2023deal
Weather and Climate Extremes,NA,2212-0947,2026-04-01,NA,els2023deal
"Wellbeing, Space and Society",NA,2666-5581,2026-04-01,NA,els2023deal
WFUMB Ultrasound Open,NA,2949-6683,2026-04-01,NA,els2023deal
Wind Energy and Engineering Research,NA,2950-3604,2026-04-01,NA,els2023deal
Women and Birth,NA,1871-5192,2026-04-01,NA,els2023deal
Women's Health Issues,NA,1049-3867,2026-04-01,NA,els2023deal
Women's Studies International Forum,NA,0277-5395,2026-04-01,NA,els2023deal
World Allergy Organization Journal,NA,1939-4551,2026-04-01,NA,els2023deal
World Development,NA,0305-750X,2026-04-01,NA,els2023deal
World Development Perspectives,NA,2452-2929,2026-04-01,NA,els2023deal
World Development Sustainability,NA,2772-655X,2026-04-01,NA,els2023deal
World Neurosurgery,NA,1878-8750,2026-04-01,NA,els2023deal
World Neurosurgery: X,NA,2590-1397,2026-04-01,NA,els2023deal
World Patent Information,NA,0172-2190,2026-04-01,NA,els2023deal
"Zeitschrift für Evidenz, Fortbildung und Qualität im Gesundheitswesen",NA,1865-9217,2026-04-01,NA,els2023deal
Zeitschrift für Medizinische Physik,NA,0939-3889,2026-04-01,NA,els2023deal
Zoologischer Anzeiger,NA,0044-5231,2026-04-01,NA,els2023deal
Zoology,NA,0944-2006,2026-04-01,NA,els2023deal
Accident Analysis & Prevention,NA,0001-4575,2026-04-01,NA,els2023mahe
Acta Astronautica,NA,0094-5765,2026-04-01,NA,els2023mahe
Acta Biomaterialia,NA,1742-7061,2026-04-01,NA,els2023mahe
Acta Histochemica,NA,0065-1281,2026-04-01,NA,els2023mahe
Acta Materialia,NA,1359-6454,2026-04-01,NA,els2023mahe
Ad Hoc Networks,NA,1570-8705,2026-04-01,NA,els2023mahe
Additive Manufacturing,NA,2214-8604,2026-04-01,NA,els2023mahe
Advanced Drug Delivery Reviews,NA,0169-409X,2026-04-01,NA,els2023mahe
Advanced Engineering Informatics,NA,1474-0346,2026-04-01,NA,els2023mahe
Advanced Powder Technology,NA,0921-8831,2026-04-01,NA,els2023mahe
Advances in Biological Regulation,NA,2212-4926,2026-04-01,NA,els2023mahe
Advances in Colloid and Interface Science,NA,0001-8686,2026-04-01,NA,els2023mahe
Advances in Engineering Software,NA,0965-9978,2026-04-01,NA,els2023mahe
Advances in Medical Sciences,NA,1896-1126,2026-04-01,NA,els2023mahe
Aerospace Science and Technology,NA,1270-9638,2026-04-01,NA,els2023mahe
AEÜ - International Journal of Electronics and Communications,NA,1434-8411,2026-04-01,NA,els2023mahe
Ageing Research Reviews,NA,1568-1637,2026-04-01,NA,els2023mahe
Alcohol,NA,0741-8329,2026-04-01,NA,els2023mahe
Algal Research,NA,2211-9264,2026-04-01,NA,els2023mahe
Analytic Methods in Accident Research,NA,2213-6657,2026-04-01,NA,els2023mahe
Analytica Chimica Acta,NA,0003-2670,2026-04-01,NA,els2023mahe
Analytical Biochemistry,NA,0003-2697,2026-04-01,NA,els2023mahe
Animal Reproduction Science,NA,0378-4320,2026-04-01,NA,els2023mahe
Annals of Anatomy,NA,0940-9602,2026-04-01,NA,els2023mahe
Annals of Nuclear Energy,NA,0306-4549,2026-04-01,NA,els2023mahe
Annual Reviews in Control,NA,1367-5788,2026-04-01,NA,els2023mahe
Applied Acoustics,NA,0003-682X,2026-04-01,NA,els2023mahe
Applied Clay Science,NA,0169-1317,2026-04-01,NA,els2023mahe
Applied Energy,NA,0306-2619,2026-04-01,NA,els2023mahe
Applied Ergonomics,NA,0003-6870,2026-04-01,NA,els2023mahe
Applied Materials Today,NA,2352-9407,2026-04-01,NA,els2023mahe
Applied Mathematical Modelling,NA,0307-904X,2026-04-01,NA,els2023mahe
Applied Mathematics Letters,NA,0893-9659,2026-04-01,NA,els2023mahe
Applied Soft Computing,NA,1568-4946,2026-04-01,NA,els2023mahe
Applied Surface Science,NA,0169-4332,2026-04-01,NA,els2023mahe
Applied Thermal Engineering,NA,1359-4311,2026-04-01,NA,els2023mahe
Archives of Biochemistry and Biophysics,NA,0003-9861,2026-04-01,NA,els2023mahe
Archives of Gerontology and Geriatrics,NA,0167-4943,2026-04-01,NA,els2023mahe
Arthropod Structure & Development,NA,1467-8039,2026-04-01,NA,els2023mahe
Artificial Intelligence,NA,0004-3702,2026-04-01,NA,els2023mahe
Artificial Intelligence in Medicine,NA,0933-3657,2026-04-01,NA,els2023mahe
Astronomy and Computing,NA,2213-1337,2026-04-01,NA,els2023mahe
Automatica,NA,0005-1098,2026-04-01,NA,els2023mahe
Automation in Construction,NA,0926-5805,2026-04-01,NA,els2023mahe
Best Practice & Research Clinical Endocrinology & Metabolism,NA,1521-690X,2026-04-01,NA,els2023mahe
Best Practice & Research Clinical Haematology,NA,1521-6926,2026-04-01,NA,els2023mahe
Big Data Research,NA,2214-5796,2026-04-01,NA,els2023mahe
Bioactive Carbohydrates and Dietary Fibre,NA,2212-6198,2026-04-01,NA,els2023mahe
Biocatalysis and Agricultural Biotechnology,NA,1878-8181,2026-04-01,NA,els2023mahe
Biochemical and Biophysical Research Communications,NA,0006-291X,2026-04-01,NA,els2023mahe
Biochemical Engineering Journal,NA,1369-703X,2026-04-01,NA,els2023mahe
Biochemical Systematics and Ecology,NA,0305-1978,2026-04-01,NA,els2023mahe
Biochimica et Biophysica Acta: Bioenergetics,NA,0005-2728,2026-04-01,NA,els2023mahe
Biochimica et Biophysica Acta: Biomembranes,NA,0005-2736,2026-04-01,NA,els2023mahe
Biochimica et Biophysica Acta: Gene Regulatory Mechanisms,NA,1874-9399,2026-04-01,NA,els2023mahe
Biochimica et Biophysica Acta: General Subjects,NA,0304-4165,2026-04-01,NA,els2023mahe
Biochimica et Biophysica Acta: Molecular and Cell Biology of Lipids,NA,1388-1981,2026-04-01,NA,els2023mahe
Biochimica et Biophysica Acta: Molecular Basis of Disease,NA,0925-4439,2026-04-01,NA,els2023mahe
Biochimica et Biophysica Acta: Molecular Cell Research,NA,0167-4889,2026-04-01,NA,els2023mahe
Biochimica et Biophysica Acta: Proteins and Proteomics,NA,1570-9639,2026-04-01,NA,els2023mahe
Biochimica et Biophysica Acta: Reviews on Cancer,NA,0304-419X,2026-04-01,NA,els2023mahe
Biochimie,NA,0300-9084,2026-04-01,NA,els2023mahe
Biocybernetics and Biomedical Engineering,NA,0208-5216,2026-04-01,NA,els2023mahe
Bioelectrochemistry,NA,1567-5394,2026-04-01,NA,els2023mahe
Biologicals,NA,1045-1056,2026-04-01,NA,els2023mahe
Biomass & Bioenergy,NA,0961-9534,2026-04-01,NA,els2023mahe
Biomaterials,NA,0142-9612,2026-04-01,NA,els2023mahe
Biomaterials Advances,NA,2772-9508,2026-04-01,NA,els2023mahe
Biomedical Signal Processing and Control,NA,1746-8094,2026-04-01,NA,els2023mahe
Bioorganic & Medicinal Chemistry,NA,0968-0896,2026-04-01,NA,els2023mahe
Bioorganic & Medicinal Chemistry Letters,NA,0960-894X,2026-04-01,NA,els2023mahe
Bioorganic Chemistry,NA,0045-2068,2026-04-01,NA,els2023mahe
Biophysical Chemistry,NA,0301-4622,2026-04-01,NA,els2023mahe
Bioprinting,NA,2405-8866,2026-04-01,NA,els2023mahe
Bioresource Technology,NA,0960-8524,2026-04-01,NA,els2023mahe
Bioresource Technology Reports,NA,2589-014X,2026-04-01,NA,els2023mahe
Biosensors and Bioelectronics,NA,0956-5663,2026-04-01,NA,els2023mahe
BioSystems,NA,0303-2647,2026-04-01,NA,els2023mahe
Biosystems Engineering,NA,1537-5110,2026-04-01,NA,els2023mahe
Biotechnology Advances,NA,0734-9750,2026-04-01,NA,els2023mahe
"Blood Cells, Molecules and Diseases",NA,1079-9796,2026-04-01,NA,els2023mahe
Blood Reviews,NA,0268-960X,2026-04-01,NA,els2023mahe
Bone,NA,8756-3282,2026-04-01,NA,els2023mahe
Building and Environment,NA,0360-1323,2026-04-01,NA,els2023mahe
Calphad,NA,0364-5916,2026-04-01,NA,els2023mahe
Cancer Epidemiology,NA,1877-7821,2026-04-01,NA,els2023mahe
Cancer Genetics,NA,2210-7762,2026-04-01,NA,els2023mahe
Cancer Letters,NA,0304-3835,2026-04-01,NA,els2023mahe
Cancer Radiothérapie,NA,1278-3218,2026-04-01,NA,els2023mahe
Carbohydrate Polymers,NA,0144-8617,2026-04-01,NA,els2023mahe
Carbohydrate Research,NA,0008-6215,2026-04-01,NA,els2023mahe
Carbon,NA,0008-6223,2026-04-01,NA,els2023mahe
Cardiovascular Revascularization Medicine,NA,1553-8389,2026-04-01,NA,els2023mahe
Case Studies on Transport Policy,NA,2213-624X,2026-04-01,NA,els2023mahe
Cell Calcium,NA,0143-4160,2026-04-01,NA,els2023mahe
Cells & Development,NA,2667-2901,2026-04-01,NA,els2023mahe
Cellular Immunology,NA,0008-8749,2026-04-01,NA,els2023mahe
Cellular Signalling,NA,0898-6568,2026-04-01,NA,els2023mahe
Cement and Concrete Composites,NA,0958-9465,2026-04-01,NA,els2023mahe
Cement and Concrete Research,NA,0008-8846,2026-04-01,NA,els2023mahe
Ceramics International,NA,0272-8842,2026-04-01,NA,els2023mahe
Chemical Engineering Research and Design,NA,0263-8762,2026-04-01,NA,els2023mahe
Chemical Physics,NA,0301-0104,2026-04-01,NA,els2023mahe
Chemical Physics Letters,NA,0009-2614,2026-04-01,NA,els2023mahe
Chemistry and Physics of Lipids,NA,0009-3084,2026-04-01,NA,els2023mahe
CIRP Annals,NA,0007-8506,2026-04-01,NA,els2023mahe
CIRP Journal of Manufacturing Science and Technology,NA,1755-5817,2026-04-01,NA,els2023mahe
Clinica Chimica Acta,NA,0009-8981,2026-04-01,NA,els2023mahe
Clinical Biochemistry,NA,0009-9120,2026-04-01,NA,els2023mahe
Coastal Engineering,NA,0378-3839,2026-04-01,NA,els2023mahe
Cognitive Systems Research,NA,1389-0417,2026-04-01,NA,els2023mahe
Colloids and Surfaces A: Physicochemical and Engineering Aspects,NA,0927-7757,2026-04-01,NA,els2023mahe
Colloids and Surfaces B: Biointerfaces,NA,0927-7765,2026-04-01,NA,els2023mahe
Colloids and Surfaces C: Environmental Aspects,NA,2949-7590,2026-04-01,NA,els2023mahe
Combustion and Flame,NA,0010-2180,2026-04-01,NA,els2023mahe
Communications in Nonlinear Science and Numerical Simulation,NA,1007-5704,2026-04-01,NA,els2023mahe
Comparative Biochemistry and Physiology - Part A: Molecular & Integrative Physiology,NA,1095-6433,2026-04-01,NA,els2023mahe
Comparative Biochemistry and Physiology - Part B: Biochemistry & Molecular Biology,NA,1096-4959,2026-04-01,NA,els2023mahe
Comparative Biochemistry and Physiology - Part C: Toxicology & Pharmacology,NA,1532-0456,2026-04-01,NA,els2023mahe
Comparative Biochemistry and Physiology - Part D: Genomics and Proteomics,NA,1744-117X,2026-04-01,NA,els2023mahe
Composite Structures,NA,0263-8223,2026-04-01,NA,els2023mahe
Composites Communications,NA,2452-2139,2026-04-01,NA,els2023mahe
Composites Part A: Applied Science and Manufacturing,NA,1359-835X,2026-04-01,NA,els2023mahe
Composites Part B: Engineering,NA,1359-8368,2026-04-01,NA,els2023mahe
Composites Science and Technology,NA,0266-3538,2026-04-01,NA,els2023mahe
Computational Biology and Chemistry,NA,1476-9271,2026-04-01,NA,els2023mahe
Computational Condensed Matter,NA,2352-2143,2026-04-01,NA,els2023mahe
Computational Geometry,NA,0925-7721,2026-04-01,NA,els2023mahe
Computational Materials Science,NA,0927-0256,2026-04-01,NA,els2023mahe
Computational Statistics & Data Analysis,NA,0167-9473,2026-04-01,NA,els2023mahe
Computational Toxicology,NA,2468-1113,2026-04-01,NA,els2023mahe
Computer Aided Geometric Design,NA,0167-8396,2026-04-01,NA,els2023mahe
Computer Communications,NA,0140-3664,2026-04-01,NA,els2023mahe
Computer Methods and Programs in Biomedicine,NA,0169-2607,2026-04-01,NA,els2023mahe
Computer Methods in Applied Mechanics and Engineering,NA,0045-7825,2026-04-01,NA,els2023mahe
Computer Networks,NA,1389-1286,2026-04-01,NA,els2023mahe
Computer Physics Communications,NA,0010-4655,2026-04-01,NA,els2023mahe
Computer Science Review,NA,1574-0137,2026-04-01,NA,els2023mahe
Computer Speech and Language,NA,0885-2308,2026-04-01,NA,els2023mahe
Computer Standards & Interfaces,NA,0920-5489,2026-04-01,NA,els2023mahe
Computer Vision and Image Understanding,NA,1077-3142,2026-04-01,NA,els2023mahe
Computer-Aided Design,NA,0010-4485,2026-04-01,NA,els2023mahe
Computerized Medical Imaging and Graphics,NA,0895-6111,2026-04-01,NA,els2023mahe
Computers & Chemical Engineering,NA,0098-1354,2026-04-01,NA,els2023mahe
Computers & Electrical Engineering,NA,0045-7906,2026-04-01,NA,els2023mahe
Computers & Fluids,NA,0045-7930,2026-04-01,NA,els2023mahe
Computers & Geosciences,NA,0098-3004,2026-04-01,NA,els2023mahe
Computers & Graphics,NA,0097-8493,2026-04-01,NA,els2023mahe
Computers & Industrial Engineering,NA,0360-8352,2026-04-01,NA,els2023mahe
Computers & Mathematics with Applications,NA,0898-1221,2026-04-01,NA,els2023mahe
Computers & Operations Research,NA,0305-0548,2026-04-01,NA,els2023mahe
Computers & Security,NA,0167-4048,2026-04-01,NA,els2023mahe
Computers & Structures,NA,0045-7949,2026-04-01,NA,els2023mahe
Computers and Electronics in Agriculture,NA,0168-1699,2026-04-01,NA,els2023mahe
Computers and Geotechnics,NA,0266-352X,2026-04-01,NA,els2023mahe
Computers in Biology and Medicine,NA,0010-4825,2026-04-01,NA,els2023mahe
Computers in Human Behavior,NA,0747-5632,2026-04-01,NA,els2023mahe
Computers in Industry,NA,0166-3615,2026-04-01,NA,els2023mahe
"Computers, Environment and Urban Systems",NA,0198-9715,2026-04-01,NA,els2023mahe
Construction and Building Materials,NA,0950-0618,2026-04-01,NA,els2023mahe
Control Engineering Practice,NA,0967-0661,2026-04-01,NA,els2023mahe
Corrosion Science,NA,0010-938X,2026-04-01,NA,els2023mahe
Cryobiology,NA,0011-2240,2026-04-01,NA,els2023mahe
Cryogenics,NA,0011-2275,2026-04-01,NA,els2023mahe
Current Opinion in Biomedical Engineering,NA,2468-4511,2026-04-01,NA,els2023mahe
Current Opinion in Biotechnology,NA,0958-1669,2026-04-01,NA,els2023mahe
Current Opinion in Cell Biology,NA,0955-0674,2026-04-01,NA,els2023mahe
Current Opinion in Chemical Biology,NA,1367-5931,2026-04-01,NA,els2023mahe
Current Opinion in Colloid & Interface Science,NA,1359-0294,2026-04-01,NA,els2023mahe
Current Opinion in Electrochemistry,NA,2451-9103,2026-04-01,NA,els2023mahe
Current Opinion in Endocrine and Metabolic Research,NA,2451-9650,2026-04-01,NA,els2023mahe
Current Opinion in Environmental Sustainability,NA,1877-3435,2026-04-01,NA,els2023mahe
Current Opinion in Food Science,NA,2214-7993,2026-04-01,NA,els2023mahe
Current Opinion in Genetics & Development,NA,0959-437X,2026-04-01,NA,els2023mahe
Current Opinion in Physiology,NA,2468-8673,2026-04-01,NA,els2023mahe
Current Opinion in Plant Biology,NA,1369-5266,2026-04-01,NA,els2023mahe
Current Opinion in Solid State & Materials Science,NA,1359-0286,2026-04-01,NA,els2023mahe
Current Opinion in Structural Biology,NA,0959-440X,2026-04-01,NA,els2023mahe
Current Opinion in Systems Biology,NA,2452-3100,2026-04-01,NA,els2023mahe
Current Opinion in Toxicology,NA,2468-2020,2026-04-01,NA,els2023mahe
Cytokine,NA,1043-4666,2026-04-01,NA,els2023mahe
Cytokine & Growth Factor Reviews,NA,1359-6101,2026-04-01,NA,els2023mahe
Cytotherapy,NA,1465-3249,2026-04-01,NA,els2023mahe
Data & Knowledge Engineering,NA,0169-023X,2026-04-01,NA,els2023mahe
Decision Support Systems,NA,0167-9236,2026-04-01,NA,els2023mahe
Dental Materials,NA,0109-5641,2026-04-01,NA,els2023mahe
Desalination,NA,0011-9164,2026-04-01,NA,els2023mahe
Design Studies,NA,0142-694X,2026-04-01,NA,els2023mahe
Developmental & Comparative Immunology,NA,0145-305X,2026-04-01,NA,els2023mahe
Developmental Biology,NA,0012-1606,2026-04-01,NA,els2023mahe
Diabetes Research and Clinical Practice,NA,0168-8227,2026-04-01,NA,els2023mahe
Diamond and Related Materials,NA,0925-9635,2026-04-01,NA,els2023mahe
Differentiation,NA,0301-4681,2026-04-01,NA,els2023mahe
Digital Applications in Archaeology and Cultural Heritage,NA,2212-0548,2026-04-01,NA,els2023mahe
Digital Signal Processing,NA,1051-2004,2026-04-01,NA,els2023mahe
Discrete Applied Mathematics,NA,0166-218X,2026-04-01,NA,els2023mahe
Displays,NA,0141-9382,2026-04-01,NA,els2023mahe
DNA Repair,NA,1568-7864,2026-04-01,NA,els2023mahe
Domestic Animal Endocrinology,NA,0739-7240,2026-04-01,NA,els2023mahe
Drug Discovery Today,NA,1359-6446,2026-04-01,NA,els2023mahe
Drug Resistance Updates,NA,1368-7646,2026-04-01,NA,els2023mahe
Dyes and Pigments,NA,0143-7208,2026-04-01,NA,els2023mahe
Ecological Genetics and Genomics,NA,2405-9854,2026-04-01,NA,els2023mahe
Electric Power Systems Research,NA,0378-7796,2026-04-01,NA,els2023mahe
Electronic Commerce Research and Applications,NA,1567-4223,2026-04-01,NA,els2023mahe
Energy,NA,0360-5442,2026-04-01,NA,els2023mahe
Energy 360,NA,2950-4872,2026-04-01,NA,els2023mahe
Energy and Buildings,NA,0378-7788,2026-04-01,NA,els2023mahe
Energy and Climate Change,NA,2666-2787,2026-04-01,NA,els2023mahe
Energy Conversion and Management,NA,0196-8904,2026-04-01,NA,els2023mahe
Energy Economics,NA,0140-9883,2026-04-01,NA,els2023mahe
Energy for Sustainable Development,NA,0973-0826,2026-04-01,NA,els2023mahe
Energy Policy,NA,0301-4215,2026-04-01,NA,els2023mahe
Energy Research & Social Science,NA,2214-6296,2026-04-01,NA,els2023mahe
Energy Storage Materials,NA,2405-8297,2026-04-01,NA,els2023mahe
EnergyChem,NA,2589-7780,2026-04-01,NA,els2023mahe
Engineering Analysis with Boundary Elements,NA,0955-7997,2026-04-01,NA,els2023mahe
Engineering Applications of Artificial Intelligence,NA,0952-1976,2026-04-01,NA,els2023mahe
Engineering Failure Analysis,NA,1350-6307,2026-04-01,NA,els2023mahe
Engineering Fracture Mechanics,NA,0013-7944,2026-04-01,NA,els2023mahe
Engineering Structures,NA,0141-0296,2026-04-01,NA,els2023mahe
Entertainment Computing,NA,1875-9521,2026-04-01,NA,els2023mahe
Environmental Impact Assessment Review,NA,0195-9255,2026-04-01,NA,els2023mahe
Environmental Modelling & Software,NA,1364-8152,2026-04-01,NA,els2023mahe
Environmental Science & Policy,NA,1462-9011,2026-04-01,NA,els2023mahe
Enzyme and Microbial Technology,NA,0141-0229,2026-04-01,NA,els2023mahe
eTransportation,NA,2590-1168,2026-04-01,NA,els2023mahe
European Journal of Cancer,NA,0959-8049,2026-04-01,NA,els2023mahe
European Journal of Control,NA,0947-3580,2026-04-01,NA,els2023mahe
European Journal of Mechanics - A/Solids,NA,0997-7538,2026-04-01,NA,els2023mahe
European Journal of Mechanics - B/Fluids,NA,0997-7546,2026-04-01,NA,els2023mahe
European Journal of Medicinal Chemistry,NA,0223-5234,2026-04-01,NA,els2023mahe
European Journal of Operational Research,NA,0377-2217,2026-04-01,NA,els2023mahe
European Journal of Pharmaceutics and Biopharmaceutics,NA,0939-6411,2026-04-01,NA,els2023mahe
European Journal of Protistology,NA,0932-4739,2026-04-01,NA,els2023mahe
Experimental Cell Research,NA,0014-4827,2026-04-01,NA,els2023mahe
Experimental Hematology,NA,0301-472X,2026-04-01,NA,els2023mahe
Experimental Thermal and Fluid Science,NA,0894-1777,2026-04-01,NA,els2023mahe
Expert Systems with Applications,NA,0957-4174,2026-04-01,NA,els2023mahe
Extreme Mechanics Letters,NA,2352-4316,2026-04-01,NA,els2023mahe
Finite Elements in Analysis and Design,NA,0168-874X,2026-04-01,NA,els2023mahe
Fire Safety Journal,NA,0379-7112,2026-04-01,NA,els2023mahe
FlatChem,NA,2452-2627,2026-04-01,NA,els2023mahe
Flora,NA,0367-2530,2026-04-01,NA,els2023mahe
Flow Measurement and Instrumentation,NA,0955-5986,2026-04-01,NA,els2023mahe
Food and Bioproducts Processing,NA,0960-3085,2026-04-01,NA,els2023mahe
Food Bioscience,NA,2212-4292,2026-04-01,NA,els2023mahe
Food Chemistry,NA,0308-8146,2026-04-01,NA,els2023mahe
Food Packaging and Shelf Life,NA,2214-2894,2026-04-01,NA,els2023mahe
Forensic Science International,NA,0379-0738,2026-04-01,NA,els2023mahe
Forensic Science International: Digital Investigation,NA,2666-2817,2026-04-01,NA,els2023mahe
Forensic Science International: Genetics,NA,1872-4973,2026-04-01,NA,els2023mahe
Forensic Science International: Genetics Supplement Series,NA,1875-1768,2026-04-01,NA,els2023mahe
Free Radical Biology & Medicine,NA,0891-5849,2026-04-01,NA,els2023mahe
Frontiers in Neuroendocrinology,NA,0091-3022,2026-04-01,NA,els2023mahe
Fuel,NA,0016-2361,2026-04-01,NA,els2023mahe
Fungal Biology Reviews,NA,1749-4613,2026-04-01,NA,els2023mahe
Fungal Ecology,NA,1754-5048,2026-04-01,NA,els2023mahe
Fungal Genetics and Biology,NA,1087-1845,2026-04-01,NA,els2023mahe
Fusion Engineering and Design,NA,0920-3796,2026-04-01,NA,els2023mahe
Future Generation Computer Systems,NA,0167-739X,2026-04-01,NA,els2023mahe
Fuzzy Sets and Systems,NA,0165-0114,2026-04-01,NA,els2023mahe
Gas Science and Engineering,NA,2949-9089,2026-04-01,NA,els2023mahe
Gene,NA,0378-1119,2026-04-01,NA,els2023mahe
Gene Expression Patterns,NA,1567-133X,2026-04-01,NA,els2023mahe
Gene Reports,NA,2452-0144,2026-04-01,NA,els2023mahe
General and Comparative Endocrinology,NA,0016-6480,2026-04-01,NA,els2023mahe
Geomechanics for Energy and the Environment,NA,2352-3808,2026-04-01,NA,els2023mahe
Geotextiles and Geomembranes,NA,0266-1144,2026-04-01,NA,els2023mahe
Geothermics,NA,0375-6505,2026-04-01,NA,els2023mahe
Growth Hormone & IGF Research,NA,1096-6374,2026-04-01,NA,els2023mahe
Healthcare: The Journal of Delivery Science and Innovation,NA,2213-0764,2026-04-01,NA,els2023mahe
Hormones and Behavior,NA,0018-506X,2026-04-01,NA,els2023mahe
Human Gene,NA,2773-0441,2026-04-01,NA,els2023mahe
IFAC Journal of Systems and Control,NA,2468-6018,2026-04-01,NA,els2023mahe
Image and Vision Computing,NA,0262-8856,2026-04-01,NA,els2023mahe
Information & Management,NA,0378-7206,2026-04-01,NA,els2023mahe
Information and Computation,NA,0890-5401,2026-04-01,NA,els2023mahe
Information and Organization,NA,1471-7727,2026-04-01,NA,els2023mahe
Information and Software Technology,NA,0950-5849,2026-04-01,NA,els2023mahe
Information Fusion,NA,1566-2535,2026-04-01,NA,els2023mahe
Information Processing & Management,NA,0306-4573,2026-04-01,NA,els2023mahe
Information Processing Letters,NA,0020-0190,2026-04-01,NA,els2023mahe
Information Sciences,NA,0020-0255,2026-04-01,NA,els2023mahe
Information Systems,NA,0306-4379,2026-04-01,NA,els2023mahe
Innovative Food Science and Emerging Technologies,NA,1466-8564,2026-04-01,NA,els2023mahe
Inorganic Chemistry Communications,NA,1387-7003,2026-04-01,NA,els2023mahe
Inorganica Chimica Acta,NA,0020-1693,2026-04-01,NA,els2023mahe
Insect Biochemistry and Molecular Biology,NA,0965-1748,2026-04-01,NA,els2023mahe
Integration,NA,0167-9260,2026-04-01,NA,els2023mahe
Intermetallics,NA,0966-9795,2026-04-01,NA,els2023mahe
International Communications in Heat and Mass Transfer,NA,0735-1933,2026-04-01,NA,els2023mahe
International Journal of Adhesion and Adhesives,NA,0143-7496,2026-04-01,NA,els2023mahe
International Journal of Approximate Reasoning,NA,0888-613X,2026-04-01,NA,els2023mahe
International Journal of Biological Macromolecules,NA,0141-8130,2026-04-01,NA,els2023mahe
International Journal of Child-Computer Interaction,NA,2212-8689,2026-04-01,NA,els2023mahe
International Journal of Coal Geology,NA,0166-5162,2026-04-01,NA,els2023mahe
International Journal of Critical Infrastructure Protection,NA,1874-5482,2026-04-01,NA,els2023mahe
International Journal of Engineering Science,NA,0020-7225,2026-04-01,NA,els2023mahe
International Journal of Fatigue,NA,0142-1123,2026-04-01,NA,els2023mahe
International Journal of Greenhouse Gas Control,NA,1750-5836,2026-04-01,NA,els2023mahe
International Journal of Heat and Fluid Flow,NA,0142-727X,2026-04-01,NA,els2023mahe
International Journal of Heat and Mass Transfer,NA,0017-9310,2026-04-01,NA,els2023mahe
International Journal of Human-Computer Studies,NA,1071-5819,2026-04-01,NA,els2023mahe
International Journal of Hydrogen Energy,NA,0360-3199,2026-04-01,NA,els2023mahe
International Journal of Impact Engineering,NA,0734-743X,2026-04-01,NA,els2023mahe
International Journal of Industrial Ergonomics,NA,0169-8141,2026-04-01,NA,els2023mahe
International Journal of Machine Tools and Manufacture,NA,0890-6955,2026-04-01,NA,els2023mahe
International Journal of Mechanical Sciences,NA,0020-7403,2026-04-01,NA,els2023mahe
International Journal of Medical Informatics,NA,1386-5056,2026-04-01,NA,els2023mahe
International Journal of Multiphase Flow,NA,0301-9322,2026-04-01,NA,els2023mahe
International Journal of Non-Linear Mechanics,NA,0020-7462,2026-04-01,NA,els2023mahe
International Journal of Paleopathology,NA,1879-9817,2026-04-01,NA,els2023mahe
International Journal of Plasticity,NA,0749-6419,2026-04-01,NA,els2023mahe
International Journal of Pressure Vessels and Piping,NA,0308-0161,2026-04-01,NA,els2023mahe
International Journal of Production Economics,NA,0925-5273,2026-04-01,NA,els2023mahe
International Journal of Project Management,NA,0263-7863,2026-04-01,NA,els2023mahe
International Journal of Refractory Metals and Hard Materials,NA,0263-4368,2026-04-01,NA,els2023mahe
International Journal of Refrigeration,NA,0140-7007,2026-04-01,NA,els2023mahe
International Journal of Rock Mechanics and Mining Sciences,NA,1365-1609,2026-04-01,NA,els2023mahe
International Journal of Solids and Structures,NA,0020-7683,2026-04-01,NA,els2023mahe
International Journal of Thermal Sciences,NA,1290-0729,2026-04-01,NA,els2023mahe
Internet of Things,NA,2542-6605,2026-04-01,NA,els2023mahe
IRBM,NA,1959-0318,2026-04-01,NA,els2023mahe
ISA Transactions,NA,0019-0578,2026-04-01,NA,els2023mahe
ISPRS Journal of Photogrammetry and Remote Sensing,NA,0924-2716,2026-04-01,NA,els2023mahe
Journal of Alloys and Compounds,NA,0925-8388,2026-04-01,NA,els2023mahe
Journal of Alloys and Compounds Communications,NA,2950-2845,2026-04-01,NA,els2023mahe
Journal of Archaeological Science,NA,0305-4403,2026-04-01,NA,els2023mahe
Journal of Biomechanics,NA,0021-9290,2026-04-01,NA,els2023mahe
Journal of Biomedical Informatics,NA,1532-0464,2026-04-01,NA,els2023mahe
Journal of Biotechnology,NA,0168-1656,2026-04-01,NA,els2023mahe
Journal of Building Engineering,NA,2352-7102,2026-04-01,NA,els2023mahe
Journal of Chromatography B,NA,1570-0232,2026-04-01,NA,els2023mahe
Journal of Cleaner Production,NA,0959-6526,2026-04-01,NA,els2023mahe
Journal of Colloid and Interface Science,NA,0021-9797,2026-04-01,NA,els2023mahe
Journal of Commodity Markets,NA,2405-8513,2026-04-01,NA,els2023mahe
Journal of Computational Physics,NA,0021-9991,2026-04-01,NA,els2023mahe
Journal of Computational Science,NA,1877-7503,2026-04-01,NA,els2023mahe
Journal of Computer and System Sciences,NA,0022-0000,2026-04-01,NA,els2023mahe
Journal of Computer Languages,NA,2590-1184,2026-04-01,NA,els2023mahe
Journal of Constructional Steel Research,NA,0143-974X,2026-04-01,NA,els2023mahe
Journal of Controlled Release,NA,0168-3659,2026-04-01,NA,els2023mahe
Journal of Cultural Heritage,NA,1296-2074,2026-04-01,NA,els2023mahe
Journal of Diabetes and its Complications,NA,1056-8727,2026-04-01,NA,els2023mahe
Journal of Electrostatics,NA,0304-3886,2026-04-01,NA,els2023mahe
Journal of Energy Chemistry,NA,2095-4956,2026-04-01,NA,els2023mahe
Journal of Energy Storage,NA,2352-152X,2026-04-01,NA,els2023mahe
Journal of Environmental Management,NA,0301-4797,2026-04-01,NA,els2023mahe
Journal of Environmental Radioactivity,NA,0265-931X,2026-04-01,NA,els2023mahe
Journal of Fluids and Structures,NA,0889-9746,2026-04-01,NA,els2023mahe
Journal of Fluorine Chemistry,NA,0022-1139,2026-04-01,NA,els2023mahe
Journal of Forensic and Legal Medicine,NA,1752-928X,2026-04-01,NA,els2023mahe
Journal of Genetics and Genomics,NA,1673-8527,2026-04-01,NA,els2023mahe
Journal of Geriatric Oncology,NA,1879-4068,2026-04-01,NA,els2023mahe
Journal of Immunological Methods,NA,0022-1759,2026-04-01,NA,els2023mahe
Journal of Industrial Information Integration,NA,2452-414X,2026-04-01,NA,els2023mahe
Journal of Information Security and Applications,NA,2214-2126,2026-04-01,NA,els2023mahe
Journal of Informetrics,NA,1751-1577,2026-04-01,NA,els2023mahe
Journal of Inorganic Biochemistry,NA,0162-0134,2026-04-01,NA,els2023mahe
Journal of Insect Physiology,NA,0022-1910,2026-04-01,NA,els2023mahe
Journal of Logical and Algebraic Methods in Programming,NA,2352-2208,2026-04-01,NA,els2023mahe
Journal of Loss Prevention in the Process Industries,NA,0950-4230,2026-04-01,NA,els2023mahe
Journal of Luminescence,NA,0022-2313,2026-04-01,NA,els2023mahe
Journal of Magnetic Resonance,NA,1090-7807,2026-04-01,NA,els2023mahe
Journal of Manufacturing Processes,NA,1526-6125,2026-04-01,NA,els2023mahe
Journal of Manufacturing Systems,NA,0278-6125,2026-04-01,NA,els2023mahe
Journal of Materials Processing Technology,NA,0924-0136,2026-04-01,NA,els2023mahe
Journal of Materials Science & Technology,NA,1005-0302,2026-04-01,NA,els2023mahe
Journal of Membrane Science,NA,0376-7388,2026-04-01,NA,els2023mahe
Journal of Microbiological Methods,NA,0167-7012,2026-04-01,NA,els2023mahe
Journal of Molecular and Cellular Cardiology,NA,0022-2828,2026-04-01,NA,els2023mahe
Journal of Molecular Biology,NA,0022-2836,2026-04-01,NA,els2023mahe
Journal of Molecular Graphics and Modelling,NA,1093-3263,2026-04-01,NA,els2023mahe
Journal of Molecular Structure,NA,0022-2860,2026-04-01,NA,els2023mahe
Journal of Network and Computer Applications,NA,1084-8045,2026-04-01,NA,els2023mahe
Journal of Non-Crystalline Solids,NA,0022-3093,2026-04-01,NA,els2023mahe
Journal of Non-Newtonian Fluid Mechanics,NA,0377-0257,2026-04-01,NA,els2023mahe
Journal of Nuclear Materials,NA,0022-3115,2026-04-01,NA,els2023mahe
Journal of Oral Biosciences,NA,1349-0079,2026-04-01,NA,els2023mahe
Journal of Organometallic Chemistry,NA,0022-328X,2026-04-01,NA,els2023mahe
Journal of Parallel and Distributed Computing,NA,0743-7315,2026-04-01,NA,els2023mahe
Journal of Photochemistry and Photobiology B: Biology,NA,1011-1344,2026-04-01,NA,els2023mahe
Journal of Physics and Chemistry of Solids,NA,0022-3697,2026-04-01,NA,els2023mahe
Journal of Plant Physiology,NA,0176-1617,2026-04-01,NA,els2023mahe
Journal of Power Sources,NA,0378-7753,2026-04-01,NA,els2023mahe
Journal of Process Control,NA,0959-1524,2026-04-01,NA,els2023mahe
Journal of Proteomics,NA,1874-3919,2026-04-01,NA,els2023mahe
Journal of Rail Transport Planning & Management,NA,2210-9706,2026-04-01,NA,els2023mahe
Journal of Rare Earths,NA,1002-0721,2026-04-01,NA,els2023mahe
Journal of Safety Research,NA,0022-4375,2026-04-01,NA,els2023mahe
Journal of Solid State Chemistry,NA,0022-4596,2026-04-01,NA,els2023mahe
Journal of Sound and Vibration,NA,0022-460X,2026-04-01,NA,els2023mahe
Journal of Space Safety Engineering,NA,2468-8967,2026-04-01,NA,els2023mahe
Journal of Structural Biology,NA,1047-8477,2026-04-01,NA,els2023mahe
Journal of Symbolic Computation,NA,0747-7171,2026-04-01,NA,els2023mahe
Journal of Systems and Software,NA,0164-1212,2026-04-01,NA,els2023mahe
Journal of Systems Architecture,NA,1383-7621,2026-04-01,NA,els2023mahe
Journal of the American Society of Cytopathology,NA,2213-2945,2026-04-01,NA,els2023mahe
Journal of the Energy Institute,NA,1743-9671,2026-04-01,NA,els2023mahe
Journal of the European Ceramic Society,NA,0955-2219,2026-04-01,NA,els2023mahe
Journal of the Franklin Institute,NA,0016-0032,2026-04-01,NA,els2023mahe
Journal of the Mechanical Behavior of Biomedical Materials,NA,1751-6161,2026-04-01,NA,els2023mahe
Journal of the Mechanics and Physics of Solids,NA,0022-5096,2026-04-01,NA,els2023mahe
Journal of the Neurological Sciences,NA,0022-510X,2026-04-01,NA,els2023mahe
Journal of Thermal Biology,NA,0306-4565,2026-04-01,NA,els2023mahe
Journal of Trace Elements in Medicine and Biology,NA,0946-672X,2026-04-01,NA,els2023mahe
Journal of Visual Communication and Image Representation,NA,1047-3203,2026-04-01,NA,els2023mahe
Journal of Wind Engineering and Industrial Aerodynamics,NA,0167-6105,2026-04-01,NA,els2023mahe
Knowledge-Based Systems,NA,0950-7051,2026-04-01,NA,els2023mahe
Legal Medicine,NA,1344-6223,2026-04-01,NA,els2023mahe
Leukemia Research,NA,0145-2126,2026-04-01,NA,els2023mahe
Life Sciences in Space Research,NA,2214-5524,2026-04-01,NA,els2023mahe
Lung Cancer,NA,0169-5002,2026-04-01,NA,els2023mahe
Magnetic Resonance Imaging,NA,0730-725X,2026-04-01,NA,els2023mahe
Manufacturing Letters,NA,2213-8463,2026-04-01,NA,els2023mahe
Marine Genomics,NA,1874-7787,2026-04-01,NA,els2023mahe
Marine Policy,NA,0308-597X,2026-04-01,NA,els2023mahe
Marine Structures,NA,0951-8339,2026-04-01,NA,els2023mahe
Materialia,NA,2589-1529,2026-04-01,NA,els2023mahe
Materials Characterization,NA,1044-5803,2026-04-01,NA,els2023mahe
Materials Chemistry and Physics,NA,0254-0584,2026-04-01,NA,els2023mahe
Materials Chemistry and Physics: Sustainability and Energy,NA,3050-4716,2026-04-01,NA,els2023mahe
Materials Letters,NA,0167-577X,2026-04-01,NA,els2023mahe
Materials Research Bulletin,NA,0025-5408,2026-04-01,NA,els2023mahe
Materials Science and Engineering: A,NA,0921-5093,2026-04-01,NA,els2023mahe
Materials Science and Engineering: B,NA,0921-5107,2026-04-01,NA,els2023mahe
Materials Science and Engineering: R: Reports,NA,0927-796X,2026-04-01,NA,els2023mahe
Materials Science in Semiconductor Processing,NA,1369-8001,2026-04-01,NA,els2023mahe
Materials Today,NA,1369-7021,2026-04-01,NA,els2023mahe
Materials Today Chemistry,NA,2468-5194,2026-04-01,NA,els2023mahe
Materials Today Communications,NA,2352-4928,2026-04-01,NA,els2023mahe
Materials Today Energy,NA,2468-6069,2026-04-01,NA,els2023mahe
Materials Today Nano,NA,2588-8420,2026-04-01,NA,els2023mahe
Materials Today Physics,NA,2542-5293,2026-04-01,NA,els2023mahe
Mathematics and Computers in Simulation,NA,0378-4754,2026-04-01,NA,els2023mahe
Matrix Biology,NA,0945-053X,2026-04-01,NA,els2023mahe
Maturitas,NA,0378-5122,2026-04-01,NA,els2023mahe
Measurement,NA,0263-2241,2026-04-01,NA,els2023mahe
Mechanical Systems and Signal Processing,NA,0888-3270,2026-04-01,NA,els2023mahe
Mechanics of Materials,NA,0167-6636,2026-04-01,NA,els2023mahe
Mechanics Research Communications,NA,0093-6413,2026-04-01,NA,els2023mahe
Mechanism and Machine Theory,NA,0094-114X,2026-04-01,NA,els2023mahe
Mechanisms of Ageing and Development,NA,0047-6374,2026-04-01,NA,els2023mahe
Mechatronics,NA,0957-4158,2026-04-01,NA,els2023mahe
Medical Engineering & Physics,NA,1350-4533,2026-04-01,NA,els2023mahe
Medical Hypotheses,NA,0306-9877,2026-04-01,NA,els2023mahe
Medical Image Analysis,NA,1361-8415,2026-04-01,NA,els2023mahe
Metabolic Engineering,NA,1096-7176,2026-04-01,NA,els2023mahe
Metabolism,NA,0026-0495,2026-04-01,NA,els2023mahe
Methods,NA,1046-2023,2026-04-01,NA,els2023mahe
Micro and Nanostructures,NA,2773-0123,2026-04-01,NA,els2023mahe
Microbiological Research,NA,0944-5013,2026-04-01,NA,els2023mahe
Microelectronic Engineering,NA,0167-9317,2026-04-01,NA,els2023mahe
Microelectronics Journal,NA,1879-2391,2026-04-01,NA,els2023mahe
Microelectronics Reliability,NA,0026-2714,2026-04-01,NA,els2023mahe
Micron,NA,0968-4328,2026-04-01,NA,els2023mahe
Microporous and Mesoporous Materials,NA,1387-1811,2026-04-01,NA,els2023mahe
Microprocessors and Microsystems,NA,0141-9331,2026-04-01,NA,els2023mahe
Microvascular Research,NA,0026-2862,2026-04-01,NA,els2023mahe
Mitochondrion,NA,1567-7249,2026-04-01,NA,els2023mahe
Molecular and Biochemical Parasitology,NA,0166-6851,2026-04-01,NA,els2023mahe
Molecular and Cellular Endocrinology,NA,0303-7207,2026-04-01,NA,els2023mahe
Molecular and Cellular Neuroscience,NA,1044-7431,2026-04-01,NA,els2023mahe
Molecular Aspects of Medicine,NA,0098-2997,2026-04-01,NA,els2023mahe
Molecular Genetics and Metabolism,NA,1096-7192,2026-04-01,NA,els2023mahe
Molecular Immunology,NA,0161-5890,2026-04-01,NA,els2023mahe
Molecular Phylogenetics and Evolution,NA,1055-7903,2026-04-01,NA,els2023mahe
Morphologie,NA,1286-0115,2026-04-01,NA,els2023mahe
Multiple Sclerosis and Related Disorders,NA,2211-0348,2026-04-01,NA,els2023mahe
Mutation Research: Fundamental and Molecular Mechanisms of Mutagenesis,NA,1386-1964,2026-04-01,NA,els2023mahe
Mutation Research: Genetic Toxicology and Environmental Mutagenesis,NA,1383-5718,2026-04-01,NA,els2023mahe
Mutation Research: Reviews in Mutation Research,NA,1383-5742,2026-04-01,NA,els2023mahe
Nano Communication Networks,NA,1878-7789,2026-04-01,NA,els2023mahe
Nano Energy,NA,2211-2855,2026-04-01,NA,els2023mahe
Nano Today,NA,1748-0132,2026-04-01,NA,els2023mahe
"Nanomedicine: Nanotechnology, Biology and Medicine",NA,1549-9634,2026-04-01,NA,els2023mahe
Nano-Structures & Nano-Objects,NA,2352-507X,2026-04-01,NA,els2023mahe
NDT & E International,NA,0963-8695,2026-04-01,NA,els2023mahe
Neural Networks,NA,0893-6080,2026-04-01,NA,els2023mahe
Neurobiology of Aging,NA,0197-4580,2026-04-01,NA,els2023mahe
Neurochemistry International,NA,0197-0186,2026-04-01,NA,els2023mahe
Neurocomputing,NA,0925-2312,2026-04-01,NA,els2023mahe
Neuropeptides,NA,0143-4179,2026-04-01,NA,els2023mahe
Next Research,NA,3050-4759,2026-04-01,NA,els2023mahe
Nitric Oxide,NA,1089-8603,2026-04-01,NA,els2023mahe
Nonlinear Analysis,NA,0362-546X,2026-04-01,NA,els2023mahe
Nonlinear Analysis: Hybrid Systems,NA,1751-570X,2026-04-01,NA,els2023mahe
Nonlinear Analysis: Real World Applications,NA,1468-1218,2026-04-01,NA,els2023mahe
Nonlinear Science,NA,3050-5178,2026-04-01,NA,els2023mahe
Nuclear Engineering and Design,NA,0029-5493,2026-04-01,NA,els2023mahe
Nuclear Instruments and Methods in Physics Research Section B: Beam Interactions with Materials and Atoms,NA,0168-583X,2026-04-01,NA,els2023mahe
Nuclear Medicine and Biology,NA,0969-8051,2026-04-01,NA,els2023mahe
Nutrition Research,NA,0271-5317,2026-04-01,NA,els2023mahe
Obesity Medicine,NA,2451-8476,2026-04-01,NA,els2023mahe
Ocean & Coastal Management,NA,0964-5691,2026-04-01,NA,els2023mahe
Ocean Engineering,NA,0029-8018,2026-04-01,NA,els2023mahe
Online Social Networks and Media,NA,2468-6964,2026-04-01,NA,els2023mahe
Optical Fiber Technology,NA,1068-5200,2026-04-01,NA,els2023mahe
Optical Materials,NA,0925-3467,2026-04-01,NA,els2023mahe
Optical Switching and Networking,NA,1573-4277,2026-04-01,NA,els2023mahe
Optics & Laser Technology,NA,0030-3992,2026-04-01,NA,els2023mahe
Optics and Lasers in Engineering,NA,0143-8166,2026-04-01,NA,els2023mahe
Optics Communications,NA,0030-4018,2026-04-01,NA,els2023mahe
Optik,NA,0030-4026,2026-04-01,NA,els2023mahe
Organic Electronics,NA,1566-1199,2026-04-01,NA,els2023mahe
Parallel Computing,NA,0167-8191,2026-04-01,NA,els2023mahe
Parkinsonism & Related Disorders,NA,1353-8020,2026-04-01,NA,els2023mahe
Particuology,NA,1674-2001,2026-04-01,NA,els2023mahe
Pathology - Research and Practice,NA,0344-0338,2026-04-01,NA,els2023mahe
Pattern Recognition,NA,0031-3203,2026-04-01,NA,els2023mahe
Pattern Recognition Letters,NA,0167-8655,2026-04-01,NA,els2023mahe
Pedobiologia,NA,0031-4056,2026-04-01,NA,els2023mahe
Peptides,NA,0196-9781,2026-04-01,NA,els2023mahe
Performance Evaluation,NA,0166-5316,2026-04-01,NA,els2023mahe
Personalized Medicine in Psychiatry,NA,2468-1717,2026-04-01,NA,els2023mahe
Pervasive and Mobile Computing,NA,1574-1192,2026-04-01,NA,els2023mahe
Pesticide Biochemistry and Physiology,NA,0048-3575,2026-04-01,NA,els2023mahe
Pharmacology Biochemistry and Behavior,NA,0091-3057,2026-04-01,NA,els2023mahe
Photonics and Nanostructures - Fundamentals and Applications,NA,1569-4410,2026-04-01,NA,els2023mahe
Physica E: Low-Dimensional Systems and Nanostructures,NA,1386-9477,2026-04-01,NA,els2023mahe
Physical Communication,NA,1874-4907,2026-04-01,NA,els2023mahe
Physics of Life Reviews,NA,1571-0645,2026-04-01,NA,els2023mahe
Physiological and Molecular Plant Pathology,NA,0885-5765,2026-04-01,NA,els2023mahe
Physiology & Behavior,NA,0031-9384,2026-04-01,NA,els2023mahe
Phytochemistry,NA,0031-9422,2026-04-01,NA,els2023mahe
Phytochemistry Letters,NA,1874-3900,2026-04-01,NA,els2023mahe
Phytomedicine,NA,0944-7113,2026-04-01,NA,els2023mahe
Placenta,NA,0143-4004,2026-04-01,NA,els2023mahe
Plant Gene,NA,2352-4073,2026-04-01,NA,els2023mahe
Plant Physiology and Biochemistry,NA,0981-9428,2026-04-01,NA,els2023mahe
Plant Science,NA,0168-9452,2026-04-01,NA,els2023mahe
Plasmid,NA,0147-619X,2026-04-01,NA,els2023mahe
Polyhedron,NA,0277-5387,2026-04-01,NA,els2023mahe
Polymer,NA,0032-3861,2026-04-01,NA,els2023mahe
Polymer Degradation and Stability,NA,0141-3910,2026-04-01,NA,els2023mahe
Powder Technology,NA,0032-5910,2026-04-01,NA,els2023mahe
Precision Engineering,NA,0141-6359,2026-04-01,NA,els2023mahe
Probabilistic Engineering Mechanics,NA,0266-8920,2026-04-01,NA,els2023mahe
Proceedings of the Combustion Institute,NA,1540-7489,2026-04-01,NA,els2023mahe
Process Biochemistry,NA,1359-5113,2026-04-01,NA,els2023mahe
Process Safety and Environmental Protection,NA,0957-5820,2026-04-01,NA,els2023mahe
Progress in Aerospace Sciences,NA,0376-0421,2026-04-01,NA,els2023mahe
Progress in Biophysics & Molecular Biology,NA,0079-6107,2026-04-01,NA,els2023mahe
Progress in Energy and Combustion Science,NA,0360-1285,2026-04-01,NA,els2023mahe
Progress in Engineering Science,NA,2950-4252,2026-04-01,NA,els2023mahe
Progress in Lipid Research,NA,0163-7827,2026-04-01,NA,els2023mahe
Progress in Materials Science,NA,0079-6425,2026-04-01,NA,els2023mahe
Progress in Natural Science: Materials International,NA,1002-0071,2026-04-01,NA,els2023mahe
Progress in Nuclear Energy,NA,0149-1970,2026-04-01,NA,els2023mahe
Progress in Organic Coatings,NA,0300-9440,2026-04-01,NA,els2023mahe
Progress in Polymer Science,NA,0079-6700,2026-04-01,NA,els2023mahe
Progress in Quantum Electronics,NA,0079-6727,2026-04-01,NA,els2023mahe
Progress in Solid State Chemistry,NA,0079-6786,2026-04-01,NA,els2023mahe
Prostaglandins & Other Lipid Mediators,NA,1098-8823,2026-04-01,NA,els2023mahe
"Prostaglandins, Leukotrienes & Essential Fatty Acids",NA,0952-3278,2026-04-01,NA,els2023mahe
Protein Expression and Purification,NA,1046-5928,2026-04-01,NA,els2023mahe
Protist,NA,1434-4610,2026-04-01,NA,els2023mahe
Psychoneuroendocrinology,NA,0306-4530,2026-04-01,NA,els2023mahe
Radiotherapy & Oncology,NA,0167-8140,2026-04-01,NA,els2023mahe
Reactive and Functional Polymers,NA,1381-5148,2026-04-01,NA,els2023mahe
Reliability Engineering & System Safety,NA,0951-8320,2026-04-01,NA,els2023mahe
Renewable & Sustainable Energy Reviews,NA,1364-0321,2026-04-01,NA,els2023mahe
Renewable Energy,NA,0960-1481,2026-04-01,NA,els2023mahe
Renewable Energy Focus,NA,1755-0084,2026-04-01,NA,els2023mahe
Reproductive Biology,NA,1642-431X,2026-04-01,NA,els2023mahe
Resource and Energy Economics,NA,0928-7655,2026-04-01,NA,els2023mahe
Resources Policy,NA,0301-4207,2026-04-01,NA,els2023mahe
"Resources, Conservation & Recycling",NA,0921-3449,2026-04-01,NA,els2023mahe
Respiratory Physiology & Neurobiology,NA,1569-9048,2026-04-01,NA,els2023mahe
Robotics and Autonomous Systems,NA,0921-8890,2026-04-01,NA,els2023mahe
Robotics and Computer-Integrated Manufacturing,NA,0736-5845,2026-04-01,NA,els2023mahe
Safety Science,NA,0925-7535,2026-04-01,NA,els2023mahe
Science & Justice,NA,1355-0306,2026-04-01,NA,els2023mahe
Science Bulletin,NA,2095-9273,2026-04-01,NA,els2023mahe
Science of Computer Programming,NA,0167-6423,2026-04-01,NA,els2023mahe
Scripta Materialia,NA,1359-6462,2026-04-01,NA,els2023mahe
Seminars in Cancer Biology,NA,1044-579X,2026-04-01,NA,els2023mahe
Seminars in Cell and Developmental Biology,NA,1084-9521,2026-04-01,NA,els2023mahe
Sensors and Actuators A: Physical,NA,0924-4247,2026-04-01,NA,els2023mahe
Sensors and Actuators B: Chemical,NA,0925-4005,2026-04-01,NA,els2023mahe
Separation and Purification Technology,NA,1383-5866,2026-04-01,NA,els2023mahe
Signal Processing,NA,0165-1684,2026-04-01,NA,els2023mahe
Signal Processing: Image Communication,NA,0923-5965,2026-04-01,NA,els2023mahe
Simulation Modelling Practice and Theory,NA,1569-190X,2026-04-01,NA,els2023mahe
Smart Health,NA,2352-6483,2026-04-01,NA,els2023mahe
Soil & Tillage Research,NA,0167-1987,2026-04-01,NA,els2023mahe
Soil Biology & Biochemistry,NA,0038-0717,2026-04-01,NA,els2023mahe
Soil Dynamics and Earthquake Engineering,NA,0267-7261,2026-04-01,NA,els2023mahe
Solar Energy,NA,0038-092X,2026-04-01,NA,els2023mahe
Solar Energy Materials and Solar Cells,NA,0927-0248,2026-04-01,NA,els2023mahe
Solid State Communications,NA,0038-1098,2026-04-01,NA,els2023mahe
Solid State Ionics,NA,0167-2738,2026-04-01,NA,els2023mahe
Solid State Nuclear Magnetic Resonance,NA,0926-2040,2026-04-01,NA,els2023mahe
Solid State Sciences,NA,1293-2558,2026-04-01,NA,els2023mahe
Solid-State Electronics,NA,0038-1101,2026-04-01,NA,els2023mahe
Speech Communication,NA,0167-6393,2026-04-01,NA,els2023mahe
Steroids,NA,0039-128X,2026-04-01,NA,els2023mahe
Structural Safety,NA,0167-4730,2026-04-01,NA,els2023mahe
Structures,NA,2352-0124,2026-04-01,NA,els2023mahe
Surface and Coatings Technology,NA,0257-8972,2026-04-01,NA,els2023mahe
Surface Science,NA,0039-6028,2026-04-01,NA,els2023mahe
Surface Science Reports,NA,0167-5729,2026-04-01,NA,els2023mahe
Surfaces and Interfaces,NA,2468-0230,2026-04-01,NA,els2023mahe
Sustainable Cities and Society,NA,2210-6707,2026-04-01,NA,els2023mahe
Sustainable Computing: Informatics and Systems,NA,2210-5379,2026-04-01,NA,els2023mahe
Sustainable Energy Technologies and Assessments,NA,2213-1388,2026-04-01,NA,els2023mahe
"Sustainable Energy, Grids and Networks",NA,2352-4677,2026-04-01,NA,els2023mahe
Sustainable Materials and Technologies,NA,2214-9937,2026-04-01,NA,els2023mahe
Sustainable Production and Consumption,NA,2352-5509,2026-04-01,NA,els2023mahe
Swarm and Evolutionary Computation,NA,2210-6502,2026-04-01,NA,els2023mahe
Synthetic Metals,NA,0379-6779,2026-04-01,NA,els2023mahe
Systematic and Applied Microbiology,NA,0723-2020,2026-04-01,NA,els2023mahe
Systems & Control Letters,NA,0167-6911,2026-04-01,NA,els2023mahe
Telecommunications Policy,NA,0308-5961,2026-04-01,NA,els2023mahe
Telematics and Informatics,NA,0736-5853,2026-04-01,NA,els2023mahe
Tetrahedron,NA,0040-4020,2026-04-01,NA,els2023mahe
Tetrahedron Letters,NA,0040-4039,2026-04-01,NA,els2023mahe
The Electricity Journal,NA,1040-6190,2026-04-01,NA,els2023mahe
The International Journal of Biochemistry & Cell Biology,NA,1357-2725,2026-04-01,NA,els2023mahe
The Journal of Chemical Thermodynamics,NA,0021-9614,2026-04-01,NA,els2023mahe
The Journal of Nutritional Biochemistry,NA,0955-2863,2026-04-01,NA,els2023mahe
The Journal of Steroid Biochemistry and Molecular Biology,NA,0960-0760,2026-04-01,NA,els2023mahe
The Journal of Strategic Information Systems,NA,0963-8687,2026-04-01,NA,els2023mahe
The Journal of Supercritical Fluids,NA,0896-8446,2026-04-01,NA,els2023mahe
Theoretical and Applied Fracture Mechanics,NA,0167-8442,2026-04-01,NA,els2023mahe
Theoretical Computer Science,NA,0304-3975,2026-04-01,NA,els2023mahe
Theriogenology,NA,0093-691X,2026-04-01,NA,els2023mahe
Thermal Advances,NA,3050-4635,2026-04-01,NA,els2023mahe
Thermal Science and Engineering Progress,NA,2451-9049,2026-04-01,NA,els2023mahe
Thermochimica Acta,NA,0040-6031,2026-04-01,NA,els2023mahe
Thin Solid Films,NA,0040-6090,2026-04-01,NA,els2023mahe
Thin-Walled Structures,NA,0263-8231,2026-04-01,NA,els2023mahe
Tissue and Cell,NA,0040-8166,2026-04-01,NA,els2023mahe
Toxicon,NA,0041-0101,2026-04-01,NA,els2023mahe
Transplantation and Cellular Therapy,NA,2666-6367,2026-04-01,NA,els2023mahe
Transportation Geotechnics,NA,2214-3912,2026-04-01,NA,els2023mahe
Transportation Research Part A: Policy and Practice,NA,0965-8564,2026-04-01,NA,els2023mahe
Transportation Research Part C: Emerging Technologies,NA,0968-090X,2026-04-01,NA,els2023mahe
Trends in Food Science & Technology,NA,0924-2244,2026-04-01,NA,els2023mahe
Tribology International,NA,0301-679X,2026-04-01,NA,els2023mahe
Tunnelling and Underground Space Technology,NA,0886-7798,2026-04-01,NA,els2023mahe
Ultramicroscopy,NA,0304-3991,2026-04-01,NA,els2023mahe
Urban Climate,NA,2212-0955,2026-04-01,NA,els2023mahe
Utilities Policy,NA,0957-1787,2026-04-01,NA,els2023mahe
Vacuum,NA,0042-207X,2026-04-01,NA,els2023mahe
Vehicular Communications,NA,2214-2096,2026-04-01,NA,els2023mahe
Wear,NA,0043-1648,2026-04-01,NA,els2023mahe
Women's Studies International Forum,NA,0277-5395,2026-04-01,NA,els2023mahe
World Patent Information,NA,0172-2190,2026-04-01,NA,els2023mahe
Zoologischer Anzeiger,NA,0044-5231,2026-04-01,NA,els2023mahe
Zoology,NA,0944-2006,2026-04-01,NA,els2023mahe
AACE Endocrinology and Diabetes,NA,3050-9157,2026-04-01,NA,els2024coup
aBIOTECH,NA,2662-1738,2026-04-01,NA,els2024coup
Academic Pathology,NA,2374-2895,2026-04-01,NA,els2024coup
Academic Pediatrics,NA,1876-2859,2026-04-01,NA,els2024coup
Accident Analysis & Prevention,NA,0001-4575,2026-04-01,NA,els2024coup
Accounting Open,NA,3050-5461,2026-04-01,NA,els2024coup
"Accounting, Organizations and Society",NA,0361-3682,2026-04-01,NA,els2024coup
Acta Astronautica,NA,0094-5765,2026-04-01,NA,els2024coup
Acta Biomaterialia,NA,1742-7061,2026-04-01,NA,els2024coup
Acta Histochemica,NA,0065-1281,2026-04-01,NA,els2024coup
Acta Materialia,NA,1359-6454,2026-04-01,NA,els2024coup
Acta Oecologica,NA,1146-609X,2026-04-01,NA,els2024coup
Acta Otorrinolaringológica (English Edition),NA,2173-5735,2026-04-01,NA,els2024coup
Acta Pharmaceutica Sinica B,NA,2211-3835,2026-04-01,NA,els2024coup
Acta Psychologica,NA,0001-6918,2026-04-01,NA,els2024coup
Acta Tropica,NA,0001-706X,2026-04-01,NA,els2024coup
Actas Urológicas Españolas (English Edition),NA,2173-5786,2026-04-01,NA,els2024coup
Ad Hoc Networks,NA,1570-8705,2026-04-01,NA,els2024coup
Addiction Neuroscience,NA,2772-3925,2026-04-01,NA,els2024coup
Addictive Behaviors,NA,0306-4603,2026-04-01,NA,els2024coup
Addictive Behaviors Reports,NA,2352-8532,2026-04-01,NA,els2024coup
Additive Manufacturing,NA,2214-8604,2026-04-01,NA,els2024coup
Additive Manufacturing Letters,NA,2772-3690,2026-04-01,NA,els2024coup
Advanced Drug Delivery Reviews,NA,0169-409X,2026-04-01,NA,els2024coup
Advanced Engineering Informatics,NA,1474-0346,2026-04-01,NA,els2024coup
Advanced Powder Technology,NA,0921-8831,2026-04-01,NA,els2024coup
Advanced Sensor and Energy Materials,NA,2773-045X,2026-04-01,NA,els2024coup
Advances in Accounting,NA,0882-6110,2026-04-01,NA,els2024coup
Advances in Applied Energy,NA,2666-7924,2026-04-01,NA,els2024coup
Advances in Applied Mathematics,NA,0196-8858,2026-04-01,NA,els2024coup
Advances in Bamboo Science,NA,2773-1391,2026-04-01,NA,els2024coup
Advances in Biological Regulation,NA,2212-4926,2026-04-01,NA,els2024coup
Advances in Business and Management Research,NA,3051-0511,2026-04-01,NA,els2024coup
Advances in Cancer Biology - Metastasis,NA,2667-3940,2026-04-01,NA,els2024coup
Advances in Colloid and Interface Science,NA,0001-8686,2026-04-01,NA,els2024coup
Advances in Engineering Software,NA,0965-9978,2026-04-01,NA,els2024coup
Advances in Industrial and Manufacturing Engineering,NA,2666-9129,2026-04-01,NA,els2024coup
Advances in Integrative Medicine,NA,2212-9588,2026-04-01,NA,els2024coup
Advances in Life Course Research,NA,1569-4909,2026-04-01,NA,els2024coup
Advances in Mathematics,NA,0001-8708,2026-04-01,NA,els2024coup
Advances in Medical Sciences,NA,1896-1126,2026-04-01,NA,els2024coup
Advances in Nutrition,NA,2161-8313,2026-04-01,NA,els2024coup
Advances in Ophthalmology Practice and Research,NA,2667-3762,2026-04-01,NA,els2024coup
Advances in Oral and Maxillofacial Surgery,NA,2667-1476,2026-04-01,NA,els2024coup
Advances in Patient-Reported Outcomes,NA,3050-6964,2026-04-01,NA,els2024coup
Advances in Radiation Oncology,NA,2452-1094,2026-04-01,NA,els2024coup
Advances in Redox Research,NA,2667-1379,2026-04-01,NA,els2024coup
Advances in Sample Preparation,NA,2772-5820,2026-04-01,NA,els2024coup
Advances in Space Research,NA,0273-1177,2026-04-01,NA,els2024coup
Advances in Water Resources,NA,0309-1708,2026-04-01,NA,els2024coup
Aeolian Research,NA,1875-9637,2026-04-01,NA,els2024coup
Aerospace Science and Technology,NA,1270-9638,2026-04-01,NA,els2024coup
AEÜ - International Journal of Electronics and Communications,NA,1434-8411,2026-04-01,NA,els2024coup
African Journal of Emergency Medicine,NA,2211-419X,2026-04-01,NA,els2024coup
African Transport Studies,NA,2950-1962,2026-04-01,NA,els2024coup
Ageing Research Reviews,NA,1568-1637,2026-04-01,NA,els2024coup
Aggression and Violent Behavior,NA,1359-1789,2026-04-01,NA,els2024coup
Aging and Health Research,NA,2667-0321,2026-04-01,NA,els2024coup
Aging Brain,NA,2589-9589,2026-04-01,NA,els2024coup
Agricultural and Forest Meteorology,NA,0168-1923,2026-04-01,NA,els2024coup
Agricultural Systems,NA,0308-521X,2026-04-01,NA,els2024coup
Agricultural Water Management,NA,0378-3774,2026-04-01,NA,els2024coup
"Agriculture, Ecosystems & Environment",NA,0167-8809,2026-04-01,NA,els2024coup
AI Thermal Fluids,NA,3050-5852,2026-04-01,NA,els2024coup
Ain Shams Engineering Journal,NA,2090-4479,2026-04-01,NA,els2024coup
Air Medical Journal,NA,1067-991X,2026-04-01,NA,els2024coup
AJO International,NA,2950-2535,2026-04-01,NA,els2024coup
AJO-DO Clinical Companion,NA,2666-4305,2026-04-01,NA,els2024coup
AJOG Global Reports,NA,2666-5778,2026-04-01,NA,els2024coup
AJPM Focus,NA,2773-0654,2026-04-01,NA,els2024coup
Alcohol,NA,0741-8329,2026-04-01,NA,els2024coup
Alexandria Engineering Journal,NA,1110-0168,2026-04-01,NA,els2024coup
Algal Research,NA,2211-9264,2026-04-01,NA,els2024coup
American Heart Journal,NA,0002-8703,2026-04-01,NA,els2024coup
American Heart Journal Plus: Cardiology Research and Practice,NA,2666-6022,2026-04-01,NA,els2024coup
American Journal of Emergency Medicine,NA,0735-6757,2026-04-01,NA,els2024coup
American Journal of Infection Control,NA,0196-6553,2026-04-01,NA,els2024coup
American Journal of Medicine Open,NA,2667-0364,2026-04-01,NA,els2024coup
American Journal of Obstetrics & Gynecology,NA,0002-9378,2026-04-01,NA,els2024coup
American Journal of Obstetrics & Gynecology MFM,NA,2589-9333,2026-04-01,NA,els2024coup
American Journal of Ophthalmology,NA,0002-9394,2026-04-01,NA,els2024coup
American Journal of Ophthalmology Case Reports,NA,2451-9936,2026-04-01,NA,els2024coup
American Journal of Orthodontics and Dentofacial Orthopedics,NA,0889-5406,2026-04-01,NA,els2024coup
American Journal of Otolaryngology,NA,0196-0709,2026-04-01,NA,els2024coup
American Journal of Pharmaceutical Education,NA,0002-9459,2026-04-01,NA,els2024coup
American Journal of Preventive Cardiology,NA,2666-6677,2026-04-01,NA,els2024coup
American Journal of Preventive Medicine,NA,0749-3797,2026-04-01,NA,els2024coup
Ampersand,NA,2215-0390,2026-04-01,NA,els2024coup
Anaerobe,NA,1075-9964,2026-04-01,NA,els2024coup
Anaesthesia Critical Care & Pain Medicine,NA,2352-5568,2026-04-01,NA,els2024coup
Analytic Methods in Accident Research,NA,2213-6657,2026-04-01,NA,els2024coup
Analytica Chimica Acta,NA,0003-2670,2026-04-01,NA,els2024coup
Analytical Biochemistry,NA,0003-2697,2026-04-01,NA,els2024coup
animal,NA,1751-7311,2026-04-01,NA,els2024coup
animal - open space,NA,2772-6940,2026-04-01,NA,els2024coup
Animal Behaviour,NA,0003-3472,2026-04-01,NA,els2024coup
Animal Feed Science and Technology,NA,0377-8401,2026-04-01,NA,els2024coup
Animal Reproduction Science,NA,0378-4320,2026-04-01,NA,els2024coup
Annales de Chirurgie Plastique Esthétique,NA,0294-1260,2026-04-01,NA,els2024coup
Annales de Dermatologie et de Vénéréologie,NA,0151-9638,2026-04-01,NA,els2024coup
Annales de Paléontologie,NA,0753-3969,2026-04-01,NA,els2024coup
Annales d'Endocrinologie,NA,0003-4266,2026-04-01,NA,els2024coup
Annales Médico-Psychologiques,NA,0003-4487,2026-04-01,NA,els2024coup
Annals of 3D Printed Medicine,NA,2666-9641,2026-04-01,NA,els2024coup
Annals of Agricultural Sciences,NA,0570-1783,2026-04-01,NA,els2024coup
Annals of Anatomy,NA,0940-9602,2026-04-01,NA,els2024coup
Annals of Diagnostic Pathology,NA,1092-9134,2026-04-01,NA,els2024coup
Annals of Emergency Medicine,NA,0196-0644,2026-04-01,NA,els2024coup
Annals of Epidemiology,NA,1047-2797,2026-04-01,NA,els2024coup
Annals of Hepatology,NA,1665-2681,2026-04-01,NA,els2024coup
Annals of Intensive Care,NA,2110-5820,2026-04-01,NA,els2024coup
Annals of Nuclear Energy,NA,0306-4549,2026-04-01,NA,els2024coup
Annals of Physical and Rehabilitation Medicine,NA,1877-0657,2026-04-01,NA,els2024coup
Annals of Physics,NA,0003-4916,2026-04-01,NA,els2024coup
Annals of Pure and Applied Logic,NA,0168-0072,2026-04-01,NA,els2024coup
Annals of Thoracic Surgery Short Reports,NA,2772-9931,2026-04-01,NA,els2024coup
Annals of Tourism Research,NA,0160-7383,2026-04-01,NA,els2024coup
Annals of Tourism Research Empirical Insights,NA,2666-9579,2026-04-01,NA,els2024coup
Annals of Vascular Surgery - Brief Reports and Innovations,NA,2772-6878,2026-04-01,NA,els2024coup
Annual Reviews in Control,NA,1367-5788,2026-04-01,NA,els2024coup
Anthropocene,NA,2213-3054,2026-04-01,NA,els2024coup
Antiviral Research,NA,0166-3542,2026-04-01,NA,els2024coup
Appetite,NA,0195-6663,2026-04-01,NA,els2024coup
Appetite: Disordered Eating,NA,3117-3950,2026-04-01,NA,els2024coup
Applications in Energy and Combustion Science,NA,2666-352X,2026-04-01,NA,els2024coup
Applications in Engineering Science,NA,2666-4968,2026-04-01,NA,els2024coup
Applied Acoustics,NA,0003-682X,2026-04-01,NA,els2024coup
Applied and Computational Harmonic Analysis,NA,1063-5203,2026-04-01,NA,els2024coup
Applied Animal Behaviour Science,NA,0168-1591,2026-04-01,NA,els2024coup
Applied Animal Science,NA,2590-2865,2026-04-01,NA,els2024coup
Applied Biomolecules: Bioactive Materials,NA,3117-5031,2026-04-01,NA,els2024coup
Applied Catalysis A: General,NA,0926-860X,2026-04-01,NA,els2024coup
Applied Catalysis B: Environment and Energy,NA,0926-3373,2026-04-01,NA,els2024coup
Applied Catalysis O: Open,NA,2950-6484,2026-04-01,NA,els2024coup
Applied Clay Science,NA,0169-1317,2026-04-01,NA,els2024coup
Applied Computing and Geosciences,NA,2590-1974,2026-04-01,NA,els2024coup
Applied Corpus Linguistics,NA,2666-7991,2026-04-01,NA,els2024coup
Applied Energy,NA,0306-2619,2026-04-01,NA,els2024coup
Applied Ergonomics,NA,0003-6870,2026-04-01,NA,els2024coup
Applied Food Research,NA,2772-5022,2026-04-01,NA,els2024coup
Applied Geochemistry,NA,0883-2927,2026-04-01,NA,els2024coup
Applied Geography,NA,0143-6228,2026-04-01,NA,els2024coup
Applied Materials Today,NA,2352-9407,2026-04-01,NA,els2024coup
Applied Mathematical Modelling,NA,0307-904X,2026-04-01,NA,els2024coup
Applied Mathematics and Computation,NA,0096-3003,2026-04-01,NA,els2024coup
Applied Mathematics Letters,NA,0893-9659,2026-04-01,NA,els2024coup
Applied Numerical Mathematics,NA,0168-9274,2026-04-01,NA,els2024coup
Applied Nursing Research,NA,0897-1897,2026-04-01,NA,els2024coup
Applied Ocean Research,NA,0141-1187,2026-04-01,NA,els2024coup
Applied Radiation and Isotopes,NA,0969-8043,2026-04-01,NA,els2024coup
Applied Soft Computing,NA,1568-4946,2026-04-01,NA,els2024coup
Applied Soil Ecology,NA,0929-1393,2026-04-01,NA,els2024coup
Applied Studies in Innovative Learning and Teaching,NA,3051-3243,2026-04-01,NA,els2024coup
Applied Surface Science,NA,0169-4332,2026-04-01,NA,els2024coup
Applied Surface Science Advances,NA,2666-5239,2026-04-01,NA,els2024coup
Applied Thermal Engineering,NA,1359-4311,2026-04-01,NA,els2024coup
Aquacultural Engineering,NA,0144-8609,2026-04-01,NA,els2024coup
Aquaculture,NA,0044-8486,2026-04-01,NA,els2024coup
Aquaculture Reports,NA,2352-5134,2026-04-01,NA,els2024coup
Aquatic Botany,NA,0304-3770,2026-04-01,NA,els2024coup
Aquatic Toxicology,NA,0166-445X,2026-04-01,NA,els2024coup
Arab Journal of Gastroenterology,NA,1687-1979,2026-04-01,NA,els2024coup
Archaeological Research in Asia,NA,2352-2267,2026-04-01,NA,els2024coup
Archives de Pédiatrie,NA,0929-693X,2026-04-01,NA,els2024coup
Archives of Biochemistry and Biophysics,NA,0003-9861,2026-04-01,NA,els2024coup
Archives of Cardiovascular Diseases,NA,1875-2136,2026-04-01,NA,els2024coup
Archives of Gerontology and Geriatrics,NA,0167-4943,2026-04-01,NA,els2024coup
Archives of Gerontology and Geriatrics Plus,NA,2950-3078,2026-04-01,NA,els2024coup
Archives of Medical Research,NA,0188-4409,2026-04-01,NA,els2024coup
Archives of Oral Biology,NA,0003-9969,2026-04-01,NA,els2024coup
Archives of Psychiatric Nursing,NA,0883-9417,2026-04-01,NA,els2024coup
Archives of Rehabilitation Research and Clinical Translation,NA,2590-1095,2026-04-01,NA,els2024coup
Archivos de Bronconeumología,NA,0300-2896,2026-04-01,NA,els2024coup
Archivos de la Sociedad Española de Oftalmología (English Edition),NA,2173-5794,2026-04-01,NA,els2024coup
Array,NA,2590-0056,2026-04-01,NA,els2024coup
Arthroplasty Today,NA,2352-3441,2026-04-01,NA,els2024coup
Arthropod Structure & Development,NA,1467-8039,2026-04-01,NA,els2024coup
Artificial Intelligence,NA,0004-3702,2026-04-01,NA,els2024coup
Artificial Intelligence Chemistry,NA,2949-7477,2026-04-01,NA,els2024coup
Artificial Intelligence for Transportation,NA,3050-8606,2026-04-01,NA,els2024coup
Artificial Intelligence in Emergency Medicine,NA,3051-2883,2026-04-01,NA,els2024coup
Artificial Intelligence in Medicine,NA,0933-3657,2026-04-01,NA,els2024coup
Artificial Intelligence in the Life Sciences,NA,2667-3185,2026-04-01,NA,els2024coup
Asia and the Global Economy,NA,2667-1115,2026-04-01,NA,els2024coup
Asia Pacific Management Review,NA,1029-3132,2026-04-01,NA,els2024coup
Asian Journal of Psychiatry,NA,1876-2018,2026-04-01,NA,els2024coup
Asian Journal of Social Science,NA,1568-4849,2026-04-01,NA,els2024coup
Asian Transport Studies,NA,2185-5560,2026-04-01,NA,els2024coup
Asia-Pacific Journal of Oncology Nursing,NA,2347-5625,2026-04-01,NA,els2024coup
Asia-Pacific Journal of Ophthalmology,NA,2162-0989,2026-04-01,NA,els2024coup
Aspects of Molecular Medicine,NA,2949-6888,2026-04-01,NA,els2024coup
ASPET Discovery,NA,3050-5674,2026-04-01,NA,els2024coup
Assessing Writing,NA,1075-2935,2026-04-01,NA,els2024coup
Astronomy and Computing,NA,2213-1337,2026-04-01,NA,els2024coup
Astroparticle Physics,NA,0927-6505,2026-04-01,NA,els2024coup
Atención Primaria,NA,0212-6567,2026-04-01,NA,els2024coup
Atherosclerosis,NA,0021-9150,2026-04-01,NA,els2024coup
Atherosclerosis Plus,NA,2667-0895,2026-04-01,NA,els2024coup
Atmospheric Environment,NA,1352-2310,2026-04-01,NA,els2024coup
Atmospheric Environment: X,NA,2590-1621,2026-04-01,NA,els2024coup
Atmospheric Pollution Research,NA,1309-1042,2026-04-01,NA,els2024coup
Atmospheric Research,NA,0169-8095,2026-04-01,NA,els2024coup
Atomic Data and Nuclear Data Tables,NA,0092-640X,2026-04-01,NA,els2024coup
Auris Nasus Larynx,NA,0385-8146,2026-04-01,NA,els2024coup
Australasian Emergency Care,NA,2588-994X,2026-04-01,NA,els2024coup
Australian and New Zealand Journal of Public Health,NA,1326-0200,2026-04-01,NA,els2024coup
Australian Critical Care,NA,1036-7314,2026-04-01,NA,els2024coup
Autoimmunity Reviews,NA,1568-9972,2026-04-01,NA,els2024coup
Automatica,NA,0005-1098,2026-04-01,NA,els2024coup
Automation in Construction,NA,0926-5805,2026-04-01,NA,els2024coup
Autonomic Neuroscience: Basic and Clinical,NA,1566-0702,2026-04-01,NA,els2024coup
Bacteriophage,NA,3051-2697,2026-04-01,NA,els2024coup
Basic and Applied Ecology,NA,1439-1791,2026-04-01,NA,els2024coup
BBA Advances,NA,2667-1603,2026-04-01,NA,els2024coup
Behavior Therapy,NA,0005-7894,2026-04-01,NA,els2024coup
Behaviour Research and Therapy,NA,0005-7967,2026-04-01,NA,els2024coup
Behavioural Brain Research,NA,0166-4328,2026-04-01,NA,els2024coup
Behavioural Processes,NA,0376-6357,2026-04-01,NA,els2024coup
Best Practice & Research Clinical Anaesthesiology,NA,1521-6896,2026-04-01,NA,els2024coup
Best Practice & Research Clinical Endocrinology & Metabolism,NA,1521-690X,2026-04-01,NA,els2024coup
Best Practice & Research Clinical Gastroenterology,NA,1521-6918,2026-04-01,NA,els2024coup
Best Practice & Research Clinical Haematology,NA,1521-6926,2026-04-01,NA,els2024coup
Best Practice & Research Clinical Obstetrics & Gynaecology,NA,1521-6934,2026-04-01,NA,els2024coup
Best Practice & Research Clinical Rheumatology,NA,1521-6942,2026-04-01,NA,els2024coup
Big Data Research,NA,2214-5796,2026-04-01,NA,els2024coup
Bioactive Carbohydrates and Dietary Fibre,NA,2212-6198,2026-04-01,NA,els2024coup
Biocatalysis and Agricultural Biotechnology,NA,1878-8181,2026-04-01,NA,els2024coup
Biochemical and Biophysical Research Communications,NA,0006-291X,2026-04-01,NA,els2024coup
Biochemical Engineering Journal,NA,1369-703X,2026-04-01,NA,els2024coup
Biochemical Pharmacology,NA,0006-2952,2026-04-01,NA,els2024coup
Biochemical Systematics and Ecology,NA,0305-1978,2026-04-01,NA,els2024coup
Biochemistry and Biophysics Reports,NA,2405-5808,2026-04-01,NA,els2024coup
Biochimica et Biophysica Acta: Bioenergetics,NA,0005-2728,2026-04-01,NA,els2024coup
Biochimica et Biophysica Acta: Biomembranes,NA,0005-2736,2026-04-01,NA,els2024coup
Biochimica et Biophysica Acta: Gene Regulatory Mechanisms,NA,1874-9399,2026-04-01,NA,els2024coup
Biochimica et Biophysica Acta: General Subjects,NA,0304-4165,2026-04-01,NA,els2024coup
Biochimica et Biophysica Acta: Molecular and Cell Biology of Lipids,NA,1388-1981,2026-04-01,NA,els2024coup
Biochimica et Biophysica Acta: Molecular Basis of Disease,NA,0925-4439,2026-04-01,NA,els2024coup
Biochimica et Biophysica Acta: Molecular Cell Research,NA,0167-4889,2026-04-01,NA,els2024coup
Biochimica et Biophysica Acta: Proteins and Proteomics,NA,1570-9639,2026-04-01,NA,els2024coup
Biochimica et Biophysica Acta: Reviews on Cancer,NA,0304-419X,2026-04-01,NA,els2024coup
Biochimie,NA,0300-9084,2026-04-01,NA,els2024coup
Biocybernetics and Biomedical Engineering,NA,0208-5216,2026-04-01,NA,els2024coup
BioDesign Research,NA,2693-1257,2026-04-01,NA,els2024coup
Bioelectrochemistry,NA,1567-5394,2026-04-01,NA,els2024coup
Biofilm,NA,2590-2075,2026-04-01,NA,els2024coup
Biological Conservation,NA,0006-3207,2026-04-01,NA,els2024coup
Biological Control,NA,1049-9644,2026-04-01,NA,els2024coup
Biological Psychiatry,NA,0006-3223,2026-04-01,NA,els2024coup
Biological Psychiatry Global Open Science,NA,2667-1743,2026-04-01,NA,els2024coup
Biological Psychiatry: Cognitive Neuroscience and Neuroimaging,NA,2451-9022,2026-04-01,NA,els2024coup
Biological Psychology,NA,0301-0511,2026-04-01,NA,els2024coup
Biologicals,NA,1045-1056,2026-04-01,NA,els2024coup
Biomarkers in Neuropsychiatry,NA,2666-1446,2026-04-01,NA,els2024coup
Biomass & Bioenergy,NA,0961-9534,2026-04-01,NA,els2024coup
Biomass Futures,NA,3051-4444,2026-04-01,NA,els2024coup
Biomaterials,NA,0142-9612,2026-04-01,NA,els2024coup
Biomaterials Advances,NA,2772-9508,2026-04-01,NA,els2024coup
Biomaterials and Biosystems,NA,2666-5344,2026-04-01,NA,els2024coup
Biomaterials and Living Medicine for Pharmaceutics,NA,3117-4663,2026-04-01,NA,els2024coup
Biomedical Engineering Advances,NA,2667-0992,2026-04-01,NA,els2024coup
Biomedical Journal,NA,2319-4170,2026-04-01,NA,els2024coup
Biomedical Signal Processing and Control,NA,1746-8094,2026-04-01,NA,els2024coup
Biomedicine & Pharmacotherapy,NA,0753-3322,2026-04-01,NA,els2024coup
Bioorganic & Medicinal Chemistry,NA,0968-0896,2026-04-01,NA,els2024coup
Bioorganic & Medicinal Chemistry Letters,NA,0960-894X,2026-04-01,NA,els2024coup
Bioorganic Chemistry,NA,0045-2068,2026-04-01,NA,els2024coup
Biophysical Chemistry,NA,0301-4622,2026-04-01,NA,els2024coup
Bioprinting,NA,2405-8866,2026-04-01,NA,els2024coup
Bioresource Technology,NA,0960-8524,2026-04-01,NA,els2024coup
Bioresource Technology Reports,NA,2589-014X,2026-04-01,NA,els2024coup
Biosafety and Health,NA,2590-0536,2026-04-01,NA,els2024coup
Biosensors and Bioelectronics,NA,0956-5663,2026-04-01,NA,els2024coup
Biosensors and Bioelectronics: X,NA,2590-1370,2026-04-01,NA,els2024coup
BioSystems,NA,0303-2647,2026-04-01,NA,els2024coup
Biosystems Engineering,NA,1537-5110,2026-04-01,NA,els2024coup
Biotechnology Advances,NA,0734-9750,2026-04-01,NA,els2024coup
Biotechnology Reports,NA,2215-017X,2026-04-01,NA,els2024coup
BJA Open,NA,2772-6096,2026-04-01,NA,els2024coup
"Blood Cells, Molecules and Diseases",NA,1079-9796,2026-04-01,NA,els2024coup
Blood Reviews,NA,0268-960X,2026-04-01,NA,els2024coup
Body Image,NA,1740-1445,2026-04-01,NA,els2024coup
Boletín de la Sociedad Española de Cerámica y Vidrio,NA,0366-3175,2026-04-01,NA,els2024coup
Bone,NA,8756-3282,2026-04-01,NA,els2024coup
Bone Reports,NA,2352-1872,2026-04-01,NA,els2024coup
Brain & Development,NA,0387-7604,2026-04-01,NA,els2024coup
Brain and Cognition,NA,0278-2626,2026-04-01,NA,els2024coup
Brain and Development Case Reports,NA,2950-2217,2026-04-01,NA,els2024coup
Brain and Environment,NA,3050-5917,2026-04-01,NA,els2024coup
Brain and Language,NA,0093-934X,2026-04-01,NA,els2024coup
Brain and Spine,NA,2772-5294,2026-04-01,NA,els2024coup
Brain Behavior and Immunity Integrative,NA,2949-8341,2026-04-01,NA,els2024coup
Brain Disorders,NA,2666-4593,2026-04-01,NA,els2024coup
Brain Mechanisms,NA,3050-6425,2026-04-01,NA,els2024coup
Brain Organoid and Systems Neuroscience Journal,NA,2949-9216,2026-04-01,NA,els2024coup
Brain Research,NA,0006-8993,2026-04-01,NA,els2024coup
Brain Research Bulletin,NA,0361-9230,2026-04-01,NA,els2024coup
Brain Stimulation,NA,1935-861X,2026-04-01,NA,els2024coup
"Brain, Behavior, & Immunity - Health",NA,2666-3546,2026-04-01,NA,els2024coup
"Brain, Behavior, and Immunity",NA,0889-1591,2026-04-01,NA,els2024coup
Brazilian Journal of Otorhinolaryngology,NA,1808-8694,2026-04-01,NA,els2024coup
Brazilian Journal of Physical Therapy,NA,1413-3555,2026-04-01,NA,els2024coup
British Journal of Oral and Maxillofacial Surgery,NA,0266-4356,2026-04-01,NA,els2024coup
Building and Environment,NA,0360-1323,2026-04-01,NA,els2024coup
Bulletin des Sciences Mathématiques,NA,0007-4497,2026-04-01,NA,els2024coup
Burns,NA,0305-4179,2026-04-01,NA,els2024coup
Burns Open,NA,2468-9122,2026-04-01,NA,els2024coup
Business Horizons,NA,0007-6813,2026-04-01,NA,els2024coup
Calphad,NA,0364-5916,2026-04-01,NA,els2024coup
Canadian Journal of Cardiology,NA,0828-282X,2026-04-01,NA,els2024coup
Canadian Journal of Diabetes,NA,1499-2671,2026-04-01,NA,els2024coup
Canadian Journal of Ophthalmology,NA,0008-4182,2026-04-01,NA,els2024coup
Cancer Epidemiology,NA,1877-7821,2026-04-01,NA,els2024coup
Cancer Genetics,NA,2210-7762,2026-04-01,NA,els2024coup
Cancer Letters,NA,0304-3835,2026-04-01,NA,els2024coup
Cancer Neuroscience,NA,3051-3235,2026-04-01,NA,els2024coup
Cancer Pathogenesis and Therapy,NA,2949-7132,2026-04-01,NA,els2024coup
Cancer Radiothérapie,NA,1278-3218,2026-04-01,NA,els2024coup
Cancer Treatment and Research Communications,NA,2468-2942,2026-04-01,NA,els2024coup
Cancer Treatment Reviews,NA,0305-7372,2026-04-01,NA,els2024coup
Carbohydrate Polymer Technologies and Applications,NA,2666-8939,2026-04-01,NA,els2024coup
Carbohydrate Polymers,NA,0144-8617,2026-04-01,NA,els2024coup
Carbohydrate Research,NA,0008-6215,2026-04-01,NA,els2024coup
Carbon,NA,0008-6223,2026-04-01,NA,els2024coup
Carbon Capture Science & Technology,NA,2772-6568,2026-04-01,NA,els2024coup
Carbon Neutral Technologies,NA,3050-6603,2026-04-01,NA,els2024coup
Carbon Trends,NA,2667-0569,2026-04-01,NA,els2024coup
Cardiovascular Pathology,NA,1054-8807,2026-04-01,NA,els2024coup
Cardiovascular Revascularization Medicine,NA,1553-8389,2026-04-01,NA,els2024coup
Cardiovascular Revascularization Medicine: Interesting Cases,NA,2950-2756,2026-04-01,NA,els2024coup
CASE,NA,2468-6441,2026-04-01,NA,els2024coup
Case Reports in Women's Health,NA,2214-9112,2026-04-01,NA,els2024coup
Case Studies in Chemical and Environmental Engineering,NA,2666-0164,2026-04-01,NA,els2024coup
Case Studies in Construction Materials,NA,2214-5095,2026-04-01,NA,els2024coup
Case Studies in Thermal Engineering,NA,2214-157X,2026-04-01,NA,els2024coup
Case Studies on Transport Policy,NA,2213-624X,2026-04-01,NA,els2024coup
Catalysis Today,NA,0920-5861,2026-04-01,NA,els2024coup
CATENA,NA,0341-8162,2026-04-01,NA,els2024coup
Cell Calcium,NA,0143-4160,2026-04-01,NA,els2024coup
Cell Death,NA,3051-1151,2026-04-01,NA,els2024coup
Cell Insight,NA,2772-8927,2026-04-01,NA,els2024coup
Cell Stress and Chaperones,NA,1355-8145,2026-04-01,NA,els2024coup
Cells & Development,NA,2667-2901,2026-04-01,NA,els2024coup
Cellular and Molecular Gastroenterology and Hepatology,NA,2352-345X,2026-04-01,NA,els2024coup
Cellular Immunology,NA,0008-8749,2026-04-01,NA,els2024coup
Cellular Signalling,NA,0898-6568,2026-04-01,NA,els2024coup
Cement,NA,2666-5492,2026-04-01,NA,els2024coup
Cement and Concrete Composites,NA,0958-9465,2026-04-01,NA,els2024coup
Cement and Concrete Research,NA,0008-8846,2026-04-01,NA,els2024coup
Ceramics International,NA,0272-8842,2026-04-01,NA,els2024coup
Cerebral Circulation - Cognition and Behavior,NA,2666-2450,2026-04-01,NA,els2024coup
"Chaos, Solitons & Fractals",NA,0960-0779,2026-04-01,NA,els2024coup
Chemical Data Collections,NA,2405-8300,2026-04-01,NA,els2024coup
Chemical Engineering and Processing - Process Intensification,NA,0255-2701,2026-04-01,NA,els2024coup
Chemical Engineering Journal,NA,1385-8947,2026-04-01,NA,els2024coup
Chemical Engineering Journal Advances,NA,2666-8211,2026-04-01,NA,els2024coup
Chemical Engineering Journal: Green and Sustainable,NA,3051-0031,2026-04-01,NA,els2024coup
Chemical Engineering Research and Design,NA,0263-8762,2026-04-01,NA,els2024coup
Chemical Engineering Science,NA,0009-2509,2026-04-01,NA,els2024coup
Chemical Geology,NA,0009-2541,2026-04-01,NA,els2024coup
Chemical Physics,NA,0301-0104,2026-04-01,NA,els2024coup
Chemical Physics Impact,NA,2667-0224,2026-04-01,NA,els2024coup
Chemical Physics Letters,NA,0009-2614,2026-04-01,NA,els2024coup
Chemical Thermodynamics and Thermal Analysis,NA,2667-3126,2026-04-01,NA,els2024coup
Chemico-Biological Interactions,NA,0009-2797,2026-04-01,NA,els2024coup
Chemistry and Physics of Lipids,NA,0009-3084,2026-04-01,NA,els2024coup
Chemistry of Inorganic Materials,NA,2949-7469,2026-04-01,NA,els2024coup
Chemometrics and Intelligent Laboratory Systems,NA,0169-7439,2026-04-01,NA,els2024coup
Chemosphere,NA,0045-6535,2026-04-01,NA,els2024coup
CHEST Critical Care,NA,2949-7884,2026-04-01,NA,els2024coup
CHEST Pulmonary,NA,2949-7892,2026-04-01,NA,els2024coup
Child Abuse & Neglect,NA,0145-2134,2026-04-01,NA,els2024coup
Child Protection and Practice,NA,2950-1938,2026-04-01,NA,els2024coup
Children and Youth Services Review,NA,0190-7409,2026-04-01,NA,els2024coup
China Economic Review,NA,1043-951X,2026-04-01,NA,els2024coup
Chinese Herbal Medicines,NA,1674-6384,2026-04-01,NA,els2024coup
Chinese Journal of Analytical Chemistry,NA,1872-2040,2026-04-01,NA,els2024coup
Chinese Journal of Chemical Engineering,NA,1004-9541,2026-04-01,NA,els2024coup
Chinese Journal of Physics,NA,0577-9073,2026-04-01,NA,els2024coup
Chinese Journal of Structural Chemistry,NA,0254-5861,2026-04-01,NA,els2024coup
Chinese Medical Journal Pulmonary and Critical Care Medicine,NA,2772-5588,2026-04-01,NA,els2024coup
Chip,NA,2709-4723,2026-04-01,NA,els2024coup
CIRP Annals,NA,0007-8506,2026-04-01,NA,els2024coup
CIRP Journal of Manufacturing Science and Technology,NA,1755-5817,2026-04-01,NA,els2024coup
Cirugía Española (English edition),NA,2173-5077,2026-04-01,NA,els2024coup
Cities,NA,0264-2751,2026-04-01,NA,els2024coup
Cities: Smarter Futures,NA,3117-3764,2026-04-01,NA,els2024coup
City and Environment Interactions,NA,2590-2520,2026-04-01,NA,els2024coup
"City, Culture and Society",NA,1877-9166,2026-04-01,NA,els2024coup
CJC Open,NA,2589-790X,2026-04-01,NA,els2024coup
CJC Pediatric and Congenital Heart Disease,NA,2772-8129,2026-04-01,NA,els2024coup
Cleaner and Circular Bioeconomy,NA,2772-8013,2026-04-01,NA,els2024coup
Cleaner and Responsible Consumption,NA,2666-7843,2026-04-01,NA,els2024coup
Cleaner Chemical Engineering,NA,2772-7823,2026-04-01,NA,els2024coup
Cleaner Energy Systems,NA,2772-7831,2026-04-01,NA,els2024coup
Cleaner Engineering and Technology,NA,2666-7908,2026-04-01,NA,els2024coup
Cleaner Environmental Systems,NA,2666-7894,2026-04-01,NA,els2024coup
Cleaner Food Systems,NA,3050-8355,2026-04-01,NA,els2024coup
Cleaner Logistics and Supply Chain,NA,2772-3909,2026-04-01,NA,els2024coup
Cleaner Manufacturing,NA,3050-998X,2026-04-01,NA,els2024coup
Cleaner Materials,NA,2772-3976,2026-04-01,NA,els2024coup
Cleaner Production Letters,NA,2666-7916,2026-04-01,NA,els2024coup
Cleaner Waste Systems,NA,2772-9125,2026-04-01,NA,els2024coup
Cleaner Water,NA,2950-2632,2026-04-01,NA,els2024coup
Climate Change Ecology,NA,2666-9005,2026-04-01,NA,els2024coup
Climate Physics and Atmospheric Science: Scientific Insights and Societal Challenges,NA,3051-4088,2026-04-01,NA,els2024coup
Climate Risk Management,NA,2212-0963,2026-04-01,NA,els2024coup
Climate Services,NA,2405-8807,2026-04-01,NA,els2024coup
Clinica Chimica Acta,NA,0009-8981,2026-04-01,NA,els2024coup
Clínica e Investigación en Arteriosclerosis (English Edition),NA,2529-9123,2026-04-01,NA,els2024coup
Clinical and Translational Radiation Oncology,NA,2405-6308,2026-04-01,NA,els2024coup
Clinical Biochemistry,NA,0009-9120,2026-04-01,NA,els2024coup
Clinical Biomechanics,NA,0268-0033,2026-04-01,NA,els2024coup
Clinical Breast Cancer,NA,1526-8209,2026-04-01,NA,els2024coup
Clinical Colorectal Cancer,NA,1533-0028,2026-04-01,NA,els2024coup
Clinical Dental Journal,NA,3117-4892,2026-04-01,NA,els2024coup
Clinical Epidemiology and Global Health,NA,2213-3984,2026-04-01,NA,els2024coup
Clinical Genitourinary Cancer,NA,1558-7673,2026-04-01,NA,els2024coup
Clinical Imaging,NA,0899-7071,2026-04-01,NA,els2024coup
Clinical Immunology,NA,1521-6616,2026-04-01,NA,els2024coup
Clinical Immunology Communications,NA,2772-6134,2026-04-01,NA,els2024coup
Clinical Infection in Practice,NA,2590-1702,2026-04-01,NA,els2024coup
Clinical Lung Cancer,NA,1525-7304,2026-04-01,NA,els2024coup
"Clinical Lymphoma, Myeloma & Leukemia",NA,2152-2650,2026-04-01,NA,els2024coup
Clinical Medicine,NA,1470-2118,2026-04-01,NA,els2024coup
Clinical Microbiology Newsletter,NA,0196-4399,2026-04-01,NA,els2024coup
Clinical Neurology and Neurosurgery,NA,0303-8467,2026-04-01,NA,els2024coup
Clinical Neurophysiology,NA,1388-2457,2026-04-01,NA,els2024coup
Clinical Neurophysiology Practice,NA,2467-981X,2026-04-01,NA,els2024coup
Clinical Nutrition,NA,0261-5614,2026-04-01,NA,els2024coup
Clinical Nutrition ESPEN,NA,2405-4577,2026-04-01,NA,els2024coup
Clinical Nutrition Open Science,NA,2667-2685,2026-04-01,NA,els2024coup
Clinical Oncology,NA,0936-6555,2026-04-01,NA,els2024coup
Clinical Parkinsonism & Related Disorders,NA,2590-1125,2026-04-01,NA,els2024coup
Clinical Psychology Review,NA,0272-7358,2026-04-01,NA,els2024coup
Clinical Radiology,NA,0009-9260,2026-04-01,NA,els2024coup
Clinical Simulation in Nursing,NA,1876-1399,2026-04-01,NA,els2024coup
Clinical Surgical Oncology,NA,2773-160X,2026-04-01,NA,els2024coup
Clinical Therapeutics,NA,0149-2918,2026-04-01,NA,els2024coup
Clinical Traditional Medicine and Pharmacology,NA,2097-3829,2026-04-01,NA,els2024coup
Clinics,NA,1807-5932,2026-04-01,NA,els2024coup
Clinics and Research in Hepatology and Gastroenterology,NA,2210-7401,2026-04-01,NA,els2024coup
Clinics in Dermatology,NA,0738-081X,2026-04-01,NA,els2024coup
CMI Communications,NA,2950-5909,2026-04-01,NA,els2024coup
Coacervates,NA,3117-6178,2026-04-01,NA,els2024coup
Coastal Engineering,NA,0378-3839,2026-04-01,NA,els2024coup
Cognition,NA,0010-0277,2026-04-01,NA,els2024coup
Cognitive and Behavioral Practice,NA,1077-7229,2026-04-01,NA,els2024coup
Cognitive Development,NA,0885-2014,2026-04-01,NA,els2024coup
Cognitive Psychology,NA,0010-0285,2026-04-01,NA,els2024coup
Cognitive Systems Research,NA,1389-0417,2026-04-01,NA,els2024coup
Cold Regions Science and Technology,NA,0165-232X,2026-04-01,NA,els2024coup
Collegian,NA,1322-7696,2026-04-01,NA,els2024coup
Colloid and Interface Science Communications,NA,2215-0382,2026-04-01,NA,els2024coup
Colloids and Surfaces A: Physicochemical and Engineering Aspects,NA,0927-7757,2026-04-01,NA,els2024coup
Colloids and Surfaces B: Biointerfaces,NA,0927-7765,2026-04-01,NA,els2024coup
Colloids and Surfaces C: Environmental Aspects,NA,2949-7590,2026-04-01,NA,els2024coup
Combustion and Flame,NA,0010-2180,2026-04-01,NA,els2024coup
Communications in Nonlinear Science and Numerical Simulation,NA,1007-5704,2026-04-01,NA,els2024coup
Comparative Biochemistry and Physiology - Part A: Molecular & Integrative Physiology,NA,1095-6433,2026-04-01,NA,els2024coup
Comparative Biochemistry and Physiology - Part B: Biochemistry & Molecular Biology,NA,1096-4959,2026-04-01,NA,els2024coup
Comparative Biochemistry and Physiology - Part C: Toxicology & Pharmacology,NA,1532-0456,2026-04-01,NA,els2024coup
Comparative Biochemistry and Physiology - Part D: Genomics and Proteomics,NA,1744-117X,2026-04-01,NA,els2024coup
Comparative Immunology Reports,NA,2950-3116,2026-04-01,NA,els2024coup
"Comparative Immunology, Microbiology & Infectious Diseases",NA,0147-9571,2026-04-01,NA,els2024coup
Complementary Therapies in Clinical Practice,NA,1744-3881,2026-04-01,NA,els2024coup
Complementary Therapies in Medicine,NA,0965-2299,2026-04-01,NA,els2024coup
Composite Structures,NA,0263-8223,2026-04-01,NA,els2024coup
Composites Communications,NA,2452-2139,2026-04-01,NA,els2024coup
Composites Part A: Applied Science and Manufacturing,NA,1359-835X,2026-04-01,NA,els2024coup
Composites Part B: Engineering,NA,1359-8368,2026-04-01,NA,els2024coup
Composites Part C: Open Access,NA,2666-6820,2026-04-01,NA,els2024coup
Composites Science and Technology,NA,0266-3538,2026-04-01,NA,els2024coup
Comprehensive Psychiatry,NA,0010-440X,2026-04-01,NA,els2024coup
Comprehensive Psychoneuroendocrinology,NA,2666-4976,2026-04-01,NA,els2024coup
Computational and Structural Biotechnology Reports,NA,2950-3639,2026-04-01,NA,els2024coup
Computational and Theoretical Chemistry,NA,2210-271X,2026-04-01,NA,els2024coup
Computational Biology and Chemistry,NA,1476-9271,2026-04-01,NA,els2024coup
Computational Condensed Matter,NA,2352-2143,2026-04-01,NA,els2024coup
Computational Geometry,NA,0925-7721,2026-04-01,NA,els2024coup
Computational Materials Science,NA,0927-0256,2026-04-01,NA,els2024coup
Computational Materials Today,NA,2950-4635,2026-04-01,NA,els2024coup
Computational Particle Mechanics,NA,2196-4386,2026-04-01,NA,els2024coup
Computational Statistics & Data Analysis,NA,0167-9473,2026-04-01,NA,els2024coup
Computational Toxicology,NA,2468-1113,2026-04-01,NA,els2024coup
Computer Aided Geometric Design,NA,0167-8396,2026-04-01,NA,els2024coup
Computer Communications,NA,0140-3664,2026-04-01,NA,els2024coup
Computer Law & Security Review,NA,2212-473X,2026-04-01,NA,els2024coup
Computer Methods and Programs in Biomedicine,NA,0169-2607,2026-04-01,NA,els2024coup
Computer Methods and Programs in Biomedicine Update,NA,2666-9900,2026-04-01,NA,els2024coup
Computer Methods in Applied Mechanics and Engineering,NA,0045-7825,2026-04-01,NA,els2024coup
Computer Networks,NA,1389-1286,2026-04-01,NA,els2024coup
Computer Physics Communications,NA,0010-4655,2026-04-01,NA,els2024coup
Computer Science Review,NA,1574-0137,2026-04-01,NA,els2024coup
Computer Speech and Language,NA,0885-2308,2026-04-01,NA,els2024coup
Computer Standards & Interfaces,NA,0920-5489,2026-04-01,NA,els2024coup
Computer Vision and Image Understanding,NA,1077-3142,2026-04-01,NA,els2024coup
Computer-Aided Design,NA,0010-4485,2026-04-01,NA,els2024coup
Computerized Medical Imaging and Graphics,NA,0895-6111,2026-04-01,NA,els2024coup
Computers & Chemical Engineering,NA,0098-1354,2026-04-01,NA,els2024coup
Computers & Education,NA,0360-1315,2026-04-01,NA,els2024coup
Computers & Education: X Reality,NA,2949-6780,2026-04-01,NA,els2024coup
Computers & Electrical Engineering,NA,0045-7906,2026-04-01,NA,els2024coup
Computers & Fluids,NA,0045-7930,2026-04-01,NA,els2024coup
Computers & Geosciences,NA,0098-3004,2026-04-01,NA,els2024coup
Computers & Graphics,NA,0097-8493,2026-04-01,NA,els2024coup
Computers & Industrial Engineering,NA,0360-8352,2026-04-01,NA,els2024coup
Computers & Mathematics with Applications,NA,0898-1221,2026-04-01,NA,els2024coup
Computers & Operations Research,NA,0305-0548,2026-04-01,NA,els2024coup
Computers & Security,NA,0167-4048,2026-04-01,NA,els2024coup
Computers & Structures,NA,0045-7949,2026-04-01,NA,els2024coup
Computers and Composition,NA,8755-4615,2026-04-01,NA,els2024coup
Computers and Education Open,NA,2666-5573,2026-04-01,NA,els2024coup
Computers and Education: Artificial Intelligence,NA,2666-920X,2026-04-01,NA,els2024coup
Computers and Electronics in Agriculture,NA,0168-1699,2026-04-01,NA,els2024coup
Computers and Geotechnics,NA,0266-352X,2026-04-01,NA,els2024coup
Computers in Biology and Medicine,NA,0010-4825,2026-04-01,NA,els2024coup
Computers in Human Behavior,NA,0747-5632,2026-04-01,NA,els2024coup
Computers in Human Behavior Reports,NA,2451-9588,2026-04-01,NA,els2024coup
Computers in Human Behavior: Artificial Humans,NA,2949-8821,2026-04-01,NA,els2024coup
Computers in Industry,NA,0166-3615,2026-04-01,NA,els2024coup
"Computers, Environment and Urban Systems",NA,0198-9715,2026-04-01,NA,els2024coup
Consciousness and Cognition,NA,1053-8100,2026-04-01,NA,els2024coup
Construction and Building Materials,NA,0950-0618,2026-04-01,NA,els2024coup
Construction and Building Materials in Transportation,NA,3117-650X,2026-04-01,NA,els2024coup
Contact Lens & Anterior Eye,NA,1367-0484,2026-04-01,NA,els2024coup
Contemporary Clinical Trials,NA,1551-7144,2026-04-01,NA,els2024coup
Contemporary Clinical Trials Communications,NA,2451-8654,2026-04-01,NA,els2024coup
Contemporary Educational Psychology,NA,0361-476X,2026-04-01,NA,els2024coup
Continence,NA,2772-9737,2026-04-01,NA,els2024coup
Continence Reports,NA,2772-9745,2026-04-01,NA,els2024coup
Continental Shelf Research,NA,0278-4343,2026-04-01,NA,els2024coup
Contraception,NA,0010-7824,2026-04-01,NA,els2024coup
Control Engineering Practice,NA,0967-0661,2026-04-01,NA,els2024coup
Coordination Chemistry Research,NA,2950-4864,2026-04-01,NA,els2024coup
Coordination Chemistry Reviews,NA,0010-8545,2026-04-01,NA,els2024coup
Corrosion Science,NA,0010-938X,2026-04-01,NA,els2024coup
Cortex,NA,0010-9452,2026-04-01,NA,els2024coup
Cretaceous Research,NA,0195-6671,2026-04-01,NA,els2024coup
Critical Perspectives on Accounting,NA,1045-2354,2026-04-01,NA,els2024coup
Critical Reviews in Oncology/Hematology,NA,1040-8428,2026-04-01,NA,els2024coup
Crop and Environment,NA,2773-126X,2026-04-01,NA,els2024coup
Crop Protection,NA,0261-2194,2026-04-01,NA,els2024coup
Cryobiology,NA,0011-2240,2026-04-01,NA,els2024coup
Cryogenics,NA,0011-2275,2026-04-01,NA,els2024coup
Current Applied Physics,NA,1567-1739,2026-04-01,NA,els2024coup
Current Developments in Nutrition,NA,2475-2991,2026-04-01,NA,els2024coup
Current Opinion in Behavioral Sciences,NA,2352-1546,2026-04-01,NA,els2024coup
Current Opinion in Biomedical Engineering,NA,2468-4511,2026-04-01,NA,els2024coup
Current Opinion in Biotechnology,NA,0958-1669,2026-04-01,NA,els2024coup
Current Opinion in Cell Biology,NA,0955-0674,2026-04-01,NA,els2024coup
Current Opinion in Chemical Biology,NA,1367-5931,2026-04-01,NA,els2024coup
Current Opinion in Chemical Engineering,NA,2211-3398,2026-04-01,NA,els2024coup
Current Opinion in Colloid & Interface Science,NA,1359-0294,2026-04-01,NA,els2024coup
Current Opinion in Electrochemistry,NA,2451-9103,2026-04-01,NA,els2024coup
Current Opinion in Endocrine and Metabolic Research,NA,2451-9650,2026-04-01,NA,els2024coup
Current Opinion in Environmental Science & Health,NA,2468-5844,2026-04-01,NA,els2024coup
Current Opinion in Environmental Sustainability,NA,1877-3435,2026-04-01,NA,els2024coup
Current Opinion in Food Science,NA,2214-7993,2026-04-01,NA,els2024coup
Current Opinion in Genetics & Development,NA,0959-437X,2026-04-01,NA,els2024coup
Current Opinion in Green and Sustainable Chemistry,NA,2452-2236,2026-04-01,NA,els2024coup
Current Opinion in Immunology,NA,0952-7915,2026-04-01,NA,els2024coup
Current Opinion in Insect Science,NA,2214-5745,2026-04-01,NA,els2024coup
Current Opinion in Microbiology,NA,1369-5274,2026-04-01,NA,els2024coup
Current Opinion in Neurobiology,NA,0959-4388,2026-04-01,NA,els2024coup
Current Opinion in Pharmacology,NA,1471-4892,2026-04-01,NA,els2024coup
Current Opinion in Physiology,NA,2468-8673,2026-04-01,NA,els2024coup
Current Opinion in Plant Biology,NA,1369-5266,2026-04-01,NA,els2024coup
Current Opinion in Psychology,NA,2352-250X,2026-04-01,NA,els2024coup
Current Opinion in Solid State & Materials Science,NA,1359-0286,2026-04-01,NA,els2024coup
Current Opinion in Structural Biology,NA,0959-440X,2026-04-01,NA,els2024coup
Current Opinion in Systems Biology,NA,2452-3100,2026-04-01,NA,els2024coup
Current Opinion in Toxicology,NA,2468-2020,2026-04-01,NA,els2024coup
Current Opinion in Virology,NA,1879-6257,2026-04-01,NA,els2024coup
Current Plant Biology,NA,2214-6628,2026-04-01,NA,els2024coup
Current Problems in Cancer,NA,0147-0272,2026-04-01,NA,els2024coup
Current Problems in Cancer: Case Reports,NA,2666-6219,2026-04-01,NA,els2024coup
Current Problems in Cardiology,NA,0146-2806,2026-04-01,NA,els2024coup
Current Problems in Diagnostic Radiology,NA,0363-0188,2026-04-01,NA,els2024coup
Current Problems in Pediatric and Adolescent Health Care,NA,1538-5442,2026-04-01,NA,els2024coup
Current Problems in Surgery,NA,0011-3840,2026-04-01,NA,els2024coup
Current Research in Behavioral Sciences,NA,2666-5182,2026-04-01,NA,els2024coup
Current Research in Biotechnology,NA,2590-2628,2026-04-01,NA,els2024coup
Current Research in Ecological and Social Psychology,NA,2666-6227,2026-04-01,NA,els2024coup
Current Research in Environmental Sustainability,NA,2666-0490,2026-04-01,NA,els2024coup
Current Research in Food Science,NA,2665-9271,2026-04-01,NA,els2024coup
Current Research in Green and Sustainable Chemistry,NA,2666-0865,2026-04-01,NA,els2024coup
Current Research in Insect Science,NA,2666-5158,2026-04-01,NA,els2024coup
Current Research in Microbial Sciences,NA,2666-5174,2026-04-01,NA,els2024coup
Current Research in Neurobiology,NA,2665-945X,2026-04-01,NA,els2024coup
Current Research in Parasitology and Vector-Borne Diseases,NA,2667-114X,2026-04-01,NA,els2024coup
Current Research in Pharmacology and Drug Discovery,NA,2590-2571,2026-04-01,NA,els2024coup
Current Research in Physiology,NA,2665-9441,2026-04-01,NA,els2024coup
Current Research in Structural Biology,NA,2665-928X,2026-04-01,NA,els2024coup
Current Research in Toxicology,NA,2666-027X,2026-04-01,NA,els2024coup
Current Research in Translational Medicine,NA,2452-3186,2026-04-01,NA,els2024coup
Current Therapeutic Research,NA,0011-393X,2026-04-01,NA,els2024coup
Currents in Pharmacy Teaching and Learning,NA,1877-1297,2026-04-01,NA,els2024coup
Cytokine,NA,1043-4666,2026-04-01,NA,els2024coup
Cytokine & Growth Factor Reviews,NA,1359-6101,2026-04-01,NA,els2024coup
Cytotherapy,NA,1465-3249,2026-04-01,NA,els2024coup
Data & Knowledge Engineering,NA,0169-023X,2026-04-01,NA,els2024coup
Data in Brief,NA,2352-3409,2026-04-01,NA,els2024coup
DeCarbon,NA,2949-8813,2026-04-01,NA,els2024coup
Decision Analytics Journal,NA,2772-6622,2026-04-01,NA,els2024coup
Decision Support Systems,NA,0167-9236,2026-04-01,NA,els2024coup
Deep Brain Stimulation,NA,2949-6691,2026-04-01,NA,els2024coup
Deep-Sea Research Part I: Oceanographic Research Papers,NA,0967-0637,2026-04-01,NA,els2024coup
Deep-Sea Research Part II: Topical Studies in Oceanography,NA,0967-0645,2026-04-01,NA,els2024coup
Dendrochronologia,NA,1125-7865,2026-04-01,NA,els2024coup
Dental Materials,NA,0109-5641,2026-04-01,NA,els2024coup
Dentistry Review,NA,2772-5596,2026-04-01,NA,els2024coup
Desalination,NA,0011-9164,2026-04-01,NA,els2024coup
Desalination and Water Treatment,NA,1944-3986,2026-04-01,NA,els2024coup
Design Studies,NA,0142-694X,2026-04-01,NA,els2024coup
Development and Sustainability in Economics and Finance,NA,2950-5240,2026-04-01,NA,els2024coup
Developmental & Comparative Immunology,NA,0145-305X,2026-04-01,NA,els2024coup
Developmental Biology,NA,0012-1606,2026-04-01,NA,els2024coup
Developmental Cognitive Neuroscience,NA,1878-9293,2026-04-01,NA,els2024coup
Developmental Review,NA,0273-2297,2026-04-01,NA,els2024coup
Developments in the Built Environment,NA,2666-1659,2026-04-01,NA,els2024coup
Diabetes & Metabolic Syndrome: Clinical Research & Reviews,NA,1871-4021,2026-04-01,NA,els2024coup
Diabetes & Metabolism,NA,1262-3636,2026-04-01,NA,els2024coup
Diabetes Epidemiology and Management,NA,2666-9706,2026-04-01,NA,els2024coup
Diabetes Research and Clinical Practice,NA,0168-8227,2026-04-01,NA,els2024coup
Diagnostic and Interventional Imaging,NA,2211-5684,2026-04-01,NA,els2024coup
Diagnostic Microbiology and Infectious Disease,NA,0732-8893,2026-04-01,NA,els2024coup
Dialogues in Health,NA,2772-6533,2026-04-01,NA,els2024coup
Diamond and Related Materials,NA,0925-9635,2026-04-01,NA,els2024coup
Differential Geometry and its Applications,NA,0926-2245,2026-04-01,NA,els2024coup
Differentiation,NA,0301-4681,2026-04-01,NA,els2024coup
Digestive and Liver Disease,NA,1590-8658,2026-04-01,NA,els2024coup
Digital Applications in Archaeology and Cultural Heritage,NA,2212-0548,2026-04-01,NA,els2024coup
Digital Business,NA,2666-9544,2026-04-01,NA,els2024coup
Digital Chemical Engineering,NA,2772-5081,2026-04-01,NA,els2024coup
Digital Dentistry Journal,NA,2950-6433,2026-04-01,NA,els2024coup
Digital Engineering,NA,2950-550X,2026-04-01,NA,els2024coup
Digital Geography and Society,NA,2666-3783,2026-04-01,NA,els2024coup
Digital Signal Processing,NA,1051-2004,2026-04-01,NA,els2024coup
Disability and Health Journal,NA,1936-6574,2026-04-01,NA,els2024coup
"Discourse, Context & Media",NA,2211-6958,2026-04-01,NA,els2024coup
Discrete Applied Mathematics,NA,0166-218X,2026-04-01,NA,els2024coup
Discrete Mathematics,NA,0012-365X,2026-04-01,NA,els2024coup
Discrete Optimization,NA,1572-5286,2026-04-01,NA,els2024coup
Disease and Therapeutics,NA,3050-9998,2026-04-01,NA,els2024coup
Disease-A-Month,NA,0011-5029,2026-04-01,NA,els2024coup
Displays,NA,0141-9382,2026-04-01,NA,els2024coup
DNA Repair,NA,1568-7864,2026-04-01,NA,els2024coup
Domestic Animal Endocrinology,NA,0739-7240,2026-04-01,NA,els2024coup
Drug and Alcohol Dependence,NA,0376-8716,2026-04-01,NA,els2024coup
Drug and Alcohol Dependence Reports,NA,2772-7246,2026-04-01,NA,els2024coup
Drug Discovery Today,NA,1359-6446,2026-04-01,NA,els2024coup
Drug Metabolism and Pharmacokinetics,NA,1347-4367,2026-04-01,NA,els2024coup
Drug Resistance Updates,NA,1368-7646,2026-04-01,NA,els2024coup
Dyes and Pigments,NA,0143-7208,2026-04-01,NA,els2024coup
Dynamics of Atmospheres and Oceans,NA,0377-0265,2026-04-01,NA,els2024coup
EANM Innovation,NA,3051-2913,2026-04-01,NA,els2024coup
Early Childhood Research Quarterly,NA,0885-2006,2026-04-01,NA,els2024coup
Early Human Development,NA,0378-3782,2026-04-01,NA,els2024coup
Earth and Planetary Science Letters,NA,0012-821X,2026-04-01,NA,els2024coup
Earth History and Biodiversity,NA,2950-4759,2026-04-01,NA,els2024coup
Earth System,NA,3051-3111,2026-04-01,NA,els2024coup
Earth System Governance,NA,2589-8116,2026-04-01,NA,els2024coup
Earth-Science Reviews,NA,0012-8252,2026-04-01,NA,els2024coup
Eating Behaviors,NA,1471-0153,2026-04-01,NA,els2024coup
Ecohydrology & Hydrobiology,NA,1642-3593,2026-04-01,NA,els2024coup
Ecological Complexity,NA,1476-945X,2026-04-01,NA,els2024coup
Ecological Economics,NA,0921-8009,2026-04-01,NA,els2024coup
Ecological Engineering,NA,0925-8574,2026-04-01,NA,els2024coup
Ecological Genetics and Genomics,NA,2405-9854,2026-04-01,NA,els2024coup
Ecological Indicators,NA,1470-160X,2026-04-01,NA,els2024coup
Ecological Informatics,NA,1574-9541,2026-04-01,NA,els2024coup
Ecological Modelling,NA,0304-3800,2026-04-01,NA,els2024coup
Econometrics and Statistics,NA,2452-3062,2026-04-01,NA,els2024coup
Economic Analysis and Policy,NA,0313-5926,2026-04-01,NA,els2024coup
Economic Modelling,NA,0264-9993,2026-04-01,NA,els2024coup
Economic Systems,NA,0939-3625,2026-04-01,NA,els2024coup
Economics & Human Biology,NA,1570-677X,2026-04-01,NA,els2024coup
Economics Letters,NA,0165-1765,2026-04-01,NA,els2024coup
Economics of Education Review,NA,0272-7757,2026-04-01,NA,els2024coup
Economics of Transportation,NA,2212-0122,2026-04-01,NA,els2024coup
Ecosystem Services,NA,2212-0416,2026-04-01,NA,els2024coup
Ecotoxicology and Environmental Safety,NA,0147-6513,2026-04-01,NA,els2024coup
Educación Médica,NA,1575-1813,2026-04-01,NA,els2024coup
Education for Chemical Engineers,NA,1749-7728,2026-04-01,NA,els2024coup
Educational Research Review,NA,1747-938X,2026-04-01,NA,els2024coup
Egyptian Informatics Journal,NA,1110-8665,2026-04-01,NA,els2024coup
Egyptian Journal of Aquatic Research,NA,1687-4285,2026-04-01,NA,els2024coup
EJC Paediatric Oncology,NA,2772-610X,2026-04-01,NA,els2024coup
EJC Skin Cancer,NA,2772-6118,2026-04-01,NA,els2024coup
EJVES Vascular Forum,NA,2666-688X,2026-04-01,NA,els2024coup
Electoral Studies,NA,0261-3794,2026-04-01,NA,els2024coup
Electric Power Systems Research,NA,0378-7796,2026-04-01,NA,els2024coup
Electrochemistry Communications,NA,1388-2481,2026-04-01,NA,els2024coup
Electrochimica Acta,NA,0013-4686,2026-04-01,NA,els2024coup
Electronic Commerce Research and Applications,NA,1567-4223,2026-04-01,NA,els2024coup
Electronic Journal of Biotechnology,NA,0717-3458,2026-04-01,NA,els2024coup
Emerging Markets Review,NA,1566-0141,2026-04-01,NA,els2024coup
"Emerging Trends in Drugs, Addictions, and Health",NA,2667-1182,2026-04-01,NA,els2024coup
"Emotion, Space and Society",NA,1755-4586,2026-04-01,NA,els2024coup
Endeavour,NA,0160-9327,2026-04-01,NA,els2024coup
Endocrine and Metabolic Science,NA,2666-3961,2026-04-01,NA,els2024coup
"Endocrinología, Diabetes y Nutrición (English Edition)",NA,2530-0180,2026-04-01,NA,els2024coup
Energy,NA,0360-5442,2026-04-01,NA,els2024coup
Energy 360,NA,2950-4872,2026-04-01,NA,els2024coup
Energy and AI,NA,2666-5468,2026-04-01,NA,els2024coup
Energy and Buildings,NA,0378-7788,2026-04-01,NA,els2024coup
Energy and Climate Change,NA,2666-2787,2026-04-01,NA,els2024coup
Energy Conversion and Management,NA,0196-8904,2026-04-01,NA,els2024coup
Energy Conversion and Management: X,NA,2590-1745,2026-04-01,NA,els2024coup
Energy Economics,NA,0140-9883,2026-04-01,NA,els2024coup
Energy Efficiency First,NA,2950-1563,2026-04-01,NA,els2024coup
Energy for Sustainable Development,NA,0973-0826,2026-04-01,NA,els2024coup
Energy Nexus,NA,2772-4271,2026-04-01,NA,els2024coup
Energy Policy,NA,0301-4215,2026-04-01,NA,els2024coup
Energy Reports,NA,2352-4847,2026-04-01,NA,els2024coup
Energy Research & Social Science,NA,2214-6296,2026-04-01,NA,els2024coup
Energy Reviews,NA,2772-9702,2026-04-01,NA,els2024coup
Energy Storage Materials,NA,2405-8297,2026-04-01,NA,els2024coup
Energy Strategy Reviews,NA,2211-467X,2026-04-01,NA,els2024coup
EnergyChem,NA,2589-7780,2026-04-01,NA,els2024coup
eNeurologicalSci,NA,2405-6502,2026-04-01,NA,els2024coup
Enfermedades Infecciosas y Microbiología Clínica (English Edition),NA,2529-993X,2026-04-01,NA,els2024coup
Enfermería Clínica (English Edition),NA,2445-1479,2026-04-01,NA,els2024coup
Enfermería Intensiva (English Edition),NA,2529-9840,2026-04-01,NA,els2024coup
Engineering,NA,2095-8099,2026-04-01,NA,els2024coup
Engineering Analysis with Boundary Elements,NA,0955-7997,2026-04-01,NA,els2024coup
Engineering Applications of Artificial Intelligence,NA,0952-1976,2026-04-01,NA,els2024coup
Engineering Failure Analysis,NA,1350-6307,2026-04-01,NA,els2024coup
Engineering Fracture Mechanics,NA,0013-7944,2026-04-01,NA,els2024coup
Engineering Geology,NA,0013-7952,2026-04-01,NA,els2024coup
"Engineering Science and Technology, an International Journal",NA,2215-0986,2026-04-01,NA,els2024coup
Engineering Structures,NA,0141-0296,2026-04-01,NA,els2024coup
English for Specific Purposes,NA,0889-4906,2026-04-01,NA,els2024coup
Entertainment Computing,NA,1875-9521,2026-04-01,NA,els2024coup
Environment International,NA,0160-4120,2026-04-01,NA,els2024coup
Environmental Advances,NA,2666-7657,2026-04-01,NA,els2024coup
Environmental and Experimental Botany,NA,0098-8472,2026-04-01,NA,els2024coup
Environmental and Sustainability Indicators,NA,2665-9727,2026-04-01,NA,els2024coup
Environmental Challenges,NA,2667-0100,2026-04-01,NA,els2024coup
Environmental Development,NA,2211-4645,2026-04-01,NA,els2024coup
Environmental Impact Assessment Review,NA,0195-9255,2026-04-01,NA,els2024coup
Environmental Innovation and Societal Transitions,NA,2210-4224,2026-04-01,NA,els2024coup
Environmental Management: Economics and Policy,NA,3117-325X,2026-04-01,NA,els2024coup
Environmental Management: Emerging Contaminants,NA,3117-5929,2026-04-01,NA,els2024coup
Environmental Management: Engineering and Technology,NA,3117-3268,2026-04-01,NA,els2024coup
Environmental Management: Smart Solutions,NA,3117-6496,2026-04-01,NA,els2024coup
Environmental Modelling & Software,NA,1364-8152,2026-04-01,NA,els2024coup
"Environmental Nanotechnology, Monitoring and Management",NA,2215-1532,2026-04-01,NA,els2024coup
Environmental Nexus,NA,3050-9890,2026-04-01,NA,els2024coup
Environmental Pollution,NA,0269-7491,2026-04-01,NA,els2024coup
Environmental Research,NA,0013-9351,2026-04-01,NA,els2024coup
Environmental Science & Policy,NA,1462-9011,2026-04-01,NA,els2024coup
Environmental Science and Ecotechnology,NA,2666-4984,2026-04-01,NA,els2024coup
Environmental Technology & Innovation,NA,2352-1864,2026-04-01,NA,els2024coup
Environmental Toxicology and Pharmacology,NA,1382-6689,2026-04-01,NA,els2024coup
Enzyme and Microbial Technology,NA,0141-0229,2026-04-01,NA,els2024coup
Epidemics,NA,1755-4365,2026-04-01,NA,els2024coup
Epilepsy & Behavior,NA,1525-5050,2026-04-01,NA,els2024coup
Epilepsy & Behavior Reports,NA,2589-9864,2026-04-01,NA,els2024coup
Epilepsy Research,NA,0920-1211,2026-04-01,NA,els2024coup
"e-Prime – Nexus of Electrical, Electronic, and Intelligent Engineering",NA,2772-6711,2026-04-01,NA,els2024coup
Equity Neuroscience,NA,3050-8401,2026-04-01,NA,els2024coup
ESMO Gastrointestinal Oncology,NA,2949-8198,2026-04-01,NA,els2024coup
ESMO Open,NA,2059-7029,2026-04-01,NA,els2024coup
ESMO Rare Cancers,NA,3050-4619,2026-04-01,NA,els2024coup
ESMO Real World Data and Digital Oncology,NA,2949-8201,2026-04-01,NA,els2024coup
"Estuarine, Coastal and Shelf Science",NA,0272-7714,2026-04-01,NA,els2024coup
"Ethics, Medicine & Public Health",NA,2352-5525,2026-04-01,NA,els2024coup
eTransportation,NA,2590-1168,2026-04-01,NA,els2024coup
EULAR Rheumatology Open,NA,3050-7081,2026-04-01,NA,els2024coup
EURO Journal on Computational Optimization,NA,2192-4406,2026-04-01,NA,els2024coup
EURO Journal on Decision Processes,NA,2193-9438,2026-04-01,NA,els2024coup
EURO Journal on Transportation and Logistics,NA,2192-4376,2026-04-01,NA,els2024coup
"European Annals of Otorhinolaryngology, Head and Neck Diseases",NA,1879-7296,2026-04-01,NA,els2024coup
European Economic Review,NA,0014-2921,2026-04-01,NA,els2024coup
European Journal of Agronomy,NA,1161-0301,2026-04-01,NA,els2024coup
European Journal of Cancer,NA,0959-8049,2026-04-01,NA,els2024coup
European Journal of Cell Biology,NA,0171-9335,2026-04-01,NA,els2024coup
European Journal of Combinatorics,NA,0195-6698,2026-04-01,NA,els2024coup
European Journal of Control,NA,0947-3580,2026-04-01,NA,els2024coup
European Journal of Integrative Medicine,NA,1876-3820,2026-04-01,NA,els2024coup
European Journal of Internal Medicine,NA,0953-6205,2026-04-01,NA,els2024coup
European Journal of Mechanics - A/Solids,NA,0997-7538,2026-04-01,NA,els2024coup
European Journal of Mechanics - B/Fluids,NA,0997-7546,2026-04-01,NA,els2024coup
European Journal of Medical Genetics,NA,1769-7212,2026-04-01,NA,els2024coup
European Journal of Medicinal Chemistry,NA,0223-5234,2026-04-01,NA,els2024coup
European Journal of Medicinal Chemistry Reports,NA,2772-4174,2026-04-01,NA,els2024coup
European Journal of Obstetrics & Gynecology and Reproductive Biology,NA,0301-2115,2026-04-01,NA,els2024coup
European Journal of Obstetrics & Gynecology and Reproductive Biology: X,NA,2590-1613,2026-04-01,NA,els2024coup
European Journal of Oncology Nursing,NA,1462-3889,2026-04-01,NA,els2024coup
European Journal of Operational Research,NA,0377-2217,2026-04-01,NA,els2024coup
European Journal of Paediatric Neurology,NA,1090-3798,2026-04-01,NA,els2024coup
European Journal of Pharmaceutical Sciences,NA,0928-0987,2026-04-01,NA,els2024coup
European Journal of Pharmaceutics and Biopharmaceutics,NA,0939-6411,2026-04-01,NA,els2024coup
European Journal of Pharmacology,NA,0014-2999,2026-04-01,NA,els2024coup
European Journal of Political Economy,NA,0176-2680,2026-04-01,NA,els2024coup
European Journal of Protistology,NA,0932-4739,2026-04-01,NA,els2024coup
European Journal of Radiology,NA,0720-048X,2026-04-01,NA,els2024coup
European Journal of Radiology Artificial Intelligence,NA,3050-5771,2026-04-01,NA,els2024coup
European Journal of Radiology Open,NA,2352-0477,2026-04-01,NA,els2024coup
European Journal of Soil Biology,NA,1164-5563,2026-04-01,NA,els2024coup
European Journal of Surgical Oncology,NA,0748-7983,2026-04-01,NA,els2024coup
European Journal of Trauma & Dissociation,NA,2468-7499,2026-04-01,NA,els2024coup
European Journal of Vascular and Endovascular Surgery,NA,1078-5884,2026-04-01,NA,els2024coup
European Management Journal,NA,0263-2373,2026-04-01,NA,els2024coup
European Neuropsychopharmacology,NA,0924-977X,2026-04-01,NA,els2024coup
European Polymer Journal,NA,0014-3057,2026-04-01,NA,els2024coup
European Poultry Science,NA,0003-9098,2026-04-01,NA,els2024coup
European Research on Management and Business Economics,NA,2444-8834,2026-04-01,NA,els2024coup
European Review of Applied Psychology,NA,1162-9088,2026-04-01,NA,els2024coup
European Transport Studies,NA,2950-2985,2026-04-01,NA,els2024coup
European Urology,NA,0302-2838,2026-04-01,NA,els2024coup
European Urology Focus,NA,2405-4569,2026-04-01,NA,els2024coup
European Urology Oncology,NA,2588-9311,2026-04-01,NA,els2024coup
European Urology Open Science,NA,2666-1683,2026-04-01,NA,els2024coup
Evaluation and Program Planning,NA,0149-7189,2026-04-01,NA,els2024coup
Evolution and Human Behavior,NA,1090-5138,2026-04-01,NA,els2024coup
Evolving Earth,NA,2950-1172,2026-04-01,NA,els2024coup
Examples and Counterexamples,NA,2666-657X,2026-04-01,NA,els2024coup
Experimental and Molecular Pathology,NA,0014-4800,2026-04-01,NA,els2024coup
Experimental Cell Research,NA,0014-4827,2026-04-01,NA,els2024coup
Experimental Eye Research,NA,0014-4835,2026-04-01,NA,els2024coup
Experimental Gerontology,NA,0531-5565,2026-04-01,NA,els2024coup
Experimental Hematology,NA,0301-472X,2026-04-01,NA,els2024coup
Experimental Neurology,NA,0014-4886,2026-04-01,NA,els2024coup
Experimental Parasitology,NA,0014-4894,2026-04-01,NA,els2024coup
Experimental Thermal and Fluid Science,NA,0894-1777,2026-04-01,NA,els2024coup
Expert Systems with Applications,NA,0957-4174,2026-04-01,NA,els2024coup
Explorations in Economic History,NA,0014-4983,2026-04-01,NA,els2024coup
Exploratory Research in Clinical and Social Pharmacy,NA,2667-2766,2026-04-01,NA,els2024coup
EXPLORE,NA,1550-8307,2026-04-01,NA,els2024coup
Expositiones Mathematicae,NA,0723-0869,2026-04-01,NA,els2024coup
Extracellular Vesicle,NA,2773-0417,2026-04-01,NA,els2024coup
Extreme Mechanics Letters,NA,2352-4316,2026-04-01,NA,els2024coup
F&S Reports,NA,2666-3341,2026-04-01,NA,els2024coup
Farming System,NA,2949-9119,2026-04-01,NA,els2024coup
Fermented Foods,NA,3051-231X,2026-04-01,NA,els2024coup
Field Crops Research,NA,0378-4290,2026-04-01,NA,els2024coup
Finance Research Letters,NA,1544-6123,2026-04-01,NA,els2024coup
Finance Research Open,NA,3050-7006,2026-04-01,NA,els2024coup
Finite Elements in Analysis and Design,NA,0168-874X,2026-04-01,NA,els2024coup
Finite Fields and Their Applications,NA,1071-5797,2026-04-01,NA,els2024coup
Fire Safety Journal,NA,0379-7112,2026-04-01,NA,els2024coup
First Nations Health and Wellbeing - The Lowitja Journal,NA,2949-8406,2026-04-01,NA,els2024coup
Fish & Shellfish Immunology,NA,1050-4648,2026-04-01,NA,els2024coup
Fisheries Research,NA,0165-7836,2026-04-01,NA,els2024coup
Fitoterapia,NA,0367-326X,2026-04-01,NA,els2024coup
FlatChem,NA,2452-2627,2026-04-01,NA,els2024coup
Flora,NA,0367-2530,2026-04-01,NA,els2024coup
Flow Measurement and Instrumentation,NA,0955-5986,2026-04-01,NA,els2024coup
Fluid Phase Equilibria,NA,0378-3812,2026-04-01,NA,els2024coup
Food and Bioproducts Processing,NA,0960-3085,2026-04-01,NA,els2024coup
Food and Chemical Toxicology,NA,0278-6915,2026-04-01,NA,els2024coup
Food and Humanity,NA,2949-8244,2026-04-01,NA,els2024coup
Food and Waterborne Parasitology,NA,2405-6766,2026-04-01,NA,els2024coup
Food Bioscience,NA,2212-4292,2026-04-01,NA,els2024coup
Food Chemistry,NA,0308-8146,2026-04-01,NA,els2024coup
Food Chemistry Advances,NA,2772-753X,2026-04-01,NA,els2024coup
Food Chemistry: Molecular Sciences,NA,2666-5662,2026-04-01,NA,els2024coup
Food Chemistry: X,NA,2590-1575,2026-04-01,NA,els2024coup
Food Control,NA,0956-7135,2026-04-01,NA,els2024coup
Food Hydrocolloids,NA,0268-005X,2026-04-01,NA,els2024coup
Food Hydrocolloids for Health,NA,2667-0259,2026-04-01,NA,els2024coup
Food Microbiology,NA,0740-0020,2026-04-01,NA,els2024coup
Food Packaging and Shelf Life,NA,2214-2894,2026-04-01,NA,els2024coup
Food Policy,NA,0306-9192,2026-04-01,NA,els2024coup
Food Quality and Preference,NA,0950-3293,2026-04-01,NA,els2024coup
Food Research International,NA,0963-9969,2026-04-01,NA,els2024coup
Food Structure,NA,2213-3291,2026-04-01,NA,els2024coup
Food Webs,NA,2352-2496,2026-04-01,NA,els2024coup
"Foot & Ankle Surgery: Techniques, Reports & Cases",NA,2667-3967,2026-04-01,NA,els2024coup
Foot and Ankle Surgery,NA,1268-7731,2026-04-01,NA,els2024coup
Football Studies,NA,3051-2689,2026-04-01,NA,els2024coup
Forces in Mechanics,NA,2666-3597,2026-04-01,NA,els2024coup
Forensic Chemistry,NA,2468-1709,2026-04-01,NA,els2024coup
Forensic Imaging,NA,2666-2256,2026-04-01,NA,els2024coup
Forensic Science International,NA,0379-0738,2026-04-01,NA,els2024coup
Forensic Science International: Digital Investigation,NA,2666-2817,2026-04-01,NA,els2024coup
Forensic Science International: Genetics,NA,1872-4973,2026-04-01,NA,els2024coup
Forensic Science International: Genetics Supplement Series,NA,1875-1768,2026-04-01,NA,els2024coup
Forensic Science International: Reports,NA,2665-9107,2026-04-01,NA,els2024coup
Forensic Science International: Synergy,NA,2589-871X,2026-04-01,NA,els2024coup
Forest Ecology and Management,NA,0378-1127,2026-04-01,NA,els2024coup
Forest Policy and Economics,NA,1389-9341,2026-04-01,NA,els2024coup
Franklin Open,NA,2773-1863,2026-04-01,NA,els2024coup
Free Radical Biology & Medicine,NA,0891-5849,2026-04-01,NA,els2024coup
Frontiers in Neuroendocrinology,NA,0091-3022,2026-04-01,NA,els2024coup
Fuel,NA,0016-2361,2026-04-01,NA,els2024coup
Fuel Communications,NA,2666-0520,2026-04-01,NA,els2024coup
Fuel Processing Technology,NA,0378-3820,2026-04-01,NA,els2024coup
Fundamental Plasma Physics,NA,2772-8285,2026-04-01,NA,els2024coup
Fungal Biology,NA,1878-6146,2026-04-01,NA,els2024coup
Fungal Biology Reviews,NA,1749-4613,2026-04-01,NA,els2024coup
Fungal Ecology,NA,1754-5048,2026-04-01,NA,els2024coup
Fungal Genetics and Biology,NA,1087-1845,2026-04-01,NA,els2024coup
Fusion Engineering and Design,NA,0920-3796,2026-04-01,NA,els2024coup
Fuß & Sprunggelenk,NA,1619-9987,2026-04-01,NA,els2024coup
Future Batteries,NA,2950-2640,2026-04-01,NA,els2024coup
Future Foods,NA,2666-8335,2026-04-01,NA,els2024coup
Future Generation Computer Systems,NA,0167-739X,2026-04-01,NA,els2024coup
Future Healthcare Journal,NA,2514-6645,2026-04-01,NA,els2024coup
Futures,NA,0016-3287,2026-04-01,NA,els2024coup
Fuzzy Sets and Systems,NA,0165-0114,2026-04-01,NA,els2024coup
Gait & Posture,NA,0966-6362,2026-04-01,NA,els2024coup
Games and Economic Behavior,NA,0899-8256,2026-04-01,NA,els2024coup
Gas Science and Engineering,NA,2949-9089,2026-04-01,NA,els2024coup
Gastro Hep Advances,NA,2772-5723,2026-04-01,NA,els2024coup
Gastroenterología y Hepatología (English Edition),NA,2444-3824,2026-04-01,NA,els2024coup
Gastrointestinal Endoscopy,NA,0016-5107,2026-04-01,NA,els2024coup
Gene,NA,0378-1119,2026-04-01,NA,els2024coup
Gene Expression Patterns,NA,1567-133X,2026-04-01,NA,els2024coup
Gene Reports,NA,2452-0144,2026-04-01,NA,els2024coup
General and Comparative Endocrinology,NA,0016-6480,2026-04-01,NA,els2024coup
General Hospital Psychiatry,NA,0163-8343,2026-04-01,NA,els2024coup
Genetics in Medicine Open,NA,2949-7744,2026-04-01,NA,els2024coup
Genomics,NA,0888-7543,2026-04-01,NA,els2024coup
Geobios,NA,0016-6995,2026-04-01,NA,els2024coup
Geochemistry,NA,0009-2819,2026-04-01,NA,els2024coup
Geochimica et Cosmochimica Acta,NA,0016-7037,2026-04-01,NA,els2024coup
Geodata and AI,NA,3050-483X,2026-04-01,NA,els2024coup
Geoderma,NA,0016-7061,2026-04-01,NA,els2024coup
Geoderma Regional,NA,2352-0094,2026-04-01,NA,els2024coup
Geoenergy Science and Engineering,NA,2949-8910,2026-04-01,NA,els2024coup
Geoforum,NA,0016-7185,2026-04-01,NA,els2024coup
Geography and Sustainability,NA,2666-6839,2026-04-01,NA,els2024coup
Geomatica,NA,1195-1036,2026-04-01,NA,els2024coup
Geomechanics for Energy and the Environment,NA,2352-3808,2026-04-01,NA,els2024coup
Geomorphology,NA,0169-555X,2026-04-01,NA,els2024coup
Geopsychiatry,NA,3050-7138,2026-04-01,NA,els2024coup
Geotextiles and Geomembranes,NA,0266-1144,2026-04-01,NA,els2024coup
Geothermics,NA,0375-6505,2026-04-01,NA,els2024coup
Geriatric Nursing,NA,0197-4572,2026-04-01,NA,els2024coup
Geriatric Nursing: Asia,NA,3051-3146,2026-04-01,NA,els2024coup
Giant,NA,2666-5425,2026-04-01,NA,els2024coup
Glial Health Research,NA,2950-4074,2026-04-01,NA,els2024coup
Global and Earth Surface Processes Change,NA,2950-4740,2026-04-01,NA,els2024coup
Global and Planetary Change,NA,0921-8181,2026-04-01,NA,els2024coup
Global Challenges & Regional Science,NA,3050-502X,2026-04-01,NA,els2024coup
Global Ecology and Conservation,NA,2351-9894,2026-04-01,NA,els2024coup
Global Economics Research,NA,3050-8037,2026-04-01,NA,els2024coup
Global Environmental Change,NA,0959-3780,2026-04-01,NA,els2024coup
Global Environmental Change Advances,NA,2950-1385,2026-04-01,NA,els2024coup
Global Epidemiology,NA,2590-1133,2026-04-01,NA,els2024coup
Global Finance Journal,NA,1044-0283,2026-04-01,NA,els2024coup
Global Food Security,NA,2211-9124,2026-04-01,NA,els2024coup
Global Neurological Insights,NA,3051-2484,2026-04-01,NA,els2024coup
Global Pediatrics,NA,2667-0097,2026-04-01,NA,els2024coup
Gondwana Research,NA,1342-937X,2026-04-01,NA,els2024coup
Government Information Quarterly,NA,0740-624X,2026-04-01,NA,els2024coup
Graphical Models,NA,1524-0703,2026-04-01,NA,els2024coup
Green Analytical Chemistry,NA,2772-5774,2026-04-01,NA,els2024coup
Groundwater for Sustainable Development,NA,2352-801X,2026-04-01,NA,els2024coup
Growth Hormone & IGF Research,NA,1096-6374,2026-04-01,NA,els2024coup
Gut Microbiology,NA,3051-1720,2026-04-01,NA,els2024coup
Gut Microbiome and Health,NA,3117-3594,2026-04-01,NA,els2024coup
Gynecologic Oncology,NA,0090-8258,2026-04-01,NA,els2024coup
Gynecologic Oncology Reports,NA,2352-5789,2026-04-01,NA,els2024coup
Gynécologie Obstétrique Fertilité & Sénologie,NA,2468-7189,2026-04-01,NA,els2024coup
Habitat International,NA,0197-3975,2026-04-01,NA,els2024coup
Hand Surgery & Rehabilitation,NA,2468-1229,2026-04-01,NA,els2024coup
HardwareX,NA,2468-0672,2026-04-01,NA,els2024coup
Harmful Algae,NA,1568-9883,2026-04-01,NA,els2024coup
Health & Place,NA,1353-8292,2026-04-01,NA,els2024coup
Health Care Transitions,NA,2949-9232,2026-04-01,NA,els2024coup
Health Policy,NA,0168-8510,2026-04-01,NA,els2024coup
Health Policy and Technology,NA,2211-8837,2026-04-01,NA,els2024coup
Health Policy in Asia,NA,3117-4620,2026-04-01,NA,els2024coup
Health Policy OPEN,NA,2590-2296,2026-04-01,NA,els2024coup
Health Sciences Review,NA,2772-6320,2026-04-01,NA,els2024coup
Healthcare Analytics,NA,2772-4425,2026-04-01,NA,els2024coup
Healthcare: The Journal of Delivery Science and Innovation,NA,2213-0764,2026-04-01,NA,els2024coup
Hearing Research,NA,0378-5955,2026-04-01,NA,els2024coup
Heart & Lung,NA,0147-9563,2026-04-01,NA,els2024coup
Heart Rhythm O2,NA,2666-5018,2026-04-01,NA,els2024coup
"Heart, Lung and Circulation",NA,1443-9506,2026-04-01,NA,els2024coup
HeartRhythm Case Reports,NA,2214-0271,2026-04-01,NA,els2024coup
Heavy Rail,NA,3117-3128,2026-04-01,NA,els2024coup
Heliyon,NA,2405-8440,2026-04-01,NA,els2024coup
High Energy Density Physics,NA,1574-1818,2026-04-01,NA,els2024coup
Historia Mathematica,NA,0315-0860,2026-04-01,NA,els2024coup
Hormones and Behavior,NA,0018-506X,2026-04-01,NA,els2024coup
Human Factors in Healthcare,NA,2772-5014,2026-04-01,NA,els2024coup
Human Gene,NA,2773-0441,2026-04-01,NA,els2024coup
Human Immunology,NA,0198-8859,2026-04-01,NA,els2024coup
Human Movement Science,NA,0167-9457,2026-04-01,NA,els2024coup
Human Nutrition & Metabolism,NA,2666-1497,2026-04-01,NA,els2024coup
Human Pathology,NA,0046-8177,2026-04-01,NA,els2024coup
Human Pathology Reports,NA,2772-736X,2026-04-01,NA,els2024coup
Human Resource Management Review,NA,1053-4822,2026-04-01,NA,els2024coup
Hybrid Advances,NA,2773-207X,2026-04-01,NA,els2024coup
Hydrometallurgy,NA,0304-386X,2026-04-01,NA,els2024coup
Hygiene and Environmental Health Advances,NA,2773-0492,2026-04-01,NA,els2024coup
IBRO Neuroscience Reports,NA,2667-2421,2026-04-01,NA,els2024coup
Icarus,NA,0019-1035,2026-04-01,NA,els2024coup
ICT Express,NA,2405-9595,2026-04-01,NA,els2024coup
IDCases,NA,2214-2509,2026-04-01,NA,els2024coup
IFAC Journal of Systems and Control,NA,2468-6018,2026-04-01,NA,els2024coup
iGIE,NA,2949-7086,2026-04-01,NA,els2024coup
IJC Heart & Vasculature,NA,2352-9067,2026-04-01,NA,els2024coup
IJID One Health,NA,2949-9151,2026-04-01,NA,els2024coup
IJID Regions,NA,2772-7076,2026-04-01,NA,els2024coup
iLIVER,NA,2772-9478,2026-04-01,NA,els2024coup
Image and Vision Computing,NA,0262-8856,2026-04-01,NA,els2024coup
Immunobiology,NA,0171-2985,2026-04-01,NA,els2024coup
ImmunoInformatics,NA,2667-1190,2026-04-01,NA,els2024coup
Immunology Letters,NA,0165-2478,2026-04-01,NA,els2024coup
Immuno-Oncology and Technology,NA,2590-0188,2026-04-01,NA,els2024coup
In Silico Research in Biomedicine,NA,3050-7871,2026-04-01,NA,els2024coup
Indagationes Mathematicae,NA,0019-3577,2026-04-01,NA,els2024coup
Indian Journal of Medical Microbiology,NA,0255-0857,2026-04-01,NA,els2024coup
Indoor Environments,NA,2950-3620,2026-04-01,NA,els2024coup
Industrial Crops and Products,NA,0926-6690,2026-04-01,NA,els2024coup
Industrial Marketing Management,NA,0019-8501,2026-04-01,NA,els2024coup
Infant Behavior and Development,NA,0163-6383,2026-04-01,NA,els2024coup
Infection Prevention in Practice,NA,2590-0889,2026-04-01,NA,els2024coup
"Infection, Disease & Health",NA,2468-0451,2026-04-01,NA,els2024coup
"Infection, Genetics and Evolution",NA,1567-1348,2026-04-01,NA,els2024coup
Infectious Diseases Now,NA,2666-9919,2026-04-01,NA,els2024coup
Infectious Medicine,NA,2772-431X,2026-04-01,NA,els2024coup
Informatics in Medicine Unlocked,NA,2352-9148,2026-04-01,NA,els2024coup
Information & Management,NA,0378-7206,2026-04-01,NA,els2024coup
Information and Computation,NA,0890-5401,2026-04-01,NA,els2024coup
Information and Organization,NA,1471-7727,2026-04-01,NA,els2024coup
Information and Software Technology,NA,0950-5849,2026-04-01,NA,els2024coup
Information Economics and Policy,NA,0167-6245,2026-04-01,NA,els2024coup
Information Fusion,NA,1566-2535,2026-04-01,NA,els2024coup
Information Processing & Management,NA,0306-4573,2026-04-01,NA,els2024coup
Information Processing in Agriculture,NA,2214-3173,2026-04-01,NA,els2024coup
Information Processing Letters,NA,0020-0190,2026-04-01,NA,els2024coup
Information Sciences,NA,0020-0255,2026-04-01,NA,els2024coup
Information Systems,NA,0306-4379,2026-04-01,NA,els2024coup
Infrared Physics & Technology,NA,1350-4495,2026-04-01,NA,els2024coup
Injury,NA,0020-1383,2026-04-01,NA,els2024coup
Innovative Food Science and Emerging Technologies,NA,1466-8564,2026-04-01,NA,els2024coup
Innovative Practice in Breast Health,NA,2950-2128,2026-04-01,NA,els2024coup
Inorganic Chemistry Communications,NA,1387-7003,2026-04-01,NA,els2024coup
Inorganica Chimica Acta,NA,0020-1693,2026-04-01,NA,els2024coup
Insect Biochemistry and Molecular Biology,NA,0965-1748,2026-04-01,NA,els2024coup
Insurance: Mathematics and Economics,NA,0167-6687,2026-04-01,NA,els2024coup
Integration,NA,0167-9260,2026-04-01,NA,els2024coup
Intelligence,NA,0160-2896,2026-04-01,NA,els2024coup
Intelligence-Based Medicine,NA,2666-5212,2026-04-01,NA,els2024coup
Intelligent Medicine,NA,2667-1026,2026-04-01,NA,els2024coup
Intelligent Systems with Applications,NA,2667-3053,2026-04-01,NA,els2024coup
Intensive and Critical Care Nursing,NA,0964-3397,2026-04-01,NA,els2024coup
Interdisciplinary Neurosurgery,NA,2214-7519,2026-04-01,NA,els2024coup
Intermetallics,NA,0966-9795,2026-04-01,NA,els2024coup
International Biodeterioration & Biodegradation,NA,0964-8305,2026-04-01,NA,els2024coup
International Business Review,NA,0969-5931,2026-04-01,NA,els2024coup
International Communications in Heat and Mass Transfer,NA,0735-1933,2026-04-01,NA,els2024coup
International Dairy Journal,NA,0958-6946,2026-04-01,NA,els2024coup
International Dental Journal,NA,0020-6539,2026-04-01,NA,els2024coup
International Economics,NA,2110-7017,2026-04-01,NA,els2024coup
International Emergency Nursing,NA,1755-599X,2026-04-01,NA,els2024coup
International Immunopharmacology,NA,1567-5769,2026-04-01,NA,els2024coup
International Journal for Parasitology,NA,0020-7519,2026-04-01,NA,els2024coup
International Journal for Parasitology: Drugs and Drug Resistance,NA,2211-3207,2026-04-01,NA,els2024coup
International Journal for Parasitology: Parasites and Wildlife,NA,2213-2244,2026-04-01,NA,els2024coup
International Journal of Accounting Information Systems,NA,1467-0895,2026-04-01,NA,els2024coup
International Journal of Adhesion and Adhesives,NA,0143-7496,2026-04-01,NA,els2024coup
International Journal of Africa Nursing Sciences,NA,2214-1391,2026-04-01,NA,els2024coup
International Journal of Antimicrobial Agents,NA,0924-8579,2026-04-01,NA,els2024coup
International Journal of Applied Earth Observation and Geoinformation,NA,1569-8432,2026-04-01,NA,els2024coup
International Journal of Approximate Reasoning,NA,0888-613X,2026-04-01,NA,els2024coup
International Journal of Biological Macromolecules,NA,0141-8130,2026-04-01,NA,els2024coup
International Journal of Cardiology,NA,0167-5273,2026-04-01,NA,els2024coup
International Journal of Cardiology Cardiovascular Risk and Prevention,NA,2772-4875,2026-04-01,NA,els2024coup
International Journal of Cardiology Congenital Heart Disease,NA,2666-6685,2026-04-01,NA,els2024coup
International Journal of Cardiology Innovations,NA,3051-4452,2026-04-01,NA,els2024coup
International Journal of Child-Computer Interaction,NA,2212-8689,2026-04-01,NA,els2024coup
International Journal of Clinical and Health Psychology,NA,1697-2600,2026-04-01,NA,els2024coup
International Journal of Coal Geology,NA,0166-5162,2026-04-01,NA,els2024coup
International Journal of Critical Infrastructure Protection,NA,1874-5482,2026-04-01,NA,els2024coup
International Journal of Disaster Risk Reduction,NA,2212-4209,2026-04-01,NA,els2024coup
International Journal of Drug Policy,NA,0955-3959,2026-04-01,NA,els2024coup
International Journal of Educational Development,NA,0738-0593,2026-04-01,NA,els2024coup
International Journal of Educational Research,NA,0883-0355,2026-04-01,NA,els2024coup
International Journal of Educational Research Open,NA,2666-3740,2026-04-01,NA,els2024coup
International Journal of Electrical Power & Energy Systems,NA,0142-0615,2026-04-01,NA,els2024coup
International Journal of Electrochemical Science,NA,1452-3981,2026-04-01,NA,els2024coup
International Journal of Engineering Science,NA,0020-7225,2026-04-01,NA,els2024coup
International Journal of Fatigue,NA,0142-1123,2026-04-01,NA,els2024coup
International Journal of Food Microbiology,NA,0168-1605,2026-04-01,NA,els2024coup
International Journal of Forecasting,NA,0169-2070,2026-04-01,NA,els2024coup
International Journal of Gastronomy and Food Science,NA,1878-450X,2026-04-01,NA,els2024coup
International Journal of Greenhouse Gas Control,NA,1750-5836,2026-04-01,NA,els2024coup
International Journal of Heat and Fluid Flow,NA,0142-727X,2026-04-01,NA,els2024coup
International Journal of Heat and Mass Transfer,NA,0017-9310,2026-04-01,NA,els2024coup
International Journal of Hospitality Management,NA,0278-4319,2026-04-01,NA,els2024coup
International Journal of Human-Computer Studies,NA,1071-5819,2026-04-01,NA,els2024coup
International Journal of Hydrogen Energy,NA,0360-3199,2026-04-01,NA,els2024coup
International Journal of Hygiene and Environmental Health,NA,1438-4639,2026-04-01,NA,els2024coup
International Journal of Impact Engineering,NA,0734-743X,2026-04-01,NA,els2024coup
International Journal of Industrial Ergonomics,NA,0169-8141,2026-04-01,NA,els2024coup
International Journal of Industrial Organization,NA,0167-7187,2026-04-01,NA,els2024coup
International Journal of Infectious Diseases,NA,1201-9712,2026-04-01,NA,els2024coup
International Journal of Information Management,NA,0268-4012,2026-04-01,NA,els2024coup
International Journal of Information Management Data Insights,NA,2667-0968,2026-04-01,NA,els2024coup
International Journal of Intercultural Relations,NA,0147-1767,2026-04-01,NA,els2024coup
International Journal of Law and Psychiatry,NA,0160-2527,2026-04-01,NA,els2024coup
"International Journal of Law, Crime and Justice",NA,1756-0616,2026-04-01,NA,els2024coup
International Journal of Machine Tools and Manufacture,NA,0890-6955,2026-04-01,NA,els2024coup
International Journal of Mass Spectrometry,NA,1387-3806,2026-04-01,NA,els2024coup
International Journal of Mechanical Sciences,NA,0020-7403,2026-04-01,NA,els2024coup
International Journal of Medical Informatics,NA,1386-5056,2026-04-01,NA,els2024coup
International Journal of Medical Microbiology,NA,1438-4221,2026-04-01,NA,els2024coup
International Journal of Multiphase Flow,NA,0301-9322,2026-04-01,NA,els2024coup
International Journal of Naval Architecture and Ocean Engineering,NA,2092-6782,2026-04-01,NA,els2024coup
International Journal of Non-Linear Mechanics,NA,0020-7462,2026-04-01,NA,els2024coup
International Journal of Nursing Studies,NA,0020-7489,2026-04-01,NA,els2024coup
International Journal of Nursing Studies Advances,NA,2666-142X,2026-04-01,NA,els2024coup
International Journal of Obstetric Anesthesia,NA,0959-289X,2026-04-01,NA,els2024coup
International Journal of Oral and Maxillofacial Surgery,NA,0901-5027,2026-04-01,NA,els2024coup
International Journal of Orthopaedic and Trauma Nursing,NA,1878-1241,2026-04-01,NA,els2024coup
International Journal of Osteopathic Medicine,NA,1746-0689,2026-04-01,NA,els2024coup
International Journal of Paleopathology,NA,1879-9817,2026-04-01,NA,els2024coup
International Journal of Particle Therapy,NA,2331-5180,2026-04-01,NA,els2024coup
International Journal of Pediatric Otorhinolaryngology,NA,0165-5876,2026-04-01,NA,els2024coup
International Journal of Pharmaceutics,NA,0378-5173,2026-04-01,NA,els2024coup
International Journal of Pharmaceutics: X,NA,2590-1567,2026-04-01,NA,els2024coup
International Journal of Plasticity,NA,0749-6419,2026-04-01,NA,els2024coup
International Journal of Pressure Vessels and Piping,NA,0308-0161,2026-04-01,NA,els2024coup
International Journal of Production Economics,NA,0925-5273,2026-04-01,NA,els2024coup
International Journal of Project Management,NA,0263-7863,2026-04-01,NA,els2024coup
International Journal of Psychophysiology,NA,0167-8760,2026-04-01,NA,els2024coup
International Journal of Refractory Metals and Hard Materials,NA,0263-4368,2026-04-01,NA,els2024coup
International Journal of Refrigeration,NA,0140-7007,2026-04-01,NA,els2024coup
International Journal of Research in Marketing,NA,0167-8116,2026-04-01,NA,els2024coup
International Journal of Rock Mechanics and Mining Sciences,NA,1365-1609,2026-04-01,NA,els2024coup
International Journal of Solids and Structures,NA,0020-7683,2026-04-01,NA,els2024coup
International Journal of Thermal Sciences,NA,1290-0729,2026-04-01,NA,els2024coup
International Journal of Thermofluids,NA,2666-2027,2026-04-01,NA,els2024coup
International Orthodontics,NA,1761-7227,2026-04-01,NA,els2024coup
International Psychogeriatrics,NA,1041-6102,2026-04-01,NA,els2024coup
International Review of Economics & Finance,NA,1059-0560,2026-04-01,NA,els2024coup
International Review of Economics Education,NA,1477-3880,2026-04-01,NA,els2024coup
International Review of Financial Analysis,NA,1057-5219,2026-04-01,NA,els2024coup
International Review of Law and Economics,NA,0144-8188,2026-04-01,NA,els2024coup
Internet Interventions,NA,2214-7829,2026-04-01,NA,els2024coup
Internet of Things,NA,2542-6605,2026-04-01,NA,els2024coup
Intestinal Failure,NA,2950-4562,2026-04-01,NA,els2024coup
Invention Disclosure,NA,2772-4441,2026-04-01,NA,els2024coup
iPharma,NA,3117-4701,2026-04-01,NA,els2024coup
IRBM,NA,1959-0318,2026-04-01,NA,els2024coup
ISA Transactions,NA,0019-0578,2026-04-01,NA,els2024coup
ISPRS Journal of Photogrammetry and Remote Sensing,NA,0924-2716,2026-04-01,NA,els2024coup
ISPRS Open Journal of Photogrammetry and Remote Sensing,NA,2667-3932,2026-04-01,NA,els2024coup
Italian Journal of Agronomy,NA,1125-4718,2026-04-01,NA,els2024coup
JAACAP Open,NA,2949-7329,2026-04-01,NA,els2024coup
JAAD Case Reports,NA,2352-5126,2026-04-01,NA,els2024coup
JAAD International,NA,2666-3287,2026-04-01,NA,els2024coup
JAAD Reviews,NA,2950-1989,2026-04-01,NA,els2024coup
JACC: Advances,NA,2772-963X,2026-04-01,NA,els2024coup
JACC: Asia,NA,2772-3747,2026-04-01,NA,els2024coup
JACEP Open,NA,2688-1152,2026-04-01,NA,els2024coup
JADA Foundational Science,NA,2772-414X,2026-04-01,NA,els2024coup
JAND Global Reports,NA,3050-7189,2026-04-01,NA,els2024coup
Japan and the World Economy,NA,0922-1425,2026-04-01,NA,els2024coup
JAPhA Pharmacotherapy,NA,2949-9623,2026-04-01,NA,els2024coup
JAPhA Practice Innovations,NA,2949-9690,2026-04-01,NA,els2024coup
JCA Advances,NA,2950-5534,2026-04-01,NA,els2024coup
JCIS Open,NA,2666-934X,2026-04-01,NA,els2024coup
JEM International,NA,3051-3227,2026-04-01,NA,els2024coup
JEM Reports,NA,2773-2320,2026-04-01,NA,els2024coup
JFO Open Ophthalmology,NA,2949-8899,2026-04-01,NA,els2024coup
JHEP Reports,NA,2589-5559,2026-04-01,NA,els2024coup
JHLT Open,NA,2950-1334,2026-04-01,NA,els2024coup
JID Innovations,NA,2667-0267,2026-04-01,NA,els2024coup
Joint Bone Spine,NA,1297-319X,2026-04-01,NA,els2024coup
Jornal de Pediatria,NA,0021-7557,2026-04-01,NA,els2024coup
JOS Case Reports,NA,2772-9648,2026-04-01,NA,els2024coup
Journal de Mathématiques Pures et Appliquées,NA,0021-7824,2026-04-01,NA,els2024coup
Journal de Pédiatrie et de Puériculture,NA,0987-7983,2026-04-01,NA,els2024coup
Journal for Nature Conservation,NA,1617-1381,2026-04-01,NA,els2024coup
Journal of AAPOS,NA,1091-8531,2026-04-01,NA,els2024coup
Journal of Accounting and Economics,NA,0165-4101,2026-04-01,NA,els2024coup
Journal of Accounting and Public Policy,NA,0278-4254,2026-04-01,NA,els2024coup
Journal of Accounting Education,NA,0748-5751,2026-04-01,NA,els2024coup
Journal of Adolescent Health,NA,1054-139X,2026-04-01,NA,els2024coup
Journal of Advanced Joining Processes,NA,2666-3309,2026-04-01,NA,els2024coup
Journal of Advanced Research,NA,2090-1232,2026-04-01,NA,els2024coup
Journal of Aerosol Science,NA,0021-8502,2026-04-01,NA,els2024coup
Journal of Affective Disorders,NA,0165-0327,2026-04-01,NA,els2024coup
Journal of Affective Disorders Reports,NA,2666-9153,2026-04-01,NA,els2024coup
Journal of African Earth Sciences,NA,1464-343X,2026-04-01,NA,els2024coup
Journal of Aging Studies,NA,0890-4065,2026-04-01,NA,els2024coup
Journal of Agriculture and Food Research,NA,2666-1543,2026-04-01,NA,els2024coup
Journal of Air Transport Management,NA,0969-6997,2026-04-01,NA,els2024coup
Journal of Algebra,NA,0021-8693,2026-04-01,NA,els2024coup
Journal of Allergy and Clinical Immunology,NA,0091-6749,2026-04-01,NA,els2024coup
Journal of Allergy and Clinical Immunology: Global,NA,2772-8293,2026-04-01,NA,els2024coup
Journal of Allergy and Hypersensitivity Diseases,NA,2950-3124,2026-04-01,NA,els2024coup
Journal of Alloys and Compounds,NA,0925-8388,2026-04-01,NA,els2024coup
Journal of Alloys and Compounds Communications,NA,2950-2845,2026-04-01,NA,els2024coup
Journal of Alloys and Metallurgical Systems,NA,2949-9178,2026-04-01,NA,els2024coup
Journal of Analytical and Applied Pyrolysis,NA,0165-2370,2026-04-01,NA,els2024coup
Journal of Anthropological Archaeology,NA,0278-4165,2026-04-01,NA,els2024coup
Journal of Anxiety Disorders,NA,0887-6185,2026-04-01,NA,els2024coup
Journal of Applied Developmental Psychology,NA,0193-3973,2026-04-01,NA,els2024coup
Journal of Applied Geophysics,NA,0926-9851,2026-04-01,NA,els2024coup
Journal of Applied Poultry Research,NA,1056-6171,2026-04-01,NA,els2024coup
Journal of Applied Research on Medicinal and Aromatic Plants,NA,2214-7861,2026-04-01,NA,els2024coup
Journal of Approximation Theory,NA,0021-9045,2026-04-01,NA,els2024coup
Journal of Aquatic Plants,NA,3051-2301,2026-04-01,NA,els2024coup
Journal of Archaeological Science,NA,0305-4403,2026-04-01,NA,els2024coup
Journal of Archaeological Science: Reports,NA,2352-409X,2026-04-01,NA,els2024coup
Journal of Arid Environments,NA,0140-1963,2026-04-01,NA,els2024coup
Journal of Arthroplasty,NA,0883-5403,2026-04-01,NA,els2024coup
Journal of Asian Earth Sciences,NA,1367-9120,2026-04-01,NA,els2024coup
Journal of Asian Earth Sciences: X,NA,2590-0560,2026-04-01,NA,els2024coup
Journal of Asian Economics,NA,1049-0078,2026-04-01,NA,els2024coup
Journal of Asia-Pacific Entomology,NA,1226-8615,2026-04-01,NA,els2024coup
Journal of Atmospheric and Solar-Terrestrial Physics,NA,1364-6826,2026-04-01,NA,els2024coup
Journal of Autoimmunity,NA,0896-8411,2026-04-01,NA,els2024coup
Journal of Ayurveda and Integrative Medicine,NA,0975-9476,2026-04-01,NA,els2024coup
Journal of Banking & Finance,NA,0378-4266,2026-04-01,NA,els2024coup
Journal of Behavior Therapy and Experimental Psychiatry,NA,0005-7916,2026-04-01,NA,els2024coup
Journal of Behavioral and Experimental Economics,NA,2214-8043,2026-04-01,NA,els2024coup
Journal of Behavioral and Experimental Finance,NA,2214-6350,2026-04-01,NA,els2024coup
Journal of Biomechanics,NA,0021-9290,2026-04-01,NA,els2024coup
Journal of Biomechanics Open,NA,3051-1313,2026-04-01,NA,els2024coup
Journal of Biomedical Informatics,NA,1532-0464,2026-04-01,NA,els2024coup
Journal of Biotechnology,NA,0168-1656,2026-04-01,NA,els2024coup
Journal of Bodywork and Movement Therapies,NA,1360-8592,2026-04-01,NA,els2024coup
Journal of Bone Oncology,NA,2212-1374,2026-04-01,NA,els2024coup
Journal of Building Engineering,NA,2352-7102,2026-04-01,NA,els2024coup
Journal of Business Research,NA,0148-2963,2026-04-01,NA,els2024coup
Journal of Business Venturing,NA,0883-9026,2026-04-01,NA,els2024coup
Journal of Business Venturing Design,NA,2667-2774,2026-04-01,NA,els2024coup
Journal of Business Venturing Insights,NA,2352-6734,2026-04-01,NA,els2024coup
Journal of Cancer Policy,NA,2213-5383,2026-04-01,NA,els2024coup
Journal of Cardiac Failure,NA,1071-9164,2026-04-01,NA,els2024coup
Journal of Cardiac Failure - Intersections,NA,3050-6611,2026-04-01,NA,els2024coup
Journal of Cardiology,NA,0914-5087,2026-04-01,NA,els2024coup
Journal of Cardiology Cases,NA,1878-5409,2026-04-01,NA,els2024coup
Journal of Cardiothoracic and Vascular Anesthesia,NA,1053-0770,2026-04-01,NA,els2024coup
Journal of Cardiovascular Computed Tomography,NA,1934-5925,2026-04-01,NA,els2024coup
Journal of Cardiovascular Magnetic Resonance,NA,1097-6647,2026-04-01,NA,els2024coup
Journal of Cartilage & Joint Preservation,NA,2667-2545,2026-04-01,NA,els2024coup
Journal of Catalysis,NA,0021-9517,2026-04-01,NA,els2024coup
Journal of Cereal Science,NA,0733-5210,2026-04-01,NA,els2024coup
Journal of Choice Modelling,NA,1755-5345,2026-04-01,NA,els2024coup
Journal of Chromatography A,NA,0021-9673,2026-04-01,NA,els2024coup
Journal of Chromatography B,NA,1570-0232,2026-04-01,NA,els2024coup
Journal of Chromatography Open,NA,2772-3917,2026-04-01,NA,els2024coup
Journal of Cleaner Production,NA,0959-6526,2026-04-01,NA,els2024coup
Journal of Climate Finance,NA,2949-7280,2026-04-01,NA,els2024coup
Journal of Clinical and Experimental Hepatology,NA,0973-6883,2026-04-01,NA,els2024coup
Journal of Clinical and Translational Endocrinology,NA,2214-6237,2026-04-01,NA,els2024coup
Journal of Clinical and Translational Endocrinology: Case Reports,NA,2214-6245,2026-04-01,NA,els2024coup
Journal of Clinical Anesthesia,NA,0952-8180,2026-04-01,NA,els2024coup
Journal of Clinical Epidemiology,NA,0895-4356,2026-04-01,NA,els2024coup
Journal of Clinical Lipidology,NA,1933-2874,2026-04-01,NA,els2024coup
Journal of Clinical Neuroscience,NA,0967-5868,2026-04-01,NA,els2024coup
Journal of Clinical Orthopaedics and Trauma,NA,0976-5662,2026-04-01,NA,els2024coup
Journal of Clinical Tuberculosis and Other Mycobacterial Diseases,NA,2405-5794,2026-04-01,NA,els2024coup
Journal of Clinical Virology,NA,1386-6532,2026-04-01,NA,els2024coup
Journal of Clinical Virology Plus,NA,2667-0380,2026-04-01,NA,els2024coup
Journal of CO2 Utilization,NA,2212-9820,2026-04-01,NA,els2024coup
Journal of Colloid and Interface Science,NA,0021-9797,2026-04-01,NA,els2024coup
"Journal of Combinatorial Theory, Series A",NA,0097-3165,2026-04-01,NA,els2024coup
"Journal of Combinatorial Theory, Series B",NA,0095-8956,2026-04-01,NA,els2024coup
Journal of Commodity Markets,NA,2405-8513,2026-04-01,NA,els2024coup
Journal of Communication Disorders,NA,0021-9924,2026-04-01,NA,els2024coup
Journal of Comparative Economics,NA,0147-5967,2026-04-01,NA,els2024coup
Journal of Comparative Pathology,NA,0021-9975,2026-04-01,NA,els2024coup
Journal of Complexity,NA,0885-064X,2026-04-01,NA,els2024coup
Journal of Computational Algebra,NA,2772-8277,2026-04-01,NA,els2024coup
Journal of Computational and Applied Mathematics,NA,0377-0427,2026-04-01,NA,els2024coup
Journal of Computational Mathematics and Data Science,NA,2772-4158,2026-04-01,NA,els2024coup
Journal of Computational Physics,NA,0021-9991,2026-04-01,NA,els2024coup
Journal of Computational Science,NA,1877-7503,2026-04-01,NA,els2024coup
Journal of Computer and System Sciences,NA,0022-0000,2026-04-01,NA,els2024coup
Journal of Computer Languages,NA,2590-1184,2026-04-01,NA,els2024coup
Journal of Constructional Steel Research,NA,0143-974X,2026-04-01,NA,els2024coup
Journal of Contaminant Hydrology,NA,0169-7722,2026-04-01,NA,els2024coup
Journal of Contemporary Accounting & Economics,NA,1815-5669,2026-04-01,NA,els2024coup
Journal of Contextual Behavioral Science,NA,2212-1447,2026-04-01,NA,els2024coup
Journal of Controlled Release,NA,0168-3659,2026-04-01,NA,els2024coup
Journal of Co-operative Organization and Management,NA,2213-297X,2026-04-01,NA,els2024coup
Journal of Corporate Finance,NA,0929-1199,2026-04-01,NA,els2024coup
Journal of Cranio-Maxillofacial Surgery,NA,1010-5182,2026-04-01,NA,els2024coup
Journal of Creativity,NA,2713-3745,2026-04-01,NA,els2024coup
Journal of Criminal Justice,NA,0047-2352,2026-04-01,NA,els2024coup
Journal of Critical Care,NA,0883-9441,2026-04-01,NA,els2024coup
Journal of Crystal Growth,NA,0022-0248,2026-04-01,NA,els2024coup
Journal of Cultural Heritage,NA,1296-2074,2026-04-01,NA,els2024coup
Journal of Cycling and Micromobility Research,NA,2950-1059,2026-04-01,NA,els2024coup
Journal of Cystic Fibrosis,NA,1569-1993,2026-04-01,NA,els2024coup
Journal of Dairy Science,NA,0022-0302,2026-04-01,NA,els2024coup
Journal of Dentistry,NA,0300-5712,2026-04-01,NA,els2024coup
Journal of Dermatological Science,NA,0923-1811,2026-04-01,NA,els2024coup
Journal of Destination Marketing & Management,NA,2212-571X,2026-04-01,NA,els2024coup
Journal of Development Economics,NA,0304-3878,2026-04-01,NA,els2024coup
Journal of Diabetes and its Complications,NA,1056-8727,2026-04-01,NA,els2024coup
Journal of Differential Equations,NA,0022-0396,2026-04-01,NA,els2024coup
Journal of Drug Delivery Science and Technology,NA,1773-2247,2026-04-01,NA,els2024coup
Journal of Econometrics,NA,0304-4076,2026-04-01,NA,els2024coup
Journal of Economic Behavior & Organization,NA,0167-2681,2026-04-01,NA,els2024coup
Journal of Economic Criminology,NA,2949-7914,2026-04-01,NA,els2024coup
Journal of Economic Dynamics and Control,NA,0165-1889,2026-04-01,NA,els2024coup
Journal of Economic Psychology,NA,0167-4870,2026-04-01,NA,els2024coup
Journal of Economic Theory,NA,0022-0531,2026-04-01,NA,els2024coup
Journal of Economics and Business,NA,0148-6195,2026-04-01,NA,els2024coup
Journal of Electroanalytical Chemistry,NA,1572-6657,2026-04-01,NA,els2024coup
Journal of Electrocardiology,NA,0022-0736,2026-04-01,NA,els2024coup
Journal of Electromyography and Kinesiology,NA,1050-6411,2026-04-01,NA,els2024coup
Journal of Electron Spectroscopy and Related Phenomena,NA,0368-2048,2026-04-01,NA,els2024coup
Journal of Electrostatics,NA,0304-3886,2026-04-01,NA,els2024coup
Journal of Emergency Nursing,NA,0099-1767,2026-04-01,NA,els2024coup
Journal of Empirical Finance,NA,0927-5398,2026-04-01,NA,els2024coup
Journal of Energy Chemistry,NA,2095-4956,2026-04-01,NA,els2024coup
Journal of Energy Storage,NA,2352-152X,2026-04-01,NA,els2024coup
Journal of Engineering and Technology Management,NA,0923-4748,2026-04-01,NA,els2024coup
Journal of Engineering Research,NA,2307-1877,2026-04-01,NA,els2024coup
Journal of English for Academic Purposes,NA,1475-1585,2026-04-01,NA,els2024coup
Journal of Environmental Chemical Engineering,NA,2213-3437,2026-04-01,NA,els2024coup
Journal of Environmental Economics and Management,NA,0095-0696,2026-04-01,NA,els2024coup
Journal of Environmental Management,NA,0301-4797,2026-04-01,NA,els2024coup
Journal of Environmental Psychology,NA,0272-4944,2026-04-01,NA,els2024coup
Journal of Environmental Radioactivity,NA,0265-931X,2026-04-01,NA,els2024coup
Journal of Environmental Sciences,NA,1001-0742,2026-04-01,NA,els2024coup
Journal of Epidemiology and Population Health,NA,2950-4333,2026-04-01,NA,els2024coup
Journal of Equine Veterinary Science,NA,0737-0806,2026-04-01,NA,els2024coup
Journal of Ethnopharmacology,NA,0378-8741,2026-04-01,NA,els2024coup
Journal of Evidence-Based Dental Practice,NA,1532-3382,2026-04-01,NA,els2024coup
Journal of Exercise Science & Fitness,NA,1728-869X,2026-04-01,NA,els2024coup
Journal of Exotic Pet Medicine,NA,1557-5063,2026-04-01,NA,els2024coup
Journal of Experimental Child Psychology,NA,0022-0965,2026-04-01,NA,els2024coup
Journal of Experimental Horticulture,NA,3051-1186,2026-04-01,NA,els2024coup
Journal of Experimental Marine Biology and Ecology,NA,0022-0981,2026-04-01,NA,els2024coup
Journal of Experimental Social Psychology,NA,0022-1031,2026-04-01,NA,els2024coup
Journal of Family Business Strategy,NA,1877-8585,2026-04-01,NA,els2024coup
Journal of Financial Economics,NA,0304-405X,2026-04-01,NA,els2024coup
Journal of Financial Intermediation,NA,1042-9573,2026-04-01,NA,els2024coup
Journal of Financial Markets,NA,1386-4181,2026-04-01,NA,els2024coup
Journal of Financial Stability,NA,1572-3089,2026-04-01,NA,els2024coup
Journal of Fluency Disorders,NA,0094-730X,2026-04-01,NA,els2024coup
Journal of Fluids and Structures,NA,0889-9746,2026-04-01,NA,els2024coup
Journal of Fluorine Chemistry,NA,0022-1139,2026-04-01,NA,els2024coup
Journal of Food Composition and Analysis,NA,0889-1575,2026-04-01,NA,els2024coup
Journal of Food Engineering,NA,0260-8774,2026-04-01,NA,els2024coup
Journal of Food Protection,NA,0362-028X,2026-04-01,NA,els2024coup
Journal of Forensic and Legal Medicine,NA,1752-928X,2026-04-01,NA,els2024coup
Journal of Functional Analysis,NA,0022-1236,2026-04-01,NA,els2024coup
Journal of Functional Foods,NA,1756-4646,2026-04-01,NA,els2024coup
Journal of Gastrointestinal Surgery Open,NA,3117-3586,2026-04-01,NA,els2024coup
Journal of Genetic Engineering and Biotechnology,NA,1687-157X,2026-04-01,NA,els2024coup
Journal of Genetics and Genomics,NA,1673-8527,2026-04-01,NA,els2024coup
Journal of Geochemical Exploration,NA,0375-6742,2026-04-01,NA,els2024coup
Journal of Geodynamics,NA,0264-3707,2026-04-01,NA,els2024coup
Journal of Geometry and Physics,NA,0393-0440,2026-04-01,NA,els2024coup
Journal of Geriatric Oncology,NA,1879-4068,2026-04-01,NA,els2024coup
Journal of Global Antimicrobial Resistance,NA,2213-7165,2026-04-01,NA,els2024coup
Journal of Gynecology Obstetrics and Human Reproduction,NA,2468-7847,2026-04-01,NA,els2024coup
Journal of Hand and Microsurgery,NA,0974-3227,2026-04-01,NA,els2024coup
Journal of Hand Surgery Global Online,NA,2589-5141,2026-04-01,NA,els2024coup
Journal of Hand Therapy,NA,0894-1130,2026-04-01,NA,els2024coup
Journal of Hazardous Materials,NA,0304-3894,2026-04-01,NA,els2024coup
Journal of Hazardous Materials Advances,NA,2772-4166,2026-04-01,NA,els2024coup
Journal of Hazardous Materials Letters,NA,2666-9110,2026-04-01,NA,els2024coup
Journal of Hazardous Materials: Organics,NA,3051-0597,2026-04-01,NA,els2024coup
Journal of Hazardous Materials: Plastics,NA,3051-0600,2026-04-01,NA,els2024coup
Journal of Health Economics,NA,0167-6296,2026-04-01,NA,els2024coup
Journal of Hepatology,NA,0168-8278,2026-04-01,NA,els2024coup
Journal of Herbal Medicine,NA,2210-8033,2026-04-01,NA,els2024coup
Journal of High Energy Astrophysics,NA,2214-4048,2026-04-01,NA,els2024coup
Journal of Historical Geography,NA,0305-7488,2026-04-01,NA,els2024coup
Journal of Hospital Infection,NA,0195-6701,2026-04-01,NA,els2024coup
Journal of Hospitality and Tourism Management,NA,1447-6770,2026-04-01,NA,els2024coup
"Journal of Hospitality, Leisure, Sport & Tourism Education",NA,1473-8376,2026-04-01,NA,els2024coup
Journal of Housing Economics,NA,1051-1377,2026-04-01,NA,els2024coup
Journal of Human Evolution,NA,0047-2484,2026-04-01,NA,els2024coup
Journal of Hydrology,NA,0022-1694,2026-04-01,NA,els2024coup
Journal of Hydrology X,NA,2589-9155,2026-04-01,NA,els2024coup
Journal of Hydrology: Regional Studies,NA,2214-5818,2026-04-01,NA,els2024coup
Journal of Immunological Methods,NA,0022-1759,2026-04-01,NA,els2024coup
Journal of Industrial and Engineering Chemistry,NA,1226-086X,2026-04-01,NA,els2024coup
Journal of Industrial Information Integration,NA,2452-414X,2026-04-01,NA,els2024coup
Journal of Infection,NA,0163-4453,2026-04-01,NA,els2024coup
Journal of Infection and Public Health,NA,1876-0341,2026-04-01,NA,els2024coup
Journal of Information Security and Applications,NA,2214-2126,2026-04-01,NA,els2024coup
Journal of Informetrics,NA,1751-1577,2026-04-01,NA,els2024coup
Journal of Innovation & Knowledge,NA,2444-569X,2026-04-01,NA,els2024coup
Journal of Inorganic Biochemistry,NA,0162-0134,2026-04-01,NA,els2024coup
Journal of Insect Physiology,NA,0022-1910,2026-04-01,NA,els2024coup
Journal of Integrative Medicine,NA,2095-4964,2026-04-01,NA,els2024coup
Journal of Intensive Medicine,NA,2667-100X,2026-04-01,NA,els2024coup
"Journal of International Accounting, Auditing and Taxation",NA,1061-9518,2026-04-01,NA,els2024coup
Journal of International Economics,NA,0022-1996,2026-04-01,NA,els2024coup
"Journal of International Financial Markets, Institutions & Money",NA,1042-4431,2026-04-01,NA,els2024coup
Journal of International Management,NA,1075-4253,2026-04-01,NA,els2024coup
Journal of International Money and Finance,NA,0261-5606,2026-04-01,NA,els2024coup
Journal of Interprofessional Education & Practice,NA,2405-4526,2026-04-01,NA,els2024coup
Journal of Invertebrate Pathology,NA,0022-2011,2026-04-01,NA,els2024coup
Journal of Ionic Liquids,NA,2772-4220,2026-04-01,NA,els2024coup
Journal of ISAKOS,NA,2059-7754,2026-04-01,NA,els2024coup
Journal of Liver Transplantation,NA,2666-9676,2026-04-01,NA,els2024coup
Journal of Logical and Algebraic Methods in Programming,NA,2352-2208,2026-04-01,NA,els2024coup
Journal of Loss Prevention in the Process Industries,NA,0950-4230,2026-04-01,NA,els2024coup
Journal of Luminescence,NA,0022-2313,2026-04-01,NA,els2024coup
Journal of Macroeconomics,NA,0164-0704,2026-04-01,NA,els2024coup
Journal of Magnetic Resonance,NA,1090-7807,2026-04-01,NA,els2024coup
Journal of Magnetic Resonance Open,NA,2666-4410,2026-04-01,NA,els2024coup
Journal of Magnetism and Magnetic Materials,NA,0304-8853,2026-04-01,NA,els2024coup
Journal of Manufacturing Processes,NA,1526-6125,2026-04-01,NA,els2024coup
Journal of Manufacturing Systems,NA,0278-6125,2026-04-01,NA,els2024coup
Journal of Marine Systems,NA,0924-7963,2026-04-01,NA,els2024coup
Journal of Materials Processing Technology,NA,0924-0136,2026-04-01,NA,els2024coup
Journal of Materials Research and Technology,NA,2238-7854,2026-04-01,NA,els2024coup
Journal of Materials Science & Technology,NA,1005-0302,2026-04-01,NA,els2024coup
Journal of Materiomics,NA,2352-8478,2026-04-01,NA,els2024coup
Journal of Mathematical Analysis and Applications,NA,0022-247X,2026-04-01,NA,els2024coup
Journal of Mathematical Economics,NA,0304-4068,2026-04-01,NA,els2024coup
Journal of Mathematical Psychology,NA,0022-2496,2026-04-01,NA,els2024coup
Journal of Medical Mycology,NA,1156-5233,2026-04-01,NA,els2024coup
"Journal of Medicine, Surgery, and Public Health",NA,2949-916X,2026-04-01,NA,els2024coup
Journal of Membrane Science,NA,0376-7388,2026-04-01,NA,els2024coup
Journal of Membrane Science Letters,NA,2772-4212,2026-04-01,NA,els2024coup
Journal of Memory and Language,NA,0749-596X,2026-04-01,NA,els2024coup
Journal of Microbiological Methods,NA,0167-7012,2026-04-01,NA,els2024coup
"Journal of Microbiology, Immunology and Infection",NA,1684-1182,2026-04-01,NA,els2024coup
Journal of Migration and Health,NA,2666-6235,2026-04-01,NA,els2024coup
Journal of Molecular and Cellular Cardiology,NA,0022-2828,2026-04-01,NA,els2024coup
Journal of Molecular and Cellular Cardiology Plus,NA,2772-9761,2026-04-01,NA,els2024coup
Journal of Molecular Biology,NA,0022-2836,2026-04-01,NA,els2024coup
Journal of Molecular Graphics and Modelling,NA,1093-3263,2026-04-01,NA,els2024coup
Journal of Molecular Liquids,NA,0167-7322,2026-04-01,NA,els2024coup
Journal of Molecular Spectroscopy,NA,0022-2852,2026-04-01,NA,els2024coup
Journal of Molecular Structure,NA,0022-2860,2026-04-01,NA,els2024coup
Journal of Monetary Economics,NA,0304-3932,2026-04-01,NA,els2024coup
Journal of Mood & Anxiety Disorders,NA,2950-0044,2026-04-01,NA,els2024coup
Journal of Multinational Financial Management,NA,1042-444X,2026-04-01,NA,els2024coup
Journal of Multivariate Analysis,NA,0047-259X,2026-04-01,NA,els2024coup
Journal of Natural Pesticide Research,NA,2773-0786,2026-04-01,NA,els2024coup
Journal of Neonatal Nursing,NA,1355-1841,2026-04-01,NA,els2024coup
Journal of Network and Computer Applications,NA,1084-8045,2026-04-01,NA,els2024coup
Journal of Neuroimmunology,NA,0165-5728,2026-04-01,NA,els2024coup
Journal of Neurolinguistics,NA,0911-6044,2026-04-01,NA,els2024coup
Journal of Neuroradiology,NA,0150-9861,2026-04-01,NA,els2024coup
Journal of Neurorestoratology,NA,2324-2426,2026-04-01,NA,els2024coup
Journal of Neuroscience Methods,NA,0165-0270,2026-04-01,NA,els2024coup
Journal of Non-Crystalline Solids,NA,0022-3093,2026-04-01,NA,els2024coup
Journal of Non-Newtonian Fluid Mechanics,NA,0377-0257,2026-04-01,NA,els2024coup
Journal of Nuclear Materials,NA,0022-3115,2026-04-01,NA,els2024coup
Journal of Number Theory,NA,0022-314X,2026-04-01,NA,els2024coup
Journal of Nursing Regulation,NA,2155-8256,2026-04-01,NA,els2024coup
Journal of Nutrition Education and Behavior,NA,1499-4046,2026-04-01,NA,els2024coup
Journal of Obsessive-Compulsive and Related Disorders,NA,2211-3649,2026-04-01,NA,els2024coup
Journal of Ocean Engineering and Science,NA,2468-0133,2026-04-01,NA,els2024coup
"Journal of Open Innovation: Technology, Market, and Complexity",NA,2199-8531,2026-04-01,NA,els2024coup
Journal of Optometry,NA,1888-4296,2026-04-01,NA,els2024coup
"Journal of Oral and Maxillofacial Surgery, Medicine, and Pathology",NA,2212-5558,2026-04-01,NA,els2024coup
Journal of Oral Biology and Craniofacial Research,NA,2212-4268,2026-04-01,NA,els2024coup
Journal of Oral Biosciences,NA,1349-0079,2026-04-01,NA,els2024coup
Journal of Organometallic Chemistry,NA,0022-328X,2026-04-01,NA,els2024coup
Journal of Orthopaedic Reports,NA,2773-157X,2026-04-01,NA,els2024coup
Journal of Orthopaedic Translation,NA,2214-031X,2026-04-01,NA,els2024coup
Journal of Orthopaedics,NA,0972-978X,2026-04-01,NA,els2024coup
Journal of Outdoor Recreation and Tourism,NA,2213-0780,2026-04-01,NA,els2024coup
Journal of Pain and Symptom Management,NA,0885-3924,2026-04-01,NA,els2024coup
Journal of Parallel and Distributed Computing,NA,0743-7315,2026-04-01,NA,els2024coup
Journal of Pathology Informatics,NA,2153-3539,2026-04-01,NA,els2024coup
Journal of Pediatric and Adolescent Gynecology,NA,1083-3188,2026-04-01,NA,els2024coup
Journal of Pediatric Health Care,NA,0891-5245,2026-04-01,NA,els2024coup
Journal of Pediatric Nursing,NA,0882-5963,2026-04-01,NA,els2024coup
Journal of Pediatric Surgery,NA,0022-3468,2026-04-01,NA,els2024coup
Journal of Pediatric Surgery Case Reports,NA,2213-5766,2026-04-01,NA,els2024coup
Journal of Pediatric Surgery Open,NA,2949-7116,2026-04-01,NA,els2024coup
Journal of Pediatric Urology,NA,1477-5131,2026-04-01,NA,els2024coup
Journal of PeriAnesthesia Nursing,NA,1089-9472,2026-04-01,NA,els2024coup
Journal of Pharmaceutical Analysis,NA,2095-1779,2026-04-01,NA,els2024coup
Journal of Pharmaceutical and Biomedical Analysis,NA,0731-7085,2026-04-01,NA,els2024coup
Journal of Pharmaceutical and Biomedical Analysis Open,NA,2949-771X,2026-04-01,NA,els2024coup
Journal of Pharmacological and Toxicological Methods,NA,1056-8719,2026-04-01,NA,els2024coup
Journal of Pharmacological Sciences,NA,1347-8613,2026-04-01,NA,els2024coup
Journal of Phonetics,NA,0095-4470,2026-04-01,NA,els2024coup
Journal of Photochemistry and Photobiology,NA,2666-4690,2026-04-01,NA,els2024coup
Journal of Photochemistry and Photobiology A: Chemistry,NA,1010-6030,2026-04-01,NA,els2024coup
Journal of Photochemistry and Photobiology B: Biology,NA,1011-1344,2026-04-01,NA,els2024coup
Journal of Photochemistry and Photobiology C: Photochemistry Reviews,NA,1389-5567,2026-04-01,NA,els2024coup
Journal of Physics and Chemistry of Solids,NA,0022-3697,2026-04-01,NA,els2024coup
Journal of Plant Physiology,NA,0176-1617,2026-04-01,NA,els2024coup
"Journal of Plastic, Reconstructive & Aesthetic Surgery",NA,1748-6815,2026-04-01,NA,els2024coup
Journal of Policy Modeling,NA,0161-8938,2026-04-01,NA,els2024coup
Journal of Power Sources,NA,0378-7753,2026-04-01,NA,els2024coup
Journal of Power Sources Advances,NA,2666-2485,2026-04-01,NA,els2024coup
Journal of Pragmatics,NA,0378-2166,2026-04-01,NA,els2024coup
Journal of Process Control,NA,0959-1524,2026-04-01,NA,els2024coup
Journal of Professional Nursing,NA,8755-7223,2026-04-01,NA,els2024coup
Journal of Proteomics,NA,1874-3919,2026-04-01,NA,els2024coup
Journal of Psychiatric Research,NA,0022-3956,2026-04-01,NA,els2024coup
Journal of Psychosomatic Research,NA,0022-3999,2026-04-01,NA,els2024coup
Journal of Public Economics,NA,0047-2727,2026-04-01,NA,els2024coup
Journal of Public Transportation,NA,1077-291X,2026-04-01,NA,els2024coup
Journal of Purchasing and Supply Management,NA,1478-4092,2026-04-01,NA,els2024coup
Journal of Pure and Applied Algebra,NA,0022-4049,2026-04-01,NA,els2024coup
Journal of Pyrogeography,NA,3051-0678,2026-04-01,NA,els2024coup
Journal of Quantitative Spectroscopy & Radiative Transfer,NA,0022-4073,2026-04-01,NA,els2024coup
Journal of Radiation Research and Applied Sciences,NA,1687-8507,2026-04-01,NA,els2024coup
Journal of Radiology Nursing,NA,1546-0843,2026-04-01,NA,els2024coup
Journal of Rail Transport Planning & Management,NA,2210-9706,2026-04-01,NA,els2024coup
Journal of Rare Earths,NA,1002-0721,2026-04-01,NA,els2024coup
Journal of Reproductive Immunology,NA,0165-0378,2026-04-01,NA,els2024coup
Journal of Research in Personality,NA,0092-6566,2026-04-01,NA,els2024coup
Journal of Responsible Technology,NA,2666-6596,2026-04-01,NA,els2024coup
Journal of Retailing,NA,0022-4359,2026-04-01,NA,els2024coup
Journal of Retailing and Consumer Services,NA,0969-6989,2026-04-01,NA,els2024coup
Journal of Rural Studies,NA,0743-0167,2026-04-01,NA,els2024coup
Journal of Safety Research,NA,0022-4375,2026-04-01,NA,els2024coup
Journal of School Psychology,NA,0022-4405,2026-04-01,NA,els2024coup
Journal of Science and Medicine in Sport,NA,1440-2440,2026-04-01,NA,els2024coup
Journal of Science: Advanced Materials and Devices,NA,2468-2179,2026-04-01,NA,els2024coup
Journal of Sea Research,NA,1385-1101,2026-04-01,NA,els2024coup
Journal of Second Language Writing,NA,1060-3743,2026-04-01,NA,els2024coup
Journal of Shoulder and Elbow Arthroplasty,NA,2471-5492,2026-04-01,NA,els2024coup
Journal of Shoulder and Elbow Surgery,NA,1058-2746,2026-04-01,NA,els2024coup
Journal of Solid State Chemistry,NA,0022-4596,2026-04-01,NA,els2024coup
Journal of Sound and Vibration,NA,0022-460X,2026-04-01,NA,els2024coup
Journal of South American Earth Sciences,NA,0895-9811,2026-04-01,NA,els2024coup
Journal of Space Safety Engineering,NA,2468-8967,2026-04-01,NA,els2024coup
"Journal of Sports Medicine, Animal Rehabilitation and Physiotherapy",NA,3117-3918,2026-04-01,NA,els2024coup
Journal of Statistical Planning and Inference,NA,0378-3758,2026-04-01,NA,els2024coup
"Journal of Stomatology, Oral and Maxillofacial Surgery",NA,2468-7855,2026-04-01,NA,els2024coup
Journal of Stored Products Research,NA,0022-474X,2026-04-01,NA,els2024coup
Journal of Strategy & Innovation,NA,3050-7901,2026-04-01,NA,els2024coup
Journal of Stroke & Cerebrovascular Diseases,NA,1052-3057,2026-04-01,NA,els2024coup
Journal of Structural Biology,NA,1047-8477,2026-04-01,NA,els2024coup
Journal of Structural Biology: X,NA,2590-1524,2026-04-01,NA,els2024coup
Journal of Structural Geology,NA,0191-8141,2026-04-01,NA,els2024coup
Journal of Subatomic Particles and Cosmology,NA,3050-4805,2026-04-01,NA,els2024coup
Journal of Substance Use and Addiction Treatment,NA,2949-8759,2026-04-01,NA,els2024coup
Journal of Surgical Education,NA,1931-7204,2026-04-01,NA,els2024coup
Journal of Surgical Research,NA,0022-4804,2026-04-01,NA,els2024coup
Journal of Sustainable Finance and Accounting,NA,2950-3701,2026-04-01,NA,els2024coup
Journal of Symbolic Computation,NA,0747-7171,2026-04-01,NA,els2024coup
Journal of Systems and Software,NA,0164-1212,2026-04-01,NA,els2024coup
Journal of Systems Architecture,NA,1383-7621,2026-04-01,NA,els2024coup
Journal of the Academy of Consultation-Liaison Psychiatry,NA,2667-2960,2026-04-01,NA,els2024coup
Journal of the Academy of Nutrition and Dietetics,NA,2212-2672,2026-04-01,NA,els2024coup
Journal of the Air Transport Research Society,NA,2941-198X,2026-04-01,NA,els2024coup
Journal of the American Academy of Dermatology,NA,0190-9622,2026-04-01,NA,els2024coup
Journal of the American Society of Cytopathology,NA,2213-2945,2026-04-01,NA,els2024coup
Journal of the Energy Institute,NA,1743-9671,2026-04-01,NA,els2024coup
Journal of the European Ceramic Society,NA,0955-2219,2026-04-01,NA,els2024coup
Journal of the European Meteorological Society,NA,2950-6301,2026-04-01,NA,els2024coup
Journal of the Franklin Institute,NA,0016-0032,2026-04-01,NA,els2024coup
Journal of the Indian Chemical Society,NA,0019-4522,2026-04-01,NA,els2024coup
Journal of the Japanese and International Economies,NA,0889-1583,2026-04-01,NA,els2024coup
Journal of the Mechanical Behavior of Biomedical Materials,NA,1751-6161,2026-04-01,NA,els2024coup
Journal of the Mechanics and Physics of Solids,NA,0022-5096,2026-04-01,NA,els2024coup
Journal of the National Cancer Center,NA,2667-0054,2026-04-01,NA,els2024coup
Journal of the Neurological Sciences,NA,0022-510X,2026-04-01,NA,els2024coup
Journal of the Pediatric Orthopaedic Society of North America,NA,2768-2765,2026-04-01,NA,els2024coup
Journal of the Society for Cardiovascular Angiography & Interventions,NA,2772-9303,2026-04-01,NA,els2024coup
Journal of the Taiwan Institute of Chemical Engineers,NA,1876-1070,2026-04-01,NA,els2024coup
Journal of the World Federation of Orthodontists,NA,2212-4438,2026-04-01,NA,els2024coup
Journal of Theoretical Biology,NA,0022-5193,2026-04-01,NA,els2024coup
Journal of Thermal Biology,NA,0306-4565,2026-04-01,NA,els2024coup
Journal of Tissue Viability,NA,0965-206X,2026-04-01,NA,els2024coup
Journal of Trace Elements and Minerals,NA,2773-0506,2026-04-01,NA,els2024coup
Journal of Trace Elements in Medicine and Biology,NA,0946-672X,2026-04-01,NA,els2024coup
Journal of Translational Autoimmunity,NA,2589-9090,2026-04-01,NA,els2024coup
Journal of Transport & Health,NA,2214-1405,2026-04-01,NA,els2024coup
Journal of Transport Geography,NA,0966-6923,2026-04-01,NA,els2024coup
Journal of Urban Economics,NA,0094-1190,2026-04-01,NA,els2024coup
Journal of Urban Management,NA,2226-5856,2026-04-01,NA,els2024coup
Journal of Urban Mobility,NA,2667-0917,2026-04-01,NA,els2024coup
Journal of Vascular Nursing,NA,1062-0303,2026-04-01,NA,els2024coup
"Journal of Vascular Surgery Cases, Innovations and Techniques",NA,2468-4287,2026-04-01,NA,els2024coup
Journal of Vascular Surgery: Venous and Lymphatic Disorders,NA,2213-333X,2026-04-01,NA,els2024coup
Journal of Veterinary Behavior,NA,1558-7878,2026-04-01,NA,els2024coup
Journal of Veterinary Cardiology,NA,1760-2734,2026-04-01,NA,els2024coup
Journal of Virological Methods,NA,0166-0934,2026-04-01,NA,els2024coup
Journal of Virus Eradication,NA,2055-6640,2026-04-01,NA,els2024coup
Journal of Visceral Surgery,NA,1878-7886,2026-04-01,NA,els2024coup
Journal of Visual Communication and Image Representation,NA,1047-3203,2026-04-01,NA,els2024coup
Journal of Vocational Behavior,NA,0001-8791,2026-04-01,NA,els2024coup
Journal of Voice,NA,0892-1997,2026-04-01,NA,els2024coup
Journal of Volcanology and Geothermal Research,NA,0377-0273,2026-04-01,NA,els2024coup
Journal of Water Process Engineering,NA,2214-7144,2026-04-01,NA,els2024coup
Journal of Web Semantics,NA,1570-8268,2026-04-01,NA,els2024coup
Journal of Wind Engineering and Industrial Aerodynamics,NA,0167-6105,2026-04-01,NA,els2024coup
Journal of World Business,NA,1090-9516,2026-04-01,NA,els2024coup
JPRAS Open,NA,2352-5878,2026-04-01,NA,els2024coup
JSAMS Plus,NA,2772-6967,2026-04-01,NA,els2024coup
JSES International,NA,2666-6383,2026-04-01,NA,els2024coup
"JSES Reviews, Reports, and Techniques",NA,2666-6391,2026-04-01,NA,els2024coup
JTCVS Open,NA,2666-2736,2026-04-01,NA,els2024coup
JTCVS Structural and Endovascular,NA,2950-6050,2026-04-01,NA,els2024coup
JTCVS Techniques,NA,2666-2507,2026-04-01,NA,els2024coup
JTO Clinical and Research Reports,NA,2666-3643,2026-04-01,NA,els2024coup
JVS-Vascular Insights,NA,2949-9127,2026-04-01,NA,els2024coup
JVS-Vascular Science,NA,2666-3503,2026-04-01,NA,els2024coup
Kidney International Case Reports,NA,3117-471X,2026-04-01,NA,els2024coup
Kidney International Reports,NA,2468-0249,2026-04-01,NA,els2024coup
Kidney Medicine,NA,2590-0595,2026-04-01,NA,els2024coup
"Kinésithérapie, la Revue",NA,1779-0123,2026-04-01,NA,els2024coup
Knowledge-Based Systems,NA,0950-7051,2026-04-01,NA,els2024coup
KSCE Journal of Civil Engineering,NA,1226-7988,2026-04-01,NA,els2024coup
La Presse Médicale,NA,0755-4982,2026-04-01,NA,els2024coup
La Revue de Médecine Interne,NA,0248-8663,2026-04-01,NA,els2024coup
Labour Economics,NA,0927-5371,2026-04-01,NA,els2024coup
Land Use Policy,NA,0264-8377,2026-04-01,NA,els2024coup
Landscape and Urban Planning,NA,0169-2046,2026-04-01,NA,els2024coup
Language & Communication,NA,0271-5309,2026-04-01,NA,els2024coup
Language Sciences,NA,0388-0001,2026-04-01,NA,els2024coup
L'Anthropologie,NA,0003-5521,2026-04-01,NA,els2024coup
Latin American Transport Studies,NA,2950-0249,2026-04-01,NA,els2024coup
Learning and Individual Differences,NA,1041-6080,2026-04-01,NA,els2024coup
Learning and Instruction,NA,0959-4752,2026-04-01,NA,els2024coup
Learning and Motivation,NA,0023-9690,2026-04-01,NA,els2024coup
Learning in Context,NA,3050-578X,2026-04-01,NA,els2024coup
"Learning, Culture and Social Interaction",NA,2210-6561,2026-04-01,NA,els2024coup
Legal Medicine,NA,1344-6223,2026-04-01,NA,els2024coup
Leukemia Research,NA,0145-2126,2026-04-01,NA,els2024coup
Leukemia Research Reports,NA,2213-0489,2026-04-01,NA,els2024coup
L'Évolution Psychiatrique,NA,0014-3855,2026-04-01,NA,els2024coup
Library & Information Science Research,NA,0740-8188,2026-04-01,NA,els2024coup
Life Sciences,NA,0024-3205,2026-04-01,NA,els2024coup
Life Sciences in Space Research,NA,2214-5524,2026-04-01,NA,els2024coup
Limnologica,NA,0075-9511,2026-04-01,NA,els2024coup
Linear Algebra and its Applications,NA,0024-3795,2026-04-01,NA,els2024coup
Lingua,NA,0024-3841,2026-04-01,NA,els2024coup
Linguistics and Education,NA,0898-5898,2026-04-01,NA,els2024coup
Lithos,NA,0024-4937,2026-04-01,NA,els2024coup
Livestock Science,NA,1871-1413,2026-04-01,NA,els2024coup
Long Range Planning,NA,0024-6301,2026-04-01,NA,els2024coup
Lung Cancer,NA,0169-5002,2026-04-01,NA,els2024coup
LWT,NA,0023-6438,2026-04-01,NA,els2024coup
Machine Learning with Applications,NA,2666-8270,2026-04-01,NA,els2024coup
Magnetic Resonance Imaging,NA,0730-725X,2026-04-01,NA,els2024coup
Management Accounting Research,NA,1044-5005,2026-04-01,NA,els2024coup
Manufacturing Letters,NA,2213-8463,2026-04-01,NA,els2024coup
Marine Chemistry,NA,0304-4203,2026-04-01,NA,els2024coup
Marine Environmental Research,NA,0141-1136,2026-04-01,NA,els2024coup
Marine Genomics,NA,1874-7787,2026-04-01,NA,els2024coup
Marine Geology,NA,0025-3227,2026-04-01,NA,els2024coup
Marine Geoscience and Energy Resources,NA,3117-5775,2026-04-01,NA,els2024coup
Marine Micropaleontology,NA,0377-8398,2026-04-01,NA,els2024coup
Marine Policy,NA,0308-597X,2026-04-01,NA,els2024coup
Marine Pollution Bulletin,NA,0025-326X,2026-04-01,NA,els2024coup
Marine Structures,NA,0951-8339,2026-04-01,NA,els2024coup
Maritime Transport Research,NA,2666-822X,2026-04-01,NA,els2024coup
Marketing Strategy Journal,NA,2950-3086,2026-04-01,NA,els2024coup
Mass Gathering Medicine,NA,3050-4562,2026-04-01,NA,els2024coup
Materialia,NA,2589-1529,2026-04-01,NA,els2024coup
Materials & Design,NA,0264-1275,2026-04-01,NA,els2024coup
Materials Characterization,NA,1044-5803,2026-04-01,NA,els2024coup
Materials Chemistry and Physics,NA,0254-0584,2026-04-01,NA,els2024coup
Materials Chemistry and Physics: Sustainability and Energy,NA,3050-4716,2026-04-01,NA,els2024coup
Materials Letters,NA,0167-577X,2026-04-01,NA,els2024coup
Materials Letters: X,NA,2590-1508,2026-04-01,NA,els2024coup
Materials Research Bulletin,NA,0025-5408,2026-04-01,NA,els2024coup
Materials Science and Engineering: A,NA,0921-5093,2026-04-01,NA,els2024coup
Materials Science and Engineering: B,NA,0921-5107,2026-04-01,NA,els2024coup
Materials Science and Engineering: R: Reports,NA,0927-796X,2026-04-01,NA,els2024coup
Materials Science in Semiconductor Processing,NA,1369-8001,2026-04-01,NA,els2024coup
Materials Today,NA,1369-7021,2026-04-01,NA,els2024coup
Materials Today Advances,NA,2590-0498,2026-04-01,NA,els2024coup
Materials Today Bio,NA,2590-0064,2026-04-01,NA,els2024coup
Materials Today Catalysis,NA,2949-754X,2026-04-01,NA,els2024coup
Materials Today Chemistry,NA,2468-5194,2026-04-01,NA,els2024coup
Materials Today Communications,NA,2352-4928,2026-04-01,NA,els2024coup
Materials Today Electronics,NA,2772-9494,2026-04-01,NA,els2024coup
Materials Today Energy,NA,2468-6069,2026-04-01,NA,els2024coup
Materials Today Nano,NA,2588-8420,2026-04-01,NA,els2024coup
Materials Today Physics,NA,2542-5293,2026-04-01,NA,els2024coup
Materials Today Quantum,NA,2950-2578,2026-04-01,NA,els2024coup
Materials Today Sustainability,NA,2589-2347,2026-04-01,NA,els2024coup
Mathematical Biosciences,NA,0025-5564,2026-04-01,NA,els2024coup
Mathematical Social Sciences,NA,0165-4896,2026-04-01,NA,els2024coup
Mathematics and Computers in Simulation,NA,0378-4754,2026-04-01,NA,els2024coup
Matrix Biology,NA,0945-053X,2026-04-01,NA,els2024coup
Matrix Biology Plus,NA,2590-0285,2026-04-01,NA,els2024coup
Maturitas,NA,0378-5122,2026-04-01,NA,els2024coup
Mayo Clinic Proceedings: Digital Health,NA,2949-7612,2026-04-01,NA,els2024coup
"Mayo Clinic Proceedings: Innovations, Quality & Outcomes",NA,2542-4548,2026-04-01,NA,els2024coup
Measurement,NA,0263-2241,2026-04-01,NA,els2024coup
Measurement and Evaluations in Cancer Care,NA,2949-8775,2026-04-01,NA,els2024coup
Measurement: Digitalization,NA,3050-6441,2026-04-01,NA,els2024coup
Measurement: Energy,NA,2950-3450,2026-04-01,NA,els2024coup
Measurement: Food,NA,2772-2759,2026-04-01,NA,els2024coup
Measurement: Sensors,NA,2665-9174,2026-04-01,NA,els2024coup
Meat Science,NA,0309-1740,2026-04-01,NA,els2024coup
Mechanical Systems and Signal Processing,NA,0888-3270,2026-04-01,NA,els2024coup
Mechanics of Materials,NA,0167-6636,2026-04-01,NA,els2024coup
Mechanics Research Communications,NA,0093-6413,2026-04-01,NA,els2024coup
Mechanism and Machine Theory,NA,0094-114X,2026-04-01,NA,els2024coup
Mechanisms of Ageing and Development,NA,0047-6374,2026-04-01,NA,els2024coup
Mechanobiology in Medicine,NA,2949-9070,2026-04-01,NA,els2024coup
Mechatronics,NA,0957-4158,2026-04-01,NA,els2024coup
Médecine & Droit,NA,1246-7391,2026-04-01,NA,els2024coup
Médecine de Catastrophe - Urgences Collectives,NA,1279-8479,2026-04-01,NA,els2024coup
Médecine Nucléaire,NA,0928-1258,2026-04-01,NA,els2024coup
Medical Hypotheses,NA,0306-9877,2026-04-01,NA,els2024coup
Medical Image Analysis,NA,1361-8415,2026-04-01,NA,els2024coup
Medical Mycology Case Reports,NA,2211-7539,2026-04-01,NA,els2024coup
Medical Reports,NA,2949-9186,2026-04-01,NA,els2024coup
Medicina Clínica (English Edition),NA,2387-0206,2026-04-01,NA,els2024coup
Medicina Clínica Práctica,NA,2603-9249,2026-04-01,NA,els2024coup
Medicina Intensiva (English Edition),NA,2173-5727,2026-04-01,NA,els2024coup
Medicine in Drug Discovery,NA,2590-0986,2026-04-01,NA,els2024coup
Medicine in Microecology,NA,2590-0978,2026-04-01,NA,els2024coup
Medicine in Novel Technology and Devices,NA,2590-0935,2026-04-01,NA,els2024coup
Medicine in Omics,NA,2590-1249,2026-04-01,NA,els2024coup
"Memories - Materials, Devices, Circuits and Systems",NA,2773-0646,2026-04-01,NA,els2024coup
Mental Health & Prevention,NA,2212-6570,2026-04-01,NA,els2024coup
Mental Health and Physical Activity,NA,1755-2966,2026-04-01,NA,els2024coup
Metabolic Engineering,NA,1096-7176,2026-04-01,NA,els2024coup
Metabolic Engineering Communications,NA,2214-0301,2026-04-01,NA,els2024coup
Metabolism,NA,0026-0495,2026-04-01,NA,els2024coup
Metabolism Open,NA,2589-9368,2026-04-01,NA,els2024coup
Methods,NA,1046-2023,2026-04-01,NA,els2024coup
Methods in Psychology,NA,2590-2601,2026-04-01,NA,els2024coup
MethodsX,NA,2215-0161,2026-04-01,NA,els2024coup
Micro and Nano Engineering,NA,2590-0072,2026-04-01,NA,els2024coup
Micro and Nanostructures,NA,2773-0123,2026-04-01,NA,els2024coup
Microbial Pathogenesis,NA,0882-4010,2026-04-01,NA,els2024coup
Microbial Risk Analysis,NA,2352-3522,2026-04-01,NA,els2024coup
Microbiological Research,NA,0944-5013,2026-04-01,NA,els2024coup
Microchemical Journal,NA,0026-265X,2026-04-01,NA,els2024coup
Microelectronic Engineering,NA,0167-9317,2026-04-01,NA,els2024coup
Microelectronics Journal,NA,1879-2391,2026-04-01,NA,els2024coup
Microelectronics Reliability,NA,0026-2714,2026-04-01,NA,els2024coup
Micron,NA,0968-4328,2026-04-01,NA,els2024coup
Microporous and Mesoporous Materials,NA,1387-1811,2026-04-01,NA,els2024coup
Microprocessors and Microsystems,NA,0141-9331,2026-04-01,NA,els2024coup
Microvascular Research,NA,0026-2862,2026-04-01,NA,els2024coup
Midwifery,NA,0266-6138,2026-04-01,NA,els2024coup
Minerals Engineering,NA,0892-6875,2026-04-01,NA,els2024coup
Mitochondrion,NA,1567-7249,2026-04-01,NA,els2024coup
Molecular and Biochemical Parasitology,NA,0166-6851,2026-04-01,NA,els2024coup
Molecular and Cellular Endocrinology,NA,0303-7207,2026-04-01,NA,els2024coup
Molecular and Cellular Neuroscience,NA,1044-7431,2026-04-01,NA,els2024coup
Molecular and Cellular Probes,NA,0890-8508,2026-04-01,NA,els2024coup
Molecular Aspects of Medicine,NA,0098-2997,2026-04-01,NA,els2024coup
Molecular Catalysis,NA,2468-8231,2026-04-01,NA,els2024coup
Molecular Genetics and Metabolism,NA,1096-7192,2026-04-01,NA,els2024coup
Molecular Genetics and Metabolism Reports,NA,2214-4269,2026-04-01,NA,els2024coup
Molecular Immunology,NA,0161-5890,2026-04-01,NA,els2024coup
Molecular Metabolism,NA,2212-8778,2026-04-01,NA,els2024coup
Molecular Phylogenetics and Evolution,NA,1055-7903,2026-04-01,NA,els2024coup
Molecules and Cells,NA,1016-8478,2026-04-01,NA,els2024coup
Morphologie,NA,1286-0115,2026-04-01,NA,els2024coup
Mucosal Immunology,NA,1933-0219,2026-04-01,NA,els2024coup
Multimodal Transportation,NA,2772-5863,2026-04-01,NA,els2024coup
Multiple Sclerosis and Related Disorders,NA,2211-0348,2026-04-01,NA,els2024coup
Musculoskeletal Science and Practice,NA,2468-7812,2026-04-01,NA,els2024coup
Mutation Research: Fundamental and Molecular Mechanisms of Mutagenesis,NA,1386-1964,2026-04-01,NA,els2024coup
Mutation Research: Genetic Toxicology and Environmental Mutagenesis,NA,1383-5718,2026-04-01,NA,els2024coup
Mutation Research: Reviews in Mutation Research,NA,1383-5742,2026-04-01,NA,els2024coup
NAM Journal,NA,3050-6204,2026-04-01,NA,els2024coup
Nano Communication Networks,NA,1878-7789,2026-04-01,NA,els2024coup
Nano Energy,NA,2211-2855,2026-04-01,NA,els2024coup
Nano Today,NA,1748-0132,2026-04-01,NA,els2024coup
Nano Trends,NA,2666-9781,2026-04-01,NA,els2024coup
NanoImpact,NA,2452-0748,2026-04-01,NA,els2024coup
"Nanomedicine: Nanotechnology, Biology and Medicine",NA,1549-9634,2026-04-01,NA,els2024coup
Nano-Structures & Nano-Objects,NA,2352-507X,2026-04-01,NA,els2024coup
Natural Language Processing Journal,NA,2949-7191,2026-04-01,NA,els2024coup
Nature-Based Solutions,NA,2772-4115,2026-04-01,NA,els2024coup
NDT & E International,NA,0963-8695,2026-04-01,NA,els2024coup
Neoplasia,NA,1476-5586,2026-04-01,NA,els2024coup
Neural Networks,NA,0893-6080,2026-04-01,NA,els2024coup
Neurobiology of Aging,NA,0197-4580,2026-04-01,NA,els2024coup
Neurobiology of Disease,NA,0969-9961,2026-04-01,NA,els2024coup
Neurobiology of Learning and Memory,NA,1074-7427,2026-04-01,NA,els2024coup
Neurobiology of Pain,NA,2452-073X,2026-04-01,NA,els2024coup
Neurobiology of Sleep and Circadian Rhythms,NA,2451-9944,2026-04-01,NA,els2024coup
Neurobiology of Stress,NA,2352-2895,2026-04-01,NA,els2024coup
Neurochemistry International,NA,0197-0186,2026-04-01,NA,els2024coup
Neurochirurgie,NA,0028-3770,2026-04-01,NA,els2024coup
Neurocirugía (English Edition),NA,2529-8496,2026-04-01,NA,els2024coup
Neurocomputing,NA,0925-2312,2026-04-01,NA,els2024coup
NeuroImage,NA,1053-8119,2026-04-01,NA,els2024coup
NeuroImage Stroke,NA,3117-5740,2026-04-01,NA,els2024coup
NeuroImage: Clinical,NA,2213-1582,2026-04-01,NA,els2024coup
NeuroImage: Reports,NA,2666-9560,2026-04-01,NA,els2024coup
Neuroimmunology Reports,NA,2667-257X,2026-04-01,NA,els2024coup
Neuromodulation: Technology at the Neural Interface,NA,1094-7159,2026-04-01,NA,els2024coup
Neuromuscular Disorders,NA,0960-8966,2026-04-01,NA,els2024coup
Neuropeptides,NA,0143-4179,2026-04-01,NA,els2024coup
Neuropharmacology,NA,0028-3908,2026-04-01,NA,els2024coup
Neurophysiologie Clinique,NA,0987-7053,2026-04-01,NA,els2024coup
Neuropsychiatrie de l'Enfance et de l'Adolescence,NA,0222-9617,2026-04-01,NA,els2024coup
Neuropsychologia,NA,0028-3932,2026-04-01,NA,els2024coup
Neuroscience,NA,0306-4522,2026-04-01,NA,els2024coup
Neuroscience & Biobehavioral Reviews,NA,0149-7634,2026-04-01,NA,els2024coup
Neuroscience Applied,NA,2772-4085,2026-04-01,NA,els2024coup
Neuroscience Informatics,NA,2772-5286,2026-04-01,NA,els2024coup
Neuroscience Letters,NA,0304-3940,2026-04-01,NA,els2024coup
Neuroscience Research,NA,0168-0102,2026-04-01,NA,els2024coup
Neurotherapeutics,NA,1878-7479,2026-04-01,NA,els2024coup
NeuroToxicology,NA,0161-813X,2026-04-01,NA,els2024coup
Neurotoxicology and Teratology,NA,0892-0362,2026-04-01,NA,els2024coup
New Astronomy,NA,1384-1076,2026-04-01,NA,els2024coup
New Astronomy Reviews,NA,1387-6473,2026-04-01,NA,els2024coup
New Biotechnology,NA,1871-6784,2026-04-01,NA,els2024coup
New Ideas in Psychology,NA,0732-118X,2026-04-01,NA,els2024coup
New Microbes and New Infections,NA,2052-2975,2026-04-01,NA,els2024coup
Next Bioengineering,NA,3050-7235,2026-04-01,NA,els2024coup
Next Chemical Engineering,NA,3050-7243,2026-04-01,NA,els2024coup
Next Energy,NA,2949-821X,2026-04-01,NA,els2024coup
Next Materials,NA,2949-8228,2026-04-01,NA,els2024coup
Next Nanotechnology,NA,2949-8295,2026-04-01,NA,els2024coup
Next Research,NA,3050-4759,2026-04-01,NA,els2024coup
Next Sustainability,NA,2949-8236,2026-04-01,NA,els2024coup
NFS Journal,NA,2352-3646,2026-04-01,NA,els2024coup
Nitric Oxide,NA,1089-8603,2026-04-01,NA,els2024coup
Nonlinear Analysis,NA,0362-546X,2026-04-01,NA,els2024coup
Nonlinear Analysis: Hybrid Systems,NA,1751-570X,2026-04-01,NA,els2024coup
Nonlinear Analysis: Real World Applications,NA,1468-1218,2026-04-01,NA,els2024coup
Nonlinear Science,NA,3050-5178,2026-04-01,NA,els2024coup
North American Spine Society Journal (NASSJ),NA,2666-5484,2026-04-01,NA,els2024coup
Nuclear Data Sheets,NA,0090-3752,2026-04-01,NA,els2024coup
Nuclear Engineering and Design,NA,0029-5493,2026-04-01,NA,els2024coup
"Nuclear Instruments and Methods in Physics Research Section A: Accelerators, Spectrometers, Detectors and Associated Equipment",NA,0168-9002,2026-04-01,NA,els2024coup
Nuclear Instruments and Methods in Physics Research Section B: Beam Interactions with Materials and Atoms,NA,0168-583X,2026-04-01,NA,els2024coup
Nuclear Materials and Energy,NA,2352-1791,2026-04-01,NA,els2024coup
Nuclear Medicine and Biology,NA,0969-8051,2026-04-01,NA,els2024coup
Nuclear Physics A,NA,0375-9474,2026-04-01,NA,els2024coup
Nurse Education in Practice,NA,1471-5953,2026-04-01,NA,els2024coup
Nurse Education Today,NA,0260-6917,2026-04-01,NA,els2024coup
Nurse Leader,NA,1541-4612,2026-04-01,NA,els2024coup
Nursing Outlook,NA,0029-6554,2026-04-01,NA,els2024coup
Nutrition,NA,0899-9007,2026-04-01,NA,els2024coup
Nutrition Clinique et Métabolisme,NA,0985-0562,2026-04-01,NA,els2024coup
Nutrition Research,NA,0271-5317,2026-04-01,NA,els2024coup
"Nutrition, Metabolism & Cardiovascular Diseases",NA,0939-4753,2026-04-01,NA,els2024coup
Nutritional Psychiatry,NA,3051-1569,2026-04-01,NA,els2024coup
Obesity Medicine,NA,2451-8476,2026-04-01,NA,els2024coup
Obesity Pillars,NA,2667-3681,2026-04-01,NA,els2024coup
Obesity Research & Clinical Practice,NA,1871-403X,2026-04-01,NA,els2024coup
Ocean & Coastal Management,NA,0964-5691,2026-04-01,NA,els2024coup
Ocean Engineering,NA,0029-8018,2026-04-01,NA,els2024coup
Ocean Modelling,NA,1463-5003,2026-04-01,NA,els2024coup
Omega,NA,0305-0483,2026-04-01,NA,els2024coup
One Health,NA,2352-7714,2026-04-01,NA,els2024coup
Online Social Networks and Media,NA,2468-6964,2026-04-01,NA,els2024coup
Open Ceramics,NA,2666-5395,2026-04-01,NA,els2024coup
Open Nuclear Energy,NA,3051-2808,2026-04-01,NA,els2024coup
Open Respiratory Archives,NA,2659-6636,2026-04-01,NA,els2024coup
OpenNano,NA,2352-9520,2026-04-01,NA,els2024coup
Operations Research Letters,NA,0167-6377,2026-04-01,NA,els2024coup
Operations Research Perspectives,NA,2214-7160,2026-04-01,NA,els2024coup
"Operations Research, Data Analytics and Logistics",NA,3050-7847,2026-04-01,NA,els2024coup
Operative Techniques in Orthopaedics,NA,1048-6666,2026-04-01,NA,els2024coup
Operative Techniques in Otolaryngology - Head and Neck Surgery,NA,1043-1810,2026-04-01,NA,els2024coup
Operative Techniques in Sports Medicine,NA,1060-1872,2026-04-01,NA,els2024coup
Operative Techniques in Thoracic and Cardiovascular Surgery,NA,1522-2942,2026-04-01,NA,els2024coup
Ophthalmology Science,NA,2666-9145,2026-04-01,NA,els2024coup
Optical Fiber Technology,NA,1068-5200,2026-04-01,NA,els2024coup
Optical Materials,NA,0925-3467,2026-04-01,NA,els2024coup
Optical Materials: X,NA,2590-1478,2026-04-01,NA,els2024coup
Optical Switching and Networking,NA,1573-4277,2026-04-01,NA,els2024coup
Optics & Laser Technology,NA,0030-3992,2026-04-01,NA,els2024coup
Optics and Lasers in Engineering,NA,0143-8166,2026-04-01,NA,els2024coup
Optics Communications,NA,0030-4018,2026-04-01,NA,els2024coup
Optik,NA,0030-4026,2026-04-01,NA,els2024coup
Oral and Maxillofacial Surgery Cases,NA,2214-5419,2026-04-01,NA,els2024coup
Oral Oncology,NA,1368-8375,2026-04-01,NA,els2024coup
Oral Oncology Reports,NA,2772-9060,2026-04-01,NA,els2024coup
"Oral Surgery, Oral Medicine, Oral Pathology and Oral Radiology",NA,2212-4403,2026-04-01,NA,els2024coup
Ore and Energy Resource Geology,NA,2666-2612,2026-04-01,NA,els2024coup
Ore Geology Reviews,NA,0169-1368,2026-04-01,NA,els2024coup
Organic Electronics,NA,1566-1199,2026-04-01,NA,els2024coup
Organic Geochemistry,NA,0146-6380,2026-04-01,NA,els2024coup
Organizational Behavior and Human Decision Processes,NA,0749-5978,2026-04-01,NA,els2024coup
Organizational Dynamics,NA,0090-2616,2026-04-01,NA,els2024coup
Orthopaedics & Traumatology: Surgery & Research,NA,1877-0568,2026-04-01,NA,els2024coup
Osteoarthritis and Cartilage,NA,1063-4584,2026-04-01,NA,els2024coup
Osteoarthritis and Cartilage Open,NA,2665-9131,2026-04-01,NA,els2024coup
Osteoarthritis Imaging,NA,2772-6541,2026-04-01,NA,els2024coup
Osteopathische Medizin,NA,1615-9071,2026-04-01,NA,els2024coup
Otolaryngology Case Reports,NA,2468-5488,2026-04-01,NA,els2024coup
Pacific-Basin Finance Journal,NA,0927-538X,2026-04-01,NA,els2024coup
Paediatric Respiratory Reviews,NA,1526-0542,2026-04-01,NA,els2024coup
Pain Management Nursing,NA,1524-9042,2026-04-01,NA,els2024coup
"Palaeogeography, Palaeoclimatology, Palaeoecology",NA,0031-0182,2026-04-01,NA,els2024coup
Palaeoworld,NA,1871-174X,2026-04-01,NA,els2024coup
Pancreatology,NA,1424-3903,2026-04-01,NA,els2024coup
Papers in Regional Science,NA,1056-8190,2026-04-01,NA,els2024coup
Parallel Computing,NA,0167-8191,2026-04-01,NA,els2024coup
Parasite Epidemiology and Control,NA,2405-6731,2026-04-01,NA,els2024coup
Parasitology International,NA,1383-5769,2026-04-01,NA,els2024coup
Parkinsonism & Related Disorders,NA,1353-8020,2026-04-01,NA,els2024coup
Partial Differential Equations in Applied Mathematics,NA,2666-8181,2026-04-01,NA,els2024coup
Particuology,NA,1674-2001,2026-04-01,NA,els2024coup
Pathology,NA,0031-3025,2026-04-01,NA,els2024coup
Pathology - Research and Practice,NA,0344-0338,2026-04-01,NA,els2024coup
Patient Education and Counseling,NA,0738-3991,2026-04-01,NA,els2024coup
Pattern Recognition,NA,0031-3203,2026-04-01,NA,els2024coup
Pattern Recognition Letters,NA,0167-8655,2026-04-01,NA,els2024coup
Peace and Sustainability,NA,2950-6425,2026-04-01,NA,els2024coup
PEC Global,NA,3117-468X,2026-04-01,NA,els2024coup
PEC Innovation,NA,2772-6282,2026-04-01,NA,els2024coup
Pediatric Dental Journal,NA,0917-2394,2026-04-01,NA,els2024coup
Pediatric Neurology,NA,0887-8994,2026-04-01,NA,els2024coup
Pedobiologia,NA,0031-4056,2026-04-01,NA,els2024coup
Peptides,NA,0196-9781,2026-04-01,NA,els2024coup
Performance Enhancement & Health,NA,2211-2669,2026-04-01,NA,els2024coup
Performance Evaluation,NA,0166-5316,2026-04-01,NA,els2024coup
Periodontology Journal,NA,3117-3683,2026-04-01,NA,els2024coup
Perioperative Care and Operating Room Management,NA,2405-6030,2026-04-01,NA,els2024coup
Personality and Individual Differences,NA,0191-8869,2026-04-01,NA,els2024coup
Personalized Medicine in Psychiatry,NA,2468-1717,2026-04-01,NA,els2024coup
"Perspectives in Plant Ecology, Evolution and Systematics",NA,1433-8319,2026-04-01,NA,els2024coup
Pervasive and Mobile Computing,NA,1574-1192,2026-04-01,NA,els2024coup
Pesticide Biochemistry and Physiology,NA,0048-3575,2026-04-01,NA,els2024coup
Pharmacological Research,NA,1043-6618,2026-04-01,NA,els2024coup
Pharmacological Research - Modern Chinese Medicine,NA,2667-1425,2026-04-01,NA,els2024coup
Pharmacological Research - Natural Products,NA,2950-1997,2026-04-01,NA,els2024coup
Pharmacological Research - Reports,NA,2950-2004,2026-04-01,NA,els2024coup
Pharmacology & Therapeutics,NA,0163-7258,2026-04-01,NA,els2024coup
Pharmacology Biochemistry and Behavior,NA,0091-3057,2026-04-01,NA,els2024coup
PharmaNutrition,NA,2213-4344,2026-04-01,NA,els2024coup
Photoacoustics,NA,2213-5979,2026-04-01,NA,els2024coup
Photodiagnosis and Photodynamic Therapy,NA,1572-1000,2026-04-01,NA,els2024coup
Photonics and Nanostructures - Fundamentals and Applications,NA,1569-4410,2026-04-01,NA,els2024coup
Physica A: Statistical Mechanics and its Applications,NA,0378-4371,2026-04-01,NA,els2024coup
Physica B: Condensed Matter,NA,0921-4526,2026-04-01,NA,els2024coup
Physica C: Superconductivity and its Applications,NA,0921-4534,2026-04-01,NA,els2024coup
Physica D: Nonlinear Phenomena,NA,0167-2789,2026-04-01,NA,els2024coup
Physica E: Low-Dimensional Systems and Nanostructures,NA,1386-9477,2026-04-01,NA,els2024coup
Physica Medica,NA,1120-1797,2026-04-01,NA,els2024coup
Physical Communication,NA,1874-4907,2026-04-01,NA,els2024coup
Physical Therapy in Sport,NA,1466-853X,2026-04-01,NA,els2024coup
"Physics and Chemistry of the Earth, Parts A/B/C",NA,1474-7065,2026-04-01,NA,els2024coup
Physics and Imaging in Radiation Oncology,NA,2405-6316,2026-04-01,NA,els2024coup
Physics Letters A,NA,0375-9601,2026-04-01,NA,els2024coup
Physics of Life Reviews,NA,1571-0645,2026-04-01,NA,els2024coup
Physics of the Dark Universe,NA,2212-6864,2026-04-01,NA,els2024coup
Physics of the Earth and Planetary Interiors,NA,0031-9201,2026-04-01,NA,els2024coup
Physics Open,NA,2666-0326,2026-04-01,NA,els2024coup
Physics Reports,NA,0370-1573,2026-04-01,NA,els2024coup
Physiological and Molecular Plant Pathology,NA,0885-5765,2026-04-01,NA,els2024coup
Physiology & Behavior,NA,0031-9384,2026-04-01,NA,els2024coup
Physiotherapy,NA,0031-9406,2026-04-01,NA,els2024coup
Phytochemistry,NA,0031-9422,2026-04-01,NA,els2024coup
Phytochemistry Letters,NA,1874-3900,2026-04-01,NA,els2024coup
Phytomedicine,NA,0944-7113,2026-04-01,NA,els2024coup
Phytomedicine Plus,NA,2667-0313,2026-04-01,NA,els2024coup
Placenta,NA,0143-4004,2026-04-01,NA,els2024coup
Planetary and Space Science,NA,0032-0633,2026-04-01,NA,els2024coup
Plant Gene,NA,2352-4073,2026-04-01,NA,els2024coup
Plant Nano Biology,NA,2773-1111,2026-04-01,NA,els2024coup
Plant Phenomics,NA,2643-6515,2026-04-01,NA,els2024coup
Plant Physiology and Biochemistry,NA,0981-9428,2026-04-01,NA,els2024coup
Plant Research,NA,3117-5821,2026-04-01,NA,els2024coup
Plant Science,NA,0168-9452,2026-04-01,NA,els2024coup
Plant Stress,NA,2667-064X,2026-04-01,NA,els2024coup
Plasmid,NA,0147-619X,2026-04-01,NA,els2024coup
Poetics,NA,0304-422X,2026-04-01,NA,els2024coup
Polar Science,NA,1873-9652,2026-04-01,NA,els2024coup
Political Geography,NA,0962-6298,2026-04-01,NA,els2024coup
Polyhedron,NA,0277-5387,2026-04-01,NA,els2024coup
Polymer,NA,0032-3861,2026-04-01,NA,els2024coup
Polymer Degradation and Stability,NA,0141-3910,2026-04-01,NA,els2024coup
Polymer Testing,NA,0142-9418,2026-04-01,NA,els2024coup
Postharvest Biology and Technology,NA,0925-5214,2026-04-01,NA,els2024coup
Poultry Science,NA,0032-5791,2026-04-01,NA,els2024coup
Powder Technology,NA,0032-5910,2026-04-01,NA,els2024coup
Power Electronic Devices and Components,NA,2772-3704,2026-04-01,NA,els2024coup
Practical Laboratory Medicine,NA,2352-5517,2026-04-01,NA,els2024coup
Pratiques Psychologiques,NA,1269-1763,2026-04-01,NA,els2024coup
Precambrian Research,NA,0301-9268,2026-04-01,NA,els2024coup
Precision Engineering,NA,0141-6359,2026-04-01,NA,els2024coup
Precision Pathology,NA,3117-678X,2026-04-01,NA,els2024coup
Pregnancy Hypertension,NA,2210-7789,2026-04-01,NA,els2024coup
Preventive Medicine,NA,0091-7435,2026-04-01,NA,els2024coup
Preventive Medicine Reports,NA,2211-3355,2026-04-01,NA,els2024coup
Preventive Veterinary Medicine,NA,0167-5877,2026-04-01,NA,els2024coup
Preventive Veterinary Medicine: Regional Studies and Reports,NA,3051-3081,2026-04-01,NA,els2024coup
Primary Care Diabetes,NA,1751-9918,2026-04-01,NA,els2024coup
Probabilistic Engineering Mechanics,NA,0266-8920,2026-04-01,NA,els2024coup
Proceedings of the Combustion Institute,NA,1540-7489,2026-04-01,NA,els2024coup
Proceedings of the Geologists' Association,NA,0016-7878,2026-04-01,NA,els2024coup
Process Biochemistry,NA,1359-5113,2026-04-01,NA,els2024coup
Process Safety and Environmental Protection,NA,0957-5820,2026-04-01,NA,els2024coup
Progress in Aerospace Sciences,NA,0376-0421,2026-04-01,NA,els2024coup
Progress in Biophysics & Molecular Biology,NA,0079-6107,2026-04-01,NA,els2024coup
Progress in Cardiovascular Diseases,NA,0033-0620,2026-04-01,NA,els2024coup
Progress in Disaster Science,NA,2590-0617,2026-04-01,NA,els2024coup
Progress in Economic Geography,NA,2949-6942,2026-04-01,NA,els2024coup
Progress in Energy and Combustion Science,NA,0360-1285,2026-04-01,NA,els2024coup
Progress in Engineering Science,NA,2950-4252,2026-04-01,NA,els2024coup
Progress in Lipid Research,NA,0163-7827,2026-04-01,NA,els2024coup
Progress in Materials Science,NA,0079-6425,2026-04-01,NA,els2024coup
Progress in Natural Science: Materials International,NA,1002-0071,2026-04-01,NA,els2024coup
Progress in Neurobiology,NA,0301-0082,2026-04-01,NA,els2024coup
Progress in Neuro-Psychopharmacology & Biological Psychiatry,NA,0278-5846,2026-04-01,NA,els2024coup
Progress in Nuclear Energy,NA,0149-1970,2026-04-01,NA,els2024coup
Progress in Nuclear Magnetic Resonance Spectroscopy,NA,0079-6565,2026-04-01,NA,els2024coup
Progress in Oceanography,NA,0079-6611,2026-04-01,NA,els2024coup
Progress in Organic Coatings,NA,0300-9440,2026-04-01,NA,els2024coup
Progress in Particle and Nuclear Physics,NA,0146-6410,2026-04-01,NA,els2024coup
Progress in Pediatric Cardiology,NA,1058-9813,2026-04-01,NA,els2024coup
Progress in Planning,NA,0305-9006,2026-04-01,NA,els2024coup
Progress in Polymer Science,NA,0079-6700,2026-04-01,NA,els2024coup
Progress in Quantum Electronics,NA,0079-6727,2026-04-01,NA,els2024coup
Progress in Retinal and Eye Research,NA,1350-9462,2026-04-01,NA,els2024coup
Progress in Solid State Chemistry,NA,0079-6786,2026-04-01,NA,els2024coup
Progress in Surface Science,NA,0079-6816,2026-04-01,NA,els2024coup
Project Leadership and Society,NA,2666-7215,2026-04-01,NA,els2024coup
Prostaglandins & Other Lipid Mediators,NA,1098-8823,2026-04-01,NA,els2024coup
"Prostaglandins, Leukotrienes & Essential Fatty Acids",NA,0952-3278,2026-04-01,NA,els2024coup
Protein Expression and Purification,NA,1046-5928,2026-04-01,NA,els2024coup
Protist,NA,1434-4610,2026-04-01,NA,els2024coup
Psychedelics,NA,2950-4848,2026-04-01,NA,els2024coup
Psychiatry Research,NA,0165-1781,2026-04-01,NA,els2024coup
Psychiatry Research Case Reports,NA,2773-0212,2026-04-01,NA,els2024coup
Psychiatry Research Communications,NA,2772-5987,2026-04-01,NA,els2024coup
Psychiatry Research: Neuroimaging,NA,0925-4927,2026-04-01,NA,els2024coup
Psychology of Sport and Exercise,NA,1469-0292,2026-04-01,NA,els2024coup
Psychoneuroendocrinology,NA,0306-4530,2026-04-01,NA,els2024coup
Public Health,NA,0033-3506,2026-04-01,NA,els2024coup
Public Health in Practice,NA,2666-5352,2026-04-01,NA,els2024coup
Public Relations Review,NA,0363-8111,2026-04-01,NA,els2024coup
Pulmonary Function Diagnostics,NA,3051-276X,2026-04-01,NA,els2024coup
Pulmonary Pharmacology & Therapeutics,NA,1094-5539,2026-04-01,NA,els2024coup
Quaternary Environments and Humans,NA,2950-2365,2026-04-01,NA,els2024coup
Quaternary Geochronology,NA,1871-1014,2026-04-01,NA,els2024coup
Quaternary International,NA,1040-6182,2026-04-01,NA,els2024coup
Quaternary Science Advances,NA,2666-0334,2026-04-01,NA,els2024coup
Quaternary Science Reviews,NA,0277-3791,2026-04-01,NA,els2024coup
Radiation Measurements,NA,1350-4487,2026-04-01,NA,els2024coup
Radiation Medicine and Protection,NA,2666-5557,2026-04-01,NA,els2024coup
Radiation Physics and Chemistry,NA,0969-806X,2026-04-01,NA,els2024coup
Radiography,NA,1078-8174,2026-04-01,NA,els2024coup
Radiología (English Edition),NA,2173-5107,2026-04-01,NA,els2024coup
Radiology Case Reports,NA,1930-0433,2026-04-01,NA,els2024coup
Radiotherapy & Oncology,NA,0167-8140,2026-04-01,NA,els2024coup
Rangeland Ecology & Management,NA,1550-7424,2026-04-01,NA,els2024coup
Rangelands,NA,0190-0528,2026-04-01,NA,els2024coup
Rare,NA,2950-0087,2026-04-01,NA,els2024coup
Reactive and Functional Polymers,NA,1381-5148,2026-04-01,NA,els2024coup
Redox Biochemistry and Chemistry,NA,2773-1766,2026-04-01,NA,els2024coup
Redox Biology,NA,2213-2317,2026-04-01,NA,els2024coup
Regenerative Therapy,NA,2352-3204,2026-04-01,NA,els2024coup
Regional Science and Urban Economics,NA,0166-0462,2026-04-01,NA,els2024coup
Regional Science Policy & Practice,NA,1757-7802,2026-04-01,NA,els2024coup
Regional Studies in Marine Science,NA,2352-4855,2026-04-01,NA,els2024coup
Regulatory Toxicology and Pharmacology,NA,0273-2300,2026-04-01,NA,els2024coup
Reliability Engineering & System Safety,NA,0951-8320,2026-04-01,NA,els2024coup
Remote Sensing Applications: Society and Environment,NA,2352-9385,2026-04-01,NA,els2024coup
Remote Sensing of Environment,NA,0034-4257,2026-04-01,NA,els2024coup
Renewable & Sustainable Energy Reviews,NA,1364-0321,2026-04-01,NA,els2024coup
Renewable and Sustainable Energy Transition,NA,2667-095X,2026-04-01,NA,els2024coup
Renewable Energy,NA,0960-1481,2026-04-01,NA,els2024coup
Renewable Energy Focus,NA,1755-0084,2026-04-01,NA,els2024coup
Reproductive Biology,NA,1642-431X,2026-04-01,NA,els2024coup
Reproductive BioMedicine Online,NA,1472-6483,2026-04-01,NA,els2024coup
Reproductive Toxicology,NA,0890-6238,2026-04-01,NA,els2024coup
Research and Practice in Thrombosis and Haemostasis,NA,2475-0379,2026-04-01,NA,els2024coup
Research in Autism,NA,3050-6565,2026-04-01,NA,els2024coup
Research in Developmental Disabilities,NA,0891-4222,2026-04-01,NA,els2024coup
Research in Diagnostic and Interventional Imaging,NA,2772-6525,2026-04-01,NA,els2024coup
Research in Economics,NA,1090-9443,2026-04-01,NA,els2024coup
Research in Globalization,NA,2590-051X,2026-04-01,NA,els2024coup
Research in International Business and Finance,NA,0275-5319,2026-04-01,NA,els2024coup
Research in Neurodiversity,NA,3050-5798,2026-04-01,NA,els2024coup
Research in Organizational Behavior,NA,0191-3085,2026-04-01,NA,els2024coup
Research in Social and Administrative Pharmacy,NA,1551-7411,2026-04-01,NA,els2024coup
Research in Social Stratification and Mobility,NA,0276-5624,2026-04-01,NA,els2024coup
Research in Transportation Business & Management,NA,2210-5395,2026-04-01,NA,els2024coup
Research in Transportation Economics,NA,0739-8859,2026-04-01,NA,els2024coup
Research in Veterinary Science,NA,0034-5288,2026-04-01,NA,els2024coup
Research Methods in Applied Linguistics,NA,2772-7661,2026-04-01,NA,els2024coup
Research Policy,NA,0048-7333,2026-04-01,NA,els2024coup
Resource and Energy Economics,NA,0928-7655,2026-04-01,NA,els2024coup
Resources Policy,NA,0301-4207,2026-04-01,NA,els2024coup
"Resources, Conservation & Recycling",NA,0921-3449,2026-04-01,NA,els2024coup
"Resources, Conservation & Recycling Advances",NA,2667-3789,2026-04-01,NA,els2024coup
"Resources, Environment and Sustainability",NA,2666-9161,2026-04-01,NA,els2024coup
Respiratory Investigation,NA,2212-5345,2026-04-01,NA,els2024coup
Respiratory Medicine,NA,0954-6111,2026-04-01,NA,els2024coup
Respiratory Medicine and Research,NA,2590-0412,2026-04-01,NA,els2024coup
Respiratory Medicine Case Reports,NA,2213-0071,2026-04-01,NA,els2024coup
Respiratory Physiology & Neurobiology,NA,1569-9048,2026-04-01,NA,els2024coup
Results in Applied Mathematics,NA,2590-0374,2026-04-01,NA,els2024coup
Results in Chemistry,NA,2211-7156,2026-04-01,NA,els2024coup
Results in Control and Optimization,NA,2666-7207,2026-04-01,NA,els2024coup
Results in Earth Sciences,NA,2211-7148,2026-04-01,NA,els2024coup
Results in Engineering,NA,2590-1230,2026-04-01,NA,els2024coup
Results in Materials,NA,2590-048X,2026-04-01,NA,els2024coup
Results in Optics,NA,2666-9501,2026-04-01,NA,els2024coup
Results in Physics,NA,2211-3797,2026-04-01,NA,els2024coup
Results in Surfaces and Interfaces,NA,2666-8459,2026-04-01,NA,els2024coup
Resuscitation,NA,0300-9572,2026-04-01,NA,els2024coup
Resuscitation Plus,NA,2666-5204,2026-04-01,NA,els2024coup
Reumatología Clínica (English Edition),NA,2173-5743,2026-04-01,NA,els2024coup
Review of Economic Dynamics,NA,1094-2025,2026-04-01,NA,els2024coup
Review of Palaeobotany and Palynology,NA,0034-6667,2026-04-01,NA,els2024coup
Revista Argentina de Microbiología,NA,0325-7541,2026-04-01,NA,els2024coup
Revista Clínica Española (English Edition),NA,2254-8874,2026-04-01,NA,els2024coup
Revista Colombiana de Reumatología (English Edition),NA,2444-4405,2026-04-01,NA,els2024coup
Revista de Investigación Clínica,NA,0034-8376,2026-04-01,NA,els2024coup
Revista de Psicodidáctica (English Edition),NA,2530-3805,2026-04-01,NA,els2024coup
Revista de Senología y Patología Mamaria,NA,0214-1582,2026-04-01,NA,els2024coup
Revista Española de Anestesiología y Reanimación (English Edition),NA,2341-1929,2026-04-01,NA,els2024coup
Revista Española de Cardiología (English Edition),NA,1885-5857,2026-04-01,NA,els2024coup
Revista Española de Medicina Nuclear e Imagen Molecular (English Edition),NA,2253-8089,2026-04-01,NA,els2024coup
Revista Española de Patología,NA,1699-8855,2026-04-01,NA,els2024coup
Revista Iberoamericana de Micología,NA,1130-1406,2026-04-01,NA,els2024coup
Revue de Micropaléontologie,NA,0035-1598,2026-04-01,NA,els2024coup
Revue du Rhumatisme,NA,1169-8330,2026-04-01,NA,els2024coup
Revue Française d'Allergologie,NA,1877-0320,2026-04-01,NA,els2024coup
Revue Neurologique,NA,0035-3787,2026-04-01,NA,els2024coup
Rhizosphere,NA,2452-2198,2026-04-01,NA,els2024coup
Robotics and Autonomous Systems,NA,0921-8890,2026-04-01,NA,els2024coup
Robotics and Computer-Integrated Manufacturing,NA,0736-5845,2026-04-01,NA,els2024coup
Safety Science,NA,0925-7535,2026-04-01,NA,els2024coup
Scandinavian Journal of Management,NA,0956-5221,2026-04-01,NA,els2024coup
Schizophrenia Research,NA,0920-9964,2026-04-01,NA,els2024coup
Schizophrenia Research: Cognition,NA,2215-0013,2026-04-01,NA,els2024coup
Science & Justice,NA,1355-0306,2026-04-01,NA,els2024coup
Science & Sports,NA,0765-1597,2026-04-01,NA,els2024coup
Science Bulletin,NA,2095-9273,2026-04-01,NA,els2024coup
Science of Computer Programming,NA,0167-6423,2026-04-01,NA,els2024coup
Science of Remote Sensing,NA,2666-0172,2026-04-01,NA,els2024coup
Science of the Total Environment,NA,0048-9697,2026-04-01,NA,els2024coup
Scientia Horticulturae,NA,0304-4238,2026-04-01,NA,els2024coup
Scientific African,NA,2468-2276,2026-04-01,NA,els2024coup
Scripta Materialia,NA,1359-6462,2026-04-01,NA,els2024coup
Sedimentary Geology,NA,0037-0738,2026-04-01,NA,els2024coup
Seizure: European Journal of Epilepsy,NA,1059-1311,2026-04-01,NA,els2024coup
Seminars in Arthritis and Rheumatism,NA,0049-0172,2026-04-01,NA,els2024coup
Seminars in Arthroplasty: JSES,NA,1045-4527,2026-04-01,NA,els2024coup
Seminars in Cancer Biology,NA,1044-579X,2026-04-01,NA,els2024coup
Seminars in Cell and Developmental Biology,NA,1084-9521,2026-04-01,NA,els2024coup
Seminars in Colon and Rectal Surgery,NA,1043-1489,2026-04-01,NA,els2024coup
Seminars in Fetal & Neonatal Medicine,NA,1744-165X,2026-04-01,NA,els2024coup
Seminars in Immunology,NA,1044-5323,2026-04-01,NA,els2024coup
Seminars in Nuclear Medicine,NA,0001-2998,2026-04-01,NA,els2024coup
Seminars in Oncology Nursing,NA,0749-2081,2026-04-01,NA,els2024coup
Seminars in Orthodontics,NA,1073-8746,2026-04-01,NA,els2024coup
Seminars in Pediatric Neurology,NA,1071-9091,2026-04-01,NA,els2024coup
Seminars in Pediatric Surgery,NA,1055-8586,2026-04-01,NA,els2024coup
Seminars in Perinatology,NA,0146-0005,2026-04-01,NA,els2024coup
Seminars in Radiation Oncology,NA,1053-4296,2026-04-01,NA,els2024coup
Seminars in Roentgenology,NA,0037-198X,2026-04-01,NA,els2024coup
Seminars in Spine Surgery,NA,1040-7383,2026-04-01,NA,els2024coup
Seminars in Thoracic and Cardiovascular Surgery,NA,1043-0679,2026-04-01,NA,els2024coup
Seminars in Thoracic and Cardiovascular Surgery: Pediatric Cardiac Surgery Annual,NA,1092-9126,2026-04-01,NA,els2024coup
"Seminars in Ultrasound, CT and MRI",NA,0887-2171,2026-04-01,NA,els2024coup
Seminars in Vascular Surgery,NA,0895-7967,2026-04-01,NA,els2024coup
Sensing and Bio-Sensing Research,NA,2214-1804,2026-04-01,NA,els2024coup
Sensors and Actuators A: Physical,NA,0924-4247,2026-04-01,NA,els2024coup
Sensors and Actuators B: Chemical,NA,0925-4005,2026-04-01,NA,els2024coup
Sensors and Actuators Reports,NA,2666-0539,2026-04-01,NA,els2024coup
Separation and Purification Technology,NA,1383-5866,2026-04-01,NA,els2024coup
Sexual & Reproductive Healthcare,NA,1877-5756,2026-04-01,NA,els2024coup
Signal Processing,NA,0165-1684,2026-04-01,NA,els2024coup
Signal Processing: Image Communication,NA,0923-5965,2026-04-01,NA,els2024coup
Simulation Modelling Practice and Theory,NA,1569-190X,2026-04-01,NA,els2024coup
SLAS Discovery,NA,2472-5552,2026-04-01,NA,els2024coup
SLAS Technology,NA,2472-6303,2026-04-01,NA,els2024coup
Slavic Literatures,NA,2950-3965,2026-04-01,NA,els2024coup
Sleep Epidemiology,NA,2667-3436,2026-04-01,NA,els2024coup
Sleep Health,NA,2352-7218,2026-04-01,NA,els2024coup
Sleep Medicine,NA,1389-9457,2026-04-01,NA,els2024coup
Sleep Medicine Reviews,NA,1087-0792,2026-04-01,NA,els2024coup
Sleep Medicine: X,NA,2590-1427,2026-04-01,NA,els2024coup
Small Ruminant Research,NA,0921-4488,2026-04-01,NA,els2024coup
Smart Agricultural Technology,NA,2772-3755,2026-04-01,NA,els2024coup
Smart Energy,NA,2666-9552,2026-04-01,NA,els2024coup
Smart Health,NA,2352-6483,2026-04-01,NA,els2024coup
"Social and Emotional Learning: Research, Practice, and Policy",NA,2773-2339,2026-04-01,NA,els2024coup
Social Networks,NA,0378-8733,2026-04-01,NA,els2024coup
Social Science & Medicine,NA,0277-9536,2026-04-01,NA,els2024coup
Social Science Research,NA,0049-089X,2026-04-01,NA,els2024coup
Social Sciences & Humanities Open,NA,2590-2911,2026-04-01,NA,els2024coup
Societal Impacts,NA,2949-6977,2026-04-01,NA,els2024coup
Socio-Economic Planning Sciences,NA,0038-0121,2026-04-01,NA,els2024coup
Software Impacts,NA,2665-9638,2026-04-01,NA,els2024coup
SoftwareX,NA,2352-7110,2026-04-01,NA,els2024coup
Soil & Tillage Research,NA,0167-1987,2026-04-01,NA,els2024coup
Soil Advances,NA,2950-2896,2026-04-01,NA,els2024coup
Soil Biology & Biochemistry,NA,0038-0717,2026-04-01,NA,els2024coup
Soil Dynamics and Earthquake Engineering,NA,0267-7261,2026-04-01,NA,els2024coup
Soil Security,NA,2667-0062,2026-04-01,NA,els2024coup
Soils and Foundations,NA,0038-0806,2026-04-01,NA,els2024coup
Solar Compass,NA,2772-9400,2026-04-01,NA,els2024coup
Solar Energy,NA,0038-092X,2026-04-01,NA,els2024coup
Solar Energy Advances,NA,2667-1131,2026-04-01,NA,els2024coup
Solar Energy Materials and Solar Cells,NA,0927-0248,2026-04-01,NA,els2024coup
Solid State Communications,NA,0038-1098,2026-04-01,NA,els2024coup
Solid State Ionics,NA,0167-2738,2026-04-01,NA,els2024coup
Solid State Nuclear Magnetic Resonance,NA,0926-2040,2026-04-01,NA,els2024coup
Solid State Sciences,NA,1293-2558,2026-04-01,NA,els2024coup
Solid-State Electronics,NA,0038-1101,2026-04-01,NA,els2024coup
South African Journal of Botany,NA,0254-6299,2026-04-01,NA,els2024coup
South African Journal of Chemical Engineering,NA,1026-9185,2026-04-01,NA,els2024coup
Space Policy,NA,0265-9646,2026-04-01,NA,els2024coup
Spanish Journal of Legal Medicine,NA,2445-4249,2026-04-01,NA,els2024coup
Spanish Journal of Psychiatry and Mental Health,NA,2950-2853,2026-04-01,NA,els2024coup
Spatial and Spatio-temporal Epidemiology,NA,1877-5845,2026-04-01,NA,els2024coup
Spatial Statistics,NA,2211-6753,2026-04-01,NA,els2024coup
Spectrochimica Acta Part A: Molecular and Biomolecular Spectroscopy,NA,1386-1425,2026-04-01,NA,els2024coup
Spectrochimica Acta Part B: Atomic Spectroscopy,NA,0584-8547,2026-04-01,NA,els2024coup
Speech Communication,NA,0167-6393,2026-04-01,NA,els2024coup
Sports Economics Review,NA,2773-1618,2026-04-01,NA,els2024coup
Sports Orthopaedics and Traumatology,NA,0949-328X,2026-04-01,NA,els2024coup
SSM - Health Systems,NA,2949-8562,2026-04-01,NA,els2024coup
SSM - Mental Health,NA,2666-5603,2026-04-01,NA,els2024coup
SSM - Population Health,NA,2352-8273,2026-04-01,NA,els2024coup
SSM - Qualitative Research in Health,NA,2667-3215,2026-04-01,NA,els2024coup
Statistics & Probability Letters,NA,0167-7152,2026-04-01,NA,els2024coup
Stem Cell Research,NA,1873-5061,2026-04-01,NA,els2024coup
Steroids,NA,0039-128X,2026-04-01,NA,els2024coup
Stochastic Processes and their Applications,NA,0304-4149,2026-04-01,NA,els2024coup
Strategic Business Research,NA,3051-0643,2026-04-01,NA,els2024coup
Structural Change and Economic Dynamics,NA,0954-349X,2026-04-01,NA,els2024coup
Structural Heart,NA,2474-8706,2026-04-01,NA,els2024coup
Structural Safety,NA,0167-4730,2026-04-01,NA,els2024coup
Structures,NA,2352-0124,2026-04-01,NA,els2024coup
Studies in Educational Evaluation,NA,0191-491X,2026-04-01,NA,els2024coup
Studies in History and Philosophy of Science,NA,0039-3681,2026-04-01,NA,els2024coup
Superconductivity,NA,2772-8307,2026-04-01,NA,els2024coup
Supply Chain Analytics,NA,2949-8635,2026-04-01,NA,els2024coup
Surface and Coatings Technology,NA,0257-8972,2026-04-01,NA,els2024coup
Surface Science,NA,0039-6028,2026-04-01,NA,els2024coup
Surface Science Reports,NA,0167-5729,2026-04-01,NA,els2024coup
Surfaces and Interfaces,NA,2468-0230,2026-04-01,NA,els2024coup
Surgery,NA,0039-6060,2026-04-01,NA,els2024coup
Surgery Case Reports: Advances and Techniques,NA,2950-1032,2026-04-01,NA,els2024coup
Surgery in Practice and Science,NA,2666-2620,2026-04-01,NA,els2024coup
Surgery Open Digestive Advance,NA,2667-0089,2026-04-01,NA,els2024coup
Surgery Open Science,NA,2589-8450,2026-04-01,NA,els2024coup
Surgical Oncology,NA,0960-7404,2026-04-01,NA,els2024coup
Surgical Oncology Insight,NA,2950-2470,2026-04-01,NA,els2024coup
Survey of Ophthalmology,NA,0039-6257,2026-04-01,NA,els2024coup
Sustainable Chemistry and Pharmacy,NA,2352-5541,2026-04-01,NA,els2024coup
Sustainable Chemistry for Biodiversity,NA,3050-6212,2026-04-01,NA,els2024coup
Sustainable Chemistry for Climate Action,NA,2772-8269,2026-04-01,NA,els2024coup
Sustainable Chemistry for Energy Materials,NA,2950-4775,2026-04-01,NA,els2024coup
Sustainable Chemistry for the Environment,NA,2949-8392,2026-04-01,NA,els2024coup
Sustainable Chemistry One World,NA,2950-3574,2026-04-01,NA,els2024coup
Sustainable Cities and Society,NA,2210-6707,2026-04-01,NA,els2024coup
Sustainable Cities and Society: Advances,NA,3051-052X,2026-04-01,NA,els2024coup
Sustainable Computing: Informatics and Systems,NA,2210-5379,2026-04-01,NA,els2024coup
Sustainable Energy Technologies and Assessments,NA,2213-1388,2026-04-01,NA,els2024coup
"Sustainable Energy, Grids and Networks",NA,2352-4677,2026-04-01,NA,els2024coup
Sustainable Futures,NA,2666-1888,2026-04-01,NA,els2024coup
"Sustainable Geosciences: People, Planet and Prosperity",NA,2950-4929,2026-04-01,NA,els2024coup
Sustainable Materials and Technologies,NA,2214-9937,2026-04-01,NA,els2024coup
Sustainable Production and Consumption,NA,2352-5509,2026-04-01,NA,els2024coup
Sustainable Technology and Entrepreneurship,NA,2773-0328,2026-04-01,NA,els2024coup
Swarm and Evolutionary Computation,NA,2210-6502,2026-04-01,NA,els2024coup
Synthetic Metals,NA,0379-6779,2026-04-01,NA,els2024coup
System,NA,0346-251X,2026-04-01,NA,els2024coup
Systematic and Applied Microbiology,NA,0723-2020,2026-04-01,NA,els2024coup
Systems & Control Letters,NA,0167-6911,2026-04-01,NA,els2024coup
Systems and Soft Computing,NA,2772-9419,2026-04-01,NA,els2024coup
Talanta,NA,0039-9140,2026-04-01,NA,els2024coup
Talanta Open,NA,2666-8319,2026-04-01,NA,els2024coup
Teaching and Learning in Nursing,NA,1557-3087,2026-04-01,NA,els2024coup
Teaching and Teacher Education,NA,0742-051X,2026-04-01,NA,els2024coup
Technical Innovations & Patient Support in Radiation Oncology,NA,2405-6324,2026-04-01,NA,els2024coup
Techniques and Innovations in Gastrointestinal Endoscopy,NA,2590-0307,2026-04-01,NA,els2024coup
Techniques in Vascular and Interventional Radiology,NA,1089-2516,2026-04-01,NA,els2024coup
Technological Forecasting and Social Change,NA,0040-1625,2026-04-01,NA,els2024coup
Technology in Society,NA,0160-791X,2026-04-01,NA,els2024coup
Technovation,NA,0166-4972,2026-04-01,NA,els2024coup
Tectonophysics,NA,0040-1951,2026-04-01,NA,els2024coup
Telecommunications Policy,NA,0308-5961,2026-04-01,NA,els2024coup
Telematics and Informatics,NA,0736-5853,2026-04-01,NA,els2024coup
Telematics and Informatics Reports,NA,2772-5030,2026-04-01,NA,els2024coup
Tetrahedron,NA,0040-4020,2026-04-01,NA,els2024coup
Tetrahedron Chem,NA,2666-951X,2026-04-01,NA,els2024coup
Tetrahedron Green Chem,NA,2773-2231,2026-04-01,NA,els2024coup
Tetrahedron Letters,NA,0040-4039,2026-04-01,NA,els2024coup
The American Journal of Cardiology,NA,0002-9149,2026-04-01,NA,els2024coup
"The American Journal of Geriatric Psychiatry: Open Science, Education, and Practice",NA,2950-3868,2026-04-01,NA,els2024coup
The American Journal of Surgery,NA,0002-9610,2026-04-01,NA,els2024coup
The Arts in Psychotherapy,NA,0197-4556,2026-04-01,NA,els2024coup
The Asian Journal of Shipping and Logistics,NA,2092-5212,2026-04-01,NA,els2024coup
The Brazilian Journal of Infectious Diseases,NA,1413-8670,2026-04-01,NA,els2024coup
The Breast,NA,0960-9776,2026-04-01,NA,els2024coup
The British Accounting Review,NA,0890-8389,2026-04-01,NA,els2024coup
The Cell Surface,NA,2468-2330,2026-04-01,NA,els2024coup
The EANM Journal,NA,3051-2921,2026-04-01,NA,els2024coup
The Egyptian Journal of Remote Sensing and Space Sciences,NA,1110-9823,2026-04-01,NA,els2024coup
The Egyptian Rheumatologist,NA,1110-1164,2026-04-01,NA,els2024coup
The Electricity Journal,NA,1040-6190,2026-04-01,NA,els2024coup
The European Journal of Psychiatry,NA,0213-6163,2026-04-01,NA,els2024coup
The Extractive Industries and Society,NA,2214-790X,2026-04-01,NA,els2024coup
The Foot,NA,0958-2592,2026-04-01,NA,els2024coup
The International Journal of Biochemistry & Cell Biology,NA,1357-2725,2026-04-01,NA,els2024coup
The International Journal of Management Education,NA,1472-8117,2026-04-01,NA,els2024coup
The Internet and Higher Education,NA,1096-7516,2026-04-01,NA,els2024coup
The Journal for Nurse Practitioners,NA,1555-4155,2026-04-01,NA,els2024coup
The Journal of Academic Librarianship,NA,0099-1333,2026-04-01,NA,els2024coup
The Journal of Aging Research & Lifestyle,NA,2534-773X,2026-04-01,NA,els2024coup
The Journal of Chemical Thermodynamics,NA,0021-9614,2026-04-01,NA,els2024coup
The Journal of Climate Change and Health,NA,2667-2782,2026-04-01,NA,els2024coup
The Journal of Economic Asymmetries,NA,1703-4949,2026-04-01,NA,els2024coup
The Journal of Emergency Medicine,NA,0736-4679,2026-04-01,NA,els2024coup
The Journal of Foot & Ankle Surgery,NA,1067-2516,2026-04-01,NA,els2024coup
The Journal of Frailty & Aging,NA,2260-1341,2026-04-01,NA,els2024coup
The Journal of Liquid Biopsy,NA,2950-1954,2026-04-01,NA,els2024coup
The Journal of Mathematical Behavior,NA,0732-3123,2026-04-01,NA,els2024coup
"The Journal of nutrition, health and aging",NA,1279-7707,2026-04-01,NA,els2024coup
The Journal of Nutritional Biochemistry,NA,0955-2863,2026-04-01,NA,els2024coup
The Journal of Nutritional Physiology,NA,3050-6247,2026-04-01,NA,els2024coup
The Journal of Pediatrics,NA,0022-3476,2026-04-01,NA,els2024coup
The Journal of Pediatrics: Clinical Practice,NA,2950-5410,2026-04-01,NA,els2024coup
The Journal of Physiological Sciences,NA,1880-6546,2026-04-01,NA,els2024coup
The Journal of Precision Medicine: Health and Disease,NA,3050-6328,2026-04-01,NA,els2024coup
The Journal of Prevention of Alzheimer's Disease,NA,2274-5807,2026-04-01,NA,els2024coup
The Journal of Prosthetic Dentistry,NA,0022-3913,2026-04-01,NA,els2024coup
The Journal of Steroid Biochemistry and Molecular Biology,NA,0960-0760,2026-04-01,NA,els2024coup
The Journal of Strategic Information Systems,NA,0963-8687,2026-04-01,NA,els2024coup
The Journal of Supercritical Fluids,NA,0896-8446,2026-04-01,NA,els2024coup
The Journal of the Economics of Ageing,NA,2212-828X,2026-04-01,NA,els2024coup
The Knee,NA,0968-0160,2026-04-01,NA,els2024coup
The Leadership Quarterly,NA,1048-9843,2026-04-01,NA,els2024coup
The Microbe,NA,2950-1946,2026-04-01,NA,els2024coup
The North American Journal of Economics and Finance,NA,1062-9408,2026-04-01,NA,els2024coup
The Ocular Surface,NA,1542-0124,2026-04-01,NA,els2024coup
The Quarterly Review of Economics and Finance,NA,1062-9769,2026-04-01,NA,els2024coup
The Royal College of Radiologists Open,NA,2773-0662,2026-04-01,NA,els2024coup
The Spine Journal,NA,1529-9430,2026-04-01,NA,els2024coup
The Surgeon,NA,1479-666X,2026-04-01,NA,els2024coup
The Swine Journal,NA,3117-4132,2026-04-01,NA,els2024coup
The Veterinary Journal,NA,1090-0233,2026-04-01,NA,els2024coup
The Veterinary Journal: Pharmacology & Toxicology,NA,3117-5252,2026-04-01,NA,els2024coup
Theoretical and Applied Fracture Mechanics,NA,0167-8442,2026-04-01,NA,els2024coup
Theoretical and Applied Mechanics Letters,NA,2095-0349,2026-04-01,NA,els2024coup
Theoretical Computer Science,NA,0304-3975,2026-04-01,NA,els2024coup
Theoretical Population Biology,NA,0040-5809,2026-04-01,NA,els2024coup
Theriogenology,NA,0093-691X,2026-04-01,NA,els2024coup
Theriogenology Wild,NA,2773-093X,2026-04-01,NA,els2024coup
Thermal Advances,NA,3050-4635,2026-04-01,NA,els2024coup
Thermal Science and Engineering Progress,NA,2451-9049,2026-04-01,NA,els2024coup
Thermochimica Acta,NA,0040-6031,2026-04-01,NA,els2024coup
Thin Solid Films,NA,0040-6090,2026-04-01,NA,els2024coup
Thinking Skills and Creativity,NA,1871-1871,2026-04-01,NA,els2024coup
Thin-Walled Structures,NA,0263-8231,2026-04-01,NA,els2024coup
Thrombosis Research,NA,0049-3848,2026-04-01,NA,els2024coup
Thrombosis Update,NA,2666-5727,2026-04-01,NA,els2024coup
Thyroid Science,NA,2950-3000,2026-04-01,NA,els2024coup
Ticks and Tick-borne Diseases,NA,1877-959X,2026-04-01,NA,els2024coup
Tissue and Cell,NA,0040-8166,2026-04-01,NA,els2024coup
Tomography of Materials and Structures,NA,2949-673X,2026-04-01,NA,els2024coup
Topics in Companion Animal Medicine,NA,1938-9736,2026-04-01,NA,els2024coup
Topology and its Applications,NA,0166-8641,2026-04-01,NA,els2024coup
Total Chemistry,NA,3050-581X,2026-04-01,NA,els2024coup
Total Environment Advances,NA,2950-3957,2026-04-01,NA,els2024coup
Total Environment Engineering,NA,2950-631X,2026-04-01,NA,els2024coup
Total Environment Microbiology,NA,3050-6417,2026-04-01,NA,els2024coup
Tourism Management,NA,0261-5177,2026-04-01,NA,els2024coup
Tourism Management Perspectives,NA,2211-9736,2026-04-01,NA,els2024coup
Toxicology,NA,0300-483X,2026-04-01,NA,els2024coup
Toxicology and Applied Pharmacology,NA,0041-008X,2026-04-01,NA,els2024coup
Toxicology in Vitro,NA,0887-2333,2026-04-01,NA,els2024coup
Toxicology Letters,NA,0378-4274,2026-04-01,NA,els2024coup
Toxicology Reports,NA,2214-7500,2026-04-01,NA,els2024coup
Toxicon,NA,0041-0101,2026-04-01,NA,els2024coup
Toxicon: X,NA,2590-1710,2026-04-01,NA,els2024coup
Transcranial Magnetic Stimulation,NA,3050-5291,2026-04-01,NA,els2024coup
Transformative Energy,NA,3117-4639,2026-04-01,NA,els2024coup
Transfusion and Apheresis Science,NA,1473-0502,2026-04-01,NA,els2024coup
Transfusion Clinique et Biologique,NA,1246-7820,2026-04-01,NA,els2024coup
Transfusion Medicine Reviews,NA,0887-7963,2026-04-01,NA,els2024coup
Translational Oncology,NA,1936-5233,2026-04-01,NA,els2024coup
Translational Research,NA,1931-5244,2026-04-01,NA,els2024coup
Translational Research in Anatomy,NA,2214-854X,2026-04-01,NA,els2024coup
Transplant Immunology,NA,0966-3274,2026-04-01,NA,els2024coup
Transplantation and Cellular Therapy,NA,2666-6367,2026-04-01,NA,els2024coup
Transplantation Proceedings,NA,0041-1345,2026-04-01,NA,els2024coup
Transplantation Reports,NA,2451-9596,2026-04-01,NA,els2024coup
Transplantation Reviews,NA,0955-470X,2026-04-01,NA,els2024coup
Transport Economics and Management,NA,2949-8996,2026-04-01,NA,els2024coup
Transport Policy,NA,0967-070X,2026-04-01,NA,els2024coup
Transportation Engineering,NA,2666-691X,2026-04-01,NA,els2024coup
Transportation Geotechnics,NA,2214-3912,2026-04-01,NA,els2024coup
Transportation Research Interdisciplinary Perspectives,NA,2590-1982,2026-04-01,NA,els2024coup
Transportation Research Part A: Policy and Practice,NA,0965-8564,2026-04-01,NA,els2024coup
Transportation Research Part B: Methodological,NA,0191-2615,2026-04-01,NA,els2024coup
Transportation Research Part C: Emerging Technologies,NA,0968-090X,2026-04-01,NA,els2024coup
Transportation Research Part D: Transport and Environment,NA,1361-9209,2026-04-01,NA,els2024coup
Transportation Research Part E: Logistics and Transportation Review,NA,1366-5545,2026-04-01,NA,els2024coup
Transportation Research Part F: Traffic Psychology and Behaviour,NA,1369-8478,2026-04-01,NA,els2024coup
Transportation Research Today,NA,3051-360X,2026-04-01,NA,els2024coup
Trauma Case Reports,NA,2352-6440,2026-04-01,NA,els2024coup
Travel Behaviour and Society,NA,2214-367X,2026-04-01,NA,els2024coup
Travel Medicine and Infectious Disease,NA,1477-8939,2026-04-01,NA,els2024coup
"Trees, Forests and People",NA,2666-7193,2026-04-01,NA,els2024coup
Trends in Anaesthesia and Critical Care,NA,2210-8440,2026-04-01,NA,els2024coup
Trends in Analytical Chemistry,NA,0165-9936,2026-04-01,NA,els2024coup
Trends in Cardiovascular Medicine,NA,1050-1738,2026-04-01,NA,els2024coup
Trends in Environmental Analytical Chemistry,NA,2214-1588,2026-04-01,NA,els2024coup
Trends in Food Science & Technology,NA,0924-2244,2026-04-01,NA,els2024coup
Trends in Neuroscience and Education,NA,2211-9493,2026-04-01,NA,els2024coup
Tribology and Interfaces,NA,3117-3136,2026-04-01,NA,els2024coup
Tribology International,NA,0301-679X,2026-04-01,NA,els2024coup
Tuberculosis,NA,1472-9792,2026-04-01,NA,els2024coup
Tumour Virus Research,NA,2666-6790,2026-04-01,NA,els2024coup
Tunnelling and Underground Space Technology,NA,0886-7798,2026-04-01,NA,els2024coup
Ultramicroscopy,NA,0304-3991,2026-04-01,NA,els2024coup
Ultrasonics,NA,0041-624X,2026-04-01,NA,els2024coup
Ultrasonics Sonochemistry,NA,1350-4177,2026-04-01,NA,els2024coup
Urban Climate,NA,2212-0955,2026-04-01,NA,els2024coup
Urban Forestry & Urban Greening,NA,1618-8667,2026-04-01,NA,els2024coup
Urban Transitions,NA,3050-6972,2026-04-01,NA,els2024coup
Urologic Oncology: Seminars and Original Investigations,NA,1078-1439,2026-04-01,NA,els2024coup
Urology,NA,0090-4295,2026-04-01,NA,els2024coup
Urology Case Reports,NA,2214-4420,2026-04-01,NA,els2024coup
Urology Horizons,NA,3117-3500,2026-04-01,NA,els2024coup
Urology Video Journal,NA,2590-0897,2026-04-01,NA,els2024coup
Utilities Policy,NA,0957-1787,2026-04-01,NA,els2024coup
Vaccine,NA,0264-410X,2026-04-01,NA,els2024coup
Vaccine: X,NA,2590-1362,2026-04-01,NA,els2024coup
Vacunas (English Edition),NA,2445-1460,2026-04-01,NA,els2024coup
Vacuum,NA,0042-207X,2026-04-01,NA,els2024coup
Value in Health,NA,1098-3015,2026-04-01,NA,els2024coup
Value in Health Regional Issues,NA,2212-1099,2026-04-01,NA,els2024coup
Vascular Diseases,NA,3050-6581,2026-04-01,NA,els2024coup
Vascular Pharmacology,NA,1537-1891,2026-04-01,NA,els2024coup
Vehicular Communications,NA,2214-2096,2026-04-01,NA,els2024coup
Veterinary Anaesthesia and Analgesia,NA,1467-2987,2026-04-01,NA,els2024coup
Veterinary and Animal Science,NA,2451-943X,2026-04-01,NA,els2024coup
Veterinary Immunology and Immunopathology,NA,0165-2427,2026-04-01,NA,els2024coup
Veterinary Microbiology,NA,0378-1135,2026-04-01,NA,els2024coup
Veterinary Parasitology,NA,0304-4017,2026-04-01,NA,els2024coup
Veterinary Parasitology: Regional Studies and Reports,NA,2405-9390,2026-04-01,NA,els2024coup
Vibrational Spectroscopy,NA,0924-2031,2026-04-01,NA,els2024coup
VideoGIE,NA,2468-4481,2026-04-01,NA,els2024coup
Virology,NA,0042-6822,2026-04-01,NA,els2024coup
Virus Research,NA,0168-1702,2026-04-01,NA,els2024coup
Vision Research,NA,0042-6989,2026-04-01,NA,els2024coup
Visual Journal of Emergency Medicine,NA,2405-4690,2026-04-01,NA,els2024coup
Waste Management,NA,0956-053X,2026-04-01,NA,els2024coup
Waste Management Bulletin,NA,2949-7507,2026-04-01,NA,els2024coup
Water Research,NA,0043-1354,2026-04-01,NA,els2024coup
Water Research X,NA,2589-9147,2026-04-01,NA,els2024coup
Water Resources and Industry,NA,2212-3717,2026-04-01,NA,els2024coup
Water Security,NA,2468-3124,2026-04-01,NA,els2024coup
Wave Motion,NA,0165-2125,2026-04-01,NA,els2024coup
Wear,NA,0043-1648,2026-04-01,NA,els2024coup
Weather and Climate Extremes,NA,2212-0947,2026-04-01,NA,els2024coup
"Wellbeing, Space and Society",NA,2666-5581,2026-04-01,NA,els2024coup
WFUMB Ultrasound Open,NA,2949-6683,2026-04-01,NA,els2024coup
Wind Energy and Engineering Research,NA,2950-3604,2026-04-01,NA,els2024coup
Women and Birth,NA,1871-5192,2026-04-01,NA,els2024coup
Women's Health Issues,NA,1049-3867,2026-04-01,NA,els2024coup
Women's Studies International Forum,NA,0277-5395,2026-04-01,NA,els2024coup
World Allergy Organization Journal,NA,1939-4551,2026-04-01,NA,els2024coup
World Development,NA,0305-750X,2026-04-01,NA,els2024coup
World Development Perspectives,NA,2452-2929,2026-04-01,NA,els2024coup
World Development Sustainability,NA,2772-655X,2026-04-01,NA,els2024coup
World Neurosurgery,NA,1878-8750,2026-04-01,NA,els2024coup
World Neurosurgery: X,NA,2590-1397,2026-04-01,NA,els2024coup
World Patent Information,NA,0172-2190,2026-04-01,NA,els2024coup
"Zeitschrift für Evidenz, Fortbildung und Qualität im Gesundheitswesen",NA,1865-9217,2026-04-01,NA,els2024coup
Zeitschrift für Medizinische Physik,NA,0939-3889,2026-04-01,NA,els2024coup
Zoologischer Anzeiger,NA,0044-5231,2026-04-01,NA,els2024coup
Zoology,NA,0944-2006,2026-04-01,NA,els2024coup
Academic Pediatrics,NA,1876-2859,2026-04-01,NA,els2026jisc
Academic Radiology,NA,1076-6332,2026-04-01,NA,els2026jisc
Accident Analysis & Prevention,NA,0001-4575,2026-04-01,NA,els2026jisc
"Accounting, Organizations and Society",NA,0361-3682,2026-04-01,NA,els2026jisc
Acta Astronautica,NA,0094-5765,2026-04-01,NA,els2026jisc
Acta Biomaterialia,NA,1742-7061,2026-04-01,NA,els2026jisc
Acta Colombiana de Cuidado Intensivo,NA,0122-7262,2026-04-01,NA,els2026jisc
Acta Histochemica,NA,0065-1281,2026-04-01,NA,els2026jisc
Acta Materialia,NA,1359-6454,2026-04-01,NA,els2026jisc
Acta Oecologica,NA,1146-609X,2026-04-01,NA,els2026jisc
Acta Otorrinolaringológica (English Edition),NA,2173-5735,2026-04-01,NA,els2026jisc
Acta Otorrinolaringológica Española,NA,0001-6519,2026-04-01,NA,els2026jisc
Acta Physico-Chimica Sinica,NA,1000-6818,2026-04-01,NA,els2026jisc
Acta Tropica,NA,0001-706X,2026-04-01,NA,els2026jisc
Actas Urológicas Españolas,NA,0210-4806,2026-04-01,NA,els2026jisc
Actas Urológicas Españolas (English Edition),NA,2173-5786,2026-04-01,NA,els2026jisc
Ad Hoc Networks,NA,1570-8705,2026-04-01,NA,els2026jisc
Addictive Behaviors,NA,0306-4603,2026-04-01,NA,els2026jisc
Additive Manufacturing,NA,2214-8604,2026-04-01,NA,els2026jisc
Advanced Drug Delivery Reviews,NA,0169-409X,2026-04-01,NA,els2026jisc
Advanced Engineering Informatics,NA,1474-0346,2026-04-01,NA,els2026jisc
Advanced Powder Technology,NA,0921-8831,2026-04-01,NA,els2026jisc
Advances in Accounting,NA,0882-6110,2026-04-01,NA,els2026jisc
Advances in Applied Mathematics,NA,0196-8858,2026-04-01,NA,els2026jisc
Advances in Biological Regulation,NA,2212-4926,2026-04-01,NA,els2026jisc
Advances in Colloid and Interface Science,NA,0001-8686,2026-04-01,NA,els2026jisc
Advances in Engineering Software,NA,0965-9978,2026-04-01,NA,els2026jisc
Advances in Integrative Medicine,NA,2212-9588,2026-04-01,NA,els2026jisc
Advances in Kidney Disease and Health,NA,2949-8139,2026-04-01,NA,els2026jisc
Advances in Life Course Research,NA,1569-4909,2026-04-01,NA,els2026jisc
Advances in Mathematics,NA,0001-8708,2026-04-01,NA,els2026jisc
Advances in Medical Sciences,NA,1896-1126,2026-04-01,NA,els2026jisc
Advances in Space Research,NA,0273-1177,2026-04-01,NA,els2026jisc
Advances in Water Resources,NA,0309-1708,2026-04-01,NA,els2026jisc
Advancing Medical-Surgical Nursing,NA,3050-8592,2026-04-01,NA,els2026jisc
Aeolian Research,NA,1875-9637,2026-04-01,NA,els2026jisc
Aerospace Science and Technology,NA,1270-9638,2026-04-01,NA,els2026jisc
AEÜ - International Journal of Electronics and Communications,NA,1434-8411,2026-04-01,NA,els2026jisc
African Transport Studies,NA,2950-1962,2026-04-01,NA,els2026jisc
Ageing Research Reviews,NA,1568-1637,2026-04-01,NA,els2026jisc
Aggression and Violent Behavior,NA,1359-1789,2026-04-01,NA,els2026jisc
Agricultural and Forest Meteorology,NA,0168-1923,2026-04-01,NA,els2026jisc
Agricultural Systems,NA,0308-521X,2026-04-01,NA,els2026jisc
"Agriculture, Ecosystems & Environment",NA,0167-8809,2026-04-01,NA,els2026jisc
Air Medical Journal,NA,1067-991X,2026-04-01,NA,els2026jisc
AJO-DO Clinical Companion,NA,2666-4305,2026-04-01,NA,els2026jisc
Alcohol,NA,0741-8329,2026-04-01,NA,els2026jisc
Algal Research,NA,2211-9264,2026-04-01,NA,els2026jisc
American Heart Journal,NA,0002-8703,2026-04-01,NA,els2026jisc
American Journal of Emergency Medicine,NA,0735-6757,2026-04-01,NA,els2026jisc
American Journal of Infection Control,NA,0196-6553,2026-04-01,NA,els2026jisc
American Journal of Kidney Diseases,NA,0272-6386,2026-04-01,NA,els2026jisc
American Journal of Obstetrics & Gynecology,NA,0002-9378,2026-04-01,NA,els2026jisc
American Journal of Obstetrics & Gynecology MFM,NA,2589-9333,2026-04-01,NA,els2026jisc
American Journal of Ophthalmology,NA,0002-9394,2026-04-01,NA,els2026jisc
American Journal of Orthodontics and Dentofacial Orthopedics,NA,0889-5406,2026-04-01,NA,els2026jisc
American Journal of Pharmaceutical Education,NA,0002-9459,2026-04-01,NA,els2026jisc
American Journal of Preventive Medicine,NA,0749-3797,2026-04-01,NA,els2026jisc
American Journal of Transplantation,NA,1600-6135,2026-04-01,NA,els2026jisc
Anaerobe,NA,1075-9964,2026-04-01,NA,els2026jisc
Anaesthesia Critical Care & Pain Medicine,NA,2352-5568,2026-04-01,NA,els2026jisc
Analytic Methods in Accident Research,NA,2213-6657,2026-04-01,NA,els2026jisc
Analytica Chimica Acta,NA,0003-2670,2026-04-01,NA,els2026jisc
Analytical Biochemistry,NA,0003-2697,2026-04-01,NA,els2026jisc
Anesthésie & Réanimation,NA,2352-5800,2026-04-01,NA,els2026jisc
Animal Behaviour,NA,0003-3472,2026-04-01,NA,els2026jisc
Animal Feed Science and Technology,NA,0377-8401,2026-04-01,NA,els2026jisc
Animal Reproduction Science,NA,0378-4320,2026-04-01,NA,els2026jisc
Annales de Chirurgie Plastique Esthétique,NA,0294-1260,2026-04-01,NA,els2026jisc
Annales de Dermatologie et de Vénéréologie,NA,0151-9638,2026-04-01,NA,els2026jisc
Annales de Paléontologie,NA,0753-3969,2026-04-01,NA,els2026jisc
Annales de Pathologie,NA,0242-6498,2026-04-01,NA,els2026jisc
Annales d'Endocrinologie,NA,0003-4266,2026-04-01,NA,els2026jisc
Annales Françaises d'Oto-Rhino-Laryngologie et de Pathologie Cervico-Faciale,NA,1879-7261,2026-04-01,NA,els2026jisc
Annales Médico-Psychologiques,NA,0003-4487,2026-04-01,NA,els2026jisc
"Annals of Allergy, Asthma & Immunology",NA,1081-1206,2026-04-01,NA,els2026jisc
Annals of Anatomy,NA,0940-9602,2026-04-01,NA,els2026jisc
Annals of Diagnostic Pathology,NA,1092-9134,2026-04-01,NA,els2026jisc
Annals of Emergency Medicine,NA,0196-0644,2026-04-01,NA,els2026jisc
Annals of Epidemiology,NA,1047-2797,2026-04-01,NA,els2026jisc
Annals of Nuclear Energy,NA,0306-4549,2026-04-01,NA,els2026jisc
Annals of Oncology,NA,0923-7534,2026-04-01,NA,els2026jisc
Annals of Physical and Rehabilitation Medicine,NA,1877-0657,2026-04-01,NA,els2026jisc
Annals of Physics,NA,0003-4916,2026-04-01,NA,els2026jisc
Annals of Pure and Applied Logic,NA,0168-0072,2026-04-01,NA,els2026jisc
Annals of the Rheumatic Diseases,NA,0003-4967,2026-04-01,NA,els2026jisc
Annals of Tourism Research,NA,0160-7383,2026-04-01,NA,els2026jisc
Annals of Vascular Surgery,NA,0890-5096,2026-04-01,NA,els2026jisc
Annual Reviews in Control,NA,1367-5788,2026-04-01,NA,els2026jisc
Anthropocene,NA,2213-3054,2026-04-01,NA,els2026jisc
Antiviral Research,NA,0166-3542,2026-04-01,NA,els2026jisc
Appetite,NA,0195-6663,2026-04-01,NA,els2026jisc
Applied Acoustics,NA,0003-682X,2026-04-01,NA,els2026jisc
Applied and Computational Harmonic Analysis,NA,1063-5203,2026-04-01,NA,els2026jisc
Applied Animal Behaviour Science,NA,0168-1591,2026-04-01,NA,els2026jisc
Applied Catalysis A: General,NA,0926-860X,2026-04-01,NA,els2026jisc
Applied Catalysis B: Environment and Energy,NA,0926-3373,2026-04-01,NA,els2026jisc
Applied Clay Science,NA,0169-1317,2026-04-01,NA,els2026jisc
Applied Corpus Linguistics,NA,2666-7991,2026-04-01,NA,els2026jisc
Applied Energy,NA,0306-2619,2026-04-01,NA,els2026jisc
Applied Ergonomics,NA,0003-6870,2026-04-01,NA,els2026jisc
Applied Geochemistry,NA,0883-2927,2026-04-01,NA,els2026jisc
Applied Geography,NA,0143-6228,2026-04-01,NA,els2026jisc
Applied Materials Today,NA,2352-9407,2026-04-01,NA,els2026jisc
Applied Mathematical Modelling,NA,0307-904X,2026-04-01,NA,els2026jisc
Applied Mathematics and Computation,NA,0096-3003,2026-04-01,NA,els2026jisc
Applied Mathematics Letters,NA,0893-9659,2026-04-01,NA,els2026jisc
Applied Numerical Mathematics,NA,0168-9274,2026-04-01,NA,els2026jisc
Applied Nursing Research,NA,0897-1897,2026-04-01,NA,els2026jisc
Applied Radiation and Isotopes,NA,0969-8043,2026-04-01,NA,els2026jisc
Applied Soft Computing,NA,1568-4946,2026-04-01,NA,els2026jisc
Applied Soil Ecology,NA,0929-1393,2026-04-01,NA,els2026jisc
Applied Studies in Innovative Learning and Teaching,NA,3051-3243,2026-04-01,NA,els2026jisc
Applied Surface Science,NA,0169-4332,2026-04-01,NA,els2026jisc
Applied Thermal Engineering,NA,1359-4311,2026-04-01,NA,els2026jisc
Aquacultural Engineering,NA,0144-8609,2026-04-01,NA,els2026jisc
Aquaculture,NA,0044-8486,2026-04-01,NA,els2026jisc
Aquatic Botany,NA,0304-3770,2026-04-01,NA,els2026jisc
Aquatic Toxicology,NA,0166-445X,2026-04-01,NA,els2026jisc
Arab Journal of Gastroenterology,NA,1687-1979,2026-04-01,NA,els2026jisc
Archaeological Research in Asia,NA,2352-2267,2026-04-01,NA,els2026jisc
Archives de Pédiatrie,NA,0929-693X,2026-04-01,NA,els2026jisc
Archives des Maladies du Coeur et des Vaisseaux: Pratique,NA,1261-694X,2026-04-01,NA,els2026jisc
Archives des Maladies Professionnelles et de l'Environnement,NA,1775-8785,2026-04-01,NA,els2026jisc
Archives of Biochemistry and Biophysics,NA,0003-9861,2026-04-01,NA,els2026jisc
Archives of Cardiovascular Diseases,NA,1875-2136,2026-04-01,NA,els2026jisc
Archives of Gerontology and Geriatrics,NA,0167-4943,2026-04-01,NA,els2026jisc
Archives of Legal Medicine,NA,2950-3949,2026-04-01,NA,els2026jisc
Archives of Medical Research,NA,0188-4409,2026-04-01,NA,els2026jisc
Archives of Oral Biology,NA,0003-9969,2026-04-01,NA,els2026jisc
Archives of Physical Medicine and Rehabilitation,NA,0003-9993,2026-04-01,NA,els2026jisc
Archives of Psychiatric Nursing,NA,0883-9417,2026-04-01,NA,els2026jisc
Archivos de Bronconeumología,NA,0300-2896,2026-04-01,NA,els2026jisc
Archivos de la Sociedad Española de Oftalmología,NA,0365-6691,2026-04-01,NA,els2026jisc
Archivos de la Sociedad Española de Oftalmología (English Edition),NA,2173-5794,2026-04-01,NA,els2026jisc
Arthropod Structure & Development,NA,1467-8039,2026-04-01,NA,els2026jisc
Artificial Intelligence,NA,0004-3702,2026-04-01,NA,els2026jisc
Artificial Intelligence for Transportation,NA,3050-8606,2026-04-01,NA,els2026jisc
Artificial Intelligence in Medicine,NA,0933-3657,2026-04-01,NA,els2026jisc
Asian Journal of Psychiatry,NA,1876-2018,2026-04-01,NA,els2026jisc
Asian Journal of Social Science,NA,1568-4849,2026-04-01,NA,els2026jisc
Assessing Writing,NA,1075-2935,2026-04-01,NA,els2026jisc
Astronomy and Computing,NA,2213-1337,2026-04-01,NA,els2026jisc
Astroparticle Physics,NA,0927-6505,2026-04-01,NA,els2026jisc
Atherosclerosis,NA,0021-9150,2026-04-01,NA,els2026jisc
Atmospheric Environment,NA,1352-2310,2026-04-01,NA,els2026jisc
Atmospheric Pollution Research,NA,1309-1042,2026-04-01,NA,els2026jisc
Atmospheric Research,NA,0169-8095,2026-04-01,NA,els2026jisc
Atomic Data and Nuclear Data Tables,NA,0092-640X,2026-04-01,NA,els2026jisc
Auris Nasus Larynx,NA,0385-8146,2026-04-01,NA,els2026jisc
Australasian Emergency Care,NA,2588-994X,2026-04-01,NA,els2026jisc
Australian Critical Care,NA,1036-7314,2026-04-01,NA,els2026jisc
Autoimmunity Reviews,NA,1568-9972,2026-04-01,NA,els2026jisc
Automatica,NA,0005-1098,2026-04-01,NA,els2026jisc
Automation in Construction,NA,0926-5805,2026-04-01,NA,els2026jisc
Autonomic Neuroscience: Basic and Clinical,NA,1566-0702,2026-04-01,NA,els2026jisc
Behavior Therapy,NA,0005-7894,2026-04-01,NA,els2026jisc
Behaviour Research and Therapy,NA,0005-7967,2026-04-01,NA,els2026jisc
Behavioural Brain Research,NA,0166-4328,2026-04-01,NA,els2026jisc
Behavioural Processes,NA,0376-6357,2026-04-01,NA,els2026jisc
Best Practice & Research Clinical Anaesthesiology,NA,1521-6896,2026-04-01,NA,els2026jisc
Best Practice & Research Clinical Endocrinology & Metabolism,NA,1521-690X,2026-04-01,NA,els2026jisc
Best Practice & Research Clinical Gastroenterology,NA,1521-6918,2026-04-01,NA,els2026jisc
Best Practice & Research Clinical Haematology,NA,1521-6926,2026-04-01,NA,els2026jisc
Best Practice & Research Clinical Obstetrics & Gynaecology,NA,1521-6934,2026-04-01,NA,els2026jisc
Best Practice & Research Clinical Rheumatology,NA,1521-6942,2026-04-01,NA,els2026jisc
Big Data Research,NA,2214-5796,2026-04-01,NA,els2026jisc
Bioactive Carbohydrates and Dietary Fibre,NA,2212-6198,2026-04-01,NA,els2026jisc
Biocatalysis and Agricultural Biotechnology,NA,1878-8181,2026-04-01,NA,els2026jisc
Biochemical and Biophysical Research Communications,NA,0006-291X,2026-04-01,NA,els2026jisc
Biochemical Engineering Journal,NA,1369-703X,2026-04-01,NA,els2026jisc
Biochemical Pharmacology,NA,0006-2952,2026-04-01,NA,els2026jisc
Biochemical Systematics and Ecology,NA,0305-1978,2026-04-01,NA,els2026jisc
Biochimica et Biophysica Acta: Bioenergetics,NA,0005-2728,2026-04-01,NA,els2026jisc
Biochimica et Biophysica Acta: Biomembranes,NA,0005-2736,2026-04-01,NA,els2026jisc
Biochimica et Biophysica Acta: Gene Regulatory Mechanisms,NA,1874-9399,2026-04-01,NA,els2026jisc
Biochimica et Biophysica Acta: General Subjects,NA,0304-4165,2026-04-01,NA,els2026jisc
Biochimica et Biophysica Acta: Molecular and Cell Biology of Lipids,NA,1388-1981,2026-04-01,NA,els2026jisc
Biochimica et Biophysica Acta: Molecular Basis of Disease,NA,0925-4439,2026-04-01,NA,els2026jisc
Biochimica et Biophysica Acta: Molecular Cell Research,NA,0167-4889,2026-04-01,NA,els2026jisc
Biochimica et Biophysica Acta: Proteins and Proteomics,NA,1570-9639,2026-04-01,NA,els2026jisc
Biochimica et Biophysica Acta: Reviews on Cancer,NA,0304-419X,2026-04-01,NA,els2026jisc
Biochimie,NA,0300-9084,2026-04-01,NA,els2026jisc
Biocybernetics and Biomedical Engineering,NA,0208-5216,2026-04-01,NA,els2026jisc
Bioelectrochemistry,NA,1567-5394,2026-04-01,NA,els2026jisc
Biological Conservation,NA,0006-3207,2026-04-01,NA,els2026jisc
Biological Psychiatry,NA,0006-3223,2026-04-01,NA,els2026jisc
Biological Psychiatry: Cognitive Neuroscience and Neuroimaging,NA,2451-9022,2026-04-01,NA,els2026jisc
Biological Psychology,NA,0301-0511,2026-04-01,NA,els2026jisc
Biologicals,NA,1045-1056,2026-04-01,NA,els2026jisc
Biomass & Bioenergy,NA,0961-9534,2026-04-01,NA,els2026jisc
Biomaterials,NA,0142-9612,2026-04-01,NA,els2026jisc
Biomaterials Advances,NA,2772-9508,2026-04-01,NA,els2026jisc
Biomedical Signal Processing and Control,NA,1746-8094,2026-04-01,NA,els2026jisc
Bioorganic & Medicinal Chemistry,NA,0968-0896,2026-04-01,NA,els2026jisc
Bioorganic & Medicinal Chemistry Letters,NA,0960-894X,2026-04-01,NA,els2026jisc
Bioorganic Chemistry,NA,0045-2068,2026-04-01,NA,els2026jisc
Biophysical Chemistry,NA,0301-4622,2026-04-01,NA,els2026jisc
Biophysical Journal,NA,0006-3495,2026-04-01,NA,els2026jisc
Bioprinting,NA,2405-8866,2026-04-01,NA,els2026jisc
Bioresource Technology,NA,0960-8524,2026-04-01,NA,els2026jisc
Bioresource Technology Reports,NA,2589-014X,2026-04-01,NA,els2026jisc
Biosensors and Bioelectronics,NA,0956-5663,2026-04-01,NA,els2026jisc
BioSystems,NA,0303-2647,2026-04-01,NA,els2026jisc
Biosystems Engineering,NA,1537-5110,2026-04-01,NA,els2026jisc
Biotechnology Advances,NA,0734-9750,2026-04-01,NA,els2026jisc
BJA Education,NA,2058-5349,2026-04-01,NA,els2026jisc
"Blood Cells, Molecules and Diseases",NA,1079-9796,2026-04-01,NA,els2026jisc
Blood Reviews,NA,0268-960X,2026-04-01,NA,els2026jisc
Body Image,NA,1740-1445,2026-04-01,NA,els2026jisc
Bone,NA,8756-3282,2026-04-01,NA,els2026jisc
Brachytherapy,NA,1538-4721,2026-04-01,NA,els2026jisc
Brain & Development,NA,0387-7604,2026-04-01,NA,els2026jisc
Brain and Cognition,NA,0278-2626,2026-04-01,NA,els2026jisc
Brain and Language,NA,0093-934X,2026-04-01,NA,els2026jisc
Brain Mechanisms,NA,3050-6425,2026-04-01,NA,els2026jisc
Brain Research,NA,0006-8993,2026-04-01,NA,els2026jisc
"Brain, Behavior, and Immunity",NA,0889-1591,2026-04-01,NA,els2026jisc
Brazilian Journal of Physical Therapy,NA,1413-3555,2026-04-01,NA,els2026jisc
British Journal of Anaesthesia,NA,0007-0912,2026-04-01,NA,els2026jisc
British Journal of Oral and Maxillofacial Surgery,NA,0266-4356,2026-04-01,NA,els2026jisc
Building and Environment,NA,0360-1323,2026-04-01,NA,els2026jisc
Bulletin des Sciences Mathématiques,NA,0007-4497,2026-04-01,NA,els2026jisc
Bulletin du Cancer,NA,0007-4551,2026-04-01,NA,els2026jisc
Burns,NA,0305-4179,2026-04-01,NA,els2026jisc
Business Horizons,NA,0007-6813,2026-04-01,NA,els2026jisc
Cahiers de Nutrition et de Diététique,NA,0007-9960,2026-04-01,NA,els2026jisc
Calphad,NA,0364-5916,2026-04-01,NA,els2026jisc
Canadian Journal of Cardiology,NA,0828-282X,2026-04-01,NA,els2026jisc
Canadian Journal of Diabetes,NA,1499-2671,2026-04-01,NA,els2026jisc
Canadian Journal of Ophthalmology,NA,0008-4182,2026-04-01,NA,els2026jisc
Cancer Cell,NA,1535-6108,2026-04-01,NA,els2026jisc
Cancer Epidemiology,NA,1877-7821,2026-04-01,NA,els2026jisc
Cancer Genetics,NA,2210-7762,2026-04-01,NA,els2026jisc
Cancer Letters,NA,0304-3835,2026-04-01,NA,els2026jisc
Cancer Radiothérapie,NA,1278-3218,2026-04-01,NA,els2026jisc
Cancer Treatment Reviews,NA,0305-7372,2026-04-01,NA,els2026jisc
Carbohydrate Polymers,NA,0144-8617,2026-04-01,NA,els2026jisc
Carbohydrate Research,NA,0008-6215,2026-04-01,NA,els2026jisc
Carbon,NA,0008-6223,2026-04-01,NA,els2026jisc
Cardiovascular Pathology,NA,1054-8807,2026-04-01,NA,els2026jisc
Cardiovascular Revascularization Medicine,NA,1553-8389,2026-04-01,NA,els2026jisc
Case Studies on Transport Policy,NA,2213-624X,2026-04-01,NA,els2026jisc
Catalysis Today,NA,0920-5861,2026-04-01,NA,els2026jisc
CATENA,NA,0341-8162,2026-04-01,NA,els2026jisc
Cell,NA,0092-8674,2026-04-01,NA,els2026jisc
Cell Biomaterials,NA,3050-5623,2026-04-01,NA,els2026jisc
Cell Calcium,NA,0143-4160,2026-04-01,NA,els2026jisc
Cell Chemical Biology,NA,2451-9456,2026-04-01,NA,els2026jisc
Cell Host & Microbe,NA,1931-3128,2026-04-01,NA,els2026jisc
Cell Metabolism,NA,1550-4131,2026-04-01,NA,els2026jisc
Cell Stem Cell,NA,1934-5909,2026-04-01,NA,els2026jisc
Cell Systems,NA,2405-4712,2026-04-01,NA,els2026jisc
Cells & Development,NA,2667-2901,2026-04-01,NA,els2026jisc
Cellular Immunology,NA,0008-8749,2026-04-01,NA,els2026jisc
Cellular Signalling,NA,0898-6568,2026-04-01,NA,els2026jisc
Cement and Concrete Composites,NA,0958-9465,2026-04-01,NA,els2026jisc
Cement and Concrete Research,NA,0008-8846,2026-04-01,NA,els2026jisc
Ceramics International,NA,0272-8842,2026-04-01,NA,els2026jisc
"Chaos, Solitons & Fractals",NA,0960-0779,2026-04-01,NA,els2026jisc
Chem,NA,2451-9294,2026-04-01,NA,els2026jisc
Chem Catalysis,NA,2667-1093,2026-04-01,NA,els2026jisc
Chem Circularity,NA,3051-2948,2026-04-01,NA,els2026jisc
Chemical Data Collections,NA,2405-8300,2026-04-01,NA,els2026jisc
Chemical Engineering and Processing - Process Intensification,NA,0255-2701,2026-04-01,NA,els2026jisc
Chemical Engineering Journal,NA,1385-8947,2026-04-01,NA,els2026jisc
Chemical Engineering Research and Design,NA,0263-8762,2026-04-01,NA,els2026jisc
Chemical Engineering Science,NA,0009-2509,2026-04-01,NA,els2026jisc
Chemical Geology,NA,0009-2541,2026-04-01,NA,els2026jisc
Chemical Physics,NA,0301-0104,2026-04-01,NA,els2026jisc
Chemical Physics Letters,NA,0009-2614,2026-04-01,NA,els2026jisc
Chemico-Biological Interactions,NA,0009-2797,2026-04-01,NA,els2026jisc
Chemistry and Physics of Lipids,NA,0009-3084,2026-04-01,NA,els2026jisc
Chemometrics and Intelligent Laboratory Systems,NA,0169-7439,2026-04-01,NA,els2026jisc
Chemosphere,NA,0045-6535,2026-04-01,NA,els2026jisc
CHEST,NA,0012-3692,2026-04-01,NA,els2026jisc
Child Abuse & Neglect,NA,0145-2134,2026-04-01,NA,els2026jisc
Children and Youth Services Review,NA,0190-7409,2026-04-01,NA,els2026jisc
China Economic Review,NA,1043-951X,2026-04-01,NA,els2026jisc
Chinese Journal of Chemical Engineering,NA,1004-9541,2026-04-01,NA,els2026jisc
Chinese Journal of Physics,NA,0577-9073,2026-04-01,NA,els2026jisc
Chinese Journal of Structural Chemistry,NA,0254-5861,2026-04-01,NA,els2026jisc
CIRP Annals,NA,0007-8506,2026-04-01,NA,els2026jisc
CIRP Journal of Manufacturing Science and Technology,NA,1755-5817,2026-04-01,NA,els2026jisc
Cirugía Española,NA,0009-739X,2026-04-01,NA,els2026jisc
Cirugía Española (English edition),NA,2173-5077,2026-04-01,NA,els2026jisc
Cities,NA,0264-2751,2026-04-01,NA,els2026jisc
"City, Culture and Society",NA,1877-9166,2026-04-01,NA,els2026jisc
Clinica Chimica Acta,NA,0009-8981,2026-04-01,NA,els2026jisc
Clínica e Investigación en Arteriosclerosis,NA,0214-9168,2026-04-01,NA,els2026jisc
Clínica e Investigación en Arteriosclerosis (English Edition),NA,2529-9123,2026-04-01,NA,els2026jisc
Clínica e Investigación en Ginecología y Obstetricia,NA,0210-573X,2026-04-01,NA,els2026jisc
Clinical Biochemistry,NA,0009-9120,2026-04-01,NA,els2026jisc
Clinical Biomechanics,NA,0268-0033,2026-04-01,NA,els2026jisc
Clinical Breast Cancer,NA,1526-8209,2026-04-01,NA,els2026jisc
Clinical Colorectal Cancer,NA,1533-0028,2026-04-01,NA,els2026jisc
Clinical Gastroenterology and Hepatology,NA,1542-3565,2026-04-01,NA,els2026jisc
Clinical Genitourinary Cancer,NA,1558-7673,2026-04-01,NA,els2026jisc
Clinical Imaging,NA,0899-7071,2026-04-01,NA,els2026jisc
Clinical Immunology,NA,1521-6616,2026-04-01,NA,els2026jisc
Clinical Lung Cancer,NA,1525-7304,2026-04-01,NA,els2026jisc
"Clinical Lymphoma, Myeloma & Leukemia",NA,2152-2650,2026-04-01,NA,els2026jisc
Clinical Microbiology and Infection,NA,1198-743X,2026-04-01,NA,els2026jisc
Clinical Microbiology Newsletter,NA,0196-4399,2026-04-01,NA,els2026jisc
Clinical Neurology and Neurosurgery,NA,0303-8467,2026-04-01,NA,els2026jisc
Clinical Neurophysiology,NA,1388-2457,2026-04-01,NA,els2026jisc
Clinical Nutrition,NA,0261-5614,2026-04-01,NA,els2026jisc
Clinical Nutrition ESPEN,NA,2405-4577,2026-04-01,NA,els2026jisc
Clinical Oncology,NA,0936-6555,2026-04-01,NA,els2026jisc
Clinical Psychology Review,NA,0272-7358,2026-04-01,NA,els2026jisc
Clinical Radiology,NA,0009-9260,2026-04-01,NA,els2026jisc
Clinical Simulation in Nursing,NA,1876-1399,2026-04-01,NA,els2026jisc
Clinical Therapeutics,NA,0149-2918,2026-04-01,NA,els2026jisc
Clinics and Research in Hepatology and Gastroenterology,NA,2210-7401,2026-04-01,NA,els2026jisc
Clinics in Dermatology,NA,0738-081X,2026-04-01,NA,els2026jisc
Coastal Engineering,NA,0378-3839,2026-04-01,NA,els2026jisc
Cognition,NA,0010-0277,2026-04-01,NA,els2026jisc
Cognitive and Behavioral Practice,NA,1077-7229,2026-04-01,NA,els2026jisc
Cognitive Development,NA,0885-2014,2026-04-01,NA,els2026jisc
Cognitive Psychology,NA,0010-0285,2026-04-01,NA,els2026jisc
Cognitive Systems Research,NA,1389-0417,2026-04-01,NA,els2026jisc
Cold Regions Science and Technology,NA,0165-232X,2026-04-01,NA,els2026jisc
Collegian,NA,1322-7696,2026-04-01,NA,els2026jisc
Colloids and Surfaces A: Physicochemical and Engineering Aspects,NA,0927-7757,2026-04-01,NA,els2026jisc
Colloids and Surfaces B: Biointerfaces,NA,0927-7765,2026-04-01,NA,els2026jisc
Colloids and Surfaces C: Environmental Aspects,NA,2949-7590,2026-04-01,NA,els2026jisc
Combustion and Flame,NA,0010-2180,2026-04-01,NA,els2026jisc
Communications in Nonlinear Science and Numerical Simulation,NA,1007-5704,2026-04-01,NA,els2026jisc
Comparative Biochemistry and Physiology - Part A: Molecular & Integrative Physiology,NA,1095-6433,2026-04-01,NA,els2026jisc
Comparative Biochemistry and Physiology - Part B: Biochemistry & Molecular Biology,NA,1096-4959,2026-04-01,NA,els2026jisc
Comparative Biochemistry and Physiology - Part C: Toxicology & Pharmacology,NA,1532-0456,2026-04-01,NA,els2026jisc
Comparative Biochemistry and Physiology - Part D: Genomics and Proteomics,NA,1744-117X,2026-04-01,NA,els2026jisc
"Comparative Immunology, Microbiology & Infectious Diseases",NA,0147-9571,2026-04-01,NA,els2026jisc
Complementary Therapies in Clinical Practice,NA,1744-3881,2026-04-01,NA,els2026jisc
Composite Structures,NA,0263-8223,2026-04-01,NA,els2026jisc
Composites Communications,NA,2452-2139,2026-04-01,NA,els2026jisc
Composites Part A: Applied Science and Manufacturing,NA,1359-835X,2026-04-01,NA,els2026jisc
Composites Part B: Engineering,NA,1359-8368,2026-04-01,NA,els2026jisc
Composites Science and Technology,NA,0266-3538,2026-04-01,NA,els2026jisc
Computational and Theoretical Chemistry,NA,2210-271X,2026-04-01,NA,els2026jisc
Computational Biology and Chemistry,NA,1476-9271,2026-04-01,NA,els2026jisc
Computational Condensed Matter,NA,2352-2143,2026-04-01,NA,els2026jisc
Computational Geometry,NA,0925-7721,2026-04-01,NA,els2026jisc
Computational Materials Science,NA,0927-0256,2026-04-01,NA,els2026jisc
Computational Statistics & Data Analysis,NA,0167-9473,2026-04-01,NA,els2026jisc
Computational Toxicology,NA,2468-1113,2026-04-01,NA,els2026jisc
Computer Aided Geometric Design,NA,0167-8396,2026-04-01,NA,els2026jisc
Computer Communications,NA,0140-3664,2026-04-01,NA,els2026jisc
Computer Law & Security Review,NA,2212-473X,2026-04-01,NA,els2026jisc
Computer Methods and Programs in Biomedicine,NA,0169-2607,2026-04-01,NA,els2026jisc
Computer Methods in Applied Mechanics and Engineering,NA,0045-7825,2026-04-01,NA,els2026jisc
Computer Networks,NA,1389-1286,2026-04-01,NA,els2026jisc
Computer Physics Communications,NA,0010-4655,2026-04-01,NA,els2026jisc
Computer Science Review,NA,1574-0137,2026-04-01,NA,els2026jisc
Computer Speech and Language,NA,0885-2308,2026-04-01,NA,els2026jisc
Computer Standards & Interfaces,NA,0920-5489,2026-04-01,NA,els2026jisc
Computer Vision and Image Understanding,NA,1077-3142,2026-04-01,NA,els2026jisc
Computer-Aided Design,NA,0010-4485,2026-04-01,NA,els2026jisc
Computerized Medical Imaging and Graphics,NA,0895-6111,2026-04-01,NA,els2026jisc
Computers & Chemical Engineering,NA,0098-1354,2026-04-01,NA,els2026jisc
Computers & Education,NA,0360-1315,2026-04-01,NA,els2026jisc
Computers & Electrical Engineering,NA,0045-7906,2026-04-01,NA,els2026jisc
Computers & Fluids,NA,0045-7930,2026-04-01,NA,els2026jisc
Computers & Geosciences,NA,0098-3004,2026-04-01,NA,els2026jisc
Computers & Graphics,NA,0097-8493,2026-04-01,NA,els2026jisc
Computers & Industrial Engineering,NA,0360-8352,2026-04-01,NA,els2026jisc
Computers & Mathematics with Applications,NA,0898-1221,2026-04-01,NA,els2026jisc
Computers & Operations Research,NA,0305-0548,2026-04-01,NA,els2026jisc
Computers & Security,NA,0167-4048,2026-04-01,NA,els2026jisc
Computers & Structures,NA,0045-7949,2026-04-01,NA,els2026jisc
Computers and Composition,NA,8755-4615,2026-04-01,NA,els2026jisc
Computers and Electronics in Agriculture,NA,0168-1699,2026-04-01,NA,els2026jisc
Computers and Geotechnics,NA,0266-352X,2026-04-01,NA,els2026jisc
Computers in Biology and Medicine,NA,0010-4825,2026-04-01,NA,els2026jisc
Computers in Human Behavior,NA,0747-5632,2026-04-01,NA,els2026jisc
Computers in Industry,NA,0166-3615,2026-04-01,NA,els2026jisc
"Computers, Environment and Urban Systems",NA,0198-9715,2026-04-01,NA,els2026jisc
Consciousness and Cognition,NA,1053-8100,2026-04-01,NA,els2026jisc
Construction and Building Materials,NA,0950-0618,2026-04-01,NA,els2026jisc
Contact Lens & Anterior Eye,NA,1367-0484,2026-04-01,NA,els2026jisc
Contemporary Clinical Trials,NA,1551-7144,2026-04-01,NA,els2026jisc
Contemporary Educational Psychology,NA,0361-476X,2026-04-01,NA,els2026jisc
Continental Shelf Research,NA,0278-4343,2026-04-01,NA,els2026jisc
Contraception,NA,0010-7824,2026-04-01,NA,els2026jisc
Control Engineering Practice,NA,0967-0661,2026-04-01,NA,els2026jisc
Coordination Chemistry Reviews,NA,0010-8545,2026-04-01,NA,els2026jisc
Corrosion Science,NA,0010-938X,2026-04-01,NA,els2026jisc
Cortex,NA,0010-9452,2026-04-01,NA,els2026jisc
Cretaceous Research,NA,0195-6671,2026-04-01,NA,els2026jisc
Critical Perspectives on Accounting,NA,1045-2354,2026-04-01,NA,els2026jisc
Critical Reviews in Oncology/Hematology,NA,1040-8428,2026-04-01,NA,els2026jisc
Crop Protection,NA,0261-2194,2026-04-01,NA,els2026jisc
Cryobiology,NA,0011-2240,2026-04-01,NA,els2026jisc
Cryogenics,NA,0011-2275,2026-04-01,NA,els2026jisc
Current Applied Physics,NA,1567-1739,2026-04-01,NA,els2026jisc
Current Biology,NA,0960-9822,2026-04-01,NA,els2026jisc
Current Opinion in Behavioral Sciences,NA,2352-1546,2026-04-01,NA,els2026jisc
Current Opinion in Biomedical Engineering,NA,2468-4511,2026-04-01,NA,els2026jisc
Current Opinion in Biotechnology,NA,0958-1669,2026-04-01,NA,els2026jisc
Current Opinion in Cell Biology,NA,0955-0674,2026-04-01,NA,els2026jisc
Current Opinion in Chemical Biology,NA,1367-5931,2026-04-01,NA,els2026jisc
Current Opinion in Chemical Engineering,NA,2211-3398,2026-04-01,NA,els2026jisc
Current Opinion in Colloid & Interface Science,NA,1359-0294,2026-04-01,NA,els2026jisc
Current Opinion in Electrochemistry,NA,2451-9103,2026-04-01,NA,els2026jisc
Current Opinion in Endocrine and Metabolic Research,NA,2451-9650,2026-04-01,NA,els2026jisc
Current Opinion in Environmental Science & Health,NA,2468-5844,2026-04-01,NA,els2026jisc
Current Opinion in Environmental Sustainability,NA,1877-3435,2026-04-01,NA,els2026jisc
Current Opinion in Food Science,NA,2214-7993,2026-04-01,NA,els2026jisc
Current Opinion in Genetics & Development,NA,0959-437X,2026-04-01,NA,els2026jisc
Current Opinion in Green and Sustainable Chemistry,NA,2452-2236,2026-04-01,NA,els2026jisc
Current Opinion in Immunology,NA,0952-7915,2026-04-01,NA,els2026jisc
Current Opinion in Insect Science,NA,2214-5745,2026-04-01,NA,els2026jisc
Current Opinion in Microbiology,NA,1369-5274,2026-04-01,NA,els2026jisc
Current Opinion in Neurobiology,NA,0959-4388,2026-04-01,NA,els2026jisc
Current Opinion in Pharmacology,NA,1471-4892,2026-04-01,NA,els2026jisc
Current Opinion in Physiology,NA,2468-8673,2026-04-01,NA,els2026jisc
Current Opinion in Plant Biology,NA,1369-5266,2026-04-01,NA,els2026jisc
Current Opinion in Psychology,NA,2352-250X,2026-04-01,NA,els2026jisc
Current Opinion in Solid State & Materials Science,NA,1359-0286,2026-04-01,NA,els2026jisc
Current Opinion in Structural Biology,NA,0959-440X,2026-04-01,NA,els2026jisc
Current Opinion in Systems Biology,NA,2452-3100,2026-04-01,NA,els2026jisc
Current Opinion in Toxicology,NA,2468-2020,2026-04-01,NA,els2026jisc
Current Opinion in Virology,NA,1879-6257,2026-04-01,NA,els2026jisc
Current Problems in Cancer,NA,0147-0272,2026-04-01,NA,els2026jisc
Current Problems in Cardiology,NA,0146-2806,2026-04-01,NA,els2026jisc
Current Problems in Diagnostic Radiology,NA,0363-0188,2026-04-01,NA,els2026jisc
Current Problems in Pediatric and Adolescent Health Care,NA,1538-5442,2026-04-01,NA,els2026jisc
Current Research in Translational Medicine,NA,2452-3186,2026-04-01,NA,els2026jisc
Currents in Pharmacy Teaching and Learning,NA,1877-1297,2026-04-01,NA,els2026jisc
Cytokine,NA,1043-4666,2026-04-01,NA,els2026jisc
Cytokine & Growth Factor Reviews,NA,1359-6101,2026-04-01,NA,els2026jisc
Cytotherapy,NA,1465-3249,2026-04-01,NA,els2026jisc
Data & Knowledge Engineering,NA,0169-023X,2026-04-01,NA,els2026jisc
Decision Support Systems,NA,0167-9236,2026-04-01,NA,els2026jisc
Deep-Sea Research Part I: Oceanographic Research Papers,NA,0967-0637,2026-04-01,NA,els2026jisc
Deep-Sea Research Part II: Topical Studies in Oceanography,NA,0967-0645,2026-04-01,NA,els2026jisc
Dendrochronologia,NA,1125-7865,2026-04-01,NA,els2026jisc
Dental Materials,NA,0109-5641,2026-04-01,NA,els2026jisc
Desalination,NA,0011-9164,2026-04-01,NA,els2026jisc
Design Studies,NA,0142-694X,2026-04-01,NA,els2026jisc
Development and Sustainability in Economics and Finance,NA,2950-5240,2026-04-01,NA,els2026jisc
Developmental & Comparative Immunology,NA,0145-305X,2026-04-01,NA,els2026jisc
Developmental Biology,NA,0012-1606,2026-04-01,NA,els2026jisc
Developmental Cell,NA,1534-5807,2026-04-01,NA,els2026jisc
Developmental Review,NA,0273-2297,2026-04-01,NA,els2026jisc
Device,NA,2666-9986,2026-04-01,NA,els2026jisc
Diabetes & Metabolic Syndrome: Clinical Research & Reviews,NA,1871-4021,2026-04-01,NA,els2026jisc
Diabetes & Metabolism,NA,1262-3636,2026-04-01,NA,els2026jisc
Diabetes Research and Clinical Practice,NA,0168-8227,2026-04-01,NA,els2026jisc
Diagnostic and Interventional Imaging,NA,2211-5684,2026-04-01,NA,els2026jisc
Diagnostic Microbiology and Infectious Disease,NA,0732-8893,2026-04-01,NA,els2026jisc
Diamond and Related Materials,NA,0925-9635,2026-04-01,NA,els2026jisc
Differential Geometry and its Applications,NA,0926-2245,2026-04-01,NA,els2026jisc
Differentiation,NA,0301-4681,2026-04-01,NA,els2026jisc
Digital Applications in Archaeology and Cultural Heritage,NA,2212-0548,2026-04-01,NA,els2026jisc
Digital Signal Processing,NA,1051-2004,2026-04-01,NA,els2026jisc
Disability and Health Journal,NA,1936-6574,2026-04-01,NA,els2026jisc
"Discourse, Context & Media",NA,2211-6958,2026-04-01,NA,els2026jisc
Discrete Applied Mathematics,NA,0166-218X,2026-04-01,NA,els2026jisc
Discrete Mathematics,NA,0012-365X,2026-04-01,NA,els2026jisc
Discrete Optimization,NA,1572-5286,2026-04-01,NA,els2026jisc
Disease-A-Month,NA,0011-5029,2026-04-01,NA,els2026jisc
Displays,NA,0141-9382,2026-04-01,NA,els2026jisc
DNA Repair,NA,1568-7864,2026-04-01,NA,els2026jisc
Domestic Animal Endocrinology,NA,0739-7240,2026-04-01,NA,els2026jisc
Douleurs,NA,1624-5687,2026-04-01,NA,els2026jisc
Drug and Alcohol Dependence,NA,0376-8716,2026-04-01,NA,els2026jisc
Drug Discovery Today,NA,1359-6446,2026-04-01,NA,els2026jisc
Drug Metabolism and Disposition,NA,0090-9556,2026-04-01,NA,els2026jisc
Drug Metabolism and Pharmacokinetics,NA,1347-4367,2026-04-01,NA,els2026jisc
Drug Resistance Updates,NA,1368-7646,2026-04-01,NA,els2026jisc
Dyes and Pigments,NA,0143-7208,2026-04-01,NA,els2026jisc
Dynamics of Atmospheres and Oceans,NA,0377-0265,2026-04-01,NA,els2026jisc
Early Childhood Research Quarterly,NA,0885-2006,2026-04-01,NA,els2026jisc
Early Human Development,NA,0378-3782,2026-04-01,NA,els2026jisc
Earth and Planetary Science Letters,NA,0012-821X,2026-04-01,NA,els2026jisc
Earth-Science Reviews,NA,0012-8252,2026-04-01,NA,els2026jisc
Eating Behaviors,NA,1471-0153,2026-04-01,NA,els2026jisc
Ecohydrology & Hydrobiology,NA,1642-3593,2026-04-01,NA,els2026jisc
Ecological Complexity,NA,1476-945X,2026-04-01,NA,els2026jisc
Ecological Economics,NA,0921-8009,2026-04-01,NA,els2026jisc
Ecological Engineering,NA,0925-8574,2026-04-01,NA,els2026jisc
Ecological Frontiers,NA,2950-5097,2026-04-01,NA,els2026jisc
Ecological Genetics and Genomics,NA,2405-9854,2026-04-01,NA,els2026jisc
Ecological Modelling,NA,0304-3800,2026-04-01,NA,els2026jisc
Econometrics and Statistics,NA,2452-3062,2026-04-01,NA,els2026jisc
Economic Analysis and Policy,NA,0313-5926,2026-04-01,NA,els2026jisc
Economic Modelling,NA,0264-9993,2026-04-01,NA,els2026jisc
Economic Systems,NA,0939-3625,2026-04-01,NA,els2026jisc
Economics & Human Biology,NA,1570-677X,2026-04-01,NA,els2026jisc
Economics Letters,NA,0165-1765,2026-04-01,NA,els2026jisc
Economics of Education Review,NA,0272-7757,2026-04-01,NA,els2026jisc
Economics of Transportation,NA,2212-0122,2026-04-01,NA,els2026jisc
Ecosystem Services,NA,2212-0416,2026-04-01,NA,els2026jisc
Education for Chemical Engineers,NA,1749-7728,2026-04-01,NA,els2026jisc
Educational Research Review,NA,1747-938X,2026-04-01,NA,els2026jisc
Electoral Studies,NA,0261-3794,2026-04-01,NA,els2026jisc
Electric Power Systems Research,NA,0378-7796,2026-04-01,NA,els2026jisc
Electrochimica Acta,NA,0013-4686,2026-04-01,NA,els2026jisc
Electronic Commerce Research and Applications,NA,1567-4223,2026-04-01,NA,els2026jisc
Emerging Markets Review,NA,1566-0141,2026-04-01,NA,els2026jisc
"Emotion, Space and Society",NA,1755-4586,2026-04-01,NA,els2026jisc
Endeavour,NA,0160-9327,2026-04-01,NA,els2026jisc
Endocrine Practice,NA,1530-891X,2026-04-01,NA,els2026jisc
"Endocrinología, Diabetes y Nutrición",NA,2530-0164,2026-04-01,NA,els2026jisc
"Endocrinología, Diabetes y Nutrición (English Edition)",NA,2530-0180,2026-04-01,NA,els2026jisc
Energy,NA,0360-5442,2026-04-01,NA,els2026jisc
Energy 360,NA,2950-4872,2026-04-01,NA,els2026jisc
Energy and Buildings,NA,0378-7788,2026-04-01,NA,els2026jisc
Energy and Climate Change,NA,2666-2787,2026-04-01,NA,els2026jisc
Energy Conversion and Management,NA,0196-8904,2026-04-01,NA,els2026jisc
Energy Economics,NA,0140-9883,2026-04-01,NA,els2026jisc
Energy for Sustainable Development,NA,0973-0826,2026-04-01,NA,els2026jisc
Energy Policy,NA,0301-4215,2026-04-01,NA,els2026jisc
Energy Research & Social Science,NA,2214-6296,2026-04-01,NA,els2026jisc
Energy Storage Materials,NA,2405-8297,2026-04-01,NA,els2026jisc
EnergyChem,NA,2589-7780,2026-04-01,NA,els2026jisc
Enfermedades Infecciosas y Microbiología Clínica,NA,0213-005X,2026-04-01,NA,els2026jisc
Enfermedades Infecciosas y Microbiología Clínica (English Edition),NA,2529-993X,2026-04-01,NA,els2026jisc
Enfermería Clínica,NA,1130-8621,2026-04-01,NA,els2026jisc
Enfermería Clínica (English Edition),NA,2445-1479,2026-04-01,NA,els2026jisc
Enfermería intensiva,NA,1130-2399,2026-04-01,NA,els2026jisc
Enfermería Intensiva (English Edition),NA,2529-9840,2026-04-01,NA,els2026jisc
Engineering Analysis with Boundary Elements,NA,0955-7997,2026-04-01,NA,els2026jisc
Engineering Applications of Artificial Intelligence,NA,0952-1976,2026-04-01,NA,els2026jisc
Engineering Failure Analysis,NA,1350-6307,2026-04-01,NA,els2026jisc
Engineering Fracture Mechanics,NA,0013-7944,2026-04-01,NA,els2026jisc
Engineering Geology,NA,0013-7952,2026-04-01,NA,els2026jisc
Engineering Structures,NA,0141-0296,2026-04-01,NA,els2026jisc
English for Specific Purposes,NA,0889-4906,2026-04-01,NA,els2026jisc
Entertainment Computing,NA,1875-9521,2026-04-01,NA,els2026jisc
Environmental Development,NA,2211-4645,2026-04-01,NA,els2026jisc
Environmental Impact Assessment Review,NA,0195-9255,2026-04-01,NA,els2026jisc
Environmental Innovation and Societal Transitions,NA,2210-4224,2026-04-01,NA,els2026jisc
Environmental Modelling & Software,NA,1364-8152,2026-04-01,NA,els2026jisc
"Environmental Nanotechnology, Monitoring and Management",NA,2215-1532,2026-04-01,NA,els2026jisc
Environmental Pollution,NA,0269-7491,2026-04-01,NA,els2026jisc
Environmental Research,NA,0013-9351,2026-04-01,NA,els2026jisc
Environmental Science & Policy,NA,1462-9011,2026-04-01,NA,els2026jisc
Environmental Toxicology and Pharmacology,NA,1382-6689,2026-04-01,NA,els2026jisc
Enzyme and Microbial Technology,NA,0141-0229,2026-04-01,NA,els2026jisc
Epilepsy & Behavior,NA,1525-5050,2026-04-01,NA,els2026jisc
Epilepsy Research,NA,0920-1211,2026-04-01,NA,els2026jisc
"Estuarine, Coastal and Shelf Science",NA,0272-7714,2026-04-01,NA,els2026jisc
"Ethics, Medicine & Public Health",NA,2352-5525,2026-04-01,NA,els2026jisc
Éthique & Santé,NA,1765-4629,2026-04-01,NA,els2026jisc
eTransportation,NA,2590-1168,2026-04-01,NA,els2026jisc
"European Annals of Otorhinolaryngology, Head and Neck Diseases",NA,1879-7296,2026-04-01,NA,els2026jisc
European Economic Review,NA,0014-2921,2026-04-01,NA,els2026jisc
European Journal of Agronomy,NA,1161-0301,2026-04-01,NA,els2026jisc
European Journal of Cancer,NA,0959-8049,2026-04-01,NA,els2026jisc
European Journal of Combinatorics,NA,0195-6698,2026-04-01,NA,els2026jisc
European Journal of Control,NA,0947-3580,2026-04-01,NA,els2026jisc
European Journal of Integrative Medicine,NA,1876-3820,2026-04-01,NA,els2026jisc
European Journal of Internal Medicine,NA,0953-6205,2026-04-01,NA,els2026jisc
European Journal of Mechanics - A/Solids,NA,0997-7538,2026-04-01,NA,els2026jisc
European Journal of Mechanics - B/Fluids,NA,0997-7546,2026-04-01,NA,els2026jisc
European Journal of Medicinal Chemistry,NA,0223-5234,2026-04-01,NA,els2026jisc
European Journal of Obstetrics & Gynecology and Reproductive Biology,NA,0301-2115,2026-04-01,NA,els2026jisc
European Journal of Oncology Nursing,NA,1462-3889,2026-04-01,NA,els2026jisc
European Journal of Operational Research,NA,0377-2217,2026-04-01,NA,els2026jisc
European Journal of Paediatric Neurology,NA,1090-3798,2026-04-01,NA,els2026jisc
European Journal of Pharmaceutics and Biopharmaceutics,NA,0939-6411,2026-04-01,NA,els2026jisc
European Journal of Pharmacology,NA,0014-2999,2026-04-01,NA,els2026jisc
European Journal of Political Economy,NA,0176-2680,2026-04-01,NA,els2026jisc
European Journal of Protistology,NA,0932-4739,2026-04-01,NA,els2026jisc
European Journal of Radiology,NA,0720-048X,2026-04-01,NA,els2026jisc
European Journal of Soil Biology,NA,1164-5563,2026-04-01,NA,els2026jisc
European Journal of Surgical Oncology,NA,0748-7983,2026-04-01,NA,els2026jisc
European Journal of Trauma & Dissociation,NA,2468-7499,2026-04-01,NA,els2026jisc
European Journal of Vascular and Endovascular Surgery,NA,1078-5884,2026-04-01,NA,els2026jisc
European Management Journal,NA,0263-2373,2026-04-01,NA,els2026jisc
European Neuropsychopharmacology,NA,0924-977X,2026-04-01,NA,els2026jisc
European Polymer Journal,NA,0014-3057,2026-04-01,NA,els2026jisc
European Review of Applied Psychology,NA,1162-9088,2026-04-01,NA,els2026jisc
European Urology,NA,0302-2838,2026-04-01,NA,els2026jisc
European Urology Focus,NA,2405-4569,2026-04-01,NA,els2026jisc
European Urology Oncology,NA,2588-9311,2026-04-01,NA,els2026jisc
Evaluation and Program Planning,NA,0149-7189,2026-04-01,NA,els2026jisc
Evolution and Human Behavior,NA,1090-5138,2026-04-01,NA,els2026jisc
Experimental Cell Research,NA,0014-4827,2026-04-01,NA,els2026jisc
Experimental Eye Research,NA,0014-4835,2026-04-01,NA,els2026jisc
Experimental Hematology,NA,0301-472X,2026-04-01,NA,els2026jisc
Experimental Neurology,NA,0014-4886,2026-04-01,NA,els2026jisc
Experimental Parasitology,NA,0014-4894,2026-04-01,NA,els2026jisc
Experimental Thermal and Fluid Science,NA,0894-1777,2026-04-01,NA,els2026jisc
Expert Systems with Applications,NA,0957-4174,2026-04-01,NA,els2026jisc
Explorations in Economic History,NA,0014-4983,2026-04-01,NA,els2026jisc
EXPLORE,NA,1550-8307,2026-04-01,NA,els2026jisc
Expositiones Mathematicae,NA,0723-0869,2026-04-01,NA,els2026jisc
Extreme Mechanics Letters,NA,2352-4316,2026-04-01,NA,els2026jisc
F&S Reviews,NA,2666-5719,2026-04-01,NA,els2026jisc
F&S Science,NA,2666-335X,2026-04-01,NA,els2026jisc
Fertility and Sterility,NA,0015-0282,2026-04-01,NA,els2026jisc
Field Crops Research,NA,0378-4290,2026-04-01,NA,els2026jisc
Finance Research Letters,NA,1544-6123,2026-04-01,NA,els2026jisc
Finite Elements in Analysis and Design,NA,0168-874X,2026-04-01,NA,els2026jisc
Finite Fields and Their Applications,NA,1071-5797,2026-04-01,NA,els2026jisc
Fire Safety Journal,NA,0379-7112,2026-04-01,NA,els2026jisc
Fish & Shellfish Immunology,NA,1050-4648,2026-04-01,NA,els2026jisc
Fisheries Research,NA,0165-7836,2026-04-01,NA,els2026jisc
Fisioterapia,NA,0211-5638,2026-04-01,NA,els2026jisc
Fitoterapia,NA,0367-326X,2026-04-01,NA,els2026jisc
FlatChem,NA,2452-2627,2026-04-01,NA,els2026jisc
Flora,NA,0367-2530,2026-04-01,NA,els2026jisc
Flow Measurement and Instrumentation,NA,0955-5986,2026-04-01,NA,els2026jisc
Fluid Phase Equilibria,NA,0378-3812,2026-04-01,NA,els2026jisc
Food and Bioproducts Processing,NA,0960-3085,2026-04-01,NA,els2026jisc
Food and Chemical Toxicology,NA,0278-6915,2026-04-01,NA,els2026jisc
Food and Humanity,NA,2949-8244,2026-04-01,NA,els2026jisc
Food Bioscience,NA,2212-4292,2026-04-01,NA,els2026jisc
Food Chemistry,NA,0308-8146,2026-04-01,NA,els2026jisc
Food Control,NA,0956-7135,2026-04-01,NA,els2026jisc
Food Hydrocolloids,NA,0268-005X,2026-04-01,NA,els2026jisc
Food Microbiology,NA,0740-0020,2026-04-01,NA,els2026jisc
Food Packaging and Shelf Life,NA,2214-2894,2026-04-01,NA,els2026jisc
Food Policy,NA,0306-9192,2026-04-01,NA,els2026jisc
Food Quality and Preference,NA,0950-3293,2026-04-01,NA,els2026jisc
Food Research International,NA,0963-9969,2026-04-01,NA,els2026jisc
Food Structure,NA,2213-3291,2026-04-01,NA,els2026jisc
Food Webs,NA,2352-2496,2026-04-01,NA,els2026jisc
Foot and Ankle Surgery,NA,1268-7731,2026-04-01,NA,els2026jisc
Football Studies,NA,3051-2689,2026-04-01,NA,els2026jisc
Forensic Chemistry,NA,2468-1709,2026-04-01,NA,els2026jisc
Forensic Imaging,NA,2666-2256,2026-04-01,NA,els2026jisc
Forensic Science International,NA,0379-0738,2026-04-01,NA,els2026jisc
Forensic Science International: Digital Investigation,NA,2666-2817,2026-04-01,NA,els2026jisc
Forensic Science International: Genetics,NA,1872-4973,2026-04-01,NA,els2026jisc
Forensic Science International: Genetics Supplement Series,NA,1875-1768,2026-04-01,NA,els2026jisc
Forest Ecology and Management,NA,0378-1127,2026-04-01,NA,els2026jisc
Forest Policy and Economics,NA,1389-9341,2026-04-01,NA,els2026jisc
Free Radical Biology & Medicine,NA,0891-5849,2026-04-01,NA,els2026jisc
Frontiers in Neuroendocrinology,NA,0091-3022,2026-04-01,NA,els2026jisc
Fuel,NA,0016-2361,2026-04-01,NA,els2026jisc
Fungal Biology,NA,1878-6146,2026-04-01,NA,els2026jisc
Fungal Biology Reviews,NA,1749-4613,2026-04-01,NA,els2026jisc
Fungal Ecology,NA,1754-5048,2026-04-01,NA,els2026jisc
Fungal Genetics and Biology,NA,1087-1845,2026-04-01,NA,els2026jisc
Fusion Engineering and Design,NA,0920-3796,2026-04-01,NA,els2026jisc
Fuß & Sprunggelenk,NA,1619-9987,2026-04-01,NA,els2026jisc
Future Generation Computer Systems,NA,0167-739X,2026-04-01,NA,els2026jisc
Futures,NA,0016-3287,2026-04-01,NA,els2026jisc
Fuzzy Sets and Systems,NA,0165-0114,2026-04-01,NA,els2026jisc
Gait & Posture,NA,0966-6362,2026-04-01,NA,els2026jisc
Games and Economic Behavior,NA,0899-8256,2026-04-01,NA,els2026jisc
Gas Science and Engineering,NA,2949-9089,2026-04-01,NA,els2026jisc
Gastroenterología y Hepatología,NA,0210-5705,2026-04-01,NA,els2026jisc
Gastroenterología y Hepatología (English Edition),NA,2444-3824,2026-04-01,NA,els2026jisc
Gastroenterology,NA,0016-5085,2026-04-01,NA,els2026jisc
Gastrointestinal Endoscopy,NA,0016-5107,2026-04-01,NA,els2026jisc
Gene,NA,0378-1119,2026-04-01,NA,els2026jisc
Gene Expression Patterns,NA,1567-133X,2026-04-01,NA,els2026jisc
Gene Reports,NA,2452-0144,2026-04-01,NA,els2026jisc
General and Comparative Endocrinology,NA,0016-6480,2026-04-01,NA,els2026jisc
General Hospital Psychiatry,NA,0163-8343,2026-04-01,NA,els2026jisc
Genetics in Medicine,NA,1098-3600,2026-04-01,NA,els2026jisc
Geobios,NA,0016-6995,2026-04-01,NA,els2026jisc
Geochemistry,NA,0009-2819,2026-04-01,NA,els2026jisc
Geochimica et Cosmochimica Acta,NA,0016-7037,2026-04-01,NA,els2026jisc
Geoderma Regional,NA,2352-0094,2026-04-01,NA,els2026jisc
Geoenergy Science and Engineering,NA,2949-8910,2026-04-01,NA,els2026jisc
Geoforum,NA,0016-7185,2026-04-01,NA,els2026jisc
Geomechanics for Energy and the Environment,NA,2352-3808,2026-04-01,NA,els2026jisc
Geomorphology,NA,0169-555X,2026-04-01,NA,els2026jisc
Geotextiles and Geomembranes,NA,0266-1144,2026-04-01,NA,els2026jisc
Geothermics,NA,0375-6505,2026-04-01,NA,els2026jisc
Geriatric Nursing,NA,0197-4572,2026-04-01,NA,els2026jisc
Global and Planetary Change,NA,0921-8181,2026-04-01,NA,els2026jisc
Global Economics Research,NA,3050-8037,2026-04-01,NA,els2026jisc
Global Environmental Change,NA,0959-3780,2026-04-01,NA,els2026jisc
Global Finance Journal,NA,1044-0283,2026-04-01,NA,els2026jisc
Global Food Security,NA,2211-9124,2026-04-01,NA,els2026jisc
Gondwana Research,NA,1342-937X,2026-04-01,NA,els2026jisc
Government Information Quarterly,NA,0740-624X,2026-04-01,NA,els2026jisc
Groundwater for Sustainable Development,NA,2352-801X,2026-04-01,NA,els2026jisc
Growth Hormone & IGF Research,NA,1096-6374,2026-04-01,NA,els2026jisc
Gynecologic Oncology,NA,0090-8258,2026-04-01,NA,els2026jisc
Gynécologie Obstétrique Fertilité & Sénologie,NA,2468-7189,2026-04-01,NA,els2026jisc
Habitat International,NA,0197-3975,2026-04-01,NA,els2026jisc
Hand Surgery & Rehabilitation,NA,2468-1229,2026-04-01,NA,els2026jisc
Harmful Algae,NA,1568-9883,2026-04-01,NA,els2026jisc
Health & Place,NA,1353-8292,2026-04-01,NA,els2026jisc
Health Policy,NA,0168-8510,2026-04-01,NA,els2026jisc
Health Policy and Technology,NA,2211-8837,2026-04-01,NA,els2026jisc
Healthcare: The Journal of Delivery Science and Innovation,NA,2213-0764,2026-04-01,NA,els2026jisc
Hearing Research,NA,0378-5955,2026-04-01,NA,els2026jisc
Heart & Lung,NA,0147-9563,2026-04-01,NA,els2026jisc
Heart Rhythm,NA,1547-5271,2026-04-01,NA,els2026jisc
"Heart, Lung and Circulation",NA,1443-9506,2026-04-01,NA,els2026jisc
High Energy Density Physics,NA,1574-1818,2026-04-01,NA,els2026jisc
Hipertensión y Riesgo Vascular,NA,1889-1837,2026-04-01,NA,els2026jisc
Historia Mathematica,NA,0315-0860,2026-04-01,NA,els2026jisc
Hormones and Behavior,NA,0018-506X,2026-04-01,NA,els2026jisc
HPB,NA,1365-182X,2026-04-01,NA,els2026jisc
Human Gene,NA,2773-0441,2026-04-01,NA,els2026jisc
Human Immunology,NA,0198-8859,2026-04-01,NA,els2026jisc
Human Movement Science,NA,0167-9457,2026-04-01,NA,els2026jisc
Human Pathology,NA,0046-8177,2026-04-01,NA,els2026jisc
Human Resource Management Review,NA,1053-4822,2026-04-01,NA,els2026jisc
Hydrometallurgy,NA,0304-386X,2026-04-01,NA,els2026jisc
Icarus,NA,0019-1035,2026-04-01,NA,els2026jisc
IFAC Journal of Systems and Control,NA,2468-6018,2026-04-01,NA,els2026jisc
Image and Vision Computing,NA,0262-8856,2026-04-01,NA,els2026jisc
Imagerie de la Femme,NA,1776-9817,2026-04-01,NA,els2026jisc
Immunity,NA,1074-7613,2026-04-01,NA,els2026jisc
Immunology Letters,NA,0165-2478,2026-04-01,NA,els2026jisc
In Analysis,NA,2542-3606,2026-04-01,NA,els2026jisc
Indagationes Mathematicae,NA,0019-3577,2026-04-01,NA,els2026jisc
Indian Journal of Medical Microbiology,NA,0255-0857,2026-04-01,NA,els2026jisc
Industrial Marketing Management,NA,0019-8501,2026-04-01,NA,els2026jisc
Infant Behavior and Development,NA,0163-6383,2026-04-01,NA,els2026jisc
"Infection, Disease & Health",NA,2468-0451,2026-04-01,NA,els2026jisc
Infectious Diseases Now,NA,2666-9919,2026-04-01,NA,els2026jisc
Information & Management,NA,0378-7206,2026-04-01,NA,els2026jisc
Information and Computation,NA,0890-5401,2026-04-01,NA,els2026jisc
Information and Organization,NA,1471-7727,2026-04-01,NA,els2026jisc
Information and Software Technology,NA,0950-5849,2026-04-01,NA,els2026jisc
Information Economics and Policy,NA,0167-6245,2026-04-01,NA,els2026jisc
Information Fusion,NA,1566-2535,2026-04-01,NA,els2026jisc
Information Processing & Management,NA,0306-4573,2026-04-01,NA,els2026jisc
Information Processing Letters,NA,0020-0190,2026-04-01,NA,els2026jisc
Information Sciences,NA,0020-0255,2026-04-01,NA,els2026jisc
Information Systems,NA,0306-4379,2026-04-01,NA,els2026jisc
Infrared Physics & Technology,NA,1350-4495,2026-04-01,NA,els2026jisc
Injury,NA,0020-1383,2026-04-01,NA,els2026jisc
Innovative Food Science and Emerging Technologies,NA,1466-8564,2026-04-01,NA,els2026jisc
Inorganic Chemistry Communications,NA,1387-7003,2026-04-01,NA,els2026jisc
Inorganica Chimica Acta,NA,0020-1693,2026-04-01,NA,els2026jisc
Insect Biochemistry and Molecular Biology,NA,0965-1748,2026-04-01,NA,els2026jisc
Insurance: Mathematics and Economics,NA,0167-6687,2026-04-01,NA,els2026jisc
Integration,NA,0167-9260,2026-04-01,NA,els2026jisc
Intelligence,NA,0160-2896,2026-04-01,NA,els2026jisc
Intensive and Critical Care Nursing,NA,0964-3397,2026-04-01,NA,els2026jisc
Intermetallics,NA,0966-9795,2026-04-01,NA,els2026jisc
International Biodeterioration & Biodegradation,NA,0964-8305,2026-04-01,NA,els2026jisc
International Business Review,NA,0969-5931,2026-04-01,NA,els2026jisc
International Communications in Heat and Mass Transfer,NA,0735-1933,2026-04-01,NA,els2026jisc
International Dairy Journal,NA,0958-6946,2026-04-01,NA,els2026jisc
International Economics,NA,2110-7017,2026-04-01,NA,els2026jisc
International Emergency Nursing,NA,1755-599X,2026-04-01,NA,els2026jisc
International Immunopharmacology,NA,1567-5769,2026-04-01,NA,els2026jisc
International Journal for Parasitology,NA,0020-7519,2026-04-01,NA,els2026jisc
International Journal of Accounting Information Systems,NA,1467-0895,2026-04-01,NA,els2026jisc
International Journal of Adhesion and Adhesives,NA,0143-7496,2026-04-01,NA,els2026jisc
International Journal of Antimicrobial Agents,NA,0924-8579,2026-04-01,NA,els2026jisc
International Journal of Approximate Reasoning,NA,0888-613X,2026-04-01,NA,els2026jisc
International Journal of Biological Macromolecules,NA,0141-8130,2026-04-01,NA,els2026jisc
International Journal of Cardiology,NA,0167-5273,2026-04-01,NA,els2026jisc
International Journal of Child-Computer Interaction,NA,2212-8689,2026-04-01,NA,els2026jisc
International Journal of Coal Geology,NA,0166-5162,2026-04-01,NA,els2026jisc
International Journal of Critical Infrastructure Protection,NA,1874-5482,2026-04-01,NA,els2026jisc
International Journal of Drug Policy,NA,0955-3959,2026-04-01,NA,els2026jisc
International Journal of Educational Development,NA,0738-0593,2026-04-01,NA,els2026jisc
International Journal of Educational Research,NA,0883-0355,2026-04-01,NA,els2026jisc
International Journal of Engineering Science,NA,0020-7225,2026-04-01,NA,els2026jisc
International Journal of Fatigue,NA,0142-1123,2026-04-01,NA,els2026jisc
International Journal of Food Microbiology,NA,0168-1605,2026-04-01,NA,els2026jisc
International Journal of Forecasting,NA,0169-2070,2026-04-01,NA,els2026jisc
International Journal of Gastronomy and Food Science,NA,1878-450X,2026-04-01,NA,els2026jisc
International Journal of Greenhouse Gas Control,NA,1750-5836,2026-04-01,NA,els2026jisc
International Journal of Gynecological Cancer,NA,1048-891X,2026-04-01,NA,els2026jisc
International Journal of Heat and Fluid Flow,NA,0142-727X,2026-04-01,NA,els2026jisc
International Journal of Heat and Mass Transfer,NA,0017-9310,2026-04-01,NA,els2026jisc
International Journal of Hospitality Management,NA,0278-4319,2026-04-01,NA,els2026jisc
International Journal of Human-Computer Studies,NA,1071-5819,2026-04-01,NA,els2026jisc
International Journal of Hydrogen Energy,NA,0360-3199,2026-04-01,NA,els2026jisc
International Journal of Hygiene and Environmental Health,NA,1438-4639,2026-04-01,NA,els2026jisc
International Journal of Impact Engineering,NA,0734-743X,2026-04-01,NA,els2026jisc
International Journal of Industrial Ergonomics,NA,0169-8141,2026-04-01,NA,els2026jisc
International Journal of Industrial Organization,NA,0167-7187,2026-04-01,NA,els2026jisc
International Journal of Information Management,NA,0268-4012,2026-04-01,NA,els2026jisc
International Journal of Intercultural Relations,NA,0147-1767,2026-04-01,NA,els2026jisc
International Journal of Law and Psychiatry,NA,0160-2527,2026-04-01,NA,els2026jisc
"International Journal of Law, Crime and Justice",NA,1756-0616,2026-04-01,NA,els2026jisc
International Journal of Machine Tools and Manufacture,NA,0890-6955,2026-04-01,NA,els2026jisc
International Journal of Mass Spectrometry,NA,1387-3806,2026-04-01,NA,els2026jisc
International Journal of Mechanical Sciences,NA,0020-7403,2026-04-01,NA,els2026jisc
International Journal of Medical Informatics,NA,1386-5056,2026-04-01,NA,els2026jisc
International Journal of Multiphase Flow,NA,0301-9322,2026-04-01,NA,els2026jisc
International Journal of Non-Linear Mechanics,NA,0020-7462,2026-04-01,NA,els2026jisc
International Journal of Nursing Studies,NA,0020-7489,2026-04-01,NA,els2026jisc
International Journal of Obstetric Anesthesia,NA,0959-289X,2026-04-01,NA,els2026jisc
International Journal of Oral and Maxillofacial Surgery,NA,0901-5027,2026-04-01,NA,els2026jisc
International Journal of Orthopaedic and Trauma Nursing,NA,1878-1241,2026-04-01,NA,els2026jisc
International Journal of Osteopathic Medicine,NA,1746-0689,2026-04-01,NA,els2026jisc
International Journal of Paleopathology,NA,1879-9817,2026-04-01,NA,els2026jisc
International Journal of Pediatric Otorhinolaryngology,NA,0165-5876,2026-04-01,NA,els2026jisc
International Journal of Pharmaceutics,NA,0378-5173,2026-04-01,NA,els2026jisc
International Journal of Plasticity,NA,0749-6419,2026-04-01,NA,els2026jisc
International Journal of Pressure Vessels and Piping,NA,0308-0161,2026-04-01,NA,els2026jisc
International Journal of Production Economics,NA,0925-5273,2026-04-01,NA,els2026jisc
International Journal of Project Management,NA,0263-7863,2026-04-01,NA,els2026jisc
International Journal of Psychophysiology,NA,0167-8760,2026-04-01,NA,els2026jisc
"International Journal of Radiation Oncology, Biology, Physics",NA,0360-3016,2026-04-01,NA,els2026jisc
International Journal of Refractory Metals and Hard Materials,NA,0263-4368,2026-04-01,NA,els2026jisc
International Journal of Refrigeration,NA,0140-7007,2026-04-01,NA,els2026jisc
International Journal of Research in Marketing,NA,0167-8116,2026-04-01,NA,els2026jisc
International Journal of Rock Mechanics and Mining Sciences,NA,1365-1609,2026-04-01,NA,els2026jisc
International Journal of Solids and Structures,NA,0020-7683,2026-04-01,NA,els2026jisc
International Journal of Thermal Sciences,NA,1290-0729,2026-04-01,NA,els2026jisc
International Orthodontics,NA,1761-7227,2026-04-01,NA,els2026jisc
International Review of Economics Education,NA,1477-3880,2026-04-01,NA,els2026jisc
International Review of Financial Analysis,NA,1057-5219,2026-04-01,NA,els2026jisc
International Review of Law and Economics,NA,0144-8188,2026-04-01,NA,els2026jisc
Internet of Things,NA,2542-6605,2026-04-01,NA,els2026jisc
IRBM,NA,1959-0318,2026-04-01,NA,els2026jisc
ISA Transactions,NA,0019-0578,2026-04-01,NA,els2026jisc
ISPRS Journal of Photogrammetry and Remote Sensing,NA,0924-2716,2026-04-01,NA,els2026jisc
JACC: Cardiovascular Imaging,NA,1936-878X,2026-04-01,NA,els2026jisc
JACC: Cardiovascular Interventions,NA,1936-8798,2026-04-01,NA,els2026jisc
JACC: Clinical Electrophysiology,NA,2405-500X,2026-04-01,NA,els2026jisc
JACC: Heart Failure,NA,2213-1779,2026-04-01,NA,els2026jisc
Japan and the World Economy,NA,0922-1425,2026-04-01,NA,els2026jisc
Joint Bone Spine,NA,1297-319X,2026-04-01,NA,els2026jisc
Joule,NA,2542-4351,2026-04-01,NA,els2026jisc
Journal de Chirurgie Viscérale,NA,1878-786X,2026-04-01,NA,els2026jisc
Journal de Mathématiques Pures et Appliquées,NA,0021-7824,2026-04-01,NA,els2026jisc
Journal de Pédiatrie et de Puériculture,NA,0987-7983,2026-04-01,NA,els2026jisc
Journal de Traumatologie du Sport,NA,0762-915X,2026-04-01,NA,els2026jisc
Journal d'Imagerie Diagnostique et Interventionnelle,NA,2543-3431,2026-04-01,NA,els2026jisc
Journal for Nature Conservation,NA,1617-1381,2026-04-01,NA,els2026jisc
Journal Français d'Ophtalmologie,NA,0181-5512,2026-04-01,NA,els2026jisc
Journal of AAPOS,NA,1091-8531,2026-04-01,NA,els2026jisc
Journal of Accounting and Economics,NA,0165-4101,2026-04-01,NA,els2026jisc
Journal of Accounting and Public Policy,NA,0278-4254,2026-04-01,NA,els2026jisc
Journal of Accounting Education,NA,0748-5751,2026-04-01,NA,els2026jisc
Journal of Adolescent Health,NA,1054-139X,2026-04-01,NA,els2026jisc
Journal of Aerosol Science,NA,0021-8502,2026-04-01,NA,els2026jisc
Journal of Affective Disorders,NA,0165-0327,2026-04-01,NA,els2026jisc
Journal of African Earth Sciences,NA,1464-343X,2026-04-01,NA,els2026jisc
Journal of Aging Studies,NA,0890-4065,2026-04-01,NA,els2026jisc
Journal of Air Transport Management,NA,0969-6997,2026-04-01,NA,els2026jisc
Journal of Algebra,NA,0021-8693,2026-04-01,NA,els2026jisc
Journal of Allergy and Clinical Immunology,NA,0091-6749,2026-04-01,NA,els2026jisc
Journal of Alloys and Compounds,NA,0925-8388,2026-04-01,NA,els2026jisc
Journal of Alloys and Compounds Communications,NA,2950-2845,2026-04-01,NA,els2026jisc
Journal of Analytical and Applied Pyrolysis,NA,0165-2370,2026-04-01,NA,els2026jisc
Journal of Anthropological Archaeology,NA,0278-4165,2026-04-01,NA,els2026jisc
Journal of Anxiety Disorders,NA,0887-6185,2026-04-01,NA,els2026jisc
Journal of Applied Developmental Psychology,NA,0193-3973,2026-04-01,NA,els2026jisc
Journal of Applied Geophysics,NA,0926-9851,2026-04-01,NA,els2026jisc
Journal of Applied Research on Medicinal and Aromatic Plants,NA,2214-7861,2026-04-01,NA,els2026jisc
Journal of Approximation Theory,NA,0021-9045,2026-04-01,NA,els2026jisc
Journal of Archaeological Science,NA,0305-4403,2026-04-01,NA,els2026jisc
Journal of Archaeological Science: Reports,NA,2352-409X,2026-04-01,NA,els2026jisc
Journal of Arid Environments,NA,0140-1963,2026-04-01,NA,els2026jisc
Journal of Arthroplasty,NA,0883-5403,2026-04-01,NA,els2026jisc
Journal of Asian Earth Sciences,NA,1367-9120,2026-04-01,NA,els2026jisc
Journal of Asian Economics,NA,1049-0078,2026-04-01,NA,els2026jisc
Journal of Asia-Pacific Entomology,NA,1226-8615,2026-04-01,NA,els2026jisc
Journal of Atmospheric and Solar-Terrestrial Physics,NA,1364-6826,2026-04-01,NA,els2026jisc
Journal of Autoimmunity,NA,0896-8411,2026-04-01,NA,els2026jisc
Journal of Banking & Finance,NA,0378-4266,2026-04-01,NA,els2026jisc
Journal of Behavior Therapy and Experimental Psychiatry,NA,0005-7916,2026-04-01,NA,els2026jisc
Journal of Behavioral and Cognitive Therapy,NA,2589-9791,2026-04-01,NA,els2026jisc
Journal of Behavioral and Experimental Economics,NA,2214-8043,2026-04-01,NA,els2026jisc
Journal of Behavioral and Experimental Finance,NA,2214-6350,2026-04-01,NA,els2026jisc
Journal of Biomechanics,NA,0021-9290,2026-04-01,NA,els2026jisc
Journal of Biomedical Informatics,NA,1532-0464,2026-04-01,NA,els2026jisc
Journal of Biotechnology,NA,0168-1656,2026-04-01,NA,els2026jisc
Journal of Bodywork and Movement Therapies,NA,1360-8592,2026-04-01,NA,els2026jisc
Journal of Building Engineering,NA,2352-7102,2026-04-01,NA,els2026jisc
Journal of Business Research,NA,0148-2963,2026-04-01,NA,els2026jisc
Journal of Business Venturing,NA,0883-9026,2026-04-01,NA,els2026jisc
Journal of Business Venturing Design,NA,2667-2774,2026-04-01,NA,els2026jisc
Journal of Business Venturing Insights,NA,2352-6734,2026-04-01,NA,els2026jisc
Journal of Cancer Policy,NA,2213-5383,2026-04-01,NA,els2026jisc
Journal of Cardiac Failure,NA,1071-9164,2026-04-01,NA,els2026jisc
Journal of Cardiology,NA,0914-5087,2026-04-01,NA,els2026jisc
Journal of Cardiology Cases,NA,1878-5409,2026-04-01,NA,els2026jisc
Journal of Cardiothoracic and Vascular Anesthesia,NA,1053-0770,2026-04-01,NA,els2026jisc
Journal of Cardiovascular Computed Tomography,NA,1934-5925,2026-04-01,NA,els2026jisc
Journal of Catalysis,NA,0021-9517,2026-04-01,NA,els2026jisc
Journal of Cereal Science,NA,0733-5210,2026-04-01,NA,els2026jisc
Journal of Chiropractic Humanities,NA,1556-3499,2026-04-01,NA,els2026jisc
Journal of Chiropractic Medicine,NA,1556-3707,2026-04-01,NA,els2026jisc
Journal of Choice Modelling,NA,1755-5345,2026-04-01,NA,els2026jisc
Journal of Chromatography A,NA,0021-9673,2026-04-01,NA,els2026jisc
Journal of Chromatography B,NA,1570-0232,2026-04-01,NA,els2026jisc
Journal of Cleaner Production,NA,0959-6526,2026-04-01,NA,els2026jisc
Journal of Climate Finance,NA,2949-7280,2026-04-01,NA,els2026jisc
Journal of Clinical and Experimental Hepatology,NA,0973-6883,2026-04-01,NA,els2026jisc
Journal of Clinical Anesthesia,NA,0952-8180,2026-04-01,NA,els2026jisc
Journal of Clinical Densitometry,NA,1094-6950,2026-04-01,NA,els2026jisc
Journal of Clinical Epidemiology,NA,0895-4356,2026-04-01,NA,els2026jisc
Journal of Clinical Lipidology,NA,1933-2874,2026-04-01,NA,els2026jisc
Journal of Clinical Neuroscience,NA,0967-5868,2026-04-01,NA,els2026jisc
Journal of Clinical Orthopaedics and Trauma,NA,0976-5662,2026-04-01,NA,els2026jisc
Journal of Clinical Virology,NA,1386-6532,2026-04-01,NA,els2026jisc
Journal of Colloid and Interface Science,NA,0021-9797,2026-04-01,NA,els2026jisc
"Journal of Combinatorial Theory, Series A",NA,0097-3165,2026-04-01,NA,els2026jisc
"Journal of Combinatorial Theory, Series B",NA,0095-8956,2026-04-01,NA,els2026jisc
Journal of Commodity Markets,NA,2405-8513,2026-04-01,NA,els2026jisc
Journal of Communication Disorders,NA,0021-9924,2026-04-01,NA,els2026jisc
Journal of Comparative Economics,NA,0147-5967,2026-04-01,NA,els2026jisc
Journal of Comparative Pathology,NA,0021-9975,2026-04-01,NA,els2026jisc
Journal of Complexity,NA,0885-064X,2026-04-01,NA,els2026jisc
Journal of Computational and Applied Mathematics,NA,0377-0427,2026-04-01,NA,els2026jisc
Journal of Computational Physics,NA,0021-9991,2026-04-01,NA,els2026jisc
Journal of Computational Science,NA,1877-7503,2026-04-01,NA,els2026jisc
Journal of Computer and System Sciences,NA,0022-0000,2026-04-01,NA,els2026jisc
Journal of Computer Languages,NA,2590-1184,2026-04-01,NA,els2026jisc
Journal of Constructional Steel Research,NA,0143-974X,2026-04-01,NA,els2026jisc
Journal of Contaminant Hydrology,NA,0169-7722,2026-04-01,NA,els2026jisc
Journal of Contemporary Accounting & Economics,NA,1815-5669,2026-04-01,NA,els2026jisc
Journal of Contextual Behavioral Science,NA,2212-1447,2026-04-01,NA,els2026jisc
Journal of Controlled Release,NA,0168-3659,2026-04-01,NA,els2026jisc
Journal of Co-operative Organization and Management,NA,2213-297X,2026-04-01,NA,els2026jisc
Journal of Corporate Finance,NA,0929-1199,2026-04-01,NA,els2026jisc
Journal of Cranio-Maxillofacial Surgery,NA,1010-5182,2026-04-01,NA,els2026jisc
Journal of Criminal Justice,NA,0047-2352,2026-04-01,NA,els2026jisc
Journal of Critical Care,NA,0883-9441,2026-04-01,NA,els2026jisc
Journal of Crystal Growth,NA,0022-0248,2026-04-01,NA,els2026jisc
Journal of Cultural Heritage,NA,1296-2074,2026-04-01,NA,els2026jisc
Journal of Cystic Fibrosis,NA,1569-1993,2026-04-01,NA,els2026jisc
Journal of Dentistry,NA,0300-5712,2026-04-01,NA,els2026jisc
Journal of Dermatological Science,NA,0923-1811,2026-04-01,NA,els2026jisc
Journal of Destination Marketing & Management,NA,2212-571X,2026-04-01,NA,els2026jisc
Journal of Development Economics,NA,0304-3878,2026-04-01,NA,els2026jisc
Journal of Diabetes and its Complications,NA,1056-8727,2026-04-01,NA,els2026jisc
Journal of Differential Equations,NA,0022-0396,2026-04-01,NA,els2026jisc
Journal of Drug Delivery Science and Technology,NA,1773-2247,2026-04-01,NA,els2026jisc
Journal of Econometrics,NA,0304-4076,2026-04-01,NA,els2026jisc
Journal of Economic Behavior & Organization,NA,0167-2681,2026-04-01,NA,els2026jisc
Journal of Economic Dynamics and Control,NA,0165-1889,2026-04-01,NA,els2026jisc
Journal of Economic Psychology,NA,0167-4870,2026-04-01,NA,els2026jisc
Journal of Economic Theory,NA,0022-0531,2026-04-01,NA,els2026jisc
Journal of Economics and Business,NA,0148-6195,2026-04-01,NA,els2026jisc
Journal of Electroanalytical Chemistry,NA,1572-6657,2026-04-01,NA,els2026jisc
Journal of Electrocardiology,NA,0022-0736,2026-04-01,NA,els2026jisc
Journal of Electromyography and Kinesiology,NA,1050-6411,2026-04-01,NA,els2026jisc
Journal of Electron Spectroscopy and Related Phenomena,NA,0368-2048,2026-04-01,NA,els2026jisc
Journal of Electrostatics,NA,0304-3886,2026-04-01,NA,els2026jisc
Journal of Emergency Nursing,NA,0099-1767,2026-04-01,NA,els2026jisc
Journal of Empirical Finance,NA,0927-5398,2026-04-01,NA,els2026jisc
Journal of Endodontics,NA,0099-2399,2026-04-01,NA,els2026jisc
Journal of Energy Chemistry,NA,2095-4956,2026-04-01,NA,els2026jisc
Journal of Energy Storage,NA,2352-152X,2026-04-01,NA,els2026jisc
Journal of Engineering and Technology Management,NA,0923-4748,2026-04-01,NA,els2026jisc
Journal of English for Academic Purposes,NA,1475-1585,2026-04-01,NA,els2026jisc
Journal of Environmental Chemical Engineering,NA,2213-3437,2026-04-01,NA,els2026jisc
Journal of Environmental Economics and Management,NA,0095-0696,2026-04-01,NA,els2026jisc
Journal of Environmental Management,NA,0301-4797,2026-04-01,NA,els2026jisc
Journal of Environmental Psychology,NA,0272-4944,2026-04-01,NA,els2026jisc
Journal of Environmental Radioactivity,NA,0265-931X,2026-04-01,NA,els2026jisc
Journal of Environmental Sciences,NA,1001-0742,2026-04-01,NA,els2026jisc
Journal of Epidemiology and Population Health,NA,2950-4333,2026-04-01,NA,els2026jisc
Journal of Equine Veterinary Science,NA,0737-0806,2026-04-01,NA,els2026jisc
Journal of Ethnopharmacology,NA,0378-8741,2026-04-01,NA,els2026jisc
Journal of Evidence-Based Dental Practice,NA,1532-3382,2026-04-01,NA,els2026jisc
Journal of Exotic Pet Medicine,NA,1557-5063,2026-04-01,NA,els2026jisc
Journal of Experimental Child Psychology,NA,0022-0965,2026-04-01,NA,els2026jisc
Journal of Experimental Horticulture,NA,3051-1186,2026-04-01,NA,els2026jisc
Journal of Experimental Marine Biology and Ecology,NA,0022-0981,2026-04-01,NA,els2026jisc
Journal of Experimental Social Psychology,NA,0022-1031,2026-04-01,NA,els2026jisc
Journal of Family Business Strategy,NA,1877-8585,2026-04-01,NA,els2026jisc
Journal of Financial Economics,NA,0304-405X,2026-04-01,NA,els2026jisc
Journal of Financial Intermediation,NA,1042-9573,2026-04-01,NA,els2026jisc
Journal of Financial Markets,NA,1386-4181,2026-04-01,NA,els2026jisc
Journal of Financial Stability,NA,1572-3089,2026-04-01,NA,els2026jisc
Journal of Fluency Disorders,NA,0094-730X,2026-04-01,NA,els2026jisc
Journal of Fluids and Structures,NA,0889-9746,2026-04-01,NA,els2026jisc
Journal of Fluorine Chemistry,NA,0022-1139,2026-04-01,NA,els2026jisc
Journal of Food Engineering,NA,0260-8774,2026-04-01,NA,els2026jisc
Journal of Forensic and Legal Medicine,NA,1752-928X,2026-04-01,NA,els2026jisc
Journal of Functional Analysis,NA,0022-1236,2026-04-01,NA,els2026jisc
Journal of Gastrointestinal Surgery,NA,1091-255X,2026-04-01,NA,els2026jisc
Journal of Genetics and Genomics,NA,1673-8527,2026-04-01,NA,els2026jisc
Journal of Geochemical Exploration,NA,0375-6742,2026-04-01,NA,els2026jisc
Journal of Geodynamics,NA,0264-3707,2026-04-01,NA,els2026jisc
Journal of Geometry and Physics,NA,0393-0440,2026-04-01,NA,els2026jisc
Journal of Geriatric Oncology,NA,1879-4068,2026-04-01,NA,els2026jisc
Journal of Great Lakes Research,NA,0380-1330,2026-04-01,NA,els2026jisc
Journal of Gynecology Obstetrics and Human Reproduction,NA,2468-7847,2026-04-01,NA,els2026jisc
Journal of Hand and Microsurgery,NA,0974-3227,2026-04-01,NA,els2026jisc
Journal of Hand Therapy,NA,0894-1130,2026-04-01,NA,els2026jisc
Journal of Hazardous Materials,NA,0304-3894,2026-04-01,NA,els2026jisc
Journal of Health Economics,NA,0167-6296,2026-04-01,NA,els2026jisc
Journal of Healthcare Quality Research,NA,2603-6479,2026-04-01,NA,els2026jisc
Journal of Hepatology,NA,0168-8278,2026-04-01,NA,els2026jisc
Journal of Herbal Medicine,NA,2210-8033,2026-04-01,NA,els2026jisc
Journal of High Energy Astrophysics,NA,2214-4048,2026-04-01,NA,els2026jisc
Journal of Historical Geography,NA,0305-7488,2026-04-01,NA,els2026jisc
Journal of Hospital Infection,NA,0195-6701,2026-04-01,NA,els2026jisc
Journal of Hospitality and Tourism Management,NA,1447-6770,2026-04-01,NA,els2026jisc
"Journal of Hospitality, Leisure, Sport & Tourism Education",NA,1473-8376,2026-04-01,NA,els2026jisc
Journal of Housing Economics,NA,1051-1377,2026-04-01,NA,els2026jisc
Journal of Human Evolution,NA,0047-2484,2026-04-01,NA,els2026jisc
Journal of Hydro-environment Research,NA,1570-6443,2026-04-01,NA,els2026jisc
Journal of Hydrology,NA,0022-1694,2026-04-01,NA,els2026jisc
Journal of Immunological Methods,NA,0022-1759,2026-04-01,NA,els2026jisc
Journal of Industrial and Engineering Chemistry,NA,1226-086X,2026-04-01,NA,els2026jisc
Journal of Industrial Information Integration,NA,2452-414X,2026-04-01,NA,els2026jisc
Journal of Information Security and Applications,NA,2214-2126,2026-04-01,NA,els2026jisc
Journal of Informetrics,NA,1751-1577,2026-04-01,NA,els2026jisc
Journal of Inorganic Biochemistry,NA,0162-0134,2026-04-01,NA,els2026jisc
Journal of Insect Physiology,NA,0022-1910,2026-04-01,NA,els2026jisc
Journal of Integrative Medicine,NA,2095-4964,2026-04-01,NA,els2026jisc
"Journal of International Accounting, Auditing and Taxation",NA,1061-9518,2026-04-01,NA,els2026jisc
Journal of International Economics,NA,0022-1996,2026-04-01,NA,els2026jisc
"Journal of International Financial Markets, Institutions & Money",NA,1042-4431,2026-04-01,NA,els2026jisc
Journal of International Management,NA,1075-4253,2026-04-01,NA,els2026jisc
Journal of International Money and Finance,NA,0261-5606,2026-04-01,NA,els2026jisc
Journal of Interprofessional Education & Practice,NA,2405-4526,2026-04-01,NA,els2026jisc
Journal of Invertebrate Pathology,NA,0022-2011,2026-04-01,NA,els2026jisc
Journal of Investigative Dermatology,NA,0022-202X,2026-04-01,NA,els2026jisc
Journal of Logical and Algebraic Methods in Programming,NA,2352-2208,2026-04-01,NA,els2026jisc
Journal of Loss Prevention in the Process Industries,NA,0950-4230,2026-04-01,NA,els2026jisc
Journal of Luminescence,NA,0022-2313,2026-04-01,NA,els2026jisc
Journal of Macroeconomics,NA,0164-0704,2026-04-01,NA,els2026jisc
Journal of Magnetic Resonance,NA,1090-7807,2026-04-01,NA,els2026jisc
Journal of Magnetism and Magnetic Materials,NA,0304-8853,2026-04-01,NA,els2026jisc
Journal of Manufacturing Processes,NA,1526-6125,2026-04-01,NA,els2026jisc
Journal of Manufacturing Systems,NA,0278-6125,2026-04-01,NA,els2026jisc
Journal of Marine Systems,NA,0924-7963,2026-04-01,NA,els2026jisc
Journal of Materials Processing Technology,NA,0924-0136,2026-04-01,NA,els2026jisc
Journal of Materials Science & Technology,NA,1005-0302,2026-04-01,NA,els2026jisc
Journal of Mathematical Analysis and Applications,NA,0022-247X,2026-04-01,NA,els2026jisc
Journal of Mathematical Economics,NA,0304-4068,2026-04-01,NA,els2026jisc
Journal of Mathematical Psychology,NA,0022-2496,2026-04-01,NA,els2026jisc
Journal of Medical Imaging and Radiation Sciences,NA,1939-8654,2026-04-01,NA,els2026jisc
Journal of Medical Mycology,NA,1156-5233,2026-04-01,NA,els2026jisc
Journal of Membrane Science,NA,0376-7388,2026-04-01,NA,els2026jisc
Journal of Memory and Language,NA,0749-596X,2026-04-01,NA,els2026jisc
Journal of Microbiological Methods,NA,0167-7012,2026-04-01,NA,els2026jisc
Journal of Minimally Invasive Gynecology,NA,1553-4650,2026-04-01,NA,els2026jisc
Journal of Molecular and Cellular Cardiology,NA,0022-2828,2026-04-01,NA,els2026jisc
Journal of Molecular Biology,NA,0022-2836,2026-04-01,NA,els2026jisc
Journal of Molecular Graphics and Modelling,NA,1093-3263,2026-04-01,NA,els2026jisc
Journal of Molecular Liquids,NA,0167-7322,2026-04-01,NA,els2026jisc
Journal of Molecular Spectroscopy,NA,0022-2852,2026-04-01,NA,els2026jisc
Journal of Molecular Structure,NA,0022-2860,2026-04-01,NA,els2026jisc
Journal of Monetary Economics,NA,0304-3932,2026-04-01,NA,els2026jisc
Journal of Multinational Financial Management,NA,1042-444X,2026-04-01,NA,els2026jisc
Journal of Multivariate Analysis,NA,0047-259X,2026-04-01,NA,els2026jisc
Journal of Neonatal Nursing,NA,1355-1841,2026-04-01,NA,els2026jisc
Journal of Network and Computer Applications,NA,1084-8045,2026-04-01,NA,els2026jisc
Journal of Neuroimmunology,NA,0165-5728,2026-04-01,NA,els2026jisc
Journal of Neurolinguistics,NA,0911-6044,2026-04-01,NA,els2026jisc
Journal of Neuroradiology,NA,0150-9861,2026-04-01,NA,els2026jisc
Journal of Neuroscience Methods,NA,0165-0270,2026-04-01,NA,els2026jisc
Journal of Non-Crystalline Solids,NA,0022-3093,2026-04-01,NA,els2026jisc
Journal of Non-Newtonian Fluid Mechanics,NA,0377-0257,2026-04-01,NA,els2026jisc
Journal of Nuclear Cardiology,NA,1071-3581,2026-04-01,NA,els2026jisc
Journal of Nuclear Materials,NA,0022-3115,2026-04-01,NA,els2026jisc
Journal of Number Theory,NA,0022-314X,2026-04-01,NA,els2026jisc
Journal of Nursing Regulation,NA,2155-8256,2026-04-01,NA,els2026jisc
Journal of Nutrition Education and Behavior,NA,1499-4046,2026-04-01,NA,els2026jisc
Journal of Obsessive-Compulsive and Related Disorders,NA,2211-3649,2026-04-01,NA,els2026jisc
"Journal of Obstetric, Gynecologic, & Neonatal Nursing",NA,0884-2175,2026-04-01,NA,els2026jisc
Journal of Obstetrics and Gynaecology Canada,NA,1701-2163,2026-04-01,NA,els2026jisc
Journal of Oral and Maxillofacial Surgery,NA,0278-2391,2026-04-01,NA,els2026jisc
"Journal of Oral and Maxillofacial Surgery, Medicine, and Pathology",NA,2212-5558,2026-04-01,NA,els2026jisc
Journal of Oral Biosciences,NA,1349-0079,2026-04-01,NA,els2026jisc
Journal of Organometallic Chemistry,NA,0022-328X,2026-04-01,NA,els2026jisc
Journal of Orthopaedic Science,NA,0949-2658,2026-04-01,NA,els2026jisc
Journal of Orthopaedics,NA,0972-978X,2026-04-01,NA,els2026jisc
Journal of Outdoor Recreation and Tourism,NA,2213-0780,2026-04-01,NA,els2026jisc
Journal of Pain and Symptom Management,NA,0885-3924,2026-04-01,NA,els2026jisc
Journal of Parallel and Distributed Computing,NA,0743-7315,2026-04-01,NA,els2026jisc
Journal of Pediatric and Adolescent Gynecology,NA,1083-3188,2026-04-01,NA,els2026jisc
Journal of Pediatric Health Care,NA,0891-5245,2026-04-01,NA,els2026jisc
Journal of Pediatric Nursing,NA,0882-5963,2026-04-01,NA,els2026jisc
Journal of Pediatric Surgery,NA,0022-3468,2026-04-01,NA,els2026jisc
Journal of Pediatric Urology,NA,1477-5131,2026-04-01,NA,els2026jisc
Journal of PeriAnesthesia Nursing,NA,1089-9472,2026-04-01,NA,els2026jisc
Journal of Pharmaceutical and Biomedical Analysis,NA,0731-7085,2026-04-01,NA,els2026jisc
Journal of Pharmaceutical Sciences,NA,0022-3549,2026-04-01,NA,els2026jisc
Journal of Pharmacological and Toxicological Methods,NA,1056-8719,2026-04-01,NA,els2026jisc
Journal of Phonetics,NA,0095-4470,2026-04-01,NA,els2026jisc
Journal of Photochemistry and Photobiology A: Chemistry,NA,1010-6030,2026-04-01,NA,els2026jisc
Journal of Photochemistry and Photobiology B: Biology,NA,1011-1344,2026-04-01,NA,els2026jisc
Journal of Photochemistry and Photobiology C: Photochemistry Reviews,NA,1389-5567,2026-04-01,NA,els2026jisc
Journal of Physics and Chemistry of Solids,NA,0022-3697,2026-04-01,NA,els2026jisc
Journal of Plant Physiology,NA,0176-1617,2026-04-01,NA,els2026jisc
"Journal of Plastic, Reconstructive & Aesthetic Surgery",NA,1748-6815,2026-04-01,NA,els2026jisc
Journal of Policy Modeling,NA,0161-8938,2026-04-01,NA,els2026jisc
Journal of Power Sources,NA,0378-7753,2026-04-01,NA,els2026jisc
Journal of Pragmatics,NA,0378-2166,2026-04-01,NA,els2026jisc
Journal of Process Control,NA,0959-1524,2026-04-01,NA,els2026jisc
Journal of Professional Nursing,NA,8755-7223,2026-04-01,NA,els2026jisc
Journal of Proteomics,NA,1874-3919,2026-04-01,NA,els2026jisc
Journal of Psychiatric Research,NA,0022-3956,2026-04-01,NA,els2026jisc
Journal of Psychosomatic Research,NA,0022-3999,2026-04-01,NA,els2026jisc
Journal of Public Economics,NA,0047-2727,2026-04-01,NA,els2026jisc
Journal of Purchasing and Supply Management,NA,1478-4092,2026-04-01,NA,els2026jisc
Journal of Pure and Applied Algebra,NA,0022-4049,2026-04-01,NA,els2026jisc
Journal of Quantitative Spectroscopy & Radiative Transfer,NA,0022-4073,2026-04-01,NA,els2026jisc
Journal of Radiology Nursing,NA,1546-0843,2026-04-01,NA,els2026jisc
Journal of Rail Transport Planning & Management,NA,2210-9706,2026-04-01,NA,els2026jisc
Journal of Rare Earths,NA,1002-0721,2026-04-01,NA,els2026jisc
Journal of Renal Nutrition,NA,1051-2276,2026-04-01,NA,els2026jisc
Journal of Reproductive Immunology,NA,0165-0378,2026-04-01,NA,els2026jisc
Journal of Research in Personality,NA,0092-6566,2026-04-01,NA,els2026jisc
Journal of Retailing,NA,0022-4359,2026-04-01,NA,els2026jisc
Journal of Retailing and Consumer Services,NA,0969-6989,2026-04-01,NA,els2026jisc
Journal of Rural Studies,NA,0743-0167,2026-04-01,NA,els2026jisc
Journal of Safety Research,NA,0022-4375,2026-04-01,NA,els2026jisc
Journal of School Psychology,NA,0022-4405,2026-04-01,NA,els2026jisc
Journal of Science and Medicine in Sport,NA,1440-2440,2026-04-01,NA,els2026jisc
Journal of Second Language Writing,NA,1060-3743,2026-04-01,NA,els2026jisc
Journal of Shoulder and Elbow Surgery,NA,1058-2746,2026-04-01,NA,els2026jisc
Journal of Solid State Chemistry,NA,0022-4596,2026-04-01,NA,els2026jisc
Journal of Sound and Vibration,NA,0022-460X,2026-04-01,NA,els2026jisc
Journal of South American Earth Sciences,NA,0895-9811,2026-04-01,NA,els2026jisc
Journal of Space Safety Engineering,NA,2468-8967,2026-04-01,NA,els2026jisc
Journal of Statistical Planning and Inference,NA,0378-3758,2026-04-01,NA,els2026jisc
"Journal of Stomatology, Oral and Maxillofacial Surgery",NA,2468-7855,2026-04-01,NA,els2026jisc
Journal of Stored Products Research,NA,0022-474X,2026-04-01,NA,els2026jisc
Journal of Strategy & Innovation,NA,3050-7901,2026-04-01,NA,els2026jisc
Journal of Structural Biology,NA,1047-8477,2026-04-01,NA,els2026jisc
Journal of Structural Geology,NA,0191-8141,2026-04-01,NA,els2026jisc
Journal of Subatomic Particles and Cosmology,NA,3050-4805,2026-04-01,NA,els2026jisc
Journal of Substance Use and Addiction Treatment,NA,2949-8759,2026-04-01,NA,els2026jisc
Journal of Surgical Education,NA,1931-7204,2026-04-01,NA,els2026jisc
Journal of Surgical Research,NA,0022-4804,2026-04-01,NA,els2026jisc
Journal of Sustainable Finance and Accounting,NA,2950-3701,2026-04-01,NA,els2026jisc
Journal of Symbolic Computation,NA,0747-7171,2026-04-01,NA,els2026jisc
Journal of Systems and Software,NA,0164-1212,2026-04-01,NA,els2026jisc
Journal of Systems Architecture,NA,1383-7621,2026-04-01,NA,els2026jisc
Journal of the Academy of Consultation-Liaison Psychiatry,NA,2667-2960,2026-04-01,NA,els2026jisc
Journal of the Academy of Nutrition and Dietetics,NA,2212-2672,2026-04-01,NA,els2026jisc
Journal of the American Academy of Child & Adolescent Psychiatry,NA,0890-8567,2026-04-01,NA,els2026jisc
Journal of the American Academy of Dermatology,NA,0190-9622,2026-04-01,NA,els2026jisc
Journal of the American College of Radiology,NA,1546-1440,2026-04-01,NA,els2026jisc
Journal of the American Medical Directors Association,NA,1525-8610,2026-04-01,NA,els2026jisc
Journal of the American Pharmacists Association,NA,1544-3191,2026-04-01,NA,els2026jisc
Journal of the American Society of Cytopathology,NA,2213-2945,2026-04-01,NA,els2026jisc
Journal of the American Society of Echocardiography,NA,0894-7317,2026-04-01,NA,els2026jisc
Journal of the Energy Institute,NA,1743-9671,2026-04-01,NA,els2026jisc
Journal of the European Ceramic Society,NA,0955-2219,2026-04-01,NA,els2026jisc
Journal of the Franklin Institute,NA,0016-0032,2026-04-01,NA,els2026jisc
Journal of the Indian Chemical Society,NA,0019-4522,2026-04-01,NA,els2026jisc
Journal of the Japanese and International Economies,NA,0889-1583,2026-04-01,NA,els2026jisc
Journal of the Mechanical Behavior of Biomedical Materials,NA,1751-6161,2026-04-01,NA,els2026jisc
Journal of the Mechanics and Physics of Solids,NA,0022-5096,2026-04-01,NA,els2026jisc
Journal of the National Medical Association,NA,0027-9684,2026-04-01,NA,els2026jisc
Journal of the Neurological Sciences,NA,0022-510X,2026-04-01,NA,els2026jisc
Journal of the Taiwan Institute of Chemical Engineers,NA,1876-1070,2026-04-01,NA,els2026jisc
Journal of the World Federation of Orthodontists,NA,2212-4438,2026-04-01,NA,els2026jisc
Journal of Theoretical Biology,NA,0022-5193,2026-04-01,NA,els2026jisc
Journal of Thermal Biology,NA,0306-4565,2026-04-01,NA,els2026jisc
Journal of Thoracic Oncology,NA,1556-0864,2026-04-01,NA,els2026jisc
Journal of Thrombosis and Haemostasis,NA,1538-7836,2026-04-01,NA,els2026jisc
Journal of Trace Elements in Medicine and Biology,NA,0946-672X,2026-04-01,NA,els2026jisc
Journal of Transport & Health,NA,2214-1405,2026-04-01,NA,els2026jisc
Journal of Transport Geography,NA,0966-6923,2026-04-01,NA,els2026jisc
Journal of Urban Economics,NA,0094-1190,2026-04-01,NA,els2026jisc
Journal of Vascular and Interventional Radiology,NA,1051-0443,2026-04-01,NA,els2026jisc
Journal of Vascular Nursing,NA,1062-0303,2026-04-01,NA,els2026jisc
Journal of Vascular Surgery,NA,0741-5214,2026-04-01,NA,els2026jisc
Journal of Veterinary Behavior,NA,1558-7878,2026-04-01,NA,els2026jisc
Journal of Veterinary Cardiology,NA,1760-2734,2026-04-01,NA,els2026jisc
Journal of Virological Methods,NA,0166-0934,2026-04-01,NA,els2026jisc
Journal of Visceral Surgery,NA,1878-7886,2026-04-01,NA,els2026jisc
Journal of Visual Communication and Image Representation,NA,1047-3203,2026-04-01,NA,els2026jisc
Journal of Vocational Behavior,NA,0001-8791,2026-04-01,NA,els2026jisc
Journal of Voice,NA,0892-1997,2026-04-01,NA,els2026jisc
Journal of Volcanology and Geothermal Research,NA,0377-0273,2026-04-01,NA,els2026jisc
Journal of Water Process Engineering,NA,2214-7144,2026-04-01,NA,els2026jisc
Journal of Wind Engineering and Industrial Aerodynamics,NA,0167-6105,2026-04-01,NA,els2026jisc
Journal of World Business,NA,1090-9516,2026-04-01,NA,els2026jisc
Kidney International,NA,0085-2538,2026-04-01,NA,els2026jisc
"Kinésithérapie, la Revue",NA,1779-0123,2026-04-01,NA,els2026jisc
Knowledge-Based Systems,NA,0950-7051,2026-04-01,NA,els2026jisc
La Presse Médicale,NA,0755-4982,2026-04-01,NA,els2026jisc
La Presse Médicale Formation,NA,2666-4798,2026-04-01,NA,els2026jisc
La Revue de Médecine Interne,NA,0248-8663,2026-04-01,NA,els2026jisc
Laboratory Investigation,NA,0023-6837,2026-04-01,NA,els2026jisc
Labour Economics,NA,0927-5371,2026-04-01,NA,els2026jisc
Land Use Policy,NA,0264-8377,2026-04-01,NA,els2026jisc
Landscape and Urban Planning,NA,0169-2046,2026-04-01,NA,els2026jisc
Language & Communication,NA,0271-5309,2026-04-01,NA,els2026jisc
Language Sciences,NA,0388-0001,2026-04-01,NA,els2026jisc
L'Anthropologie,NA,0003-5521,2026-04-01,NA,els2026jisc
Latin American Transport Studies,NA,2950-0249,2026-04-01,NA,els2026jisc
Le Pharmacien Clinicien,NA,2772-9532,2026-04-01,NA,els2026jisc
Le Praticien en Anesthésie Réanimation,NA,1279-7960,2026-04-01,NA,els2026jisc
Learning and Individual Differences,NA,1041-6080,2026-04-01,NA,els2026jisc
Learning and Instruction,NA,0959-4752,2026-04-01,NA,els2026jisc
Learning and Motivation,NA,0023-9690,2026-04-01,NA,els2026jisc
Learning in Context,NA,3050-578X,2026-04-01,NA,els2026jisc
"Learning, Culture and Social Interaction",NA,2210-6561,2026-04-01,NA,els2026jisc
Legal Medicine,NA,1344-6223,2026-04-01,NA,els2026jisc
L'Encéphale,NA,0013-7006,2026-04-01,NA,els2026jisc
Leukemia Research,NA,0145-2126,2026-04-01,NA,els2026jisc
L'Évolution Psychiatrique,NA,0014-3855,2026-04-01,NA,els2026jisc
Library & Information Science Research,NA,0740-8188,2026-04-01,NA,els2026jisc
Life Sciences,NA,0024-3205,2026-04-01,NA,els2026jisc
Life Sciences in Space Research,NA,2214-5524,2026-04-01,NA,els2026jisc
Limnologica,NA,0075-9511,2026-04-01,NA,els2026jisc
Linear Algebra and its Applications,NA,0024-3795,2026-04-01,NA,els2026jisc
Lingua,NA,0024-3841,2026-04-01,NA,els2026jisc
Linguistics and Education,NA,0898-5898,2026-04-01,NA,els2026jisc
Lithos,NA,0024-4937,2026-04-01,NA,els2026jisc
Livestock Science,NA,1871-1413,2026-04-01,NA,els2026jisc
Long Range Planning,NA,0024-6301,2026-04-01,NA,els2026jisc
Lung Cancer,NA,0169-5002,2026-04-01,NA,els2026jisc
Magnetic Resonance Imaging,NA,0730-725X,2026-04-01,NA,els2026jisc
Management Accounting Research,NA,1044-5005,2026-04-01,NA,els2026jisc
Manufacturing Letters,NA,2213-8463,2026-04-01,NA,els2026jisc
Marine Chemistry,NA,0304-4203,2026-04-01,NA,els2026jisc
Marine Environmental Research,NA,0141-1136,2026-04-01,NA,els2026jisc
Marine Genomics,NA,1874-7787,2026-04-01,NA,els2026jisc
Marine Geology,NA,0025-3227,2026-04-01,NA,els2026jisc
Marine Geoscience and Energy Resources,NA,3117-5775,2026-04-01,NA,els2026jisc
Marine Micropaleontology,NA,0377-8398,2026-04-01,NA,els2026jisc
Marine Policy,NA,0308-597X,2026-04-01,NA,els2026jisc
Marine Pollution Bulletin,NA,0025-326X,2026-04-01,NA,els2026jisc
Marine Structures,NA,0951-8339,2026-04-01,NA,els2026jisc
Marketing Strategy Journal,NA,2950-3086,2026-04-01,NA,els2026jisc
Materialia,NA,2589-1529,2026-04-01,NA,els2026jisc
Materials Characterization,NA,1044-5803,2026-04-01,NA,els2026jisc
Materials Chemistry and Physics,NA,0254-0584,2026-04-01,NA,els2026jisc
Materials Chemistry and Physics: Sustainability and Energy,NA,3050-4716,2026-04-01,NA,els2026jisc
Materials Letters,NA,0167-577X,2026-04-01,NA,els2026jisc
Materials Research Bulletin,NA,0025-5408,2026-04-01,NA,els2026jisc
Materials Science and Engineering: A,NA,0921-5093,2026-04-01,NA,els2026jisc
Materials Science and Engineering: B,NA,0921-5107,2026-04-01,NA,els2026jisc
Materials Science and Engineering: R: Reports,NA,0927-796X,2026-04-01,NA,els2026jisc
Materials Science in Semiconductor Processing,NA,1369-8001,2026-04-01,NA,els2026jisc
Materials Today,NA,1369-7021,2026-04-01,NA,els2026jisc
Materials Today Chemistry,NA,2468-5194,2026-04-01,NA,els2026jisc
Materials Today Energy,NA,2468-6069,2026-04-01,NA,els2026jisc
Materials Today Nano,NA,2588-8420,2026-04-01,NA,els2026jisc
Materials Today Physics,NA,2542-5293,2026-04-01,NA,els2026jisc
Mathematical Biosciences,NA,0025-5564,2026-04-01,NA,els2026jisc
Mathematical Social Sciences,NA,0165-4896,2026-04-01,NA,els2026jisc
Mathematics and Computers in Simulation,NA,0378-4754,2026-04-01,NA,els2026jisc
Matrix Biology,NA,0945-053X,2026-04-01,NA,els2026jisc
Matter,NA,2590-2385,2026-04-01,NA,els2026jisc
Maturitas,NA,0378-5122,2026-04-01,NA,els2026jisc
Mayo Clinic Proceedings,NA,0025-6196,2026-04-01,NA,els2026jisc
Measurement,NA,0263-2241,2026-04-01,NA,els2026jisc
Meat Science,NA,0309-1740,2026-04-01,NA,els2026jisc
Mechanical Systems and Signal Processing,NA,0888-3270,2026-04-01,NA,els2026jisc
Mechanics of Materials,NA,0167-6636,2026-04-01,NA,els2026jisc
Mechanics Research Communications,NA,0093-6413,2026-04-01,NA,els2026jisc
Mechanism and Machine Theory,NA,0094-114X,2026-04-01,NA,els2026jisc
Mechanisms of Ageing and Development,NA,0047-6374,2026-04-01,NA,els2026jisc
Mechatronics,NA,0957-4158,2026-04-01,NA,els2026jisc
Med,NA,2666-6340,2026-04-01,NA,els2026jisc
Médecine & Droit,NA,1246-7391,2026-04-01,NA,els2026jisc
Médecine de Catastrophe - Urgences Collectives,NA,1279-8479,2026-04-01,NA,els2026jisc
Médecine des Maladies Métaboliques,NA,1957-2557,2026-04-01,NA,els2026jisc
Médecine du Sommeil,NA,1769-4493,2026-04-01,NA,els2026jisc
Médecine Nucléaire,NA,0928-1258,2026-04-01,NA,els2026jisc
Médecine Palliative,NA,1636-6522,2026-04-01,NA,els2026jisc
Medical Dosimetry,NA,0958-3947,2026-04-01,NA,els2026jisc
Medical Hypotheses,NA,0306-9877,2026-04-01,NA,els2026jisc
Medical Image Analysis,NA,1361-8415,2026-04-01,NA,els2026jisc
Medicina Clínica,NA,0025-7753,2026-04-01,NA,els2026jisc
Medicina Clínica (English Edition),NA,2387-0206,2026-04-01,NA,els2026jisc
Medicina de Familia. SEMERGEN,NA,1138-3593,2026-04-01,NA,els2026jisc
Medicina Intensiva,NA,0210-5691,2026-04-01,NA,els2026jisc
Medicina Intensiva (English Edition),NA,2173-5727,2026-04-01,NA,els2026jisc
Mental Health & Prevention,NA,2212-6570,2026-04-01,NA,els2026jisc
Mental Health and Physical Activity,NA,1755-2966,2026-04-01,NA,els2026jisc
Metabolic Engineering,NA,1096-7176,2026-04-01,NA,els2026jisc
Metabolism,NA,0026-0495,2026-04-01,NA,els2026jisc
Methods,NA,1046-2023,2026-04-01,NA,els2026jisc
Micro and Nanostructures,NA,2773-0123,2026-04-01,NA,els2026jisc
Microbial Pathogenesis,NA,0882-4010,2026-04-01,NA,els2026jisc
Microbial Risk Analysis,NA,2352-3522,2026-04-01,NA,els2026jisc
Microbiological Research,NA,0944-5013,2026-04-01,NA,els2026jisc
Microchemical Journal,NA,0026-265X,2026-04-01,NA,els2026jisc
Microelectronic Engineering,NA,0167-9317,2026-04-01,NA,els2026jisc
Microelectronics Journal,NA,1879-2391,2026-04-01,NA,els2026jisc
Microelectronics Reliability,NA,0026-2714,2026-04-01,NA,els2026jisc
Micron,NA,0968-4328,2026-04-01,NA,els2026jisc
Microporous and Mesoporous Materials,NA,1387-1811,2026-04-01,NA,els2026jisc
Microprocessors and Microsystems,NA,0141-9331,2026-04-01,NA,els2026jisc
Microvascular Research,NA,0026-2862,2026-04-01,NA,els2026jisc
Midwifery,NA,0266-6138,2026-04-01,NA,els2026jisc
Minerals Engineering,NA,0892-6875,2026-04-01,NA,els2026jisc
Mitochondrion,NA,1567-7249,2026-04-01,NA,els2026jisc
Modern Pathology,NA,0893-3952,2026-04-01,NA,els2026jisc
Molecular and Biochemical Parasitology,NA,0166-6851,2026-04-01,NA,els2026jisc
Molecular and Cellular Endocrinology,NA,0303-7207,2026-04-01,NA,els2026jisc
Molecular and Cellular Neuroscience,NA,1044-7431,2026-04-01,NA,els2026jisc
Molecular Aspects of Medicine,NA,0098-2997,2026-04-01,NA,els2026jisc
Molecular Catalysis,NA,2468-8231,2026-04-01,NA,els2026jisc
Molecular Cell,NA,1097-2765,2026-04-01,NA,els2026jisc
Molecular Genetics and Metabolism,NA,1096-7192,2026-04-01,NA,els2026jisc
Molecular Immunology,NA,0161-5890,2026-04-01,NA,els2026jisc
Molecular Pharmacology,NA,0026-895X,2026-04-01,NA,els2026jisc
Molecular Phylogenetics and Evolution,NA,1055-7903,2026-04-01,NA,els2026jisc
Molecular Plant,NA,1674-2052,2026-04-01,NA,els2026jisc
Molecular Therapy,NA,1525-0016,2026-04-01,NA,els2026jisc
Morphologie,NA,1286-0115,2026-04-01,NA,els2026jisc
Motricité Cérébrale,NA,0245-5919,2026-04-01,NA,els2026jisc
Multiple Sclerosis and Related Disorders,NA,2211-0348,2026-04-01,NA,els2026jisc
Musculoskeletal Science and Practice,NA,2468-7812,2026-04-01,NA,els2026jisc
Mutation Research: Fundamental and Molecular Mechanisms of Mutagenesis,NA,1386-1964,2026-04-01,NA,els2026jisc
Mutation Research: Genetic Toxicology and Environmental Mutagenesis,NA,1383-5718,2026-04-01,NA,els2026jisc
Mutation Research: Reviews in Mutation Research,NA,1383-5742,2026-04-01,NA,els2026jisc
Nano Communication Networks,NA,1878-7789,2026-04-01,NA,els2026jisc
Nano Energy,NA,2211-2855,2026-04-01,NA,els2026jisc
Nano Today,NA,1748-0132,2026-04-01,NA,els2026jisc
NanoImpact,NA,2452-0748,2026-04-01,NA,els2026jisc
"Nanomedicine: Nanotechnology, Biology and Medicine",NA,1549-9634,2026-04-01,NA,els2026jisc
Nano-Structures & Nano-Objects,NA,2352-507X,2026-04-01,NA,els2026jisc
NDT & E International,NA,0963-8695,2026-04-01,NA,els2026jisc
Neural Networks,NA,0893-6080,2026-04-01,NA,els2026jisc
Neurobiology of Aging,NA,0197-4580,2026-04-01,NA,els2026jisc
Neurobiology of Learning and Memory,NA,1074-7427,2026-04-01,NA,els2026jisc
Neurochemistry International,NA,0197-0186,2026-04-01,NA,els2026jisc
Neurochirurgie,NA,0028-3770,2026-04-01,NA,els2026jisc
Neurocirugía,NA,1130-1473,2026-04-01,NA,els2026jisc
Neurocirugía (English Edition),NA,2529-8496,2026-04-01,NA,els2026jisc
Neurocomputing,NA,0925-2312,2026-04-01,NA,els2026jisc
Neuromodulation: Technology at the Neural Interface,NA,1094-7159,2026-04-01,NA,els2026jisc
Neuromuscular Disorders,NA,0960-8966,2026-04-01,NA,els2026jisc
Neuron,NA,0896-6273,2026-04-01,NA,els2026jisc
Neuropeptides,NA,0143-4179,2026-04-01,NA,els2026jisc
Neuropharmacology,NA,0028-3908,2026-04-01,NA,els2026jisc
Neurophysiologie Clinique,NA,0987-7053,2026-04-01,NA,els2026jisc
Neuropsychiatrie de l'Enfance et de l'Adolescence,NA,0222-9617,2026-04-01,NA,els2026jisc
Neuropsychologia,NA,0028-3932,2026-04-01,NA,els2026jisc
Neuroscience,NA,0306-4522,2026-04-01,NA,els2026jisc
Neuroscience & Biobehavioral Reviews,NA,0149-7634,2026-04-01,NA,els2026jisc
Neuroscience Letters,NA,0304-3940,2026-04-01,NA,els2026jisc
NeuroToxicology,NA,0161-813X,2026-04-01,NA,els2026jisc
Neurotoxicology and Teratology,NA,0892-0362,2026-04-01,NA,els2026jisc
New Astronomy,NA,1384-1076,2026-04-01,NA,els2026jisc
New Astronomy Reviews,NA,1387-6473,2026-04-01,NA,els2026jisc
New Ideas in Psychology,NA,0732-118X,2026-04-01,NA,els2026jisc
Newton,NA,2950-6360,2026-04-01,NA,els2026jisc
Next Research,NA,3050-4759,2026-04-01,NA,els2026jisc
Nitric Oxide,NA,1089-8603,2026-04-01,NA,els2026jisc
Nonlinear Analysis,NA,0362-546X,2026-04-01,NA,els2026jisc
Nonlinear Analysis: Hybrid Systems,NA,1751-570X,2026-04-01,NA,els2026jisc
Nonlinear Analysis: Real World Applications,NA,1468-1218,2026-04-01,NA,els2026jisc
Nonlinear Science,NA,3050-5178,2026-04-01,NA,els2026jisc
NPG Neurologie - Psychiatrie - Gériatrie,NA,1627-4830,2026-04-01,NA,els2026jisc
Nuclear Data Sheets,NA,0090-3752,2026-04-01,NA,els2026jisc
Nuclear Engineering and Design,NA,0029-5493,2026-04-01,NA,els2026jisc
"Nuclear Instruments and Methods in Physics Research Section A: Accelerators, Spectrometers, Detectors and Associated Equipment",NA,0168-9002,2026-04-01,NA,els2026jisc
Nuclear Instruments and Methods in Physics Research Section B: Beam Interactions with Materials and Atoms,NA,0168-583X,2026-04-01,NA,els2026jisc
Nuclear Medicine and Biology,NA,0969-8051,2026-04-01,NA,els2026jisc
Nuclear Physics A,NA,0375-9474,2026-04-01,NA,els2026jisc
Nurse Education in Practice,NA,1471-5953,2026-04-01,NA,els2026jisc
Nurse Education Today,NA,0260-6917,2026-04-01,NA,els2026jisc
Nurse Leader,NA,1541-4612,2026-04-01,NA,els2026jisc
Nursing for Women's Health,NA,1751-4851,2026-04-01,NA,els2026jisc
Nursing Outlook,NA,0029-6554,2026-04-01,NA,els2026jisc
Nutrition,NA,0899-9007,2026-04-01,NA,els2026jisc
Nutrition Clinique et Métabolisme,NA,0985-0562,2026-04-01,NA,els2026jisc
Nutrition Research,NA,0271-5317,2026-04-01,NA,els2026jisc
"Nutrition, Metabolism & Cardiovascular Diseases",NA,0939-4753,2026-04-01,NA,els2026jisc
Obesity Medicine,NA,2451-8476,2026-04-01,NA,els2026jisc
Obesity Research & Clinical Practice,NA,1871-403X,2026-04-01,NA,els2026jisc
Ocean & Coastal Management,NA,0964-5691,2026-04-01,NA,els2026jisc
Ocean Engineering,NA,0029-8018,2026-04-01,NA,els2026jisc
Ocean Modelling,NA,1463-5003,2026-04-01,NA,els2026jisc
Omega,NA,0305-0483,2026-04-01,NA,els2026jisc
One Earth,NA,2590-3322,2026-04-01,NA,els2026jisc
Online Social Networks and Media,NA,2468-6964,2026-04-01,NA,els2026jisc
Operations Research Letters,NA,0167-6377,2026-04-01,NA,els2026jisc
"Operations Research, Data Analytics and Logistics",NA,3050-7847,2026-04-01,NA,els2026jisc
Operative Techniques in Orthopaedics,NA,1048-6666,2026-04-01,NA,els2026jisc
Operative Techniques in Otolaryngology - Head and Neck Surgery,NA,1043-1810,2026-04-01,NA,els2026jisc
Operative Techniques in Sports Medicine,NA,1060-1872,2026-04-01,NA,els2026jisc
Operative Techniques in Thoracic and Cardiovascular Surgery,NA,1522-2942,2026-04-01,NA,els2026jisc
Ophthalmology,NA,0161-6420,2026-04-01,NA,els2026jisc
Ophthalmology Glaucoma,NA,2589-4196,2026-04-01,NA,els2026jisc
Ophthalmology Retina,NA,2468-6530,2026-04-01,NA,els2026jisc
Optical Fiber Technology,NA,1068-5200,2026-04-01,NA,els2026jisc
Optical Materials,NA,0925-3467,2026-04-01,NA,els2026jisc
Optical Switching and Networking,NA,1573-4277,2026-04-01,NA,els2026jisc
Optics & Laser Technology,NA,0030-3992,2026-04-01,NA,els2026jisc
Optics and Lasers in Engineering,NA,0143-8166,2026-04-01,NA,els2026jisc
Optics Communications,NA,0030-4018,2026-04-01,NA,els2026jisc
Optik,NA,0030-4026,2026-04-01,NA,els2026jisc
Oral Oncology,NA,1368-8375,2026-04-01,NA,els2026jisc
"Oral Surgery, Oral Medicine, Oral Pathology and Oral Radiology",NA,2212-4403,2026-04-01,NA,els2026jisc
Ore and Energy Resource Geology,NA,2666-2612,2026-04-01,NA,els2026jisc
Organic Electronics,NA,1566-1199,2026-04-01,NA,els2026jisc
Organic Geochemistry,NA,0146-6380,2026-04-01,NA,els2026jisc
Organizational Behavior and Human Decision Processes,NA,0749-5978,2026-04-01,NA,els2026jisc
Organizational Dynamics,NA,0090-2616,2026-04-01,NA,els2026jisc
Orthopaedics & Traumatology: Surgery & Research,NA,1877-0568,2026-04-01,NA,els2026jisc
Osteoarthritis and Cartilage,NA,1063-4584,2026-04-01,NA,els2026jisc
Osteopathische Medizin,NA,1615-9071,2026-04-01,NA,els2026jisc
Pacific-Basin Finance Journal,NA,0927-538X,2026-04-01,NA,els2026jisc
Paediatric Respiratory Reviews,NA,1526-0542,2026-04-01,NA,els2026jisc
Pain Management Nursing,NA,1524-9042,2026-04-01,NA,els2026jisc
"Palaeogeography, Palaeoclimatology, Palaeoecology",NA,0031-0182,2026-04-01,NA,els2026jisc
Palaeoworld,NA,1871-174X,2026-04-01,NA,els2026jisc
Pancreatology,NA,1424-3903,2026-04-01,NA,els2026jisc
Parallel Computing,NA,0167-8191,2026-04-01,NA,els2026jisc
Parasitology International,NA,1383-5769,2026-04-01,NA,els2026jisc
Parkinsonism & Related Disorders,NA,1353-8020,2026-04-01,NA,els2026jisc
Particuology,NA,1674-2001,2026-04-01,NA,els2026jisc
Pathology,NA,0031-3025,2026-04-01,NA,els2026jisc
Pathology - Research and Practice,NA,0344-0338,2026-04-01,NA,els2026jisc
Patient Education and Counseling,NA,0738-3991,2026-04-01,NA,els2026jisc
Pattern Recognition,NA,0031-3203,2026-04-01,NA,els2026jisc
Pattern Recognition Letters,NA,0167-8655,2026-04-01,NA,els2026jisc
Peace and Sustainability,NA,2950-6425,2026-04-01,NA,els2026jisc
Pediatric Dental Journal,NA,0917-2394,2026-04-01,NA,els2026jisc
Pediatric Neurology,NA,0887-8994,2026-04-01,NA,els2026jisc
Pedobiologia,NA,0031-4056,2026-04-01,NA,els2026jisc
Peptides,NA,0196-9781,2026-04-01,NA,els2026jisc
Perfectionnement en Pédiatrie,NA,2588-932X,2026-04-01,NA,els2026jisc
Performance Enhancement & Health,NA,2211-2669,2026-04-01,NA,els2026jisc
Performance Evaluation,NA,0166-5316,2026-04-01,NA,els2026jisc
Perioperative Care and Operating Room Management,NA,2405-6030,2026-04-01,NA,els2026jisc
Personality and Individual Differences,NA,0191-8869,2026-04-01,NA,els2026jisc
Personalized Medicine in Psychiatry,NA,2468-1717,2026-04-01,NA,els2026jisc
"Perspectives in Plant Ecology, Evolution and Systematics",NA,1433-8319,2026-04-01,NA,els2026jisc
Pervasive and Mobile Computing,NA,1574-1192,2026-04-01,NA,els2026jisc
Pesticide Biochemistry and Physiology,NA,0048-3575,2026-04-01,NA,els2026jisc
Pharmacological Research - Natural Products,NA,2950-1997,2026-04-01,NA,els2026jisc
Pharmacological Research - Reports,NA,2950-2004,2026-04-01,NA,els2026jisc
Pharmacological Reviews,NA,0031-6997,2026-04-01,NA,els2026jisc
Pharmacology & Therapeutics,NA,0163-7258,2026-04-01,NA,els2026jisc
Pharmacology Biochemistry and Behavior,NA,0091-3057,2026-04-01,NA,els2026jisc
PharmaNutrition,NA,2213-4344,2026-04-01,NA,els2026jisc
Photonics and Nanostructures - Fundamentals and Applications,NA,1569-4410,2026-04-01,NA,els2026jisc
Physica A: Statistical Mechanics and its Applications,NA,0378-4371,2026-04-01,NA,els2026jisc
Physica B: Condensed Matter,NA,0921-4526,2026-04-01,NA,els2026jisc
Physica C: Superconductivity and its Applications,NA,0921-4534,2026-04-01,NA,els2026jisc
Physica D: Nonlinear Phenomena,NA,0167-2789,2026-04-01,NA,els2026jisc
Physica E: Low-Dimensional Systems and Nanostructures,NA,1386-9477,2026-04-01,NA,els2026jisc
Physica Medica,NA,1120-1797,2026-04-01,NA,els2026jisc
Physical Communication,NA,1874-4907,2026-04-01,NA,els2026jisc
Physical Therapy in Sport,NA,1466-853X,2026-04-01,NA,els2026jisc
"Physics and Chemistry of the Earth, Parts A/B/C",NA,1474-7065,2026-04-01,NA,els2026jisc
Physics Letters A,NA,0375-9601,2026-04-01,NA,els2026jisc
Physics of Life Reviews,NA,1571-0645,2026-04-01,NA,els2026jisc
Physics of the Dark Universe,NA,2212-6864,2026-04-01,NA,els2026jisc
Physics of the Earth and Planetary Interiors,NA,0031-9201,2026-04-01,NA,els2026jisc
Physics Reports,NA,0370-1573,2026-04-01,NA,els2026jisc
Physiological and Molecular Plant Pathology,NA,0885-5765,2026-04-01,NA,els2026jisc
Physiology & Behavior,NA,0031-9384,2026-04-01,NA,els2026jisc
Physiotherapy,NA,0031-9406,2026-04-01,NA,els2026jisc
Phytochemistry,NA,0031-9422,2026-04-01,NA,els2026jisc
Phytochemistry Letters,NA,1874-3900,2026-04-01,NA,els2026jisc
Phytomedicine,NA,0944-7113,2026-04-01,NA,els2026jisc
Piel,NA,0213-9251,2026-04-01,NA,els2026jisc
Placenta,NA,0143-4004,2026-04-01,NA,els2026jisc
Planetary and Space Science,NA,0032-0633,2026-04-01,NA,els2026jisc
Plant Gene,NA,2352-4073,2026-04-01,NA,els2026jisc
Plant Research,NA,3117-5821,2026-04-01,NA,els2026jisc
Plant Science,NA,0168-9452,2026-04-01,NA,els2026jisc
Plasmid,NA,0147-619X,2026-04-01,NA,els2026jisc
Poetics,NA,0304-422X,2026-04-01,NA,els2026jisc
Polar Science,NA,1873-9652,2026-04-01,NA,els2026jisc
Political Geography,NA,0962-6298,2026-04-01,NA,els2026jisc
Polyhedron,NA,0277-5387,2026-04-01,NA,els2026jisc
Polymer,NA,0032-3861,2026-04-01,NA,els2026jisc
Polymer Degradation and Stability,NA,0141-3910,2026-04-01,NA,els2026jisc
Postharvest Biology and Technology,NA,0925-5214,2026-04-01,NA,els2026jisc
Powder Technology,NA,0032-5910,2026-04-01,NA,els2026jisc
Practical Radiation Oncology,NA,1879-8500,2026-04-01,NA,els2026jisc
Pratique Neurologique - FMC,NA,1878-7762,2026-04-01,NA,els2026jisc
Pratiques Psychologiques,NA,1269-1763,2026-04-01,NA,els2026jisc
Precambrian Research,NA,0301-9268,2026-04-01,NA,els2026jisc
Precision Engineering,NA,0141-6359,2026-04-01,NA,els2026jisc
Pregnancy Hypertension,NA,2210-7789,2026-04-01,NA,els2026jisc
Preventive Medicine,NA,0091-7435,2026-04-01,NA,els2026jisc
Preventive Veterinary Medicine,NA,0167-5877,2026-04-01,NA,els2026jisc
Primary Care Diabetes,NA,1751-9918,2026-04-01,NA,els2026jisc
Probabilistic Engineering Mechanics,NA,0266-8920,2026-04-01,NA,els2026jisc
Proceedings of the Combustion Institute,NA,1540-7489,2026-04-01,NA,els2026jisc
Proceedings of the Geologists' Association,NA,0016-7878,2026-04-01,NA,els2026jisc
Process Biochemistry,NA,1359-5113,2026-04-01,NA,els2026jisc
Process Safety and Environmental Protection,NA,0957-5820,2026-04-01,NA,els2026jisc
Progress in Aerospace Sciences,NA,0376-0421,2026-04-01,NA,els2026jisc
Progress in Biophysics & Molecular Biology,NA,0079-6107,2026-04-01,NA,els2026jisc
Progress in Cardiovascular Diseases,NA,0033-0620,2026-04-01,NA,els2026jisc
Progress in Economic Geography,NA,2949-6942,2026-04-01,NA,els2026jisc
Progress in Energy and Combustion Science,NA,0360-1285,2026-04-01,NA,els2026jisc
Progress in Engineering Science,NA,2950-4252,2026-04-01,NA,els2026jisc
Progress in Lipid Research,NA,0163-7827,2026-04-01,NA,els2026jisc
Progress in Materials Science,NA,0079-6425,2026-04-01,NA,els2026jisc
Progress in Natural Science: Materials International,NA,1002-0071,2026-04-01,NA,els2026jisc
Progress in Neurobiology,NA,0301-0082,2026-04-01,NA,els2026jisc
Progress in Neuro-Psychopharmacology & Biological Psychiatry,NA,0278-5846,2026-04-01,NA,els2026jisc
Progress in Nuclear Energy,NA,0149-1970,2026-04-01,NA,els2026jisc
Progress in Nuclear Magnetic Resonance Spectroscopy,NA,0079-6565,2026-04-01,NA,els2026jisc
Progress in Oceanography,NA,0079-6611,2026-04-01,NA,els2026jisc
Progress in Organic Coatings,NA,0300-9440,2026-04-01,NA,els2026jisc
Progress in Particle and Nuclear Physics,NA,0146-6410,2026-04-01,NA,els2026jisc
Progress in Pediatric Cardiology,NA,1058-9813,2026-04-01,NA,els2026jisc
Progress in Planning,NA,0305-9006,2026-04-01,NA,els2026jisc
Progress in Polymer Science,NA,0079-6700,2026-04-01,NA,els2026jisc
Progress in Quantum Electronics,NA,0079-6727,2026-04-01,NA,els2026jisc
Progress in Retinal and Eye Research,NA,1350-9462,2026-04-01,NA,els2026jisc
Progress in Solid State Chemistry,NA,0079-6786,2026-04-01,NA,els2026jisc
Progress in Surface Science,NA,0079-6816,2026-04-01,NA,els2026jisc
Prostaglandins & Other Lipid Mediators,NA,1098-8823,2026-04-01,NA,els2026jisc
"Prostaglandins, Leukotrienes & Essential Fatty Acids",NA,0952-3278,2026-04-01,NA,els2026jisc
Protein Expression and Purification,NA,1046-5928,2026-04-01,NA,els2026jisc
Protist,NA,1434-4610,2026-04-01,NA,els2026jisc
Psiquiatría Biológica,NA,1134-5934,2026-04-01,NA,els2026jisc
Psychiatry Research,NA,0165-1781,2026-04-01,NA,els2026jisc
Psychiatry Research: Neuroimaging,NA,0925-4927,2026-04-01,NA,els2026jisc
Psychologie du Travail et des Organisations,NA,1420-2530,2026-04-01,NA,els2026jisc
Psychology of Sport and Exercise,NA,1469-0292,2026-04-01,NA,els2026jisc
Psychoneuroendocrinology,NA,0306-4530,2026-04-01,NA,els2026jisc
Public Health,NA,0033-3506,2026-04-01,NA,els2026jisc
Public Relations Review,NA,0363-8111,2026-04-01,NA,els2026jisc
Pulmonary Pharmacology & Therapeutics,NA,1094-5539,2026-04-01,NA,els2026jisc
Quaternary Geochronology,NA,1871-1014,2026-04-01,NA,els2026jisc
Quaternary International,NA,1040-6182,2026-04-01,NA,els2026jisc
Quaternary Science Reviews,NA,0277-3791,2026-04-01,NA,els2026jisc
Radiation Measurements,NA,1350-4487,2026-04-01,NA,els2026jisc
Radiation Physics and Chemistry,NA,0969-806X,2026-04-01,NA,els2026jisc
Radiography,NA,1078-8174,2026-04-01,NA,els2026jisc
Radiología,NA,0033-8338,2026-04-01,NA,els2026jisc
Radiología (English Edition),NA,2173-5107,2026-04-01,NA,els2026jisc
Radiotherapy & Oncology,NA,0167-8140,2026-04-01,NA,els2026jisc
Rangelands,NA,0190-0528,2026-04-01,NA,els2026jisc
Reactive and Functional Polymers,NA,1381-5148,2026-04-01,NA,els2026jisc
REC: CardioClinics,NA,2605-1532,2026-04-01,NA,els2026jisc
Regional Science and Urban Economics,NA,0166-0462,2026-04-01,NA,els2026jisc
Regional Studies in Marine Science,NA,2352-4855,2026-04-01,NA,els2026jisc
Regulatory Toxicology and Pharmacology,NA,0273-2300,2026-04-01,NA,els2026jisc
Rehabilitación,NA,0048-7120,2026-04-01,NA,els2026jisc
Reliability Engineering & System Safety,NA,0951-8320,2026-04-01,NA,els2026jisc
Remote Sensing Applications: Society and Environment,NA,2352-9385,2026-04-01,NA,els2026jisc
Remote Sensing of Environment,NA,0034-4257,2026-04-01,NA,els2026jisc
Renewable & Sustainable Energy Reviews,NA,1364-0321,2026-04-01,NA,els2026jisc
Renewable Energy,NA,0960-1481,2026-04-01,NA,els2026jisc
Renewable Energy Focus,NA,1755-0084,2026-04-01,NA,els2026jisc
Reproductive Biology,NA,1642-431X,2026-04-01,NA,els2026jisc
Reproductive BioMedicine Online,NA,1472-6483,2026-04-01,NA,els2026jisc
Reproductive Toxicology,NA,0890-6238,2026-04-01,NA,els2026jisc
Research in Autism,NA,3050-6565,2026-04-01,NA,els2026jisc
Research in Developmental Disabilities,NA,0891-4222,2026-04-01,NA,els2026jisc
Research in Economics,NA,1090-9443,2026-04-01,NA,els2026jisc
Research in International Business and Finance,NA,0275-5319,2026-04-01,NA,els2026jisc
Research in Neurodiversity,NA,3050-5798,2026-04-01,NA,els2026jisc
Research in Organizational Behavior,NA,0191-3085,2026-04-01,NA,els2026jisc
Research in Social and Administrative Pharmacy,NA,1551-7411,2026-04-01,NA,els2026jisc
Research in Social Stratification and Mobility,NA,0276-5624,2026-04-01,NA,els2026jisc
Research in Transportation Business & Management,NA,2210-5395,2026-04-01,NA,els2026jisc
Research in Transportation Economics,NA,0739-8859,2026-04-01,NA,els2026jisc
Research in Veterinary Science,NA,0034-5288,2026-04-01,NA,els2026jisc
Research Methods in Applied Linguistics,NA,2772-7661,2026-04-01,NA,els2026jisc
Research Policy,NA,0048-7333,2026-04-01,NA,els2026jisc
Resource and Energy Economics,NA,0928-7655,2026-04-01,NA,els2026jisc
Resources Policy,NA,0301-4207,2026-04-01,NA,els2026jisc
"Resources, Conservation & Recycling",NA,0921-3449,2026-04-01,NA,els2026jisc
Respiratory Investigation,NA,2212-5345,2026-04-01,NA,els2026jisc
Respiratory Medicine,NA,0954-6111,2026-04-01,NA,els2026jisc
Respiratory Medicine and Research,NA,2590-0412,2026-04-01,NA,els2026jisc
Respiratory Physiology & Neurobiology,NA,1569-9048,2026-04-01,NA,els2026jisc
Resuscitation,NA,0300-9572,2026-04-01,NA,els2026jisc
Reumatología Clínica,NA,1699-258X,2026-04-01,NA,els2026jisc
Reumatología Clínica (English Edition),NA,2173-5743,2026-04-01,NA,els2026jisc
Review of Economic Dynamics,NA,1094-2025,2026-04-01,NA,els2026jisc
Review of Palaeobotany and Palynology,NA,0034-6667,2026-04-01,NA,els2026jisc
Revista Clínica Española,NA,0014-2565,2026-04-01,NA,els2026jisc
Revista Clínica Española (English Edition),NA,2254-8874,2026-04-01,NA,els2026jisc
Revista Colombiana de Reumatología,NA,0121-8123,2026-04-01,NA,els2026jisc
Revista Colombiana de Reumatología (English Edition),NA,2444-4405,2026-04-01,NA,els2026jisc
"Revista de Logopedia, Foniatría y Audiología",NA,0214-4603,2026-04-01,NA,els2026jisc
Revista de Psicodidáctica,NA,1136-1034,2026-04-01,NA,els2026jisc
Revista de Psicodidáctica (English Edition),NA,2530-3805,2026-04-01,NA,els2026jisc
Revista de Senología y Patología Mamaria,NA,0214-1582,2026-04-01,NA,els2026jisc
Revista Española de Anestesiología y Reanimación,NA,0034-9356,2026-04-01,NA,els2026jisc
Revista Española de Anestesiología y Reanimación (English Edition),NA,2341-1929,2026-04-01,NA,els2026jisc
Revista Española de Cardiología,NA,0300-8932,2026-04-01,NA,els2026jisc
Revista Española de Cardiología (English Edition),NA,1885-5857,2026-04-01,NA,els2026jisc
Revista Española de Geriatría y Gerontología,NA,0211-139X,2026-04-01,NA,els2026jisc
Revista Española de Medicina Legal,NA,0377-4732,2026-04-01,NA,els2026jisc
Revista Española de Medicina Nuclear e Imagen Molecular,NA,2253-654X,2026-04-01,NA,els2026jisc
Revista Española de Medicina Nuclear e Imagen Molecular (English Edition),NA,2253-8089,2026-04-01,NA,els2026jisc
Revista Española de Patología,NA,1699-8855,2026-04-01,NA,els2026jisc
Revista Iberoamericana de Micología,NA,1130-1406,2026-04-01,NA,els2026jisc
Revue de Chirurgie Orthopédique et Traumatologique,NA,1877-0517,2026-04-01,NA,els2026jisc
Revue de Micropaléontologie,NA,0035-1598,2026-04-01,NA,els2026jisc
Revue du Rhumatisme,NA,1169-8330,2026-04-01,NA,els2026jisc
Revue Française d'Allergologie,NA,1877-0320,2026-04-01,NA,els2026jisc
Revue Neurologique,NA,0035-3787,2026-04-01,NA,els2026jisc
Rhizosphere,NA,2452-2198,2026-04-01,NA,els2026jisc
Robotics and Autonomous Systems,NA,0921-8890,2026-04-01,NA,els2026jisc
Robotics and Computer-Integrated Manufacturing,NA,0736-5845,2026-04-01,NA,els2026jisc
Safety Science,NA,0925-7535,2026-04-01,NA,els2026jisc
Sages-Femmes,NA,1637-4088,2026-04-01,NA,els2026jisc
Scandinavian Journal of Management,NA,0956-5221,2026-04-01,NA,els2026jisc
Schizophrenia Research,NA,0920-9964,2026-04-01,NA,els2026jisc
Science & Justice,NA,1355-0306,2026-04-01,NA,els2026jisc
Science & Sports,NA,0765-1597,2026-04-01,NA,els2026jisc
Science Bulletin,NA,2095-9273,2026-04-01,NA,els2026jisc
Science of Computer Programming,NA,0167-6423,2026-04-01,NA,els2026jisc
Science of the Total Environment,NA,0048-9697,2026-04-01,NA,els2026jisc
Scripta Materialia,NA,1359-6462,2026-04-01,NA,els2026jisc
Sedimentary Geology,NA,0037-0738,2026-04-01,NA,els2026jisc
Seizure: European Journal of Epilepsy,NA,1059-1311,2026-04-01,NA,els2026jisc
Seminars in Arthritis and Rheumatism,NA,0049-0172,2026-04-01,NA,els2026jisc
Seminars in Arthroplasty: JSES,NA,1045-4527,2026-04-01,NA,els2026jisc
Seminars in Cancer Biology,NA,1044-579X,2026-04-01,NA,els2026jisc
Seminars in Cell and Developmental Biology,NA,1084-9521,2026-04-01,NA,els2026jisc
Seminars in Colon and Rectal Surgery,NA,1043-1489,2026-04-01,NA,els2026jisc
Seminars in Diagnostic Pathology,NA,0740-2570,2026-04-01,NA,els2026jisc
Seminars in Fetal & Neonatal Medicine,NA,1744-165X,2026-04-01,NA,els2026jisc
Seminars in Hematology,NA,0037-1963,2026-04-01,NA,els2026jisc
Seminars in Immunology,NA,1044-5323,2026-04-01,NA,els2026jisc
Seminars in Nephrology,NA,0270-9295,2026-04-01,NA,els2026jisc
Seminars in Nuclear Medicine,NA,0001-2998,2026-04-01,NA,els2026jisc
Seminars in Oncology,NA,0093-7754,2026-04-01,NA,els2026jisc
Seminars in Oncology Nursing,NA,0749-2081,2026-04-01,NA,els2026jisc
Seminars in Orthodontics,NA,1073-8746,2026-04-01,NA,els2026jisc
Seminars in Pediatric Neurology,NA,1071-9091,2026-04-01,NA,els2026jisc
Seminars in Pediatric Surgery,NA,1055-8586,2026-04-01,NA,els2026jisc
Seminars in Perinatology,NA,0146-0005,2026-04-01,NA,els2026jisc
Seminars in Radiation Oncology,NA,1053-4296,2026-04-01,NA,els2026jisc
Seminars in Roentgenology,NA,0037-198X,2026-04-01,NA,els2026jisc
Seminars in Spine Surgery,NA,1040-7383,2026-04-01,NA,els2026jisc
Seminars in Thoracic and Cardiovascular Surgery,NA,1043-0679,2026-04-01,NA,els2026jisc
Seminars in Thoracic and Cardiovascular Surgery: Pediatric Cardiac Surgery Annual,NA,1092-9126,2026-04-01,NA,els2026jisc
"Seminars in Ultrasound, CT and MRI",NA,0887-2171,2026-04-01,NA,els2026jisc
Seminars in Vascular Surgery,NA,0895-7967,2026-04-01,NA,els2026jisc
Sensors and Actuators A: Physical,NA,0924-4247,2026-04-01,NA,els2026jisc
Sensors and Actuators B: Chemical,NA,0925-4005,2026-04-01,NA,els2026jisc
Separation and Purification Technology,NA,1383-5866,2026-04-01,NA,els2026jisc
Signal Processing,NA,0165-1684,2026-04-01,NA,els2026jisc
Signal Processing: Image Communication,NA,0923-5965,2026-04-01,NA,els2026jisc
Simulation Modelling Practice and Theory,NA,1569-190X,2026-04-01,NA,els2026jisc
Slavic Literatures,NA,2950-3965,2026-04-01,NA,els2026jisc
Sleep Health,NA,2352-7218,2026-04-01,NA,els2026jisc
Sleep Medicine,NA,1389-9457,2026-04-01,NA,els2026jisc
Sleep Medicine Reviews,NA,1087-0792,2026-04-01,NA,els2026jisc
Small Ruminant Research,NA,0921-4488,2026-04-01,NA,els2026jisc
Smart Health,NA,2352-6483,2026-04-01,NA,els2026jisc
Social Networks,NA,0378-8733,2026-04-01,NA,els2026jisc
Social Science & Medicine,NA,0277-9536,2026-04-01,NA,els2026jisc
Social Science Research,NA,0049-089X,2026-04-01,NA,els2026jisc
Socio-Economic Planning Sciences,NA,0038-0121,2026-04-01,NA,els2026jisc
Soil & Tillage Research,NA,0167-1987,2026-04-01,NA,els2026jisc
Soil Biology & Biochemistry,NA,0038-0717,2026-04-01,NA,els2026jisc
Soil Dynamics and Earthquake Engineering,NA,0267-7261,2026-04-01,NA,els2026jisc
Solar Energy,NA,0038-092X,2026-04-01,NA,els2026jisc
Solar Energy Materials and Solar Cells,NA,0927-0248,2026-04-01,NA,els2026jisc
Solid State Communications,NA,0038-1098,2026-04-01,NA,els2026jisc
Solid State Ionics,NA,0167-2738,2026-04-01,NA,els2026jisc
Solid State Nuclear Magnetic Resonance,NA,0926-2040,2026-04-01,NA,els2026jisc
Solid State Sciences,NA,1293-2558,2026-04-01,NA,els2026jisc
Solid-State Electronics,NA,0038-1101,2026-04-01,NA,els2026jisc
South African Journal of Botany,NA,0254-6299,2026-04-01,NA,els2026jisc
Space Policy,NA,0265-9646,2026-04-01,NA,els2026jisc
Spanish Journal of Legal Medicine,NA,2445-4249,2026-04-01,NA,els2026jisc
Spanish Journal of Psychiatry and Mental Health,NA,2950-2853,2026-04-01,NA,els2026jisc
Spatial and Spatio-temporal Epidemiology,NA,1877-5845,2026-04-01,NA,els2026jisc
Spatial Statistics,NA,2211-6753,2026-04-01,NA,els2026jisc
Spectrochimica Acta Part A: Molecular and Biomolecular Spectroscopy,NA,1386-1425,2026-04-01,NA,els2026jisc
Spectrochimica Acta Part B: Atomic Spectroscopy,NA,0584-8547,2026-04-01,NA,els2026jisc
Speech Communication,NA,0167-6393,2026-04-01,NA,els2026jisc
Sports Economics Review,NA,2773-1618,2026-04-01,NA,els2026jisc
Sports Orthopaedics and Traumatology,NA,0949-328X,2026-04-01,NA,els2026jisc
Statistics & Probability Letters,NA,0167-7152,2026-04-01,NA,els2026jisc
Steroids,NA,0039-128X,2026-04-01,NA,els2026jisc
Stochastic Processes and their Applications,NA,0304-4149,2026-04-01,NA,els2026jisc
Strategic Business Research,NA,3051-0643,2026-04-01,NA,els2026jisc
Structural Change and Economic Dynamics,NA,0954-349X,2026-04-01,NA,els2026jisc
Structural Safety,NA,0167-4730,2026-04-01,NA,els2026jisc
Structure,NA,0969-2126,2026-04-01,NA,els2026jisc
Structures,NA,2352-0124,2026-04-01,NA,els2026jisc
Studies in Educational Evaluation,NA,0191-491X,2026-04-01,NA,els2026jisc
Studies in History and Philosophy of Science,NA,0039-3681,2026-04-01,NA,els2026jisc
Surface and Coatings Technology,NA,0257-8972,2026-04-01,NA,els2026jisc
Surface Science,NA,0039-6028,2026-04-01,NA,els2026jisc
Surface Science Reports,NA,0167-5729,2026-04-01,NA,els2026jisc
Surfaces and Interfaces,NA,2468-0230,2026-04-01,NA,els2026jisc
Surgery,NA,0039-6060,2026-04-01,NA,els2026jisc
Surgery for Obesity and Related Diseases,NA,1550-7289,2026-04-01,NA,els2026jisc
Surgical Oncology,NA,0960-7404,2026-04-01,NA,els2026jisc
Survey of Ophthalmology,NA,0039-6257,2026-04-01,NA,els2026jisc
Sustainable Chemistry and Pharmacy,NA,2352-5541,2026-04-01,NA,els2026jisc
Sustainable Chemistry One World,NA,2950-3574,2026-04-01,NA,els2026jisc
Sustainable Cities and Society,NA,2210-6707,2026-04-01,NA,els2026jisc
Sustainable Computing: Informatics and Systems,NA,2210-5379,2026-04-01,NA,els2026jisc
Sustainable Energy Technologies and Assessments,NA,2213-1388,2026-04-01,NA,els2026jisc
"Sustainable Energy, Grids and Networks",NA,2352-4677,2026-04-01,NA,els2026jisc
Sustainable Materials and Technologies,NA,2214-9937,2026-04-01,NA,els2026jisc
Sustainable Production and Consumption,NA,2352-5509,2026-04-01,NA,els2026jisc
Swarm and Evolutionary Computation,NA,2210-6502,2026-04-01,NA,els2026jisc
Synthetic Metals,NA,0379-6779,2026-04-01,NA,els2026jisc
System,NA,0346-251X,2026-04-01,NA,els2026jisc
Systematic and Applied Microbiology,NA,0723-2020,2026-04-01,NA,els2026jisc
Systems & Control Letters,NA,0167-6911,2026-04-01,NA,els2026jisc
Systems Ethnopharmacology and Sustainable Bioresources,NA,3117-5767,2026-04-01,NA,els2026jisc
Talanta,NA,0039-9140,2026-04-01,NA,els2026jisc
Teaching and Learning in Nursing,NA,1557-3087,2026-04-01,NA,els2026jisc
Teaching and Teacher Education,NA,0742-051X,2026-04-01,NA,els2026jisc
Techniques and Innovations in Gastrointestinal Endoscopy,NA,2590-0307,2026-04-01,NA,els2026jisc
Techniques in Vascular and Interventional Radiology,NA,1089-2516,2026-04-01,NA,els2026jisc
Technological Forecasting and Social Change,NA,0040-1625,2026-04-01,NA,els2026jisc
Technology in Society,NA,0160-791X,2026-04-01,NA,els2026jisc
Technovation,NA,0166-4972,2026-04-01,NA,els2026jisc
Tectonophysics,NA,0040-1951,2026-04-01,NA,els2026jisc
Telecommunications Policy,NA,0308-5961,2026-04-01,NA,els2026jisc
Telematics and Informatics,NA,0736-5853,2026-04-01,NA,els2026jisc
Tetrahedron,NA,0040-4020,2026-04-01,NA,els2026jisc
Tetrahedron Letters,NA,0040-4039,2026-04-01,NA,els2026jisc
The American Journal of Cardiology,NA,0002-9149,2026-04-01,NA,els2026jisc
The American Journal of Clinical Nutrition,NA,0002-9165,2026-04-01,NA,els2026jisc
The American Journal of Geriatric Psychiatry,NA,1064-7481,2026-04-01,NA,els2026jisc
The American Journal of Human Genetics,NA,0002-9297,2026-04-01,NA,els2026jisc
The American Journal of Medicine,NA,0002-9343,2026-04-01,NA,els2026jisc
The American Journal of Pathology,NA,0002-9440,2026-04-01,NA,els2026jisc
The American Journal of Surgery,NA,0002-9610,2026-04-01,NA,els2026jisc
The American Journal of the Medical Sciences,NA,0002-9629,2026-04-01,NA,els2026jisc
The Annals of Thoracic Surgery,NA,0003-4975,2026-04-01,NA,els2026jisc
The Arts in Psychotherapy,NA,0197-4556,2026-04-01,NA,els2026jisc
The British Accounting Review,NA,0890-8389,2026-04-01,NA,els2026jisc
The Egyptian Rheumatologist,NA,1110-1164,2026-04-01,NA,els2026jisc
The Electricity Journal,NA,1040-6190,2026-04-01,NA,els2026jisc
The European Journal of Psychiatry,NA,0213-6163,2026-04-01,NA,els2026jisc
The Extractive Industries and Society,NA,2214-790X,2026-04-01,NA,els2026jisc
The Foot,NA,0958-2592,2026-04-01,NA,els2026jisc
The French Journal of Urology,NA,2950-3930,2026-04-01,NA,els2026jisc
The International Journal of Biochemistry & Cell Biology,NA,1357-2725,2026-04-01,NA,els2026jisc
The International Journal of Management Education,NA,1472-8117,2026-04-01,NA,els2026jisc
The Internet and Higher Education,NA,1096-7516,2026-04-01,NA,els2026jisc
The Joint Commission Journal on Quality and Patient Safety,NA,1553-7250,2026-04-01,NA,els2026jisc
The Journal for Nurse Practitioners,NA,1555-4155,2026-04-01,NA,els2026jisc
The Journal of Academic Librarianship,NA,0099-1333,2026-04-01,NA,els2026jisc
The Journal of Allergy and Clinical Immunology: In Practice,NA,2213-2198,2026-04-01,NA,els2026jisc
The Journal of Chemical Thermodynamics,NA,0021-9614,2026-04-01,NA,els2026jisc
The Journal of Economic Asymmetries,NA,1703-4949,2026-04-01,NA,els2026jisc
The Journal of Emergency Medicine,NA,0736-4679,2026-04-01,NA,els2026jisc
The Journal of Foot & Ankle Surgery,NA,1067-2516,2026-04-01,NA,els2026jisc
The Journal of Hand Surgery,NA,0363-5023,2026-04-01,NA,els2026jisc
The Journal of Heart and Lung Transplantation,NA,1053-2498,2026-04-01,NA,els2026jisc
The Journal of Mathematical Behavior,NA,0732-3123,2026-04-01,NA,els2026jisc
The Journal of Molecular Diagnostics,NA,1525-1578,2026-04-01,NA,els2026jisc
The Journal of Nutrition,NA,0022-3166,2026-04-01,NA,els2026jisc
The Journal of Nutritional Biochemistry,NA,0955-2863,2026-04-01,NA,els2026jisc
The Journal of Pain,NA,1526-5900,2026-04-01,NA,els2026jisc
The Journal of Pediatrics,NA,0022-3476,2026-04-01,NA,els2026jisc
The Journal of Pharmacology and Experimental Therapeutics,NA,0022-3565,2026-04-01,NA,els2026jisc
The Journal of Prosthetic Dentistry,NA,0022-3913,2026-04-01,NA,els2026jisc
The Journal of Steroid Biochemistry and Molecular Biology,NA,0960-0760,2026-04-01,NA,els2026jisc
The Journal of Strategic Information Systems,NA,0963-8687,2026-04-01,NA,els2026jisc
The Journal of Supercritical Fluids,NA,0896-8446,2026-04-01,NA,els2026jisc
The Journal of the American Dental Association,NA,0002-8177,2026-04-01,NA,els2026jisc
The Journal of the Economics of Ageing,NA,2212-828X,2026-04-01,NA,els2026jisc
The Journal of Thoracic and Cardiovascular Surgery,NA,0022-5223,2026-04-01,NA,els2026jisc
The Knee,NA,0968-0160,2026-04-01,NA,els2026jisc
The Lancet,NA,0140-6736,2026-04-01,NA,els2026jisc
The Lancet Child & Adolescent Health,NA,2352-4642,2026-04-01,NA,els2026jisc
The Lancet Diabetes & Endocrinology,NA,2213-8587,2026-04-01,NA,els2026jisc
The Lancet Gastroenterology & Hepatology,NA,2468-1253,2026-04-01,NA,els2026jisc
The Lancet Haematology,NA,2352-3026,2026-04-01,NA,els2026jisc
The Lancet HIV,NA,2352-3018,2026-04-01,NA,els2026jisc
The Lancet Infectious Diseases,NA,1473-3099,2026-04-01,NA,els2026jisc
The Lancet Neurology,NA,1474-4422,2026-04-01,NA,els2026jisc
"The Lancet Obstetrics, Gynaecology, & Women’s Health",NA,3050-5038,2026-04-01,NA,els2026jisc
The Lancet Oncology,NA,1470-2045,2026-04-01,NA,els2026jisc
The Lancet Psychiatry,NA,2215-0366,2026-04-01,NA,els2026jisc
The Lancet Respiratory Medicine,NA,2213-2600,2026-04-01,NA,els2026jisc
The Lancet Rheumatology,NA,2665-9913,2026-04-01,NA,els2026jisc
The Leadership Quarterly,NA,1048-9843,2026-04-01,NA,els2026jisc
The North American Journal of Economics and Finance,NA,1062-9408,2026-04-01,NA,els2026jisc
The Ocular Surface,NA,1542-0124,2026-04-01,NA,els2026jisc
The Quarterly Review of Economics and Finance,NA,1062-9769,2026-04-01,NA,els2026jisc
The Spine Journal,NA,1529-9430,2026-04-01,NA,els2026jisc
The Surgeon,NA,1479-666X,2026-04-01,NA,els2026jisc
The Veterinary Journal,NA,1090-0233,2026-04-01,NA,els2026jisc
Theoretical and Applied Fracture Mechanics,NA,0167-8442,2026-04-01,NA,els2026jisc
Theoretical Computer Science,NA,0304-3975,2026-04-01,NA,els2026jisc
Theoretical Population Biology,NA,0040-5809,2026-04-01,NA,els2026jisc
Therapies,NA,0040-5957,2026-04-01,NA,els2026jisc
Theriogenology,NA,0093-691X,2026-04-01,NA,els2026jisc
Thermal Advances,NA,3050-4635,2026-04-01,NA,els2026jisc
Thermochimica Acta,NA,0040-6031,2026-04-01,NA,els2026jisc
Thin Solid Films,NA,0040-6090,2026-04-01,NA,els2026jisc
Thinking Skills and Creativity,NA,1871-1871,2026-04-01,NA,els2026jisc
Thin-Walled Structures,NA,0263-8231,2026-04-01,NA,els2026jisc
Thrombosis Research,NA,0049-3848,2026-04-01,NA,els2026jisc
Tissue and Cell,NA,0040-8166,2026-04-01,NA,els2026jisc
Topics in Companion Animal Medicine,NA,1938-9736,2026-04-01,NA,els2026jisc
Topology and its Applications,NA,0166-8641,2026-04-01,NA,els2026jisc
Total Chemistry,NA,3050-581X,2026-04-01,NA,els2026jisc
Total Environment Advances,NA,2950-3957,2026-04-01,NA,els2026jisc
Total Environment Engineering,NA,2950-631X,2026-04-01,NA,els2026jisc
Tourism Management,NA,0261-5177,2026-04-01,NA,els2026jisc
Tourism Management Perspectives,NA,2211-9736,2026-04-01,NA,els2026jisc
Toxicologie Analytique et Clinique,NA,2352-0078,2026-04-01,NA,els2026jisc
Toxicology,NA,0300-483X,2026-04-01,NA,els2026jisc
Toxicology and Applied Pharmacology,NA,0041-008X,2026-04-01,NA,els2026jisc
Toxicology in Vitro,NA,0887-2333,2026-04-01,NA,els2026jisc
Toxicology Letters,NA,0378-4274,2026-04-01,NA,els2026jisc
Toxicon,NA,0041-0101,2026-04-01,NA,els2026jisc
Transfusion and Apheresis Science,NA,1473-0502,2026-04-01,NA,els2026jisc
Transfusion Clinique et Biologique,NA,1246-7820,2026-04-01,NA,els2026jisc
Transfusion Medicine Reviews,NA,0887-7963,2026-04-01,NA,els2026jisc
Translational Research,NA,1931-5244,2026-04-01,NA,els2026jisc
Transnational Mobilities,NA,3117-5511,2026-04-01,NA,els2026jisc
Transplant Immunology,NA,0966-3274,2026-04-01,NA,els2026jisc
Transplantation and Cellular Therapy,NA,2666-6367,2026-04-01,NA,els2026jisc
Transplantation Proceedings,NA,0041-1345,2026-04-01,NA,els2026jisc
Transplantation Reviews,NA,0955-470X,2026-04-01,NA,els2026jisc
Transport Policy,NA,0967-070X,2026-04-01,NA,els2026jisc
Transportation Geotechnics,NA,2214-3912,2026-04-01,NA,els2026jisc
Transportation Research Part A: Policy and Practice,NA,0965-8564,2026-04-01,NA,els2026jisc
Transportation Research Part B: Methodological,NA,0191-2615,2026-04-01,NA,els2026jisc
Transportation Research Part C: Emerging Technologies,NA,0968-090X,2026-04-01,NA,els2026jisc
Transportation Research Part D: Transport and Environment,NA,1361-9209,2026-04-01,NA,els2026jisc
Transportation Research Part E: Logistics and Transportation Review,NA,1366-5545,2026-04-01,NA,els2026jisc
Transportation Research Part F: Traffic Psychology and Behaviour,NA,1369-8478,2026-04-01,NA,els2026jisc
Travel Behaviour and Society,NA,2214-367X,2026-04-01,NA,els2026jisc
Trends in Anaesthesia and Critical Care,NA,2210-8440,2026-04-01,NA,els2026jisc
Trends in Analytical Chemistry,NA,0165-9936,2026-04-01,NA,els2026jisc
Trends in Biochemical Sciences,NA,0968-0004,2026-04-01,NA,els2026jisc
Trends in Biotechnology,NA,0167-7799,2026-04-01,NA,els2026jisc
Trends in Cancer,NA,2405-8033,2026-04-01,NA,els2026jisc
Trends in Cardiovascular Medicine,NA,1050-1738,2026-04-01,NA,els2026jisc
Trends in Cell Biology,NA,0962-8924,2026-04-01,NA,els2026jisc
Trends in Chemistry,NA,2589-5974,2026-04-01,NA,els2026jisc
Trends in Cognitive Sciences,NA,1364-6613,2026-04-01,NA,els2026jisc
Trends in Ecology & Evolution,NA,0169-5347,2026-04-01,NA,els2026jisc
Trends in Endocrinology & Metabolism,NA,1043-2760,2026-04-01,NA,els2026jisc
Trends in Environmental Analytical Chemistry,NA,2214-1588,2026-04-01,NA,els2026jisc
Trends in Food Science & Technology,NA,0924-2244,2026-04-01,NA,els2026jisc
Trends in Genetics,NA,0168-9525,2026-04-01,NA,els2026jisc
Trends in Immunology,NA,1471-4906,2026-04-01,NA,els2026jisc
Trends in Microbiology,NA,0966-842X,2026-04-01,NA,els2026jisc
Trends in Molecular Medicine,NA,1471-4914,2026-04-01,NA,els2026jisc
Trends in Neuroscience and Education,NA,2211-9493,2026-04-01,NA,els2026jisc
Trends in Neurosciences,NA,0166-2236,2026-04-01,NA,els2026jisc
Trends in Parasitology,NA,1471-4922,2026-04-01,NA,els2026jisc
Trends in Pharmacological Sciences,NA,0165-6147,2026-04-01,NA,els2026jisc
Trends in Plant Science,NA,1360-1385,2026-04-01,NA,els2026jisc
Tribology International,NA,0301-679X,2026-04-01,NA,els2026jisc
Tuberculosis,NA,1472-9792,2026-04-01,NA,els2026jisc
Tunnelling and Underground Space Technology,NA,0886-7798,2026-04-01,NA,els2026jisc
Ultramicroscopy,NA,0304-3991,2026-04-01,NA,els2026jisc
Ultrasonics,NA,0041-624X,2026-04-01,NA,els2026jisc
Ultrasound in Medicine & Biology,NA,0301-5629,2026-04-01,NA,els2026jisc
Urban Climate,NA,2212-0955,2026-04-01,NA,els2026jisc
Urban Forestry & Urban Greening,NA,1618-8667,2026-04-01,NA,els2026jisc
Urologic Oncology: Seminars and Original Investigations,NA,1078-1439,2026-04-01,NA,els2026jisc
Urology,NA,0090-4295,2026-04-01,NA,els2026jisc
Utilities Policy,NA,0957-1787,2026-04-01,NA,els2026jisc
Vaccine,NA,0264-410X,2026-04-01,NA,els2026jisc
Vacunas,NA,1576-9887,2026-04-01,NA,els2026jisc
Vacunas (English Edition),NA,2445-1460,2026-04-01,NA,els2026jisc
Vacuum,NA,0042-207X,2026-04-01,NA,els2026jisc
Value in Health,NA,1098-3015,2026-04-01,NA,els2026jisc
Vascular Diseases,NA,3050-6581,2026-04-01,NA,els2026jisc
Vascular Pharmacology,NA,1537-1891,2026-04-01,NA,els2026jisc
Vehicular Communications,NA,2214-2096,2026-04-01,NA,els2026jisc
Veterinary Immunology and Immunopathology,NA,0165-2427,2026-04-01,NA,els2026jisc
Veterinary Microbiology,NA,0378-1135,2026-04-01,NA,els2026jisc
Veterinary Parasitology,NA,0304-4017,2026-04-01,NA,els2026jisc
Veterinary Parasitology: Regional Studies and Reports,NA,2405-9390,2026-04-01,NA,els2026jisc
Vibrational Spectroscopy,NA,0924-2031,2026-04-01,NA,els2026jisc
Virology,NA,0042-6822,2026-04-01,NA,els2026jisc
Vision Research,NA,0042-6989,2026-04-01,NA,els2026jisc
Visual Journal of Emergency Medicine,NA,2405-4690,2026-04-01,NA,els2026jisc
Waste Management,NA,0956-053X,2026-04-01,NA,els2026jisc
Water Research,NA,0043-1354,2026-04-01,NA,els2026jisc
Water Security,NA,2468-3124,2026-04-01,NA,els2026jisc
Wave Motion,NA,0165-2125,2026-04-01,NA,els2026jisc
Wear,NA,0043-1648,2026-04-01,NA,els2026jisc
Women and Birth,NA,1871-5192,2026-04-01,NA,els2026jisc
Women's Health Issues,NA,1049-3867,2026-04-01,NA,els2026jisc
Women's Studies International Forum,NA,0277-5395,2026-04-01,NA,els2026jisc
World Development,NA,0305-750X,2026-04-01,NA,els2026jisc
World Development Perspectives,NA,2452-2929,2026-04-01,NA,els2026jisc
World Patent Information,NA,0172-2190,2026-04-01,NA,els2026jisc
"Zeitschrift für Evidenz, Fortbildung und Qualität im Gesundheitswesen",NA,1865-9217,2026-04-01,NA,els2026jisc
Zoologischer Anzeiger,NA,0044-5231,2026-04-01,NA,els2026jisc
Zoology,NA,0944-2006,2026-04-01,NA,els2026jisc
Analyst,0003-2654,1364-5528,2026-01-07,NA,rsc2022bibsam
Analytical Methods,1759-9660,1759-9679,2026-01-07,NA,rsc2022bibsam
Biomaterials Science,2047-4830,2047-4849,2026-01-07,NA,rsc2022bibsam
Catalysis Science & Technology,2044-4753,2044-4761,2026-01-07,NA,rsc2022bibsam
Chemical Communications,1359-7345,1364-548X,2026-01-07,NA,rsc2022bibsam
Chemical Society Reviews,0306-0012,1460-4744,2026-01-07,NA,rsc2022bibsam
CrystEngComm,NA,1466-8033,2026-01-07,NA,rsc2022bibsam
Dalton Transactions,1477-9226,1477-9234,2026-01-07,NA,rsc2022bibsam
Energy & Environmental Science,1754-5692,1754-5706,2026-01-07,NA,rsc2022bibsam
Environmental Science: Nano,2051-8153,2051-8161,2026-01-07,NA,rsc2022bibsam
Environmental Science: Processes & Impacts,2050-7887,2050-7895,2026-01-07,NA,rsc2022bibsam
Environmental Science: Water Research & Technology,2053-1400,2053-1419,2026-01-07,NA,rsc2022bibsam
Faraday Discussions,1359-6640,1364-5498,2026-01-07,NA,rsc2022bibsam
Food & Function,2042-6496,2042-650X,2026-01-07,NA,rsc2022bibsam
Green Chemistry,1463-9262,1463-9270,2026-01-07,NA,rsc2022bibsam
Inorganic Chemistry Frontiers,NA,2052-1553,2026-01-07,NA,rsc2022bibsam
Journal of Analytical Atomic Spectrometry,0267-9477,1364-5544,2026-01-07,NA,rsc2022bibsam
Journal of Materials Chemistry A: Materials for energy and sustainability,0959-9428,2050-7496,2026-01-07,NA,rsc2022bibsam
Journal of Materials Chemistry B: Materials for biology and medicine,2050-750X,2050-7518,2026-01-07,NA,rsc2022bibsam
Journal of Materials Chemistry C: Materials for optical and electronic devices,2050-7526,2050-7534,2026-01-07,NA,rsc2022bibsam
Lab on a Chip,1473-0197,1473-0189,2026-01-07,NA,rsc2022bibsam
Materials Chemistry Frontiers,NA,2052-1537,2026-01-07,NA,rsc2022bibsam
Materials Horizons,2051-6347,2051-6355,2026-01-07,NA,rsc2022bibsam
Molecular Systems Design & Engineering,NA,2058-9689,2026-01-07,NA,rsc2022bibsam
Nanoscale,2040-3364,2040-3372,2026-01-07,NA,rsc2022bibsam
Nanoscale Horizons,NA,2055-6764,2026-01-07,NA,rsc2022bibsam
Natural Product Reports,0265-0568,1460-4752,2026-01-07,NA,rsc2022bibsam
New Journal of Chemistry,1144-0546,1369-9261,2026-01-07,NA,rsc2022bibsam
Organic & Biomolecular Chemistry,1477-0520,1477-0539,2026-01-07,NA,rsc2022bibsam
Organic Chemistry Frontiers,NA,2052-4129,2026-01-07,NA,rsc2022bibsam
Physical Chemistry Chemical Physics,1463-9076,1463-9084,2026-01-07,NA,rsc2022bibsam
Polymer Chemistry,1759-9954,1759-9954,2026-01-07,NA,rsc2022bibsam
Reaction Chemistry & Engineering,NA,2058-9883,2026-01-07,NA,rsc2022bibsam
RSC Medicinal Chemistry,NA,2632-8682,2026-01-07,NA,rsc2022bibsam
Soft Matter,1744-683X,1744-6848,2026-01-07,NA,rsc2022bibsam
Sustainable Energy & Fuels,NA,2398-4902,2026-01-07,NA,rsc2022bibsam
Digital Discovery,NA,2635-098X,2026-01-07,NA,rsc2022bibsam
EES Batteries,NA,3033-4071,2026-01-07,NA,rsc2022bibsam
EES Catalysis,NA,2753-801X,2026-01-07,NA,rsc2022bibsam
EES Solar,NA,3033-4063,2026-01-07,NA,rsc2022bibsam
Energy Advances,NA,2753-1457,2026-01-07,NA,rsc2022bibsam
Environmental Science: Advances,NA,2754-7000,2026-01-07,NA,rsc2022bibsam
Environmental Science: Atmospheres,NA,2634-3606,2026-01-07,NA,rsc2022bibsam
Industrial Chemistry & Materials,NA,2755-2500,2026-01-07,NA,rsc2022bibsam
Materials Advances,NA,2633-5409,2026-01-07,NA,rsc2022bibsam
Nanoscale Advances,NA,2156-0230,2026-01-07,NA,rsc2022bibsam
RSC Advances,NA,2046-2069,2026-01-07,NA,rsc2022bibsam
RSC Applied Interfaces,NA,2755-3701,2026-01-07,NA,rsc2022bibsam
RSC Applied Polymers,NA,2755-371X,2026-01-07,NA,rsc2022bibsam
RSC Chemical Biology,NA,2633-0679,2026-01-07,NA,rsc2022bibsam
RSC Mechanochemistry,NA,2976-8683,2026-01-07,NA,rsc2022bibsam
RSC Pharmaceutics,NA,2976-8713,2026-01-07,NA,rsc2022bibsam
RSC Sustainability,NA,2753-8125,2026-01-07,NA,rsc2022bibsam
Sensors & Diagnostics,NA,2635-0998,2026-01-07,NA,rsc2022bibsam
Sustainable Food Technology,NA,2753-8095,2026-01-07,NA,rsc2022bibsam
Chemical Science,2041-6520,2041-6539,2026-01-07,NA,rsc2022bibsam
