journal_name,issn_print,issn_online,first_seen,last_seen,esac_id
Blue-Green Systems,NA,2617-4782,2026-06-17,NA,iwa2024eifl
H2Open Journal,NA,2616-6518,2026-06-17,NA,iwa2024eifl
Hydrology Research,NA,2224-7955,2026-06-17,NA,iwa2024eifl
Ingeneria del Agua,NA,1886-4996,2026-06-17,NA,iwa2024eifl
Journal of Hydroinformatics,NA,1465-1734,2026-06-17,NA,iwa2024eifl
Journal of Water and Climate Change,NA,2408-9354,2026-06-17,NA,iwa2024eifl
Journal of Water and Health,NA,1996-7829,2026-06-17,NA,iwa2024eifl
Water Reuse,NA,2709-6106,2026-06-17,NA,iwa2024eifl
"AQUA - Water Infrastructure, Ecosystems and Society",NA,2709-8036,2026-06-17,NA,iwa2024eifl
"Journal of Water, Sanitation and Hygiene for Development",NA,2408-9362,2026-06-17,NA,iwa2024eifl
Water Policy,NA,1996-9759,2026-06-17,NA,iwa2024eifl
Water Practice & Technology,NA,1751-231X,2026-06-17,NA,iwa2024eifl
Water Quality Research Journal,NA,2709-8052,2026-06-17,NA,iwa2024eifl
Water Science & Technology,NA,1996-9732,2026-06-17,NA,iwa2024eifl
Water Supply,NA,1607-0798,2026-06-17,NA,iwa2024eifl
ACM AI Letters,NA,3068-8590,2026-05-26,NA,acm2025eifl
ACM Computing Surveys,NA,1557-7341,2026-05-26,NA,acm2025eifl
ACM Inroads,NA,2153-2192,2026-05-26,NA,acm2025eifl
ACM Journal of Data Science,NA,3069-3497,2026-05-26,NA,acm2025eifl
ACM Journal on Autonomous Transportation Systems,NA,2833-0528,2026-05-26,NA,acm2025eifl
ACM Journal on Computing and Sustainable Societies,NA,2834-5533,2026-05-26,NA,acm2025eifl
ACM Journal on Emerging Technologies in Computing Systems,NA,1550-4840,2026-05-26,NA,acm2025eifl
ACM Journal on Responsible Computing,NA,2832-0565,2026-05-26,NA,acm2025eifl
ACM Transactions on Accessible Computing,NA,1936-7236,2026-05-26,NA,acm2025eifl
ACM Transactions on AI for Science,NA,3066-4438,2026-05-26,NA,acm2025eifl
ACM Transactions on AI Security and Privacy,NA,3068-3564,2026-05-26,NA,acm2025eifl
ACM Transactions on Algorithms,NA,1549-6333,2026-05-26,NA,acm2025eifl
ACM Transactions on Applied Perception,NA,1544-3965,2026-05-26,NA,acm2025eifl
ACM Transactions on Architecture and Code Optimization,NA,1544-3973,2026-05-26,NA,acm2025eifl
ACM Transactions on Asian and Low-Resource Language Information Processing,NA,2375-4702,2026-05-26,NA,acm2025eifl
ACM Transactions on Autonomous and Adaptive Systems,NA,1556-4703,2026-05-26,NA,acm2025eifl
ACM Transactions on Computation Theory,NA,1942-3462,2026-05-26,NA,acm2025eifl
ACM Transactions on Computational Logic,NA,1557-945X,2026-05-26,NA,acm2025eifl
ACM Transactions on Computer Systems,NA,1557-7333,2026-05-26,NA,acm2025eifl
ACM Transactions on Computer-Human Interaction,NA,1557-7325,2026-05-26,NA,acm2025eifl
ACM Transactions on Computing Education,NA,1946-6226,2026-05-26,NA,acm2025eifl
ACM Transactions on Computing for Healthcare,NA,2637-8051,2026-05-26,NA,acm2025eifl
ACM Transactions on Cyber-Physical Systems,NA,2378-9638,2026-05-26,NA,acm2025eifl
ACM Transactions on Database Systems,NA,1557-4644,2026-05-26,NA,acm2025eifl
ACM Transactions on Design Automation of Electronic Systems,NA,1557-7309,2026-05-26,NA,acm2025eifl
ACM Transactions on Economics and Computation,NA,2167-8383,2026-05-26,NA,acm2025eifl
ACM Transactions on Embedded Computing Systems,NA,1558-3465,2026-05-26,NA,acm2025eifl
ACM Transactions on Evolutionary Learning and Optimization,NA,2688-3007,2026-05-26,NA,acm2025eifl
ACM Transactions on Graphics,NA,1557-7368,2026-05-26,NA,acm2025eifl
ACM Transactions on Human-Robot Interaction,NA,2573-9522,2026-05-26,NA,acm2025eifl
ACM Transactions on Information Systems,NA,1558-2868,2026-05-26,NA,acm2025eifl
ACM Transactions on Intelligent Systems and Technology,NA,2157-6912,2026-05-26,NA,acm2025eifl
ACM Transactions on Interactive Intelligent Systems,NA,2160-6463,2026-05-26,NA,acm2025eifl
ACM Transactions on Internet of Things,NA,2577-6207,2026-05-26,NA,acm2025eifl
ACM Transactions on Internet Technology,NA,1557-6051,2026-05-26,NA,acm2025eifl
ACM Transactions on Knowledge Discovery from Data,NA,1556-472X,2026-05-26,NA,acm2025eifl
ACM Transactions on Management Information Systems,NA,2158-6578,2026-05-26,NA,acm2025eifl
ACM Transactions on Mathematical Software,NA,1557-7295,2026-05-26,NA,acm2025eifl
ACM Transactions on Modeling and Computer Simulation,NA,1558-1195,2026-05-26,NA,acm2025eifl
ACM Transactions on Modeling and Performance Evaluation of Computing Systems,NA,2376-3647,2026-05-26,NA,acm2025eifl
"ACM Transactions on Multimedia Computing, Communications, and Applications",NA,1551-6865,2026-05-26,NA,acm2025eifl
ACM Transactions on Parallel Computing,NA,2329-4957,2026-05-26,NA,acm2025eifl
ACM Transactions on Privacy and Security,NA,2471-2574,2026-05-26,NA,acm2025eifl
ACM Transactions on Probabilistic Machine Learning,NA,2836-8924,2026-05-26,NA,acm2025eifl
ACM Transactions on Programming Languages and Systems,NA,1558-4593,2026-05-26,NA,acm2025eifl
ACM Transactions on Quantum Computing,NA,2643-6817,2026-05-26,NA,acm2025eifl
ACM Transactions on Recommender Systems,NA,2770-6699,2026-05-26,NA,acm2025eifl
ACM Transactions on Reconfigurable Technology and Systems,NA,1936-7414,2026-05-26,NA,acm2025eifl
ACM Transactions on Sensor Networks,NA,1550-4867,2026-05-26,NA,acm2025eifl
ACM Transactions on Social Computing,NA,2469-7826,2026-05-26,NA,acm2025eifl
ACM Transactions on Software Engineering and Methodology,NA,1557-7392,2026-05-26,NA,acm2025eifl
ACM Transactions on Spatial Algorithms and Systems,NA,2374-0361,2026-05-26,NA,acm2025eifl
ACM Transactions on Storage,NA,1553-3093,2026-05-26,NA,acm2025eifl
ACM Transactions on the Web,NA,1559-114X,2026-05-26,NA,acm2025eifl
Communications of the ACM,NA,1557-7317,2026-05-26,NA,acm2025eifl
Digital Government: Research and Practice,NA,2639-0175,2026-05-26,NA,acm2025eifl
Digital Threats: Research and Practice,NA,2576-5337,2026-05-26,NA,acm2025eifl
Distributed Ledger Technologies: Research and Practice,NA,2769-6480,2026-05-26,NA,acm2025eifl
eLearn,NA,1535-394X,2026-05-26,NA,acm2025eifl
Formal Aspects of Computing,NA,1433-299X,2026-05-26,NA,acm2025eifl
Games: Research and Practice,NA,2832-5516,2026-05-26,NA,acm2025eifl
Interactions,NA,1558-3449,2026-05-26,NA,acm2025eifl
Journal of Data and Information Quality,NA,1936-1963,2026-05-26,NA,acm2025eifl
Journal of the ACM,NA,1557-735X,2026-05-26,NA,acm2025eifl
Journal on Computing and Cultural Heritage,NA,1556-4711,2026-05-26,NA,acm2025eifl
Proceedings of the ACM on Computer Graphics and Interactive Techniques,NA,2577-6193,2026-05-26,NA,acm2025eifl
Proceedings of the ACM on Human-Computer Interaction,NA,2573-0142,2026-05-26,NA,acm2025eifl
"Proceedings of the ACM on Interactive, Mobile, Wearable and Ubiquitous Technologies",NA,2474-9567,2026-05-26,NA,acm2025eifl
Proceedings of the ACM on Management of Data,NA,2836-6573,2026-05-26,NA,acm2025eifl
Proceedings of the ACM on Measurement and Analysis of Computing Systems,NA,2476-1249,2026-05-26,NA,acm2025eifl
Proceedings of the ACM on Networking,NA,2834-5509,2026-05-26,NA,acm2025eifl
Proceedings of the ACM on Programming Languages,NA,2475-1421,2026-05-26,NA,acm2025eifl
Proceedings of the ACM on Software Engineering,NA,2994-970X,2026-05-26,NA,acm2025eifl
Queue,NA,1542-7749,2026-05-26,NA,acm2025eifl
Ubiquity,NA,1530-2180,2026-05-26,NA,acm2025eifl
"XRDS: Crossroads, The ACM Magazine for Students",NA,1528-4980,2026-05-26,NA,acm2025eifl
European Respiratory Journal,NA,1399-3003,2026-05-26,NA,ers2024eifl
ERJ Open Research,NA,2312-0541,2026-05-26,NA,ers2024eifl
European Respiratory Review,NA,1600-0617,2026-05-26,NA,ers2024eifl
Genes & Development,0890-9369,1549-5477,2026-05-05,NA,cshl2024anu
Genome Research,1088-9051,1549-5469,2026-05-05,NA,cshl2024anu
Learning & Memory,1072-0502,1549-5485,2026-05-05,NA,cshl2024anu
RNA,1355-8382,1469-9001,2026-05-05,NA,cshl2024anu
ACM AI Letters,NA,3068-8590,2026-05-07,NA,acm2024caul
ACM Computing Surveys,0360-0300,1557-7341,2026-05-07,NA,acm2024caul
ACM Journal of Data Science,NA,3069-3497,2026-05-07,NA,acm2024caul
ACM Journal on Autonomous Transportation Systems,NA,2833-0528,2026-05-07,NA,acm2024caul
ACM Journal on Computing and Sustainable Societies,NA,2834-5533,2026-05-07,NA,acm2024caul
ACM Journal on Emerging Technologies in Computing Systems,1550-4832,1550-4840,2026-05-07,NA,acm2024caul
ACM Journal on Responsible Computing,NA,2832-0565,2026-05-07,NA,acm2024caul
ACM Transactions on Accessible Computing,1936-7228,1936-7236,2026-05-07,NA,acm2024caul
ACM Transactions on AI for Science- (ACM Trans. AI Sci.),NA,3066-4438,2026-05-07,NA,acm2024caul
ACM Transactions on AI Security and Privacy- (ACM Trans. AI Secur. Priv.),NA,3068-3564,2026-05-07,NA,acm2024caul
ACM Transactions on Algorithms,1549-6325,1549-6333,2026-05-07,NA,acm2024caul
ACM Transactions on Applied Perception,1544-3558,1544-3965,2026-05-07,NA,acm2024caul
ACM Transactions on Architecture and Code Optimization,1544-3566,1544-3973,2026-05-07,NA,acm2024caul
ACM Transactions on Asian and Low-Resource Language Information Processing,2375-4699,2375-4702,2026-05-07,NA,acm2024caul
ACM Transactions on Autonomous and Adaptive Systems,1556-4665,1556-4703,2026-05-07,NA,acm2024caul
ACM Transactions on Computation Theory,1942-3454,1942-3462,2026-05-07,NA,acm2024caul
ACM Transactions on Computational Logic,1529-3785,1557-945X,2026-05-07,NA,acm2024caul
ACM Transactions on Computer Systems,0734-2071,1557-7333,2026-05-07,NA,acm2024caul
ACM Transactions on Computer-Human Interaction,1073-0516,1557-7325,2026-05-07,NA,acm2024caul
ACM Transactions on Computing Education,NA,1946-6226,2026-05-07,NA,acm2024caul
ACM Transactions on Computing for Healthcare,NA,2637-8051,2026-05-07,NA,acm2024caul
ACM Transactions on Cyber-Physical Systems,2378-962X,2378-9638,2026-05-07,NA,acm2024caul
ACM Transactions on Database Systems,0362-5915,1557-4644,2026-05-07,NA,acm2024caul
ACM Transactions on Design Automation of Electronic Systems,1084-4309,1557-7309,2026-05-07,NA,acm2024caul
ACM Transactions on Economics and Computation,2167-8375,2167-8383,2026-05-07,NA,acm2024caul
ACM Transactions on Embedded Computing Systems,1539-9087,1558-3465,2026-05-07,NA,acm2024caul
ACM Transactions on Evolutionary Learning and Optimization,NA,2688-3007,2026-05-07,NA,acm2024caul
ACM Transactions on Graphics,0730-0301,1557-7368,2026-05-07,NA,acm2024caul
ACM Transactions on Human-Robot Interaction,NA,2573-9522,2026-05-07,NA,acm2024caul
ACM Transactions on Information Systems,1046-8188,1558-2868,2026-05-07,NA,acm2024caul
ACM Transactions on Intelligent Systems and Technology,2157-6904,2157-6912,2026-05-07,NA,acm2024caul
ACM Transactions on Interactive Intelligent Systems,2160-6455,2160-6463,2026-05-07,NA,acm2024caul
ACM Transactions on Internet of Things,NA,2577-6207,2026-05-07,NA,acm2024caul
ACM Transactions on Internet Technology,1533-5399,1557-6051,2026-05-07,NA,acm2024caul
ACM Transactions on Knowledge Discovery from Data,1556-4681,1556-472X,2026-05-07,NA,acm2024caul
ACM Transactions on Management Information Systems,2158-656X,2158-6578,2026-05-07,NA,acm2024caul
ACM Transactions on Mathematical Software,0098-3500,1557-7295,2026-05-07,NA,acm2024caul
ACM Transactions on Modeling and Computer Simulation,1049-3301,1558-1195,2026-05-07,NA,acm2024caul
ACM Transactions on Modeling and Performance Evaluation of Computing Systems,2376-3639,2376-3647,2026-05-07,NA,acm2024caul
"ACM Transactions on Multimedia Computing, Communications, and Applications",1551-6857,1551-6865,2026-05-07,NA,acm2024caul
ACM Transactions on Parallel Computing,2329-4949,2329-4957,2026-05-07,NA,acm2024caul
ACM Transactions on Privacy and Security,2471-2566,2471-2574,2026-05-07,NA,acm2024caul
ACM Transactions on Probabilistic Machine Learning,NA,2836-8924,2026-05-07,NA,acm2024caul
ACM Transactions on Programming Languages and Systems,0164-0925,1558-4593,2026-05-07,NA,acm2024caul
ACM Transactions on Quantum Computing,NA,2643-6817,2026-05-07,NA,acm2024caul
ACM Transactions on Recommender Systems,NA,2770-6699,2026-05-07,NA,acm2024caul
ACM Transactions on Reconfigurable Technology and Systems,1936-7406,1936-7414,2026-05-07,NA,acm2024caul
ACM Transactions on Sensor Networks,1550-4859,1550-4867,2026-05-07,NA,acm2024caul
ACM Transactions on Social Computing,NA,2469-7826,2026-05-07,NA,acm2024caul
ACM Transactions on Software Engineering and Methodology,1049-331X,1557-7392,2026-05-07,NA,acm2024caul
ACM Transactions on Spatial Algorithms and Systems,2374-0353,2374-0361,2026-05-07,NA,acm2024caul
ACM Transactions on Storage,1553-3077,1553-3093,2026-05-07,NA,acm2024caul
ACM Transactions on the Web,1559-1131,1559-114X,2026-05-07,NA,acm2024caul
Collective Intelligence,NA,2633-9137,2026-05-07,NA,acm2024caul
Digital Government: Research and Practice,NA,2639-0175,2026-05-07,NA,acm2024caul
Digital Threats: Research and Practice,NA,2576-5337,2026-05-07,NA,acm2024caul
Distributed Ledger Technologies: Research and Practice,NA,2769-6480,2026-05-07,NA,acm2024caul
Formal Aspects of Computing,0934-5043,1433-299X,2026-05-07,NA,acm2024caul
Games: Research and Practice,NA,2832-5516,2026-05-07,NA,acm2024caul
Journal of Data and Information Quality,1936-1955,1936-1963,2026-05-07,NA,acm2024caul
Journal of the ACM,0004-5411,1557-735X,2026-05-07,NA,acm2024caul
Journal on Computing and Cultural Heritage,1556-4673,1556-4711,2026-05-07,NA,acm2024caul
Proceedings of the ACM on Computer Graphics and Interactive Techniques,NA,2577-6193,2026-05-07,NA,acm2024caul
Proceedings of the ACM on Human-Computer Interaction,NA,2573-0142,2026-05-07,NA,acm2024caul
"Proceedings of the ACM on Interactive, Mobile, Wearable and Ubiquitous Technologies",NA,2474-9567,2026-05-07,NA,acm2024caul
Proceedings of the ACM on Management of Data,NA,2836-6573,2026-05-07,NA,acm2024caul
Proceedings of the ACM on Measurement and Analysis of Computing Systems,NA,2476-1249,2026-05-07,NA,acm2024caul
Proceedings of the ACM on Networking,NA,2834-5509,2026-05-07,NA,acm2024caul
Proceedings of the ACM on Programming Languages,NA,2475-1421,2026-05-07,NA,acm2024caul
Proceedings of the ACM on Software Engineering,NA,2994-970X,2026-05-07,NA,acm2024caul
"Applied Physiology, Nutrition, and Metabolism",1715-5312,1715-5320,2026-05-26,NA,csp2025caul
Arctic Science,NA,2368-7460,2026-05-26,NA,csp2025caul
Biochemistry and Cell Biology,0829-8211,1208-6002,2026-05-26,NA,csp2025caul
Botany,1916-2790,1916-2804,2026-05-26,NA,csp2025caul
Canadian Geotechnical Journal,0008-3674,1208-6010,2026-05-26,NA,csp2025caul
Canadian Journal of Animal Science,0008-3984,1918-1825,2026-05-26,NA,csp2025caul
Canadian Journal of Chemistry,0008-4042,1480-3291,2026-05-26,NA,csp2025caul
Canadian Journal of Civil Engineering,1315-1468,1208-6029,2026-05-26,NA,csp2025caul
Canadian Journal of Earth Sciences,0008-4077,1480-3313,2026-05-26,NA,csp2025caul
Canadian Journal of Fisheries and Aquatic Sciences,0706-652X,1205-7533,2026-05-26,NA,csp2025caul
Canadian Journal of Forest Research,0045-5067,1208-6037,2026-05-26,NA,csp2025caul
Canadian Journal of Microbiology,0008-4166,1480-3275,2026-05-26,NA,csp2025caul
Canadian Journal of Physics,0008-4204,1208-6045,2026-05-26,NA,csp2025caul
Canadian Journal of Physiology and Pharmacology,0008-4212,1205-7541,2026-05-26,NA,csp2025caul
Canadian Journal of Plant Science,0008-4220,1918-1833,2026-05-26,NA,csp2025caul
Canadian Journal of Soil Science,0008-4271,1918-1841,2026-05-26,NA,csp2025caul
Canadian Journal of Zoology,0008-4301,1480-3283,2026-05-26,NA,csp2025caul
"Contaminants, Environment, and Society",NA,NA,2026-05-26,NA,csp2025caul
Drone Systems and Applications,NA,2564-4939,2026-05-26,NA,csp2025caul
Environmental Reviews,1181-8700,1208-6053,2026-05-26,NA,csp2025caul
FACETS,NA,2371-1671,2026-05-26,NA,csp2025caul
Genome,0831-2796,1480-3321,2026-05-26,NA,csp2025caul
Journal of Psychiatry and Neuroscience,1180-4882,1488-2434,2026-05-26,NA,csp2025caul
Transactions of the Canadian Society for Mechanical Engineering,0315-8977,2816-5691,2026-05-26,NA,csp2025caul
Scottish Journal of Geology,0036-9276,2041-4951,2026-06-11,NA,gsl2026caul
"Earth Science, Systems and Society",2634-730X,2634-730X,2026-06-11,NA,gsl2026caul
Energy Geoscience Conference series,2976-7806,2976-7814,2026-06-11,NA,gsl2026caul
Engineering Geology Special Publications,0267-9914,2041-4730,2026-06-11,NA,gsl2026caul
Journal of Micropalaeontology,0262-821X,2041-4978,2026-06-11,NA,gsl2026caul
Journal of the Geological Society,0016-7649,2041-479X,2026-06-11,NA,gsl2026caul
Memoirs,0435-4052,2041-4722,2026-06-11,NA,gsl2026caul
Petroleum Geology Conference Series,2976-7806,2976-7814,2026-06-11,NA,gsl2026caul
Quarterly Journal of Engineering Geology and Hydrogeology,1470-9236,2041-4803,2026-06-11,NA,gsl2026caul
Special Publications,0305-8719,2041-4927,2026-06-11,NA,gsl2026caul
Transactions of the Geological Society of London,2042-5295,2042-5295,2026-06-11,NA,gsl2026caul
GeoHorizons,2977-4098,2977-4101,2026-06-11,NA,gsl2026caul
"Geochemistry: Exploration, Environment, Analysis",1467-7873,2041-4943,2026-06-11,NA,gsl2026caul
Geoenergy,2755-1725,2755-1725,2026-06-11,NA,gsl2026caul
Petroleum Geoscience,1354-0793,2041-496X,2026-06-11,NA,gsl2026caul
Biochemical Journal,0264-6021,1470-8728,2026-06-10,NA,portpress2026caul
Biochemical Society Transactions,0300-5127,1470-8752,2026-06-10,NA,portpress2026caul
Bioscience Reports,0144-8463,1573-4935,2026-06-10,NA,portpress2026caul
Clinical Science,0143-5221,1470-8736,2026-06-10,NA,portpress2026caul
Emerging Topics in Life Sciences,2397-8554,2397-8562,2026-06-10,NA,portpress2026caul
Essays in Biochemistry,0071-1365,1744-1358,2026-06-10,NA,portpress2026caul
Neuronal Signaling,NA,2059-6553,2026-06-10,NA,portpress2026caul
3 Biotech,NA,2190-5738,2026-06-10,NA,sn2026caul
4OR,NA,1614-2411,2026-06-10,NA,sn2026caul
AAPS PharmSciTech,NA,1530-9932,2026-06-10,NA,sn2026caul
Abdominal Radiology,NA,2366-0058,2026-06-10,NA,sn2026caul
Abhandlungen aus dem Mathematischen Seminar der Universität Hamburg,NA,1865-8784,2026-06-10,NA,sn2026caul
Academic Psychiatry,NA,1545-7230,2026-06-10,NA,sn2026caul
Accreditation and Quality Assurance,NA,1432-0517,2026-06-10,NA,sn2026caul
Acoustics Australia,NA,1839-2571,2026-06-10,NA,sn2026caul
Acta Analytica,NA,1874-6349,2026-06-10,NA,sn2026caul
Acta Applicandae Mathematicae,NA,1572-9036,2026-06-10,NA,sn2026caul
Acta Biotheoretica,NA,1572-8358,2026-06-10,NA,sn2026caul
Acta Diabetologica,NA,1432-5233,2026-06-10,NA,sn2026caul
acta ethologica,NA,1437-9546,2026-06-10,NA,sn2026caul
Acta Geochimica,NA,2365-7499,2026-06-10,NA,sn2026caul
Acta Geodaetica et Geophysica,NA,2213-5820,2026-06-10,NA,sn2026caul
Acta Geophysica,NA,1895-7455,2026-06-10,NA,sn2026caul
Acta Geotechnica,NA,1861-1133,2026-06-10,NA,sn2026caul
Acta Informatica,NA,1432-0525,2026-06-10,NA,sn2026caul
Acta Mathematica Hungarica,NA,1588-2632,2026-06-10,NA,sn2026caul
Acta Mathematica Scientia,NA,1572-9087,2026-06-10,NA,sn2026caul
"Acta Mathematica Sinica, English Series",NA,1439-7617,2026-06-10,NA,sn2026caul
Acta Mathematica Vietnamica,NA,2315-4144,2026-06-10,NA,sn2026caul
"Acta Mathematicae Applicatae Sinica, English Series",NA,1618-3932,2026-06-10,NA,sn2026caul
Acta Mechanica,NA,1619-6937,2026-06-10,NA,sn2026caul
Acta Mechanica Sinica,NA,1614-3116,2026-06-10,NA,sn2026caul
Acta Mechanica Solida Sinica,NA,1860-2134,2026-06-10,NA,sn2026caul
Acta Neurochirurgica,NA,0942-0940,2026-06-10,NA,sn2026caul
Acta Neurologica Belgica,NA,2240-2993,2026-06-10,NA,sn2026caul
Acta Neuropathologica,NA,1432-0533,2026-06-10,NA,sn2026caul
Acta Oceanologica Sinica,NA,1869-1099,2026-06-10,NA,sn2026caul
Acta Parasitologica,NA,1896-1851,2026-06-10,NA,sn2026caul
Acta Pharmacologica Sinica,NA,1745-7254,2026-06-10,NA,sn2026caul
Acta Physiologiae Plantarum,NA,1861-1664,2026-06-10,NA,sn2026caul
Acta Politica,NA,1741-1416,2026-06-10,NA,sn2026caul
Acta Scientiarum Mathematicarum,NA,2064-8316,2026-06-10,NA,sn2026caul
"Acta Universitatis Sapientiae, Film and Media Studies",NA,2066-7779,2026-06-10,NA,sn2026caul
"Acta Universitatis Sapientiae, Informatica",NA,2066-7760,2026-06-10,NA,sn2026caul
"Acta Universitatis Sapientiae, Mathematica",NA,2066-7752,2026-06-10,NA,sn2026caul
Administration and Policy in Mental Health and Mental Health Services Research,NA,1573-3289,2026-06-10,NA,sn2026caul
Adolescent Research Review,NA,2363-8354,2026-06-10,NA,sn2026caul
Adsorption,NA,1572-8757,2026-06-10,NA,sn2026caul
Advanced Composites and Hybrid Materials,NA,2522-0136,2026-06-10,NA,sn2026caul
Advanced Fiber Materials,NA,2524-793X,2026-06-10,NA,sn2026caul
Advances in Applied Clifford Algebras,NA,1661-4909,2026-06-10,NA,sn2026caul
Advances in Astronautics,NA,3059-2976,2026-06-10,NA,sn2026caul
Advances in Atmospheric Sciences,NA,1861-9533,2026-06-10,NA,sn2026caul
Advances in Computational Intelligence,NA,2730-7808,2026-06-10,NA,sn2026caul
Advances in Computational Mathematics,NA,1572-9044,2026-06-10,NA,sn2026caul
Advances in Data Analysis and Classification,NA,1862-5355,2026-06-10,NA,sn2026caul
Advances in Health Sciences Education,NA,1573-1677,2026-06-10,NA,sn2026caul
Advances in Manufacturing,NA,2195-3597,2026-06-10,NA,sn2026caul
Advances in Neurodevelopmental Disorders,NA,2366-7540,2026-06-10,NA,sn2026caul
Advances in Operator Theory,NA,2538-225X,2026-06-10,NA,sn2026caul
Advances in Therapy,NA,1865-8652,2026-06-10,NA,sn2026caul
Advances in Traditional Medicine,NA,2662-4060,2026-06-10,NA,sn2026caul
Adversity and Resilience Science,NA,2662-2416,2026-06-10,NA,sn2026caul
Aequationes mathematicae,NA,1420-8903,2026-06-10,NA,sn2026caul
Aerobiologia,NA,1573-3025,2026-06-10,NA,sn2026caul
Aerosol Science and Engineering,NA,2510-3768,2026-06-10,NA,sn2026caul
Aerospace Systems,NA,2523-3955,2026-06-10,NA,sn2026caul
Aerotecnica Missili & Spazio,NA,2524-6968,2026-06-10,NA,sn2026caul
Aesthetic Plastic Surgery,NA,1432-5241,2026-06-10,NA,sn2026caul
Affective Science,NA,2662-205X,2026-06-10,NA,sn2026caul
African Archaeological Review,NA,1572-9842,2026-06-10,NA,sn2026caul
Afrika Matematika,NA,2190-7668,2026-06-10,NA,sn2026caul
Ageing International,NA,1936-606X,2026-06-10,NA,sn2026caul
Aging Clinical and Experimental Research,NA,1720-8319,2026-06-10,NA,sn2026caul
Agricultural Research,NA,2249-7218,2026-06-10,NA,sn2026caul
Agriculture and Human Values,NA,1572-8366,2026-06-10,NA,sn2026caul
Agroforestry Systems,NA,1572-9680,2026-06-10,NA,sn2026caul
Agronomy for Sustainable Development,NA,1773-0155,2026-06-10,NA,sn2026caul
AI & SOCIETY,NA,1435-5655,2026-06-10,NA,sn2026caul
AI and Ethics,NA,2730-5961,2026-06-10,NA,sn2026caul
AIDS and Behavior,NA,1573-3254,2026-06-10,NA,sn2026caul
"Air Quality, Atmosphere & Health",NA,1873-9326,2026-06-10,NA,sn2026caul
Algebra and Logic,NA,1573-8302,2026-06-10,NA,sn2026caul
Algebra universalis,NA,1420-8911,2026-06-10,NA,sn2026caul
Algebras and Representation Theory,NA,1572-9079,2026-06-10,NA,sn2026caul
Algorithmica,NA,1432-0541,2026-06-10,NA,sn2026caul
Allergo Journal International,NA,2197-0378,2026-06-10,NA,sn2026caul
Alpine Botany,NA,1664-221X,2026-06-10,NA,sn2026caul
Ambio,NA,1654-7209,2026-06-10,NA,sn2026caul
American Journal of Cardiovascular Drugs,NA,1179-187X,2026-06-10,NA,sn2026caul
American Journal of Clinical Dermatology,NA,1179-1888,2026-06-10,NA,sn2026caul
American Journal of Criminal Justice,NA,1936-1351,2026-06-10,NA,sn2026caul
American Journal of Cultural Sociology,NA,2049-7121,2026-06-10,NA,sn2026caul
American Journal of Dance Therapy,NA,1573-3262,2026-06-10,NA,sn2026caul
American Journal of Potato Research,NA,1874-9380,2026-06-10,NA,sn2026caul
Amino Acids,NA,1438-2199,2026-06-10,NA,sn2026caul
AMS Review,NA,1869-8182,2026-06-10,NA,sn2026caul
Analog Integrated Circuits and Signal Processing,NA,1573-1979,2026-06-10,NA,sn2026caul
Analysis and Mathematical Physics,NA,1664-235X,2026-06-10,NA,sn2026caul
Analysis Mathematica,NA,1588-273X,2026-06-10,NA,sn2026caul
Analytical and Bioanalytical Chemistry,NA,1618-2650,2026-06-10,NA,sn2026caul
Analytical Sciences,NA,1348-2246,2026-06-10,NA,sn2026caul
Anästhesie Nachrichten,NA,2731-3972,2026-06-10,NA,sn2026caul
Anatomical Science International,NA,1447-073X,2026-06-10,NA,sn2026caul
Angiogenesis,NA,1573-7209,2026-06-10,NA,sn2026caul
Animal Cognition,NA,1435-9456,2026-06-10,NA,sn2026caul
Annales Henri Poincaré,NA,1424-0661,2026-06-10,NA,sn2026caul
Annales mathématiques du Québec,NA,2195-4763,2026-06-10,NA,sn2026caul
ANNALI DELL'UNIVERSITA' DI FERRARA,NA,1827-1510,2026-06-10,NA,sn2026caul
Annali di Matematica Pura ed Applicata (1923 -),NA,1618-1891,2026-06-10,NA,sn2026caul
Annals of Biomedical Engineering,NA,1573-9686,2026-06-10,NA,sn2026caul
Annals of Combinatorics,NA,0219-3094,2026-06-10,NA,sn2026caul
Annals of Data Science,NA,2198-5812,2026-06-10,NA,sn2026caul
Annals of Dyslexia,NA,1934-7243,2026-06-10,NA,sn2026caul
Annals of Finance,NA,1614-2454,2026-06-10,NA,sn2026caul
Annals of Functional Analysis,NA,2008-8752,2026-06-10,NA,sn2026caul
Annals of Global Analysis and Geometry,NA,1572-9060,2026-06-10,NA,sn2026caul
Annals of Hematology,NA,1432-0584,2026-06-10,NA,sn2026caul
Annals of Mathematics and Artificial Intelligence,NA,1573-7470,2026-06-10,NA,sn2026caul
Annals of Nuclear Medicine,NA,1864-6433,2026-06-10,NA,sn2026caul
Annals of Operations Research,NA,1572-9338,2026-06-10,NA,sn2026caul
Annals of PDE,NA,2199-2576,2026-06-10,NA,sn2026caul
Annals of Surgical Oncology,NA,1534-4681,2026-06-10,NA,sn2026caul
Annals of Telecommunications,NA,1958-9395,2026-06-10,NA,sn2026caul
Annals of the Institute of Statistical Mathematics,NA,1572-9052,2026-06-10,NA,sn2026caul
Anthropocene Science,NA,2731-3980,2026-06-10,NA,sn2026caul
Antonie van Leeuwenhoek,NA,1572-9699,2026-06-10,NA,sn2026caul
Apidologie,NA,1297-9678,2026-06-10,NA,sn2026caul
Apoptosis,NA,1573-675X,2026-06-10,NA,sn2026caul
"Applicable Algebra in Engineering, Communication and Computing",NA,1432-0622,2026-06-10,NA,sn2026caul
Applications of Mathematics,NA,1572-9109,2026-06-10,NA,sn2026caul
Applied Biochemistry and Biotechnology,NA,1559-0291,2026-06-10,NA,sn2026caul
Applied Categorical Structures,NA,1572-9095,2026-06-10,NA,sn2026caul
Applied Composite Materials,NA,1573-4897,2026-06-10,NA,sn2026caul
Applied Entomology and Zoology,NA,1347-605X,2026-06-10,NA,sn2026caul
Applied Fruit Science,NA,2948-2631,2026-06-10,NA,sn2026caul
Applied Geomatics,NA,1866-928X,2026-06-10,NA,sn2026caul
Applied Geophysics,NA,1993-0658,2026-06-10,NA,sn2026caul
Applied Health Economics and Health Policy,NA,1179-1896,2026-06-10,NA,sn2026caul
Applied Intelligence,NA,1573-7497,2026-06-10,NA,sn2026caul
Applied Magnetic Resonance,NA,1613-7507,2026-06-10,NA,sn2026caul
Applied Mathematics & Optimization,NA,1432-0606,2026-06-10,NA,sn2026caul
Applied Mathematics and Mechanics,NA,1573-2754,2026-06-10,NA,sn2026caul
Applied Mathematics-A Journal of Chinese Universities,NA,1993-0445,2026-06-10,NA,sn2026caul
Applied Microbiology and Biotechnology,NA,1432-0614,2026-06-10,NA,sn2026caul
Applied Nanoscience,NA,2190-5517,2026-06-10,NA,sn2026caul
Applied Physics A,NA,1432-0630,2026-06-10,NA,sn2026caul
Applied Physics B,NA,1432-0649,2026-06-10,NA,sn2026caul
Applied Psychophysiology and Biofeedback,NA,1573-3270,2026-06-10,NA,sn2026caul
Applied Research in Quality of Life,NA,1871-2576,2026-06-10,NA,sn2026caul
Applied Spatial Analysis and Policy,NA,1874-4621,2026-06-10,NA,sn2026caul
Aquaculture International,NA,1573-143X,2026-06-10,NA,sn2026caul
Aquatic Ecology,NA,1573-5125,2026-06-10,NA,sn2026caul
Aquatic Geochemistry,NA,1573-1421,2026-06-10,NA,sn2026caul
Aquatic Sciences,NA,1420-9055,2026-06-10,NA,sn2026caul
Arabian Journal for Science and Engineering,NA,2191-4281,2026-06-10,NA,sn2026caul
Arabian Journal of Geosciences,NA,1866-7538,2026-06-10,NA,sn2026caul
Arabian Journal of Mathematics,NA,2193-5351,2026-06-10,NA,sn2026caul
Archaeological and Anthropological Sciences,NA,1866-9565,2026-06-10,NA,sn2026caul
Archaeologies,NA,1935-3987,2026-06-10,NA,sn2026caul
"Architecture, Structures and Construction",NA,2730-9894,2026-06-10,NA,sn2026caul
Archiv der Mathematik,NA,1420-8938,2026-06-10,NA,sn2026caul
Archival Science,NA,1573-7500,2026-06-10,NA,sn2026caul
Archive for History of Exact Sciences,NA,1432-0657,2026-06-10,NA,sn2026caul
Archive for Mathematical Logic,NA,1432-0665,2026-06-10,NA,sn2026caul
Archive for Rational Mechanics and Analysis,NA,1432-0673,2026-06-10,NA,sn2026caul
Archive of Applied Mechanics,NA,1432-0681,2026-06-10,NA,sn2026caul
Archives of Civil and Mechanical Engineering,NA,2083-3318,2026-06-10,NA,sn2026caul
Archives of Computational Methods in Engineering,NA,1886-1784,2026-06-10,NA,sn2026caul
Archives of Dermatological Research,NA,1432-069X,2026-06-10,NA,sn2026caul
Archives of Environmental Contamination and Toxicology,NA,1432-0703,2026-06-10,NA,sn2026caul
Archives of Gynecology and Obstetrics,NA,1432-0711,2026-06-10,NA,sn2026caul
Archives of Microbiology,NA,1432-072X,2026-06-10,NA,sn2026caul
Archives of Orthopaedic and Trauma Surgery,NA,1434-3916,2026-06-10,NA,sn2026caul
Archives of Osteoporosis,NA,1862-3514,2026-06-10,NA,sn2026caul
Archives of Pharmacal Research,NA,1976-3786,2026-06-10,NA,sn2026caul
Archives of Sexual Behavior,NA,1573-2800,2026-06-10,NA,sn2026caul
Archives of Toxicology,NA,1432-0738,2026-06-10,NA,sn2026caul
Archives of Virology,NA,1432-8798,2026-06-10,NA,sn2026caul
Archives of Women's Mental Health,NA,1435-1102,2026-06-10,NA,sn2026caul
Argumentation,NA,1572-8374,2026-06-10,NA,sn2026caul
Arthropod-Plant Interactions,NA,1872-8847,2026-06-10,NA,sn2026caul
Arthroskopie,NA,1434-3924,2026-06-10,NA,sn2026caul
Artificial Intelligence and Law,NA,1572-8382,2026-06-10,NA,sn2026caul
Artificial Intelligence Review,NA,1573-7462,2026-06-10,NA,sn2026caul
Artificial Life and Robotics,NA,1614-7456,2026-06-10,NA,sn2026caul
Asia Europe Journal,NA,1612-1031,2026-06-10,NA,sn2026caul
Asia Pacific Education Review,NA,1876-407X,2026-06-10,NA,sn2026caul
Asia Pacific Journal of Management,NA,1572-9958,2026-06-10,NA,sn2026caul
Asian Archaeology,NA,2520-8101,2026-06-10,NA,sn2026caul
Asian Bioethics Review,NA,1793-9453,2026-06-10,NA,sn2026caul
Asian Business & Management,NA,1476-9328,2026-06-10,NA,sn2026caul
Asian Journal of Business Ethics,NA,2210-6731,2026-06-10,NA,sn2026caul
Asian Journal of Civil Engineering,NA,2522-011X,2026-06-10,NA,sn2026caul
Asian Journal of Criminology,NA,1871-014X,2026-06-10,NA,sn2026caul
Asian Journal of Philosophy,NA,2731-4642,2026-06-10,NA,sn2026caul
Asia-Pacific Financial Markets,NA,1573-6946,2026-06-10,NA,sn2026caul
Asia-Pacific Journal of Atmospheric Sciences,NA,1976-7951,2026-06-10,NA,sn2026caul
Asia-Pacific Journal of Regional Science,NA,2509-7954,2026-06-10,NA,sn2026caul
AStA Advances in Statistical Analysis,NA,1863-818X,2026-06-10,NA,sn2026caul
AStA Wirtschafts- und Sozialstatistisches Archiv,NA,1863-8163,2026-06-10,NA,sn2026caul
Astrodynamics,NA,2522-0098,2026-06-10,NA,sn2026caul
Astrophysics,NA,1573-8191,2026-06-10,NA,sn2026caul
Astrophysics and Space Science,NA,1572-946X,2026-06-10,NA,sn2026caul
Atlantic Economic Journal,NA,1573-9678,2026-06-10,NA,sn2026caul
Atomic Energy,NA,1573-8205,2026-06-10,NA,sn2026caul
"Attention, Perception, & Psychophysics",NA,1943-393X,2026-06-10,NA,sn2026caul
Augmented Human Research,NA,2365-4325,2026-06-10,NA,sn2026caul
Australasian Plant Pathology,NA,1448-6032,2026-06-10,NA,sn2026caul
Automated Software Engineering,NA,1573-7535,2026-06-10,NA,sn2026caul
Automotive and Engine Technology,NA,2365-5135,2026-06-10,NA,sn2026caul
Automotive Innovation,NA,2522-8765,2026-06-10,NA,sn2026caul
Autonomous Agents and Multi-Agent Systems,NA,1573-7454,2026-06-10,NA,sn2026caul
Autonomous Robots,NA,1573-7527,2026-06-10,NA,sn2026caul
Banach Journal of Mathematical Analysis,NA,1735-8787,2026-06-10,NA,sn2026caul
Basic Research in Cardiology,NA,1435-1803,2026-06-10,NA,sn2026caul
Behavior Analysis in Practice,NA,2196-8934,2026-06-10,NA,sn2026caul
Behavior and Social Issues,NA,2376-6786,2026-06-10,NA,sn2026caul
Behavior Genetics,NA,1573-3297,2026-06-10,NA,sn2026caul
Behavior Research Methods,NA,1554-3528,2026-06-10,NA,sn2026caul
Behavioral Ecology and Sociobiology,NA,1432-0762,2026-06-10,NA,sn2026caul
Behaviormetrika,NA,1349-6964,2026-06-10,NA,sn2026caul
Beiträge zur Algebra und Geometrie / Contributions to Algebra and Geometry,NA,2191-0383,2026-06-10,NA,sn2026caul
Berliner Journal für Soziologie,NA,1862-2593,2026-06-10,NA,sn2026caul
BHM Berg- und Hüttenmännische Monatshefte,NA,1613-7531,2026-06-10,NA,sn2026caul
Biochemical Genetics,NA,1573-4927,2026-06-10,NA,sn2026caul
BioChip Journal,NA,2092-7843,2026-06-10,NA,sn2026caul
BioControl,NA,1573-8248,2026-06-10,NA,sn2026caul
Biodegradation,NA,1572-9729,2026-06-10,NA,sn2026caul
Bio-Design and Manufacturing,NA,2522-8552,2026-06-10,NA,sn2026caul
Biodiversity and Conservation,NA,1572-9710,2026-06-10,NA,sn2026caul
BioDrugs,NA,1179-190X,2026-06-10,NA,sn2026caul
BioEnergy Research,NA,1939-1242,2026-06-10,NA,sn2026caul
Biogeochemistry,NA,1573-515X,2026-06-10,NA,sn2026caul
Biogerontology,NA,1573-6768,2026-06-10,NA,sn2026caul
Biologia,NA,1336-9563,2026-06-10,NA,sn2026caul
Biologia Futura,NA,2676-8607,2026-06-10,NA,sn2026caul
Biological Cybernetics,NA,1432-0770,2026-06-10,NA,sn2026caul
Biological Invasions,NA,1573-1464,2026-06-10,NA,sn2026caul
Biological Theory,NA,1555-5550,2026-06-10,NA,sn2026caul
Biological Trace Element Research,NA,1559-0720,2026-06-10,NA,sn2026caul
Biology & Philosophy,NA,1572-8404,2026-06-10,NA,sn2026caul
Biology and Fertility of Soils,NA,1432-0789,2026-06-10,NA,sn2026caul
Biomass Conversion and Biorefinery,NA,2190-6823,2026-06-10,NA,sn2026caul
Biomechanics and Modeling in Mechanobiology,NA,1617-7940,2026-06-10,NA,sn2026caul
Biomedical Engineering Education,NA,2730-5945,2026-06-10,NA,sn2026caul
Biomedical Engineering Letters,NA,2093-985X,2026-06-10,NA,sn2026caul
Biomedical Materials & Devices,NA,2731-4820,2026-06-10,NA,sn2026caul
Biomedical Microdevices,NA,1572-8781,2026-06-10,NA,sn2026caul
BioMetals,NA,1572-8773,2026-06-10,NA,sn2026caul
Biomolecular NMR Assignments,NA,1874-270X,2026-06-10,NA,sn2026caul
BioNanoScience,NA,2191-1649,2026-06-10,NA,sn2026caul
Biophysical Reviews,NA,1867-2469,2026-06-10,NA,sn2026caul
Bioprocess and Biosystems Engineering,NA,1615-7605,2026-06-10,NA,sn2026caul
Biosemiotics,NA,1875-1350,2026-06-10,NA,sn2026caul
BioSocieties,NA,1745-8560,2026-06-10,NA,sn2026caul
BIOspektrum,NA,1868-6249,2026-06-10,NA,sn2026caul
Biotechnology and Bioprocess Engineering,NA,1976-3816,2026-06-10,NA,sn2026caul
Biotechnology Letters,NA,1573-6776,2026-06-10,NA,sn2026caul
BIT Numerical Mathematics,NA,1572-9125,2026-06-10,NA,sn2026caul
Boletín de la Sociedad Matemática Mexicana,NA,2296-4495,2026-06-10,NA,sn2026caul
Bollettino dell'Unione Matematica Italiana,NA,2198-2759,2026-06-10,NA,sn2026caul
Bone Marrow Transplantation,NA,1476-5365,2026-06-10,NA,sn2026caul
Boundary-Layer Meteorology,NA,1573-1472,2026-06-10,NA,sn2026caul
Brain Imaging and Behavior,NA,1931-7565,2026-06-10,NA,sn2026caul
Brain Structure and Function,NA,1863-2661,2026-06-10,NA,sn2026caul
Brain Topography,NA,1573-6792,2026-06-10,NA,sn2026caul
Brain Tumor Pathology,NA,1861-387X,2026-06-10,NA,sn2026caul
Bratislava Medical Journal,NA,1336-0345,2026-06-10,NA,sn2026caul
Brazilian Journal of Botany,NA,1806-9959,2026-06-10,NA,sn2026caul
Brazilian Journal of Chemical Engineering,NA,1678-4383,2026-06-10,NA,sn2026caul
Brazilian Journal of Microbiology,NA,1678-4405,2026-06-10,NA,sn2026caul
Brazilian Journal of Physics,NA,1678-4448,2026-06-10,NA,sn2026caul
Breast Cancer,NA,1880-4233,2026-06-10,NA,sn2026caul
Breast Cancer Research and Treatment,NA,1573-7217,2026-06-10,NA,sn2026caul
British Dental Journal,NA,1476-5373,2026-06-10,NA,sn2026caul
British Journal of Cancer,NA,1532-1827,2026-06-10,NA,sn2026caul
British Politics,NA,1746-9198,2026-06-10,NA,sn2026caul
Brittonia,NA,1938-436X,2026-06-10,NA,sn2026caul
Building Simulation,NA,1996-8744,2026-06-10,NA,sn2026caul
Bulletin of Atmospheric Science and Technology,NA,2662-1509,2026-06-10,NA,sn2026caul
Bulletin of Earthquake Engineering,NA,1573-1456,2026-06-10,NA,sn2026caul
Bulletin of Engineering Geology and the Environment,NA,1435-9537,2026-06-10,NA,sn2026caul
Bulletin of Environmental Contamination and Toxicology,NA,1432-0800,2026-06-10,NA,sn2026caul
Bulletin of Mathematical Biology,NA,1522-9602,2026-06-10,NA,sn2026caul
"Bulletin of the Brazilian Mathematical Society, New Series",NA,1678-7714,2026-06-10,NA,sn2026caul
Bulletin of the Iranian Mathematical Society,NA,1735-8515,2026-06-10,NA,sn2026caul
Bulletin of the Malaysian Mathematical Sciences Society,NA,2180-4206,2026-06-10,NA,sn2026caul
Bulletin of Volcanology,NA,1432-0819,2026-06-10,NA,sn2026caul
Bundesgesundheitsblatt - Gesundheitsforschung - Gesundheitsschutz,NA,1437-1588,2026-06-10,NA,sn2026caul
Business & Information Systems Engineering,NA,1867-0202,2026-06-10,NA,sn2026caul
Business Economics,NA,1554-432X,2026-06-10,NA,sn2026caul
Calcified Tissue International,NA,1432-0827,2026-06-10,NA,sn2026caul
Calcolo,NA,1126-5434,2026-06-10,NA,sn2026caul
Calculus of Variations and Partial Differential Equations,NA,1432-0835,2026-06-10,NA,sn2026caul
Canadian Journal of Anesthesia/Journal canadien d'anesthésie,NA,1496-8975,2026-06-10,NA,sn2026caul
Canadian Journal of Emergency Medicine,NA,1481-8043,2026-06-10,NA,sn2026caul
Canadian Journal of Public Health,NA,1920-7476,2026-06-10,NA,sn2026caul
"Canadian Journal of Science, Mathematics and Technology Education",NA,1942-4051,2026-06-10,NA,sn2026caul
Canadian Studies in Population,NA,1927-629X,2026-06-10,NA,sn2026caul
Cancer and Metastasis Reviews,NA,1573-7233,2026-06-10,NA,sn2026caul
Cancer Causes & Control,NA,1573-7225,2026-06-10,NA,sn2026caul
Cancer Chemotherapy and Pharmacology,NA,1432-0843,2026-06-10,NA,sn2026caul
Cancer Gene Therapy,NA,1476-5500,2026-06-10,NA,sn2026caul
"Cancer Immunology, Immunotherapy",NA,1432-0851,2026-06-10,NA,sn2026caul
Carbon Letters,NA,2233-4998,2026-06-10,NA,sn2026caul
Carbonates and Evaporites,NA,1878-5212,2026-06-10,NA,sn2026caul
CardioVascular and Interventional Radiology,NA,1432-086X,2026-06-10,NA,sn2026caul
Cardiovascular Drugs and Therapy,NA,1573-7241,2026-06-10,NA,sn2026caul
Cardiovascular Engineering and Technology,NA,1869-4098,2026-06-10,NA,sn2026caul
Cardiovascular Intervention and Therapeutics,NA,1868-4297,2026-06-10,NA,sn2026caul
Cardiovascular Toxicology,NA,1559-0259,2026-06-10,NA,sn2026caul
Catalysis Letters,NA,1572-879X,2026-06-10,NA,sn2026caul
Catalysis Surveys from Asia,NA,1574-9266,2026-06-10,NA,sn2026caul
CCF Transactions on High Performance Computing,NA,2524-4930,2026-06-10,NA,sn2026caul
CCF Transactions on Pervasive Computing and Interaction,NA,2524-5228,2026-06-10,NA,sn2026caul
CEAS Aeronautical Journal,NA,1869-5590,2026-06-10,NA,sn2026caul
CEAS Space Journal,NA,1868-2510,2026-06-10,NA,sn2026caul
Celestial Mechanics and Dynamical Astronomy,NA,1572-9478,2026-06-10,NA,sn2026caul
Cell and Tissue Banking,NA,1573-6814,2026-06-10,NA,sn2026caul
Cell and Tissue Research,NA,1432-0878,2026-06-10,NA,sn2026caul
Cell Biochemistry and Biophysics,NA,1559-0283,2026-06-10,NA,sn2026caul
Cell Biology and Toxicology,NA,1573-6822,2026-06-10,NA,sn2026caul
Cell Death & Differentiation,NA,1476-5403,2026-06-10,NA,sn2026caul
Cell Research,NA,1748-7838,2026-06-10,NA,sn2026caul
Cellular & Molecular Immunology,NA,2042-0226,2026-06-10,NA,sn2026caul
Cellular and Molecular Bioengineering,NA,1865-5033,2026-06-10,NA,sn2026caul
Cellular and Molecular Life Sciences,NA,1420-9071,2026-06-10,NA,sn2026caul
Cellular and Molecular Neurobiology,NA,1573-6830,2026-06-10,NA,sn2026caul
Cellular Oncology,NA,2211-3436,2026-06-10,NA,sn2026caul
Cellulose,NA,1572-882X,2026-06-10,NA,sn2026caul
CEN Case Reports,NA,2192-4449,2026-06-10,NA,sn2026caul
Central European Journal of Operations Research,NA,1613-9178,2026-06-10,NA,sn2026caul
Cereal Research Communications,NA,1788-9170,2026-06-10,NA,sn2026caul
Chemical Papers,NA,2585-7290,2026-06-10,NA,sn2026caul
Chemical Research in Chinese Universities,NA,2210-3171,2026-06-10,NA,sn2026caul
Chemistry Africa,NA,2522-5766,2026-06-10,NA,sn2026caul
Chemistry of Heterocyclic Compounds,NA,1573-8353,2026-06-10,NA,sn2026caul
ChemTexts,NA,2199-3793,2026-06-10,NA,sn2026caul
Child & Youth Care Forum,NA,1573-3319,2026-06-10,NA,sn2026caul
Child and Adolescent Social Work Journal,NA,1573-2797,2026-06-10,NA,sn2026caul
Child Indicators Research,NA,1874-8988,2026-06-10,NA,sn2026caul
Child Psychiatry & Human Development,NA,1573-3327,2026-06-10,NA,sn2026caul
Children's Literature in Education,NA,1573-1693,2026-06-10,NA,sn2026caul
Child's Nervous System,NA,1433-0350,2026-06-10,NA,sn2026caul
China Foundry,NA,2365-9459,2026-06-10,NA,sn2026caul
China International Strategy Review,NA,2524-5635,2026-06-10,NA,sn2026caul
China Ocean Engineering,NA,2191-8945,2026-06-10,NA,sn2026caul
China Population and Development Studies,NA,2523-8965,2026-06-10,NA,sn2026caul
China-EU Law Journal,NA,1868-5161,2026-06-10,NA,sn2026caul
"Chinese Annals of Mathematics, Series B",NA,1860-6261,2026-06-10,NA,sn2026caul
Chinese Geographical Science,NA,1993-064X,2026-06-10,NA,sn2026caul
Chinese Journal of Academic Radiology,NA,2520-8993,2026-06-10,NA,sn2026caul
Chinese Journal of Integrative Medicine,NA,1993-0402,2026-06-10,NA,sn2026caul
Chinese Journal of Polymer Science,NA,1439-6203,2026-06-10,NA,sn2026caul
Chinese Political Science Review,NA,2365-4252,2026-06-10,NA,sn2026caul
Chromatographia,NA,1612-1112,2026-06-10,NA,sn2026caul
Chromosome Research,NA,1573-6849,2026-06-10,NA,sn2026caul
"Circuits, Systems, and Signal Processing",NA,1531-5878,2026-06-10,NA,sn2026caul
Circular Economy and Sustainability,NA,2730-5988,2026-06-10,NA,sn2026caul
Clean Technologies and Environmental Policy,NA,1618-9558,2026-06-10,NA,sn2026caul
Climate Dynamics,NA,1432-0894,2026-06-10,NA,sn2026caul
Climatic Change,NA,1573-1480,2026-06-10,NA,sn2026caul
Clinical & Experimental Metastasis,NA,1573-7276,2026-06-10,NA,sn2026caul
Clinical & Translational Metabolism,NA,2948-2445,2026-06-10,NA,sn2026caul
Clinical and Experimental Medicine,NA,1591-9528,2026-06-10,NA,sn2026caul
Clinical and Experimental Nephrology,NA,1437-7799,2026-06-10,NA,sn2026caul
Clinical and Translational Imaging,NA,2281-7565,2026-06-10,NA,sn2026caul
Clinical and Translational Oncology,NA,1699-3055,2026-06-10,NA,sn2026caul
Clinical Autonomic Research,NA,1619-1560,2026-06-10,NA,sn2026caul
Clinical Child and Family Psychology Review,NA,1573-2827,2026-06-10,NA,sn2026caul
Clinical Drug Investigation,NA,1179-1918,2026-06-10,NA,sn2026caul
Clinical Epileptology,NA,2948-1058,2026-06-10,NA,sn2026caul
Clinical Journal of Gastroenterology,NA,1865-7265,2026-06-10,NA,sn2026caul
Clinical Neuroradiology,NA,1869-1447,2026-06-10,NA,sn2026caul
Clinical Oral Investigations,NA,1436-3771,2026-06-10,NA,sn2026caul
Clinical Pharmacokinetics,NA,1179-1926,2026-06-10,NA,sn2026caul
Clinical Research in Cardiology,NA,1861-0692,2026-06-10,NA,sn2026caul
Clinical Research in Cardiology Supplements,NA,1861-0714,2026-06-10,NA,sn2026caul
Clinical Reviews in Allergy & Immunology,NA,1559-0267,2026-06-10,NA,sn2026caul
Clinical Rheumatology,NA,1434-9949,2026-06-10,NA,sn2026caul
Clinical Social Work Journal,NA,1573-3343,2026-06-10,NA,sn2026caul
Cliometrica,NA,1863-2513,2026-06-10,NA,sn2026caul
Cluster Computing,NA,1573-7543,2026-06-10,NA,sn2026caul
CNS Drugs,NA,1179-1934,2026-06-10,NA,sn2026caul
"Cognition, Technology & Work",NA,1435-5566,2026-06-10,NA,sn2026caul
Cognitive Computation,NA,1866-9964,2026-06-10,NA,sn2026caul
Cognitive Neurodynamics,NA,1871-4099,2026-06-10,NA,sn2026caul
Cognitive Processing,NA,1612-4790,2026-06-10,NA,sn2026caul
Cognitive Therapy and Research,NA,1573-2819,2026-06-10,NA,sn2026caul
"Cognitive, Affective, & Behavioral Neuroscience",NA,1531-135X,2026-06-10,NA,sn2026caul
Collectanea Mathematica,NA,2038-4815,2026-06-10,NA,sn2026caul
Colloid and Polymer Science,NA,1435-1536,2026-06-10,NA,sn2026caul
coloproctology,NA,1615-6730,2026-06-10,NA,sn2026caul
Combinatorica,NA,1439-6912,2026-06-10,NA,sn2026caul
Communications in Mathematical Physics,NA,1432-0916,2026-06-10,NA,sn2026caul
Communications in Mathematics and Statistics,NA,2194-671X,2026-06-10,NA,sn2026caul
Communications on Applied Mathematics and Computation,NA,2661-8893,2026-06-10,NA,sn2026caul
Community Ecology,NA,1588-2756,2026-06-10,NA,sn2026caul
Community Mental Health Journal,NA,1573-2789,2026-06-10,NA,sn2026caul
Comparative Clinical Pathology,NA,1618-565X,2026-06-10,NA,sn2026caul
Comparative Economic Studies,NA,1478-3320,2026-06-10,NA,sn2026caul
Comparative European Politics,NA,1740-388X,2026-06-10,NA,sn2026caul
Complex Analysis and its Synergies,NA,2197-120X,2026-06-10,NA,sn2026caul
Complex Analysis and Operator Theory,NA,1661-8262,2026-06-10,NA,sn2026caul
Computational and Applied Mathematics,NA,1807-0302,2026-06-10,NA,sn2026caul
Computational and Mathematical Organization Theory,NA,1572-9346,2026-06-10,NA,sn2026caul
Computational Brain & Behavior,NA,2522-087X,2026-06-10,NA,sn2026caul
computational complexity,NA,1420-8954,2026-06-10,NA,sn2026caul
Computational Economics,NA,1572-9974,2026-06-10,NA,sn2026caul
Computational Geosciences,NA,1573-1499,2026-06-10,NA,sn2026caul
Computational Management Science,NA,1619-6988,2026-06-10,NA,sn2026caul
Computational Mathematics and Modeling,NA,1573-837X,2026-06-10,NA,sn2026caul
Computational Mechanics,NA,1432-0924,2026-06-10,NA,sn2026caul
Computational Methods and Function Theory,NA,2195-3724,2026-06-10,NA,sn2026caul
Computational Optimization and Applications,NA,1573-2894,2026-06-10,NA,sn2026caul
Computational Statistics,NA,1613-9658,2026-06-10,NA,sn2026caul
Computer Supported Cooperative Work (CSCW),NA,1573-7551,2026-06-10,NA,sn2026caul
Computing,NA,1436-5057,2026-06-10,NA,sn2026caul
Conservation Genetics,NA,1572-9737,2026-06-10,NA,sn2026caul
Conservation Genetics Resources,NA,1877-7260,2026-06-10,NA,sn2026caul
Constitutional Political Economy,NA,1572-9966,2026-06-10,NA,sn2026caul
Constraints,NA,1572-9354,2026-06-10,NA,sn2026caul
Construction Robotics,NA,2509-8780,2026-06-10,NA,sn2026caul
Constructive Approximation,NA,1432-0940,2026-06-10,NA,sn2026caul
Contemporary Family Therapy,NA,1573-3335,2026-06-10,NA,sn2026caul
Contemporary Islam,NA,1872-0226,2026-06-10,NA,sn2026caul
Contemporary Jewry,NA,1876-5165,2026-06-10,NA,sn2026caul
Contemporary Political Theory,NA,1476-9336,2026-06-10,NA,sn2026caul
Contemporary School Psychology,NA,2161-1505,2026-06-10,NA,sn2026caul
Continental Philosophy Review,NA,1573-1103,2026-06-10,NA,sn2026caul
Continuum Mechanics and Thermodynamics,NA,1432-0959,2026-06-10,NA,sn2026caul
Contributions to Mineralogy and Petrology,NA,1432-0967,2026-06-10,NA,sn2026caul
Control Theory and Technology,NA,2198-0942,2026-06-10,NA,sn2026caul
Coral Reefs,NA,1432-0975,2026-06-10,NA,sn2026caul
Corporate Reputation Review,NA,1479-1889,2026-06-10,NA,sn2026caul
Corpus Pragmatics,NA,2509-9515,2026-06-10,NA,sn2026caul
Crime Prevention and Community Safety,NA,1743-4629,2026-06-10,NA,sn2026caul
"Crime, Law and Social Change",NA,1573-0751,2026-06-10,NA,sn2026caul
Criminal Law and Philosophy,NA,1871-9805,2026-06-10,NA,sn2026caul
Criminal Law Forum,NA,1572-9850,2026-06-10,NA,sn2026caul
Critical Criminology,NA,1572-9877,2026-06-10,NA,sn2026caul
Cryptography and Communications,NA,1936-2455,2026-06-10,NA,sn2026caul
CSI Transactions on ICT,NA,2277-9086,2026-06-10,NA,sn2026caul
cultura & psyché,NA,2730-5732,2026-06-10,NA,sn2026caul
Cultural Studies of Science Education,NA,1871-1510,2026-06-10,NA,sn2026caul
"Culture, Medicine, and Psychiatry",NA,1573-076X,2026-06-10,NA,sn2026caul
Current Addiction Reports,NA,2196-2952,2026-06-10,NA,sn2026caul
Current Allergy and Asthma Reports,NA,1534-6315,2026-06-10,NA,sn2026caul
Current Anesthesiology Reports,NA,2167-6275,2026-06-10,NA,sn2026caul
Current Atherosclerosis Reports,NA,1534-6242,2026-06-10,NA,sn2026caul
Current Behavioral Neuroscience Reports,NA,2196-2979,2026-06-10,NA,sn2026caul
Current Bladder Dysfunction Reports,NA,1931-7220,2026-06-10,NA,sn2026caul
Current Breast Cancer Reports,NA,1943-4596,2026-06-10,NA,sn2026caul
Current Cardiology Reports,NA,1534-3170,2026-06-10,NA,sn2026caul
Current Cardiovascular Imaging Reports,NA,1941-9074,2026-06-10,NA,sn2026caul
Current Cardiovascular Risk Reports,NA,1932-9563,2026-06-10,NA,sn2026caul
Current Climate Change Reports,NA,2198-6061,2026-06-10,NA,sn2026caul
Current Clinical Microbiology Reports,NA,2196-5471,2026-06-10,NA,sn2026caul
Current Dermatology Reports,NA,2162-4933,2026-06-10,NA,sn2026caul
Current Developmental Disorders Reports,NA,2196-2987,2026-06-10,NA,sn2026caul
Current Diabetes Reports,NA,1539-0829,2026-06-10,NA,sn2026caul
Current Emergency and Hospital Medicine Reports,NA,2167-4884,2026-06-10,NA,sn2026caul
Current Environmental Health Reports,NA,2196-5412,2026-06-10,NA,sn2026caul
Current Epidemiology Reports,NA,2196-2995,2026-06-10,NA,sn2026caul
Current Food Science and Technology Reports,NA,2662-8473,2026-06-10,NA,sn2026caul
Current Forestry Reports,NA,2198-6436,2026-06-10,NA,sn2026caul
Current Fungal Infection Reports,NA,1936-377X,2026-06-10,NA,sn2026caul
Current Gastroenterology Reports,NA,1534-312X,2026-06-10,NA,sn2026caul
Current Genetic Medicine Reports,NA,2167-4876,2026-06-10,NA,sn2026caul
Current Geriatrics Reports,NA,2196-7865,2026-06-10,NA,sn2026caul
Current Heart Failure Reports,NA,1546-9549,2026-06-10,NA,sn2026caul
Current Hematologic Malignancy Reports,NA,1558-822X,2026-06-10,NA,sn2026caul
Current Hepatology Reports,NA,2195-9595,2026-06-10,NA,sn2026caul
Current HIV/AIDS Reports,NA,1548-3576,2026-06-10,NA,sn2026caul
Current Hypertension Reports,NA,1534-3111,2026-06-10,NA,sn2026caul
Current Infectious Disease Reports,NA,1534-3146,2026-06-10,NA,sn2026caul
Current Landscape Ecology Reports,NA,2364-494X,2026-06-10,NA,sn2026caul
Current Medical Science,NA,2523-899X,2026-06-10,NA,sn2026caul
Current Microbiology,NA,1432-0991,2026-06-10,NA,sn2026caul
Current Neurology and Neuroscience Reports,NA,1534-6293,2026-06-10,NA,sn2026caul
Current Nutrition Reports,NA,2161-3311,2026-06-10,NA,sn2026caul
Current Obesity Reports,NA,2162-4968,2026-06-10,NA,sn2026caul
Current Obstetrics and Gynecology Reports,NA,2161-3303,2026-06-10,NA,sn2026caul
Current Oncology Reports,NA,1534-6269,2026-06-10,NA,sn2026caul
Current Ophthalmology Reports,NA,2167-4868,2026-06-10,NA,sn2026caul
Current Oral Health Reports,NA,2196-3002,2026-06-10,NA,sn2026caul
Current Osteoporosis Reports,NA,1544-2241,2026-06-10,NA,sn2026caul
Current Otorhinolaryngology Reports,NA,2167-583X,2026-06-10,NA,sn2026caul
Current Pain and Headache Reports,NA,1534-3081,2026-06-10,NA,sn2026caul
Current Pediatrics Reports,NA,2167-4841,2026-06-10,NA,sn2026caul
Current Pharmacology Reports,NA,2198-641X,2026-06-10,NA,sn2026caul
Current Physical Medicine and Rehabilitation Reports,NA,2167-4833,2026-06-10,NA,sn2026caul
Current Pollution Reports,NA,2198-6592,2026-06-10,NA,sn2026caul
Current Psychiatry Reports,NA,1535-1645,2026-06-10,NA,sn2026caul
Current Psychology,NA,1936-4733,2026-06-10,NA,sn2026caul
Current Pulmonology Reports,NA,2199-2428,2026-06-10,NA,sn2026caul
Current Radiology Reports,NA,2167-4825,2026-06-10,NA,sn2026caul
Current Reviews in Musculoskeletal Medicine,NA,1935-9748,2026-06-10,NA,sn2026caul
Current Rheumatology Reports,NA,1534-6307,2026-06-10,NA,sn2026caul
Current Sexual Health Reports,NA,1548-3592,2026-06-10,NA,sn2026caul
Current Sleep Medicine Reports,NA,2198-6401,2026-06-10,NA,sn2026caul
Current Soil Science Reports,NA,3091-5228,2026-06-10,NA,sn2026caul
Current Stem Cell Reports,NA,2198-7866,2026-06-10,NA,sn2026caul
Current Surgery Reports,NA,2167-4817,2026-06-10,NA,sn2026caul
Current Sustainable/Renewable Energy Reports,NA,2196-3010,2026-06-10,NA,sn2026caul
Current Tissue Microenvironment Reports,NA,2662-4079,2026-06-10,NA,sn2026caul
Current Transplantation Reports,NA,2196-3029,2026-06-10,NA,sn2026caul
Current Trauma Reports,NA,2198-6096,2026-06-10,NA,sn2026caul
Current Treatment Options in Allergy,NA,2196-3053,2026-06-10,NA,sn2026caul
Current Treatment Options in Cardiovascular Medicine,NA,1534-3189,2026-06-10,NA,sn2026caul
Current Treatment Options in Gastroenterology,NA,1534-309X,2026-06-10,NA,sn2026caul
Current Treatment Options in Neurology,NA,1534-3138,2026-06-10,NA,sn2026caul
Current Treatment Options in Oncology,NA,1534-6277,2026-06-10,NA,sn2026caul
Current Treatment Options in Pediatrics,NA,2198-6088,2026-06-10,NA,sn2026caul
Current Treatment Options in Psychiatry,NA,2196-3061,2026-06-10,NA,sn2026caul
Current Tropical Medicine Reports,NA,2196-3045,2026-06-10,NA,sn2026caul
Current Urology Reports,NA,1534-6285,2026-06-10,NA,sn2026caul
Current Water Management Reports,NA,3091-308X,2026-06-10,NA,sn2026caul
Curriculum Perspectives,NA,2367-1793,2026-06-10,NA,sn2026caul
Customer Needs and Solutions,NA,2196-2928,2026-06-10,NA,sn2026caul
Cybernetics and Systems Analysis,NA,1573-8337,2026-06-10,NA,sn2026caul
Cytotechnology,NA,1573-0778,2026-06-10,NA,sn2026caul
Czechoslovak Mathematical Journal,NA,1572-9141,2026-06-10,NA,sn2026caul
Dao,NA,1569-7274,2026-06-10,NA,sn2026caul
DARU Journal of Pharmaceutical Sciences,NA,2008-2231,2026-06-10,NA,sn2026caul
Das Magazin für Health Professionals ? ÖKZ,NA,3059-4790,2026-06-10,NA,sn2026caul
Data Mining and Knowledge Discovery,NA,1573-756X,2026-06-10,NA,sn2026caul
Data Science for Transportation,NA,2948-1368,2026-06-10,NA,sn2026caul
Datenbank-Spektrum,NA,1610-1995,2026-06-10,NA,sn2026caul
Datenschutz und Datensicherheit - DuD,NA,1862-2607,2026-06-10,NA,sn2026caul
De Economist,NA,1572-9982,2026-06-10,NA,sn2026caul
DECISION,NA,2197-1722,2026-06-10,NA,sn2026caul
Decisions in Economics and Finance,NA,1129-6569,2026-06-10,NA,sn2026caul
Der Nervenarzt,NA,1433-0407,2026-06-10,NA,sn2026caul
Der Schmerz,NA,1432-2129,2026-06-10,NA,sn2026caul
Design Automation for Embedded Systems,NA,1572-8080,2026-06-10,NA,sn2026caul
"Designs, Codes and Cryptography",NA,1573-7586,2026-06-10,NA,sn2026caul
Deutsche Vierteljahrsschrift für Literaturwissenschaft und Geistesgeschichte,NA,2365-9521,2026-06-10,NA,sn2026caul
Deutsche Zeitschrift für Akupunktur,NA,1439-4359,2026-06-10,NA,sn2026caul
DGNeurologie,NA,2524-3454,2026-06-10,NA,sn2026caul
Diabetologia,NA,1432-0428,2026-06-10,NA,sn2026caul
Diabetology International,NA,2190-1686,2026-06-10,NA,sn2026caul
Dialectical Anthropology,NA,1573-0786,2026-06-10,NA,sn2026caul
Die Anaesthesiologie,NA,2731-6866,2026-06-10,NA,sn2026caul
Die Chirurgie,NA,2731-698X,2026-06-10,NA,sn2026caul
Die Dermatologie,NA,2731-7013,2026-06-10,NA,sn2026caul
Die Diabetologie,NA,2731-7455,2026-06-10,NA,sn2026caul
Die Gastroenterologie,NA,2731-7439,2026-06-10,NA,sn2026caul
Die Gynäkologie,NA,2731-7110,2026-06-10,NA,sn2026caul
Die Innere Medizin,NA,2731-7099,2026-06-10,NA,sn2026caul
Die Kardiologie,NA,2731-7137,2026-06-10,NA,sn2026caul
Die MKG-Chirurgie,NA,2731-7498,2026-06-10,NA,sn2026caul
Die Nephrologie,NA,2731-7471,2026-06-10,NA,sn2026caul
Die Onkologie,NA,2731-7234,2026-06-10,NA,sn2026caul
Die Ophthalmologie,NA,2731-7218,2026-06-10,NA,sn2026caul
Die Orthopädie,NA,2731-7153,2026-06-10,NA,sn2026caul
Die Pathologie,NA,2731-7196,2026-06-10,NA,sn2026caul
Die Psychotherapie,NA,2731-717X,2026-06-10,NA,sn2026caul
Die Radiologie,NA,2731-7056,2026-06-10,NA,sn2026caul
Die Unfallchirurgie,NA,2731-703X,2026-06-10,NA,sn2026caul
Die Urologie,NA,2731-7072,2026-06-10,NA,sn2026caul
Differential Equations and Dynamical Systems,NA,0974-6870,2026-06-10,NA,sn2026caul
Digestive Diseases and Sciences,NA,1573-2568,2026-06-10,NA,sn2026caul
Digital Experiences in Mathematics Education,NA,2199-3254,2026-06-10,NA,sn2026caul
Digital Finance,NA,2524-6186,2026-06-10,NA,sn2026caul
Digital Society,NA,2731-4669,2026-06-10,NA,sn2026caul
Digital War,NA,2662-1983,2026-06-10,NA,sn2026caul
Discover Computing,NA,2948-2992,2026-06-10,NA,sn2026caul
Discover Developmental Biology,NA,3059-3247,2026-06-10,NA,sn2026caul
Discover Genetics and Evolution,NA,3091-3217,2026-06-10,NA,sn2026caul
Discover Life,NA,2948-2976,2026-06-10,NA,sn2026caul
Discover Metals,NA,3091-3462,2026-06-10,NA,sn2026caul
Discover Space,NA,2948-295X,2026-06-10,NA,sn2026caul
Discrete & Computational Geometry,NA,1432-0444,2026-06-10,NA,sn2026caul
Discrete Event Dynamic Systems,NA,1573-7594,2026-06-10,NA,sn2026caul
Distributed and Parallel Databases,NA,1573-7578,2026-06-10,NA,sn2026caul
Distributed Computing,NA,1432-0452,2026-06-10,NA,sn2026caul
Documenta Ophthalmologica,NA,1573-2622,2026-06-10,NA,sn2026caul
Drug Delivery and Translational Research,NA,2190-3948,2026-06-10,NA,sn2026caul
Drug Safety,NA,1179-1942,2026-06-10,NA,sn2026caul
Drugs,NA,1179-1950,2026-06-10,NA,sn2026caul
Drugs & Aging,NA,1179-1969,2026-06-10,NA,sn2026caul
Drugs & Therapy Perspectives,NA,1179-1977,2026-06-10,NA,sn2026caul
Dynamic Games and Applications,NA,2153-0793,2026-06-10,NA,sn2026caul
Dysphagia,NA,1432-0460,2026-06-10,NA,sn2026caul
e+i Elektrotechnik und Informationstechnik,NA,1613-7620,2026-06-10,NA,sn2026caul
Early Childhood Education Journal,NA,1573-1707,2026-06-10,NA,sn2026caul
Earth Science Informatics,NA,1865-0481,2026-06-10,NA,sn2026caul
Earth Systems and Environment,NA,2509-9434,2026-06-10,NA,sn2026caul
Earthquake Engineering and Engineering Vibration,NA,1993-503X,2026-06-10,NA,sn2026caul
East Asia,NA,1874-6284,2026-06-10,NA,sn2026caul
Eastern Economic Journal,NA,1939-4632,2026-06-10,NA,sn2026caul
"Eating and Weight Disorders - Studies on Anorexia, Bulimia and Obesity",NA,1590-1262,2026-06-10,NA,sn2026caul
EcoHealth,NA,1612-9210,2026-06-10,NA,sn2026caul
Economia Politica,NA,1973-820X,2026-06-10,NA,sn2026caul
Economic Change and Restructuring,NA,1574-0277,2026-06-10,NA,sn2026caul
Economic Theory,NA,1432-0479,2026-06-10,NA,sn2026caul
Economic Theory Bulletin,NA,2196-1093,2026-06-10,NA,sn2026caul
Economics of Disasters and Climate Change,NA,2511-1299,2026-06-10,NA,sn2026caul
Economics of Governance,NA,1435-8131,2026-06-10,NA,sn2026caul
Ecosystems,NA,1435-0629,2026-06-10,NA,sn2026caul
Ecotoxicology,NA,1573-3017,2026-06-10,NA,sn2026caul
Education and Information Technologies,NA,1573-7608,2026-06-10,NA,sn2026caul
Education and Treatment of Children,NA,1934-8924,2026-06-10,NA,sn2026caul
"Educational Assessment, Evaluation and Accountability",NA,1874-8600,2026-06-10,NA,sn2026caul
Educational Psychology Review,NA,1573-336X,2026-06-10,NA,sn2026caul
Educational Research for Policy and Practice,NA,1573-1723,2026-06-10,NA,sn2026caul
Educational Studies in Mathematics,NA,1573-0816,2026-06-10,NA,sn2026caul
Educational technology research and development,NA,1556-6501,2026-06-10,NA,sn2026caul
Electrical Engineering,NA,1432-0487,2026-06-10,NA,sn2026caul
Electrocatalysis,NA,1868-5994,2026-06-10,NA,sn2026caul
Electrochemical Energy Reviews,NA,2520-8136,2026-06-10,NA,sn2026caul
Electronic Commerce Research,NA,1572-9362,2026-06-10,NA,sn2026caul
Electronic Markets,NA,1422-8890,2026-06-10,NA,sn2026caul
Electronic Materials Letters,NA,2093-6788,2026-06-10,NA,sn2026caul
Emergency Radiology,NA,1438-1435,2026-06-10,NA,sn2026caul
Emergent Materials,NA,2522-574X,2026-06-10,NA,sn2026caul
Emission Control Science and Technology,NA,2199-3637,2026-06-10,NA,sn2026caul
Empirica,NA,1573-6911,2026-06-10,NA,sn2026caul
Empirical Economics,NA,1435-8921,2026-06-10,NA,sn2026caul
Empirical Software Engineering,NA,1573-7616,2026-06-10,NA,sn2026caul
Employee Responsibilities and Rights Journal,NA,1573-3378,2026-06-10,NA,sn2026caul
Endocrine,NA,1559-0100,2026-06-10,NA,sn2026caul
Endocrine Pathology,NA,1559-0097,2026-06-10,NA,sn2026caul
Energy Efficiency,NA,1570-6478,2026-06-10,NA,sn2026caul
Energy Systems,NA,1868-3975,2026-06-10,NA,sn2026caul
"Energy, Ecology and Environment",NA,2363-8338,2026-06-10,NA,sn2026caul
ENGINEERING Chemical Engineering,NA,3091-5007,2026-06-10,NA,sn2026caul
ENGINEERING Energy,NA,3091-5023,2026-06-10,NA,sn2026caul
ENGINEERING Environment,NA,3091-5066,2026-06-10,NA,sn2026caul
ENGINEERING Management,NA,3091-5082,2026-06-10,NA,sn2026caul
ENGINEERING Mechanical Engineering,NA,3091-4965,2026-06-10,NA,sn2026caul
Engineering Research,NA,3091-3306,2026-06-10,NA,sn2026caul
ENGINEERING Structure and Civil Engineering,NA,3091-504X,2026-06-10,NA,sn2026caul
Engineering with Computers,NA,1435-5663,2026-06-10,NA,sn2026caul
English Teaching & Learning,NA,2522-8560,2026-06-10,NA,sn2026caul
Entrepreneurship Education,NA,2520-8152,2026-06-10,NA,sn2026caul
Environment Systems and Decisions,NA,2194-5411,2026-06-10,NA,sn2026caul
"Environment, Development and Sustainability",NA,1573-2975,2026-06-10,NA,sn2026caul
Environmental and Ecological Statistics,NA,1573-3009,2026-06-10,NA,sn2026caul
Environmental and Resource Economics,NA,1573-1502,2026-06-10,NA,sn2026caul
Environmental Biology of Fishes,NA,1573-5133,2026-06-10,NA,sn2026caul
Environmental Chemistry Letters,NA,1610-3661,2026-06-10,NA,sn2026caul
Environmental Earth Sciences,NA,1866-6299,2026-06-10,NA,sn2026caul
Environmental Economics and Policy Studies,NA,1867-383X,2026-06-10,NA,sn2026caul
Environmental Fluid Mechanics,NA,1573-1510,2026-06-10,NA,sn2026caul
Environmental Geochemistry and Health,NA,1573-2983,2026-06-10,NA,sn2026caul
Environmental Management,NA,1432-1009,2026-06-10,NA,sn2026caul
Environmental Modeling & Assessment,NA,1573-2967,2026-06-10,NA,sn2026caul
Environmental Monitoring and Assessment,NA,1573-2959,2026-06-10,NA,sn2026caul
Environmental Processes,NA,2198-7505,2026-06-10,NA,sn2026caul
Environmental Science and Pollution Research,NA,1614-7499,2026-06-10,NA,sn2026caul
Environmental Sustainability,NA,2523-8922,2026-06-10,NA,sn2026caul
EPJ Research Infrastructures,NA,3091-4566,2026-06-10,NA,sn2026caul
EPMA Journal,NA,1878-5085,2026-06-10,NA,sn2026caul
ERA Forum,NA,1863-9038,2026-06-10,NA,sn2026caul
Erkenntnis,NA,1572-8420,2026-06-10,NA,sn2026caul
Esophagus,NA,1612-9067,2026-06-10,NA,sn2026caul
Estuaries and Coasts,NA,1559-2731,2026-06-10,NA,sn2026caul
Ethical Theory and Moral Practice,NA,1572-8447,2026-06-10,NA,sn2026caul
Ethics and Information Technology,NA,1572-8439,2026-06-10,NA,sn2026caul
Ethik in der Medizin,NA,1437-1618,2026-06-10,NA,sn2026caul
Ethnobotany and Economic Botany,NA,3091-2911,2026-06-10,NA,sn2026caul
Euphytica,NA,1573-5060,2026-06-10,NA,sn2026caul
Eurasian Business Review,NA,2147-4281,2026-06-10,NA,sn2026caul
Eurasian Economic Review,NA,2147-429X,2026-06-10,NA,sn2026caul
Euro-Mediterranean Journal for Environmental Integration,NA,2365-7448,2026-06-10,NA,sn2026caul
European Actuarial Journal,NA,2190-9741,2026-06-10,NA,sn2026caul
European Archives of Oto-Rhino-Laryngology,NA,1434-4726,2026-06-10,NA,sn2026caul
European Archives of Paediatric Dentistry,NA,1996-9805,2026-06-10,NA,sn2026caul
European Archives of Psychiatry and Clinical Neuroscience,NA,1433-8491,2026-06-10,NA,sn2026caul
European Biophysics Journal,NA,1432-1017,2026-06-10,NA,sn2026caul
European Business Organization Law Review,NA,1741-6205,2026-06-10,NA,sn2026caul
European Child & Adolescent Psychiatry,NA,1435-165X,2026-06-10,NA,sn2026caul
European Food Research and Technology,NA,1438-2385,2026-06-10,NA,sn2026caul
European Geriatric Medicine,NA,1878-7657,2026-06-10,NA,sn2026caul
European Journal for Philosophy of Science,NA,1879-4920,2026-06-10,NA,sn2026caul
European Journal for Security Research,NA,2365-1695,2026-06-10,NA,sn2026caul
European Journal of Ageing,NA,1613-9380,2026-06-10,NA,sn2026caul
European Journal of Applied Physiology,NA,1439-6327,2026-06-10,NA,sn2026caul
European Journal of Clinical Microbiology & Infectious Diseases,NA,1435-4373,2026-06-10,NA,sn2026caul
European Journal of Clinical Nutrition,NA,1476-5640,2026-06-10,NA,sn2026caul
European Journal of Clinical Pharmacology,NA,1432-1041,2026-06-10,NA,sn2026caul
European Journal of Drug Metabolism and Pharmacokinetics,NA,2107-0180,2026-06-10,NA,sn2026caul
European Journal of Epidemiology,NA,1573-7284,2026-06-10,NA,sn2026caul
European Journal of Forest Research,NA,1612-4677,2026-06-10,NA,sn2026caul
European Journal of Human Genetics,NA,1476-5438,2026-06-10,NA,sn2026caul
European Journal of Law and Economics,NA,1572-9990,2026-06-10,NA,sn2026caul
European Journal of Mathematics,NA,2199-6768,2026-06-10,NA,sn2026caul
European Journal of Nuclear Medicine and Molecular Imaging,NA,1619-7089,2026-06-10,NA,sn2026caul
European Journal of Nutrition,NA,1436-6215,2026-06-10,NA,sn2026caul
European Journal of Orthopaedic Surgery & Traumatology,NA,1432-1068,2026-06-10,NA,sn2026caul
European Journal of Pediatrics,NA,1432-1076,2026-06-10,NA,sn2026caul
European Journal of Plant Pathology,NA,1573-8469,2026-06-10,NA,sn2026caul
European Journal of Plastic Surgery,NA,1435-0130,2026-06-10,NA,sn2026caul
European Journal of Population,NA,1572-9885,2026-06-10,NA,sn2026caul
European Journal of Psychology of Education,NA,1878-5174,2026-06-10,NA,sn2026caul
European Journal of Trauma and Emergency Surgery,NA,1863-9941,2026-06-10,NA,sn2026caul
European Journal of Wildlife Research,NA,1439-0574,2026-06-10,NA,sn2026caul
European Journal of Wood and Wood Products,NA,1436-736X,2026-06-10,NA,sn2026caul
European Journal on Criminal Policy and Research,NA,1572-9869,2026-06-10,NA,sn2026caul
European Radiology,NA,1432-1084,2026-06-10,NA,sn2026caul
European Spine Journal,NA,1432-0932,2026-06-10,NA,sn2026caul
European Surgery,NA,1682-4016,2026-06-10,NA,sn2026caul
Evidence-Based Dentistry,NA,1476-5446,2026-06-10,NA,sn2026caul
Evolutionary and Institutional Economics Review,NA,2188-2096,2026-06-10,NA,sn2026caul
Evolutionary Biology,NA,1934-2845,2026-06-10,NA,sn2026caul
Evolutionary Ecology,NA,1573-8477,2026-06-10,NA,sn2026caul
Evolutionary Intelligence,NA,1864-5917,2026-06-10,NA,sn2026caul
Evolutionary Psychological Science,NA,2198-9885,2026-06-10,NA,sn2026caul
Evolving Systems,NA,1868-6486,2026-06-10,NA,sn2026caul
Experimental and Applied Acarology,NA,1572-9702,2026-06-10,NA,sn2026caul
Experimental and Computational Multiphase Flow,NA,2661-8877,2026-06-10,NA,sn2026caul
Experimental Astronomy,NA,1572-9508,2026-06-10,NA,sn2026caul
Experimental Brain Research,NA,1432-1106,2026-06-10,NA,sn2026caul
Experimental Mechanics,NA,1741-2765,2026-06-10,NA,sn2026caul
Experimental Techniques,NA,1747-1567,2026-06-10,NA,sn2026caul
Experiments in Fluids,NA,1432-1114,2026-06-10,NA,sn2026caul
Exposure and Health,NA,2451-9685,2026-06-10,NA,sn2026caul
Extremes,NA,1572-915X,2026-06-10,NA,sn2026caul
Extremophiles,NA,1433-4909,2026-06-10,NA,sn2026caul
Eye,NA,1476-5454,2026-06-10,NA,sn2026caul
Facies,NA,1612-4820,2026-06-10,NA,sn2026caul
Familial Cancer,NA,1573-7292,2026-06-10,NA,sn2026caul
Feminist Legal Studies,NA,1572-8455,2026-06-10,NA,sn2026caul
Few-Body Systems,NA,1432-5411,2026-06-10,NA,sn2026caul
Fibers and Polymers,NA,1875-0052,2026-06-10,NA,sn2026caul
Finance and Stochastics,NA,1432-1122,2026-06-10,NA,sn2026caul
Financial Markets and Portfolio Management,NA,2373-8529,2026-06-10,NA,sn2026caul
Fire Technology,NA,1572-8099,2026-06-10,NA,sn2026caul
Fish Physiology and Biochemistry,NA,1573-5168,2026-06-10,NA,sn2026caul
Fisheries Science,NA,1444-2906,2026-06-10,NA,sn2026caul
Flexible Services and Manufacturing Journal,NA,1936-6590,2026-06-10,NA,sn2026caul
"Flow, Turbulence and Combustion",NA,1573-1987,2026-06-10,NA,sn2026caul
Folia Geobotanica,NA,1874-9348,2026-06-10,NA,sn2026caul
Folia Microbiologica,NA,1874-9356,2026-06-10,NA,sn2026caul
Food Analytical Methods,NA,1936-976X,2026-06-10,NA,sn2026caul
Food and Bioprocess Technology,NA,1935-5149,2026-06-10,NA,sn2026caul
Food and Environmental Virology,NA,1867-0342,2026-06-10,NA,sn2026caul
Food Biophysics,NA,1557-1866,2026-06-10,NA,sn2026caul
Food Engineering Reviews,NA,1866-7929,2026-06-10,NA,sn2026caul
Food Ethics,NA,2364-6861,2026-06-10,NA,sn2026caul
Food Science and Biotechnology,NA,2092-6456,2026-06-10,NA,sn2026caul
Food Security,NA,1876-4525,2026-06-10,NA,sn2026caul
"Forensic Science, Medicine and Pathology",NA,1556-2891,2026-06-10,NA,sn2026caul
Forensic Toxicology,NA,1860-8973,2026-06-10,NA,sn2026caul
"Forensische Psychiatrie, Psychologie, Kriminologie",NA,1862-7080,2026-06-10,NA,sn2026caul
Forest Science,NA,1938-3738,2026-06-10,NA,sn2026caul
Formal Methods in System Design,NA,1572-8102,2026-06-10,NA,sn2026caul
Forum,NA,2190-9784,2026-06-10,NA,sn2026caul
Forum der Psychoanalyse,NA,1437-0751,2026-06-10,NA,sn2026caul
Foundations of Chemistry,NA,1572-8463,2026-06-10,NA,sn2026caul
Foundations of Computational Mathematics,NA,1615-3383,2026-06-10,NA,sn2026caul
Foundations of Physics,NA,1572-9516,2026-06-10,NA,sn2026caul
Foundations of Science,NA,1572-8471,2026-06-10,NA,sn2026caul
Fractional Calculus and Applied Analysis,NA,1314-2224,2026-06-10,NA,sn2026caul
French Politics,NA,1476-3427,2026-06-10,NA,sn2026caul
Frontiers of Computer Science,NA,2095-2236,2026-06-10,NA,sn2026caul
Frontiers of Digital Education,NA,2097-3926,2026-06-10,NA,sn2026caul
Frontiers of Earth Science,NA,2095-0209,2026-06-10,NA,sn2026caul
Frontiers of Materials Science,NA,2095-0268,2026-06-10,NA,sn2026caul
Fudan Journal of the Humanities and Social Sciences,NA,2198-2600,2026-06-10,NA,sn2026caul
Functional & Integrative Genomics,NA,1438-7948,2026-06-10,NA,sn2026caul
Fuzzy Optimization and Decision Making,NA,1573-2908,2026-06-10,NA,sn2026caul
Gastric Cancer,NA,1436-3305,2026-06-10,NA,sn2026caul
Gefässchirurgie,NA,1434-3932,2026-06-10,NA,sn2026caul
GEM - International Journal on Geomathematics,NA,1869-2680,2026-06-10,NA,sn2026caul
Gender Issues,NA,1936-4717,2026-06-10,NA,sn2026caul
Gene Therapy,NA,1476-5462,2026-06-10,NA,sn2026caul
General Relativity and Gravitation,NA,1572-9532,2026-06-10,NA,sn2026caul
General Thoracic and Cardiovascular Surgery,NA,1863-6713,2026-06-10,NA,sn2026caul
Genes & Genomics,NA,2092-9293,2026-06-10,NA,sn2026caul
Genes & Immunity,NA,1476-5470,2026-06-10,NA,sn2026caul
Genetic Programming and Evolvable Machines,NA,1573-7632,2026-06-10,NA,sn2026caul
Genetic Resources and Crop Evolution,NA,1573-5109,2026-06-10,NA,sn2026caul
Genetica,NA,1573-6857,2026-06-10,NA,sn2026caul
Genome Instability & Disease,NA,2524-7662,2026-06-10,NA,sn2026caul
Geoheritage,NA,1867-2485,2026-06-10,NA,sn2026caul
GeoInformatica,NA,1573-7624,2026-06-10,NA,sn2026caul
GeoJournal,NA,1572-9893,2026-06-10,NA,sn2026caul
Geo-Marine Letters,NA,1432-1157,2026-06-10,NA,sn2026caul
Geomechanics and Geophysics for Geo-Energy and Geo-Resources,NA,2363-8427,2026-06-10,NA,sn2026caul
Geometriae Dedicata,NA,1572-9168,2026-06-10,NA,sn2026caul
Geometric and Functional Analysis,NA,1420-8970,2026-06-10,NA,sn2026caul
Geosciences Journal,NA,1598-7477,2026-06-10,NA,sn2026caul
Geotechnical and Geological Engineering,NA,1573-1529,2026-06-10,NA,sn2026caul
German Journal of Exercise and Sport Research,NA,2509-3150,2026-06-10,NA,sn2026caul
GeroScience,NA,2509-2723,2026-06-10,NA,sn2026caul
Glass Structures & Engineering,NA,2363-5150,2026-06-10,NA,sn2026caul
Global Ethics,NA,3091-3322,2026-06-10,NA,sn2026caul
Global Implementation Research and Applications,NA,2662-9275,2026-06-10,NA,sn2026caul
Global Journal of Flexible Systems Management,NA,0974-0198,2026-06-10,NA,sn2026caul
Global Philosophy,NA,2948-1538,2026-06-10,NA,sn2026caul
Global Public Policy and Governance,NA,2730-6305,2026-06-10,NA,sn2026caul
Global Social Welfare,NA,2196-8799,2026-06-10,NA,sn2026caul
Global Surgical Education - Journal of the Association for Surgical Education,NA,2731-4588,2026-06-10,NA,sn2026caul
Glycoconjugate Journal,NA,1573-4986,2026-06-10,NA,sn2026caul
GPS Solutions,NA,1521-1886,2026-06-10,NA,sn2026caul
Graefe's Archive for Clinical and Experimental Ophthalmology,NA,1435-702X,2026-06-10,NA,sn2026caul
Granular Matter,NA,1434-7636,2026-06-10,NA,sn2026caul
Graphene and 2D Materials,NA,2731-6513,2026-06-10,NA,sn2026caul
Graphs and Combinatorics,NA,1435-5914,2026-06-10,NA,sn2026caul
Group Decision and Negotiation,NA,1572-9907,2026-06-10,NA,sn2026caul
Grundwasser,NA,1432-1165,2026-06-10,NA,sn2026caul
Gruppe. Interaktion. Organisation. Zeitschrift für Angewandte Organisationspsychologie (GIO),NA,2366-6218,2026-06-10,NA,sn2026caul
Gynäkologie in der Praxis,NA,3005-0766,2026-06-10,NA,sn2026caul
Gynäkologische Endokrinologie,NA,1610-2908,2026-06-10,NA,sn2026caul
Hague Journal on the Rule of Law,NA,1876-4053,2026-06-10,NA,sn2026caul
hautnah,NA,2192-6484,2026-06-10,NA,sn2026caul
Head and Neck Pathology,NA,1936-0568,2026-06-10,NA,sn2026caul
Health and Technology,NA,2190-7196,2026-06-10,NA,sn2026caul
Health Care Analysis,NA,1573-3394,2026-06-10,NA,sn2026caul
Health Care Management Science,NA,1572-9389,2026-06-10,NA,sn2026caul
Health Information Science and Systems,NA,2047-2501,2026-06-10,NA,sn2026caul
Health Services and Outcomes Research Methodology,NA,1572-9400,2026-06-10,NA,sn2026caul
Heart and Vessels,NA,1615-2573,2026-06-10,NA,sn2026caul
Heart Failure Reviews,NA,1573-7322,2026-06-10,NA,sn2026caul
Heat and Mass Transfer,NA,1432-1181,2026-06-10,NA,sn2026caul
HEC Forum,NA,1572-8498,2026-06-10,NA,sn2026caul
HeilberufeScience,NA,2190-2100,2026-06-10,NA,sn2026caul
Hepatology International,NA,1936-0541,2026-06-10,NA,sn2026caul
Heredity,NA,1365-2540,2026-06-10,NA,sn2026caul
Hernia,NA,1248-9204,2026-06-10,NA,sn2026caul
Herz,NA,1615-6692,2026-06-10,NA,sn2026caul
Herzschrittmachertherapie + Elektrophysiologie,NA,1435-1544,2026-06-10,NA,sn2026caul
High Blood Pressure & Cardiovascular Prevention,NA,1179-1985,2026-06-10,NA,sn2026caul
High Entropy Alloys & Materials,NA,2731-5827,2026-06-10,NA,sn2026caul
High Temperature Corrosion of Materials,NA,2731-8400,2026-06-10,NA,sn2026caul
Higher Education,NA,1573-174X,2026-06-10,NA,sn2026caul
Higher Education Policy,NA,1740-3863,2026-06-10,NA,sn2026caul
Histochemistry and Cell Biology,NA,1432-119X,2026-06-10,NA,sn2026caul
Historical Archaeology,NA,2328-1103,2026-06-10,NA,sn2026caul
History and Philosophy of the Life Sciences,NA,1742-6316,2026-06-10,NA,sn2026caul
HMD Praxis der Wirtschaftsinformatik,NA,2198-2775,2026-06-10,NA,sn2026caul
HNO,NA,1433-0458,2026-06-10,NA,sn2026caul
Homo Oeconomicus,NA,2366-6161,2026-06-10,NA,sn2026caul
Hormones,NA,2520-8721,2026-06-10,NA,sn2026caul
"Horticulture, Environment, and Biotechnology",NA,2211-3460,2026-06-10,NA,sn2026caul
Human Arenas,NA,2522-5804,2026-06-10,NA,sn2026caul
Human Cell,NA,1749-0774,2026-06-10,NA,sn2026caul
Human Ecology,NA,1572-9915,2026-06-10,NA,sn2026caul
Human Genetics,NA,1432-1203,2026-06-10,NA,sn2026caul
Human Nature,NA,1936-4776,2026-06-10,NA,sn2026caul
Human Rights Review,NA,1874-6306,2026-06-10,NA,sn2026caul
Human Studies,NA,1572-851X,2026-06-10,NA,sn2026caul
Human-Intelligent Systems Integration,NA,2524-4884,2026-06-10,NA,sn2026caul
Humanistic Management Journal,NA,2366-6048,2026-06-10,NA,sn2026caul
Husserl Studies,NA,1572-8501,2026-06-10,NA,sn2026caul
Hydrobiologia,NA,1573-5117,2026-06-10,NA,sn2026caul
Hydrogeology Journal,NA,1435-0157,2026-06-10,NA,sn2026caul
Hypertension Research,NA,1348-4214,2026-06-10,NA,sn2026caul
Ichthyological Research,NA,1616-3915,2026-06-10,NA,sn2026caul
IIC - International Review of Intellectual Property and Competition Law,NA,2195-0237,2026-06-10,NA,sn2026caul
Immunogenetics,NA,1432-1211,2026-06-10,NA,sn2026caul
Immunologic Research,NA,1559-0755,2026-06-10,NA,sn2026caul
In Silico Pharmacology,NA,2193-9616,2026-06-10,NA,sn2026caul
In Vitro Cellular & Developmental Biology - Animal,NA,1543-706X,2026-06-10,NA,sn2026caul
In Vitro Cellular & Developmental Biology - Plant,NA,1475-2689,2026-06-10,NA,sn2026caul
In vitro models,NA,2731-3441,2026-06-10,NA,sn2026caul
Indian Economic Review,NA,2520-1778,2026-06-10,NA,sn2026caul
Indian Geotechnical Journal,NA,2277-3347,2026-06-10,NA,sn2026caul
Indian Journal of Clinical Biochemistry,NA,0974-0422,2026-06-10,NA,sn2026caul
Indian Journal of Gastroenterology,NA,0975-0711,2026-06-10,NA,sn2026caul
Indian Journal of Genetics and Plant Breeding,NA,0975-6906,2026-06-10,NA,sn2026caul
Indian Journal of Gynecologic Oncology,NA,2363-8400,2026-06-10,NA,sn2026caul
Indian Journal of Hematology and Blood Transfusion,NA,0974-0449,2026-06-10,NA,sn2026caul
Indian Journal of Microbiology,NA,0973-7715,2026-06-10,NA,sn2026caul
Indian Journal of Orthopaedics,NA,1998-3727,2026-06-10,NA,sn2026caul
Indian Journal of Otolaryngology and Head & Neck Surgery,NA,0973-7707,2026-06-10,NA,sn2026caul
Indian Journal of Pediatrics,NA,0973-7693,2026-06-10,NA,sn2026caul
Indian Journal of Physics,NA,0974-9845,2026-06-10,NA,sn2026caul
Indian Journal of Surgery,NA,0973-9793,2026-06-10,NA,sn2026caul
Indian Journal of Surgical Oncology,NA,0976-6952,2026-06-10,NA,sn2026caul
Indian Journal of Thoracic and Cardiovascular Surgery,NA,0973-7723,2026-06-10,NA,sn2026caul
Indian Pediatrics,NA,0974-7559,2026-06-10,NA,sn2026caul
Indian Phytopathology,NA,2248-9800,2026-06-10,NA,sn2026caul
Infection,NA,1439-0973,2026-06-10,NA,sn2026caul
Inflammation,NA,1573-2576,2026-06-10,NA,sn2026caul
Inflammation Research,NA,1420-908X,2026-06-10,NA,sn2026caul
Inflammopharmacology,NA,1568-5608,2026-06-10,NA,sn2026caul
Informatik Spektrum,NA,1432-122X,2026-06-10,NA,sn2026caul
Information Geometry,NA,2511-249X,2026-06-10,NA,sn2026caul
Information Systems and e-Business Management,NA,1617-9854,2026-06-10,NA,sn2026caul
Information Systems Frontiers,NA,1572-9419,2026-06-10,NA,sn2026caul
Information Technology & Tourism,NA,1943-4294,2026-06-10,NA,sn2026caul
Information Technology and Management,NA,1573-7667,2026-06-10,NA,sn2026caul
Innovations in Systems and Software Engineering,NA,1614-5054,2026-06-10,NA,sn2026caul
Innovative Higher Education,NA,1573-1758,2026-06-10,NA,sn2026caul
Innovative Infrastructure Solutions,NA,2364-4184,2026-06-10,NA,sn2026caul
Insectes Sociaux,NA,1420-9098,2026-06-10,NA,sn2026caul
Instructional Science,NA,1573-1952,2026-06-10,NA,sn2026caul
Integral Equations and Operator Theory,NA,1420-8989,2026-06-10,NA,sn2026caul
Integrating Materials and Manufacturing Innovation,NA,2193-9772,2026-06-10,NA,sn2026caul
Integrative Psychological and Behavioral Science,NA,1936-3567,2026-06-10,NA,sn2026caul
Intelligent Service Robotics,NA,1861-2784,2026-06-10,NA,sn2026caul
Intensive Care Medicine,NA,1432-1238,2026-06-10,NA,sn2026caul
Interactions,NA,3005-0731,2026-06-10,NA,sn2026caul
Interchange,NA,1573-1790,2026-06-10,NA,sn2026caul
Interdisciplinary Sciences: Computational Life Sciences,NA,1867-1462,2026-06-10,NA,sn2026caul
Interest Groups & Advocacy,NA,2047-7422,2026-06-10,NA,sn2026caul
Internal and Emergency Medicine,NA,1970-9366,2026-06-10,NA,sn2026caul
International Advances in Economic Research,NA,1573-966X,2026-06-10,NA,sn2026caul
International Applied Mechanics,NA,1573-8582,2026-06-10,NA,sn2026caul
International Archives of Occupational and Environmental Health,NA,1432-1246,2026-06-10,NA,sn2026caul
International Cancer Conference Journal,NA,2192-3183,2026-06-10,NA,sn2026caul
International Communication of Chinese Culture,NA,2197-4241,2026-06-10,NA,sn2026caul
International Criminology,NA,2662-9976,2026-06-10,NA,sn2026caul
International Cybersecurity Law Review,NA,2662-9739,2026-06-10,NA,sn2026caul
International Economics and Economic Policy,NA,1612-4812,2026-06-10,NA,sn2026caul
International Entrepreneurship and Management Journal,NA,1555-1938,2026-06-10,NA,sn2026caul
"International Environmental Agreements: Politics, Law and Economics",NA,1573-1553,2026-06-10,NA,sn2026caul
International Journal for Educational and Vocational Guidance,NA,1573-1782,2026-06-10,NA,sn2026caul
International Journal for Philosophy of Religion,NA,1572-8684,2026-06-10,NA,sn2026caul
International Journal for the Advancement of Counselling,NA,1573-3246,2026-06-10,NA,sn2026caul
International Journal for the Semiotics of Law - Revue internationale de Sémiotique juridique,NA,1572-8722,2026-06-10,NA,sn2026caul
International Journal of Advances in Engineering Sciences and Applied Mathematics,NA,0975-5616,2026-06-10,NA,sn2026caul
International Journal of Aeronautical and Space Sciences,NA,2093-2480,2026-06-10,NA,sn2026caul
International Journal of Applied and Computational Mathematics,NA,2199-5796,2026-06-10,NA,sn2026caul
International Journal of Applied Positive Psychology,NA,2364-5059,2026-06-10,NA,sn2026caul
International Journal of Automotive Technology,NA,1976-3832,2026-06-10,NA,sn2026caul
International Journal of Behavioral Medicine,NA,1532-7558,2026-06-10,NA,sn2026caul
International Journal of Biometeorology,NA,1432-1254,2026-06-10,NA,sn2026caul
International Journal of Bullying Prevention,NA,2523-3661,2026-06-10,NA,sn2026caul
International Journal of Civil Engineering,NA,2383-3874,2026-06-10,NA,sn2026caul
International Journal of Clinical Oncology,NA,1437-7772,2026-06-10,NA,sn2026caul
International Journal of Clinical Pharmacy,NA,2210-7711,2026-06-10,NA,sn2026caul
International Journal of Cognitive Behavioral Therapy,NA,3059-3042,2026-06-10,NA,sn2026caul
International Journal of Colorectal Disease,NA,1432-1262,2026-06-10,NA,sn2026caul
International Journal of Community Well-Being,NA,2524-5309,2026-06-10,NA,sn2026caul
International Journal of Computer Assisted Radiology and Surgery,NA,1861-6429,2026-06-10,NA,sn2026caul
International Journal of Computer Vision,NA,1573-1405,2026-06-10,NA,sn2026caul
International Journal of Computer-Supported Collaborative Learning,NA,1556-1615,2026-06-10,NA,sn2026caul
"International Journal of Control, Automation, and Systems",NA,2005-4092,2026-06-10,NA,sn2026caul
International Journal of Data Science and Analytics,NA,2364-4168,2026-06-10,NA,sn2026caul
International Journal of Diabetes in Developing Countries,NA,1998-3832,2026-06-10,NA,sn2026caul
International Journal of Digital Humanities,NA,2524-7840,2026-06-10,NA,sn2026caul
International Journal of Disclosure and Governance,NA,1746-6539,2026-06-10,NA,sn2026caul
International Journal of Dynamics and Control,NA,2195-2698,2026-06-10,NA,sn2026caul
International Journal of Early Childhood,NA,1878-4658,2026-06-10,NA,sn2026caul
International Journal of Earth Sciences,NA,1437-3262,2026-06-10,NA,sn2026caul
International Journal of Economic Policy Studies,NA,1881-4387,2026-06-10,NA,sn2026caul
International Journal of Energy and Water Resources,NA,2522-0101,2026-06-10,NA,sn2026caul
International Journal of Environmental Research,NA,2008-2304,2026-06-10,NA,sn2026caul
International Journal of Environmental Science and Technology,NA,1735-2630,2026-06-10,NA,sn2026caul
International Journal of Ethics Education,NA,2364-0006,2026-06-10,NA,sn2026caul
International Journal of Fracture,NA,1573-2673,2026-06-10,NA,sn2026caul
International Journal of Fuzzy Systems,NA,2199-3211,2026-06-10,NA,sn2026caul
International Journal of Game Theory,NA,1432-1270,2026-06-10,NA,sn2026caul
International Journal of Geosynthetics and Ground Engineering,NA,2199-9279,2026-06-10,NA,sn2026caul
International Journal of Global Business and Competitiveness,NA,0976-1888,2026-06-10,NA,sn2026caul
International Journal of Health Economics and Management,NA,2199-9031,2026-06-10,NA,sn2026caul
International Journal of Hematology,NA,1865-3774,2026-06-10,NA,sn2026caul
International Journal of Hindu Studies,NA,1574-9282,2026-06-10,NA,sn2026caul
International Journal of Historical Archaeology,NA,1573-7748,2026-06-10,NA,sn2026caul
International Journal of Impotence Research,NA,1476-5489,2026-06-10,NA,sn2026caul
International Journal of Information Security,NA,1615-5270,2026-06-10,NA,sn2026caul
International Journal of Information Technology,NA,2511-2112,2026-06-10,NA,sn2026caul
International Journal of Intelligent Robotics and Applications,NA,2366-598X,2026-06-10,NA,sn2026caul
International Journal of Intelligent Transportation Systems Research,NA,1868-8659,2026-06-10,NA,sn2026caul
International Journal of Latin American Religions,NA,2509-9965,2026-06-10,NA,sn2026caul
International Journal of Legal Medicine,NA,1437-1596,2026-06-10,NA,sn2026caul
International Journal of Machine Learning and Cybernetics,NA,1868-808X,2026-06-10,NA,sn2026caul
International Journal of Material Forming,NA,1960-6214,2026-06-10,NA,sn2026caul
International Journal of Mechanics and Materials in Design,NA,1573-8841,2026-06-10,NA,sn2026caul
International Journal of Mental Health and Addiction,NA,1557-1882,2026-06-10,NA,sn2026caul
International Journal of Metalcasting,NA,2163-3193,2026-06-10,NA,sn2026caul
"International Journal of Minerals, Metallurgy and Materials",NA,1869-103X,2026-06-10,NA,sn2026caul
International Journal of Multimedia Information Retrieval,NA,2192-662X,2026-06-10,NA,sn2026caul
International Journal of Obesity,NA,1476-5497,2026-06-10,NA,sn2026caul
International Journal of Parallel Programming,NA,1573-7640,2026-06-10,NA,sn2026caul
International Journal of Pavement Research and Technology,NA,1997-1400,2026-06-10,NA,sn2026caul
International Journal of Peptide Research and Therapeutics,NA,1573-3904,2026-06-10,NA,sn2026caul
International Journal of Plant Production,NA,1735-8043,2026-06-10,NA,sn2026caul
"International Journal of Politics, Culture, and Society",NA,1573-3416,2026-06-10,NA,sn2026caul
International Journal of Precision Engineering and Manufacturing,NA,2005-4602,2026-06-10,NA,sn2026caul
International Journal of Precision Engineering and Manufacturing-Green Technology,NA,2198-0810,2026-06-10,NA,sn2026caul
International Journal of Primatology,NA,1573-8604,2026-06-10,NA,sn2026caul
International Journal of Research in Undergraduate Mathematics Education,NA,2198-9753,2026-06-10,NA,sn2026caul
International Journal of Science and Mathematics Education,NA,1573-1774,2026-06-10,NA,sn2026caul
International Journal of Social Robotics,NA,1875-4805,2026-06-10,NA,sn2026caul
International Journal of Speech Technology,NA,1572-8110,2026-06-10,NA,sn2026caul
International Journal of Steel Structures,NA,2093-6311,2026-06-10,NA,sn2026caul
International Journal of System Assurance Engineering and Management,NA,0976-4348,2026-06-10,NA,sn2026caul
International Journal of Technology and Design Education,NA,1573-1804,2026-06-10,NA,sn2026caul
International Journal of the Classical Tradition,NA,1874-6292,2026-06-10,NA,sn2026caul
International Journal of the Sociology of Leisure,NA,2520-8691,2026-06-10,NA,sn2026caul
International Journal of Theoretical Physics,NA,1572-9575,2026-06-10,NA,sn2026caul
International Journal of Thermophysics,NA,1572-9567,2026-06-10,NA,sn2026caul
International Journal of Tropical Insect Science,NA,1742-7592,2026-06-10,NA,sn2026caul
International Journal of Wireless Information Networks,NA,1572-8129,2026-06-10,NA,sn2026caul
"International Journal on Child Maltreatment: Research, Policy and Practice",NA,2524-5244,2026-06-10,NA,sn2026caul
International Journal on Digital Libraries,NA,1432-1300,2026-06-10,NA,sn2026caul
International Journal on Document Analysis and Recognition (IJDAR),NA,1433-2825,2026-06-10,NA,sn2026caul
International Journal on Interactive Design and Manufacturing (IJIDeM),NA,1955-2505,2026-06-10,NA,sn2026caul
International Journal on Software Tools for Technology Transfer,NA,1433-2787,2026-06-10,NA,sn2026caul
International Microbiology,NA,1618-1905,2026-06-10,NA,sn2026caul
International Ophthalmology,NA,1573-2630,2026-06-10,NA,sn2026caul
International Orthopaedics,NA,1432-5195,2026-06-10,NA,sn2026caul
International Politics,NA,1740-3898,2026-06-10,NA,sn2026caul
International Review of Economics,NA,1863-4613,2026-06-10,NA,sn2026caul
International Review of Education,NA,1573-0638,2026-06-10,NA,sn2026caul
International Review on Public and Nonprofit Marketing,NA,1865-1992,2026-06-10,NA,sn2026caul
International Tax and Public Finance,NA,1573-6970,2026-06-10,NA,sn2026caul
International Urogynecology Journal,NA,1433-3023,2026-06-10,NA,sn2026caul
International Urology and Nephrology,NA,1573-2584,2026-06-10,NA,sn2026caul
Inventiones mathematicae,NA,1432-1297,2026-06-10,NA,sn2026caul
Investigational New Drugs,NA,1573-0646,2026-06-10,NA,sn2026caul
Ionics,NA,1862-0760,2026-06-10,NA,sn2026caul
Iran Journal of Computer Science,NA,2520-8446,2026-06-10,NA,sn2026caul
Iranian Journal of Science,NA,2731-8109,2026-06-10,NA,sn2026caul
"Iranian Journal of Science and Technology, Transactions of Civil Engineering",NA,2364-1843,2026-06-10,NA,sn2026caul
"Iranian Journal of Science and Technology, Transactions of Electrical Engineering",NA,2364-1827,2026-06-10,NA,sn2026caul
"Iranian Journal of Science and Technology, Transactions of Mechanical Engineering",NA,2364-1835,2026-06-10,NA,sn2026caul
Iranian Polymer Journal,NA,1735-5265,2026-06-10,NA,sn2026caul
Irish Journal of Medical Science (1971 -),NA,1863-4362,2026-06-10,NA,sn2026caul
Irrigation Science,NA,1432-1319,2026-06-10,NA,sn2026caul
Israel Journal of Mathematics,NA,1565-8511,2026-06-10,NA,sn2026caul
ISSS Journal of Micro and Smart Systems,NA,2509-7997,2026-06-10,NA,sn2026caul
Italian Economic Journal,NA,2199-3238,2026-06-10,NA,sn2026caul
Italian Journal of Marketing,NA,2662-3331,2026-06-10,NA,sn2026caul
Jahresbericht der Deutschen Mathematiker-Vereinigung,NA,1869-7135,2026-06-10,NA,sn2026caul
Japan Journal of Industrial and Applied Mathematics,NA,1868-937X,2026-06-10,NA,sn2026caul
Japanese Journal of Mathematics,NA,1861-3624,2026-06-10,NA,sn2026caul
Japanese Journal of Ophthalmology,NA,1613-2246,2026-06-10,NA,sn2026caul
Japanese Journal of Radiology,NA,1867-108X,2026-06-10,NA,sn2026caul
Japanese Journal of Statistics and Data Science,NA,2520-8764,2026-06-10,NA,sn2026caul
JBIC Journal of Biological Inorganic Chemistry,NA,1432-1327,2026-06-10,NA,sn2026caul
Jewish History,NA,1572-8579,2026-06-10,NA,sn2026caul
Jindal Global Law Review,NA,2364-4869,2026-06-10,NA,sn2026caul
JMST Advances,NA,2524-7913,2026-06-10,NA,sn2026caul
JOM,NA,1543-1851,2026-06-10,NA,sn2026caul
Journal d'Analyse Mathématique,NA,1565-8538,2026-06-10,NA,sn2026caul
Journal for General Philosophy of Science,NA,1572-8587,2026-06-10,NA,sn2026caul
Journal for STEM Education Research,NA,2520-8713,2026-06-10,NA,sn2026caul
"Journal für Endokrinologie, Diabetologie und Stoffwechsel",NA,3004-8923,2026-06-10,NA,sn2026caul
Journal für Gastroenterologische und Hepatologische Erkrankungen,NA,1728-6271,2026-06-10,NA,sn2026caul
Journal für Gynäkologische Endokrinologie/Schweiz,NA,2520-8500,2026-06-10,NA,sn2026caul
Journal für Mathematik-Didaktik,NA,1869-2699,2026-06-10,NA,sn2026caul
Journal of Academic Ethics,NA,1572-8544,2026-06-10,NA,sn2026caul
Journal of Acupuncture and Tuina Science,NA,1993-0399,2026-06-10,NA,sn2026caul
Journal of Adult Development,NA,1573-3440,2026-06-10,NA,sn2026caul
Journal of African American Studies,NA,1936-4741,2026-06-10,NA,sn2026caul
Journal of Agricultural and Environmental Ethics,NA,1573-322X,2026-06-10,NA,sn2026caul
"Journal of Agricultural, Biological and Environmental Statistics",NA,1537-2693,2026-06-10,NA,sn2026caul
Journal of Algebraic Combinatorics,NA,1572-9192,2026-06-10,NA,sn2026caul
Journal of Ambient Intelligence and Humanized Computing,NA,1868-5145,2026-06-10,NA,sn2026caul
Journal of Analysis and Testing,NA,2509-4696,2026-06-10,NA,sn2026caul
Journal of Anesthesia,NA,1438-8359,2026-06-10,NA,sn2026caul
Journal of Applied and Computational Topology,NA,2367-1734,2026-06-10,NA,sn2026caul
Journal of Applied Electrochemistry,NA,1572-8838,2026-06-10,NA,sn2026caul
Journal of Applied Genetics,NA,2190-3883,2026-06-10,NA,sn2026caul
Journal of Applied Mathematics and Computing,NA,1865-2085,2026-06-10,NA,sn2026caul
Journal of Applied Phycology,NA,1573-5176,2026-06-10,NA,sn2026caul
Journal of Applied Spectroscopy,NA,1573-8647,2026-06-10,NA,sn2026caul
Journal of Applied Youth Studies,NA,2204-9207,2026-06-10,NA,sn2026caul
Journal of Archaeological Method and Theory,NA,1573-7764,2026-06-10,NA,sn2026caul
Journal of Archaeological Research,NA,1573-7756,2026-06-10,NA,sn2026caul
Journal of Artificial Organs,NA,1619-0904,2026-06-10,NA,sn2026caul
Journal of Asset Management,NA,1479-179X,2026-06-10,NA,sn2026caul
Journal of Assisted Reproduction and Genetics,NA,1573-7330,2026-06-10,NA,sn2026caul
Journal of Atmospheric Chemistry,NA,1573-0662,2026-06-10,NA,sn2026caul
Journal of Autism and Developmental Disorders,NA,1573-3432,2026-06-10,NA,sn2026caul
Journal of Automated Reasoning,NA,1573-0670,2026-06-10,NA,sn2026caul
Journal of Banking and Financial Technology,NA,2524-7964,2026-06-10,NA,sn2026caul
Journal of Banking Regulation,NA,1750-2071,2026-06-10,NA,sn2026caul
Journal of Behavioral Education,NA,1573-3513,2026-06-10,NA,sn2026caul
Journal of Behavioral Medicine,NA,1573-3521,2026-06-10,NA,sn2026caul
Journal of Bio- and Tribo-Corrosion,NA,2198-4239,2026-06-10,NA,sn2026caul
Journal of Bioenergetics and Biomembranes,NA,1573-6881,2026-06-10,NA,sn2026caul
Journal of Bioethical Inquiry,NA,1872-4353,2026-06-10,NA,sn2026caul
Journal of Biological Physics,NA,1573-0689,2026-06-10,NA,sn2026caul
Journal of Biomolecular NMR,NA,1573-5001,2026-06-10,NA,sn2026caul
Journal of Bionic Engineering,NA,2543-2141,2026-06-10,NA,sn2026caul
Journal of Biosystems Engineering,NA,2234-1862,2026-06-10,NA,sn2026caul
Journal of Bone and Mineral Metabolism,NA,1435-5604,2026-06-10,NA,sn2026caul
Journal of Brand Management,NA,1479-1803,2026-06-10,NA,sn2026caul
Journal of Building Pathology and Rehabilitation,NA,2365-3167,2026-06-10,NA,sn2026caul
Journal of Business and Psychology,NA,1573-353X,2026-06-10,NA,sn2026caul
Journal of Business Cycle Research,NA,2509-7970,2026-06-10,NA,sn2026caul
Journal of Business Economics,NA,1861-8928,2026-06-10,NA,sn2026caul
Journal of Business Ethics,NA,1573-0697,2026-06-10,NA,sn2026caul
Journal of Cancer Education,NA,1543-0154,2026-06-10,NA,sn2026caul
Journal of Cancer Research and Clinical Oncology,NA,1432-1335,2026-06-10,NA,sn2026caul
Journal of Cancer Survivorship,NA,1932-2267,2026-06-10,NA,sn2026caul
Journal of Cardiovascular Translational Research,NA,1937-5395,2026-06-10,NA,sn2026caul
Journal of Central South University,NA,2227-5223,2026-06-10,NA,sn2026caul
Journal of Chemical Crystallography,NA,1572-8854,2026-06-10,NA,sn2026caul
Journal of Chemical Ecology,NA,1573-1561,2026-06-10,NA,sn2026caul
Journal of Child & Adolescent Trauma,NA,1936-153X,2026-06-10,NA,sn2026caul
Journal of Child and Family Studies,NA,1573-2843,2026-06-10,NA,sn2026caul
Journal of Chinese Political Science,NA,1874-6357,2026-06-10,NA,sn2026caul
Journal of Civil Structural Health Monitoring,NA,2190-5479,2026-06-10,NA,sn2026caul
Journal of Classification,NA,1432-1343,2026-06-10,NA,sn2026caul
Journal of Clinical Immunology,NA,1573-2592,2026-06-10,NA,sn2026caul
Journal of Clinical Monitoring and Computing,NA,1573-2614,2026-06-10,NA,sn2026caul
Journal of Clinical Psychology in Medical Settings,NA,1573-3572,2026-06-10,NA,sn2026caul
Journal of Clinical Sleep Medicine,NA,1550-9397,2026-06-10,NA,sn2026caul
Journal of Cluster Science,NA,1572-8862,2026-06-10,NA,sn2026caul
Journal of Coastal Conservation,NA,1874-7841,2026-06-10,NA,sn2026caul
Journal of Coatings Technology and Research,NA,1935-3804,2026-06-10,NA,sn2026caul
Journal of Cognitive Enhancement,NA,2509-3304,2026-06-10,NA,sn2026caul
Journal of Combinatorial Optimization,NA,1573-2886,2026-06-10,NA,sn2026caul
Journal of Community Genetics,NA,1868-6001,2026-06-10,NA,sn2026caul
Journal of Community Health,NA,1573-3610,2026-06-10,NA,sn2026caul
Journal of Comparative Physiology A,NA,1432-1351,2026-06-10,NA,sn2026caul
Journal of Comparative Physiology B,NA,1432-136X,2026-06-10,NA,sn2026caul
Journal of Computational Electronics,NA,1572-8137,2026-06-10,NA,sn2026caul
Journal of Computational Neuroscience,NA,1573-6873,2026-06-10,NA,sn2026caul
Journal of Computational Social Science,NA,2432-2725,2026-06-10,NA,sn2026caul
Journal of Computer Science and Technology,NA,1860-4749,2026-06-10,NA,sn2026caul
Journal of Computer Virology and Hacking Techniques,NA,2263-8733,2026-06-10,NA,sn2026caul
Journal of Computer-Aided Molecular Design,NA,1573-4951,2026-06-10,NA,sn2026caul
Journal of Computers in Education,NA,2197-9995,2026-06-10,NA,sn2026caul
Journal of Computing in Higher Education,NA,1867-1233,2026-06-10,NA,sn2026caul
Journal of Consumer Policy,NA,1573-0700,2026-06-10,NA,sn2026caul
Journal of Consumer Protection and Food Safety,NA,1661-5867,2026-06-10,NA,sn2026caul
Journal of Contemporary Psychotherapy,NA,1573-3564,2026-06-10,NA,sn2026caul
"Journal of Control, Automation and Electrical Systems",NA,2195-3899,2026-06-10,NA,sn2026caul
Journal of Crop Health,NA,2948-2658,2026-06-10,NA,sn2026caul
Journal of Crop Science and Biotechnology,NA,2005-8276,2026-06-10,NA,sn2026caul
Journal of Cross-Cultural Gerontology,NA,1573-0719,2026-06-10,NA,sn2026caul
Journal of Cryptographic Engineering,NA,2190-8516,2026-06-10,NA,sn2026caul
Journal of Cryptology,NA,1432-1378,2026-06-10,NA,sn2026caul
Journal of Cultural Cognitive Science,NA,2520-1018,2026-06-10,NA,sn2026caul
Journal of Cultural Economics,NA,1573-6997,2026-06-10,NA,sn2026caul
"Journal of Data, Information and Management",NA,2524-6364,2026-06-10,NA,sn2026caul
Journal of Developmental and Life-Course Criminology,NA,2199-465X,2026-06-10,NA,sn2026caul
Journal of Developmental and Physical Disabilities,NA,1573-3580,2026-06-10,NA,sn2026caul
Journal of Dharma Studies,NA,2522-0934,2026-06-10,NA,sn2026caul
Journal of Diabetes & Metabolic Disorders,NA,2251-6581,2026-06-10,NA,sn2026caul
Journal of Dynamic Behavior of Materials,NA,2199-7454,2026-06-10,NA,sn2026caul
Journal of Dynamical and Control Systems,NA,1573-8698,2026-06-10,NA,sn2026caul
Journal of Dynamics and Differential Equations,NA,1572-9222,2026-06-10,NA,sn2026caul
Journal of Earth Science,NA,1867-111X,2026-06-10,NA,sn2026caul
Journal of East Asian Linguistics,NA,1572-8560,2026-06-10,NA,sn2026caul
Journal of Echocardiography,NA,1880-344X,2026-06-10,NA,sn2026caul
Journal of Economic Growth,NA,1573-7020,2026-06-10,NA,sn2026caul
Journal of Economic Interaction and Coordination,NA,1860-7128,2026-06-10,NA,sn2026caul
Journal of Economics,NA,1617-7134,2026-06-10,NA,sn2026caul
Journal of Economics and Finance,NA,1938-9744,2026-06-10,NA,sn2026caul
"Journal of Economics, Race, and Policy",NA,2520-842X,2026-06-10,NA,sn2026caul
Journal of Educational Change,NA,1573-1812,2026-06-10,NA,sn2026caul
Journal of Elasticity,NA,1573-2681,2026-06-10,NA,sn2026caul
Journal of Electrical Engineering & Technology,NA,2093-7423,2026-06-10,NA,sn2026caul
Journal of Electroceramics,NA,1573-8663,2026-06-10,NA,sn2026caul
Journal of Electronic Materials,NA,1543-186X,2026-06-10,NA,sn2026caul
Journal of Electronic Testing,NA,1573-0727,2026-06-10,NA,sn2026caul
Journal of Elliptic and Parabolic Equations,NA,2296-9039,2026-06-10,NA,sn2026caul
Journal of Endocrinological Investigation,NA,1720-8386,2026-06-10,NA,sn2026caul
Journal of Engineering Mathematics,NA,1573-2703,2026-06-10,NA,sn2026caul
Journal of Engineering Physics and Thermophysics,NA,1573-871X,2026-06-10,NA,sn2026caul
Journal of Environmental Health Science and Engineering,NA,2052-336X,2026-06-10,NA,sn2026caul
Journal of Environmental Studies and Sciences,NA,2190-6491,2026-06-10,NA,sn2026caul
Journal of Ethology,NA,1439-5444,2026-06-10,NA,sn2026caul
Journal of Evolution Equations,NA,1424-3202,2026-06-10,NA,sn2026caul
Journal of Evolutionary Economics,NA,1432-1386,2026-06-10,NA,sn2026caul
Journal of Experimental Criminology,NA,1572-8315,2026-06-10,NA,sn2026caul
Journal of Exposure Science & Environmental Epidemiology,NA,1559-064X,2026-06-10,NA,sn2026caul
Journal of Failure Analysis and Prevention,NA,1864-1245,2026-06-10,NA,sn2026caul
Journal of Family and Economic Issues,NA,1573-3475,2026-06-10,NA,sn2026caul
Journal of Family Violence,NA,1573-2851,2026-06-10,NA,sn2026caul
Journal of Financial Services Marketing,NA,1479-1846,2026-06-10,NA,sn2026caul
Journal of Financial Services Research,NA,1573-0735,2026-06-10,NA,sn2026caul
Journal of Fixed Point Theory and Applications,NA,1661-7746,2026-06-10,NA,sn2026caul
Journal of Flow Chemistry,NA,2063-0212,2026-06-10,NA,sn2026caul
Journal of Fluorescence,NA,1573-4994,2026-06-10,NA,sn2026caul
Journal of Food Measurement and Characterization,NA,2193-4134,2026-06-10,NA,sn2026caul
Journal of Food Science and Technology,NA,0975-8402,2026-06-10,NA,sn2026caul
Journal of Forestry,NA,1938-3746,2026-06-10,NA,sn2026caul
Journal of Forestry Research,NA,1993-0607,2026-06-10,NA,sn2026caul
Journal of Formative Design in Learning,NA,2509-8039,2026-06-10,NA,sn2026caul
Journal of Fourier Analysis and Applications,NA,1531-5851,2026-06-10,NA,sn2026caul
Journal of Fusion Energy,NA,1572-9591,2026-06-10,NA,sn2026caul
Journal of Gambling Studies,NA,1573-3602,2026-06-10,NA,sn2026caul
Journal of Gastroenterology,NA,1435-5922,2026-06-10,NA,sn2026caul
Journal of Gastrointestinal Cancer,NA,1941-6636,2026-06-10,NA,sn2026caul
Journal of General Internal Medicine,NA,1525-1497,2026-06-10,NA,sn2026caul
Journal of General Plant Pathology,NA,1610-739X,2026-06-10,NA,sn2026caul
Journal of Geodesy,NA,1432-1394,2026-06-10,NA,sn2026caul
Journal of Geographical Sciences,NA,1861-9568,2026-06-10,NA,sn2026caul
Journal of Geographical Systems,NA,1435-5949,2026-06-10,NA,sn2026caul
Journal of Geometry,NA,1420-8997,2026-06-10,NA,sn2026caul
Journal of Geovisualization and Spatial Analysis,NA,2509-8829,2026-06-10,NA,sn2026caul
Journal of Global Entrepreneurship Research,NA,2251-7316,2026-06-10,NA,sn2026caul
Journal of Global Optimization,NA,1573-2916,2026-06-10,NA,sn2026caul
Journal of Grid Computing,NA,1572-9184,2026-06-10,NA,sn2026caul
Journal of Happiness Studies,NA,1573-7780,2026-06-10,NA,sn2026caul
Journal of Hardware and Systems Security,NA,2509-3436,2026-06-10,NA,sn2026caul
Journal of Health Service Psychology,NA,2662-2653,2026-06-10,NA,sn2026caul
Journal of Healthcare Informatics Research,NA,2509-498X,2026-06-10,NA,sn2026caul
Journal of Hematopathology,NA,1865-5785,2026-06-10,NA,sn2026caul
Journal of Heuristics,NA,1572-9397,2026-06-10,NA,sn2026caul
Journal of Homotopy and Related Structures,NA,1512-2891,2026-06-10,NA,sn2026caul
Journal of Housing and the Built Environment,NA,1573-7772,2026-06-10,NA,sn2026caul
Journal of Human Genetics,NA,1435-232X,2026-06-10,NA,sn2026caul
Journal of Human Hypertension,NA,1476-5527,2026-06-10,NA,sn2026caul
Journal of Human Rights and Social Work,NA,2365-1792,2026-06-10,NA,sn2026caul
Journal of Hydrodynamics,NA,1878-0342,2026-06-10,NA,sn2026caul
Journal of Iberian Geology,NA,1886-7995,2026-06-10,NA,sn2026caul
Journal of Imaging Informatics in Medicine,NA,2948-2933,2026-06-10,NA,sn2026caul
Journal of Immigrant and Minority Health,NA,1557-1920,2026-06-10,NA,sn2026caul
Journal of Inclusion Phenomena and Macrocyclic Chemistry,NA,1573-1111,2026-06-10,NA,sn2026caul
Journal of Indian Council of Philosophical Research,NA,2363-9962,2026-06-10,NA,sn2026caul
Journal of Indian Philosophy,NA,1573-0395,2026-06-10,NA,sn2026caul
Journal of Industrial and Business Economics,NA,1972-4977,2026-06-10,NA,sn2026caul
Journal of Industrial Ecology,NA,1530-9290,2026-06-10,NA,sn2026caul
"Journal of Industry, Competition and Trade",NA,1573-7012,2026-06-10,NA,sn2026caul
"Journal of Infrared, Millimeter, and Terahertz Waves",NA,1866-6906,2026-06-10,NA,sn2026caul
Journal of Inorganic and Organometallic Polymers and Materials,NA,1574-1451,2026-06-10,NA,sn2026caul
Journal of Insect Behavior,NA,1572-8889,2026-06-10,NA,sn2026caul
Journal of Insect Conservation,NA,1572-9753,2026-06-10,NA,sn2026caul
Journal of Intelligent & Robotic Systems,NA,1573-0409,2026-06-10,NA,sn2026caul
Journal of Intelligent Information Systems,NA,1573-7675,2026-06-10,NA,sn2026caul
Journal of Intelligent Manufacturing,NA,1572-8145,2026-06-10,NA,sn2026caul
Journal of International Business Policy,NA,2522-0705,2026-06-10,NA,sn2026caul
Journal of International Business Studies,NA,1478-6990,2026-06-10,NA,sn2026caul
Journal of International Entrepreneurship,NA,1573-7349,2026-06-10,NA,sn2026caul
Journal of International Migration and Integration,NA,1874-6365,2026-06-10,NA,sn2026caul
Journal of International Relations and Development,NA,1581-1980,2026-06-10,NA,sn2026caul
Journal of Interventional Cardiac Electrophysiology,NA,1572-8595,2026-06-10,NA,sn2026caul
Journal of Iron and Steel Research International,NA,2210-3988,2026-06-10,NA,sn2026caul
Journal of Labor Research,NA,1936-4768,2026-06-10,NA,sn2026caul
"Journal of Logic, Language and Information",NA,1572-9583,2026-06-10,NA,sn2026caul
Journal of Low Temperature Physics,NA,1573-7357,2026-06-10,NA,sn2026caul
Journal of Mammalian Evolution,NA,1573-7055,2026-06-10,NA,sn2026caul
Journal of Mammary Gland Biology and Neoplasia,NA,1573-7039,2026-06-10,NA,sn2026caul
Journal of Management and Governance,NA,1572-963X,2026-06-10,NA,sn2026caul
Journal of Management Control,NA,2191-477X,2026-06-10,NA,sn2026caul
Journal of Marine Science and Application,NA,1993-5048,2026-06-10,NA,sn2026caul
Journal of Marine Science and Technology,NA,1437-8213,2026-06-10,NA,sn2026caul
Journal of Maritime Archaeology,NA,1557-2293,2026-06-10,NA,sn2026caul
Journal of Marketing Analytics,NA,2050-3326,2026-06-10,NA,sn2026caul
Journal of Material Cycles and Waste Management,NA,1611-8227,2026-06-10,NA,sn2026caul
Journal of Materials Engineering and Performance,NA,1544-1024,2026-06-10,NA,sn2026caul
Journal of Materials Research,NA,2044-5326,2026-06-10,NA,sn2026caul
Journal of Materials Science,NA,1573-4803,2026-06-10,NA,sn2026caul
Journal of Materials Science: Materials in Electronics,NA,1573-482X,2026-06-10,NA,sn2026caul
Journal of Mathematical Biology,NA,1432-1416,2026-06-10,NA,sn2026caul
Journal of Mathematical Chemistry,NA,1572-8897,2026-06-10,NA,sn2026caul
Journal of Mathematical Fluid Mechanics,NA,1422-6952,2026-06-10,NA,sn2026caul
Journal of Mathematical Imaging and Vision,NA,1573-7683,2026-06-10,NA,sn2026caul
Journal of Mathematical Sciences,NA,1573-8795,2026-06-10,NA,sn2026caul
Journal of Mathematics Teacher Education,NA,1573-1820,2026-06-10,NA,sn2026caul
Journal of Maxillofacial and Oral Surgery,NA,0974-942X,2026-06-10,NA,sn2026caul
Journal of Medical and Biological Engineering,NA,2199-4757,2026-06-10,NA,sn2026caul
Journal of Medical Humanities,NA,1573-3645,2026-06-10,NA,sn2026caul
Journal of Medical Systems,NA,1573-689X,2026-06-10,NA,sn2026caul
Journal of Medical Toxicology,NA,1937-6995,2026-06-10,NA,sn2026caul
Journal of Medical Ultrasonics,NA,1613-2254,2026-06-10,NA,sn2026caul
Journal of Membrane Computing,NA,2523-8914,2026-06-10,NA,sn2026caul
Journal of Meteorological Research,NA,2198-0934,2026-06-10,NA,sn2026caul
Journal of Micro and Bio Robotics,NA,2194-6426,2026-06-10,NA,sn2026caul
Journal of Molecular Evolution,NA,1432-1432,2026-06-10,NA,sn2026caul
Journal of Molecular Histology,NA,1567-2387,2026-06-10,NA,sn2026caul
Journal of Molecular Medicine,NA,1432-1440,2026-06-10,NA,sn2026caul
Journal of Molecular Modeling,NA,0948-5023,2026-06-10,NA,sn2026caul
Journal of Molecular Neuroscience,NA,1559-1166,2026-06-10,NA,sn2026caul
Journal of Mountain Science,NA,1993-0321,2026-06-10,NA,sn2026caul
Journal of Muscle Research and Cell Motility,NA,1573-2657,2026-06-10,NA,sn2026caul
Journal of Nanoparticle Research,NA,1572-896X,2026-06-10,NA,sn2026caul
Journal of Natural Medicines,NA,1861-0293,2026-06-10,NA,sn2026caul
Journal of Network and Systems Management,NA,1573-7705,2026-06-10,NA,sn2026caul
Journal of Neural Transmission,NA,1435-1463,2026-06-10,NA,sn2026caul
Journal of Neuroimmune Pharmacology,NA,1557-1904,2026-06-10,NA,sn2026caul
Journal of Neurology,NA,1432-1459,2026-06-10,NA,sn2026caul
Journal of Neuro-Oncology,NA,1573-7373,2026-06-10,NA,sn2026caul
Journal of NeuroVirology,NA,1538-2443,2026-06-10,NA,sn2026caul
Journal of Nondestructive Evaluation,NA,1573-4862,2026-06-10,NA,sn2026caul
Journal of Nonlinear Science,NA,1432-1467,2026-06-10,NA,sn2026caul
Journal of Nonverbal Behavior,NA,1573-3653,2026-06-10,NA,sn2026caul
Journal of Occupational Rehabilitation,NA,1573-3688,2026-06-10,NA,sn2026caul
Journal of Ocean Engineering and Marine Energy,NA,2198-6452,2026-06-10,NA,sn2026caul
Journal of Ocean University of China,NA,1993-5021,2026-06-10,NA,sn2026caul
Journal of Oceanography,NA,1573-868X,2026-06-10,NA,sn2026caul
Journal of Oceanology and Limnology,NA,2523-3521,2026-06-10,NA,sn2026caul
Journal of Optics,NA,0974-6900,2026-06-10,NA,sn2026caul
Journal of Optimization Theory and Applications,NA,1573-2878,2026-06-10,NA,sn2026caul
Journal of Organization Design,NA,2245-408X,2026-06-10,NA,sn2026caul
Journal of Ornithology,NA,2193-7206,2026-06-10,NA,sn2026caul
Journal of Orofacial Orthopedics / Fortschritte der Kieferorthopädie,NA,1615-6714,2026-06-10,NA,sn2026caul
Journal of Outdoor and Environmental Education,NA,2522-879X,2026-06-10,NA,sn2026caul
Journal of Packaging Technology and Research,NA,2520-1042,2026-06-10,NA,sn2026caul
Journal of Paleolimnology,NA,1573-0417,2026-06-10,NA,sn2026caul
Journal of Paleolithic Archaeology,NA,2520-8217,2026-06-10,NA,sn2026caul
Journal of Parasitic Diseases,NA,0975-0703,2026-06-10,NA,sn2026caul
Journal of Pediatric Endoscopic Surgery,NA,2524-7883,2026-06-10,NA,sn2026caul
Journal of Peridynamics and Nonlocal Modeling,NA,2522-8978,2026-06-10,NA,sn2026caul
Journal of Perinatology,NA,1476-5543,2026-06-10,NA,sn2026caul
Journal of Pest Science,NA,1612-4766,2026-06-10,NA,sn2026caul
Journal of Pharmaceutical Innovation,NA,1939-8042,2026-06-10,NA,sn2026caul
Journal of Pharmaceutical Investigation,NA,2093-6214,2026-06-10,NA,sn2026caul
Journal of Pharmacokinetics and Pharmacodynamics,NA,1573-8744,2026-06-10,NA,sn2026caul
Journal of Phase Equilibria and Diffusion,NA,1863-7345,2026-06-10,NA,sn2026caul
Journal of Philosophical Logic,NA,1573-0433,2026-06-10,NA,sn2026caul
Journal of Physiology and Biochemistry,NA,1877-8755,2026-06-10,NA,sn2026caul
Journal of Plant Biochemistry and Biotechnology,NA,0974-1275,2026-06-10,NA,sn2026caul
Journal of Plant Biology,NA,1867-0725,2026-06-10,NA,sn2026caul
Journal of Plant Diseases and Protection,NA,1861-3837,2026-06-10,NA,sn2026caul
Journal of Plant Growth Regulation,NA,1435-8107,2026-06-10,NA,sn2026caul
Journal of Plant Pathology,NA,2239-7264,2026-06-10,NA,sn2026caul
Journal of Plant Research,NA,1618-0860,2026-06-10,NA,sn2026caul
Journal of Police and Criminal Psychology,NA,1936-6469,2026-06-10,NA,sn2026caul
Journal of Policy Practice and Research,NA,2662-1517,2026-06-10,NA,sn2026caul
Journal of Polymer Research,NA,1572-8935,2026-06-10,NA,sn2026caul
Journal of Polymers and the Environment,NA,1572-8919,2026-06-10,NA,sn2026caul
Journal of Population Ageing,NA,1874-7876,2026-06-10,NA,sn2026caul
Journal of Population Economics,NA,1432-1475,2026-06-10,NA,sn2026caul
Journal of Population Research,NA,1835-9469,2026-06-10,NA,sn2026caul
Journal of Porous Materials,NA,1573-4854,2026-06-10,NA,sn2026caul
Journal of Power Electronics,NA,2093-4718,2026-06-10,NA,sn2026caul
Journal of Prevention,NA,2731-5541,2026-06-10,NA,sn2026caul
Journal of Productivity Analysis,NA,1573-0441,2026-06-10,NA,sn2026caul
Journal of Proteins and Proteomics,NA,2524-4663,2026-06-10,NA,sn2026caul
Journal of Pseudo-Differential Operators and Applications,NA,1662-999X,2026-06-10,NA,sn2026caul
Journal of Psycholinguistic Research,NA,1573-6555,2026-06-10,NA,sn2026caul
Journal of Psychopathology and Behavioral Assessment,NA,1573-3505,2026-06-10,NA,sn2026caul
Journal of Psychosocial Rehabilitation and Mental Health,NA,2198-963X,2026-06-10,NA,sn2026caul
Journal of Public Health,NA,1613-2238,2026-06-10,NA,sn2026caul
Journal of Public Health Policy,NA,1745-655X,2026-06-10,NA,sn2026caul
Journal of Quantitative Criminology,NA,1573-7799,2026-06-10,NA,sn2026caul
Journal of Quantitative Economics,NA,2364-1045,2026-06-10,NA,sn2026caul
Journal of Racial and Ethnic Health Disparities,NA,2196-8837,2026-06-10,NA,sn2026caul
Journal of Radioanalytical and Nuclear Chemistry,NA,1588-2780,2026-06-10,NA,sn2026caul
Journal of Rational-Emotive & Cognitive-Behavior Therapy,NA,1573-6563,2026-06-10,NA,sn2026caul
Journal of Real-Time Image Processing,NA,1861-8219,2026-06-10,NA,sn2026caul
Journal of Regulatory Economics,NA,1573-0468,2026-06-10,NA,sn2026caul
Journal of Reliable Intelligent Environments,NA,2199-4676,2026-06-10,NA,sn2026caul
Journal of Religion and Health,NA,1573-6571,2026-06-10,NA,sn2026caul
Journal of Religious Education,NA,2199-4625,2026-06-10,NA,sn2026caul
Journal of Remanufacturing,NA,2210-4690,2026-06-10,NA,sn2026caul
Journal of Revenue and Pricing Management,NA,1477-657X,2026-06-10,NA,sn2026caul
Journal of Risk and Uncertainty,NA,1573-0476,2026-06-10,NA,sn2026caul
Journal of Robotic Surgery,NA,1863-2491,2026-06-10,NA,sn2026caul
Journal of Rubber Research,NA,2524-3993,2026-06-10,NA,sn2026caul
Journal of Russian Laser Research,NA,1573-8760,2026-06-10,NA,sn2026caul
Journal of Scheduling,NA,1099-1425,2026-06-10,NA,sn2026caul
Journal of Science Education and Technology,NA,1573-1839,2026-06-10,NA,sn2026caul
Journal of Science in Sport and Exercise,NA,2662-1371,2026-06-10,NA,sn2026caul
Journal of Scientific Computing,NA,1573-7691,2026-06-10,NA,sn2026caul
Journal of Sedimentary Environments,NA,2447-9462,2026-06-10,NA,sn2026caul
Journal of Seismology,NA,1573-157X,2026-06-10,NA,sn2026caul
Journal of Shanghai Jiaotong University (Science),NA,1995-8188,2026-06-10,NA,sn2026caul
Journal of Signal Processing Systems,NA,1939-8115,2026-06-10,NA,sn2026caul
Journal of Social and Economic Development,NA,2199-6873,2026-06-10,NA,sn2026caul
Journal of Soil Science and Plant Nutrition,NA,0718-9516,2026-06-10,NA,sn2026caul
Journal of Soils and Sediments,NA,1614-7480,2026-06-10,NA,sn2026caul
Journal of Sol-Gel Science and Technology,NA,1573-4846,2026-06-10,NA,sn2026caul
Journal of Solid State Electrochemistry,NA,1433-0768,2026-06-10,NA,sn2026caul
Journal of Solution Chemistry,NA,1572-8927,2026-06-10,NA,sn2026caul
Journal of Statistical Physics,NA,1572-9613,2026-06-10,NA,sn2026caul
Journal of Statistical Theory and Practice,NA,1559-8616,2026-06-10,NA,sn2026caul
Journal of Superconductivity and Novel Magnetism,NA,1557-1947,2026-06-10,NA,sn2026caul
Journal of Sustainable Metallurgy,NA,2199-3831,2026-06-10,NA,sn2026caul
Journal of Systems Science and Complexity,NA,1559-7067,2026-06-10,NA,sn2026caul
Journal of Systems Science and Systems Engineering,NA,1861-9576,2026-06-10,NA,sn2026caul
Journal of Technology in Behavioral Science,NA,2366-5963,2026-06-10,NA,sn2026caul
Journal of the Academy of Marketing Science,NA,1552-7824,2026-06-10,NA,sn2026caul
Journal of the Association for Research in Otolaryngology,NA,1438-7573,2026-06-10,NA,sn2026caul
Journal of the Australian Ceramic Society,NA,2510-1579,2026-06-10,NA,sn2026caul
Journal of the Brazilian Society of Mechanical Sciences and Engineering,NA,1806-3691,2026-06-10,NA,sn2026caul
Journal of the History of Biology,NA,1573-0387,2026-06-10,NA,sn2026caul
Journal of the Indian Academy of Wood Science,NA,0976-8432,2026-06-10,NA,sn2026caul
Journal of the Indian Institute of Science,NA,0019-4964,2026-06-10,NA,sn2026caul
Journal of the Indian Society for Probability and Statistics,NA,2364-9569,2026-06-10,NA,sn2026caul
Journal of the Indian Society of Remote Sensing,NA,0974-3006,2026-06-10,NA,sn2026caul
Journal of The Institution of Engineers (India): Series A,NA,2250-2157,2026-06-10,NA,sn2026caul
Journal of The Institution of Engineers (India): Series B,NA,2250-2114,2026-06-10,NA,sn2026caul
Journal of The Institution of Engineers (India): Series C,NA,2250-0553,2026-06-10,NA,sn2026caul
Journal of The Institution of Engineers (India): Series D,NA,2250-2130,2026-06-10,NA,sn2026caul
Journal of The Institution of Engineers (India): Series E,NA,2250-2491,2026-06-10,NA,sn2026caul
Journal of the Iranian Chemical Society,NA,1735-2428,2026-06-10,NA,sn2026caul
Journal of the Knowledge Economy,NA,1868-7873,2026-06-10,NA,sn2026caul
Journal of the Korean Ceramic Society,NA,2234-0491,2026-06-10,NA,sn2026caul
Journal of the Korean Physical Society,NA,1976-8524,2026-06-10,NA,sn2026caul
Journal of the Korean Statistical Society,NA,2005-2863,2026-06-10,NA,sn2026caul
Journal of the Operations Research Society of China,NA,2194-6698,2026-06-10,NA,sn2026caul
Journal of Theoretical Probability,NA,1572-9230,2026-06-10,NA,sn2026caul
Journal of Thermal Analysis and Calorimetry,NA,1588-2926,2026-06-10,NA,sn2026caul
Journal of Thermal Science,NA,1993-033X,2026-06-10,NA,sn2026caul
Journal of Thermal Spray Technology,NA,1544-1016,2026-06-10,NA,sn2026caul
Journal of Thrombosis and Thrombolysis,NA,1573-742X,2026-06-10,NA,sn2026caul
Journal of Transatlantic Studies,NA,1754-1018,2026-06-10,NA,sn2026caul
Journal of Transformative Technologies and Sustainable Development,NA,3059-3336,2026-06-10,NA,sn2026caul
Journal of Transportation Security,NA,1938-775X,2026-06-10,NA,sn2026caul
Journal of Ultrasound,NA,1876-7931,2026-06-10,NA,sn2026caul
Journal of Urban Health,NA,1468-2869,2026-06-10,NA,sn2026caul
Journal of Vibration Engineering & Technologies,NA,2523-3939,2026-06-10,NA,sn2026caul
Journal of Visualization,NA,1875-8975,2026-06-10,NA,sn2026caul
Journal of Wuhan University of Technology-Mater. Sci. Ed.,NA,1993-0437,2026-06-10,NA,sn2026caul
Journal of Youth and Adolescence,NA,1573-6601,2026-06-10,NA,sn2026caul
Journal of Zhejiang University-SCIENCE A,NA,1862-1775,2026-06-10,NA,sn2026caul
Journal of Zhejiang University-SCIENCE B,NA,1862-1783,2026-06-10,NA,sn2026caul
Journal on Multimodal User Interfaces,NA,1783-8738,2026-06-10,NA,sn2026caul
JPC ? Journal of Planar Chromatography ? Modern TLC,NA,1789-0993,2026-06-10,NA,sn2026caul
Jus Cogens,NA,2524-3985,2026-06-10,NA,sn2026caul
Kew Bulletin,NA,1874-933X,2026-06-10,NA,sn2026caul
KI - Künstliche Intelligenz,NA,1610-1987,2026-06-10,NA,sn2026caul
KN - Journal of Cartography and Geographic Information,NA,2524-4965,2026-06-10,NA,sn2026caul
Knie Journal,NA,2662-4036,2026-06-10,NA,sn2026caul
Knowledge and Information Systems,NA,0219-3116,2026-06-10,NA,sn2026caul
Korea-Australia Rheology Journal,NA,2093-7660,2026-06-10,NA,sn2026caul
Korean Journal of Chemical Engineering,NA,1975-7220,2026-06-10,NA,sn2026caul
KZfSS Kölner Zeitschrift für Soziologie und Sozialpsychologie,NA,1861-891X,2026-06-10,NA,sn2026caul
La Matematica,NA,2730-9657,2026-06-10,NA,sn2026caul
La radiologia medica,NA,1826-6983,2026-06-10,NA,sn2026caul
La Rivista del Nuovo Cimento,NA,1826-9850,2026-06-10,NA,sn2026caul
Lab Animal,NA,1548-4475,2026-06-10,NA,sn2026caul
Landscape and Ecological Engineering,NA,1860-188X,2026-06-10,NA,sn2026caul
Landscape Ecology,NA,1572-9761,2026-06-10,NA,sn2026caul
Landslides,NA,1612-5118,2026-06-10,NA,sn2026caul
Langenbeck's Archives of Surgery,NA,1435-2451,2026-06-10,NA,sn2026caul
Language Policy,NA,1573-1863,2026-06-10,NA,sn2026caul
Language Resources and Evaluation,NA,1574-0218,2026-06-10,NA,sn2026caul
Lasers in Dental Science,NA,2367-2587,2026-06-10,NA,sn2026caul
Lasers in Manufacturing and Materials Processing,NA,2196-7237,2026-06-10,NA,sn2026caul
Lasers in Medical Science,NA,1435-604X,2026-06-10,NA,sn2026caul
Latino Studies,NA,1476-3443,2026-06-10,NA,sn2026caul
Law and Critique,NA,1572-8617,2026-06-10,NA,sn2026caul
Law and Philosophy,NA,1573-0522,2026-06-10,NA,sn2026caul
Learning & Behavior,NA,1543-4508,2026-06-10,NA,sn2026caul
Learning Environments Research,NA,1573-1855,2026-06-10,NA,sn2026caul
L'Endocrinologo,NA,1720-8351,2026-06-10,NA,sn2026caul
Letters in Mathematical Physics,NA,1573-0530,2026-06-10,NA,sn2026caul
Letters in Spatial and Resource Sciences,NA,1864-404X,2026-06-10,NA,sn2026caul
Leukemia,NA,1476-5551,2026-06-10,NA,sn2026caul
Life Cycle Reliability and Safety Engineering,NA,2520-1360,2026-06-10,NA,sn2026caul
Lifetime Data Analysis,NA,1572-9249,2026-06-10,NA,sn2026caul
Limnology,NA,1439-863X,2026-06-10,NA,sn2026caul
Linguistics and Philosophy,NA,1573-0549,2026-06-10,NA,sn2026caul
Lithuanian Mathematical Journal,NA,1573-8825,2026-06-10,NA,sn2026caul
Liverpool Law Review,NA,1572-8625,2026-06-10,NA,sn2026caul
Logica Universalis,NA,1661-8300,2026-06-10,NA,sn2026caul
Lung,NA,1432-1750,2026-06-10,NA,sn2026caul
Machine Intelligence Research,NA,2731-5398,2026-06-10,NA,sn2026caul
Machine Learning,NA,1573-0565,2026-06-10,NA,sn2026caul
Machine Learning for Computational Science and Engineering,NA,3005-1436,2026-06-10,NA,sn2026caul
Machine Vision and Applications,NA,1432-1769,2026-06-10,NA,sn2026caul
Macromolecular Research,NA,2092-7673,2026-06-10,NA,sn2026caul
"Magnetic Resonance Materials in Physics, Biology and Medicine",NA,1352-8661,2026-06-10,NA,sn2026caul
Mammal Research,NA,2199-241X,2026-06-10,NA,sn2026caul
Mammalian Biology,NA,1618-1476,2026-06-10,NA,sn2026caul
Mammalian Genome,NA,1432-1777,2026-06-10,NA,sn2026caul
Management International Review,NA,1861-8901,2026-06-10,NA,sn2026caul
Management Review Quarterly,NA,2198-1639,2026-06-10,NA,sn2026caul
Manuelle Medizin,NA,1433-0466,2026-06-10,NA,sn2026caul
manuscripta mathematica,NA,1432-1785,2026-06-10,NA,sn2026caul
MAPAN,NA,0974-9853,2026-06-10,NA,sn2026caul
Marine Biodiversity,NA,1867-1624,2026-06-10,NA,sn2026caul
Marine Biology,NA,1432-1793,2026-06-10,NA,sn2026caul
Marine Biotechnology,NA,1436-2236,2026-06-10,NA,sn2026caul
Marine Geophysical Research,NA,1573-0581,2026-06-10,NA,sn2026caul
Marine Life Science & Technology,NA,2662-1746,2026-06-10,NA,sn2026caul
Marine Systems & Ocean Technology,NA,2199-4749,2026-06-10,NA,sn2026caul
Maritime Economics & Logistics,NA,1479-294X,2026-06-10,NA,sn2026caul
Maritime Studies,NA,2212-9790,2026-06-10,NA,sn2026caul
Marketing Letters,NA,1573-059X,2026-06-10,NA,sn2026caul
Matemática Contemporânea,NA,2317-6636,2026-06-10,NA,sn2026caul
Materials and Structures,NA,1871-6873,2026-06-10,NA,sn2026caul
Materials Circular Economy,NA,2524-8154,2026-06-10,NA,sn2026caul
Materials Science,NA,1573-885X,2026-06-10,NA,sn2026caul
Maternal and Child Health Journal,NA,1573-6628,2026-06-10,NA,sn2026caul
Mathematical Foundations of Machine Learning,NA,3059-3492,2026-06-10,NA,sn2026caul
Mathematical Geosciences,NA,1874-8953,2026-06-10,NA,sn2026caul
Mathematical Methods of Operations Research,NA,1432-5217,2026-06-10,NA,sn2026caul
"Mathematical Physics, Analysis and Geometry",NA,1572-9656,2026-06-10,NA,sn2026caul
Mathematical Programming,NA,1436-4646,2026-06-10,NA,sn2026caul
Mathematical Programming Computation,NA,1867-2957,2026-06-10,NA,sn2026caul
Mathematics and Financial Economics,NA,1862-9660,2026-06-10,NA,sn2026caul
Mathematics Education Research Journal,NA,2211-050X,2026-06-10,NA,sn2026caul
Mathematics in Computer Science,NA,1661-8289,2026-06-10,NA,sn2026caul
"Mathematics of Control, Signals, and Systems",NA,1435-568X,2026-06-10,NA,sn2026caul
Mathematische Annalen,NA,1432-1807,2026-06-10,NA,sn2026caul
Mathematische Semesterberichte,NA,1432-1815,2026-06-10,NA,sn2026caul
Mathematische Zeitschrift,NA,1432-1823,2026-06-10,NA,sn2026caul
Meccanica,NA,1572-9648,2026-06-10,NA,sn2026caul
Mechanics of Soft Materials,NA,2524-5619,2026-06-10,NA,sn2026caul
Mechanics of Time-Dependent Materials,NA,1573-2738,2026-06-10,NA,sn2026caul
Medical & Biological Engineering & Computing,NA,1741-0444,2026-06-10,NA,sn2026caul
Medical Microbiology and Immunology,NA,1432-1831,2026-06-10,NA,sn2026caul
Medical Molecular Morphology,NA,1860-1499,2026-06-10,NA,sn2026caul
Medical Oncology,NA,1559-131X,2026-06-10,NA,sn2026caul
Medical Science Educator,NA,2156-8650,2026-06-10,NA,sn2026caul
Medicinal Chemistry Research,NA,1554-8120,2026-06-10,NA,sn2026caul
"Medicine, Health Care and Philosophy",NA,1572-8633,2026-06-10,NA,sn2026caul
Mediterranean Geoscience Reviews,NA,2661-8648,2026-06-10,NA,sn2026caul
Mediterranean Journal of Mathematics,NA,1660-5454,2026-06-10,NA,sn2026caul
Medizinische Klinik - Intensivmedizin und Notfallmedizin,NA,2193-6226,2026-06-10,NA,sn2026caul
Medizinrecht,NA,1433-8629,2026-06-10,NA,sn2026caul
MedScience,NA,3091-4981,2026-06-10,NA,sn2026caul
Memetic Computing,NA,1865-9292,2026-06-10,NA,sn2026caul
memo - Magazine of European Medical Oncology,NA,1865-5076,2026-06-10,NA,sn2026caul
Memory & Cognition,NA,1532-5946,2026-06-10,NA,sn2026caul
Metabolic Brain Disease,NA,1573-7365,2026-06-10,NA,sn2026caul
Metabolomics,NA,1573-3890,2026-06-10,NA,sn2026caul
Metacognition and Learning,NA,1556-1631,2026-06-10,NA,sn2026caul
"Metallography, Microstructure, and Analysis",NA,2192-9270,2026-06-10,NA,sn2026caul
Metallurgical and Materials Transactions A,NA,1543-1940,2026-06-10,NA,sn2026caul
Metallurgical and Materials Transactions B,NA,1543-1916,2026-06-10,NA,sn2026caul
Metals and Materials International,NA,2005-4149,2026-06-10,NA,sn2026caul
Metascience,NA,1467-9981,2026-06-10,NA,sn2026caul
Meteorology and Atmospheric Physics,NA,1436-5065,2026-06-10,NA,sn2026caul
Methodology and Computing in Applied Probability,NA,1573-7713,2026-06-10,NA,sn2026caul
Metrika,NA,1435-926X,2026-06-10,NA,sn2026caul
METRON,NA,2281-695X,2026-06-10,NA,sn2026caul
Microbial Ecology,NA,1432-184X,2026-06-10,NA,sn2026caul
Microchimica Acta,NA,1436-5073,2026-06-10,NA,sn2026caul
Microfluidics and Nanofluidics,NA,1613-4990,2026-06-10,NA,sn2026caul
Microgravity Science and Technology,NA,1875-0494,2026-06-10,NA,sn2026caul
Microsystem Technologies,NA,1432-1858,2026-06-10,NA,sn2026caul
Milan Journal of Mathematics,NA,1424-9294,2026-06-10,NA,sn2026caul
Mindfulness,NA,1868-8535,2026-06-10,NA,sn2026caul
Minds and Machines,NA,1572-8641,2026-06-10,NA,sn2026caul
Mine Water and the Environment,NA,1616-1068,2026-06-10,NA,sn2026caul
Mineral Economics,NA,2191-2211,2026-06-10,NA,sn2026caul
Mineralium Deposita,NA,1432-1866,2026-06-10,NA,sn2026caul
Mineralogy and Petrology,NA,1438-1168,2026-06-10,NA,sn2026caul
Minerva,NA,1573-1871,2026-06-10,NA,sn2026caul
"Mining, Metallurgy & Exploration",NA,2524-3470,2026-06-10,NA,sn2026caul
Mitigation and Adaptation Strategies for Global Change,NA,1573-1596,2026-06-10,NA,sn2026caul
Mobile Networks and Applications,NA,1572-8153,2026-06-10,NA,sn2026caul
Modeling Earth Systems and Environment,NA,2363-6211,2026-06-10,NA,sn2026caul
Molecular & Cellular Toxicology,NA,2092-8467,2026-06-10,NA,sn2026caul
Molecular and Cellular Biochemistry,NA,1573-4919,2026-06-10,NA,sn2026caul
Molecular Biology Reports,NA,1573-4978,2026-06-10,NA,sn2026caul
Molecular Biotechnology,NA,1559-0305,2026-06-10,NA,sn2026caul
Molecular Breeding,NA,1572-9788,2026-06-10,NA,sn2026caul
Molecular Diagnosis & Therapy,NA,1179-2000,2026-06-10,NA,sn2026caul
Molecular Diversity,NA,1573-501X,2026-06-10,NA,sn2026caul
Molecular Genetics and Genomics,NA,1617-4623,2026-06-10,NA,sn2026caul
Molecular Imaging and Biology,NA,1860-2002,2026-06-10,NA,sn2026caul
Molecular Neurobiology,NA,1559-1182,2026-06-10,NA,sn2026caul
Molecular Psychiatry,NA,1476-5578,2026-06-10,NA,sn2026caul
Monash Bioethics Review,NA,1836-6716,2026-06-10,NA,sn2026caul
Monatshefte für Chemie - Chemical Monthly,NA,1434-4475,2026-06-10,NA,sn2026caul
Monatshefte für Mathematik,NA,1436-5081,2026-06-10,NA,sn2026caul
Monatsschrift Kinderheilkunde,NA,1433-0474,2026-06-10,NA,sn2026caul
Morphology,NA,1871-5656,2026-06-10,NA,sn2026caul
Motivation and Emotion,NA,1573-6644,2026-06-10,NA,sn2026caul
MRS Advances,NA,2059-8521,2026-06-10,NA,sn2026caul
MRS Bulletin,NA,1938-1425,2026-06-10,NA,sn2026caul
MRS Communications,NA,2159-6867,2026-06-10,NA,sn2026caul
MRS Energy & Sustainability,NA,2329-2237,2026-06-10,NA,sn2026caul
Multibody System Dynamics,NA,1573-272X,2026-06-10,NA,sn2026caul
Multidimensional Systems and Signal Processing,NA,1573-0824,2026-06-10,NA,sn2026caul
Multimedia Systems,NA,1432-1882,2026-06-10,NA,sn2026caul
Multimedia Tools and Applications,NA,1573-7721,2026-06-10,NA,sn2026caul
"Multiscale and Multidisciplinary Modeling, Experiments and Design",NA,2520-8179,2026-06-10,NA,sn2026caul
Multiscale Science and Engineering,NA,2524-4523,2026-06-10,NA,sn2026caul
MUSCULOSKELETAL SURGERY,NA,2035-5114,2026-06-10,NA,sn2026caul
Mycological Progress,NA,1861-8952,2026-06-10,NA,sn2026caul
Mycopathologia,NA,1573-0832,2026-06-10,NA,sn2026caul
Mycorrhiza,NA,1432-1890,2026-06-10,NA,sn2026caul
Mycotoxin Research,NA,1867-1632,2026-06-10,NA,sn2026caul
Nanotechnology for Environmental Engineering,NA,2365-6387,2026-06-10,NA,sn2026caul
National Academy Science Letters,NA,2250-1754,2026-06-10,NA,sn2026caul
Natur und Recht,NA,1439-0515,2026-06-10,NA,sn2026caul
Natural Computing,NA,1572-9796,2026-06-10,NA,sn2026caul
Natural Hazards,NA,1573-0840,2026-06-10,NA,sn2026caul
Natural Language & Linguistic Theory,NA,1573-0859,2026-06-10,NA,sn2026caul
Natural Language Semantics,NA,1572-865X,2026-06-10,NA,sn2026caul
Natural Resources Research,NA,1573-8981,2026-06-10,NA,sn2026caul
Naunyn-Schmiedeberg's Archives of Pharmacology,NA,1432-1912,2026-06-10,NA,sn2026caul
Neohelicon,NA,1588-2810,2026-06-10,NA,sn2026caul
Neophilologus,NA,1572-8668,2026-06-10,NA,sn2026caul
Neotropical Entomology,NA,1678-8052,2026-06-10,NA,sn2026caul
Netherlands International Law Review,NA,1741-6191,2026-06-10,NA,sn2026caul
Network Modeling Analysis in Health Informatics and Bioinformatics,NA,2192-6670,2026-06-10,NA,sn2026caul
Networks and Spatial Economics,NA,1572-9427,2026-06-10,NA,sn2026caul
Neural Computing and Applications,NA,1433-3058,2026-06-10,NA,sn2026caul
Neural Processing Letters,NA,1573-773X,2026-06-10,NA,sn2026caul
Neurochemical Research,NA,1573-6903,2026-06-10,NA,sn2026caul
Neurocritical Care,NA,1556-0961,2026-06-10,NA,sn2026caul
Neuroethics,NA,1874-5504,2026-06-10,NA,sn2026caul
neurogenetics,NA,1364-6753,2026-06-10,NA,sn2026caul
Neuroinformatics,NA,1559-0089,2026-06-10,NA,sn2026caul
Neurological Sciences,NA,1590-3478,2026-06-10,NA,sn2026caul
NeuroMolecular Medicine,NA,1559-1174,2026-06-10,NA,sn2026caul
Neurophysiology,NA,1573-9007,2026-06-10,NA,sn2026caul
neuropsychiatrie,NA,2194-1327,2026-06-10,NA,sn2026caul
Neuropsychology Review,NA,1573-6660,2026-06-10,NA,sn2026caul
Neuropsychopharmacology,NA,1740-634X,2026-06-10,NA,sn2026caul
Neuroradiology,NA,1432-1920,2026-06-10,NA,sn2026caul
Neuroscience and Behavioral Physiology,NA,1573-899X,2026-06-10,NA,sn2026caul
Neuroscience Bulletin,NA,1995-8218,2026-06-10,NA,sn2026caul
Neurosurgical Review,NA,1437-2320,2026-06-10,NA,sn2026caul
Neurotoxicity Research,NA,1476-3524,2026-06-10,NA,sn2026caul
New Forests,NA,1573-5095,2026-06-10,NA,sn2026caul
New Generation Computing,NA,1882-7055,2026-06-10,NA,sn2026caul
New Zealand Journal of Educational Studies,NA,2199-4714,2026-06-10,NA,sn2026caul
Nexus Network Journal,NA,1522-4600,2026-06-10,NA,sn2026caul
Nonlinear Differential Equations and Applications NoDEA,NA,1420-9004,2026-06-10,NA,sn2026caul
Nonlinear Dynamics,NA,1573-269X,2026-06-10,NA,sn2026caul
Notfall + Rettungsmedizin,NA,1436-0578,2026-06-10,NA,sn2026caul
"NTM Zeitschrift für Geschichte der Wissenschaften, Technik und Medizin",NA,1420-9144,2026-06-10,NA,sn2026caul
Nuclear Medicine and Molecular Imaging,NA,1869-3482,2026-06-10,NA,sn2026caul
Nuclear Science and Techniques,NA,2210-3147,2026-06-10,NA,sn2026caul
Numerical Algorithms,NA,1572-9265,2026-06-10,NA,sn2026caul
Numerische Mathematik,NA,0945-3245,2026-06-10,NA,sn2026caul
Nutrient Cycling in Agroecosystems,NA,1573-0867,2026-06-10,NA,sn2026caul
Nutrire,NA,2316-7874,2026-06-10,NA,sn2026caul
Obere Extremität,NA,1862-6602,2026-06-10,NA,sn2026caul
Obesity Surgery,NA,1708-0428,2026-06-10,NA,sn2026caul
Occupational Health Science,NA,2367-0142,2026-06-10,NA,sn2026caul
Ocean Dynamics,NA,1616-7228,2026-06-10,NA,sn2026caul
Ocean Science Journal,NA,2005-7172,2026-06-10,NA,sn2026caul
Odontology,NA,1618-1255,2026-06-10,NA,sn2026caul
Oecologia,NA,1432-1939,2026-06-10,NA,sn2026caul
Oncogene,NA,1476-5594,2026-06-10,NA,sn2026caul
Open Economies Review,NA,1573-708X,2026-06-10,NA,sn2026caul
Operational Research,NA,1866-1505,2026-06-10,NA,sn2026caul
Operations Management Research,NA,1936-9743,2026-06-10,NA,sn2026caul
Operations Research Forum,NA,2662-2556,2026-06-10,NA,sn2026caul
Operative Orthopädie und Traumatologie,NA,1439-0981,2026-06-10,NA,sn2026caul
Ophthalmic and Physiological Optics,NA,1475-1313,2026-06-10,NA,sn2026caul
OPSEARCH,NA,0975-0320,2026-06-10,NA,sn2026caul
Optical and Quantum Electronics,NA,1572-817X,2026-06-10,NA,sn2026caul
Optical Review,NA,1349-9432,2026-06-10,NA,sn2026caul
Optimization and Engineering,NA,1573-2924,2026-06-10,NA,sn2026caul
Optimization Letters,NA,1862-4480,2026-06-10,NA,sn2026caul
Optoelectronics Letters,NA,1993-5013,2026-06-10,NA,sn2026caul
OR Spectrum,NA,1436-6304,2026-06-10,NA,sn2026caul
Oral and Maxillofacial Surgery,NA,1865-1569,2026-06-10,NA,sn2026caul
Oral Radiology,NA,1613-9674,2026-06-10,NA,sn2026caul
Oralprophylaxe & Kinderzahnmedizin,NA,3005-0790,2026-06-10,NA,sn2026caul
Order,NA,1572-9273,2026-06-10,NA,sn2026caul
Organic Agriculture,NA,1879-4246,2026-06-10,NA,sn2026caul
"Organisationsberatung, Supervision, Coaching",NA,1862-2577,2026-06-10,NA,sn2026caul
Organisms Diversity & Evolution,NA,1618-1077,2026-06-10,NA,sn2026caul
Ornithology Research,NA,2662-673X,2026-06-10,NA,sn2026caul
Osteoporosis International,NA,1433-2965,2026-06-10,NA,sn2026caul
Österreichische Wasser- und Abfallwirtschaft,NA,1613-7566,2026-06-10,NA,sn2026caul
Österreichische Zeitschrift für Soziologie,NA,1862-2585,2026-06-10,NA,sn2026caul
Paddy and Water Environment,NA,1611-2504,2026-06-10,NA,sn2026caul
Pädiatrie & Pädologie,NA,1613-7558,2026-06-10,NA,sn2026caul
Palaeobiodiversity and Palaeoenvironments,NA,1867-1608,2026-06-10,NA,sn2026caul
PalZ,NA,1867-6812,2026-06-10,NA,sn2026caul
Parasitology Research,NA,1432-1955,2026-06-10,NA,sn2026caul
Partial Differential Equations and Applications,NA,2662-2971,2026-06-10,NA,sn2026caul
Pastoral Psychology,NA,1573-6679,2026-06-10,NA,sn2026caul
Pattern Analysis and Applications,NA,1433-755X,2026-06-10,NA,sn2026caul
Pediatric Cardiology,NA,1432-1971,2026-06-10,NA,sn2026caul
Pediatric Drugs,NA,1179-2019,2026-06-10,NA,sn2026caul
Pediatric Nephrology,NA,1432-198X,2026-06-10,NA,sn2026caul
Pediatric Radiology,NA,1432-1998,2026-06-10,NA,sn2026caul
Pediatric Research,NA,1530-0447,2026-06-10,NA,sn2026caul
Pediatric Surgery International,NA,1437-9813,2026-06-10,NA,sn2026caul
Peer-to-Peer Networking and Applications,NA,1936-6450,2026-06-10,NA,sn2026caul
Peking Mathematical Journal,NA,2524-7182,2026-06-10,NA,sn2026caul
Periodica Mathematica Hungarica,NA,1588-2829,2026-06-10,NA,sn2026caul
Periodontal and Implant Research,NA,2948-2453,2026-06-10,NA,sn2026caul
Personal and Ubiquitous Computing,NA,1617-4917,2026-06-10,NA,sn2026caul
Perspectives on Behavior Science,NA,2520-8977,2026-06-10,NA,sn2026caul
"PFG ? Journal of Photogrammetry, Remote Sensing and Geoinformation Science",NA,2512-2819,2026-06-10,NA,sn2026caul
Pflügers Archiv - European Journal of Physiology,NA,1432-2013,2026-06-10,NA,sn2026caul
Pharmaceutical Medicine,NA,1179-1993,2026-06-10,NA,sn2026caul
Pharmaceutical Research,NA,1573-904X,2026-06-10,NA,sn2026caul
PharmacoEconomics,NA,1179-2027,2026-06-10,NA,sn2026caul
Pharmacological Reports,NA,2299-5684,2026-06-10,NA,sn2026caul
Phenomenology and the Cognitive Sciences,NA,1572-8676,2026-06-10,NA,sn2026caul
Phenomics,NA,2730-5848,2026-06-10,NA,sn2026caul
Philosophia,NA,1574-9274,2026-06-10,NA,sn2026caul
Philosophical Studies,NA,1573-0883,2026-06-10,NA,sn2026caul
Philosophy & Technology,NA,2210-5441,2026-06-10,NA,sn2026caul
Philosophy of Management,NA,2052-9597,2026-06-10,NA,sn2026caul
Photochemical & Photobiological Sciences,NA,1474-9092,2026-06-10,NA,sn2026caul
Photonic Network Communications,NA,1572-8188,2026-06-10,NA,sn2026caul
Photosynthesis Research,NA,1573-5079,2026-06-10,NA,sn2026caul
Physical and Engineering Sciences in Medicine,NA,2662-4737,2026-06-10,NA,sn2026caul
Physics and Chemistry of Minerals,NA,1432-2021,2026-06-10,NA,sn2026caul
Physics in Perspective,NA,1422-6960,2026-06-10,NA,sn2026caul
Physiology and Molecular Biology of Plants,NA,0974-0430,2026-06-10,NA,sn2026caul
Phytochemistry Reviews,NA,1572-980X,2026-06-10,NA,sn2026caul
Phytoparasitica,NA,1876-7184,2026-06-10,NA,sn2026caul
Pituitary,NA,1573-7403,2026-06-10,NA,sn2026caul
Place Branding and Public Diplomacy,NA,1751-8059,2026-06-10,NA,sn2026caul
Plant and Soil,NA,1573-5036,2026-06-10,NA,sn2026caul
Plant Biosystems,NA,1724-5575,2026-06-10,NA,sn2026caul
Plant Biotechnology Reports,NA,1863-5474,2026-06-10,NA,sn2026caul
Plant Cell Reports,NA,1432-203X,2026-06-10,NA,sn2026caul
"Plant Cell, Tissue and Organ Culture (PCTOC)",NA,1573-5044,2026-06-10,NA,sn2026caul
Plant Ecology,NA,1573-5052,2026-06-10,NA,sn2026caul
Plant Foods for Human Nutrition,NA,1573-9104,2026-06-10,NA,sn2026caul
Plant Growth Regulation,NA,1573-5087,2026-06-10,NA,sn2026caul
Plant Molecular Biology,NA,1573-5028,2026-06-10,NA,sn2026caul
Plant Molecular Biology Reporter,NA,1572-9818,2026-06-10,NA,sn2026caul
Plant Physiology Reports,NA,2662-2548,2026-06-10,NA,sn2026caul
Plant Reproduction,NA,2194-7961,2026-06-10,NA,sn2026caul
Plant Systematics and Evolution,NA,1615-6110,2026-06-10,NA,sn2026caul
Planta,NA,1432-2048,2026-06-10,NA,sn2026caul
Plasma Chemistry and Plasma Processing,NA,1572-8986,2026-06-10,NA,sn2026caul
Plasmonics,NA,1557-1963,2026-06-10,NA,sn2026caul
Polar Biology,NA,1432-2056,2026-06-10,NA,sn2026caul
Policy Sciences,NA,1573-0891,2026-06-10,NA,sn2026caul
Political Behavior,NA,1573-6687,2026-06-10,NA,sn2026caul
Politische Vierteljahresschrift,NA,1862-2860,2026-06-10,NA,sn2026caul
Polymer Bulletin,NA,1436-2449,2026-06-10,NA,sn2026caul
Polymer Journal,NA,1349-0540,2026-06-10,NA,sn2026caul
Population and Environment,NA,1573-7810,2026-06-10,NA,sn2026caul
Population Research and Policy Review,NA,1573-7829,2026-06-10,NA,sn2026caul
Portuguese Economic Journal,NA,1617-9838,2026-06-10,NA,sn2026caul
Positivity,NA,1572-9281,2026-06-10,NA,sn2026caul
Postdigital Science and Education,NA,2524-4868,2026-06-10,NA,sn2026caul
postmedieval,NA,2040-5979,2026-06-10,NA,sn2026caul
Potato Research,NA,1871-4528,2026-06-10,NA,sn2026caul
Potential Analysis,NA,1572-929X,2026-06-10,NA,sn2026caul
Powder Metallurgy and Metal Ceramics,NA,1573-9066,2026-06-10,NA,sn2026caul
Power Technology and Engineering,NA,1570-1468,2026-06-10,NA,sn2026caul
Prävention und Gesundheitsförderung,NA,1861-6763,2026-06-10,NA,sn2026caul
Precision Agriculture,NA,1573-1618,2026-06-10,NA,sn2026caul
Prevention Science,NA,1573-6695,2026-06-10,NA,sn2026caul
Primates,NA,1610-7365,2026-06-10,NA,sn2026caul
PRO CARE,NA,1613-7574,2026-06-10,NA,sn2026caul
Probability Theory and Related Fields,NA,1432-2064,2026-06-10,NA,sn2026caul
Probiotics and Antimicrobial Proteins,NA,1867-1314,2026-06-10,NA,sn2026caul
"Proceedings of the National Academy of Sciences, India Section A: Physical Sciences",NA,2250-1762,2026-06-10,NA,sn2026caul
"Proceedings of the National Academy of Sciences, India Section B: Biological Sciences",NA,2250-1746,2026-06-10,NA,sn2026caul
Proceedings of the Zoological Society,NA,0974-6919,2026-06-10,NA,sn2026caul
Process Integration and Optimization for Sustainability,NA,2509-4246,2026-06-10,NA,sn2026caul
Production Engineering,NA,1863-7353,2026-06-10,NA,sn2026caul
Progress in Additive Manufacturing,NA,2363-9520,2026-06-10,NA,sn2026caul
Progress in Artificial Intelligence,NA,2192-6360,2026-06-10,NA,sn2026caul
PROSPECTS,NA,1573-9090,2026-06-10,NA,sn2026caul
Prostate Cancer and Prostatic Diseases,NA,1476-5608,2026-06-10,NA,sn2026caul
Protoplasma,NA,1615-6102,2026-06-10,NA,sn2026caul
Psychiatric Quarterly,NA,1573-6709,2026-06-10,NA,sn2026caul
"Psychoanalysis, Culture & Society",NA,1543-3390,2026-06-10,NA,sn2026caul
Psychological Injury and Law,NA,1938-9728,2026-06-10,NA,sn2026caul
Psychological Research,NA,1430-2772,2026-06-10,NA,sn2026caul
Psychological Studies,NA,0974-9861,2026-06-10,NA,sn2026caul
Psychonomic Bulletin & Review,NA,1531-5320,2026-06-10,NA,sn2026caul
Psychopharmacology,NA,1432-2072,2026-06-10,NA,sn2026caul
psychopraxis. neuropraxis,NA,2197-9715,2026-06-10,NA,sn2026caul
Psychotherapie Forum,NA,1613-7604,2026-06-10,NA,sn2026caul
Public Choice,NA,1573-7101,2026-06-10,NA,sn2026caul
Public Organization Review,NA,1573-7098,2026-06-10,NA,sn2026caul
Public Transport,NA,1613-7159,2026-06-10,NA,sn2026caul
Publishing Research Quarterly,NA,1936-4792,2026-06-10,NA,sn2026caul
Publizistik,NA,1862-2569,2026-06-10,NA,sn2026caul
Pure and Applied Geophysics,NA,1420-9136,2026-06-10,NA,sn2026caul
Purinergic Signalling,NA,1573-9546,2026-06-10,NA,sn2026caul
Qualitative Sociology,NA,1573-7837,2026-06-10,NA,sn2026caul
Qualitative Theory of Dynamical Systems,NA,1662-3592,2026-06-10,NA,sn2026caul
Quality & Quantity,NA,1573-7845,2026-06-10,NA,sn2026caul
Quality and User Experience,NA,2366-0147,2026-06-10,NA,sn2026caul
Quality of Life Research,NA,1573-2649,2026-06-10,NA,sn2026caul
Quantitative Marketing and Economics,NA,1573-711X,2026-06-10,NA,sn2026caul
Quantum Information Processing,NA,1573-1332,2026-06-10,NA,sn2026caul
Quantum Machine Intelligence,NA,2524-4914,2026-06-10,NA,sn2026caul
Quantum Studies: Mathematics and Foundations,NA,2196-5617,2026-06-10,NA,sn2026caul
Queueing Systems,NA,1572-9443,2026-06-10,NA,sn2026caul
Race and Social Problems,NA,1867-1756,2026-06-10,NA,sn2026caul
Radiation and Environmental Biophysics,NA,1432-2099,2026-06-10,NA,sn2026caul
Radiation Detection Technology and Methods,NA,2509-9949,2026-06-10,NA,sn2026caul
Radiological Physics and Technology,NA,1865-0341,2026-06-10,NA,sn2026caul
"Reaction Kinetics, Mechanisms and Catalysis",NA,1878-5204,2026-06-10,NA,sn2026caul
Reading and Writing,NA,1573-0905,2026-06-10,NA,sn2026caul
Real-Time Systems,NA,1573-1383,2026-06-10,NA,sn2026caul
Rechtsmedizin,NA,1434-5196,2026-06-10,NA,sn2026caul
Regenerative Engineering and Translational Medicine,NA,2364-4141,2026-06-10,NA,sn2026caul
Regional Environmental Change,NA,1436-378X,2026-06-10,NA,sn2026caul
Remote Sensing in Earth Systems Sciences,NA,2520-8209,2026-06-10,NA,sn2026caul
Rendiconti del Circolo Matematico di Palermo Series 2,NA,1973-4409,2026-06-10,NA,sn2026caul
Rendiconti Lincei. Scienze Fisiche e Naturali,NA,1720-0776,2026-06-10,NA,sn2026caul
Reproductive Sciences,NA,1933-7205,2026-06-10,NA,sn2026caul
Requirements Engineering,NA,1432-010X,2026-06-10,NA,sn2026caul
Res Publica,NA,1572-8692,2026-06-10,NA,sn2026caul
Research in Engineering Design,NA,1435-6066,2026-06-10,NA,sn2026caul
Research in Higher Education,NA,1573-188X,2026-06-10,NA,sn2026caul
Research in Number Theory,NA,2363-9555,2026-06-10,NA,sn2026caul
Research in Science Education,NA,1573-1898,2026-06-10,NA,sn2026caul
Research in the Mathematical Sciences,NA,2197-9847,2026-06-10,NA,sn2026caul
Research on Biomedical Engineering,NA,2446-4740,2026-06-10,NA,sn2026caul
Research on Chemical Intermediates,NA,1568-5675,2026-06-10,NA,sn2026caul
Research on Child and Adolescent Psychopathology,NA,2730-7174,2026-06-10,NA,sn2026caul
Results in Mathematics,NA,1420-9012,2026-06-10,NA,sn2026caul
Review Journal of Autism and Developmental Disorders,NA,2195-7185,2026-06-10,NA,sn2026caul
Review of Accounting Studies,NA,1573-7136,2026-06-10,NA,sn2026caul
"Review of Agricultural, Food and Environmental Studies",NA,2425-6897,2026-06-10,NA,sn2026caul
Review of Derivatives Research,NA,1573-7144,2026-06-10,NA,sn2026caul
Review of Economic Design,NA,1434-4750,2026-06-10,NA,sn2026caul
Review of Economics of the Household,NA,1573-7152,2026-06-10,NA,sn2026caul
Review of Evolutionary Political Economy,NA,2662-6144,2026-06-10,NA,sn2026caul
Review of Industrial Organization,NA,1573-7160,2026-06-10,NA,sn2026caul
Review of Managerial Science,NA,1863-6691,2026-06-10,NA,sn2026caul
Review of Philosophy and Psychology,NA,1878-5166,2026-06-10,NA,sn2026caul
Review of Quantitative Finance and Accounting,NA,1573-7179,2026-06-10,NA,sn2026caul
Review of Regional Research,NA,1613-9836,2026-06-10,NA,sn2026caul
Review of World Economics,NA,1610-2886,2026-06-10,NA,sn2026caul
Reviews in Endocrine and Metabolic Disorders,NA,1573-2606,2026-06-10,NA,sn2026caul
Reviews in Environmental Science and Bio/Technology,NA,1572-9826,2026-06-10,NA,sn2026caul
Reviews in Fish Biology and Fisheries,NA,1573-5184,2026-06-10,NA,sn2026caul
Reviews of Environmental Contamination and Toxicology,NA,2197-6554,2026-06-10,NA,sn2026caul
Reviews of Modern Plasma Physics,NA,2367-3192,2026-06-10,NA,sn2026caul
Revista Brasileira de Farmacognosia,NA,1981-528X,2026-06-10,NA,sn2026caul
"Revista de la Real Academia de Ciencias Exactas, Físicas y Naturales. Serie A. Matemáticas",NA,1579-1505,2026-06-10,NA,sn2026caul
Revista Matemática Complutense,NA,1988-2807,2026-06-10,NA,sn2026caul
Rheologica Acta,NA,1435-1528,2026-06-10,NA,sn2026caul
rheuma plus,NA,2191-2610,2026-06-10,NA,sn2026caul
Rheuma Plus / Schweiz,NA,3004-8931,2026-06-10,NA,sn2026caul
Rheumatology International,NA,1437-160X,2026-06-10,NA,sn2026caul
Ricerche di Matematica,NA,1827-3491,2026-06-10,NA,sn2026caul
Risk Management,NA,1743-4637,2026-06-10,NA,sn2026caul
Rock Mechanics and Rock Engineering,NA,1434-453X,2026-06-10,NA,sn2026caul
Russian Linguistics,NA,1572-8714,2026-06-10,NA,sn2026caul
Russian Physics Journal,NA,1573-9228,2026-06-10,NA,sn2026caul
Safety in Extreme Environments,NA,2524-8189,2026-06-10,NA,sn2026caul
"Sampling Theory, Signal Processing, and Data Analysis",NA,2730-5724,2026-06-10,NA,sn2026caul
Sankhya A,NA,0976-8378,2026-06-10,NA,sn2026caul
Sankhya B,NA,0976-8394,2026-06-10,NA,sn2026caul
São Paulo Journal of Mathematical Sciences,NA,2316-9028,2026-06-10,NA,sn2026caul
Schmerz Nachrichten,NA,2731-3999,2026-06-10,NA,sn2026caul
School Mental Health,NA,1866-2633,2026-06-10,NA,sn2026caul
Schweizer Gastroenterologie,NA,2662-7159,2026-06-10,NA,sn2026caul
Science & Education,NA,1573-1901,2026-06-10,NA,sn2026caul
Science and Engineering Ethics,NA,1471-5546,2026-06-10,NA,sn2026caul
Science China Chemistry,NA,1869-1870,2026-06-10,NA,sn2026caul
Science China Earth Sciences,NA,1869-1897,2026-06-10,NA,sn2026caul
Science China Information Sciences,NA,1869-1919,2026-06-10,NA,sn2026caul
Science China Life Sciences,NA,1869-1889,2026-06-10,NA,sn2026caul
Science China Materials,NA,2199-4501,2026-06-10,NA,sn2026caul
Science China Mathematics,NA,1869-1862,2026-06-10,NA,sn2026caul
"Science China Physics, Mechanics & Astronomy",NA,1869-1927,2026-06-10,NA,sn2026caul
Science China Technological Sciences,NA,1869-1900,2026-06-10,NA,sn2026caul
Scientometrics,NA,1588-2861,2026-06-10,NA,sn2026caul
Security Journal,NA,1743-4645,2026-06-10,NA,sn2026caul
Selecta Mathematica,NA,1420-9020,2026-06-10,NA,sn2026caul
SeMA Journal,NA,2281-7875,2026-06-10,NA,sn2026caul
Semigroup Forum,NA,1432-2137,2026-06-10,NA,sn2026caul
Seminars in Immunopathology,NA,1863-2300,2026-06-10,NA,sn2026caul
Sensing and Imaging,NA,1557-2072,2026-06-10,NA,sn2026caul
SERIEs,NA,1869-4195,2026-06-10,NA,sn2026caul
Service Business,NA,1862-8508,2026-06-10,NA,sn2026caul
Service Oriented Computing and Applications,NA,1863-2394,2026-06-10,NA,sn2026caul
Set-Valued and Variational Analysis,NA,1877-0541,2026-06-10,NA,sn2026caul
Sex Roles,NA,1573-2762,2026-06-10,NA,sn2026caul
Sexuality & Culture,NA,1936-4822,2026-06-10,NA,sn2026caul
Sexuality and Disability,NA,1573-6717,2026-06-10,NA,sn2026caul
Sexuality Research and Social Policy,NA,1553-6610,2026-06-10,NA,sn2026caul
Shape Memory and Superelasticity,NA,2199-3858,2026-06-10,NA,sn2026caul
Shock Waves,NA,1432-2153,2026-06-10,NA,sn2026caul
"Signal, Image and Video Processing",NA,1863-1711,2026-06-10,NA,sn2026caul
Silicon,NA,1876-9918,2026-06-10,NA,sn2026caul
Skeletal Radiology,NA,1432-2161,2026-06-10,NA,sn2026caul
Sleep and Biological Rhythms,NA,1479-8425,2026-06-10,NA,sn2026caul
Sleep and Breathing,NA,1522-1709,2026-06-10,NA,sn2026caul
Sleep and Vigilance,NA,2510-2265,2026-06-10,NA,sn2026caul
Small Business Economics,NA,1573-0913,2026-06-10,NA,sn2026caul
Small-scale Forestry,NA,1873-7854,2026-06-10,NA,sn2026caul
Smart Grids and Sustainable Energy,NA,2731-8087,2026-06-10,NA,sn2026caul
SN Business & Economics,NA,2662-9399,2026-06-10,NA,sn2026caul
SN Comprehensive Clinical Medicine,NA,2523-8973,2026-06-10,NA,sn2026caul
SN Computer Science,NA,2661-8907,2026-06-10,NA,sn2026caul
SN Social Sciences,NA,2662-9283,2026-06-10,NA,sn2026caul
Social Choice and Welfare,NA,1432-217X,2026-06-10,NA,sn2026caul
Social Indicators Research,NA,1573-0921,2026-06-10,NA,sn2026caul
Social Justice Research,NA,1573-6725,2026-06-10,NA,sn2026caul
Social Network Analysis and Mining,NA,1869-5469,2026-06-10,NA,sn2026caul
Social Psychiatry and Psychiatric Epidemiology,NA,1433-9285,2026-06-10,NA,sn2026caul
Social Psychology of Education,NA,1573-1928,2026-06-10,NA,sn2026caul
Social Theory & Health,NA,1477-822X,2026-06-10,NA,sn2026caul
Society,NA,1936-4725,2026-06-10,NA,sn2026caul
Socio-Ecological Practice Research,NA,2524-5287,2026-06-10,NA,sn2026caul
Soft Computing,NA,1433-7479,2026-06-10,NA,sn2026caul
Software and Systems Modeling,NA,1619-1374,2026-06-10,NA,sn2026caul
Software Quality Journal,NA,1573-1367,2026-06-10,NA,sn2026caul
Soil Ecology Letters,NA,2662-2297,2026-06-10,NA,sn2026caul
Solar Physics,NA,1573-093X,2026-06-10,NA,sn2026caul
Somnologie,NA,1439-054X,2026-06-10,NA,sn2026caul
Sophia,NA,1873-930X,2026-06-10,NA,sn2026caul
Sozial Extra,NA,1863-8953,2026-06-10,NA,sn2026caul
Soziale Passagen,NA,1867-0199,2026-06-10,NA,sn2026caul
Space Science Reviews,NA,1572-9672,2026-06-10,NA,sn2026caul
Spatial Demography,NA,2164-7070,2026-06-10,NA,sn2026caul
Spatial Information Research,NA,2366-3294,2026-06-10,NA,sn2026caul
Spektrum der Augenheilkunde,NA,1613-7523,2026-06-10,NA,sn2026caul
Spinal Cord,NA,1476-5624,2026-06-10,NA,sn2026caul
Spinal Cord Series and Cases,NA,2058-6124,2026-06-10,NA,sn2026caul
Spine Deformity,NA,2212-1358,2026-06-10,NA,sn2026caul
Sport Sciences for Health,NA,1825-1234,2026-06-10,NA,sn2026caul
Sports Engineering,NA,1460-2687,2026-06-10,NA,sn2026caul
Sports Medicine,NA,1179-2035,2026-06-10,NA,sn2026caul
Standort,NA,1432-220X,2026-06-10,NA,sn2026caul
Statistical Methods & Applications,NA,1613-981X,2026-06-10,NA,sn2026caul
Statistical Papers,NA,1613-9798,2026-06-10,NA,sn2026caul
Statistics and Computing,NA,1573-1375,2026-06-10,NA,sn2026caul
Statistics in Biosciences,NA,1867-1772,2026-06-10,NA,sn2026caul
Stem Cell Reviews and Reports,NA,2629-3277,2026-06-10,NA,sn2026caul
Stochastic Environmental Research and Risk Assessment,NA,1436-3259,2026-06-10,NA,sn2026caul
Stochastics and Partial Differential Equations: Analysis and Computations,NA,2194-041X,2026-06-10,NA,sn2026caul
Strahlentherapie und Onkologie,NA,1439-099X,2026-06-10,NA,sn2026caul
Strength of Materials,NA,1573-9325,2026-06-10,NA,sn2026caul
Structural and Multidisciplinary Optimization,NA,1615-1488,2026-06-10,NA,sn2026caul
Structural Chemistry,NA,1572-9001,2026-06-10,NA,sn2026caul
Studia Geophysica et Geodaetica,NA,1573-1626,2026-06-10,NA,sn2026caul
Studia Logica,NA,1572-8730,2026-06-10,NA,sn2026caul
Studies in Comparative International Development,NA,1936-6167,2026-06-10,NA,sn2026caul
Studies in East European Thought,NA,1573-0948,2026-06-10,NA,sn2026caul
Studies in Philosophy and Education,NA,1573-191X,2026-06-10,NA,sn2026caul
Subjectivity,NA,1755-635X,2026-06-10,NA,sn2026caul
Sugar Tech,NA,0974-0740,2026-06-10,NA,sn2026caul
Supportive Care in Cancer,NA,1433-7339,2026-06-10,NA,sn2026caul
Surgery Today,NA,1436-2813,2026-06-10,NA,sn2026caul
Surgical and Radiologic Anatomy,NA,1279-8517,2026-06-10,NA,sn2026caul
Surgical Endoscopy,NA,1432-2218,2026-06-10,NA,sn2026caul
Surveys in Geophysics,NA,1573-0956,2026-06-10,NA,sn2026caul
Sustainability Nexus Forum,NA,2948-1627,2026-06-10,NA,sn2026caul
Sustainability Science,NA,1862-4057,2026-06-10,NA,sn2026caul
Sustainable Water Resources Management,NA,2363-5045,2026-06-10,NA,sn2026caul
Swarm Intelligence,NA,1935-3820,2026-06-10,NA,sn2026caul
Symbiosis,NA,1878-7665,2026-06-10,NA,sn2026caul
Synthese,NA,1573-0964,2026-06-10,NA,sn2026caul
Systematic Parasitology,NA,1573-5192,2026-06-10,NA,sn2026caul
Systemic Practice and Action Research,NA,1573-9295,2026-06-10,NA,sn2026caul
Systems Microbiology and Biomanufacturing,NA,2662-7663,2026-06-10,NA,sn2026caul
Targeted Oncology,NA,1776-260X,2026-06-10,NA,sn2026caul
Techniques in Coloproctology,NA,1128-045X,2026-06-10,NA,sn2026caul
"Technology, Knowledge and Learning",NA,2211-1670,2026-06-10,NA,sn2026caul
TechTrends,NA,1559-7075,2026-06-10,NA,sn2026caul
Telecommunication Systems,NA,1572-9451,2026-06-10,NA,sn2026caul
Tertiary Education and Management,NA,1573-1936,2026-06-10,NA,sn2026caul
TEST,NA,1863-8260,2026-06-10,NA,sn2026caul
Thalassas: An International Journal of Marine Sciences,NA,2366-1674,2026-06-10,NA,sn2026caul
The AAPS Journal,NA,1550-7416,2026-06-10,NA,sn2026caul
The American Sociologist,NA,1936-4784,2026-06-10,NA,sn2026caul
The Analysis of Verbal Behavior,NA,2196-8926,2026-06-10,NA,sn2026caul
The Annals of Regional Science,NA,1432-0592,2026-06-10,NA,sn2026caul
The Asia-Pacific Education Researcher,NA,2243-7908,2026-06-10,NA,sn2026caul
The Astronomy and Astrophysics Review,NA,1432-0754,2026-06-10,NA,sn2026caul
The Australian Educational Researcher,NA,2210-5328,2026-06-10,NA,sn2026caul
The Australian Journal of Language and Literacy,NA,1839-4728,2026-06-10,NA,sn2026caul
The Botanical Review,NA,1874-9372,2026-06-10,NA,sn2026caul
The Cerebellum,NA,1473-4230,2026-06-10,NA,sn2026caul
The European Journal of Development Research,NA,1743-9728,2026-06-10,NA,sn2026caul
The European Journal of Health Economics,NA,1618-7601,2026-06-10,NA,sn2026caul
The European Physical Journal A,NA,1434-601X,2026-06-10,NA,sn2026caul
The European Physical Journal B,NA,1434-6036,2026-06-10,NA,sn2026caul
The European Physical Journal D,NA,1434-6079,2026-06-10,NA,sn2026caul
The European Physical Journal E,NA,1292-895X,2026-06-10,NA,sn2026caul
The European Physical Journal H,NA,2102-6467,2026-06-10,NA,sn2026caul
The European Physical Journal Plus,NA,2190-5444,2026-06-10,NA,sn2026caul
The European Physical Journal Special Topics,NA,1951-6401,2026-06-10,NA,sn2026caul
The Geneva Papers on Risk and Insurance - Issues and Practice,NA,1468-0440,2026-06-10,NA,sn2026caul
The Geneva Risk and Insurance Review,NA,1554-9658,2026-06-10,NA,sn2026caul
The Indian Journal of Labour Economics,NA,0019-5308,2026-06-10,NA,sn2026caul
The International Journal of Advanced Manufacturing Technology,NA,1433-3015,2026-06-10,NA,sn2026caul
The International Journal of Cardiovascular Imaging,NA,1875-8312,2026-06-10,NA,sn2026caul
The International Journal of Life Cycle Assessment,NA,1614-7502,2026-06-10,NA,sn2026caul
The International Sports Law Journal,NA,2213-5154,2026-06-10,NA,sn2026caul
The Japanese Economic Review,NA,1468-5876,2026-06-10,NA,sn2026caul
The Journal of Analysis,NA,2367-2501,2026-06-10,NA,sn2026caul
The Journal of Antibiotics,NA,1881-1469,2026-06-10,NA,sn2026caul
The Journal of Behavioral Health Services & Research,NA,1556-3308,2026-06-10,NA,sn2026caul
The Journal of Comparative Germanic Linguistics,NA,1572-8552,2026-06-10,NA,sn2026caul
The Journal of East Asian Philosophy,NA,2730-5414,2026-06-10,NA,sn2026caul
The Journal of Economic Inequality,NA,1573-8701,2026-06-10,NA,sn2026caul
The Journal of Ethics,NA,1572-8609,2026-06-10,NA,sn2026caul
The Journal of Geometric Analysis,NA,1559-002X,2026-06-10,NA,sn2026caul
The Journal of Membrane Biology,NA,1432-1424,2026-06-10,NA,sn2026caul
The Journal of Obstetrics and Gynecology of India,NA,0975-6434,2026-06-10,NA,sn2026caul
The Journal of Real Estate Finance and Economics,NA,1573-045X,2026-06-10,NA,sn2026caul
The Journal of Supercomputing,NA,1573-0484,2026-06-10,NA,sn2026caul
The Journal of Technology Transfer,NA,1573-7047,2026-06-10,NA,sn2026caul
The Journal of the Astronautical Sciences,NA,2195-0571,2026-06-10,NA,sn2026caul
The Journal of Value Inquiry,NA,1573-0492,2026-06-10,NA,sn2026caul
The Mathematical Intelligencer,NA,1866-7414,2026-06-10,NA,sn2026caul
The Nucleus,NA,0976-7975,2026-06-10,NA,sn2026caul
The Patient - Patient-Centered Outcomes Research,NA,1178-1661,2026-06-10,NA,sn2026caul
The Pharmacogenomics Journal,NA,1473-1150,2026-06-10,NA,sn2026caul
The Protein Journal,NA,1875-8355,2026-06-10,NA,sn2026caul
The Psychological Record,NA,2163-3452,2026-06-10,NA,sn2026caul
The Ramanujan Journal,NA,1572-9303,2026-06-10,NA,sn2026caul
The Review of Austrian Economics,NA,1573-7128,2026-06-10,NA,sn2026caul
The Review of International Organizations,NA,1559-744X,2026-06-10,NA,sn2026caul
The Review of Socionetwork Strategies,NA,1867-3236,2026-06-10,NA,sn2026caul
The Science of Nature,NA,1432-1904,2026-06-10,NA,sn2026caul
The Urban Review,NA,1573-1960,2026-06-10,NA,sn2026caul
The Visual Computer,NA,1432-2315,2026-06-10,NA,sn2026caul
The VLDB Journal,NA,0949-877X,2026-06-10,NA,sn2026caul
Theoretical and Applied Climatology,NA,1434-4483,2026-06-10,NA,sn2026caul
Theoretical and Applied Genetics,NA,1432-2242,2026-06-10,NA,sn2026caul
Theoretical and Computational Fluid Dynamics,NA,1432-2250,2026-06-10,NA,sn2026caul
Theoretical and Experimental Chemistry,NA,1573-935X,2026-06-10,NA,sn2026caul
Theoretical and Experimental Plant Physiology,NA,2197-0025,2026-06-10,NA,sn2026caul
Theoretical Chemistry Accounts,NA,1432-2234,2026-06-10,NA,sn2026caul
Theoretical Ecology,NA,1874-1746,2026-06-10,NA,sn2026caul
Theoretical Medicine and Bioethics,NA,1573-1200,2026-06-10,NA,sn2026caul
Theory and Decision,NA,1573-7187,2026-06-10,NA,sn2026caul
Theory and Society,NA,1573-7853,2026-06-10,NA,sn2026caul
Theory in Biosciences,NA,1611-7530,2026-06-10,NA,sn2026caul
Theory of Computing Systems,NA,1433-0490,2026-06-10,NA,sn2026caul
Therapeutic Innovation & Regulatory Science,NA,2168-4804,2026-06-10,NA,sn2026caul
Tissue Engineering and Regenerative Medicine,NA,2212-5469,2026-06-10,NA,sn2026caul
TOP,NA,1863-8279,2026-06-10,NA,sn2026caul
Topics in Catalysis,NA,1572-9028,2026-06-10,NA,sn2026caul
Topics in Current Chemistry,NA,2364-8961,2026-06-10,NA,sn2026caul
Topoi,NA,1572-8749,2026-06-10,NA,sn2026caul
Toxicological Research,NA,2234-2753,2026-06-10,NA,sn2026caul
Toxicology and Environmental Health Sciences,NA,2233-7784,2026-06-10,NA,sn2026caul
Transactions of the Indian Institute of Metals,NA,0975-1645,2026-06-10,NA,sn2026caul
Transactions of the Indian National Academy of Engineering,NA,2662-5423,2026-06-10,NA,sn2026caul
Transactions of Tianjin University,NA,1995-8196,2026-06-10,NA,sn2026caul
Transactions on Electrical and Electronic Materials,NA,2092-7592,2026-06-10,NA,sn2026caul
Transformation Groups,NA,1531-586X,2026-06-10,NA,sn2026caul
Transgenic Research,NA,1573-9368,2026-06-10,NA,sn2026caul
Transition Metal Chemistry,NA,1572-901X,2026-06-10,NA,sn2026caul
Translational Stroke Research,NA,1868-601X,2026-06-10,NA,sn2026caul
Transport in Porous Media,NA,1573-1634,2026-06-10,NA,sn2026caul
Transportation,NA,1572-9435,2026-06-10,NA,sn2026caul
Transportation in Developing Economies,NA,2199-9295,2026-06-10,NA,sn2026caul
Transportation Infrastructure Geotechnology,NA,2196-7210,2026-06-10,NA,sn2026caul
Tree Genetics & Genomes,NA,1614-2950,2026-06-10,NA,sn2026caul
Trees,NA,1432-2285,2026-06-10,NA,sn2026caul
Trends in Organized Crime,NA,1936-4830,2026-06-10,NA,sn2026caul
Trends in Psychology,NA,2358-1883,2026-06-10,NA,sn2026caul
Tribology Letters,NA,1573-2711,2026-06-10,NA,sn2026caul
Tropical Animal Health and Production,NA,1573-7438,2026-06-10,NA,sn2026caul
Tropical Ecology,NA,2661-8982,2026-06-10,NA,sn2026caul
Tropical Plant Biology,NA,1935-9764,2026-06-10,NA,sn2026caul
Tropical Plant Pathology,NA,1983-2052,2026-06-10,NA,sn2026caul
Tungsten,NA,2661-8036,2026-06-10,NA,sn2026caul
Ukrainian Mathematical Journal,NA,1573-9376,2026-06-10,NA,sn2026caul
Universal Access in the Information Society,NA,1615-5297,2026-06-10,NA,sn2026caul
Unterrichtswissenschaft,NA,2520-873X,2026-06-10,NA,sn2026caul
Updates in Surgery,NA,2038-3312,2026-06-10,NA,sn2026caul
URBAN DESIGN International,NA,1468-4519,2026-06-10,NA,sn2026caul
Urban Ecosystems,NA,1573-1642,2026-06-10,NA,sn2026caul
Urban Forum,NA,1874-6330,2026-06-10,NA,sn2026caul
Urolithiasis,NA,2194-7236,2026-06-10,NA,sn2026caul
Urologie in der Praxis,NA,2661-8745,2026-06-10,NA,sn2026caul
User Modeling and User-Adapted Interaction,NA,1573-1391,2026-06-10,NA,sn2026caul
Vegetation History and Archaeobotany,NA,1617-6278,2026-06-10,NA,sn2026caul
Vegetos,NA,2229-4473,2026-06-10,NA,sn2026caul
Veterinary Research Communications,NA,1573-7446,2026-06-10,NA,sn2026caul
Vietnam Journal of Mathematics,NA,2305-2228,2026-06-10,NA,sn2026caul
Virchows Archiv,NA,1432-2307,2026-06-10,NA,sn2026caul
Virtual Reality,NA,1434-9957,2026-06-10,NA,sn2026caul
Virus Genes,NA,1572-994X,2026-06-10,NA,sn2026caul
VirusDisease,NA,2347-3517,2026-06-10,NA,sn2026caul
Vocations and Learning,NA,1874-7868,2026-06-10,NA,sn2026caul
Waste and Biomass Valorization,NA,1877-265X,2026-06-10,NA,sn2026caul
Waste Disposal & Sustainable Energy,NA,2524-7891,2026-06-10,NA,sn2026caul
Water Conservation Science and Engineering,NA,2364-5687,2026-06-10,NA,sn2026caul
Water History,NA,1877-7244,2026-06-10,NA,sn2026caul
Water Resources Management,NA,1573-1650,2026-06-10,NA,sn2026caul
Water Waves,NA,2523-3688,2026-06-10,NA,sn2026caul
"Water, Air, & Soil Pollution",NA,1573-2932,2026-06-10,NA,sn2026caul
Welding in the World,NA,1878-6669,2026-06-10,NA,sn2026caul
Wetlands,NA,1943-6246,2026-06-10,NA,sn2026caul
Wetlands Ecology and Management,NA,1572-9834,2026-06-10,NA,sn2026caul
Wiener klinische Wochenschrift,NA,1613-7671,2026-06-10,NA,sn2026caul
Wiener klinisches Magazin,NA,1613-7817,2026-06-10,NA,sn2026caul
Wiener Medizinische Wochenschrift,NA,1563-258X,2026-06-10,NA,sn2026caul
Wireless Networks,NA,1572-8196,2026-06-10,NA,sn2026caul
Wireless Personal Communications,NA,1572-834X,2026-06-10,NA,sn2026caul
Wirtschaftsinformatik & Management,NA,1867-5913,2026-06-10,NA,sn2026caul
WMU Journal of Maritime Affairs,NA,1654-1642,2026-06-10,NA,sn2026caul
Wood Science and Technology,NA,1432-5225,2026-06-10,NA,sn2026caul
World Journal of Microbiology and Biotechnology,NA,1573-0972,2026-06-10,NA,sn2026caul
World Journal of Pediatrics,NA,1867-0687,2026-06-10,NA,sn2026caul
World Journal of Urology,NA,1433-8726,2026-06-10,NA,sn2026caul
World Wide Web,NA,1573-1413,2026-06-10,NA,sn2026caul
ZDM ? Mathematics Education,NA,1863-9704,2026-06-10,NA,sn2026caul
Zeitschrift für Allgemeinmedizin,NA,1439-9229,2026-06-10,NA,sn2026caul
Zeitschrift für angewandte Mathematik und Physik,NA,1420-9039,2026-06-10,NA,sn2026caul
Zeitschrift für Arbeitswissenschaft,NA,2366-4681,2026-06-10,NA,sn2026caul
Zeitschrift für Außen- und Sicherheitspolitik,NA,1866-2196,2026-06-10,NA,sn2026caul
Zeitschrift für Bildungsforschung,NA,2190-6904,2026-06-10,NA,sn2026caul
Zeitschrift für Didaktik der Naturwissenschaften,NA,2197-988X,2026-06-10,NA,sn2026caul
Zeitschrift für Erziehungswissenschaft,NA,1862-5215,2026-06-10,NA,sn2026caul
Zeitschrift für Ethik und Moralphilosophie,NA,2522-0071,2026-06-10,NA,sn2026caul
Zeitschrift für Friedens- und Konfliktforschung,NA,2524-6976,2026-06-10,NA,sn2026caul
Zeitschrift für Gerontologie und Geriatrie,NA,1435-1269,2026-06-10,NA,sn2026caul
Zeitschrift für Grundschulforschung,NA,2523-3181,2026-06-10,NA,sn2026caul
Zeitschrift für Hebammenwissenschaft,NA,2366-3766,2026-06-10,NA,sn2026caul
"Zeitschrift für Herz-,Thorax- und Gefäßchirurgie",NA,1435-1277,2026-06-10,NA,sn2026caul
Zeitschrift für Literaturwissenschaft und Linguistik,NA,2365-953X,2026-06-10,NA,sn2026caul
Zeitschrift für Pneumologie,NA,2731-7412,2026-06-10,NA,sn2026caul
Zeitschrift für Politikwissenschaft,NA,2366-2638,2026-06-10,NA,sn2026caul
Zeitschrift für Psychodrama und Soziometrie,NA,1862-2526,2026-06-10,NA,sn2026caul
"Zeitschrift für Religion, Gesellschaft und Politik",NA,2510-1226,2026-06-10,NA,sn2026caul
Zeitschrift für Rheumatologie,NA,1435-1250,2026-06-10,NA,sn2026caul
Zeitschrift für Vergleichende Politikwissenschaft,NA,1865-2654,2026-06-10,NA,sn2026caul
"Zentralblatt für Arbeitsmedizin, Arbeitsschutz und Ergonomie",NA,2198-0713,2026-06-10,NA,sn2026caul
ZI Zahnärztliche Implantologie,NA,3004-8702,2026-06-10,NA,sn2026caul
Zoomorphology,NA,1432-234X,2026-06-10,NA,sn2026caul
AAPPS Bulletin,NA,2309-4710,2026-06-10,NA,sn2026caul
AAPS Open,NA,2364-9534,2026-06-10,NA,sn2026caul
Advanced Metamaterials,NA,3059-4863,2026-06-10,NA,sn2026caul
Advanced Modeling and Simulation in Engineering Sciences,NA,2213-7467,2026-06-10,NA,sn2026caul
Advances in Continuous and Discrete Models,NA,2731-4235,2026-06-10,NA,sn2026caul
Advances in Industrial and Engineering Chemistry,NA,3059-3867,2026-06-10,NA,sn2026caul
Aerosol and Air Quality Research,NA,2071-1409,2026-06-10,NA,sn2026caul
Agricultural and Food Economics,NA,2193-7532,2026-06-10,NA,sn2026caul
AI Perspectives & Advances,NA,2948-2143,2026-06-10,NA,sn2026caul
"AI, Brain and Child",NA,3059-3883,2026-06-10,NA,sn2026caul
AMB Express,NA,2191-0855,2026-06-10,NA,sn2026caul
Applied Biological Chemistry,NA,2468-0842,2026-06-10,NA,sn2026caul
Applied Microscopy,NA,2287-4445,2026-06-10,NA,sn2026caul
Applied Network Science,NA,2364-8228,2026-06-10,NA,sn2026caul
Applied Water Science,NA,2190-5495,2026-06-10,NA,sn2026caul
Architectural Research,NA,2383-5575,2026-06-10,NA,sn2026caul
Asian Journal of Atmospheric Environment,NA,2287-1160,2026-06-10,NA,sn2026caul
Asian-Pacific Journal of Second and Foreign Language Education,NA,2363-5169,2026-06-10,NA,sn2026caul
Beni-Suef University Journal of Basic and Applied Sciences,NA,2314-8543,2026-06-10,NA,sn2026caul
Biochar,NA,2524-7867,2026-06-10,NA,sn2026caul
Bioresources and Bioprocessing,NA,2197-4365,2026-06-10,NA,sn2026caul
Blood Research,NA,2288-0011,2026-06-10,NA,sn2026caul
Botanical Studies,NA,1999-3110,2026-06-10,NA,sn2026caul
Boundary Value Problems,NA,1687-2770,2026-06-10,NA,sn2026caul
Brain Informatics,NA,2198-4026,2026-06-10,NA,sn2026caul
Carbon Research,NA,2731-6696,2026-06-10,NA,sn2026caul
Catal,NA,3059-2801,2026-06-10,NA,sn2026caul
Cell Regeneration,NA,2045-9769,2026-06-10,NA,sn2026caul
City and Built Environment,NA,2435-7936,2026-06-10,NA,sn2026caul
"City, Territory and Architecture",NA,2195-2701,2026-06-10,NA,sn2026caul
Clean Planet,NA,3091-2865,2026-06-10,NA,sn2026caul
Cognitive Research: Principles and Implications,NA,2365-7464,2026-06-10,NA,sn2026caul
Comparative Migration Studies,NA,2214-594X,2026-06-10,NA,sn2026caul
complex & intelligent systems,NA,2198-6053,2026-06-10,NA,sn2026caul
Computational Science and Engineering,NA,2948-1597,2026-06-10,NA,sn2026caul
Computational Urban Science,NA,2730-6852,2026-06-10,NA,sn2026caul
Crime Science,NA,2193-7680,2026-06-10,NA,sn2026caul
CVIR Endovascular,NA,2520-8934,2026-06-10,NA,sn2026caul
CVIR Oncology,NA,3059-2003,2026-06-10,NA,sn2026caul
Cybersecurity,NA,2523-3246,2026-06-10,NA,sn2026caul
Data Science and Engineering,NA,2364-1541,2026-06-10,NA,sn2026caul
Digital and Aligner Orthodontics,NA,3091-4817,2026-06-10,NA,sn2026caul
"Earth, Planets and Space",NA,1880-5981,2026-06-10,NA,sn2026caul
Ecological Processes,NA,2192-1709,2026-06-10,NA,sn2026caul
Egyptian Journal of Biological Pest Control,NA,2536-9342,2026-06-10,NA,sn2026caul
EJNMMI Physics,NA,2197-7364,2026-06-10,NA,sn2026caul
EJNMMI Radiopharmacy and Chemistry,NA,2365-421X,2026-06-10,NA,sn2026caul
EJNMMI Reports,NA,3005-074X,2026-06-10,NA,sn2026caul
EJNMMI Research,NA,2191-219X,2026-06-10,NA,sn2026caul
eLight,NA,2662-8643,2026-06-10,NA,sn2026caul
Energy Finance,NA,3091-5236,2026-06-10,NA,sn2026caul
Energy Informatics,NA,2520-8942,2026-06-10,NA,sn2026caul
Environmental Sciences Europe,NA,2190-4715,2026-06-10,NA,sn2026caul
Environmental Systems Research,NA,2193-2697,2026-06-10,NA,sn2026caul
EPJ Data Science,NA,2193-1127,2026-06-10,NA,sn2026caul
EPJ Quantum Technology,NA,2196-0763,2026-06-10,NA,sn2026caul
EPJ Techniques and Instrumentation,NA,2195-7045,2026-06-10,NA,sn2026caul
European Journal of Futures Research,NA,2195-2248,2026-06-10,NA,sn2026caul
European Radiology Experimental,NA,2509-9280,2026-06-10,NA,sn2026caul
European Transport Research Review,NA,1866-8887,2026-06-10,NA,sn2026caul
Fashion and Textiles,NA,2198-0802,2026-06-10,NA,sn2026caul
Financial Innovation,NA,2199-4730,2026-06-10,NA,sn2026caul
Fire Ecology,NA,1933-9747,2026-06-10,NA,sn2026caul
Fixed Point Theory and Algorithms for Sciences and Engineering,NA,2730-5422,2026-06-10,NA,sn2026caul
Food Science of Animal Resources,NA,2636-0780,2026-06-10,NA,sn2026caul
"Food, Nutrition and Health",NA,3059-2658,2026-06-10,NA,sn2026caul
Future Journal of Pharmaceutical Sciences,NA,2314-7253,2026-06-10,NA,sn2026caul
Genus,NA,2035-5556,2026-06-10,NA,sn2026caul
Geoenvironmental Disasters,NA,2197-8670,2026-06-10,NA,sn2026caul
Geoscience Letters,NA,2196-4092,2026-06-10,NA,sn2026caul
Geothermal Energy,NA,2195-9706,2026-06-10,NA,sn2026caul
"Green Technology, Resilience, and Sustainability",NA,2731-3425,2026-06-10,NA,sn2026caul
Humanities and Social Sciences Communications,NA,2662-9992,2026-06-10,NA,sn2026caul
Industrial Artificial Intelligence,NA,2731-667X,2026-06-10,NA,sn2026caul
Innovative Surgical Trends,NA,3059-4723,2026-06-10,NA,sn2026caul
Insights into Imaging,NA,1869-4101,2026-06-10,NA,sn2026caul
Intensive Care Medicine ? Paediatric and Neonatal,NA,2731-944X,2026-06-10,NA,sn2026caul
Intensive Care Medicine Experimental,NA,2197-425X,2026-06-10,NA,sn2026caul
International Journal of Air-Conditioning and Refrigeration,NA,2010-1333,2026-06-10,NA,sn2026caul
International Journal of Bipolar Disorders,NA,2194-7511,2026-06-10,NA,sn2026caul
International Journal of Computational Intelligence Systems,NA,1875-6883,2026-06-10,NA,sn2026caul
International Journal of Concrete Structures and Materials,NA,2234-1315,2026-06-10,NA,sn2026caul
International Journal of Disaster Risk Science,NA,2192-6395,2026-06-10,NA,sn2026caul
International Journal of Geo-Engineering,NA,2198-2783,2026-06-10,NA,sn2026caul
International Journal of Implant Dentistry,NA,2198-4034,2026-06-10,NA,sn2026caul
International Journal of Networked and Distributed Computing,NA,2211-7946,2026-06-10,NA,sn2026caul
International Journal of STEM Education,NA,2196-7822,2026-06-10,NA,sn2026caul
JA Clinical Reports,NA,2363-9024,2026-06-10,NA,sn2026caul
Journal of Analytical Science and Technology,NA,2093-3371,2026-06-10,NA,sn2026caul
Journal of Big Data,NA,2196-1115,2026-06-10,NA,sn2026caul
Journal of Cloud Computing,NA,2192-113X,2026-06-10,NA,sn2026caul
Journal of Disaster Science and Management,NA,3005-1746,2026-06-10,NA,sn2026caul
Journal of Economic Structures,NA,2193-2409,2026-06-10,NA,sn2026caul
Journal of Electric Propulsion,NA,2731-4596,2026-06-10,NA,sn2026caul
Journal of Inequalities and Applications,NA,1029-242X,2026-06-10,NA,sn2026caul
Journal of Information Display,NA,2158-1606,2026-06-10,NA,sn2026caul
Journal of Infrastructure Preservation and Resilience,NA,2662-2521,2026-06-10,NA,sn2026caul
Journal of Innovation and Entrepreneurship,NA,2192-5372,2026-06-10,NA,sn2026caul
Journal of International Humanitarian Action,NA,2364-3404,2026-06-10,NA,sn2026caul
Journal of King Saud University Computer and Information Sciences,NA,2213-1248,2026-06-10,NA,sn2026caul
Journal of Materials Science: Composites,NA,3059-3212,2026-06-10,NA,sn2026caul
Journal of Materials Science: Materials in Energy,NA,2948-2151,2026-06-10,NA,sn2026caul
Journal of Materials Science: Materials in Engineering,NA,3004-8958,2026-06-10,NA,sn2026caul
Journal of Materials Science: Materials in Medicine,NA,1573-4838,2026-06-10,NA,sn2026caul
Journal of Materials Science: Materials Theory,NA,3004-8966,2026-06-10,NA,sn2026caul
Journal of Materials Science: Metallurgy,NA,3091-3543,2026-06-10,NA,sn2026caul
Journal of Materials Science: Polymers,NA,3091-3489,2026-06-10,NA,sn2026caul
Journal of Mathematics in Industry,NA,2190-5983,2026-06-10,NA,sn2026caul
Journal of Medical Imaging and Interventional Radiology,NA,3004-8613,2026-06-10,NA,sn2026caul
Journal of Neuro-Oncology Discovery,NA,3091-3926,2026-06-10,NA,sn2026caul
Journal of New Approaches in Educational Research,NA,2254-7339,2026-06-10,NA,sn2026caul
Journal of Nonlinear Mathematical Physics,NA,1776-0852,2026-06-10,NA,sn2026caul
Journal of Ophthalmic Inflammation and Infection,NA,1869-5760,2026-06-10,NA,sn2026caul
Journal of Orthopaedics and Traumatology,NA,1590-9999,2026-06-10,NA,sn2026caul
Journal of Patient-Reported Outcomes,NA,2509-8020,2026-06-10,NA,sn2026caul
Journal of Petroleum Exploration and Production Technology,NA,2190-0566,2026-06-10,NA,sn2026caul
Journal of Saudi Chemical Society,NA,2212-4640,2026-06-10,NA,sn2026caul
Journal of Shipping and Trade,NA,2364-4575,2026-06-10,NA,sn2026caul
Journal of Statistical Theory and Applications,NA,2214-1766,2026-06-10,NA,sn2026caul
Journal of Sustainable Business,NA,3059-3174,2026-06-10,NA,sn2026caul
Journal of the Egyptian Public Health Association,NA,2090-262x,2026-06-10,NA,sn2026caul
Journal of the Meteorological Society of Japan,NA,2186-9057,2026-06-10,NA,sn2026caul
Journal of Wood Science,NA,1611-4663,2026-06-10,NA,sn2026caul
Journal on Advances in Signal Processing,NA,3091-4507,2026-06-10,NA,sn2026caul
"Journal on Audio, Speech, and Music Processing",NA,3091-4523,2026-06-10,NA,sn2026caul
Journal on Image and Video Processing,NA,3091-454X,2026-06-10,NA,sn2026caul
Journal on Information Security,NA,3091-4515,2026-06-10,NA,sn2026caul
Journal on Wireless Communications and Networking,NA,3091-4531,2026-06-10,NA,sn2026caul
Language Testing in Asia,NA,2229-0443,2026-06-10,NA,sn2026caul
Management & Marketing,NA,2069-8887,2026-06-10,NA,sn2026caul
Materials for Renewable and Sustainable Energy,NA,2194-1467,2026-06-10,NA,sn2026caul
Maxillofacial Plastic and Reconstructive Surgery,NA,2288-8586,2026-06-10,NA,sn2026caul
Metabologia,NA,3091-3241,2026-06-10,NA,sn2026caul
Micro & Nano Manufacturing,NA,3005-1495,2026-06-10,NA,sn2026caul
Micro and Nano Systems Letters,NA,2213-9621,2026-06-10,NA,sn2026caul
Microplastics and Nanoplastics,NA,2662-4966,2026-06-10,NA,sn2026caul
Molecular and Cellular Pediatrics,NA,2194-7791,2026-06-10,NA,sn2026caul
Molecular Biomedicine,NA,2662-8651,2026-06-10,NA,sn2026caul
Nano Convergence,NA,2196-5404,2026-06-10,NA,sn2026caul
Nano-Micro Letters,NA,2150-5551,2026-06-10,NA,sn2026caul
Natural Products and Bioprospecting,NA,2192-2209,2026-06-10,NA,sn2026caul
Neuroretina,NA,3059-3662,2026-06-10,NA,sn2026caul
PhotoniX,NA,2662-1991,2026-06-10,NA,sn2026caul
Process Science,NA,2948-2178,2026-06-10,NA,sn2026caul
Progress in Earth and Planetary Science,NA,2197-4284,2026-06-10,NA,sn2026caul
Progress in Orthodontics,NA,2196-1042,2026-06-10,NA,sn2026caul
Psicologia: Reflexão e Crítica,NA,1678-7153,2026-06-10,NA,sn2026caul
Rare Kidney Diseases,NA,3120-4228,2026-06-10,NA,sn2026caul
Research in Health Services & Regions,NA,2730-9827,2026-06-10,NA,sn2026caul
ROBOMECH Journal,NA,2197-4225,2026-06-10,NA,sn2026caul
Saudi Pharmaceutical Journal,NA,2213-7475,2026-06-10,NA,sn2026caul
Scandinavian Journal of Occupational Therapy,NA,1651-2014,2026-06-10,NA,sn2026caul
Schmalenbach Journal of Business Research,NA,2366-6153,2026-06-10,NA,sn2026caul
Scientific Journal of King Faisal University: Basic and Applied Sciences,NA,1658-8371,2026-06-10,NA,sn2026caul
Smart Learning Environments,NA,2196-7091,2026-06-10,NA,sn2026caul
SOLA,NA,1349-6476,2026-06-10,NA,sn2026caul
Space and Planetary Resources,NA,3059-4502,2026-06-10,NA,sn2026caul
Sports Medicine - Open,NA,2198-9761,2026-06-10,NA,sn2026caul
"Terrestrial, Atmospheric and Oceanic Sciences",NA,2311-7680,2026-06-10,NA,sn2026caul
The Saudi Dental Journal,NA,2524-1702,2026-06-10,NA,sn2026caul
Urban Rail Transit,NA,2199-6679,2026-06-10,NA,sn2026caul
Water Science,NA,2357-0008,2026-06-10,NA,sn2026caul
WheatOmics,NA,3059-3484,2026-06-10,NA,sn2026caul
Zeitschrift für Weiterbildungsforschung,NA,2364-0022,2026-06-10,NA,sn2026caul
Nature,NA,1476-4687,2026-06-10,NA,sn2026caul
Nature Aging,NA,2662-8465,2026-06-10,NA,sn2026caul
Nature Astronomy,NA,2397-3366,2026-06-10,NA,sn2026caul
Nature Biomedical Engineering,NA,2157-846X,2026-06-10,NA,sn2026caul
Nature Biotechnology,NA,1546-1696,2026-06-10,NA,sn2026caul
Nature Cancer,NA,2662-1347,2026-06-10,NA,sn2026caul
Nature Cardiovascular Research,NA,2731-0590,2026-06-10,NA,sn2026caul
Nature Catalysis,NA,2520-1158,2026-06-10,NA,sn2026caul
Nature Cell Biology,NA,1476-4679,2026-06-10,NA,sn2026caul
Nature Chemical Biology,NA,1552-4469,2026-06-10,NA,sn2026caul
Nature Chemical Engineering,NA,2948-1198,2026-06-10,NA,sn2026caul
Nature Chemistry,NA,1755-4349,2026-06-10,NA,sn2026caul
Nature Cities,NA,2731-9997,2026-06-10,NA,sn2026caul
Nature Climate Change,NA,1758-6798,2026-06-10,NA,sn2026caul
Nature Computational Science,NA,2662-8457,2026-06-10,NA,sn2026caul
Nature Ecology & Evolution,NA,2397-334X,2026-06-10,NA,sn2026caul
Nature Electronics,NA,2520-1131,2026-06-10,NA,sn2026caul
Nature Energy,NA,2058-7546,2026-06-10,NA,sn2026caul
Nature Food,NA,2662-1355,2026-06-10,NA,sn2026caul
Nature Genetics,NA,1546-1718,2026-06-10,NA,sn2026caul
Nature Geoscience,NA,1752-0908,2026-06-10,NA,sn2026caul
Nature Health,NA,3005-0693,2026-06-10,NA,sn2026caul
Nature Human Behaviour,NA,2397-3374,2026-06-10,NA,sn2026caul
Nature Immunology,NA,1529-2916,2026-06-10,NA,sn2026caul
Nature Machine Intelligence,NA,2522-5839,2026-06-10,NA,sn2026caul
Nature Materials,NA,1476-4660,2026-06-10,NA,sn2026caul
Nature Medicine,NA,1546-170X,2026-06-10,NA,sn2026caul
Nature Mental Health,NA,2731-6076,2026-06-10,NA,sn2026caul
Nature Metabolism,NA,2522-5812,2026-06-10,NA,sn2026caul
Nature Methods,NA,1548-7105,2026-06-10,NA,sn2026caul
Nature Microbiology,NA,2058-5276,2026-06-10,NA,sn2026caul
Nature Nanotechnology,NA,1748-3395,2026-06-10,NA,sn2026caul
Nature Neuroscience,NA,1546-1726,2026-06-10,NA,sn2026caul
Nature Photonics,NA,1749-4893,2026-06-10,NA,sn2026caul
Nature Physics,NA,1745-2481,2026-06-10,NA,sn2026caul
Nature Plants,NA,2055-0278,2026-06-10,NA,sn2026caul
Nature Sensors,NA,3059-4499,2026-06-10,NA,sn2026caul
Nature Structural & Molecular Biology,NA,1545-9985,2026-06-10,NA,sn2026caul
Nature Sustainability,NA,2398-9629,2026-06-10,NA,sn2026caul
Nature Synthesis,NA,2731-0582,2026-06-10,NA,sn2026caul
Nature Water,NA,2731-6084,2026-06-10,NA,sn2026caul
