journal_name,issn_print,issn_online,first_seen,last_seen,esac_id
Blue-Green Systems,NA,2617-4782,2026-01-09,NA,iwa2024eifl
H2Open Journal,NA,2616-6518,2026-01-09,NA,iwa2024eifl
Hydrology Research,NA,2224-7955,2026-01-09,NA,iwa2024eifl
Ingeneria del Agua,NA,1886-4996,2026-01-09,NA,iwa2024eifl
Journal of Hydroinformatics,NA,1465-1734,2026-01-09,NA,iwa2024eifl
Journal of Water and Climate Change,NA,2408-9354,2026-01-09,NA,iwa2024eifl
Journal of Water and Health,NA,1996-7829,2026-01-09,NA,iwa2024eifl
Water Reuse,NA,2709-6106,2026-01-09,NA,iwa2024eifl
"AQUA - Water Infrastructure, Ecosystems and Society",NA,2709-8036,2026-01-09,NA,iwa2024eifl
"Journal of Water, Sanitation and Hygiene for Development",NA,2408-9362,2026-01-09,NA,iwa2024eifl
Water Policy,NA,1996-9759,2026-01-09,NA,iwa2024eifl
Water Practice & Technology,NA,1751-231X,2026-01-09,NA,iwa2024eifl
Water Quality Research Journal,NA,2709-8052,2026-01-09,NA,iwa2024eifl
Water Science & Technology,NA,1996-9732,2026-01-09,NA,iwa2024eifl
Water Supply,NA,1607-0798,2026-01-09,NA,iwa2024eifl
AACE Endocrinology and Diabetes,NA,3050-9157,2026-05-21,NA,eme2025ukb
aBIOTECH,NA,2662-1738,2026-05-21,NA,eme2025ukb
Academic Pathology,NA,2374-2895,2026-05-21,NA,eme2025ukb
Academic Pediatrics,NA,1876-2859,2026-05-21,NA,eme2025ukb
Academic Radiology,NA,1076-6332,2026-05-21,NA,eme2025ukb
Accident Analysis & Prevention,NA,0001-4575,2026-05-21,NA,eme2025ukb
Accounting Open,NA,3050-5461,2026-05-21,NA,eme2025ukb
"Accounting, Organizations and Society",NA,0361-3682,2026-05-21,NA,eme2025ukb
Acta Astronautica,NA,0094-5765,2026-05-21,NA,eme2025ukb
Acta Biomaterialia,NA,1742-7061,2026-05-21,NA,eme2025ukb
Acta Colombiana de Cuidado Intensivo,NA,0122-7262,2026-05-21,NA,eme2025ukb
Acta Histochemica,NA,0065-1281,2026-05-21,NA,eme2025ukb
Acta Materialia,NA,1359-6454,2026-05-21,NA,eme2025ukb
Acta Oecologica,NA,1146-609X,2026-05-21,NA,eme2025ukb
Acta Otorrinolaringológica (English Edition),NA,2173-5735,2026-05-21,NA,eme2025ukb
Acta Otorrinolaringológica Española,NA,0001-6519,2026-05-21,NA,eme2025ukb
Acta Pharmaceutica Sinica B,NA,2211-3835,2026-05-21,NA,eme2025ukb
Acta Physico-Chimica Sinica,NA,1000-6818,2026-05-21,NA,eme2025ukb
Acta Psychologica,NA,0001-6918,2026-05-21,NA,eme2025ukb
Acta Tropica,NA,0001-706X,2026-05-21,NA,eme2025ukb
Actas Urológicas Españolas,NA,0210-4806,2026-05-21,NA,eme2025ukb
Actas Urológicas Españolas (English Edition),NA,2173-5786,2026-05-21,NA,eme2025ukb
Ad Hoc Networks,NA,1570-8705,2026-05-21,NA,eme2025ukb
Addiction Neuroscience,NA,2772-3925,2026-05-21,NA,eme2025ukb
Addictive Behaviors,NA,0306-4603,2026-05-21,NA,eme2025ukb
Addictive Behaviors Reports,NA,2352-8532,2026-05-21,NA,eme2025ukb
Additive Manufacturing,NA,2214-8604,2026-05-21,NA,eme2025ukb
Additive Manufacturing Letters,NA,2772-3690,2026-05-21,NA,eme2025ukb
Advanced Drug Delivery Reviews,NA,0169-409X,2026-05-21,NA,eme2025ukb
Advanced Engineering Informatics,NA,1474-0346,2026-05-21,NA,eme2025ukb
Advanced Powder Technology,NA,0921-8831,2026-05-21,NA,eme2025ukb
Advanced Sensor and Energy Materials,NA,2773-045X,2026-05-21,NA,eme2025ukb
Advances in Accounting,NA,0882-6110,2026-05-21,NA,eme2025ukb
Advances in Applied Energy,NA,2666-7924,2026-05-21,NA,eme2025ukb
Advances in Applied Mathematics,NA,0196-8858,2026-05-21,NA,eme2025ukb
Advances in Bamboo Science,NA,2773-1391,2026-05-21,NA,eme2025ukb
Advances in Biological Regulation,NA,2212-4926,2026-05-21,NA,eme2025ukb
Advances in Business and Management Research,NA,3051-0511,2026-05-21,NA,eme2025ukb
Advances in Cancer Biology - Metastasis,NA,2667-3940,2026-05-21,NA,eme2025ukb
Advances in Colloid and Interface Science,NA,0001-8686,2026-05-21,NA,eme2025ukb
Advances in Engineering Software,NA,0965-9978,2026-05-21,NA,eme2025ukb
Advances in Industrial and Manufacturing Engineering,NA,2666-9129,2026-05-21,NA,eme2025ukb
Advances in Integrative Medicine,NA,2212-9588,2026-05-21,NA,eme2025ukb
Advances in Kidney Disease and Health,NA,2949-8139,2026-05-21,NA,eme2025ukb
Advances in Life Course Research,NA,1569-4909,2026-05-21,NA,eme2025ukb
Advances in Mathematics,NA,0001-8708,2026-05-21,NA,eme2025ukb
Advances in Medical Sciences,NA,1896-1126,2026-05-21,NA,eme2025ukb
Advances in Nutrition,NA,2161-8313,2026-05-21,NA,eme2025ukb
Advances in Ophthalmology Practice and Research,NA,2667-3762,2026-05-21,NA,eme2025ukb
Advances in Oral and Maxillofacial Surgery,NA,2667-1476,2026-05-21,NA,eme2025ukb
Advances in Patient-Reported Outcomes,NA,3050-6964,2026-05-21,NA,eme2025ukb
Advances in Radiation Oncology,NA,2452-1094,2026-05-21,NA,eme2025ukb
Advances in Redox Research,NA,2667-1379,2026-05-21,NA,eme2025ukb
Advances in Sample Preparation,NA,2772-5820,2026-05-21,NA,eme2025ukb
Advances in Space Research,NA,0273-1177,2026-05-21,NA,eme2025ukb
Advances in Water Resources,NA,0309-1708,2026-05-21,NA,eme2025ukb
Advancing Medical-Surgical Nursing,NA,3050-8592,2026-05-21,NA,eme2025ukb
Aeolian Research,NA,1875-9637,2026-05-21,NA,eme2025ukb
Aerospace Science and Technology,NA,1270-9638,2026-05-21,NA,eme2025ukb
AEÜ - International Journal of Electronics and Communications,NA,1434-8411,2026-05-21,NA,eme2025ukb
African Journal of Emergency Medicine,NA,2211-419X,2026-05-21,NA,eme2025ukb
African Transport Studies,NA,2950-1962,2026-05-21,NA,eme2025ukb
Ageing Research Reviews,NA,1568-1637,2026-05-21,NA,eme2025ukb
Aggression and Violent Behavior,NA,1359-1789,2026-05-21,NA,eme2025ukb
Aging and Health Research,NA,2667-0321,2026-05-21,NA,eme2025ukb
Aging Brain,NA,2589-9589,2026-05-21,NA,eme2025ukb
Agricultural and Forest Meteorology,NA,0168-1923,2026-05-21,NA,eme2025ukb
Agricultural Systems,NA,0308-521X,2026-05-21,NA,eme2025ukb
Agricultural Water Management,NA,0378-3774,2026-05-21,NA,eme2025ukb
"Agriculture, Ecosystems & Environment",NA,0167-8809,2026-05-21,NA,eme2025ukb
AI Thermal Fluids,NA,3050-5852,2026-05-21,NA,eme2025ukb
Ain Shams Engineering Journal,NA,2090-4479,2026-05-21,NA,eme2025ukb
Air Medical Journal,NA,1067-991X,2026-05-21,NA,eme2025ukb
AJO International,NA,2950-2535,2026-05-21,NA,eme2025ukb
AJO-DO Clinical Companion,NA,2666-4305,2026-05-21,NA,eme2025ukb
AJOG Global Reports,NA,2666-5778,2026-05-21,NA,eme2025ukb
AJPM Focus,NA,2773-0654,2026-05-21,NA,eme2025ukb
Alcohol,NA,0741-8329,2026-05-21,NA,eme2025ukb
Alexandria Engineering Journal,NA,1110-0168,2026-05-21,NA,eme2025ukb
Algal Research,NA,2211-9264,2026-05-21,NA,eme2025ukb
American Heart Journal,NA,0002-8703,2026-05-21,NA,eme2025ukb
American Heart Journal Plus: Cardiology Research and Practice,NA,2666-6022,2026-05-21,NA,eme2025ukb
American Journal of Emergency Medicine,NA,0735-6757,2026-05-21,NA,eme2025ukb
American Journal of Infection Control,NA,0196-6553,2026-05-21,NA,eme2025ukb
American Journal of Kidney Diseases,NA,0272-6386,2026-05-21,NA,eme2025ukb
American Journal of Medicine Open,NA,2667-0364,2026-05-21,NA,eme2025ukb
American Journal of Obstetrics & Gynecology,NA,0002-9378,2026-05-21,NA,eme2025ukb
American Journal of Obstetrics & Gynecology MFM,NA,2589-9333,2026-05-21,NA,eme2025ukb
American Journal of Ophthalmology,NA,0002-9394,2026-05-21,NA,eme2025ukb
American Journal of Ophthalmology Case Reports,NA,2451-9936,2026-05-21,NA,eme2025ukb
American Journal of Orthodontics and Dentofacial Orthopedics,NA,0889-5406,2026-05-21,NA,eme2025ukb
American Journal of Otolaryngology,NA,0196-0709,2026-05-21,NA,eme2025ukb
American Journal of Pharmaceutical Education,NA,0002-9459,2026-05-21,NA,eme2025ukb
American Journal of Preventive Cardiology,NA,2666-6677,2026-05-21,NA,eme2025ukb
American Journal of Preventive Medicine,NA,0749-3797,2026-05-21,NA,eme2025ukb
American Journal of Transplantation,NA,1600-6135,2026-05-21,NA,eme2025ukb
Ampersand,NA,2215-0390,2026-05-21,NA,eme2025ukb
Anaerobe,NA,1075-9964,2026-05-21,NA,eme2025ukb
Anaesthesia Critical Care & Pain Medicine,NA,2352-5568,2026-05-21,NA,eme2025ukb
Analytic Methods in Accident Research,NA,2213-6657,2026-05-21,NA,eme2025ukb
Analytica Chimica Acta,NA,0003-2670,2026-05-21,NA,eme2025ukb
Analytical Biochemistry,NA,0003-2697,2026-05-21,NA,eme2025ukb
Anesthésie & Réanimation,NA,2352-5800,2026-05-21,NA,eme2025ukb
animal,NA,1751-7311,2026-05-21,NA,eme2025ukb
animal - open space,NA,2772-6940,2026-05-21,NA,eme2025ukb
Animal Behaviour,NA,0003-3472,2026-05-21,NA,eme2025ukb
Animal Feed Science and Technology,NA,0377-8401,2026-05-21,NA,eme2025ukb
Animal Reproduction Science,NA,0378-4320,2026-05-21,NA,eme2025ukb
Annales de Chirurgie Plastique Esthétique,NA,0294-1260,2026-05-21,NA,eme2025ukb
Annales de Dermatologie et de Vénéréologie,NA,0151-9638,2026-05-21,NA,eme2025ukb
Annales de Paléontologie,NA,0753-3969,2026-05-21,NA,eme2025ukb
Annales de Pathologie,NA,0242-6498,2026-05-21,NA,eme2025ukb
Annales d'Endocrinologie,NA,0003-4266,2026-05-21,NA,eme2025ukb
Annales Françaises d'Oto-Rhino-Laryngologie et de Pathologie Cervico-Faciale,NA,1879-7261,2026-05-21,NA,eme2025ukb
Annales Médico-Psychologiques,NA,0003-4487,2026-05-21,NA,eme2025ukb
Annals of 3D Printed Medicine,NA,2666-9641,2026-05-21,NA,eme2025ukb
Annals of Agricultural Sciences,NA,0570-1783,2026-05-21,NA,eme2025ukb
"Annals of Allergy, Asthma & Immunology",NA,1081-1206,2026-05-21,NA,eme2025ukb
Annals of Anatomy,NA,0940-9602,2026-05-21,NA,eme2025ukb
Annals of Diagnostic Pathology,NA,1092-9134,2026-05-21,NA,eme2025ukb
Annals of Emergency Medicine,NA,0196-0644,2026-05-21,NA,eme2025ukb
Annals of Epidemiology,NA,1047-2797,2026-05-21,NA,eme2025ukb
Annals of Hepatology,NA,1665-2681,2026-05-21,NA,eme2025ukb
Annals of Intensive Care,NA,2110-5820,2026-05-21,NA,eme2025ukb
Annals of Nuclear Energy,NA,0306-4549,2026-05-21,NA,eme2025ukb
Annals of Oncology,NA,0923-7534,2026-05-21,NA,eme2025ukb
Annals of Physical and Rehabilitation Medicine,NA,1877-0657,2026-05-21,NA,eme2025ukb
Annals of Physics,NA,0003-4916,2026-05-21,NA,eme2025ukb
Annals of Pure and Applied Logic,NA,0168-0072,2026-05-21,NA,eme2025ukb
Annals of the Rheumatic Diseases,NA,0003-4967,2026-05-21,NA,eme2025ukb
Annals of Thoracic Surgery Short Reports,NA,2772-9931,2026-05-21,NA,eme2025ukb
Annals of Tourism Research,NA,0160-7383,2026-05-21,NA,eme2025ukb
Annals of Tourism Research Empirical Insights,NA,2666-9579,2026-05-21,NA,eme2025ukb
Annals of Vascular Surgery,NA,0890-5096,2026-05-21,NA,eme2025ukb
Annals of Vascular Surgery - Brief Reports and Innovations,NA,2772-6878,2026-05-21,NA,eme2025ukb
Annual Reviews in Control,NA,1367-5788,2026-05-21,NA,eme2025ukb
Anthropocene,NA,2213-3054,2026-05-21,NA,eme2025ukb
Antiviral Research,NA,0166-3542,2026-05-21,NA,eme2025ukb
Appetite,NA,0195-6663,2026-05-21,NA,eme2025ukb
Appetite: Disordered Eating,NA,3117-3950,2026-05-21,NA,eme2025ukb
Applications in Energy and Combustion Science,NA,2666-352X,2026-05-21,NA,eme2025ukb
Applications in Engineering Science,NA,2666-4968,2026-05-21,NA,eme2025ukb
Applied Acoustics,NA,0003-682X,2026-05-21,NA,eme2025ukb
Applied and Computational Harmonic Analysis,NA,1063-5203,2026-05-21,NA,eme2025ukb
Applied Animal Behaviour Science,NA,0168-1591,2026-05-21,NA,eme2025ukb
Applied Animal Science,NA,2590-2865,2026-05-21,NA,eme2025ukb
Applied Biomolecules: Bioactive Materials,NA,3117-5031,2026-05-21,NA,eme2025ukb
Applied Catalysis A: General,NA,0926-860X,2026-05-21,NA,eme2025ukb
Applied Catalysis B: Environment and Energy,NA,0926-3373,2026-05-21,NA,eme2025ukb
Applied Catalysis O: Open,NA,2950-6484,2026-05-21,NA,eme2025ukb
Applied Clay Science,NA,0169-1317,2026-05-21,NA,eme2025ukb
Applied Computing and Geosciences,NA,2590-1974,2026-05-21,NA,eme2025ukb
Applied Corpus Linguistics,NA,2666-7991,2026-05-21,NA,eme2025ukb
Applied Energy,NA,0306-2619,2026-05-21,NA,eme2025ukb
Applied Ergonomics,NA,0003-6870,2026-05-21,NA,eme2025ukb
Applied Food Research,NA,2772-5022,2026-05-21,NA,eme2025ukb
Applied Geochemistry,NA,0883-2927,2026-05-21,NA,eme2025ukb
Applied Geography,NA,0143-6228,2026-05-21,NA,eme2025ukb
Applied Materials Today,NA,2352-9407,2026-05-21,NA,eme2025ukb
Applied Mathematical Modelling,NA,0307-904X,2026-05-21,NA,eme2025ukb
Applied Mathematics and Computation,NA,0096-3003,2026-05-21,NA,eme2025ukb
Applied Mathematics Letters,NA,0893-9659,2026-05-21,NA,eme2025ukb
Applied Numerical Mathematics,NA,0168-9274,2026-05-21,NA,eme2025ukb
Applied Nursing Research,NA,0897-1897,2026-05-21,NA,eme2025ukb
Applied Ocean Research,NA,0141-1187,2026-05-21,NA,eme2025ukb
Applied Radiation and Isotopes,NA,0969-8043,2026-05-21,NA,eme2025ukb
Applied Soft Computing,NA,1568-4946,2026-05-21,NA,eme2025ukb
Applied Soil Ecology,NA,0929-1393,2026-05-21,NA,eme2025ukb
Applied Studies in Innovative Learning and Teaching,NA,3051-3243,2026-05-21,NA,eme2025ukb
Applied Surface Science,NA,0169-4332,2026-05-21,NA,eme2025ukb
Applied Surface Science Advances,NA,2666-5239,2026-05-21,NA,eme2025ukb
Applied Thermal Engineering,NA,1359-4311,2026-05-21,NA,eme2025ukb
Aquacultural Engineering,NA,0144-8609,2026-05-21,NA,eme2025ukb
Aquaculture,NA,0044-8486,2026-05-21,NA,eme2025ukb
Aquaculture Reports,NA,2352-5134,2026-05-21,NA,eme2025ukb
Aquatic Botany,NA,0304-3770,2026-05-21,NA,eme2025ukb
Aquatic Toxicology,NA,0166-445X,2026-05-21,NA,eme2025ukb
Arab Journal of Gastroenterology,NA,1687-1979,2026-05-21,NA,eme2025ukb
Archaeological Research in Asia,NA,2352-2267,2026-05-21,NA,eme2025ukb
Archives de Pédiatrie,NA,0929-693X,2026-05-21,NA,eme2025ukb
Archives des Maladies du Coeur et des Vaisseaux: Pratique,NA,1261-694X,2026-05-21,NA,eme2025ukb
Archives des Maladies Professionnelles et de l'Environnement,NA,1775-8785,2026-05-21,NA,eme2025ukb
Archives of Biochemistry and Biophysics,NA,0003-9861,2026-05-21,NA,eme2025ukb
Archives of Cardiovascular Diseases,NA,1875-2136,2026-05-21,NA,eme2025ukb
Archives of Gerontology and Geriatrics,NA,0167-4943,2026-05-21,NA,eme2025ukb
Archives of Gerontology and Geriatrics Plus,NA,2950-3078,2026-05-21,NA,eme2025ukb
Archives of Legal Medicine,NA,2950-3949,2026-05-21,NA,eme2025ukb
Archives of Medical Research,NA,0188-4409,2026-05-21,NA,eme2025ukb
Archives of Oral Biology,NA,0003-9969,2026-05-21,NA,eme2025ukb
Archives of Physical Medicine and Rehabilitation,NA,0003-9993,2026-05-21,NA,eme2025ukb
Archives of Psychiatric Nursing,NA,0883-9417,2026-05-21,NA,eme2025ukb
Archives of Rehabilitation Research and Clinical Translation,NA,2590-1095,2026-05-21,NA,eme2025ukb
Archivos de Bronconeumología,NA,0300-2896,2026-05-21,NA,eme2025ukb
Archivos de la Sociedad Española de Oftalmología,NA,0365-6691,2026-05-21,NA,eme2025ukb
Archivos de la Sociedad Española de Oftalmología (English Edition),NA,2173-5794,2026-05-21,NA,eme2025ukb
Array,NA,2590-0056,2026-05-21,NA,eme2025ukb
Arthroplasty Today,NA,2352-3441,2026-05-21,NA,eme2025ukb
Arthropod Structure & Development,NA,1467-8039,2026-05-21,NA,eme2025ukb
Artificial Intelligence,NA,0004-3702,2026-05-21,NA,eme2025ukb
Artificial Intelligence Chemistry,NA,2949-7477,2026-05-21,NA,eme2025ukb
Artificial Intelligence for Transportation,NA,3050-8606,2026-05-21,NA,eme2025ukb
Artificial Intelligence in Emergency Medicine,NA,3051-2883,2026-05-21,NA,eme2025ukb
Artificial Intelligence in Medicine,NA,0933-3657,2026-05-21,NA,eme2025ukb
Artificial Intelligence in the Life Sciences,NA,2667-3185,2026-05-21,NA,eme2025ukb
Asia and the Global Economy,NA,2667-1115,2026-05-21,NA,eme2025ukb
Asia Pacific Management Review,NA,1029-3132,2026-05-21,NA,eme2025ukb
Asian Journal of Psychiatry,NA,1876-2018,2026-05-21,NA,eme2025ukb
Asian Journal of Social Science,NA,1568-4849,2026-05-21,NA,eme2025ukb
Asian Transport Studies,NA,2185-5560,2026-05-21,NA,eme2025ukb
Asia-Pacific Journal of Oncology Nursing,NA,2347-5625,2026-05-21,NA,eme2025ukb
Asia-Pacific Journal of Ophthalmology,NA,2162-0989,2026-05-21,NA,eme2025ukb
Aspects of Molecular Medicine,NA,2949-6888,2026-05-21,NA,eme2025ukb
ASPET Discovery,NA,3050-5674,2026-05-21,NA,eme2025ukb
Assessing Writing,NA,1075-2935,2026-05-21,NA,eme2025ukb
Astronomy and Computing,NA,2213-1337,2026-05-21,NA,eme2025ukb
Astroparticle Physics,NA,0927-6505,2026-05-21,NA,eme2025ukb
Atención Primaria,NA,0212-6567,2026-05-21,NA,eme2025ukb
Atherosclerosis,NA,0021-9150,2026-05-21,NA,eme2025ukb
Atherosclerosis Plus,NA,2667-0895,2026-05-21,NA,eme2025ukb
Atmospheric Environment,NA,1352-2310,2026-05-21,NA,eme2025ukb
Atmospheric Environment: X,NA,2590-1621,2026-05-21,NA,eme2025ukb
Atmospheric Pollution Research,NA,1309-1042,2026-05-21,NA,eme2025ukb
Atmospheric Research,NA,0169-8095,2026-05-21,NA,eme2025ukb
Atomic Data and Nuclear Data Tables,NA,0092-640X,2026-05-21,NA,eme2025ukb
Auris Nasus Larynx,NA,0385-8146,2026-05-21,NA,eme2025ukb
Australasian Emergency Care,NA,2588-994X,2026-05-21,NA,eme2025ukb
Australian and New Zealand Journal of Public Health,NA,1326-0200,2026-05-21,NA,eme2025ukb
Australian Critical Care,NA,1036-7314,2026-05-21,NA,eme2025ukb
Autoimmunity Reviews,NA,1568-9972,2026-05-21,NA,eme2025ukb
Automatica,NA,0005-1098,2026-05-21,NA,eme2025ukb
Automation in Construction,NA,0926-5805,2026-05-21,NA,eme2025ukb
Autonomic Neuroscience: Basic and Clinical,NA,1566-0702,2026-05-21,NA,eme2025ukb
Bacteriophage,NA,3051-2697,2026-05-21,NA,eme2025ukb
Basic and Applied Ecology,NA,1439-1791,2026-05-21,NA,eme2025ukb
BBA Advances,NA,2667-1603,2026-05-21,NA,eme2025ukb
Behavior Therapy,NA,0005-7894,2026-05-21,NA,eme2025ukb
Behaviour Research and Therapy,NA,0005-7967,2026-05-21,NA,eme2025ukb
Behavioural Brain Research,NA,0166-4328,2026-05-21,NA,eme2025ukb
Behavioural Processes,NA,0376-6357,2026-05-21,NA,eme2025ukb
Best Practice & Research Clinical Anaesthesiology,NA,1521-6896,2026-05-21,NA,eme2025ukb
Best Practice & Research Clinical Endocrinology & Metabolism,NA,1521-690X,2026-05-21,NA,eme2025ukb
Best Practice & Research Clinical Gastroenterology,NA,1521-6918,2026-05-21,NA,eme2025ukb
Best Practice & Research Clinical Haematology,NA,1521-6926,2026-05-21,NA,eme2025ukb
Best Practice & Research Clinical Obstetrics & Gynaecology,NA,1521-6934,2026-05-21,NA,eme2025ukb
Best Practice & Research Clinical Rheumatology,NA,1521-6942,2026-05-21,NA,eme2025ukb
Big Data Research,NA,2214-5796,2026-05-21,NA,eme2025ukb
Bioactive Carbohydrates and Dietary Fibre,NA,2212-6198,2026-05-21,NA,eme2025ukb
Biocatalysis and Agricultural Biotechnology,NA,1878-8181,2026-05-21,NA,eme2025ukb
Biochemical and Biophysical Research Communications,NA,0006-291X,2026-05-21,NA,eme2025ukb
Biochemical Engineering Journal,NA,1369-703X,2026-05-21,NA,eme2025ukb
Biochemical Pharmacology,NA,0006-2952,2026-05-21,NA,eme2025ukb
Biochemical Systematics and Ecology,NA,0305-1978,2026-05-21,NA,eme2025ukb
Biochemistry and Biophysics Reports,NA,2405-5808,2026-05-21,NA,eme2025ukb
Biochimica et Biophysica Acta: Bioenergetics,NA,0005-2728,2026-05-21,NA,eme2025ukb
Biochimica et Biophysica Acta: Biomembranes,NA,0005-2736,2026-05-21,NA,eme2025ukb
Biochimica et Biophysica Acta: Gene Regulatory Mechanisms,NA,1874-9399,2026-05-21,NA,eme2025ukb
Biochimica et Biophysica Acta: General Subjects,NA,0304-4165,2026-05-21,NA,eme2025ukb
Biochimica et Biophysica Acta: Molecular and Cell Biology of Lipids,NA,1388-1981,2026-05-21,NA,eme2025ukb
Biochimica et Biophysica Acta: Molecular Basis of Disease,NA,0925-4439,2026-05-21,NA,eme2025ukb
Biochimica et Biophysica Acta: Molecular Cell Research,NA,0167-4889,2026-05-21,NA,eme2025ukb
Biochimica et Biophysica Acta: Proteins and Proteomics,NA,1570-9639,2026-05-21,NA,eme2025ukb
Biochimica et Biophysica Acta: Reviews on Cancer,NA,0304-419X,2026-05-21,NA,eme2025ukb
Biochimie,NA,0300-9084,2026-05-21,NA,eme2025ukb
Biocybernetics and Biomedical Engineering,NA,0208-5216,2026-05-21,NA,eme2025ukb
BioDesign Research,NA,2693-1257,2026-05-21,NA,eme2025ukb
Bioelectrochemistry,NA,1567-5394,2026-05-21,NA,eme2025ukb
Biofilm,NA,2590-2075,2026-05-21,NA,eme2025ukb
Biological Conservation,NA,0006-3207,2026-05-21,NA,eme2025ukb
Biological Control,NA,1049-9644,2026-05-21,NA,eme2025ukb
Biological Psychiatry,NA,0006-3223,2026-05-21,NA,eme2025ukb
Biological Psychiatry Global Open Science,NA,2667-1743,2026-05-21,NA,eme2025ukb
Biological Psychiatry: Cognitive Neuroscience and Neuroimaging,NA,2451-9022,2026-05-21,NA,eme2025ukb
Biological Psychology,NA,0301-0511,2026-05-21,NA,eme2025ukb
Biologicals,NA,1045-1056,2026-05-21,NA,eme2025ukb
Biomarkers in Neuropsychiatry,NA,2666-1446,2026-05-21,NA,eme2025ukb
Biomass & Bioenergy,NA,0961-9534,2026-05-21,NA,eme2025ukb
Biomass Futures,NA,3051-4444,2026-05-21,NA,eme2025ukb
Biomaterials,NA,0142-9612,2026-05-21,NA,eme2025ukb
Biomaterials Advances,NA,2772-9508,2026-05-21,NA,eme2025ukb
Biomaterials and Biosystems,NA,2666-5344,2026-05-21,NA,eme2025ukb
Biomaterials and Living Medicine for Pharmaceutics,NA,3117-4663,2026-05-21,NA,eme2025ukb
Biomedical Engineering Advances,NA,2667-0992,2026-05-21,NA,eme2025ukb
Biomedical Journal,NA,2319-4170,2026-05-21,NA,eme2025ukb
Biomedical Signal Processing and Control,NA,1746-8094,2026-05-21,NA,eme2025ukb
Biomedicine & Pharmacotherapy,NA,0753-3322,2026-05-21,NA,eme2025ukb
Bioorganic & Medicinal Chemistry,NA,0968-0896,2026-05-21,NA,eme2025ukb
Bioorganic & Medicinal Chemistry Letters,NA,0960-894X,2026-05-21,NA,eme2025ukb
Bioorganic Chemistry,NA,0045-2068,2026-05-21,NA,eme2025ukb
Biophysical Chemistry,NA,0301-4622,2026-05-21,NA,eme2025ukb
Biophysical Reports,NA,2667-0747,2026-05-21,NA,eme2025ukb
Bioprinting,NA,2405-8866,2026-05-21,NA,eme2025ukb
Bioresource Technology,NA,0960-8524,2026-05-21,NA,eme2025ukb
Bioresource Technology Reports,NA,2589-014X,2026-05-21,NA,eme2025ukb
Biosafety and Health,NA,2590-0536,2026-05-21,NA,eme2025ukb
Biosensors and Bioelectronics,NA,0956-5663,2026-05-21,NA,eme2025ukb
Biosensors and Bioelectronics: X,NA,2590-1370,2026-05-21,NA,eme2025ukb
BioSystems,NA,0303-2647,2026-05-21,NA,eme2025ukb
Biosystems Engineering,NA,1537-5110,2026-05-21,NA,eme2025ukb
Biotechnology Advances,NA,0734-9750,2026-05-21,NA,eme2025ukb
Biotechnology Reports,NA,2215-017X,2026-05-21,NA,eme2025ukb
BJA Education,NA,2058-5349,2026-05-21,NA,eme2025ukb
BJA Open,NA,2772-6096,2026-05-21,NA,eme2025ukb
"Blood Cells, Molecules and Diseases",NA,1079-9796,2026-05-21,NA,eme2025ukb
Blood Reviews,NA,0268-960X,2026-05-21,NA,eme2025ukb
Body Image,NA,1740-1445,2026-05-21,NA,eme2025ukb
Boletín de la Sociedad Española de Cerámica y Vidrio,NA,0366-3175,2026-05-21,NA,eme2025ukb
Bone,NA,8756-3282,2026-05-21,NA,eme2025ukb
Bone Reports,NA,2352-1872,2026-05-21,NA,eme2025ukb
Brachytherapy,NA,1538-4721,2026-05-21,NA,eme2025ukb
Brain & Development,NA,0387-7604,2026-05-21,NA,eme2025ukb
Brain and Cognition,NA,0278-2626,2026-05-21,NA,eme2025ukb
Brain and Development Case Reports,NA,2950-2217,2026-05-21,NA,eme2025ukb
Brain and Environment,NA,3050-5917,2026-05-21,NA,eme2025ukb
Brain and Language,NA,0093-934X,2026-05-21,NA,eme2025ukb
Brain and Spine,NA,2772-5294,2026-05-21,NA,eme2025ukb
Brain Behavior and Immunity Integrative,NA,2949-8341,2026-05-21,NA,eme2025ukb
Brain Disorders,NA,2666-4593,2026-05-21,NA,eme2025ukb
Brain Mechanisms,NA,3050-6425,2026-05-21,NA,eme2025ukb
Brain Organoid and Systems Neuroscience Journal,NA,2949-9216,2026-05-21,NA,eme2025ukb
Brain Research,NA,0006-8993,2026-05-21,NA,eme2025ukb
Brain Research Bulletin,NA,0361-9230,2026-05-21,NA,eme2025ukb
Brain Stimulation,NA,1935-861X,2026-05-21,NA,eme2025ukb
"Brain, Behavior, & Immunity - Health",NA,2666-3546,2026-05-21,NA,eme2025ukb
"Brain, Behavior, and Immunity",NA,0889-1591,2026-05-21,NA,eme2025ukb
Brazilian Journal of Otorhinolaryngology,NA,1808-8694,2026-05-21,NA,eme2025ukb
Brazilian Journal of Physical Therapy,NA,1413-3555,2026-05-21,NA,eme2025ukb
British Journal of Anaesthesia,NA,0007-0912,2026-05-21,NA,eme2025ukb
British Journal of Oral and Maxillofacial Surgery,NA,0266-4356,2026-05-21,NA,eme2025ukb
Building and Environment,NA,0360-1323,2026-05-21,NA,eme2025ukb
Bulletin des Sciences Mathématiques,NA,0007-4497,2026-05-21,NA,eme2025ukb
Bulletin du Cancer,NA,0007-4551,2026-05-21,NA,eme2025ukb
Burns,NA,0305-4179,2026-05-21,NA,eme2025ukb
Burns Open,NA,2468-9122,2026-05-21,NA,eme2025ukb
Business Horizons,NA,0007-6813,2026-05-21,NA,eme2025ukb
Cahiers de Nutrition et de Diététique,NA,0007-9960,2026-05-21,NA,eme2025ukb
Calphad,NA,0364-5916,2026-05-21,NA,eme2025ukb
Canadian Journal of Cardiology,NA,0828-282X,2026-05-21,NA,eme2025ukb
Canadian Journal of Diabetes,NA,1499-2671,2026-05-21,NA,eme2025ukb
Canadian Journal of Ophthalmology,NA,0008-4182,2026-05-21,NA,eme2025ukb
Cancer Epidemiology,NA,1877-7821,2026-05-21,NA,eme2025ukb
Cancer Genetics,NA,2210-7762,2026-05-21,NA,eme2025ukb
Cancer Letters,NA,0304-3835,2026-05-21,NA,eme2025ukb
Cancer Neuroscience,NA,3051-3235,2026-05-21,NA,eme2025ukb
Cancer Pathogenesis and Therapy,NA,2949-7132,2026-05-21,NA,eme2025ukb
Cancer Radiothérapie,NA,1278-3218,2026-05-21,NA,eme2025ukb
Cancer Treatment and Research Communications,NA,2468-2942,2026-05-21,NA,eme2025ukb
Cancer Treatment Reviews,NA,0305-7372,2026-05-21,NA,eme2025ukb
Carbohydrate Polymer Technologies and Applications,NA,2666-8939,2026-05-21,NA,eme2025ukb
Carbohydrate Polymers,NA,0144-8617,2026-05-21,NA,eme2025ukb
Carbohydrate Research,NA,0008-6215,2026-05-21,NA,eme2025ukb
Carbon,NA,0008-6223,2026-05-21,NA,eme2025ukb
Carbon Capture Science & Technology,NA,2772-6568,2026-05-21,NA,eme2025ukb
Carbon Neutral Technologies,NA,3050-6603,2026-05-21,NA,eme2025ukb
Carbon Trends,NA,2667-0569,2026-05-21,NA,eme2025ukb
Cardiovascular Pathology,NA,1054-8807,2026-05-21,NA,eme2025ukb
Cardiovascular Revascularization Medicine,NA,1553-8389,2026-05-21,NA,eme2025ukb
Cardiovascular Revascularization Medicine: Interesting Cases,NA,2950-2756,2026-05-21,NA,eme2025ukb
CASE,NA,2468-6441,2026-05-21,NA,eme2025ukb
Case Reports in Women's Health,NA,2214-9112,2026-05-21,NA,eme2025ukb
Case Studies in Chemical and Environmental Engineering,NA,2666-0164,2026-05-21,NA,eme2025ukb
Case Studies in Construction Materials,NA,2214-5095,2026-05-21,NA,eme2025ukb
Case Studies in Thermal Engineering,NA,2214-157X,2026-05-21,NA,eme2025ukb
Case Studies on Transport Policy,NA,2213-624X,2026-05-21,NA,eme2025ukb
Catalysis Today,NA,0920-5861,2026-05-21,NA,eme2025ukb
CATENA,NA,0341-8162,2026-05-21,NA,eme2025ukb
Cell Calcium,NA,0143-4160,2026-05-21,NA,eme2025ukb
Cell Death,NA,3051-1151,2026-05-21,NA,eme2025ukb
Cell Genomics,NA,2666-979X,2026-05-21,NA,eme2025ukb
Cell Insight,NA,2772-8927,2026-05-21,NA,eme2025ukb
Cell Reports,NA,2211-1247,2026-05-21,NA,eme2025ukb
Cell Reports Medicine,NA,2666-3791,2026-05-21,NA,eme2025ukb
Cell Reports Methods,NA,2667-2375,2026-05-21,NA,eme2025ukb
Cell Reports Physical Science,NA,2666-3864,2026-05-21,NA,eme2025ukb
Cell Reports Sustainability,NA,2949-7906,2026-05-21,NA,eme2025ukb
Cell Stress and Chaperones,NA,1355-8145,2026-05-21,NA,eme2025ukb
Cells & Development,NA,2667-2901,2026-05-21,NA,eme2025ukb
Cellular and Molecular Gastroenterology and Hepatology,NA,2352-345X,2026-05-21,NA,eme2025ukb
Cellular Immunology,NA,0008-8749,2026-05-21,NA,eme2025ukb
Cellular Signalling,NA,0898-6568,2026-05-21,NA,eme2025ukb
Cement,NA,2666-5492,2026-05-21,NA,eme2025ukb
Cement and Concrete Composites,NA,0958-9465,2026-05-21,NA,eme2025ukb
Cement and Concrete Research,NA,0008-8846,2026-05-21,NA,eme2025ukb
Ceramics International,NA,0272-8842,2026-05-21,NA,eme2025ukb
Cerebral Circulation - Cognition and Behavior,NA,2666-2450,2026-05-21,NA,eme2025ukb
"Chaos, Solitons & Fractals",NA,0960-0779,2026-05-21,NA,eme2025ukb
Chemical Data Collections,NA,2405-8300,2026-05-21,NA,eme2025ukb
Chemical Engineering and Processing - Process Intensification,NA,0255-2701,2026-05-21,NA,eme2025ukb
Chemical Engineering Journal,NA,1385-8947,2026-05-21,NA,eme2025ukb
Chemical Engineering Journal Advances,NA,2666-8211,2026-05-21,NA,eme2025ukb
Chemical Engineering Journal: Green and Sustainable,NA,3051-0031,2026-05-21,NA,eme2025ukb
Chemical Engineering Research and Design,NA,0263-8762,2026-05-21,NA,eme2025ukb
Chemical Engineering Science,NA,0009-2509,2026-05-21,NA,eme2025ukb
Chemical Geology,NA,0009-2541,2026-05-21,NA,eme2025ukb
Chemical Physics,NA,0301-0104,2026-05-21,NA,eme2025ukb
Chemical Physics Impact,NA,2667-0224,2026-05-21,NA,eme2025ukb
Chemical Physics Letters,NA,0009-2614,2026-05-21,NA,eme2025ukb
Chemical Thermodynamics and Thermal Analysis,NA,2667-3126,2026-05-21,NA,eme2025ukb
Chemico-Biological Interactions,NA,0009-2797,2026-05-21,NA,eme2025ukb
Chemistry and Physics of Lipids,NA,0009-3084,2026-05-21,NA,eme2025ukb
Chemistry of Inorganic Materials,NA,2949-7469,2026-05-21,NA,eme2025ukb
Chemometrics and Intelligent Laboratory Systems,NA,0169-7439,2026-05-21,NA,eme2025ukb
Chemosphere,NA,0045-6535,2026-05-21,NA,eme2025ukb
CHEST,NA,0012-3692,2026-05-21,NA,eme2025ukb
CHEST Critical Care,NA,2949-7884,2026-05-21,NA,eme2025ukb
CHEST Pulmonary,NA,2949-7892,2026-05-21,NA,eme2025ukb
Child Abuse & Neglect,NA,0145-2134,2026-05-21,NA,eme2025ukb
Child Protection and Practice,NA,2950-1938,2026-05-21,NA,eme2025ukb
Children and Youth Services Review,NA,0190-7409,2026-05-21,NA,eme2025ukb
China Economic Review,NA,1043-951X,2026-05-21,NA,eme2025ukb
Chinese Herbal Medicines,NA,1674-6384,2026-05-21,NA,eme2025ukb
Chinese Journal of Analytical Chemistry,NA,1872-2040,2026-05-21,NA,eme2025ukb
Chinese Journal of Chemical Engineering,NA,1004-9541,2026-05-21,NA,eme2025ukb
Chinese Journal of Physics,NA,0577-9073,2026-05-21,NA,eme2025ukb
Chinese Journal of Structural Chemistry,NA,0254-5861,2026-05-21,NA,eme2025ukb
Chinese Medical Journal Pulmonary and Critical Care Medicine,NA,2772-5588,2026-05-21,NA,eme2025ukb
Chip,NA,2709-4723,2026-05-21,NA,eme2025ukb
CIRP Annals,NA,0007-8506,2026-05-21,NA,eme2025ukb
CIRP Journal of Manufacturing Science and Technology,NA,1755-5817,2026-05-21,NA,eme2025ukb
Cirugía Española,NA,0009-739X,2026-05-21,NA,eme2025ukb
Cirugía Española (English edition),NA,2173-5077,2026-05-21,NA,eme2025ukb
Cities,NA,0264-2751,2026-05-21,NA,eme2025ukb
Cities: Smarter Futures,NA,3117-3764,2026-05-21,NA,eme2025ukb
City and Environment Interactions,NA,2590-2520,2026-05-21,NA,eme2025ukb
"City, Culture and Society",NA,1877-9166,2026-05-21,NA,eme2025ukb
CJC Open,NA,2589-790X,2026-05-21,NA,eme2025ukb
CJC Pediatric and Congenital Heart Disease,NA,2772-8129,2026-05-21,NA,eme2025ukb
Cleaner and Circular Bioeconomy,NA,2772-8013,2026-05-21,NA,eme2025ukb
Cleaner and Responsible Consumption,NA,2666-7843,2026-05-21,NA,eme2025ukb
Cleaner Chemical Engineering,NA,2772-7823,2026-05-21,NA,eme2025ukb
Cleaner Energy Systems,NA,2772-7831,2026-05-21,NA,eme2025ukb
Cleaner Engineering and Technology,NA,2666-7908,2026-05-21,NA,eme2025ukb
Cleaner Environmental Systems,NA,2666-7894,2026-05-21,NA,eme2025ukb
Cleaner Food Systems,NA,3050-8355,2026-05-21,NA,eme2025ukb
Cleaner Logistics and Supply Chain,NA,2772-3909,2026-05-21,NA,eme2025ukb
Cleaner Manufacturing,NA,3050-998X,2026-05-21,NA,eme2025ukb
Cleaner Materials,NA,2772-3976,2026-05-21,NA,eme2025ukb
Cleaner Production Letters,NA,2666-7916,2026-05-21,NA,eme2025ukb
Cleaner Waste Systems,NA,2772-9125,2026-05-21,NA,eme2025ukb
Cleaner Water,NA,2950-2632,2026-05-21,NA,eme2025ukb
Climate Change Ecology,NA,2666-9005,2026-05-21,NA,eme2025ukb
Climate Physics and Atmospheric Science: Scientific Insights and Societal Challenges,NA,3051-4088,2026-05-21,NA,eme2025ukb
Climate Risk Management,NA,2212-0963,2026-05-21,NA,eme2025ukb
Climate Services,NA,2405-8807,2026-05-21,NA,eme2025ukb
Clinica Chimica Acta,NA,0009-8981,2026-05-21,NA,eme2025ukb
Clínica e Investigación en Arteriosclerosis,NA,0214-9168,2026-05-21,NA,eme2025ukb
Clínica e Investigación en Arteriosclerosis (English Edition),NA,2529-9123,2026-05-21,NA,eme2025ukb
Clínica e Investigación en Ginecología y Obstetricia,NA,0210-573X,2026-05-21,NA,eme2025ukb
Clinical and Translational Radiation Oncology,NA,2405-6308,2026-05-21,NA,eme2025ukb
Clinical Biochemistry,NA,0009-9120,2026-05-21,NA,eme2025ukb
Clinical Biomechanics,NA,0268-0033,2026-05-21,NA,eme2025ukb
Clinical Breast Cancer,NA,1526-8209,2026-05-21,NA,eme2025ukb
Clinical Colorectal Cancer,NA,1533-0028,2026-05-21,NA,eme2025ukb
Clinical Dental Journal,NA,3117-4892,2026-05-21,NA,eme2025ukb
Clinical Epidemiology and Global Health,NA,2213-3984,2026-05-21,NA,eme2025ukb
Clinical Gastroenterology and Hepatology,NA,1542-3565,2026-05-21,NA,eme2025ukb
Clinical Genitourinary Cancer,NA,1558-7673,2026-05-21,NA,eme2025ukb
Clinical Imaging,NA,0899-7071,2026-05-21,NA,eme2025ukb
Clinical Immunology,NA,1521-6616,2026-05-21,NA,eme2025ukb
Clinical Immunology Communications,NA,2772-6134,2026-05-21,NA,eme2025ukb
Clinical Infection in Practice,NA,2590-1702,2026-05-21,NA,eme2025ukb
Clinical Lung Cancer,NA,1525-7304,2026-05-21,NA,eme2025ukb
"Clinical Lymphoma, Myeloma & Leukemia",NA,2152-2650,2026-05-21,NA,eme2025ukb
Clinical Medicine,NA,1470-2118,2026-05-21,NA,eme2025ukb
Clinical Microbiology and Infection,NA,1198-743X,2026-05-21,NA,eme2025ukb
Clinical Microbiology Newsletter,NA,0196-4399,2026-05-21,NA,eme2025ukb
Clinical Neurology and Neurosurgery,NA,0303-8467,2026-05-21,NA,eme2025ukb
Clinical Neurophysiology,NA,1388-2457,2026-05-21,NA,eme2025ukb
Clinical Neurophysiology Practice,NA,2467-981X,2026-05-21,NA,eme2025ukb
Clinical Nutrition,NA,0261-5614,2026-05-21,NA,eme2025ukb
Clinical Nutrition ESPEN,NA,2405-4577,2026-05-21,NA,eme2025ukb
Clinical Nutrition Open Science,NA,2667-2685,2026-05-21,NA,eme2025ukb
Clinical Oncology,NA,0936-6555,2026-05-21,NA,eme2025ukb
Clinical Parkinsonism & Related Disorders,NA,2590-1125,2026-05-21,NA,eme2025ukb
Clinical Psychology Review,NA,0272-7358,2026-05-21,NA,eme2025ukb
Clinical Radiology,NA,0009-9260,2026-05-21,NA,eme2025ukb
Clinical Simulation in Nursing,NA,1876-1399,2026-05-21,NA,eme2025ukb
Clinical Surgical Oncology,NA,2773-160X,2026-05-21,NA,eme2025ukb
Clinical Therapeutics,NA,0149-2918,2026-05-21,NA,eme2025ukb
Clinical Traditional Medicine and Pharmacology,NA,2097-3829,2026-05-21,NA,eme2025ukb
Clinics,NA,1807-5932,2026-05-21,NA,eme2025ukb
Clinics and Research in Hepatology and Gastroenterology,NA,2210-7401,2026-05-21,NA,eme2025ukb
Clinics in Dermatology,NA,0738-081X,2026-05-21,NA,eme2025ukb
CMI Communications,NA,2950-5909,2026-05-21,NA,eme2025ukb
Coacervates,NA,3117-6178,2026-05-21,NA,eme2025ukb
Coastal Engineering,NA,0378-3839,2026-05-21,NA,eme2025ukb
Cognition,NA,0010-0277,2026-05-21,NA,eme2025ukb
Cognitive and Behavioral Practice,NA,1077-7229,2026-05-21,NA,eme2025ukb
Cognitive Development,NA,0885-2014,2026-05-21,NA,eme2025ukb
Cognitive Psychology,NA,0010-0285,2026-05-21,NA,eme2025ukb
Cognitive Systems Research,NA,1389-0417,2026-05-21,NA,eme2025ukb
Cold Regions Science and Technology,NA,0165-232X,2026-05-21,NA,eme2025ukb
Collegian,NA,1322-7696,2026-05-21,NA,eme2025ukb
Colloid and Interface Science Communications,NA,2215-0382,2026-05-21,NA,eme2025ukb
Colloids and Surfaces A: Physicochemical and Engineering Aspects,NA,0927-7757,2026-05-21,NA,eme2025ukb
Colloids and Surfaces B: Biointerfaces,NA,0927-7765,2026-05-21,NA,eme2025ukb
Colloids and Surfaces C: Environmental Aspects,NA,2949-7590,2026-05-21,NA,eme2025ukb
Combustion and Flame,NA,0010-2180,2026-05-21,NA,eme2025ukb
Communications in Nonlinear Science and Numerical Simulation,NA,1007-5704,2026-05-21,NA,eme2025ukb
Comparative Biochemistry and Physiology - Part A: Molecular & Integrative Physiology,NA,1095-6433,2026-05-21,NA,eme2025ukb
Comparative Biochemistry and Physiology - Part B: Biochemistry & Molecular Biology,NA,1096-4959,2026-05-21,NA,eme2025ukb
Comparative Biochemistry and Physiology - Part C: Toxicology & Pharmacology,NA,1532-0456,2026-05-21,NA,eme2025ukb
Comparative Biochemistry and Physiology - Part D: Genomics and Proteomics,NA,1744-117X,2026-05-21,NA,eme2025ukb
Comparative Immunology Reports,NA,2950-3116,2026-05-21,NA,eme2025ukb
"Comparative Immunology, Microbiology & Infectious Diseases",NA,0147-9571,2026-05-21,NA,eme2025ukb
Complementary Therapies in Clinical Practice,NA,1744-3881,2026-05-21,NA,eme2025ukb
Complementary Therapies in Medicine,NA,0965-2299,2026-05-21,NA,eme2025ukb
Composite Structures,NA,0263-8223,2026-05-21,NA,eme2025ukb
Composites Communications,NA,2452-2139,2026-05-21,NA,eme2025ukb
Composites Part A: Applied Science and Manufacturing,NA,1359-835X,2026-05-21,NA,eme2025ukb
Composites Part B: Engineering,NA,1359-8368,2026-05-21,NA,eme2025ukb
Composites Part C: Open Access,NA,2666-6820,2026-05-21,NA,eme2025ukb
Composites Science and Technology,NA,0266-3538,2026-05-21,NA,eme2025ukb
Comprehensive Psychiatry,NA,0010-440X,2026-05-21,NA,eme2025ukb
Comprehensive Psychoneuroendocrinology,NA,2666-4976,2026-05-21,NA,eme2025ukb
Computational and Structural Biotechnology Reports,NA,2950-3639,2026-05-21,NA,eme2025ukb
Computational and Theoretical Chemistry,NA,2210-271X,2026-05-21,NA,eme2025ukb
Computational Biology and Chemistry,NA,1476-9271,2026-05-21,NA,eme2025ukb
Computational Condensed Matter,NA,2352-2143,2026-05-21,NA,eme2025ukb
Computational Geometry,NA,0925-7721,2026-05-21,NA,eme2025ukb
Computational Materials Science,NA,0927-0256,2026-05-21,NA,eme2025ukb
Computational Materials Today,NA,2950-4635,2026-05-21,NA,eme2025ukb
Computational Particle Mechanics,NA,2196-4386,2026-05-21,NA,eme2025ukb
Computational Statistics & Data Analysis,NA,0167-9473,2026-05-21,NA,eme2025ukb
Computational Toxicology,NA,2468-1113,2026-05-21,NA,eme2025ukb
Computer Aided Geometric Design,NA,0167-8396,2026-05-21,NA,eme2025ukb
Computer Communications,NA,0140-3664,2026-05-21,NA,eme2025ukb
Computer Law & Security Review,NA,2212-473X,2026-05-21,NA,eme2025ukb
Computer Methods and Programs in Biomedicine,NA,0169-2607,2026-05-21,NA,eme2025ukb
Computer Methods and Programs in Biomedicine Update,NA,2666-9900,2026-05-21,NA,eme2025ukb
Computer Methods in Applied Mechanics and Engineering,NA,0045-7825,2026-05-21,NA,eme2025ukb
Computer Networks,NA,1389-1286,2026-05-21,NA,eme2025ukb
Computer Physics Communications,NA,0010-4655,2026-05-21,NA,eme2025ukb
Computer Science Review,NA,1574-0137,2026-05-21,NA,eme2025ukb
Computer Speech and Language,NA,0885-2308,2026-05-21,NA,eme2025ukb
Computer Standards & Interfaces,NA,0920-5489,2026-05-21,NA,eme2025ukb
Computer Vision and Image Understanding,NA,1077-3142,2026-05-21,NA,eme2025ukb
Computer-Aided Design,NA,0010-4485,2026-05-21,NA,eme2025ukb
Computerized Medical Imaging and Graphics,NA,0895-6111,2026-05-21,NA,eme2025ukb
Computers & Chemical Engineering,NA,0098-1354,2026-05-21,NA,eme2025ukb
Computers & Education,NA,0360-1315,2026-05-21,NA,eme2025ukb
Computers & Education: X Reality,NA,2949-6780,2026-05-21,NA,eme2025ukb
Computers & Electrical Engineering,NA,0045-7906,2026-05-21,NA,eme2025ukb
Computers & Fluids,NA,0045-7930,2026-05-21,NA,eme2025ukb
Computers & Geosciences,NA,0098-3004,2026-05-21,NA,eme2025ukb
Computers & Graphics,NA,0097-8493,2026-05-21,NA,eme2025ukb
Computers & Industrial Engineering,NA,0360-8352,2026-05-21,NA,eme2025ukb
Computers & Mathematics with Applications,NA,0898-1221,2026-05-21,NA,eme2025ukb
Computers & Operations Research,NA,0305-0548,2026-05-21,NA,eme2025ukb
Computers & Security,NA,0167-4048,2026-05-21,NA,eme2025ukb
Computers & Structures,NA,0045-7949,2026-05-21,NA,eme2025ukb
Computers and Composition,NA,8755-4615,2026-05-21,NA,eme2025ukb
Computers and Education Open,NA,2666-5573,2026-05-21,NA,eme2025ukb
Computers and Education: Artificial Intelligence,NA,2666-920X,2026-05-21,NA,eme2025ukb
Computers and Electronics in Agriculture,NA,0168-1699,2026-05-21,NA,eme2025ukb
Computers and Geotechnics,NA,0266-352X,2026-05-21,NA,eme2025ukb
Computers in Biology and Medicine,NA,0010-4825,2026-05-21,NA,eme2025ukb
Computers in Human Behavior,NA,0747-5632,2026-05-21,NA,eme2025ukb
Computers in Human Behavior Reports,NA,2451-9588,2026-05-21,NA,eme2025ukb
Computers in Human Behavior: Artificial Humans,NA,2949-8821,2026-05-21,NA,eme2025ukb
Computers in Industry,NA,0166-3615,2026-05-21,NA,eme2025ukb
"Computers, Environment and Urban Systems",NA,0198-9715,2026-05-21,NA,eme2025ukb
Consciousness and Cognition,NA,1053-8100,2026-05-21,NA,eme2025ukb
Construction and Building Materials,NA,0950-0618,2026-05-21,NA,eme2025ukb
Construction and Building Materials in Transportation,NA,3117-650X,2026-05-21,NA,eme2025ukb
Contact Lens & Anterior Eye,NA,1367-0484,2026-05-21,NA,eme2025ukb
Contemporary Clinical Trials,NA,1551-7144,2026-05-21,NA,eme2025ukb
Contemporary Clinical Trials Communications,NA,2451-8654,2026-05-21,NA,eme2025ukb
Contemporary Educational Psychology,NA,0361-476X,2026-05-21,NA,eme2025ukb
Continence,NA,2772-9737,2026-05-21,NA,eme2025ukb
Continence Reports,NA,2772-9745,2026-05-21,NA,eme2025ukb
Continental Shelf Research,NA,0278-4343,2026-05-21,NA,eme2025ukb
Contraception,NA,0010-7824,2026-05-21,NA,eme2025ukb
Control Engineering Practice,NA,0967-0661,2026-05-21,NA,eme2025ukb
Coordination Chemistry Research,NA,2950-4864,2026-05-21,NA,eme2025ukb
Coordination Chemistry Reviews,NA,0010-8545,2026-05-21,NA,eme2025ukb
Corrosion Science,NA,0010-938X,2026-05-21,NA,eme2025ukb
Cortex,NA,0010-9452,2026-05-21,NA,eme2025ukb
Cretaceous Research,NA,0195-6671,2026-05-21,NA,eme2025ukb
Critical Perspectives on Accounting,NA,1045-2354,2026-05-21,NA,eme2025ukb
Critical Reviews in Oncology/Hematology,NA,1040-8428,2026-05-21,NA,eme2025ukb
Crop and Environment,NA,2773-126X,2026-05-21,NA,eme2025ukb
Crop Protection,NA,0261-2194,2026-05-21,NA,eme2025ukb
Cryobiology,NA,0011-2240,2026-05-21,NA,eme2025ukb
Cryogenics,NA,0011-2275,2026-05-21,NA,eme2025ukb
Current Applied Physics,NA,1567-1739,2026-05-21,NA,eme2025ukb
Current Developments in Nutrition,NA,2475-2991,2026-05-21,NA,eme2025ukb
Current Opinion in Behavioral Sciences,NA,2352-1546,2026-05-21,NA,eme2025ukb
Current Opinion in Biomedical Engineering,NA,2468-4511,2026-05-21,NA,eme2025ukb
Current Opinion in Biotechnology,NA,0958-1669,2026-05-21,NA,eme2025ukb
Current Opinion in Cell Biology,NA,0955-0674,2026-05-21,NA,eme2025ukb
Current Opinion in Chemical Biology,NA,1367-5931,2026-05-21,NA,eme2025ukb
Current Opinion in Chemical Engineering,NA,2211-3398,2026-05-21,NA,eme2025ukb
Current Opinion in Colloid & Interface Science,NA,1359-0294,2026-05-21,NA,eme2025ukb
Current Opinion in Electrochemistry,NA,2451-9103,2026-05-21,NA,eme2025ukb
Current Opinion in Endocrine and Metabolic Research,NA,2451-9650,2026-05-21,NA,eme2025ukb
Current Opinion in Environmental Science & Health,NA,2468-5844,2026-05-21,NA,eme2025ukb
Current Opinion in Environmental Sustainability,NA,1877-3435,2026-05-21,NA,eme2025ukb
Current Opinion in Food Science,NA,2214-7993,2026-05-21,NA,eme2025ukb
Current Opinion in Genetics & Development,NA,0959-437X,2026-05-21,NA,eme2025ukb
Current Opinion in Green and Sustainable Chemistry,NA,2452-2236,2026-05-21,NA,eme2025ukb
Current Opinion in Immunology,NA,0952-7915,2026-05-21,NA,eme2025ukb
Current Opinion in Insect Science,NA,2214-5745,2026-05-21,NA,eme2025ukb
Current Opinion in Microbiology,NA,1369-5274,2026-05-21,NA,eme2025ukb
Current Opinion in Neurobiology,NA,0959-4388,2026-05-21,NA,eme2025ukb
Current Opinion in Pharmacology,NA,1471-4892,2026-05-21,NA,eme2025ukb
Current Opinion in Physiology,NA,2468-8673,2026-05-21,NA,eme2025ukb
Current Opinion in Plant Biology,NA,1369-5266,2026-05-21,NA,eme2025ukb
Current Opinion in Psychology,NA,2352-250X,2026-05-21,NA,eme2025ukb
Current Opinion in Solid State & Materials Science,NA,1359-0286,2026-05-21,NA,eme2025ukb
Current Opinion in Structural Biology,NA,0959-440X,2026-05-21,NA,eme2025ukb
Current Opinion in Systems Biology,NA,2452-3100,2026-05-21,NA,eme2025ukb
Current Opinion in Toxicology,NA,2468-2020,2026-05-21,NA,eme2025ukb
Current Opinion in Virology,NA,1879-6257,2026-05-21,NA,eme2025ukb
Current Plant Biology,NA,2214-6628,2026-05-21,NA,eme2025ukb
Current Problems in Cancer,NA,0147-0272,2026-05-21,NA,eme2025ukb
Current Problems in Cancer: Case Reports,NA,2666-6219,2026-05-21,NA,eme2025ukb
Current Problems in Cardiology,NA,0146-2806,2026-05-21,NA,eme2025ukb
Current Problems in Diagnostic Radiology,NA,0363-0188,2026-05-21,NA,eme2025ukb
Current Problems in Pediatric and Adolescent Health Care,NA,1538-5442,2026-05-21,NA,eme2025ukb
Current Problems in Surgery,NA,0011-3840,2026-05-21,NA,eme2025ukb
Current Research in Behavioral Sciences,NA,2666-5182,2026-05-21,NA,eme2025ukb
Current Research in Biotechnology,NA,2590-2628,2026-05-21,NA,eme2025ukb
Current Research in Ecological and Social Psychology,NA,2666-6227,2026-05-21,NA,eme2025ukb
Current Research in Environmental Sustainability,NA,2666-0490,2026-05-21,NA,eme2025ukb
Current Research in Food Science,NA,2665-9271,2026-05-21,NA,eme2025ukb
Current Research in Green and Sustainable Chemistry,NA,2666-0865,2026-05-21,NA,eme2025ukb
Current Research in Insect Science,NA,2666-5158,2026-05-21,NA,eme2025ukb
Current Research in Microbial Sciences,NA,2666-5174,2026-05-21,NA,eme2025ukb
Current Research in Neurobiology,NA,2665-945X,2026-05-21,NA,eme2025ukb
Current Research in Parasitology and Vector-Borne Diseases,NA,2667-114X,2026-05-21,NA,eme2025ukb
Current Research in Pharmacology and Drug Discovery,NA,2590-2571,2026-05-21,NA,eme2025ukb
Current Research in Physiology,NA,2665-9441,2026-05-21,NA,eme2025ukb
Current Research in Structural Biology,NA,2665-928X,2026-05-21,NA,eme2025ukb
Current Research in Toxicology,NA,2666-027X,2026-05-21,NA,eme2025ukb
Current Research in Translational Medicine,NA,2452-3186,2026-05-21,NA,eme2025ukb
Current Therapeutic Research,NA,0011-393X,2026-05-21,NA,eme2025ukb
Currents in Pharmacy Teaching and Learning,NA,1877-1297,2026-05-21,NA,eme2025ukb
Cytokine,NA,1043-4666,2026-05-21,NA,eme2025ukb
Cytokine & Growth Factor Reviews,NA,1359-6101,2026-05-21,NA,eme2025ukb
Cytotherapy,NA,1465-3249,2026-05-21,NA,eme2025ukb
Data & Knowledge Engineering,NA,0169-023X,2026-05-21,NA,eme2025ukb
Data in Brief,NA,2352-3409,2026-05-21,NA,eme2025ukb
DeCarbon,NA,2949-8813,2026-05-21,NA,eme2025ukb
Decision Analytics Journal,NA,2772-6622,2026-05-21,NA,eme2025ukb
Decision Support Systems,NA,0167-9236,2026-05-21,NA,eme2025ukb
Deep Brain Stimulation,NA,2949-6691,2026-05-21,NA,eme2025ukb
Deep-Sea Research Part I: Oceanographic Research Papers,NA,0967-0637,2026-05-21,NA,eme2025ukb
Deep-Sea Research Part II: Topical Studies in Oceanography,NA,0967-0645,2026-05-21,NA,eme2025ukb
Dendrochronologia,NA,1125-7865,2026-05-21,NA,eme2025ukb
Dental Materials,NA,0109-5641,2026-05-21,NA,eme2025ukb
Dentistry Review,NA,2772-5596,2026-05-21,NA,eme2025ukb
Desalination,NA,0011-9164,2026-05-21,NA,eme2025ukb
Desalination and Water Treatment,NA,1944-3986,2026-05-21,NA,eme2025ukb
Design Studies,NA,0142-694X,2026-05-21,NA,eme2025ukb
Development and Sustainability in Economics and Finance,NA,2950-5240,2026-05-21,NA,eme2025ukb
Developmental & Comparative Immunology,NA,0145-305X,2026-05-21,NA,eme2025ukb
Developmental Biology,NA,0012-1606,2026-05-21,NA,eme2025ukb
Developmental Cognitive Neuroscience,NA,1878-9293,2026-05-21,NA,eme2025ukb
Developmental Review,NA,0273-2297,2026-05-21,NA,eme2025ukb
Developments in the Built Environment,NA,2666-1659,2026-05-21,NA,eme2025ukb
Diabetes & Metabolic Syndrome: Clinical Research & Reviews,NA,1871-4021,2026-05-21,NA,eme2025ukb
Diabetes & Metabolism,NA,1262-3636,2026-05-21,NA,eme2025ukb
Diabetes Epidemiology and Management,NA,2666-9706,2026-05-21,NA,eme2025ukb
Diabetes Research and Clinical Practice,NA,0168-8227,2026-05-21,NA,eme2025ukb
Diagnostic and Interventional Imaging,NA,2211-5684,2026-05-21,NA,eme2025ukb
Diagnostic Microbiology and Infectious Disease,NA,0732-8893,2026-05-21,NA,eme2025ukb
Dialogues in Health,NA,2772-6533,2026-05-21,NA,eme2025ukb
Diamond and Related Materials,NA,0925-9635,2026-05-21,NA,eme2025ukb
Differential Geometry and its Applications,NA,0926-2245,2026-05-21,NA,eme2025ukb
Differentiation,NA,0301-4681,2026-05-21,NA,eme2025ukb
Digestive and Liver Disease,NA,1590-8658,2026-05-21,NA,eme2025ukb
Digital Applications in Archaeology and Cultural Heritage,NA,2212-0548,2026-05-21,NA,eme2025ukb
Digital Business,NA,2666-9544,2026-05-21,NA,eme2025ukb
Digital Chemical Engineering,NA,2772-5081,2026-05-21,NA,eme2025ukb
Digital Dentistry Journal,NA,2950-6433,2026-05-21,NA,eme2025ukb
Digital Engineering,NA,2950-550X,2026-05-21,NA,eme2025ukb
Digital Geography and Society,NA,2666-3783,2026-05-21,NA,eme2025ukb
Digital Signal Processing,NA,1051-2004,2026-05-21,NA,eme2025ukb
Disability and Health Journal,NA,1936-6574,2026-05-21,NA,eme2025ukb
"Discourse, Context & Media",NA,2211-6958,2026-05-21,NA,eme2025ukb
Discrete Applied Mathematics,NA,0166-218X,2026-05-21,NA,eme2025ukb
Discrete Mathematics,NA,0012-365X,2026-05-21,NA,eme2025ukb
Discrete Optimization,NA,1572-5286,2026-05-21,NA,eme2025ukb
Disease and Therapeutics,NA,3050-9998,2026-05-21,NA,eme2025ukb
Disease-A-Month,NA,0011-5029,2026-05-21,NA,eme2025ukb
Displays,NA,0141-9382,2026-05-21,NA,eme2025ukb
DNA Repair,NA,1568-7864,2026-05-21,NA,eme2025ukb
Domestic Animal Endocrinology,NA,0739-7240,2026-05-21,NA,eme2025ukb
Douleurs,NA,1624-5687,2026-05-21,NA,eme2025ukb
Drug and Alcohol Dependence,NA,0376-8716,2026-05-21,NA,eme2025ukb
Drug and Alcohol Dependence Reports,NA,2772-7246,2026-05-21,NA,eme2025ukb
Drug Discovery Today,NA,1359-6446,2026-05-21,NA,eme2025ukb
Drug Metabolism and Disposition,NA,0090-9556,2026-05-21,NA,eme2025ukb
Drug Metabolism and Pharmacokinetics,NA,1347-4367,2026-05-21,NA,eme2025ukb
Drug Resistance Updates,NA,1368-7646,2026-05-21,NA,eme2025ukb
Dyes and Pigments,NA,0143-7208,2026-05-21,NA,eme2025ukb
Dynamics of Atmospheres and Oceans,NA,0377-0265,2026-05-21,NA,eme2025ukb
EANM Innovation,NA,3051-2913,2026-05-21,NA,eme2025ukb
Early Childhood Research Quarterly,NA,0885-2006,2026-05-21,NA,eme2025ukb
Early Human Development,NA,0378-3782,2026-05-21,NA,eme2025ukb
Earth and Planetary Science Letters,NA,0012-821X,2026-05-21,NA,eme2025ukb
Earth History and Biodiversity,NA,2950-4759,2026-05-21,NA,eme2025ukb
Earth System,NA,3051-3111,2026-05-21,NA,eme2025ukb
Earth System Governance,NA,2589-8116,2026-05-21,NA,eme2025ukb
Earth-Science Reviews,NA,0012-8252,2026-05-21,NA,eme2025ukb
Eating Behaviors,NA,1471-0153,2026-05-21,NA,eme2025ukb
eBioMedicine,NA,2352-3964,2026-05-21,NA,eme2025ukb
eClinicalMedicine,NA,2589-5370,2026-05-21,NA,eme2025ukb
Ecohydrology & Hydrobiology,NA,1642-3593,2026-05-21,NA,eme2025ukb
Ecological Complexity,NA,1476-945X,2026-05-21,NA,eme2025ukb
Ecological Economics,NA,0921-8009,2026-05-21,NA,eme2025ukb
Ecological Engineering,NA,0925-8574,2026-05-21,NA,eme2025ukb
Ecological Frontiers,NA,2950-5097,2026-05-21,NA,eme2025ukb
Ecological Genetics and Genomics,NA,2405-9854,2026-05-21,NA,eme2025ukb
Ecological Indicators,NA,1470-160X,2026-05-21,NA,eme2025ukb
Ecological Informatics,NA,1574-9541,2026-05-21,NA,eme2025ukb
Ecological Modelling,NA,0304-3800,2026-05-21,NA,eme2025ukb
Econometrics and Statistics,NA,2452-3062,2026-05-21,NA,eme2025ukb
Economic Analysis and Policy,NA,0313-5926,2026-05-21,NA,eme2025ukb
Economic Modelling,NA,0264-9993,2026-05-21,NA,eme2025ukb
Economic Systems,NA,0939-3625,2026-05-21,NA,eme2025ukb
Economics & Human Biology,NA,1570-677X,2026-05-21,NA,eme2025ukb
Economics Letters,NA,0165-1765,2026-05-21,NA,eme2025ukb
Economics of Education Review,NA,0272-7757,2026-05-21,NA,eme2025ukb
Economics of Transportation,NA,2212-0122,2026-05-21,NA,eme2025ukb
Ecosystem Services,NA,2212-0416,2026-05-21,NA,eme2025ukb
Ecotoxicology and Environmental Safety,NA,0147-6513,2026-05-21,NA,eme2025ukb
Educación Médica,NA,1575-1813,2026-05-21,NA,eme2025ukb
Education for Chemical Engineers,NA,1749-7728,2026-05-21,NA,eme2025ukb
Educational Research Review,NA,1747-938X,2026-05-21,NA,eme2025ukb
Egyptian Informatics Journal,NA,1110-8665,2026-05-21,NA,eme2025ukb
Egyptian Journal of Aquatic Research,NA,1687-4285,2026-05-21,NA,eme2025ukb
EJC Paediatric Oncology,NA,2772-610X,2026-05-21,NA,eme2025ukb
EJC Skin Cancer,NA,2772-6118,2026-05-21,NA,eme2025ukb
EJVES Vascular Forum,NA,2666-688X,2026-05-21,NA,eme2025ukb
Electoral Studies,NA,0261-3794,2026-05-21,NA,eme2025ukb
Electric Power Systems Research,NA,0378-7796,2026-05-21,NA,eme2025ukb
Electrochemistry Communications,NA,1388-2481,2026-05-21,NA,eme2025ukb
Electrochimica Acta,NA,0013-4686,2026-05-21,NA,eme2025ukb
Electronic Commerce Research and Applications,NA,1567-4223,2026-05-21,NA,eme2025ukb
Electronic Journal of Biotechnology,NA,0717-3458,2026-05-21,NA,eme2025ukb
Emerging Markets Review,NA,1566-0141,2026-05-21,NA,eme2025ukb
"Emerging Trends in Drugs, Addictions, and Health",NA,2667-1182,2026-05-21,NA,eme2025ukb
"Emotion, Space and Society",NA,1755-4586,2026-05-21,NA,eme2025ukb
Endeavour,NA,0160-9327,2026-05-21,NA,eme2025ukb
Endocrine and Metabolic Science,NA,2666-3961,2026-05-21,NA,eme2025ukb
Endocrine Practice,NA,1530-891X,2026-05-21,NA,eme2025ukb
"Endocrinología, Diabetes y Nutrición",NA,2530-0164,2026-05-21,NA,eme2025ukb
"Endocrinología, Diabetes y Nutrición (English Edition)",NA,2530-0180,2026-05-21,NA,eme2025ukb
Energy,NA,0360-5442,2026-05-21,NA,eme2025ukb
Energy 360,NA,2950-4872,2026-05-21,NA,eme2025ukb
Energy and AI,NA,2666-5468,2026-05-21,NA,eme2025ukb
Energy and Buildings,NA,0378-7788,2026-05-21,NA,eme2025ukb
Energy and Climate Change,NA,2666-2787,2026-05-21,NA,eme2025ukb
Energy Conversion and Management,NA,0196-8904,2026-05-21,NA,eme2025ukb
Energy Conversion and Management: X,NA,2590-1745,2026-05-21,NA,eme2025ukb
Energy Economics,NA,0140-9883,2026-05-21,NA,eme2025ukb
Energy Efficiency First,NA,2950-1563,2026-05-21,NA,eme2025ukb
Energy for Sustainable Development,NA,0973-0826,2026-05-21,NA,eme2025ukb
Energy Nexus,NA,2772-4271,2026-05-21,NA,eme2025ukb
Energy Policy,NA,0301-4215,2026-05-21,NA,eme2025ukb
Energy Reports,NA,2352-4847,2026-05-21,NA,eme2025ukb
Energy Research & Social Science,NA,2214-6296,2026-05-21,NA,eme2025ukb
Energy Reviews,NA,2772-9702,2026-05-21,NA,eme2025ukb
Energy Storage Materials,NA,2405-8297,2026-05-21,NA,eme2025ukb
Energy Strategy Reviews,NA,2211-467X,2026-05-21,NA,eme2025ukb
EnergyChem,NA,2589-7780,2026-05-21,NA,eme2025ukb
eNeurologicalSci,NA,2405-6502,2026-05-21,NA,eme2025ukb
Enfermedades Infecciosas y Microbiología Clínica,NA,0213-005X,2026-05-21,NA,eme2025ukb
Enfermedades Infecciosas y Microbiología Clínica (English Edition),NA,2529-993X,2026-05-21,NA,eme2025ukb
Enfermería Clínica,NA,1130-8621,2026-05-21,NA,eme2025ukb
Enfermería Clínica (English Edition),NA,2445-1479,2026-05-21,NA,eme2025ukb
Enfermería intensiva,NA,1130-2399,2026-05-21,NA,eme2025ukb
Enfermería Intensiva (English Edition),NA,2529-9840,2026-05-21,NA,eme2025ukb
Engineering,NA,2095-8099,2026-05-21,NA,eme2025ukb
Engineering Analysis with Boundary Elements,NA,0955-7997,2026-05-21,NA,eme2025ukb
Engineering Applications of Artificial Intelligence,NA,0952-1976,2026-05-21,NA,eme2025ukb
Engineering Failure Analysis,NA,1350-6307,2026-05-21,NA,eme2025ukb
Engineering Fracture Mechanics,NA,0013-7944,2026-05-21,NA,eme2025ukb
Engineering Geology,NA,0013-7952,2026-05-21,NA,eme2025ukb
"Engineering Science and Technology, an International Journal",NA,2215-0986,2026-05-21,NA,eme2025ukb
Engineering Structures,NA,0141-0296,2026-05-21,NA,eme2025ukb
English for Specific Purposes,NA,0889-4906,2026-05-21,NA,eme2025ukb
Entertainment Computing,NA,1875-9521,2026-05-21,NA,eme2025ukb
Environment International,NA,0160-4120,2026-05-21,NA,eme2025ukb
Environmental Advances,NA,2666-7657,2026-05-21,NA,eme2025ukb
Environmental and Experimental Botany,NA,0098-8472,2026-05-21,NA,eme2025ukb
Environmental and Sustainability Indicators,NA,2665-9727,2026-05-21,NA,eme2025ukb
Environmental Challenges,NA,2667-0100,2026-05-21,NA,eme2025ukb
Environmental Development,NA,2211-4645,2026-05-21,NA,eme2025ukb
Environmental Impact Assessment Review,NA,0195-9255,2026-05-21,NA,eme2025ukb
Environmental Innovation and Societal Transitions,NA,2210-4224,2026-05-21,NA,eme2025ukb
Environmental Management: Economics and Policy,NA,3117-325X,2026-05-21,NA,eme2025ukb
Environmental Management: Emerging Contaminants,NA,3117-5929,2026-05-21,NA,eme2025ukb
Environmental Management: Engineering and Technology,NA,3117-3268,2026-05-21,NA,eme2025ukb
Environmental Management: Smart Solutions,NA,3117-6496,2026-05-21,NA,eme2025ukb
Environmental Modelling & Software,NA,1364-8152,2026-05-21,NA,eme2025ukb
"Environmental Nanotechnology, Monitoring and Management",NA,2215-1532,2026-05-21,NA,eme2025ukb
Environmental Nexus,NA,3050-9890,2026-05-21,NA,eme2025ukb
Environmental Pollution,NA,0269-7491,2026-05-21,NA,eme2025ukb
Environmental Research,NA,0013-9351,2026-05-21,NA,eme2025ukb
Environmental Science & Policy,NA,1462-9011,2026-05-21,NA,eme2025ukb
Environmental Science and Ecotechnology,NA,2666-4984,2026-05-21,NA,eme2025ukb
Environmental Technology & Innovation,NA,2352-1864,2026-05-21,NA,eme2025ukb
Environmental Toxicology and Pharmacology,NA,1382-6689,2026-05-21,NA,eme2025ukb
Enzyme and Microbial Technology,NA,0141-0229,2026-05-21,NA,eme2025ukb
Epidemics,NA,1755-4365,2026-05-21,NA,eme2025ukb
Epilepsy & Behavior,NA,1525-5050,2026-05-21,NA,eme2025ukb
Epilepsy & Behavior Reports,NA,2589-9864,2026-05-21,NA,eme2025ukb
Epilepsy Research,NA,0920-1211,2026-05-21,NA,eme2025ukb
"e-Prime – Nexus of Electrical, Electronic, and Intelligent Engineering",NA,2772-6711,2026-05-21,NA,eme2025ukb
Equity Neuroscience,NA,3050-8401,2026-05-21,NA,eme2025ukb
ESMO Gastrointestinal Oncology,NA,2949-8198,2026-05-21,NA,eme2025ukb
ESMO Open,NA,2059-7029,2026-05-21,NA,eme2025ukb
ESMO Rare Cancers,NA,3050-4619,2026-05-21,NA,eme2025ukb
ESMO Real World Data and Digital Oncology,NA,2949-8201,2026-05-21,NA,eme2025ukb
"Estuarine, Coastal and Shelf Science",NA,0272-7714,2026-05-21,NA,eme2025ukb
"Ethics, Medicine & Public Health",NA,2352-5525,2026-05-21,NA,eme2025ukb
Éthique & Santé,NA,1765-4629,2026-05-21,NA,eme2025ukb
eTransportation,NA,2590-1168,2026-05-21,NA,eme2025ukb
EULAR Rheumatology Open,NA,3050-7081,2026-05-21,NA,eme2025ukb
EURO Journal on Computational Optimization,NA,2192-4406,2026-05-21,NA,eme2025ukb
EURO Journal on Decision Processes,NA,2193-9438,2026-05-21,NA,eme2025ukb
EURO Journal on Transportation and Logistics,NA,2192-4376,2026-05-21,NA,eme2025ukb
"European Annals of Otorhinolaryngology, Head and Neck Diseases",NA,1879-7296,2026-05-21,NA,eme2025ukb
European Economic Review,NA,0014-2921,2026-05-21,NA,eme2025ukb
European Journal of Agronomy,NA,1161-0301,2026-05-21,NA,eme2025ukb
European Journal of Cancer,NA,0959-8049,2026-05-21,NA,eme2025ukb
European Journal of Cell Biology,NA,0171-9335,2026-05-21,NA,eme2025ukb
European Journal of Combinatorics,NA,0195-6698,2026-05-21,NA,eme2025ukb
European Journal of Control,NA,0947-3580,2026-05-21,NA,eme2025ukb
European Journal of Integrative Medicine,NA,1876-3820,2026-05-21,NA,eme2025ukb
European Journal of Internal Medicine,NA,0953-6205,2026-05-21,NA,eme2025ukb
European Journal of Mechanics - A/Solids,NA,0997-7538,2026-05-21,NA,eme2025ukb
European Journal of Mechanics - B/Fluids,NA,0997-7546,2026-05-21,NA,eme2025ukb
European Journal of Medical Genetics,NA,1769-7212,2026-05-21,NA,eme2025ukb
European Journal of Medicinal Chemistry,NA,0223-5234,2026-05-21,NA,eme2025ukb
European Journal of Medicinal Chemistry Reports,NA,2772-4174,2026-05-21,NA,eme2025ukb
European Journal of Obstetrics & Gynecology and Reproductive Biology,NA,0301-2115,2026-05-21,NA,eme2025ukb
European Journal of Obstetrics & Gynecology and Reproductive Biology: X,NA,2590-1613,2026-05-21,NA,eme2025ukb
European Journal of Oncology Nursing,NA,1462-3889,2026-05-21,NA,eme2025ukb
European Journal of Operational Research,NA,0377-2217,2026-05-21,NA,eme2025ukb
European Journal of Paediatric Neurology,NA,1090-3798,2026-05-21,NA,eme2025ukb
European Journal of Pharmaceutical Sciences,NA,0928-0987,2026-05-21,NA,eme2025ukb
European Journal of Pharmaceutics and Biopharmaceutics,NA,0939-6411,2026-05-21,NA,eme2025ukb
European Journal of Pharmacology,NA,0014-2999,2026-05-21,NA,eme2025ukb
European Journal of Political Economy,NA,0176-2680,2026-05-21,NA,eme2025ukb
European Journal of Protistology,NA,0932-4739,2026-05-21,NA,eme2025ukb
European Journal of Radiology,NA,0720-048X,2026-05-21,NA,eme2025ukb
European Journal of Radiology Artificial Intelligence,NA,3050-5771,2026-05-21,NA,eme2025ukb
European Journal of Radiology Open,NA,2352-0477,2026-05-21,NA,eme2025ukb
European Journal of Soil Biology,NA,1164-5563,2026-05-21,NA,eme2025ukb
European Journal of Surgical Oncology,NA,0748-7983,2026-05-21,NA,eme2025ukb
European Journal of Trauma & Dissociation,NA,2468-7499,2026-05-21,NA,eme2025ukb
European Journal of Vascular and Endovascular Surgery,NA,1078-5884,2026-05-21,NA,eme2025ukb
European Management Journal,NA,0263-2373,2026-05-21,NA,eme2025ukb
European Neuropsychopharmacology,NA,0924-977X,2026-05-21,NA,eme2025ukb
European Polymer Journal,NA,0014-3057,2026-05-21,NA,eme2025ukb
European Poultry Science,NA,0003-9098,2026-05-21,NA,eme2025ukb
European Research on Management and Business Economics,NA,2444-8834,2026-05-21,NA,eme2025ukb
European Review of Applied Psychology,NA,1162-9088,2026-05-21,NA,eme2025ukb
European Transport Studies,NA,2950-2985,2026-05-21,NA,eme2025ukb
European Urology,NA,0302-2838,2026-05-21,NA,eme2025ukb
European Urology Focus,NA,2405-4569,2026-05-21,NA,eme2025ukb
European Urology Oncology,NA,2588-9311,2026-05-21,NA,eme2025ukb
European Urology Open Science,NA,2666-1683,2026-05-21,NA,eme2025ukb
Evaluation and Program Planning,NA,0149-7189,2026-05-21,NA,eme2025ukb
Evolution and Human Behavior,NA,1090-5138,2026-05-21,NA,eme2025ukb
Evolving Earth,NA,2950-1172,2026-05-21,NA,eme2025ukb
Examples and Counterexamples,NA,2666-657X,2026-05-21,NA,eme2025ukb
Experimental and Molecular Pathology,NA,0014-4800,2026-05-21,NA,eme2025ukb
Experimental Cell Research,NA,0014-4827,2026-05-21,NA,eme2025ukb
Experimental Eye Research,NA,0014-4835,2026-05-21,NA,eme2025ukb
Experimental Gerontology,NA,0531-5565,2026-05-21,NA,eme2025ukb
Experimental Hematology,NA,0301-472X,2026-05-21,NA,eme2025ukb
Experimental Neurology,NA,0014-4886,2026-05-21,NA,eme2025ukb
Experimental Parasitology,NA,0014-4894,2026-05-21,NA,eme2025ukb
Experimental Thermal and Fluid Science,NA,0894-1777,2026-05-21,NA,eme2025ukb
Expert Systems with Applications,NA,0957-4174,2026-05-21,NA,eme2025ukb
Explorations in Economic History,NA,0014-4983,2026-05-21,NA,eme2025ukb
Exploratory Research in Clinical and Social Pharmacy,NA,2667-2766,2026-05-21,NA,eme2025ukb
EXPLORE,NA,1550-8307,2026-05-21,NA,eme2025ukb
Expositiones Mathematicae,NA,0723-0869,2026-05-21,NA,eme2025ukb
Extracellular Vesicle,NA,2773-0417,2026-05-21,NA,eme2025ukb
Extreme Mechanics Letters,NA,2352-4316,2026-05-21,NA,eme2025ukb
F&S Reports,NA,2666-3341,2026-05-21,NA,eme2025ukb
F&S Reviews,NA,2666-5719,2026-05-21,NA,eme2025ukb
F&S Science,NA,2666-335X,2026-05-21,NA,eme2025ukb
Farming System,NA,2949-9119,2026-05-21,NA,eme2025ukb
Fermented Foods,NA,3051-231X,2026-05-21,NA,eme2025ukb
Fertility and Sterility,NA,0015-0282,2026-05-21,NA,eme2025ukb
Field Crops Research,NA,0378-4290,2026-05-21,NA,eme2025ukb
Finance Research Letters,NA,1544-6123,2026-05-21,NA,eme2025ukb
Finance Research Open,NA,3050-7006,2026-05-21,NA,eme2025ukb
Finite Elements in Analysis and Design,NA,0168-874X,2026-05-21,NA,eme2025ukb
Finite Fields and Their Applications,NA,1071-5797,2026-05-21,NA,eme2025ukb
Fire Safety Journal,NA,0379-7112,2026-05-21,NA,eme2025ukb
First Nations Health and Wellbeing - The Lowitja Journal,NA,2949-8406,2026-05-21,NA,eme2025ukb
Fish & Shellfish Immunology,NA,1050-4648,2026-05-21,NA,eme2025ukb
Fisheries Research,NA,0165-7836,2026-05-21,NA,eme2025ukb
Fisioterapia,NA,0211-5638,2026-05-21,NA,eme2025ukb
Fitoterapia,NA,0367-326X,2026-05-21,NA,eme2025ukb
FlatChem,NA,2452-2627,2026-05-21,NA,eme2025ukb
Flora,NA,0367-2530,2026-05-21,NA,eme2025ukb
Flow Measurement and Instrumentation,NA,0955-5986,2026-05-21,NA,eme2025ukb
Fluid Phase Equilibria,NA,0378-3812,2026-05-21,NA,eme2025ukb
Food and Bioproducts Processing,NA,0960-3085,2026-05-21,NA,eme2025ukb
Food and Chemical Toxicology,NA,0278-6915,2026-05-21,NA,eme2025ukb
Food and Humanity,NA,2949-8244,2026-05-21,NA,eme2025ukb
Food and Waterborne Parasitology,NA,2405-6766,2026-05-21,NA,eme2025ukb
Food Bioscience,NA,2212-4292,2026-05-21,NA,eme2025ukb
Food Chemistry,NA,0308-8146,2026-05-21,NA,eme2025ukb
Food Chemistry Advances,NA,2772-753X,2026-05-21,NA,eme2025ukb
Food Chemistry: Molecular Sciences,NA,2666-5662,2026-05-21,NA,eme2025ukb
Food Chemistry: X,NA,2590-1575,2026-05-21,NA,eme2025ukb
Food Control,NA,0956-7135,2026-05-21,NA,eme2025ukb
Food Hydrocolloids,NA,0268-005X,2026-05-21,NA,eme2025ukb
Food Hydrocolloids for Health,NA,2667-0259,2026-05-21,NA,eme2025ukb
Food Microbiology,NA,0740-0020,2026-05-21,NA,eme2025ukb
Food Packaging and Shelf Life,NA,2214-2894,2026-05-21,NA,eme2025ukb
Food Policy,NA,0306-9192,2026-05-21,NA,eme2025ukb
Food Quality and Preference,NA,0950-3293,2026-05-21,NA,eme2025ukb
Food Research International,NA,0963-9969,2026-05-21,NA,eme2025ukb
Food Structure,NA,2213-3291,2026-05-21,NA,eme2025ukb
Food Webs,NA,2352-2496,2026-05-21,NA,eme2025ukb
"Foot & Ankle Surgery: Techniques, Reports & Cases",NA,2667-3967,2026-05-21,NA,eme2025ukb
Foot and Ankle Surgery,NA,1268-7731,2026-05-21,NA,eme2025ukb
Football Studies,NA,3051-2689,2026-05-21,NA,eme2025ukb
Forces in Mechanics,NA,2666-3597,2026-05-21,NA,eme2025ukb
Forensic Chemistry,NA,2468-1709,2026-05-21,NA,eme2025ukb
Forensic Imaging,NA,2666-2256,2026-05-21,NA,eme2025ukb
Forensic Science International,NA,0379-0738,2026-05-21,NA,eme2025ukb
Forensic Science International: Digital Investigation,NA,2666-2817,2026-05-21,NA,eme2025ukb
Forensic Science International: Genetics,NA,1872-4973,2026-05-21,NA,eme2025ukb
Forensic Science International: Genetics Supplement Series,NA,1875-1768,2026-05-21,NA,eme2025ukb
Forensic Science International: Reports,NA,2665-9107,2026-05-21,NA,eme2025ukb
Forensic Science International: Synergy,NA,2589-871X,2026-05-21,NA,eme2025ukb
Forest Ecology and Management,NA,0378-1127,2026-05-21,NA,eme2025ukb
Forest Policy and Economics,NA,1389-9341,2026-05-21,NA,eme2025ukb
Franklin Open,NA,2773-1863,2026-05-21,NA,eme2025ukb
Free Radical Biology & Medicine,NA,0891-5849,2026-05-21,NA,eme2025ukb
Frontiers in Neuroendocrinology,NA,0091-3022,2026-05-21,NA,eme2025ukb
Fuel,NA,0016-2361,2026-05-21,NA,eme2025ukb
Fuel Communications,NA,2666-0520,2026-05-21,NA,eme2025ukb
Fuel Processing Technology,NA,0378-3820,2026-05-21,NA,eme2025ukb
Fundamental Plasma Physics,NA,2772-8285,2026-05-21,NA,eme2025ukb
Fungal Biology,NA,1878-6146,2026-05-21,NA,eme2025ukb
Fungal Biology Reviews,NA,1749-4613,2026-05-21,NA,eme2025ukb
Fungal Ecology,NA,1754-5048,2026-05-21,NA,eme2025ukb
Fungal Genetics and Biology,NA,1087-1845,2026-05-21,NA,eme2025ukb
Fusion Engineering and Design,NA,0920-3796,2026-05-21,NA,eme2025ukb
Fuß & Sprunggelenk,NA,1619-9987,2026-05-21,NA,eme2025ukb
Future Batteries,NA,2950-2640,2026-05-21,NA,eme2025ukb
Future Foods,NA,2666-8335,2026-05-21,NA,eme2025ukb
Future Generation Computer Systems,NA,0167-739X,2026-05-21,NA,eme2025ukb
Future Healthcare Journal,NA,2514-6645,2026-05-21,NA,eme2025ukb
Futures,NA,0016-3287,2026-05-21,NA,eme2025ukb
Fuzzy Sets and Systems,NA,0165-0114,2026-05-21,NA,eme2025ukb
Gait & Posture,NA,0966-6362,2026-05-21,NA,eme2025ukb
Games and Economic Behavior,NA,0899-8256,2026-05-21,NA,eme2025ukb
Gas Science and Engineering,NA,2949-9089,2026-05-21,NA,eme2025ukb
Gastro Hep Advances,NA,2772-5723,2026-05-21,NA,eme2025ukb
Gastroenterología y Hepatología,NA,0210-5705,2026-05-21,NA,eme2025ukb
Gastroenterología y Hepatología (English Edition),NA,2444-3824,2026-05-21,NA,eme2025ukb
Gastroenterology,NA,0016-5085,2026-05-21,NA,eme2025ukb
Gastrointestinal Endoscopy,NA,0016-5107,2026-05-21,NA,eme2025ukb
Gene,NA,0378-1119,2026-05-21,NA,eme2025ukb
Gene Expression Patterns,NA,1567-133X,2026-05-21,NA,eme2025ukb
Gene Reports,NA,2452-0144,2026-05-21,NA,eme2025ukb
General and Comparative Endocrinology,NA,0016-6480,2026-05-21,NA,eme2025ukb
General Hospital Psychiatry,NA,0163-8343,2026-05-21,NA,eme2025ukb
Genetics in Medicine,NA,1098-3600,2026-05-21,NA,eme2025ukb
Genetics in Medicine Open,NA,2949-7744,2026-05-21,NA,eme2025ukb
Genomics,NA,0888-7543,2026-05-21,NA,eme2025ukb
Geobios,NA,0016-6995,2026-05-21,NA,eme2025ukb
Geochemistry,NA,0009-2819,2026-05-21,NA,eme2025ukb
Geochimica et Cosmochimica Acta,NA,0016-7037,2026-05-21,NA,eme2025ukb
Geodata and AI,NA,3050-483X,2026-05-21,NA,eme2025ukb
Geoderma,NA,0016-7061,2026-05-21,NA,eme2025ukb
Geoderma Regional,NA,2352-0094,2026-05-21,NA,eme2025ukb
Geoenergy Science and Engineering,NA,2949-8910,2026-05-21,NA,eme2025ukb
Geoforum,NA,0016-7185,2026-05-21,NA,eme2025ukb
Geography and Sustainability,NA,2666-6839,2026-05-21,NA,eme2025ukb
Geomatica,NA,1195-1036,2026-05-21,NA,eme2025ukb
Geomechanics for Energy and the Environment,NA,2352-3808,2026-05-21,NA,eme2025ukb
Geomorphology,NA,0169-555X,2026-05-21,NA,eme2025ukb
Geopsychiatry,NA,3050-7138,2026-05-21,NA,eme2025ukb
Geotextiles and Geomembranes,NA,0266-1144,2026-05-21,NA,eme2025ukb
Geothermics,NA,0375-6505,2026-05-21,NA,eme2025ukb
Geriatric Nursing,NA,0197-4572,2026-05-21,NA,eme2025ukb
Geriatric Nursing: Asia,NA,3051-3146,2026-05-21,NA,eme2025ukb
Giant,NA,2666-5425,2026-05-21,NA,eme2025ukb
Glial Health Research,NA,2950-4074,2026-05-21,NA,eme2025ukb
Global and Earth Surface Processes Change,NA,2950-4740,2026-05-21,NA,eme2025ukb
Global and Planetary Change,NA,0921-8181,2026-05-21,NA,eme2025ukb
Global Challenges & Regional Science,NA,3050-502X,2026-05-21,NA,eme2025ukb
Global Ecology and Conservation,NA,2351-9894,2026-05-21,NA,eme2025ukb
Global Economics Research,NA,3050-8037,2026-05-21,NA,eme2025ukb
Global Environmental Change,NA,0959-3780,2026-05-21,NA,eme2025ukb
Global Environmental Change Advances,NA,2950-1385,2026-05-21,NA,eme2025ukb
Global Epidemiology,NA,2590-1133,2026-05-21,NA,eme2025ukb
Global Finance Journal,NA,1044-0283,2026-05-21,NA,eme2025ukb
Global Food Security,NA,2211-9124,2026-05-21,NA,eme2025ukb
Global Neurological Insights,NA,3051-2484,2026-05-21,NA,eme2025ukb
Global Pediatrics,NA,2667-0097,2026-05-21,NA,eme2025ukb
Gondwana Research,NA,1342-937X,2026-05-21,NA,eme2025ukb
Government Information Quarterly,NA,0740-624X,2026-05-21,NA,eme2025ukb
Graphical Models,NA,1524-0703,2026-05-21,NA,eme2025ukb
Green Analytical Chemistry,NA,2772-5774,2026-05-21,NA,eme2025ukb
Groundwater for Sustainable Development,NA,2352-801X,2026-05-21,NA,eme2025ukb
Growth Hormone & IGF Research,NA,1096-6374,2026-05-21,NA,eme2025ukb
Gut Microbiology,NA,3051-1720,2026-05-21,NA,eme2025ukb
Gut Microbiome and Health,NA,3117-3594,2026-05-21,NA,eme2025ukb
Gynecologic Oncology,NA,0090-8258,2026-05-21,NA,eme2025ukb
Gynecologic Oncology Reports,NA,2352-5789,2026-05-21,NA,eme2025ukb
Gynécologie Obstétrique Fertilité & Sénologie,NA,2468-7189,2026-05-21,NA,eme2025ukb
Habitat International,NA,0197-3975,2026-05-21,NA,eme2025ukb
Hand Surgery & Rehabilitation,NA,2468-1229,2026-05-21,NA,eme2025ukb
HardwareX,NA,2468-0672,2026-05-21,NA,eme2025ukb
Harmful Algae,NA,1568-9883,2026-05-21,NA,eme2025ukb
Health & Place,NA,1353-8292,2026-05-21,NA,eme2025ukb
Health Care Transitions,NA,2949-9232,2026-05-21,NA,eme2025ukb
Health Policy,NA,0168-8510,2026-05-21,NA,eme2025ukb
Health Policy and Technology,NA,2211-8837,2026-05-21,NA,eme2025ukb
Health Policy in Asia,NA,3117-4620,2026-05-21,NA,eme2025ukb
Health Policy OPEN,NA,2590-2296,2026-05-21,NA,eme2025ukb
Health Sciences Review,NA,2772-6320,2026-05-21,NA,eme2025ukb
Healthcare Analytics,NA,2772-4425,2026-05-21,NA,eme2025ukb
Healthcare: The Journal of Delivery Science and Innovation,NA,2213-0764,2026-05-21,NA,eme2025ukb
Hearing Research,NA,0378-5955,2026-05-21,NA,eme2025ukb
Heart & Lung,NA,0147-9563,2026-05-21,NA,eme2025ukb
Heart Rhythm,NA,1547-5271,2026-05-21,NA,eme2025ukb
Heart Rhythm O2,NA,2666-5018,2026-05-21,NA,eme2025ukb
"Heart, Lung and Circulation",NA,1443-9506,2026-05-21,NA,eme2025ukb
HeartRhythm Case Reports,NA,2214-0271,2026-05-21,NA,eme2025ukb
Heavy Rail,NA,3117-3128,2026-05-21,NA,eme2025ukb
Heliyon,NA,2405-8440,2026-05-21,NA,eme2025ukb
High Energy Density Physics,NA,1574-1818,2026-05-21,NA,eme2025ukb
Hipertensión y Riesgo Vascular,NA,1889-1837,2026-05-21,NA,eme2025ukb
Historia Mathematica,NA,0315-0860,2026-05-21,NA,eme2025ukb
Hormones and Behavior,NA,0018-506X,2026-05-21,NA,eme2025ukb
HPB,NA,1365-182X,2026-05-21,NA,eme2025ukb
Human Factors in Healthcare,NA,2772-5014,2026-05-21,NA,eme2025ukb
Human Gene,NA,2773-0441,2026-05-21,NA,eme2025ukb
Human Genetics and Genomics Advances,NA,2666-2477,2026-05-21,NA,eme2025ukb
Human Immunology,NA,0198-8859,2026-05-21,NA,eme2025ukb
Human Movement Science,NA,0167-9457,2026-05-21,NA,eme2025ukb
Human Nutrition & Metabolism,NA,2666-1497,2026-05-21,NA,eme2025ukb
Human Pathology,NA,0046-8177,2026-05-21,NA,eme2025ukb
Human Pathology Reports,NA,2772-736X,2026-05-21,NA,eme2025ukb
Human Resource Management Review,NA,1053-4822,2026-05-21,NA,eme2025ukb
Hybrid Advances,NA,2773-207X,2026-05-21,NA,eme2025ukb
Hydrometallurgy,NA,0304-386X,2026-05-21,NA,eme2025ukb
Hygiene and Environmental Health Advances,NA,2773-0492,2026-05-21,NA,eme2025ukb
IBRO Neuroscience Reports,NA,2667-2421,2026-05-21,NA,eme2025ukb
Icarus,NA,0019-1035,2026-05-21,NA,eme2025ukb
ICT Express,NA,2405-9595,2026-05-21,NA,eme2025ukb
IDCases,NA,2214-2509,2026-05-21,NA,eme2025ukb
IFAC Journal of Systems and Control,NA,2468-6018,2026-05-21,NA,eme2025ukb
iGIE,NA,2949-7086,2026-05-21,NA,eme2025ukb
IJC Heart & Vasculature,NA,2352-9067,2026-05-21,NA,eme2025ukb
IJID One Health,NA,2949-9151,2026-05-21,NA,eme2025ukb
IJID Regions,NA,2772-7076,2026-05-21,NA,eme2025ukb
iLIVER,NA,2772-9478,2026-05-21,NA,eme2025ukb
Image and Vision Computing,NA,0262-8856,2026-05-21,NA,eme2025ukb
Imagerie de la Femme,NA,1776-9817,2026-05-21,NA,eme2025ukb
Immunobiology,NA,0171-2985,2026-05-21,NA,eme2025ukb
ImmunoInformatics,NA,2667-1190,2026-05-21,NA,eme2025ukb
Immunology Letters,NA,0165-2478,2026-05-21,NA,eme2025ukb
Immuno-Oncology and Technology,NA,2590-0188,2026-05-21,NA,eme2025ukb
In Analysis,NA,2542-3606,2026-05-21,NA,eme2025ukb
In Silico Research in Biomedicine,NA,3050-7871,2026-05-21,NA,eme2025ukb
Indagationes Mathematicae,NA,0019-3577,2026-05-21,NA,eme2025ukb
Indian Journal of Medical Microbiology,NA,0255-0857,2026-05-21,NA,eme2025ukb
Indoor Environments,NA,2950-3620,2026-05-21,NA,eme2025ukb
Industrial Crops and Products,NA,0926-6690,2026-05-21,NA,eme2025ukb
Industrial Marketing Management,NA,0019-8501,2026-05-21,NA,eme2025ukb
Infant Behavior and Development,NA,0163-6383,2026-05-21,NA,eme2025ukb
Infection Prevention in Practice,NA,2590-0889,2026-05-21,NA,eme2025ukb
"Infection, Disease & Health",NA,2468-0451,2026-05-21,NA,eme2025ukb
"Infection, Genetics and Evolution",NA,1567-1348,2026-05-21,NA,eme2025ukb
Infectious Diseases Now,NA,2666-9919,2026-05-21,NA,eme2025ukb
Infectious Medicine,NA,2772-431X,2026-05-21,NA,eme2025ukb
Informatics in Medicine Unlocked,NA,2352-9148,2026-05-21,NA,eme2025ukb
Information & Management,NA,0378-7206,2026-05-21,NA,eme2025ukb
Information and Computation,NA,0890-5401,2026-05-21,NA,eme2025ukb
Information and Organization,NA,1471-7727,2026-05-21,NA,eme2025ukb
Information and Software Technology,NA,0950-5849,2026-05-21,NA,eme2025ukb
Information Economics and Policy,NA,0167-6245,2026-05-21,NA,eme2025ukb
Information Fusion,NA,1566-2535,2026-05-21,NA,eme2025ukb
Information Processing & Management,NA,0306-4573,2026-05-21,NA,eme2025ukb
Information Processing in Agriculture,NA,2214-3173,2026-05-21,NA,eme2025ukb
Information Processing Letters,NA,0020-0190,2026-05-21,NA,eme2025ukb
Information Sciences,NA,0020-0255,2026-05-21,NA,eme2025ukb
Information Systems,NA,0306-4379,2026-05-21,NA,eme2025ukb
Infrared Physics & Technology,NA,1350-4495,2026-05-21,NA,eme2025ukb
Injury,NA,0020-1383,2026-05-21,NA,eme2025ukb
Innovative Food Science and Emerging Technologies,NA,1466-8564,2026-05-21,NA,eme2025ukb
Innovative Practice in Breast Health,NA,2950-2128,2026-05-21,NA,eme2025ukb
Inorganic Chemistry Communications,NA,1387-7003,2026-05-21,NA,eme2025ukb
Inorganica Chimica Acta,NA,0020-1693,2026-05-21,NA,eme2025ukb
Insect Biochemistry and Molecular Biology,NA,0965-1748,2026-05-21,NA,eme2025ukb
Insurance: Mathematics and Economics,NA,0167-6687,2026-05-21,NA,eme2025ukb
Integration,NA,0167-9260,2026-05-21,NA,eme2025ukb
Intelligence,NA,0160-2896,2026-05-21,NA,eme2025ukb
Intelligence-Based Medicine,NA,2666-5212,2026-05-21,NA,eme2025ukb
Intelligent Medicine,NA,2667-1026,2026-05-21,NA,eme2025ukb
Intelligent Systems with Applications,NA,2667-3053,2026-05-21,NA,eme2025ukb
Intensive and Critical Care Nursing,NA,0964-3397,2026-05-21,NA,eme2025ukb
Interdisciplinary Neurosurgery,NA,2214-7519,2026-05-21,NA,eme2025ukb
Intermetallics,NA,0966-9795,2026-05-21,NA,eme2025ukb
International Biodeterioration & Biodegradation,NA,0964-8305,2026-05-21,NA,eme2025ukb
International Business Review,NA,0969-5931,2026-05-21,NA,eme2025ukb
International Communications in Heat and Mass Transfer,NA,0735-1933,2026-05-21,NA,eme2025ukb
International Dairy Journal,NA,0958-6946,2026-05-21,NA,eme2025ukb
International Dental Journal,NA,0020-6539,2026-05-21,NA,eme2025ukb
International Economics,NA,2110-7017,2026-05-21,NA,eme2025ukb
International Emergency Nursing,NA,1755-599X,2026-05-21,NA,eme2025ukb
International Immunopharmacology,NA,1567-5769,2026-05-21,NA,eme2025ukb
International Journal for Parasitology,NA,0020-7519,2026-05-21,NA,eme2025ukb
International Journal for Parasitology: Drugs and Drug Resistance,NA,2211-3207,2026-05-21,NA,eme2025ukb
International Journal for Parasitology: Parasites and Wildlife,NA,2213-2244,2026-05-21,NA,eme2025ukb
International Journal of Accounting Information Systems,NA,1467-0895,2026-05-21,NA,eme2025ukb
International Journal of Adhesion and Adhesives,NA,0143-7496,2026-05-21,NA,eme2025ukb
International Journal of Africa Nursing Sciences,NA,2214-1391,2026-05-21,NA,eme2025ukb
International Journal of Antimicrobial Agents,NA,0924-8579,2026-05-21,NA,eme2025ukb
International Journal of Applied Earth Observation and Geoinformation,NA,1569-8432,2026-05-21,NA,eme2025ukb
International Journal of Approximate Reasoning,NA,0888-613X,2026-05-21,NA,eme2025ukb
International Journal of Biological Macromolecules,NA,0141-8130,2026-05-21,NA,eme2025ukb
International Journal of Cardiology,NA,0167-5273,2026-05-21,NA,eme2025ukb
International Journal of Cardiology Cardiovascular Risk and Prevention,NA,2772-4875,2026-05-21,NA,eme2025ukb
International Journal of Cardiology Congenital Heart Disease,NA,2666-6685,2026-05-21,NA,eme2025ukb
International Journal of Cardiology Innovations,NA,3051-4452,2026-05-21,NA,eme2025ukb
International Journal of Child-Computer Interaction,NA,2212-8689,2026-05-21,NA,eme2025ukb
International Journal of Clinical and Health Psychology,NA,1697-2600,2026-05-21,NA,eme2025ukb
International Journal of Coal Geology,NA,0166-5162,2026-05-21,NA,eme2025ukb
International Journal of Critical Infrastructure Protection,NA,1874-5482,2026-05-21,NA,eme2025ukb
International Journal of Disaster Risk Reduction,NA,2212-4209,2026-05-21,NA,eme2025ukb
International Journal of Drug Policy,NA,0955-3959,2026-05-21,NA,eme2025ukb
International Journal of Educational Development,NA,0738-0593,2026-05-21,NA,eme2025ukb
International Journal of Educational Research,NA,0883-0355,2026-05-21,NA,eme2025ukb
International Journal of Educational Research Open,NA,2666-3740,2026-05-21,NA,eme2025ukb
International Journal of Electrical Power & Energy Systems,NA,0142-0615,2026-05-21,NA,eme2025ukb
International Journal of Electrochemical Science,NA,1452-3981,2026-05-21,NA,eme2025ukb
International Journal of Engineering Science,NA,0020-7225,2026-05-21,NA,eme2025ukb
International Journal of Fatigue,NA,0142-1123,2026-05-21,NA,eme2025ukb
International Journal of Food Microbiology,NA,0168-1605,2026-05-21,NA,eme2025ukb
International Journal of Forecasting,NA,0169-2070,2026-05-21,NA,eme2025ukb
International Journal of Gastronomy and Food Science,NA,1878-450X,2026-05-21,NA,eme2025ukb
International Journal of Greenhouse Gas Control,NA,1750-5836,2026-05-21,NA,eme2025ukb
International Journal of Gynecological Cancer,NA,1048-891X,2026-05-21,NA,eme2025ukb
International Journal of Heat and Fluid Flow,NA,0142-727X,2026-05-21,NA,eme2025ukb
International Journal of Heat and Mass Transfer,NA,0017-9310,2026-05-21,NA,eme2025ukb
International Journal of Hospitality Management,NA,0278-4319,2026-05-21,NA,eme2025ukb
International Journal of Human-Computer Studies,NA,1071-5819,2026-05-21,NA,eme2025ukb
International Journal of Hydrogen Energy,NA,0360-3199,2026-05-21,NA,eme2025ukb
International Journal of Hygiene and Environmental Health,NA,1438-4639,2026-05-21,NA,eme2025ukb
International Journal of Impact Engineering,NA,0734-743X,2026-05-21,NA,eme2025ukb
International Journal of Industrial Ergonomics,NA,0169-8141,2026-05-21,NA,eme2025ukb
International Journal of Industrial Organization,NA,0167-7187,2026-05-21,NA,eme2025ukb
International Journal of Infectious Diseases,NA,1201-9712,2026-05-21,NA,eme2025ukb
International Journal of Information Management,NA,0268-4012,2026-05-21,NA,eme2025ukb
International Journal of Information Management Data Insights,NA,2667-0968,2026-05-21,NA,eme2025ukb
International Journal of Intercultural Relations,NA,0147-1767,2026-05-21,NA,eme2025ukb
International Journal of Law and Psychiatry,NA,0160-2527,2026-05-21,NA,eme2025ukb
"International Journal of Law, Crime and Justice",NA,1756-0616,2026-05-21,NA,eme2025ukb
International Journal of Machine Tools and Manufacture,NA,0890-6955,2026-05-21,NA,eme2025ukb
International Journal of Mass Spectrometry,NA,1387-3806,2026-05-21,NA,eme2025ukb
International Journal of Mechanical Sciences,NA,0020-7403,2026-05-21,NA,eme2025ukb
International Journal of Medical Informatics,NA,1386-5056,2026-05-21,NA,eme2025ukb
International Journal of Medical Microbiology,NA,1438-4221,2026-05-21,NA,eme2025ukb
International Journal of Multiphase Flow,NA,0301-9322,2026-05-21,NA,eme2025ukb
International Journal of Naval Architecture and Ocean Engineering,NA,2092-6782,2026-05-21,NA,eme2025ukb
International Journal of Non-Linear Mechanics,NA,0020-7462,2026-05-21,NA,eme2025ukb
International Journal of Nursing Studies,NA,0020-7489,2026-05-21,NA,eme2025ukb
International Journal of Nursing Studies Advances,NA,2666-142X,2026-05-21,NA,eme2025ukb
International Journal of Obstetric Anesthesia,NA,0959-289X,2026-05-21,NA,eme2025ukb
International Journal of Oral and Maxillofacial Surgery,NA,0901-5027,2026-05-21,NA,eme2025ukb
International Journal of Orthopaedic and Trauma Nursing,NA,1878-1241,2026-05-21,NA,eme2025ukb
International Journal of Osteopathic Medicine,NA,1746-0689,2026-05-21,NA,eme2025ukb
International Journal of Paleopathology,NA,1879-9817,2026-05-21,NA,eme2025ukb
International Journal of Particle Therapy,NA,2331-5180,2026-05-21,NA,eme2025ukb
International Journal of Pediatric Otorhinolaryngology,NA,0165-5876,2026-05-21,NA,eme2025ukb
International Journal of Pharmaceutics,NA,0378-5173,2026-05-21,NA,eme2025ukb
International Journal of Pharmaceutics: X,NA,2590-1567,2026-05-21,NA,eme2025ukb
International Journal of Plasticity,NA,0749-6419,2026-05-21,NA,eme2025ukb
International Journal of Pressure Vessels and Piping,NA,0308-0161,2026-05-21,NA,eme2025ukb
International Journal of Production Economics,NA,0925-5273,2026-05-21,NA,eme2025ukb
International Journal of Project Management,NA,0263-7863,2026-05-21,NA,eme2025ukb
International Journal of Psychophysiology,NA,0167-8760,2026-05-21,NA,eme2025ukb
"International Journal of Radiation Oncology, Biology, Physics",NA,0360-3016,2026-05-21,NA,eme2025ukb
International Journal of Refractory Metals and Hard Materials,NA,0263-4368,2026-05-21,NA,eme2025ukb
International Journal of Refrigeration,NA,0140-7007,2026-05-21,NA,eme2025ukb
International Journal of Research in Marketing,NA,0167-8116,2026-05-21,NA,eme2025ukb
International Journal of Rock Mechanics and Mining Sciences,NA,1365-1609,2026-05-21,NA,eme2025ukb
International Journal of Solids and Structures,NA,0020-7683,2026-05-21,NA,eme2025ukb
International Journal of Thermal Sciences,NA,1290-0729,2026-05-21,NA,eme2025ukb
International Journal of Thermofluids,NA,2666-2027,2026-05-21,NA,eme2025ukb
International Orthodontics,NA,1761-7227,2026-05-21,NA,eme2025ukb
International Psychogeriatrics,NA,1041-6102,2026-05-21,NA,eme2025ukb
International Review of Economics & Finance,NA,1059-0560,2026-05-21,NA,eme2025ukb
International Review of Economics Education,NA,1477-3880,2026-05-21,NA,eme2025ukb
International Review of Financial Analysis,NA,1057-5219,2026-05-21,NA,eme2025ukb
International Review of Law and Economics,NA,0144-8188,2026-05-21,NA,eme2025ukb
Internet Interventions,NA,2214-7829,2026-05-21,NA,eme2025ukb
Internet of Things,NA,2542-6605,2026-05-21,NA,eme2025ukb
Intestinal Failure,NA,2950-4562,2026-05-21,NA,eme2025ukb
Invention Disclosure,NA,2772-4441,2026-05-21,NA,eme2025ukb
iPharma,NA,3117-4701,2026-05-21,NA,eme2025ukb
IRBM,NA,1959-0318,2026-05-21,NA,eme2025ukb
ISA Transactions,NA,0019-0578,2026-05-21,NA,eme2025ukb
iScience,NA,2589-0042,2026-05-21,NA,eme2025ukb
ISPRS Journal of Photogrammetry and Remote Sensing,NA,0924-2716,2026-05-21,NA,eme2025ukb
ISPRS Open Journal of Photogrammetry and Remote Sensing,NA,2667-3932,2026-05-21,NA,eme2025ukb
Italian Journal of Agronomy,NA,1125-4718,2026-05-21,NA,eme2025ukb
JAACAP Open,NA,2949-7329,2026-05-21,NA,eme2025ukb
JAAD Case Reports,NA,2352-5126,2026-05-21,NA,eme2025ukb
JAAD International,NA,2666-3287,2026-05-21,NA,eme2025ukb
JAAD Reviews,NA,2950-1989,2026-05-21,NA,eme2025ukb
JACC: Advances,NA,2772-963X,2026-05-21,NA,eme2025ukb
JACC: Asia,NA,2772-3747,2026-05-21,NA,eme2025ukb
JACC: Cardiovascular Imaging,NA,1936-878X,2026-05-21,NA,eme2025ukb
JACC: Cardiovascular Interventions,NA,1936-8798,2026-05-21,NA,eme2025ukb
JACC: Clinical Electrophysiology,NA,2405-500X,2026-05-21,NA,eme2025ukb
JACC: Heart Failure,NA,2213-1779,2026-05-21,NA,eme2025ukb
JACEP Open,NA,2688-1152,2026-05-21,NA,eme2025ukb
JADA Foundational Science,NA,2772-414X,2026-05-21,NA,eme2025ukb
JAND Global Reports,NA,3050-7189,2026-05-21,NA,eme2025ukb
Japan and the World Economy,NA,0922-1425,2026-05-21,NA,eme2025ukb
JAPhA Pharmacotherapy,NA,2949-9623,2026-05-21,NA,eme2025ukb
JAPhA Practice Innovations,NA,2949-9690,2026-05-21,NA,eme2025ukb
JCA Advances,NA,2950-5534,2026-05-21,NA,eme2025ukb
JCIS Open,NA,2666-934X,2026-05-21,NA,eme2025ukb
JEM International,NA,3051-3227,2026-05-21,NA,eme2025ukb
JEM Reports,NA,2773-2320,2026-05-21,NA,eme2025ukb
JFO Open Ophthalmology,NA,2949-8899,2026-05-21,NA,eme2025ukb
JHEP Reports,NA,2589-5559,2026-05-21,NA,eme2025ukb
JHLT Open,NA,2950-1334,2026-05-21,NA,eme2025ukb
JID Innovations,NA,2667-0267,2026-05-21,NA,eme2025ukb
Joint Bone Spine,NA,1297-319X,2026-05-21,NA,eme2025ukb
Jornal de Pediatria,NA,0021-7557,2026-05-21,NA,eme2025ukb
JOS Case Reports,NA,2772-9648,2026-05-21,NA,eme2025ukb
Journal de Chirurgie Viscérale,NA,1878-786X,2026-05-21,NA,eme2025ukb
Journal de Mathématiques Pures et Appliquées,NA,0021-7824,2026-05-21,NA,eme2025ukb
Journal de Pédiatrie et de Puériculture,NA,0987-7983,2026-05-21,NA,eme2025ukb
Journal de Traumatologie du Sport,NA,0762-915X,2026-05-21,NA,eme2025ukb
Journal d'Imagerie Diagnostique et Interventionnelle,NA,2543-3431,2026-05-21,NA,eme2025ukb
Journal for Nature Conservation,NA,1617-1381,2026-05-21,NA,eme2025ukb
Journal Français d'Ophtalmologie,NA,0181-5512,2026-05-21,NA,eme2025ukb
Journal of AAPOS,NA,1091-8531,2026-05-21,NA,eme2025ukb
Journal of Accounting and Economics,NA,0165-4101,2026-05-21,NA,eme2025ukb
Journal of Accounting and Public Policy,NA,0278-4254,2026-05-21,NA,eme2025ukb
Journal of Accounting Education,NA,0748-5751,2026-05-21,NA,eme2025ukb
Journal of Adolescent Health,NA,1054-139X,2026-05-21,NA,eme2025ukb
Journal of Advanced Joining Processes,NA,2666-3309,2026-05-21,NA,eme2025ukb
Journal of Advanced Research,NA,2090-1232,2026-05-21,NA,eme2025ukb
Journal of Aerosol Science,NA,0021-8502,2026-05-21,NA,eme2025ukb
Journal of Affective Disorders,NA,0165-0327,2026-05-21,NA,eme2025ukb
Journal of Affective Disorders Reports,NA,2666-9153,2026-05-21,NA,eme2025ukb
Journal of African Earth Sciences,NA,1464-343X,2026-05-21,NA,eme2025ukb
Journal of Aging Studies,NA,0890-4065,2026-05-21,NA,eme2025ukb
Journal of Agriculture and Food Research,NA,2666-1543,2026-05-21,NA,eme2025ukb
Journal of Air Transport Management,NA,0969-6997,2026-05-21,NA,eme2025ukb
Journal of Algebra,NA,0021-8693,2026-05-21,NA,eme2025ukb
Journal of Allergy and Clinical Immunology,NA,0091-6749,2026-05-21,NA,eme2025ukb
Journal of Allergy and Clinical Immunology: Global,NA,2772-8293,2026-05-21,NA,eme2025ukb
Journal of Allergy and Hypersensitivity Diseases,NA,2950-3124,2026-05-21,NA,eme2025ukb
Journal of Alloys and Compounds,NA,0925-8388,2026-05-21,NA,eme2025ukb
Journal of Alloys and Compounds Communications,NA,2950-2845,2026-05-21,NA,eme2025ukb
Journal of Alloys and Metallurgical Systems,NA,2949-9178,2026-05-21,NA,eme2025ukb
Journal of Analytical and Applied Pyrolysis,NA,0165-2370,2026-05-21,NA,eme2025ukb
Journal of Anthropological Archaeology,NA,0278-4165,2026-05-21,NA,eme2025ukb
Journal of Anxiety Disorders,NA,0887-6185,2026-05-21,NA,eme2025ukb
Journal of Applied Developmental Psychology,NA,0193-3973,2026-05-21,NA,eme2025ukb
Journal of Applied Geophysics,NA,0926-9851,2026-05-21,NA,eme2025ukb
Journal of Applied Poultry Research,NA,1056-6171,2026-05-21,NA,eme2025ukb
Journal of Applied Research on Medicinal and Aromatic Plants,NA,2214-7861,2026-05-21,NA,eme2025ukb
Journal of Approximation Theory,NA,0021-9045,2026-05-21,NA,eme2025ukb
Journal of Aquatic Plants,NA,3051-2301,2026-05-21,NA,eme2025ukb
Journal of Archaeological Science,NA,0305-4403,2026-05-21,NA,eme2025ukb
Journal of Archaeological Science: Reports,NA,2352-409X,2026-05-21,NA,eme2025ukb
Journal of Arid Environments,NA,0140-1963,2026-05-21,NA,eme2025ukb
Journal of Arthroplasty,NA,0883-5403,2026-05-21,NA,eme2025ukb
Journal of Asian Earth Sciences,NA,1367-9120,2026-05-21,NA,eme2025ukb
Journal of Asian Earth Sciences: X,NA,2590-0560,2026-05-21,NA,eme2025ukb
Journal of Asian Economics,NA,1049-0078,2026-05-21,NA,eme2025ukb
Journal of Asia-Pacific Entomology,NA,1226-8615,2026-05-21,NA,eme2025ukb
Journal of Atmospheric and Solar-Terrestrial Physics,NA,1364-6826,2026-05-21,NA,eme2025ukb
Journal of Autoimmunity,NA,0896-8411,2026-05-21,NA,eme2025ukb
Journal of Ayurveda and Integrative Medicine,NA,0975-9476,2026-05-21,NA,eme2025ukb
Journal of Banking & Finance,NA,0378-4266,2026-05-21,NA,eme2025ukb
Journal of Behavior Therapy and Experimental Psychiatry,NA,0005-7916,2026-05-21,NA,eme2025ukb
Journal of Behavioral and Cognitive Therapy,NA,2589-9791,2026-05-21,NA,eme2025ukb
Journal of Behavioral and Experimental Economics,NA,2214-8043,2026-05-21,NA,eme2025ukb
Journal of Behavioral and Experimental Finance,NA,2214-6350,2026-05-21,NA,eme2025ukb
Journal of Biomechanics,NA,0021-9290,2026-05-21,NA,eme2025ukb
Journal of Biomechanics Open,NA,3051-1313,2026-05-21,NA,eme2025ukb
Journal of Biomedical Informatics,NA,1532-0464,2026-05-21,NA,eme2025ukb
Journal of Biotechnology,NA,0168-1656,2026-05-21,NA,eme2025ukb
Journal of Bodywork and Movement Therapies,NA,1360-8592,2026-05-21,NA,eme2025ukb
Journal of Bone Oncology,NA,2212-1374,2026-05-21,NA,eme2025ukb
Journal of Building Engineering,NA,2352-7102,2026-05-21,NA,eme2025ukb
Journal of Business Research,NA,0148-2963,2026-05-21,NA,eme2025ukb
Journal of Business Venturing,NA,0883-9026,2026-05-21,NA,eme2025ukb
Journal of Business Venturing Design,NA,2667-2774,2026-05-21,NA,eme2025ukb
Journal of Business Venturing Insights,NA,2352-6734,2026-05-21,NA,eme2025ukb
Journal of Cancer Policy,NA,2213-5383,2026-05-21,NA,eme2025ukb
Journal of Cardiac Failure,NA,1071-9164,2026-05-21,NA,eme2025ukb
Journal of Cardiac Failure - Intersections,NA,3050-6611,2026-05-21,NA,eme2025ukb
Journal of Cardiology,NA,0914-5087,2026-05-21,NA,eme2025ukb
Journal of Cardiology Cases,NA,1878-5409,2026-05-21,NA,eme2025ukb
Journal of Cardiothoracic and Vascular Anesthesia,NA,1053-0770,2026-05-21,NA,eme2025ukb
Journal of Cardiovascular Computed Tomography,NA,1934-5925,2026-05-21,NA,eme2025ukb
Journal of Cardiovascular Magnetic Resonance,NA,1097-6647,2026-05-21,NA,eme2025ukb
Journal of Cartilage & Joint Preservation,NA,2667-2545,2026-05-21,NA,eme2025ukb
Journal of Catalysis,NA,0021-9517,2026-05-21,NA,eme2025ukb
Journal of Cereal Science,NA,0733-5210,2026-05-21,NA,eme2025ukb
Journal of Chiropractic Humanities,NA,1556-3499,2026-05-21,NA,eme2025ukb
Journal of Chiropractic Medicine,NA,1556-3707,2026-05-21,NA,eme2025ukb
Journal of Choice Modelling,NA,1755-5345,2026-05-21,NA,eme2025ukb
Journal of Chromatography A,NA,0021-9673,2026-05-21,NA,eme2025ukb
Journal of Chromatography B,NA,1570-0232,2026-05-21,NA,eme2025ukb
Journal of Chromatography Open,NA,2772-3917,2026-05-21,NA,eme2025ukb
Journal of Cleaner Production,NA,0959-6526,2026-05-21,NA,eme2025ukb
Journal of Climate Finance,NA,2949-7280,2026-05-21,NA,eme2025ukb
Journal of Clinical and Experimental Hepatology,NA,0973-6883,2026-05-21,NA,eme2025ukb
Journal of Clinical and Translational Endocrinology,NA,2214-6237,2026-05-21,NA,eme2025ukb
Journal of Clinical and Translational Endocrinology: Case Reports,NA,2214-6245,2026-05-21,NA,eme2025ukb
Journal of Clinical Anesthesia,NA,0952-8180,2026-05-21,NA,eme2025ukb
Journal of Clinical Densitometry,NA,1094-6950,2026-05-21,NA,eme2025ukb
Journal of Clinical Epidemiology,NA,0895-4356,2026-05-21,NA,eme2025ukb
Journal of Clinical Lipidology,NA,1933-2874,2026-05-21,NA,eme2025ukb
Journal of Clinical Neuroscience,NA,0967-5868,2026-05-21,NA,eme2025ukb
Journal of Clinical Orthopaedics and Trauma,NA,0976-5662,2026-05-21,NA,eme2025ukb
Journal of Clinical Tuberculosis and Other Mycobacterial Diseases,NA,2405-5794,2026-05-21,NA,eme2025ukb
Journal of Clinical Virology,NA,1386-6532,2026-05-21,NA,eme2025ukb
Journal of Clinical Virology Plus,NA,2667-0380,2026-05-21,NA,eme2025ukb
Journal of CO2 Utilization,NA,2212-9820,2026-05-21,NA,eme2025ukb
Journal of Colloid and Interface Science,NA,0021-9797,2026-05-21,NA,eme2025ukb
"Journal of Combinatorial Theory, Series A",NA,0097-3165,2026-05-21,NA,eme2025ukb
"Journal of Combinatorial Theory, Series B",NA,0095-8956,2026-05-21,NA,eme2025ukb
Journal of Commodity Markets,NA,2405-8513,2026-05-21,NA,eme2025ukb
Journal of Communication Disorders,NA,0021-9924,2026-05-21,NA,eme2025ukb
Journal of Comparative Economics,NA,0147-5967,2026-05-21,NA,eme2025ukb
Journal of Comparative Pathology,NA,0021-9975,2026-05-21,NA,eme2025ukb
Journal of Complexity,NA,0885-064X,2026-05-21,NA,eme2025ukb
Journal of Computational Algebra,NA,2772-8277,2026-05-21,NA,eme2025ukb
Journal of Computational and Applied Mathematics,NA,0377-0427,2026-05-21,NA,eme2025ukb
Journal of Computational Mathematics and Data Science,NA,2772-4158,2026-05-21,NA,eme2025ukb
Journal of Computational Physics,NA,0021-9991,2026-05-21,NA,eme2025ukb
Journal of Computational Science,NA,1877-7503,2026-05-21,NA,eme2025ukb
Journal of Computer and System Sciences,NA,0022-0000,2026-05-21,NA,eme2025ukb
Journal of Computer Languages,NA,2590-1184,2026-05-21,NA,eme2025ukb
Journal of Constructional Steel Research,NA,0143-974X,2026-05-21,NA,eme2025ukb
Journal of Contaminant Hydrology,NA,0169-7722,2026-05-21,NA,eme2025ukb
Journal of Contemporary Accounting & Economics,NA,1815-5669,2026-05-21,NA,eme2025ukb
Journal of Contextual Behavioral Science,NA,2212-1447,2026-05-21,NA,eme2025ukb
Journal of Controlled Release,NA,0168-3659,2026-05-21,NA,eme2025ukb
Journal of Co-operative Organization and Management,NA,2213-297X,2026-05-21,NA,eme2025ukb
Journal of Corporate Finance,NA,0929-1199,2026-05-21,NA,eme2025ukb
Journal of Cranio-Maxillofacial Surgery,NA,1010-5182,2026-05-21,NA,eme2025ukb
Journal of Creativity,NA,2713-3745,2026-05-21,NA,eme2025ukb
Journal of Criminal Justice,NA,0047-2352,2026-05-21,NA,eme2025ukb
Journal of Critical Care,NA,0883-9441,2026-05-21,NA,eme2025ukb
Journal of Crystal Growth,NA,0022-0248,2026-05-21,NA,eme2025ukb
Journal of Cultural Heritage,NA,1296-2074,2026-05-21,NA,eme2025ukb
Journal of Cycling and Micromobility Research,NA,2950-1059,2026-05-21,NA,eme2025ukb
Journal of Cystic Fibrosis,NA,1569-1993,2026-05-21,NA,eme2025ukb
Journal of Dairy Science,NA,0022-0302,2026-05-21,NA,eme2025ukb
Journal of Dentistry,NA,0300-5712,2026-05-21,NA,eme2025ukb
Journal of Dermatological Science,NA,0923-1811,2026-05-21,NA,eme2025ukb
Journal of Destination Marketing & Management,NA,2212-571X,2026-05-21,NA,eme2025ukb
Journal of Development Economics,NA,0304-3878,2026-05-21,NA,eme2025ukb
Journal of Diabetes and its Complications,NA,1056-8727,2026-05-21,NA,eme2025ukb
Journal of Differential Equations,NA,0022-0396,2026-05-21,NA,eme2025ukb
Journal of Drug Delivery Science and Technology,NA,1773-2247,2026-05-21,NA,eme2025ukb
Journal of Econometrics,NA,0304-4076,2026-05-21,NA,eme2025ukb
Journal of Economic Behavior & Organization,NA,0167-2681,2026-05-21,NA,eme2025ukb
Journal of Economic Criminology,NA,2949-7914,2026-05-21,NA,eme2025ukb
Journal of Economic Dynamics and Control,NA,0165-1889,2026-05-21,NA,eme2025ukb
Journal of Economic Psychology,NA,0167-4870,2026-05-21,NA,eme2025ukb
Journal of Economic Theory,NA,0022-0531,2026-05-21,NA,eme2025ukb
Journal of Economics and Business,NA,0148-6195,2026-05-21,NA,eme2025ukb
Journal of Electroanalytical Chemistry,NA,1572-6657,2026-05-21,NA,eme2025ukb
Journal of Electrocardiology,NA,0022-0736,2026-05-21,NA,eme2025ukb
Journal of Electromyography and Kinesiology,NA,1050-6411,2026-05-21,NA,eme2025ukb
Journal of Electron Spectroscopy and Related Phenomena,NA,0368-2048,2026-05-21,NA,eme2025ukb
Journal of Electrostatics,NA,0304-3886,2026-05-21,NA,eme2025ukb
Journal of Emergency Nursing,NA,0099-1767,2026-05-21,NA,eme2025ukb
Journal of Empirical Finance,NA,0927-5398,2026-05-21,NA,eme2025ukb
Journal of Endodontics,NA,0099-2399,2026-05-21,NA,eme2025ukb
Journal of Energy Chemistry,NA,2095-4956,2026-05-21,NA,eme2025ukb
Journal of Energy Storage,NA,2352-152X,2026-05-21,NA,eme2025ukb
Journal of Engineering and Technology Management,NA,0923-4748,2026-05-21,NA,eme2025ukb
Journal of Engineering Research,NA,2307-1877,2026-05-21,NA,eme2025ukb
Journal of English for Academic Purposes,NA,1475-1585,2026-05-21,NA,eme2025ukb
Journal of Environmental Chemical Engineering,NA,2213-3437,2026-05-21,NA,eme2025ukb
Journal of Environmental Economics and Management,NA,0095-0696,2026-05-21,NA,eme2025ukb
Journal of Environmental Management,NA,0301-4797,2026-05-21,NA,eme2025ukb
Journal of Environmental Psychology,NA,0272-4944,2026-05-21,NA,eme2025ukb
Journal of Environmental Radioactivity,NA,0265-931X,2026-05-21,NA,eme2025ukb
Journal of Environmental Sciences,NA,1001-0742,2026-05-21,NA,eme2025ukb
Journal of Epidemiology and Population Health,NA,2950-4333,2026-05-21,NA,eme2025ukb
Journal of Equine Veterinary Science,NA,0737-0806,2026-05-21,NA,eme2025ukb
Journal of Ethnopharmacology,NA,0378-8741,2026-05-21,NA,eme2025ukb
Journal of Evidence-Based Dental Practice,NA,1532-3382,2026-05-21,NA,eme2025ukb
Journal of Exercise Science & Fitness,NA,1728-869X,2026-05-21,NA,eme2025ukb
Journal of Exotic Pet Medicine,NA,1557-5063,2026-05-21,NA,eme2025ukb
Journal of Experimental Child Psychology,NA,0022-0965,2026-05-21,NA,eme2025ukb
Journal of Experimental Horticulture,NA,3051-1186,2026-05-21,NA,eme2025ukb
Journal of Experimental Marine Biology and Ecology,NA,0022-0981,2026-05-21,NA,eme2025ukb
Journal of Experimental Social Psychology,NA,0022-1031,2026-05-21,NA,eme2025ukb
Journal of Family Business Strategy,NA,1877-8585,2026-05-21,NA,eme2025ukb
Journal of Financial Economics,NA,0304-405X,2026-05-21,NA,eme2025ukb
Journal of Financial Intermediation,NA,1042-9573,2026-05-21,NA,eme2025ukb
Journal of Financial Markets,NA,1386-4181,2026-05-21,NA,eme2025ukb
Journal of Financial Stability,NA,1572-3089,2026-05-21,NA,eme2025ukb
Journal of Fluency Disorders,NA,0094-730X,2026-05-21,NA,eme2025ukb
Journal of Fluids and Structures,NA,0889-9746,2026-05-21,NA,eme2025ukb
Journal of Fluorine Chemistry,NA,0022-1139,2026-05-21,NA,eme2025ukb
Journal of Food Composition and Analysis,NA,0889-1575,2026-05-21,NA,eme2025ukb
Journal of Food Engineering,NA,0260-8774,2026-05-21,NA,eme2025ukb
Journal of Food Protection,NA,0362-028X,2026-05-21,NA,eme2025ukb
Journal of Forensic and Legal Medicine,NA,1752-928X,2026-05-21,NA,eme2025ukb
Journal of Functional Analysis,NA,0022-1236,2026-05-21,NA,eme2025ukb
Journal of Functional Foods,NA,1756-4646,2026-05-21,NA,eme2025ukb
Journal of Gastrointestinal Surgery,NA,1091-255X,2026-05-21,NA,eme2025ukb
Journal of Gastrointestinal Surgery Open,NA,3117-3586,2026-05-21,NA,eme2025ukb
Journal of Genetic Engineering and Biotechnology,NA,1687-157X,2026-05-21,NA,eme2025ukb
Journal of Genetics and Genomics,NA,1673-8527,2026-05-21,NA,eme2025ukb
Journal of Geochemical Exploration,NA,0375-6742,2026-05-21,NA,eme2025ukb
Journal of Geodynamics,NA,0264-3707,2026-05-21,NA,eme2025ukb
Journal of Geometry and Physics,NA,0393-0440,2026-05-21,NA,eme2025ukb
Journal of Geriatric Oncology,NA,1879-4068,2026-05-21,NA,eme2025ukb
Journal of Global Antimicrobial Resistance,NA,2213-7165,2026-05-21,NA,eme2025ukb
Journal of Great Lakes Research,NA,0380-1330,2026-05-21,NA,eme2025ukb
Journal of Gynecology Obstetrics and Human Reproduction,NA,2468-7847,2026-05-21,NA,eme2025ukb
Journal of Hand and Microsurgery,NA,0974-3227,2026-05-21,NA,eme2025ukb
Journal of Hand Surgery Global Online,NA,2589-5141,2026-05-21,NA,eme2025ukb
Journal of Hand Therapy,NA,0894-1130,2026-05-21,NA,eme2025ukb
Journal of Hazardous Materials,NA,0304-3894,2026-05-21,NA,eme2025ukb
Journal of Hazardous Materials Advances,NA,2772-4166,2026-05-21,NA,eme2025ukb
Journal of Hazardous Materials Letters,NA,2666-9110,2026-05-21,NA,eme2025ukb
Journal of Hazardous Materials: Organics,NA,3051-0597,2026-05-21,NA,eme2025ukb
Journal of Hazardous Materials: Plastics,NA,3051-0600,2026-05-21,NA,eme2025ukb
Journal of Health Economics,NA,0167-6296,2026-05-21,NA,eme2025ukb
Journal of Healthcare Quality Research,NA,2603-6479,2026-05-21,NA,eme2025ukb
Journal of Hepatology,NA,0168-8278,2026-05-21,NA,eme2025ukb
Journal of Herbal Medicine,NA,2210-8033,2026-05-21,NA,eme2025ukb
Journal of High Energy Astrophysics,NA,2214-4048,2026-05-21,NA,eme2025ukb
Journal of Historical Geography,NA,0305-7488,2026-05-21,NA,eme2025ukb
Journal of Hospital Infection,NA,0195-6701,2026-05-21,NA,eme2025ukb
Journal of Hospitality and Tourism Management,NA,1447-6770,2026-05-21,NA,eme2025ukb
"Journal of Hospitality, Leisure, Sport & Tourism Education",NA,1473-8376,2026-05-21,NA,eme2025ukb
Journal of Housing Economics,NA,1051-1377,2026-05-21,NA,eme2025ukb
Journal of Human Evolution,NA,0047-2484,2026-05-21,NA,eme2025ukb
Journal of Hydro-environment Research,NA,1570-6443,2026-05-21,NA,eme2025ukb
Journal of Hydrology,NA,0022-1694,2026-05-21,NA,eme2025ukb
Journal of Hydrology X,NA,2589-9155,2026-05-21,NA,eme2025ukb
Journal of Hydrology: Regional Studies,NA,2214-5818,2026-05-21,NA,eme2025ukb
Journal of Immunological Methods,NA,0022-1759,2026-05-21,NA,eme2025ukb
Journal of Industrial and Engineering Chemistry,NA,1226-086X,2026-05-21,NA,eme2025ukb
Journal of Industrial Information Integration,NA,2452-414X,2026-05-21,NA,eme2025ukb
Journal of Infection,NA,0163-4453,2026-05-21,NA,eme2025ukb
Journal of Infection and Public Health,NA,1876-0341,2026-05-21,NA,eme2025ukb
Journal of Information Security and Applications,NA,2214-2126,2026-05-21,NA,eme2025ukb
Journal of Informetrics,NA,1751-1577,2026-05-21,NA,eme2025ukb
Journal of Innovation & Knowledge,NA,2444-569X,2026-05-21,NA,eme2025ukb
Journal of Inorganic Biochemistry,NA,0162-0134,2026-05-21,NA,eme2025ukb
Journal of Insect Physiology,NA,0022-1910,2026-05-21,NA,eme2025ukb
Journal of Integrative Medicine,NA,2095-4964,2026-05-21,NA,eme2025ukb
Journal of Intensive Medicine,NA,2667-100X,2026-05-21,NA,eme2025ukb
"Journal of International Accounting, Auditing and Taxation",NA,1061-9518,2026-05-21,NA,eme2025ukb
Journal of International Economics,NA,0022-1996,2026-05-21,NA,eme2025ukb
"Journal of International Financial Markets, Institutions & Money",NA,1042-4431,2026-05-21,NA,eme2025ukb
Journal of International Management,NA,1075-4253,2026-05-21,NA,eme2025ukb
Journal of International Money and Finance,NA,0261-5606,2026-05-21,NA,eme2025ukb
Journal of Interprofessional Education & Practice,NA,2405-4526,2026-05-21,NA,eme2025ukb
Journal of Invertebrate Pathology,NA,0022-2011,2026-05-21,NA,eme2025ukb
Journal of Investigative Dermatology,NA,0022-202X,2026-05-21,NA,eme2025ukb
Journal of Ionic Liquids,NA,2772-4220,2026-05-21,NA,eme2025ukb
Journal of ISAKOS,NA,2059-7754,2026-05-21,NA,eme2025ukb
Journal of Liver Transplantation,NA,2666-9676,2026-05-21,NA,eme2025ukb
Journal of Logical and Algebraic Methods in Programming,NA,2352-2208,2026-05-21,NA,eme2025ukb
Journal of Loss Prevention in the Process Industries,NA,0950-4230,2026-05-21,NA,eme2025ukb
Journal of Luminescence,NA,0022-2313,2026-05-21,NA,eme2025ukb
Journal of Macroeconomics,NA,0164-0704,2026-05-21,NA,eme2025ukb
Journal of Magnetic Resonance,NA,1090-7807,2026-05-21,NA,eme2025ukb
Journal of Magnetic Resonance Open,NA,2666-4410,2026-05-21,NA,eme2025ukb
Journal of Magnetism and Magnetic Materials,NA,0304-8853,2026-05-21,NA,eme2025ukb
Journal of Manufacturing Processes,NA,1526-6125,2026-05-21,NA,eme2025ukb
Journal of Manufacturing Systems,NA,0278-6125,2026-05-21,NA,eme2025ukb
Journal of Marine Systems,NA,0924-7963,2026-05-21,NA,eme2025ukb
Journal of Materials Processing Technology,NA,0924-0136,2026-05-21,NA,eme2025ukb
Journal of Materials Research and Technology,NA,2238-7854,2026-05-21,NA,eme2025ukb
Journal of Materials Science & Technology,NA,1005-0302,2026-05-21,NA,eme2025ukb
Journal of Materiomics,NA,2352-8478,2026-05-21,NA,eme2025ukb
Journal of Mathematical Analysis and Applications,NA,0022-247X,2026-05-21,NA,eme2025ukb
Journal of Mathematical Economics,NA,0304-4068,2026-05-21,NA,eme2025ukb
Journal of Mathematical Psychology,NA,0022-2496,2026-05-21,NA,eme2025ukb
Journal of Medical Imaging and Radiation Sciences,NA,1939-8654,2026-05-21,NA,eme2025ukb
Journal of Medical Mycology,NA,1156-5233,2026-05-21,NA,eme2025ukb
"Journal of Medicine, Surgery, and Public Health",NA,2949-916X,2026-05-21,NA,eme2025ukb
Journal of Membrane Science,NA,0376-7388,2026-05-21,NA,eme2025ukb
Journal of Membrane Science Letters,NA,2772-4212,2026-05-21,NA,eme2025ukb
Journal of Memory and Language,NA,0749-596X,2026-05-21,NA,eme2025ukb
Journal of Microbiological Methods,NA,0167-7012,2026-05-21,NA,eme2025ukb
"Journal of Microbiology, Immunology and Infection",NA,1684-1182,2026-05-21,NA,eme2025ukb
Journal of Migration and Health,NA,2666-6235,2026-05-21,NA,eme2025ukb
Journal of Minimally Invasive Gynecology,NA,1553-4650,2026-05-21,NA,eme2025ukb
Journal of Molecular and Cellular Cardiology,NA,0022-2828,2026-05-21,NA,eme2025ukb
Journal of Molecular and Cellular Cardiology Plus,NA,2772-9761,2026-05-21,NA,eme2025ukb
Journal of Molecular Biology,NA,0022-2836,2026-05-21,NA,eme2025ukb
Journal of Molecular Graphics and Modelling,NA,1093-3263,2026-05-21,NA,eme2025ukb
Journal of Molecular Liquids,NA,0167-7322,2026-05-21,NA,eme2025ukb
Journal of Molecular Spectroscopy,NA,0022-2852,2026-05-21,NA,eme2025ukb
Journal of Molecular Structure,NA,0022-2860,2026-05-21,NA,eme2025ukb
Journal of Monetary Economics,NA,0304-3932,2026-05-21,NA,eme2025ukb
Journal of Mood & Anxiety Disorders,NA,2950-0044,2026-05-21,NA,eme2025ukb
Journal of Multinational Financial Management,NA,1042-444X,2026-05-21,NA,eme2025ukb
Journal of Multivariate Analysis,NA,0047-259X,2026-05-21,NA,eme2025ukb
Journal of Natural Pesticide Research,NA,2773-0786,2026-05-21,NA,eme2025ukb
Journal of Neonatal Nursing,NA,1355-1841,2026-05-21,NA,eme2025ukb
Journal of Network and Computer Applications,NA,1084-8045,2026-05-21,NA,eme2025ukb
Journal of Neuroimmunology,NA,0165-5728,2026-05-21,NA,eme2025ukb
Journal of Neurolinguistics,NA,0911-6044,2026-05-21,NA,eme2025ukb
Journal of Neuroradiology,NA,0150-9861,2026-05-21,NA,eme2025ukb
Journal of Neurorestoratology,NA,2324-2426,2026-05-21,NA,eme2025ukb
Journal of Neuroscience Methods,NA,0165-0270,2026-05-21,NA,eme2025ukb
Journal of Non-Crystalline Solids,NA,0022-3093,2026-05-21,NA,eme2025ukb
Journal of Non-Newtonian Fluid Mechanics,NA,0377-0257,2026-05-21,NA,eme2025ukb
Journal of Nuclear Cardiology,NA,1071-3581,2026-05-21,NA,eme2025ukb
Journal of Nuclear Materials,NA,0022-3115,2026-05-21,NA,eme2025ukb
Journal of Number Theory,NA,0022-314X,2026-05-21,NA,eme2025ukb
Journal of Nursing Regulation,NA,2155-8256,2026-05-21,NA,eme2025ukb
Journal of Nutrition Education and Behavior,NA,1499-4046,2026-05-21,NA,eme2025ukb
Journal of Obsessive-Compulsive and Related Disorders,NA,2211-3649,2026-05-21,NA,eme2025ukb
"Journal of Obstetric, Gynecologic, & Neonatal Nursing",NA,0884-2175,2026-05-21,NA,eme2025ukb
Journal of Obstetrics and Gynaecology Canada,NA,1701-2163,2026-05-21,NA,eme2025ukb
Journal of Ocean Engineering and Science,NA,2468-0133,2026-05-21,NA,eme2025ukb
"Journal of Open Innovation: Technology, Market, and Complexity",NA,2199-8531,2026-05-21,NA,eme2025ukb
Journal of Optometry,NA,1888-4296,2026-05-21,NA,eme2025ukb
Journal of Oral and Maxillofacial Surgery,NA,0278-2391,2026-05-21,NA,eme2025ukb
"Journal of Oral and Maxillofacial Surgery, Medicine, and Pathology",NA,2212-5558,2026-05-21,NA,eme2025ukb
Journal of Oral Biology and Craniofacial Research,NA,2212-4268,2026-05-21,NA,eme2025ukb
Journal of Oral Biosciences,NA,1349-0079,2026-05-21,NA,eme2025ukb
Journal of Organometallic Chemistry,NA,0022-328X,2026-05-21,NA,eme2025ukb
Journal of Orthopaedic Reports,NA,2773-157X,2026-05-21,NA,eme2025ukb
Journal of Orthopaedic Science,NA,0949-2658,2026-05-21,NA,eme2025ukb
Journal of Orthopaedic Translation,NA,2214-031X,2026-05-21,NA,eme2025ukb
Journal of Orthopaedics,NA,0972-978X,2026-05-21,NA,eme2025ukb
Journal of Outdoor Recreation and Tourism,NA,2213-0780,2026-05-21,NA,eme2025ukb
Journal of Pain and Symptom Management,NA,0885-3924,2026-05-21,NA,eme2025ukb
Journal of Parallel and Distributed Computing,NA,0743-7315,2026-05-21,NA,eme2025ukb
Journal of Pathology Informatics,NA,2153-3539,2026-05-21,NA,eme2025ukb
Journal of Pediatric and Adolescent Gynecology,NA,1083-3188,2026-05-21,NA,eme2025ukb
Journal of Pediatric Health Care,NA,0891-5245,2026-05-21,NA,eme2025ukb
Journal of Pediatric Nursing,NA,0882-5963,2026-05-21,NA,eme2025ukb
Journal of Pediatric Surgery,NA,0022-3468,2026-05-21,NA,eme2025ukb
Journal of Pediatric Surgery Case Reports,NA,2213-5766,2026-05-21,NA,eme2025ukb
Journal of Pediatric Surgery Open,NA,2949-7116,2026-05-21,NA,eme2025ukb
Journal of Pediatric Urology,NA,1477-5131,2026-05-21,NA,eme2025ukb
Journal of PeriAnesthesia Nursing,NA,1089-9472,2026-05-21,NA,eme2025ukb
Journal of Pharmaceutical Analysis,NA,2095-1779,2026-05-21,NA,eme2025ukb
Journal of Pharmaceutical and Biomedical Analysis,NA,0731-7085,2026-05-21,NA,eme2025ukb
Journal of Pharmaceutical and Biomedical Analysis Open,NA,2949-771X,2026-05-21,NA,eme2025ukb
Journal of Pharmaceutical Sciences,NA,0022-3549,2026-05-21,NA,eme2025ukb
Journal of Pharmacological and Toxicological Methods,NA,1056-8719,2026-05-21,NA,eme2025ukb
Journal of Pharmacological Sciences,NA,1347-8613,2026-05-21,NA,eme2025ukb
Journal of Phonetics,NA,0095-4470,2026-05-21,NA,eme2025ukb
Journal of Photochemistry and Photobiology,NA,2666-4690,2026-05-21,NA,eme2025ukb
Journal of Photochemistry and Photobiology A: Chemistry,NA,1010-6030,2026-05-21,NA,eme2025ukb
Journal of Photochemistry and Photobiology B: Biology,NA,1011-1344,2026-05-21,NA,eme2025ukb
Journal of Photochemistry and Photobiology C: Photochemistry Reviews,NA,1389-5567,2026-05-21,NA,eme2025ukb
Journal of Physics and Chemistry of Solids,NA,0022-3697,2026-05-21,NA,eme2025ukb
Journal of Plant Physiology,NA,0176-1617,2026-05-21,NA,eme2025ukb
"Journal of Plastic, Reconstructive & Aesthetic Surgery",NA,1748-6815,2026-05-21,NA,eme2025ukb
Journal of Policy Modeling,NA,0161-8938,2026-05-21,NA,eme2025ukb
Journal of Power Sources,NA,0378-7753,2026-05-21,NA,eme2025ukb
Journal of Power Sources Advances,NA,2666-2485,2026-05-21,NA,eme2025ukb
Journal of Pragmatics,NA,0378-2166,2026-05-21,NA,eme2025ukb
Journal of Process Control,NA,0959-1524,2026-05-21,NA,eme2025ukb
Journal of Professional Nursing,NA,8755-7223,2026-05-21,NA,eme2025ukb
Journal of Proteomics,NA,1874-3919,2026-05-21,NA,eme2025ukb
Journal of Psychiatric Research,NA,0022-3956,2026-05-21,NA,eme2025ukb
Journal of Psychosomatic Research,NA,0022-3999,2026-05-21,NA,eme2025ukb
Journal of Public Economics,NA,0047-2727,2026-05-21,NA,eme2025ukb
Journal of Public Transportation,NA,1077-291X,2026-05-21,NA,eme2025ukb
Journal of Purchasing and Supply Management,NA,1478-4092,2026-05-21,NA,eme2025ukb
Journal of Pure and Applied Algebra,NA,0022-4049,2026-05-21,NA,eme2025ukb
Journal of Pyrogeography,NA,3051-0678,2026-05-21,NA,eme2025ukb
Journal of Quantitative Spectroscopy & Radiative Transfer,NA,0022-4073,2026-05-21,NA,eme2025ukb
Journal of Radiation Research and Applied Sciences,NA,1687-8507,2026-05-21,NA,eme2025ukb
Journal of Radiology Nursing,NA,1546-0843,2026-05-21,NA,eme2025ukb
Journal of Rail Transport Planning & Management,NA,2210-9706,2026-05-21,NA,eme2025ukb
Journal of Rare Earths,NA,1002-0721,2026-05-21,NA,eme2025ukb
Journal of Renal Nutrition,NA,1051-2276,2026-05-21,NA,eme2025ukb
Journal of Reproductive Immunology,NA,0165-0378,2026-05-21,NA,eme2025ukb
Journal of Research in Personality,NA,0092-6566,2026-05-21,NA,eme2025ukb
Journal of Responsible Technology,NA,2666-6596,2026-05-21,NA,eme2025ukb
Journal of Retailing,NA,0022-4359,2026-05-21,NA,eme2025ukb
Journal of Retailing and Consumer Services,NA,0969-6989,2026-05-21,NA,eme2025ukb
Journal of Rural Studies,NA,0743-0167,2026-05-21,NA,eme2025ukb
Journal of Safety Research,NA,0022-4375,2026-05-21,NA,eme2025ukb
Journal of School Psychology,NA,0022-4405,2026-05-21,NA,eme2025ukb
Journal of Science and Medicine in Sport,NA,1440-2440,2026-05-21,NA,eme2025ukb
Journal of Science: Advanced Materials and Devices,NA,2468-2179,2026-05-21,NA,eme2025ukb
Journal of Sea Research,NA,1385-1101,2026-05-21,NA,eme2025ukb
Journal of Second Language Writing,NA,1060-3743,2026-05-21,NA,eme2025ukb
Journal of Shoulder and Elbow Arthroplasty,NA,2471-5492,2026-05-21,NA,eme2025ukb
Journal of Shoulder and Elbow Surgery,NA,1058-2746,2026-05-21,NA,eme2025ukb
Journal of Solid State Chemistry,NA,0022-4596,2026-05-21,NA,eme2025ukb
Journal of Sound and Vibration,NA,0022-460X,2026-05-21,NA,eme2025ukb
Journal of South American Earth Sciences,NA,0895-9811,2026-05-21,NA,eme2025ukb
Journal of Space Safety Engineering,NA,2468-8967,2026-05-21,NA,eme2025ukb
"Journal of Sports Medicine, Animal Rehabilitation and Physiotherapy",NA,3117-3918,2026-05-21,NA,eme2025ukb
Journal of Statistical Planning and Inference,NA,0378-3758,2026-05-21,NA,eme2025ukb
"Journal of Stomatology, Oral and Maxillofacial Surgery",NA,2468-7855,2026-05-21,NA,eme2025ukb
Journal of Stored Products Research,NA,0022-474X,2026-05-21,NA,eme2025ukb
Journal of Strategy & Innovation,NA,3050-7901,2026-05-21,NA,eme2025ukb
Journal of Stroke & Cerebrovascular Diseases,NA,1052-3057,2026-05-21,NA,eme2025ukb
Journal of Structural Biology,NA,1047-8477,2026-05-21,NA,eme2025ukb
Journal of Structural Biology: X,NA,2590-1524,2026-05-21,NA,eme2025ukb
Journal of Structural Geology,NA,0191-8141,2026-05-21,NA,eme2025ukb
Journal of Subatomic Particles and Cosmology,NA,3050-4805,2026-05-21,NA,eme2025ukb
Journal of Substance Use and Addiction Treatment,NA,2949-8759,2026-05-21,NA,eme2025ukb
Journal of Surgical Education,NA,1931-7204,2026-05-21,NA,eme2025ukb
Journal of Surgical Research,NA,0022-4804,2026-05-21,NA,eme2025ukb
Journal of Sustainable Finance and Accounting,NA,2950-3701,2026-05-21,NA,eme2025ukb
Journal of Symbolic Computation,NA,0747-7171,2026-05-21,NA,eme2025ukb
Journal of Systems and Software,NA,0164-1212,2026-05-21,NA,eme2025ukb
Journal of Systems Architecture,NA,1383-7621,2026-05-21,NA,eme2025ukb
Journal of the Academy of Consultation-Liaison Psychiatry,NA,2667-2960,2026-05-21,NA,eme2025ukb
Journal of the Academy of Nutrition and Dietetics,NA,2212-2672,2026-05-21,NA,eme2025ukb
Journal of the Air Transport Research Society,NA,2941-198X,2026-05-21,NA,eme2025ukb
Journal of the American Academy of Child & Adolescent Psychiatry,NA,0890-8567,2026-05-21,NA,eme2025ukb
Journal of the American Academy of Dermatology,NA,0190-9622,2026-05-21,NA,eme2025ukb
Journal of the American College of Radiology,NA,1546-1440,2026-05-21,NA,eme2025ukb
Journal of the American Medical Directors Association,NA,1525-8610,2026-05-21,NA,eme2025ukb
Journal of the American Pharmacists Association,NA,1544-3191,2026-05-21,NA,eme2025ukb
Journal of the American Society of Cytopathology,NA,2213-2945,2026-05-21,NA,eme2025ukb
Journal of the American Society of Echocardiography,NA,0894-7317,2026-05-21,NA,eme2025ukb
Journal of the Energy Institute,NA,1743-9671,2026-05-21,NA,eme2025ukb
Journal of the European Ceramic Society,NA,0955-2219,2026-05-21,NA,eme2025ukb
Journal of the European Meteorological Society,NA,2950-6301,2026-05-21,NA,eme2025ukb
Journal of the Franklin Institute,NA,0016-0032,2026-05-21,NA,eme2025ukb
Journal of the Indian Chemical Society,NA,0019-4522,2026-05-21,NA,eme2025ukb
Journal of the Japanese and International Economies,NA,0889-1583,2026-05-21,NA,eme2025ukb
Journal of the Mechanical Behavior of Biomedical Materials,NA,1751-6161,2026-05-21,NA,eme2025ukb
Journal of the Mechanics and Physics of Solids,NA,0022-5096,2026-05-21,NA,eme2025ukb
Journal of the National Cancer Center,NA,2667-0054,2026-05-21,NA,eme2025ukb
Journal of the National Medical Association,NA,0027-9684,2026-05-21,NA,eme2025ukb
Journal of the Neurological Sciences,NA,0022-510X,2026-05-21,NA,eme2025ukb
Journal of the Pediatric Orthopaedic Society of North America,NA,2768-2765,2026-05-21,NA,eme2025ukb
Journal of the Society for Cardiovascular Angiography & Interventions,NA,2772-9303,2026-05-21,NA,eme2025ukb
Journal of the Taiwan Institute of Chemical Engineers,NA,1876-1070,2026-05-21,NA,eme2025ukb
Journal of the World Federation of Orthodontists,NA,2212-4438,2026-05-21,NA,eme2025ukb
Journal of Theoretical Biology,NA,0022-5193,2026-05-21,NA,eme2025ukb
Journal of Thermal Biology,NA,0306-4565,2026-05-21,NA,eme2025ukb
Journal of Thoracic Oncology,NA,1556-0864,2026-05-21,NA,eme2025ukb
Journal of Thrombosis and Haemostasis,NA,1538-7836,2026-05-21,NA,eme2025ukb
Journal of Tissue Viability,NA,0965-206X,2026-05-21,NA,eme2025ukb
Journal of Trace Elements and Minerals,NA,2773-0506,2026-05-21,NA,eme2025ukb
Journal of Trace Elements in Medicine and Biology,NA,0946-672X,2026-05-21,NA,eme2025ukb
Journal of Translational Autoimmunity,NA,2589-9090,2026-05-21,NA,eme2025ukb
Journal of Transport & Health,NA,2214-1405,2026-05-21,NA,eme2025ukb
Journal of Transport Geography,NA,0966-6923,2026-05-21,NA,eme2025ukb
Journal of Urban Economics,NA,0094-1190,2026-05-21,NA,eme2025ukb
Journal of Urban Management,NA,2226-5856,2026-05-21,NA,eme2025ukb
Journal of Urban Mobility,NA,2667-0917,2026-05-21,NA,eme2025ukb
Journal of Vascular and Interventional Radiology,NA,1051-0443,2026-05-21,NA,eme2025ukb
Journal of Vascular Nursing,NA,1062-0303,2026-05-21,NA,eme2025ukb
Journal of Vascular Surgery,NA,0741-5214,2026-05-21,NA,eme2025ukb
"Journal of Vascular Surgery Cases, Innovations and Techniques",NA,2468-4287,2026-05-21,NA,eme2025ukb
Journal of Vascular Surgery: Venous and Lymphatic Disorders,NA,2213-333X,2026-05-21,NA,eme2025ukb
Journal of Veterinary Behavior,NA,1558-7878,2026-05-21,NA,eme2025ukb
Journal of Veterinary Cardiology,NA,1760-2734,2026-05-21,NA,eme2025ukb
Journal of Virological Methods,NA,0166-0934,2026-05-21,NA,eme2025ukb
Journal of Virus Eradication,NA,2055-6640,2026-05-21,NA,eme2025ukb
Journal of Visceral Surgery,NA,1878-7886,2026-05-21,NA,eme2025ukb
Journal of Visual Communication and Image Representation,NA,1047-3203,2026-05-21,NA,eme2025ukb
Journal of Vocational Behavior,NA,0001-8791,2026-05-21,NA,eme2025ukb
Journal of Voice,NA,0892-1997,2026-05-21,NA,eme2025ukb
Journal of Volcanology and Geothermal Research,NA,0377-0273,2026-05-21,NA,eme2025ukb
Journal of Water Process Engineering,NA,2214-7144,2026-05-21,NA,eme2025ukb
Journal of Web Semantics,NA,1570-8268,2026-05-21,NA,eme2025ukb
Journal of Wind Engineering and Industrial Aerodynamics,NA,0167-6105,2026-05-21,NA,eme2025ukb
Journal of World Business,NA,1090-9516,2026-05-21,NA,eme2025ukb
JPRAS Open,NA,2352-5878,2026-05-21,NA,eme2025ukb
JSAMS Plus,NA,2772-6967,2026-05-21,NA,eme2025ukb
JSES International,NA,2666-6383,2026-05-21,NA,eme2025ukb
"JSES Reviews, Reports, and Techniques",NA,2666-6391,2026-05-21,NA,eme2025ukb
JTCVS Open,NA,2666-2736,2026-05-21,NA,eme2025ukb
JTCVS Structural and Endovascular,NA,2950-6050,2026-05-21,NA,eme2025ukb
JTCVS Techniques,NA,2666-2507,2026-05-21,NA,eme2025ukb
JTO Clinical and Research Reports,NA,2666-3643,2026-05-21,NA,eme2025ukb
JVS-Vascular Insights,NA,2949-9127,2026-05-21,NA,eme2025ukb
JVS-Vascular Science,NA,2666-3503,2026-05-21,NA,eme2025ukb
Kidney International,NA,0085-2538,2026-05-21,NA,eme2025ukb
Kidney International Case Reports,NA,3117-471X,2026-05-21,NA,eme2025ukb
Kidney International Reports,NA,2468-0249,2026-05-21,NA,eme2025ukb
Kidney Medicine,NA,2590-0595,2026-05-21,NA,eme2025ukb
"Kinésithérapie, la Revue",NA,1779-0123,2026-05-21,NA,eme2025ukb
Knowledge-Based Systems,NA,0950-7051,2026-05-21,NA,eme2025ukb
KSCE Journal of Civil Engineering,NA,1226-7988,2026-05-21,NA,eme2025ukb
La Presse Médicale,NA,0755-4982,2026-05-21,NA,eme2025ukb
La Presse Médicale Formation,NA,2666-4798,2026-05-21,NA,eme2025ukb
La Revue de Médecine Interne,NA,0248-8663,2026-05-21,NA,eme2025ukb
Laboratory Investigation,NA,0023-6837,2026-05-21,NA,eme2025ukb
Labour Economics,NA,0927-5371,2026-05-21,NA,eme2025ukb
Land Use Policy,NA,0264-8377,2026-05-21,NA,eme2025ukb
Landscape and Urban Planning,NA,0169-2046,2026-05-21,NA,eme2025ukb
Language & Communication,NA,0271-5309,2026-05-21,NA,eme2025ukb
Language Sciences,NA,0388-0001,2026-05-21,NA,eme2025ukb
L'Anthropologie,NA,0003-5521,2026-05-21,NA,eme2025ukb
Latin American Transport Studies,NA,2950-0249,2026-05-21,NA,eme2025ukb
Le Pharmacien Clinicien,NA,2772-9532,2026-05-21,NA,eme2025ukb
Le Praticien en Anesthésie Réanimation,NA,1279-7960,2026-05-21,NA,eme2025ukb
Learning and Individual Differences,NA,1041-6080,2026-05-21,NA,eme2025ukb
Learning and Instruction,NA,0959-4752,2026-05-21,NA,eme2025ukb
Learning and Motivation,NA,0023-9690,2026-05-21,NA,eme2025ukb
Learning in Context,NA,3050-578X,2026-05-21,NA,eme2025ukb
"Learning, Culture and Social Interaction",NA,2210-6561,2026-05-21,NA,eme2025ukb
Legal Medicine,NA,1344-6223,2026-05-21,NA,eme2025ukb
L'Encéphale,NA,0013-7006,2026-05-21,NA,eme2025ukb
Leukemia Research,NA,0145-2126,2026-05-21,NA,eme2025ukb
Leukemia Research Reports,NA,2213-0489,2026-05-21,NA,eme2025ukb
L'Évolution Psychiatrique,NA,0014-3855,2026-05-21,NA,eme2025ukb
Library & Information Science Research,NA,0740-8188,2026-05-21,NA,eme2025ukb
Life Sciences,NA,0024-3205,2026-05-21,NA,eme2025ukb
Life Sciences in Space Research,NA,2214-5524,2026-05-21,NA,eme2025ukb
Limnologica,NA,0075-9511,2026-05-21,NA,eme2025ukb
Linear Algebra and its Applications,NA,0024-3795,2026-05-21,NA,eme2025ukb
Lingua,NA,0024-3841,2026-05-21,NA,eme2025ukb
Linguistics and Education,NA,0898-5898,2026-05-21,NA,eme2025ukb
Lithos,NA,0024-4937,2026-05-21,NA,eme2025ukb
Livestock Science,NA,1871-1413,2026-05-21,NA,eme2025ukb
Long Range Planning,NA,0024-6301,2026-05-21,NA,eme2025ukb
Lung Cancer,NA,0169-5002,2026-05-21,NA,eme2025ukb
LWT,NA,0023-6438,2026-05-21,NA,eme2025ukb
Machine Learning with Applications,NA,2666-8270,2026-05-21,NA,eme2025ukb
Magnetic Resonance Imaging,NA,0730-725X,2026-05-21,NA,eme2025ukb
Management Accounting Research,NA,1044-5005,2026-05-21,NA,eme2025ukb
Manufacturing Letters,NA,2213-8463,2026-05-21,NA,eme2025ukb
Marine Chemistry,NA,0304-4203,2026-05-21,NA,eme2025ukb
Marine Environmental Research,NA,0141-1136,2026-05-21,NA,eme2025ukb
Marine Genomics,NA,1874-7787,2026-05-21,NA,eme2025ukb
Marine Geology,NA,0025-3227,2026-05-21,NA,eme2025ukb
Marine Geoscience and Energy Resources,NA,3117-5775,2026-05-21,NA,eme2025ukb
Marine Micropaleontology,NA,0377-8398,2026-05-21,NA,eme2025ukb
Marine Policy,NA,0308-597X,2026-05-21,NA,eme2025ukb
Marine Pollution Bulletin,NA,0025-326X,2026-05-21,NA,eme2025ukb
Marine Structures,NA,0951-8339,2026-05-21,NA,eme2025ukb
Maritime Transport Research,NA,2666-822X,2026-05-21,NA,eme2025ukb
Marketing Strategy Journal,NA,2950-3086,2026-05-21,NA,eme2025ukb
Mass Gathering Medicine,NA,3050-4562,2026-05-21,NA,eme2025ukb
Materialia,NA,2589-1529,2026-05-21,NA,eme2025ukb
Materials & Design,NA,0264-1275,2026-05-21,NA,eme2025ukb
Materials Characterization,NA,1044-5803,2026-05-21,NA,eme2025ukb
Materials Chemistry and Physics,NA,0254-0584,2026-05-21,NA,eme2025ukb
Materials Chemistry and Physics: Sustainability and Energy,NA,3050-4716,2026-05-21,NA,eme2025ukb
Materials Letters,NA,0167-577X,2026-05-21,NA,eme2025ukb
Materials Letters: X,NA,2590-1508,2026-05-21,NA,eme2025ukb
Materials Research Bulletin,NA,0025-5408,2026-05-21,NA,eme2025ukb
Materials Science and Engineering: A,NA,0921-5093,2026-05-21,NA,eme2025ukb
Materials Science and Engineering: B,NA,0921-5107,2026-05-21,NA,eme2025ukb
Materials Science and Engineering: R: Reports,NA,0927-796X,2026-05-21,NA,eme2025ukb
Materials Science in Semiconductor Processing,NA,1369-8001,2026-05-21,NA,eme2025ukb
Materials Today,NA,1369-7021,2026-05-21,NA,eme2025ukb
Materials Today Advances,NA,2590-0498,2026-05-21,NA,eme2025ukb
Materials Today Bio,NA,2590-0064,2026-05-21,NA,eme2025ukb
Materials Today Catalysis,NA,2949-754X,2026-05-21,NA,eme2025ukb
Materials Today Chemistry,NA,2468-5194,2026-05-21,NA,eme2025ukb
Materials Today Communications,NA,2352-4928,2026-05-21,NA,eme2025ukb
Materials Today Electronics,NA,2772-9494,2026-05-21,NA,eme2025ukb
Materials Today Energy,NA,2468-6069,2026-05-21,NA,eme2025ukb
Materials Today Nano,NA,2588-8420,2026-05-21,NA,eme2025ukb
Materials Today Physics,NA,2542-5293,2026-05-21,NA,eme2025ukb
Materials Today Quantum,NA,2950-2578,2026-05-21,NA,eme2025ukb
Materials Today Sustainability,NA,2589-2347,2026-05-21,NA,eme2025ukb
Mathematical Biosciences,NA,0025-5564,2026-05-21,NA,eme2025ukb
Mathematical Social Sciences,NA,0165-4896,2026-05-21,NA,eme2025ukb
Mathematics and Computers in Simulation,NA,0378-4754,2026-05-21,NA,eme2025ukb
Matrix Biology,NA,0945-053X,2026-05-21,NA,eme2025ukb
Matrix Biology Plus,NA,2590-0285,2026-05-21,NA,eme2025ukb
Maturitas,NA,0378-5122,2026-05-21,NA,eme2025ukb
Mayo Clinic Proceedings,NA,0025-6196,2026-05-21,NA,eme2025ukb
Mayo Clinic Proceedings: Digital Health,NA,2949-7612,2026-05-21,NA,eme2025ukb
"Mayo Clinic Proceedings: Innovations, Quality & Outcomes",NA,2542-4548,2026-05-21,NA,eme2025ukb
Measurement,NA,0263-2241,2026-05-21,NA,eme2025ukb
Measurement and Evaluations in Cancer Care,NA,2949-8775,2026-05-21,NA,eme2025ukb
Measurement: Digitalization,NA,3050-6441,2026-05-21,NA,eme2025ukb
Measurement: Energy,NA,2950-3450,2026-05-21,NA,eme2025ukb
Measurement: Food,NA,2772-2759,2026-05-21,NA,eme2025ukb
Measurement: Sensors,NA,2665-9174,2026-05-21,NA,eme2025ukb
Meat Science,NA,0309-1740,2026-05-21,NA,eme2025ukb
Mechanical Systems and Signal Processing,NA,0888-3270,2026-05-21,NA,eme2025ukb
Mechanics of Materials,NA,0167-6636,2026-05-21,NA,eme2025ukb
Mechanics Research Communications,NA,0093-6413,2026-05-21,NA,eme2025ukb
Mechanism and Machine Theory,NA,0094-114X,2026-05-21,NA,eme2025ukb
Mechanisms of Ageing and Development,NA,0047-6374,2026-05-21,NA,eme2025ukb
Mechanobiology in Medicine,NA,2949-9070,2026-05-21,NA,eme2025ukb
Mechatronics,NA,0957-4158,2026-05-21,NA,eme2025ukb
Médecine & Droit,NA,1246-7391,2026-05-21,NA,eme2025ukb
Médecine de Catastrophe - Urgences Collectives,NA,1279-8479,2026-05-21,NA,eme2025ukb
Médecine des Maladies Métaboliques,NA,1957-2557,2026-05-21,NA,eme2025ukb
Médecine du Sommeil,NA,1769-4493,2026-05-21,NA,eme2025ukb
Médecine Nucléaire,NA,0928-1258,2026-05-21,NA,eme2025ukb
Médecine Palliative,NA,1636-6522,2026-05-21,NA,eme2025ukb
Medical Dosimetry,NA,0958-3947,2026-05-21,NA,eme2025ukb
Medical Hypotheses,NA,0306-9877,2026-05-21,NA,eme2025ukb
Medical Image Analysis,NA,1361-8415,2026-05-21,NA,eme2025ukb
Medical Mycology Case Reports,NA,2211-7539,2026-05-21,NA,eme2025ukb
Medical Reports,NA,2949-9186,2026-05-21,NA,eme2025ukb
Medicina Clínica,NA,0025-7753,2026-05-21,NA,eme2025ukb
Medicina Clínica (English Edition),NA,2387-0206,2026-05-21,NA,eme2025ukb
Medicina Clínica Práctica,NA,2603-9249,2026-05-21,NA,eme2025ukb
Medicina de Familia. SEMERGEN,NA,1138-3593,2026-05-21,NA,eme2025ukb
Medicina Intensiva,NA,0210-5691,2026-05-21,NA,eme2025ukb
Medicina Intensiva (English Edition),NA,2173-5727,2026-05-21,NA,eme2025ukb
Medicine in Drug Discovery,NA,2590-0986,2026-05-21,NA,eme2025ukb
Medicine in Microecology,NA,2590-0978,2026-05-21,NA,eme2025ukb
Medicine in Novel Technology and Devices,NA,2590-0935,2026-05-21,NA,eme2025ukb
Medicine in Omics,NA,2590-1249,2026-05-21,NA,eme2025ukb
"Memories - Materials, Devices, Circuits and Systems",NA,2773-0646,2026-05-21,NA,eme2025ukb
Mental Health & Prevention,NA,2212-6570,2026-05-21,NA,eme2025ukb
Mental Health and Physical Activity,NA,1755-2966,2026-05-21,NA,eme2025ukb
Metabolic Engineering,NA,1096-7176,2026-05-21,NA,eme2025ukb
Metabolic Engineering Communications,NA,2214-0301,2026-05-21,NA,eme2025ukb
Metabolism,NA,0026-0495,2026-05-21,NA,eme2025ukb
Metabolism Open,NA,2589-9368,2026-05-21,NA,eme2025ukb
Methods,NA,1046-2023,2026-05-21,NA,eme2025ukb
Methods in Psychology,NA,2590-2601,2026-05-21,NA,eme2025ukb
MethodsX,NA,2215-0161,2026-05-21,NA,eme2025ukb
Micro and Nano Engineering,NA,2590-0072,2026-05-21,NA,eme2025ukb
Micro and Nanostructures,NA,2773-0123,2026-05-21,NA,eme2025ukb
Microbial Pathogenesis,NA,0882-4010,2026-05-21,NA,eme2025ukb
Microbial Risk Analysis,NA,2352-3522,2026-05-21,NA,eme2025ukb
Microbiological Research,NA,0944-5013,2026-05-21,NA,eme2025ukb
Microchemical Journal,NA,0026-265X,2026-05-21,NA,eme2025ukb
Microelectronic Engineering,NA,0167-9317,2026-05-21,NA,eme2025ukb
Microelectronics Journal,NA,1879-2391,2026-05-21,NA,eme2025ukb
Microelectronics Reliability,NA,0026-2714,2026-05-21,NA,eme2025ukb
Micron,NA,0968-4328,2026-05-21,NA,eme2025ukb
Microporous and Mesoporous Materials,NA,1387-1811,2026-05-21,NA,eme2025ukb
Microprocessors and Microsystems,NA,0141-9331,2026-05-21,NA,eme2025ukb
Microvascular Research,NA,0026-2862,2026-05-21,NA,eme2025ukb
Midwifery,NA,0266-6138,2026-05-21,NA,eme2025ukb
Minerals Engineering,NA,0892-6875,2026-05-21,NA,eme2025ukb
Mitochondrion,NA,1567-7249,2026-05-21,NA,eme2025ukb
Modern Pathology,NA,0893-3952,2026-05-21,NA,eme2025ukb
Molecular and Biochemical Parasitology,NA,0166-6851,2026-05-21,NA,eme2025ukb
Molecular and Cellular Endocrinology,NA,0303-7207,2026-05-21,NA,eme2025ukb
Molecular and Cellular Neuroscience,NA,1044-7431,2026-05-21,NA,eme2025ukb
Molecular and Cellular Probes,NA,0890-8508,2026-05-21,NA,eme2025ukb
Molecular Aspects of Medicine,NA,0098-2997,2026-05-21,NA,eme2025ukb
Molecular Catalysis,NA,2468-8231,2026-05-21,NA,eme2025ukb
Molecular Genetics and Metabolism,NA,1096-7192,2026-05-21,NA,eme2025ukb
Molecular Genetics and Metabolism Reports,NA,2214-4269,2026-05-21,NA,eme2025ukb
Molecular Immunology,NA,0161-5890,2026-05-21,NA,eme2025ukb
Molecular Metabolism,NA,2212-8778,2026-05-21,NA,eme2025ukb
Molecular Pharmacology,NA,0026-895X,2026-05-21,NA,eme2025ukb
Molecular Phylogenetics and Evolution,NA,1055-7903,2026-05-21,NA,eme2025ukb
Molecular Therapy Advances,NA,3117-387X,2026-05-21,NA,eme2025ukb
Molecular Therapy: Nucleic Acids,NA,2162-2531,2026-05-21,NA,eme2025ukb
Molecular Therapy: Oncology,NA,2950-3299,2026-05-21,NA,eme2025ukb
Molecules and Cells,NA,1016-8478,2026-05-21,NA,eme2025ukb
Morphologie,NA,1286-0115,2026-05-21,NA,eme2025ukb
Motricité Cérébrale,NA,0245-5919,2026-05-21,NA,eme2025ukb
Mucosal Immunology,NA,1933-0219,2026-05-21,NA,eme2025ukb
Multimodal Transportation,NA,2772-5863,2026-05-21,NA,eme2025ukb
Multiple Sclerosis and Related Disorders,NA,2211-0348,2026-05-21,NA,eme2025ukb
Musculoskeletal Science and Practice,NA,2468-7812,2026-05-21,NA,eme2025ukb
Mutation Research: Fundamental and Molecular Mechanisms of Mutagenesis,NA,1386-1964,2026-05-21,NA,eme2025ukb
Mutation Research: Genetic Toxicology and Environmental Mutagenesis,NA,1383-5718,2026-05-21,NA,eme2025ukb
Mutation Research: Reviews in Mutation Research,NA,1383-5742,2026-05-21,NA,eme2025ukb
NAM Journal,NA,3050-6204,2026-05-21,NA,eme2025ukb
Nano Communication Networks,NA,1878-7789,2026-05-21,NA,eme2025ukb
Nano Energy,NA,2211-2855,2026-05-21,NA,eme2025ukb
Nano Today,NA,1748-0132,2026-05-21,NA,eme2025ukb
Nano Trends,NA,2666-9781,2026-05-21,NA,eme2025ukb
NanoImpact,NA,2452-0748,2026-05-21,NA,eme2025ukb
"Nanomedicine: Nanotechnology, Biology and Medicine",NA,1549-9634,2026-05-21,NA,eme2025ukb
Nano-Structures & Nano-Objects,NA,2352-507X,2026-05-21,NA,eme2025ukb
Natural Language Processing Journal,NA,2949-7191,2026-05-21,NA,eme2025ukb
Nature-Based Solutions,NA,2772-4115,2026-05-21,NA,eme2025ukb
NDT & E International,NA,0963-8695,2026-05-21,NA,eme2025ukb
Neoplasia,NA,1476-5586,2026-05-21,NA,eme2025ukb
Neural Networks,NA,0893-6080,2026-05-21,NA,eme2025ukb
Neurobiology of Aging,NA,0197-4580,2026-05-21,NA,eme2025ukb
Neurobiology of Disease,NA,0969-9961,2026-05-21,NA,eme2025ukb
Neurobiology of Learning and Memory,NA,1074-7427,2026-05-21,NA,eme2025ukb
Neurobiology of Pain,NA,2452-073X,2026-05-21,NA,eme2025ukb
Neurobiology of Sleep and Circadian Rhythms,NA,2451-9944,2026-05-21,NA,eme2025ukb
Neurobiology of Stress,NA,2352-2895,2026-05-21,NA,eme2025ukb
Neurochemistry International,NA,0197-0186,2026-05-21,NA,eme2025ukb
Neurochirurgie,NA,0028-3770,2026-05-21,NA,eme2025ukb
Neurocirugía,NA,1130-1473,2026-05-21,NA,eme2025ukb
Neurocirugía (English Edition),NA,2529-8496,2026-05-21,NA,eme2025ukb
Neurocomputing,NA,0925-2312,2026-05-21,NA,eme2025ukb
NeuroImage,NA,1053-8119,2026-05-21,NA,eme2025ukb
NeuroImage Stroke,NA,3117-5740,2026-05-21,NA,eme2025ukb
NeuroImage: Clinical,NA,2213-1582,2026-05-21,NA,eme2025ukb
NeuroImage: Reports,NA,2666-9560,2026-05-21,NA,eme2025ukb
Neuroimmunology Reports,NA,2667-257X,2026-05-21,NA,eme2025ukb
Neuromodulation: Technology at the Neural Interface,NA,1094-7159,2026-05-21,NA,eme2025ukb
Neuromuscular Disorders,NA,0960-8966,2026-05-21,NA,eme2025ukb
Neuropeptides,NA,0143-4179,2026-05-21,NA,eme2025ukb
Neuropharmacology,NA,0028-3908,2026-05-21,NA,eme2025ukb
Neurophysiologie Clinique,NA,0987-7053,2026-05-21,NA,eme2025ukb
Neuropsychiatrie de l'Enfance et de l'Adolescence,NA,0222-9617,2026-05-21,NA,eme2025ukb
Neuropsychologia,NA,0028-3932,2026-05-21,NA,eme2025ukb
Neuroscience,NA,0306-4522,2026-05-21,NA,eme2025ukb
Neuroscience & Biobehavioral Reviews,NA,0149-7634,2026-05-21,NA,eme2025ukb
Neuroscience Applied,NA,2772-4085,2026-05-21,NA,eme2025ukb
Neuroscience Informatics,NA,2772-5286,2026-05-21,NA,eme2025ukb
Neuroscience Letters,NA,0304-3940,2026-05-21,NA,eme2025ukb
Neuroscience Research,NA,0168-0102,2026-05-21,NA,eme2025ukb
Neurotherapeutics,NA,1878-7479,2026-05-21,NA,eme2025ukb
NeuroToxicology,NA,0161-813X,2026-05-21,NA,eme2025ukb
Neurotoxicology and Teratology,NA,0892-0362,2026-05-21,NA,eme2025ukb
New Astronomy,NA,1384-1076,2026-05-21,NA,eme2025ukb
New Astronomy Reviews,NA,1387-6473,2026-05-21,NA,eme2025ukb
New Biotechnology,NA,1871-6784,2026-05-21,NA,eme2025ukb
New Ideas in Psychology,NA,0732-118X,2026-05-21,NA,eme2025ukb
New Microbes and New Infections,NA,2052-2975,2026-05-21,NA,eme2025ukb
Next Bioengineering,NA,3050-7235,2026-05-21,NA,eme2025ukb
Next Chemical Engineering,NA,3050-7243,2026-05-21,NA,eme2025ukb
Next Energy,NA,2949-821X,2026-05-21,NA,eme2025ukb
Next Materials,NA,2949-8228,2026-05-21,NA,eme2025ukb
Next Nanotechnology,NA,2949-8295,2026-05-21,NA,eme2025ukb
Next Research,NA,3050-4759,2026-05-21,NA,eme2025ukb
Next Sustainability,NA,2949-8236,2026-05-21,NA,eme2025ukb
Nexus,NA,2950-1601,2026-05-21,NA,eme2025ukb
NFS Journal,NA,2352-3646,2026-05-21,NA,eme2025ukb
Nitric Oxide,NA,1089-8603,2026-05-21,NA,eme2025ukb
Nonlinear Analysis,NA,0362-546X,2026-05-21,NA,eme2025ukb
Nonlinear Analysis: Hybrid Systems,NA,1751-570X,2026-05-21,NA,eme2025ukb
Nonlinear Analysis: Real World Applications,NA,1468-1218,2026-05-21,NA,eme2025ukb
Nonlinear Science,NA,3050-5178,2026-05-21,NA,eme2025ukb
North American Spine Society Journal (NASSJ),NA,2666-5484,2026-05-21,NA,eme2025ukb
NPG Neurologie - Psychiatrie - Gériatrie,NA,1627-4830,2026-05-21,NA,eme2025ukb
Nuclear Data Sheets,NA,0090-3752,2026-05-21,NA,eme2025ukb
Nuclear Engineering and Design,NA,0029-5493,2026-05-21,NA,eme2025ukb
"Nuclear Instruments and Methods in Physics Research Section A: Accelerators, Spectrometers, Detectors and Associated Equipment",NA,0168-9002,2026-05-21,NA,eme2025ukb
Nuclear Instruments and Methods in Physics Research Section B: Beam Interactions with Materials and Atoms,NA,0168-583X,2026-05-21,NA,eme2025ukb
Nuclear Materials and Energy,NA,2352-1791,2026-05-21,NA,eme2025ukb
Nuclear Medicine and Biology,NA,0969-8051,2026-05-21,NA,eme2025ukb
Nuclear Physics A,NA,0375-9474,2026-05-21,NA,eme2025ukb
Nurse Education in Practice,NA,1471-5953,2026-05-21,NA,eme2025ukb
Nurse Education Today,NA,0260-6917,2026-05-21,NA,eme2025ukb
Nurse Leader,NA,1541-4612,2026-05-21,NA,eme2025ukb
Nursing for Women's Health,NA,1751-4851,2026-05-21,NA,eme2025ukb
Nursing Outlook,NA,0029-6554,2026-05-21,NA,eme2025ukb
Nutrition,NA,0899-9007,2026-05-21,NA,eme2025ukb
Nutrition Clinique et Métabolisme,NA,0985-0562,2026-05-21,NA,eme2025ukb
Nutrition Research,NA,0271-5317,2026-05-21,NA,eme2025ukb
"Nutrition, Metabolism & Cardiovascular Diseases",NA,0939-4753,2026-05-21,NA,eme2025ukb
Nutritional Psychiatry,NA,3051-1569,2026-05-21,NA,eme2025ukb
Obesity Medicine,NA,2451-8476,2026-05-21,NA,eme2025ukb
Obesity Pillars,NA,2667-3681,2026-05-21,NA,eme2025ukb
Obesity Research & Clinical Practice,NA,1871-403X,2026-05-21,NA,eme2025ukb
Ocean & Coastal Management,NA,0964-5691,2026-05-21,NA,eme2025ukb
Ocean Engineering,NA,0029-8018,2026-05-21,NA,eme2025ukb
Ocean Modelling,NA,1463-5003,2026-05-21,NA,eme2025ukb
Omega,NA,0305-0483,2026-05-21,NA,eme2025ukb
One Health,NA,2352-7714,2026-05-21,NA,eme2025ukb
Online Social Networks and Media,NA,2468-6964,2026-05-21,NA,eme2025ukb
Open Ceramics,NA,2666-5395,2026-05-21,NA,eme2025ukb
Open Nuclear Energy,NA,3051-2808,2026-05-21,NA,eme2025ukb
Open Respiratory Archives,NA,2659-6636,2026-05-21,NA,eme2025ukb
OpenNano,NA,2352-9520,2026-05-21,NA,eme2025ukb
Operations Research Letters,NA,0167-6377,2026-05-21,NA,eme2025ukb
Operations Research Perspectives,NA,2214-7160,2026-05-21,NA,eme2025ukb
"Operations Research, Data Analytics and Logistics",NA,3050-7847,2026-05-21,NA,eme2025ukb
Operative Techniques in Orthopaedics,NA,1048-6666,2026-05-21,NA,eme2025ukb
Operative Techniques in Otolaryngology - Head and Neck Surgery,NA,1043-1810,2026-05-21,NA,eme2025ukb
Operative Techniques in Sports Medicine,NA,1060-1872,2026-05-21,NA,eme2025ukb
Operative Techniques in Thoracic and Cardiovascular Surgery,NA,1522-2942,2026-05-21,NA,eme2025ukb
Ophthalmology,NA,0161-6420,2026-05-21,NA,eme2025ukb
Ophthalmology Glaucoma,NA,2589-4196,2026-05-21,NA,eme2025ukb
Ophthalmology Retina,NA,2468-6530,2026-05-21,NA,eme2025ukb
Ophthalmology Science,NA,2666-9145,2026-05-21,NA,eme2025ukb
Optical Fiber Technology,NA,1068-5200,2026-05-21,NA,eme2025ukb
Optical Materials,NA,0925-3467,2026-05-21,NA,eme2025ukb
Optical Materials: X,NA,2590-1478,2026-05-21,NA,eme2025ukb
Optical Switching and Networking,NA,1573-4277,2026-05-21,NA,eme2025ukb
Optics & Laser Technology,NA,0030-3992,2026-05-21,NA,eme2025ukb
Optics and Lasers in Engineering,NA,0143-8166,2026-05-21,NA,eme2025ukb
Optics Communications,NA,0030-4018,2026-05-21,NA,eme2025ukb
Optik,NA,0030-4026,2026-05-21,NA,eme2025ukb
Oral and Maxillofacial Surgery Cases,NA,2214-5419,2026-05-21,NA,eme2025ukb
Oral Oncology,NA,1368-8375,2026-05-21,NA,eme2025ukb
Oral Oncology Reports,NA,2772-9060,2026-05-21,NA,eme2025ukb
"Oral Surgery, Oral Medicine, Oral Pathology and Oral Radiology",NA,2212-4403,2026-05-21,NA,eme2025ukb
Ore and Energy Resource Geology,NA,2666-2612,2026-05-21,NA,eme2025ukb
Ore Geology Reviews,NA,0169-1368,2026-05-21,NA,eme2025ukb
Organic Electronics,NA,1566-1199,2026-05-21,NA,eme2025ukb
Organic Geochemistry,NA,0146-6380,2026-05-21,NA,eme2025ukb
Organizational Behavior and Human Decision Processes,NA,0749-5978,2026-05-21,NA,eme2025ukb
Organizational Dynamics,NA,0090-2616,2026-05-21,NA,eme2025ukb
Orthopaedics & Traumatology: Surgery & Research,NA,1877-0568,2026-05-21,NA,eme2025ukb
Osteoarthritis and Cartilage,NA,1063-4584,2026-05-21,NA,eme2025ukb
Osteoarthritis and Cartilage Open,NA,2665-9131,2026-05-21,NA,eme2025ukb
Osteoarthritis Imaging,NA,2772-6541,2026-05-21,NA,eme2025ukb
Osteopathische Medizin,NA,1615-9071,2026-05-21,NA,eme2025ukb
Otolaryngology Case Reports,NA,2468-5488,2026-05-21,NA,eme2025ukb
Pacific-Basin Finance Journal,NA,0927-538X,2026-05-21,NA,eme2025ukb
Paediatric Respiratory Reviews,NA,1526-0542,2026-05-21,NA,eme2025ukb
Pain Management Nursing,NA,1524-9042,2026-05-21,NA,eme2025ukb
"Palaeogeography, Palaeoclimatology, Palaeoecology",NA,0031-0182,2026-05-21,NA,eme2025ukb
Palaeoworld,NA,1871-174X,2026-05-21,NA,eme2025ukb
Pancreatology,NA,1424-3903,2026-05-21,NA,eme2025ukb
Papers in Regional Science,NA,1056-8190,2026-05-21,NA,eme2025ukb
Parallel Computing,NA,0167-8191,2026-05-21,NA,eme2025ukb
Parasite Epidemiology and Control,NA,2405-6731,2026-05-21,NA,eme2025ukb
Parasitology International,NA,1383-5769,2026-05-21,NA,eme2025ukb
Parkinsonism & Related Disorders,NA,1353-8020,2026-05-21,NA,eme2025ukb
Partial Differential Equations in Applied Mathematics,NA,2666-8181,2026-05-21,NA,eme2025ukb
Particuology,NA,1674-2001,2026-05-21,NA,eme2025ukb
Pathology,NA,0031-3025,2026-05-21,NA,eme2025ukb
Pathology - Research and Practice,NA,0344-0338,2026-05-21,NA,eme2025ukb
Patient Education and Counseling,NA,0738-3991,2026-05-21,NA,eme2025ukb
Pattern Recognition,NA,0031-3203,2026-05-21,NA,eme2025ukb
Pattern Recognition Letters,NA,0167-8655,2026-05-21,NA,eme2025ukb
Patterns,NA,2666-3899,2026-05-21,NA,eme2025ukb
Peace and Sustainability,NA,2950-6425,2026-05-21,NA,eme2025ukb
PEC Global,NA,3117-468X,2026-05-21,NA,eme2025ukb
PEC Innovation,NA,2772-6282,2026-05-21,NA,eme2025ukb
Pediatric Dental Journal,NA,0917-2394,2026-05-21,NA,eme2025ukb
Pediatric Neurology,NA,0887-8994,2026-05-21,NA,eme2025ukb
Pedobiologia,NA,0031-4056,2026-05-21,NA,eme2025ukb
Peptides,NA,0196-9781,2026-05-21,NA,eme2025ukb
Perfectionnement en Pédiatrie,NA,2588-932X,2026-05-21,NA,eme2025ukb
Performance Enhancement & Health,NA,2211-2669,2026-05-21,NA,eme2025ukb
Performance Evaluation,NA,0166-5316,2026-05-21,NA,eme2025ukb
Periodontology Journal,NA,3117-3683,2026-05-21,NA,eme2025ukb
Perioperative Care and Operating Room Management,NA,2405-6030,2026-05-21,NA,eme2025ukb
Personality and Individual Differences,NA,0191-8869,2026-05-21,NA,eme2025ukb
Personalized Medicine in Psychiatry,NA,2468-1717,2026-05-21,NA,eme2025ukb
"Perspectives in Plant Ecology, Evolution and Systematics",NA,1433-8319,2026-05-21,NA,eme2025ukb
Pervasive and Mobile Computing,NA,1574-1192,2026-05-21,NA,eme2025ukb
Pesticide Biochemistry and Physiology,NA,0048-3575,2026-05-21,NA,eme2025ukb
Pharmacological Research,NA,1043-6618,2026-05-21,NA,eme2025ukb
Pharmacological Research - Modern Chinese Medicine,NA,2667-1425,2026-05-21,NA,eme2025ukb
Pharmacological Research - Natural Products,NA,2950-1997,2026-05-21,NA,eme2025ukb
Pharmacological Research - Reports,NA,2950-2004,2026-05-21,NA,eme2025ukb
Pharmacological Reviews,NA,0031-6997,2026-05-21,NA,eme2025ukb
Pharmacology & Therapeutics,NA,0163-7258,2026-05-21,NA,eme2025ukb
Pharmacology Biochemistry and Behavior,NA,0091-3057,2026-05-21,NA,eme2025ukb
PharmaNutrition,NA,2213-4344,2026-05-21,NA,eme2025ukb
Photoacoustics,NA,2213-5979,2026-05-21,NA,eme2025ukb
Photodiagnosis and Photodynamic Therapy,NA,1572-1000,2026-05-21,NA,eme2025ukb
Photonics and Nanostructures - Fundamentals and Applications,NA,1569-4410,2026-05-21,NA,eme2025ukb
Physica A: Statistical Mechanics and its Applications,NA,0378-4371,2026-05-21,NA,eme2025ukb
Physica B: Condensed Matter,NA,0921-4526,2026-05-21,NA,eme2025ukb
Physica C: Superconductivity and its Applications,NA,0921-4534,2026-05-21,NA,eme2025ukb
Physica D: Nonlinear Phenomena,NA,0167-2789,2026-05-21,NA,eme2025ukb
Physica E: Low-Dimensional Systems and Nanostructures,NA,1386-9477,2026-05-21,NA,eme2025ukb
Physica Medica,NA,1120-1797,2026-05-21,NA,eme2025ukb
Physical Communication,NA,1874-4907,2026-05-21,NA,eme2025ukb
Physical Therapy in Sport,NA,1466-853X,2026-05-21,NA,eme2025ukb
"Physics and Chemistry of the Earth, Parts A/B/C",NA,1474-7065,2026-05-21,NA,eme2025ukb
Physics and Imaging in Radiation Oncology,NA,2405-6316,2026-05-21,NA,eme2025ukb
Physics Letters A,NA,0375-9601,2026-05-21,NA,eme2025ukb
Physics of Life Reviews,NA,1571-0645,2026-05-21,NA,eme2025ukb
Physics of the Dark Universe,NA,2212-6864,2026-05-21,NA,eme2025ukb
Physics of the Earth and Planetary Interiors,NA,0031-9201,2026-05-21,NA,eme2025ukb
Physics Open,NA,2666-0326,2026-05-21,NA,eme2025ukb
Physics Reports,NA,0370-1573,2026-05-21,NA,eme2025ukb
Physiological and Molecular Plant Pathology,NA,0885-5765,2026-05-21,NA,eme2025ukb
Physiology & Behavior,NA,0031-9384,2026-05-21,NA,eme2025ukb
Physiotherapy,NA,0031-9406,2026-05-21,NA,eme2025ukb
Phytochemistry,NA,0031-9422,2026-05-21,NA,eme2025ukb
Phytochemistry Letters,NA,1874-3900,2026-05-21,NA,eme2025ukb
Phytomedicine,NA,0944-7113,2026-05-21,NA,eme2025ukb
Phytomedicine Plus,NA,2667-0313,2026-05-21,NA,eme2025ukb
Piel,NA,0213-9251,2026-05-21,NA,eme2025ukb
Placenta,NA,0143-4004,2026-05-21,NA,eme2025ukb
Planetary and Space Science,NA,0032-0633,2026-05-21,NA,eme2025ukb
Plant Communications,NA,2590-3462,2026-05-21,NA,eme2025ukb
Plant Gene,NA,2352-4073,2026-05-21,NA,eme2025ukb
Plant Nano Biology,NA,2773-1111,2026-05-21,NA,eme2025ukb
Plant Phenomics,NA,2643-6515,2026-05-21,NA,eme2025ukb
Plant Physiology and Biochemistry,NA,0981-9428,2026-05-21,NA,eme2025ukb
Plant Research,NA,3117-5821,2026-05-21,NA,eme2025ukb
Plant Science,NA,0168-9452,2026-05-21,NA,eme2025ukb
Plant Stress,NA,2667-064X,2026-05-21,NA,eme2025ukb
Plasmid,NA,0147-619X,2026-05-21,NA,eme2025ukb
Poetics,NA,0304-422X,2026-05-21,NA,eme2025ukb
Polar Science,NA,1873-9652,2026-05-21,NA,eme2025ukb
Political Geography,NA,0962-6298,2026-05-21,NA,eme2025ukb
Polyhedron,NA,0277-5387,2026-05-21,NA,eme2025ukb
Polymer,NA,0032-3861,2026-05-21,NA,eme2025ukb
Polymer Degradation and Stability,NA,0141-3910,2026-05-21,NA,eme2025ukb
Polymer Testing,NA,0142-9418,2026-05-21,NA,eme2025ukb
Postharvest Biology and Technology,NA,0925-5214,2026-05-21,NA,eme2025ukb
Poultry Science,NA,0032-5791,2026-05-21,NA,eme2025ukb
Powder Technology,NA,0032-5910,2026-05-21,NA,eme2025ukb
Power Electronic Devices and Components,NA,2772-3704,2026-05-21,NA,eme2025ukb
Practical Laboratory Medicine,NA,2352-5517,2026-05-21,NA,eme2025ukb
Practical Radiation Oncology,NA,1879-8500,2026-05-21,NA,eme2025ukb
Pratique Neurologique - FMC,NA,1878-7762,2026-05-21,NA,eme2025ukb
Pratiques Psychologiques,NA,1269-1763,2026-05-21,NA,eme2025ukb
Precambrian Research,NA,0301-9268,2026-05-21,NA,eme2025ukb
Precision Engineering,NA,0141-6359,2026-05-21,NA,eme2025ukb
Precision Pathology,NA,3117-678X,2026-05-21,NA,eme2025ukb
Pregnancy Hypertension,NA,2210-7789,2026-05-21,NA,eme2025ukb
Preventive Medicine,NA,0091-7435,2026-05-21,NA,eme2025ukb
Preventive Medicine Reports,NA,2211-3355,2026-05-21,NA,eme2025ukb
Preventive Veterinary Medicine,NA,0167-5877,2026-05-21,NA,eme2025ukb
Preventive Veterinary Medicine: Regional Studies and Reports,NA,3051-3081,2026-05-21,NA,eme2025ukb
Primary Care Diabetes,NA,1751-9918,2026-05-21,NA,eme2025ukb
Probabilistic Engineering Mechanics,NA,0266-8920,2026-05-21,NA,eme2025ukb
Proceedings of the Combustion Institute,NA,1540-7489,2026-05-21,NA,eme2025ukb
Proceedings of the Geologists' Association,NA,0016-7878,2026-05-21,NA,eme2025ukb
Process Biochemistry,NA,1359-5113,2026-05-21,NA,eme2025ukb
Process Safety and Environmental Protection,NA,0957-5820,2026-05-21,NA,eme2025ukb
Progress in Aerospace Sciences,NA,0376-0421,2026-05-21,NA,eme2025ukb
Progress in Biophysics & Molecular Biology,NA,0079-6107,2026-05-21,NA,eme2025ukb
Progress in Cardiovascular Diseases,NA,0033-0620,2026-05-21,NA,eme2025ukb
Progress in Disaster Science,NA,2590-0617,2026-05-21,NA,eme2025ukb
Progress in Economic Geography,NA,2949-6942,2026-05-21,NA,eme2025ukb
Progress in Energy and Combustion Science,NA,0360-1285,2026-05-21,NA,eme2025ukb
Progress in Engineering Science,NA,2950-4252,2026-05-21,NA,eme2025ukb
Progress in Lipid Research,NA,0163-7827,2026-05-21,NA,eme2025ukb
Progress in Materials Science,NA,0079-6425,2026-05-21,NA,eme2025ukb
Progress in Natural Science: Materials International,NA,1002-0071,2026-05-21,NA,eme2025ukb
Progress in Neurobiology,NA,0301-0082,2026-05-21,NA,eme2025ukb
Progress in Neuro-Psychopharmacology & Biological Psychiatry,NA,0278-5846,2026-05-21,NA,eme2025ukb
Progress in Nuclear Energy,NA,0149-1970,2026-05-21,NA,eme2025ukb
Progress in Nuclear Magnetic Resonance Spectroscopy,NA,0079-6565,2026-05-21,NA,eme2025ukb
Progress in Oceanography,NA,0079-6611,2026-05-21,NA,eme2025ukb
Progress in Organic Coatings,NA,0300-9440,2026-05-21,NA,eme2025ukb
Progress in Particle and Nuclear Physics,NA,0146-6410,2026-05-21,NA,eme2025ukb
Progress in Pediatric Cardiology,NA,1058-9813,2026-05-21,NA,eme2025ukb
Progress in Planning,NA,0305-9006,2026-05-21,NA,eme2025ukb
Progress in Polymer Science,NA,0079-6700,2026-05-21,NA,eme2025ukb
Progress in Quantum Electronics,NA,0079-6727,2026-05-21,NA,eme2025ukb
Progress in Retinal and Eye Research,NA,1350-9462,2026-05-21,NA,eme2025ukb
Progress in Solid State Chemistry,NA,0079-6786,2026-05-21,NA,eme2025ukb
Progress in Surface Science,NA,0079-6816,2026-05-21,NA,eme2025ukb
Project Leadership and Society,NA,2666-7215,2026-05-21,NA,eme2025ukb
Prostaglandins & Other Lipid Mediators,NA,1098-8823,2026-05-21,NA,eme2025ukb
"Prostaglandins, Leukotrienes & Essential Fatty Acids",NA,0952-3278,2026-05-21,NA,eme2025ukb
Protein Expression and Purification,NA,1046-5928,2026-05-21,NA,eme2025ukb
Protist,NA,1434-4610,2026-05-21,NA,eme2025ukb
Psiquiatría Biológica,NA,1134-5934,2026-05-21,NA,eme2025ukb
Psychedelics,NA,2950-4848,2026-05-21,NA,eme2025ukb
Psychiatry Research,NA,0165-1781,2026-05-21,NA,eme2025ukb
Psychiatry Research Case Reports,NA,2773-0212,2026-05-21,NA,eme2025ukb
Psychiatry Research Communications,NA,2772-5987,2026-05-21,NA,eme2025ukb
Psychiatry Research: Neuroimaging,NA,0925-4927,2026-05-21,NA,eme2025ukb
Psychologie du Travail et des Organisations,NA,1420-2530,2026-05-21,NA,eme2025ukb
Psychology of Sport and Exercise,NA,1469-0292,2026-05-21,NA,eme2025ukb
Psychoneuroendocrinology,NA,0306-4530,2026-05-21,NA,eme2025ukb
Public Health,NA,0033-3506,2026-05-21,NA,eme2025ukb
Public Health in Practice,NA,2666-5352,2026-05-21,NA,eme2025ukb
Public Relations Review,NA,0363-8111,2026-05-21,NA,eme2025ukb
Pulmonary Function Diagnostics,NA,3051-276X,2026-05-21,NA,eme2025ukb
Pulmonary Pharmacology & Therapeutics,NA,1094-5539,2026-05-21,NA,eme2025ukb
Quaternary Environments and Humans,NA,2950-2365,2026-05-21,NA,eme2025ukb
Quaternary Geochronology,NA,1871-1014,2026-05-21,NA,eme2025ukb
Quaternary International,NA,1040-6182,2026-05-21,NA,eme2025ukb
Quaternary Science Advances,NA,2666-0334,2026-05-21,NA,eme2025ukb
Quaternary Science Reviews,NA,0277-3791,2026-05-21,NA,eme2025ukb
Radiation Measurements,NA,1350-4487,2026-05-21,NA,eme2025ukb
Radiation Medicine and Protection,NA,2666-5557,2026-05-21,NA,eme2025ukb
Radiation Physics and Chemistry,NA,0969-806X,2026-05-21,NA,eme2025ukb
Radiography,NA,1078-8174,2026-05-21,NA,eme2025ukb
Radiología,NA,0033-8338,2026-05-21,NA,eme2025ukb
Radiología (English Edition),NA,2173-5107,2026-05-21,NA,eme2025ukb
Radiology Case Reports,NA,1930-0433,2026-05-21,NA,eme2025ukb
Radiotherapy & Oncology,NA,0167-8140,2026-05-21,NA,eme2025ukb
Rangeland Ecology & Management,NA,1550-7424,2026-05-21,NA,eme2025ukb
Rangelands,NA,0190-0528,2026-05-21,NA,eme2025ukb
Rare,NA,2950-0087,2026-05-21,NA,eme2025ukb
Reactive and Functional Polymers,NA,1381-5148,2026-05-21,NA,eme2025ukb
REC: CardioClinics,NA,2605-1532,2026-05-21,NA,eme2025ukb
Redox Biochemistry and Chemistry,NA,2773-1766,2026-05-21,NA,eme2025ukb
Redox Biology,NA,2213-2317,2026-05-21,NA,eme2025ukb
Regenerative Therapy,NA,2352-3204,2026-05-21,NA,eme2025ukb
Regional Science and Urban Economics,NA,0166-0462,2026-05-21,NA,eme2025ukb
Regional Science Policy & Practice,NA,1757-7802,2026-05-21,NA,eme2025ukb
Regional Studies in Marine Science,NA,2352-4855,2026-05-21,NA,eme2025ukb
Regulatory Toxicology and Pharmacology,NA,0273-2300,2026-05-21,NA,eme2025ukb
Rehabilitación,NA,0048-7120,2026-05-21,NA,eme2025ukb
Reliability Engineering & System Safety,NA,0951-8320,2026-05-21,NA,eme2025ukb
Remote Sensing Applications: Society and Environment,NA,2352-9385,2026-05-21,NA,eme2025ukb
Remote Sensing of Environment,NA,0034-4257,2026-05-21,NA,eme2025ukb
Renewable & Sustainable Energy Reviews,NA,1364-0321,2026-05-21,NA,eme2025ukb
Renewable and Sustainable Energy Transition,NA,2667-095X,2026-05-21,NA,eme2025ukb
Renewable Energy,NA,0960-1481,2026-05-21,NA,eme2025ukb
Renewable Energy Focus,NA,1755-0084,2026-05-21,NA,eme2025ukb
Reproductive Biology,NA,1642-431X,2026-05-21,NA,eme2025ukb
Reproductive BioMedicine Online,NA,1472-6483,2026-05-21,NA,eme2025ukb
Reproductive Toxicology,NA,0890-6238,2026-05-21,NA,eme2025ukb
Research and Practice in Thrombosis and Haemostasis,NA,2475-0379,2026-05-21,NA,eme2025ukb
Research in Autism,NA,3050-6565,2026-05-21,NA,eme2025ukb
Research in Developmental Disabilities,NA,0891-4222,2026-05-21,NA,eme2025ukb
Research in Diagnostic and Interventional Imaging,NA,2772-6525,2026-05-21,NA,eme2025ukb
Research in Economics,NA,1090-9443,2026-05-21,NA,eme2025ukb
Research in Globalization,NA,2590-051X,2026-05-21,NA,eme2025ukb
Research in International Business and Finance,NA,0275-5319,2026-05-21,NA,eme2025ukb
Research in Neurodiversity,NA,3050-5798,2026-05-21,NA,eme2025ukb
Research in Organizational Behavior,NA,0191-3085,2026-05-21,NA,eme2025ukb
Research in Social and Administrative Pharmacy,NA,1551-7411,2026-05-21,NA,eme2025ukb
Research in Social Stratification and Mobility,NA,0276-5624,2026-05-21,NA,eme2025ukb
Research in Transportation Business & Management,NA,2210-5395,2026-05-21,NA,eme2025ukb
Research in Transportation Economics,NA,0739-8859,2026-05-21,NA,eme2025ukb
Research in Veterinary Science,NA,0034-5288,2026-05-21,NA,eme2025ukb
Research Methods in Applied Linguistics,NA,2772-7661,2026-05-21,NA,eme2025ukb
Research Policy,NA,0048-7333,2026-05-21,NA,eme2025ukb
Resource and Energy Economics,NA,0928-7655,2026-05-21,NA,eme2025ukb
Resources Policy,NA,0301-4207,2026-05-21,NA,eme2025ukb
"Resources, Conservation & Recycling",NA,0921-3449,2026-05-21,NA,eme2025ukb
"Resources, Conservation & Recycling Advances",NA,2667-3789,2026-05-21,NA,eme2025ukb
"Resources, Environment and Sustainability",NA,2666-9161,2026-05-21,NA,eme2025ukb
Respiratory Investigation,NA,2212-5345,2026-05-21,NA,eme2025ukb
Respiratory Medicine,NA,0954-6111,2026-05-21,NA,eme2025ukb
Respiratory Medicine and Research,NA,2590-0412,2026-05-21,NA,eme2025ukb
Respiratory Medicine Case Reports,NA,2213-0071,2026-05-21,NA,eme2025ukb
Respiratory Physiology & Neurobiology,NA,1569-9048,2026-05-21,NA,eme2025ukb
Results in Applied Mathematics,NA,2590-0374,2026-05-21,NA,eme2025ukb
Results in Chemistry,NA,2211-7156,2026-05-21,NA,eme2025ukb
Results in Control and Optimization,NA,2666-7207,2026-05-21,NA,eme2025ukb
Results in Earth Sciences,NA,2211-7148,2026-05-21,NA,eme2025ukb
Results in Engineering,NA,2590-1230,2026-05-21,NA,eme2025ukb
Results in Materials,NA,2590-048X,2026-05-21,NA,eme2025ukb
Results in Optics,NA,2666-9501,2026-05-21,NA,eme2025ukb
Results in Physics,NA,2211-3797,2026-05-21,NA,eme2025ukb
Results in Surfaces and Interfaces,NA,2666-8459,2026-05-21,NA,eme2025ukb
Resuscitation,NA,0300-9572,2026-05-21,NA,eme2025ukb
Resuscitation Plus,NA,2666-5204,2026-05-21,NA,eme2025ukb
Reumatología Clínica,NA,1699-258X,2026-05-21,NA,eme2025ukb
Reumatología Clínica (English Edition),NA,2173-5743,2026-05-21,NA,eme2025ukb
Review of Economic Dynamics,NA,1094-2025,2026-05-21,NA,eme2025ukb
Review of Palaeobotany and Palynology,NA,0034-6667,2026-05-21,NA,eme2025ukb
Revista Argentina de Microbiología,NA,0325-7541,2026-05-21,NA,eme2025ukb
Revista Clínica Española,NA,0014-2565,2026-05-21,NA,eme2025ukb
Revista Clínica Española (English Edition),NA,2254-8874,2026-05-21,NA,eme2025ukb
Revista Colombiana de Reumatología,NA,0121-8123,2026-05-21,NA,eme2025ukb
Revista Colombiana de Reumatología (English Edition),NA,2444-4405,2026-05-21,NA,eme2025ukb
Revista de Investigación Clínica,NA,0034-8376,2026-05-21,NA,eme2025ukb
"Revista de Logopedia, Foniatría y Audiología",NA,0214-4603,2026-05-21,NA,eme2025ukb
Revista de Psicodidáctica,NA,1136-1034,2026-05-21,NA,eme2025ukb
Revista de Psicodidáctica (English Edition),NA,2530-3805,2026-05-21,NA,eme2025ukb
Revista de Senología y Patología Mamaria,NA,0214-1582,2026-05-21,NA,eme2025ukb
Revista Española de Anestesiología y Reanimación,NA,0034-9356,2026-05-21,NA,eme2025ukb
Revista Española de Anestesiología y Reanimación (English Edition),NA,2341-1929,2026-05-21,NA,eme2025ukb
Revista Española de Cardiología,NA,0300-8932,2026-05-21,NA,eme2025ukb
Revista Española de Cardiología (English Edition),NA,1885-5857,2026-05-21,NA,eme2025ukb
Revista Española de Geriatría y Gerontología,NA,0211-139X,2026-05-21,NA,eme2025ukb
Revista Española de Medicina Legal,NA,0377-4732,2026-05-21,NA,eme2025ukb
Revista Española de Medicina Nuclear e Imagen Molecular,NA,2253-654X,2026-05-21,NA,eme2025ukb
Revista Española de Medicina Nuclear e Imagen Molecular (English Edition),NA,2253-8089,2026-05-21,NA,eme2025ukb
Revista Española de Patología,NA,1699-8855,2026-05-21,NA,eme2025ukb
Revista Iberoamericana de Micología,NA,1130-1406,2026-05-21,NA,eme2025ukb
Revue de Chirurgie Orthopédique et Traumatologique,NA,1877-0517,2026-05-21,NA,eme2025ukb
Revue de Micropaléontologie,NA,0035-1598,2026-05-21,NA,eme2025ukb
Revue du Rhumatisme,NA,1169-8330,2026-05-21,NA,eme2025ukb
Revue Française d'Allergologie,NA,1877-0320,2026-05-21,NA,eme2025ukb
Revue Neurologique,NA,0035-3787,2026-05-21,NA,eme2025ukb
Rhizosphere,NA,2452-2198,2026-05-21,NA,eme2025ukb
Robotics and Autonomous Systems,NA,0921-8890,2026-05-21,NA,eme2025ukb
Robotics and Computer-Integrated Manufacturing,NA,0736-5845,2026-05-21,NA,eme2025ukb
Safety Science,NA,0925-7535,2026-05-21,NA,eme2025ukb
Sages-Femmes,NA,1637-4088,2026-05-21,NA,eme2025ukb
Scandinavian Journal of Management,NA,0956-5221,2026-05-21,NA,eme2025ukb
Schizophrenia Research,NA,0920-9964,2026-05-21,NA,eme2025ukb
Schizophrenia Research: Cognition,NA,2215-0013,2026-05-21,NA,eme2025ukb
Science & Justice,NA,1355-0306,2026-05-21,NA,eme2025ukb
Science & Sports,NA,0765-1597,2026-05-21,NA,eme2025ukb
Science Bulletin,NA,2095-9273,2026-05-21,NA,eme2025ukb
Science of Computer Programming,NA,0167-6423,2026-05-21,NA,eme2025ukb
Science of Remote Sensing,NA,2666-0172,2026-05-21,NA,eme2025ukb
Science of the Total Environment,NA,0048-9697,2026-05-21,NA,eme2025ukb
Scientia Horticulturae,NA,0304-4238,2026-05-21,NA,eme2025ukb
Scientific African,NA,2468-2276,2026-05-21,NA,eme2025ukb
Scripta Materialia,NA,1359-6462,2026-05-21,NA,eme2025ukb
Sedimentary Geology,NA,0037-0738,2026-05-21,NA,eme2025ukb
Seizure: European Journal of Epilepsy,NA,1059-1311,2026-05-21,NA,eme2025ukb
Seminars in Arthritis and Rheumatism,NA,0049-0172,2026-05-21,NA,eme2025ukb
Seminars in Arthroplasty: JSES,NA,1045-4527,2026-05-21,NA,eme2025ukb
Seminars in Cancer Biology,NA,1044-579X,2026-05-21,NA,eme2025ukb
Seminars in Cell and Developmental Biology,NA,1084-9521,2026-05-21,NA,eme2025ukb
Seminars in Colon and Rectal Surgery,NA,1043-1489,2026-05-21,NA,eme2025ukb
Seminars in Diagnostic Pathology,NA,0740-2570,2026-05-21,NA,eme2025ukb
Seminars in Fetal & Neonatal Medicine,NA,1744-165X,2026-05-21,NA,eme2025ukb
Seminars in Hematology,NA,0037-1963,2026-05-21,NA,eme2025ukb
Seminars in Immunology,NA,1044-5323,2026-05-21,NA,eme2025ukb
Seminars in Nephrology,NA,0270-9295,2026-05-21,NA,eme2025ukb
Seminars in Nuclear Medicine,NA,0001-2998,2026-05-21,NA,eme2025ukb
Seminars in Oncology,NA,0093-7754,2026-05-21,NA,eme2025ukb
Seminars in Oncology Nursing,NA,0749-2081,2026-05-21,NA,eme2025ukb
Seminars in Orthodontics,NA,1073-8746,2026-05-21,NA,eme2025ukb
Seminars in Pediatric Neurology,NA,1071-9091,2026-05-21,NA,eme2025ukb
Seminars in Pediatric Surgery,NA,1055-8586,2026-05-21,NA,eme2025ukb
Seminars in Perinatology,NA,0146-0005,2026-05-21,NA,eme2025ukb
Seminars in Radiation Oncology,NA,1053-4296,2026-05-21,NA,eme2025ukb
Seminars in Roentgenology,NA,0037-198X,2026-05-21,NA,eme2025ukb
Seminars in Spine Surgery,NA,1040-7383,2026-05-21,NA,eme2025ukb
Seminars in Thoracic and Cardiovascular Surgery,NA,1043-0679,2026-05-21,NA,eme2025ukb
Seminars in Thoracic and Cardiovascular Surgery: Pediatric Cardiac Surgery Annual,NA,1092-9126,2026-05-21,NA,eme2025ukb
"Seminars in Ultrasound, CT and MRI",NA,0887-2171,2026-05-21,NA,eme2025ukb
Seminars in Vascular Surgery,NA,0895-7967,2026-05-21,NA,eme2025ukb
Sensing and Bio-Sensing Research,NA,2214-1804,2026-05-21,NA,eme2025ukb
Sensors and Actuators A: Physical,NA,0924-4247,2026-05-21,NA,eme2025ukb
Sensors and Actuators B: Chemical,NA,0925-4005,2026-05-21,NA,eme2025ukb
Sensors and Actuators Reports,NA,2666-0539,2026-05-21,NA,eme2025ukb
Separation and Purification Technology,NA,1383-5866,2026-05-21,NA,eme2025ukb
Sexual & Reproductive Healthcare,NA,1877-5756,2026-05-21,NA,eme2025ukb
Signal Processing,NA,0165-1684,2026-05-21,NA,eme2025ukb
Signal Processing: Image Communication,NA,0923-5965,2026-05-21,NA,eme2025ukb
Simulation Modelling Practice and Theory,NA,1569-190X,2026-05-21,NA,eme2025ukb
SLAS Discovery,NA,2472-5552,2026-05-21,NA,eme2025ukb
SLAS Technology,NA,2472-6303,2026-05-21,NA,eme2025ukb
Slavic Literatures,NA,2950-3965,2026-05-21,NA,eme2025ukb
Sleep Epidemiology,NA,2667-3436,2026-05-21,NA,eme2025ukb
Sleep Health,NA,2352-7218,2026-05-21,NA,eme2025ukb
Sleep Medicine,NA,1389-9457,2026-05-21,NA,eme2025ukb
Sleep Medicine Reviews,NA,1087-0792,2026-05-21,NA,eme2025ukb
Sleep Medicine: X,NA,2590-1427,2026-05-21,NA,eme2025ukb
Small Ruminant Research,NA,0921-4488,2026-05-21,NA,eme2025ukb
Smart Agricultural Technology,NA,2772-3755,2026-05-21,NA,eme2025ukb
Smart Energy,NA,2666-9552,2026-05-21,NA,eme2025ukb
Smart Health,NA,2352-6483,2026-05-21,NA,eme2025ukb
"Social and Emotional Learning: Research, Practice, and Policy",NA,2773-2339,2026-05-21,NA,eme2025ukb
Social Networks,NA,0378-8733,2026-05-21,NA,eme2025ukb
Social Science & Medicine,NA,0277-9536,2026-05-21,NA,eme2025ukb
Social Science Research,NA,0049-089X,2026-05-21,NA,eme2025ukb
Social Sciences & Humanities Open,NA,2590-2911,2026-05-21,NA,eme2025ukb
Societal Impacts,NA,2949-6977,2026-05-21,NA,eme2025ukb
Socio-Economic Planning Sciences,NA,0038-0121,2026-05-21,NA,eme2025ukb
Software Impacts,NA,2665-9638,2026-05-21,NA,eme2025ukb
SoftwareX,NA,2352-7110,2026-05-21,NA,eme2025ukb
Soil & Tillage Research,NA,0167-1987,2026-05-21,NA,eme2025ukb
Soil Advances,NA,2950-2896,2026-05-21,NA,eme2025ukb
Soil Biology & Biochemistry,NA,0038-0717,2026-05-21,NA,eme2025ukb
Soil Dynamics and Earthquake Engineering,NA,0267-7261,2026-05-21,NA,eme2025ukb
Soil Security,NA,2667-0062,2026-05-21,NA,eme2025ukb
Soils and Foundations,NA,0038-0806,2026-05-21,NA,eme2025ukb
Solar Compass,NA,2772-9400,2026-05-21,NA,eme2025ukb
Solar Energy,NA,0038-092X,2026-05-21,NA,eme2025ukb
Solar Energy Advances,NA,2667-1131,2026-05-21,NA,eme2025ukb
Solar Energy Materials and Solar Cells,NA,0927-0248,2026-05-21,NA,eme2025ukb
Solid State Communications,NA,0038-1098,2026-05-21,NA,eme2025ukb
Solid State Ionics,NA,0167-2738,2026-05-21,NA,eme2025ukb
Solid State Nuclear Magnetic Resonance,NA,0926-2040,2026-05-21,NA,eme2025ukb
Solid State Sciences,NA,1293-2558,2026-05-21,NA,eme2025ukb
Solid-State Electronics,NA,0038-1101,2026-05-21,NA,eme2025ukb
South African Journal of Botany,NA,0254-6299,2026-05-21,NA,eme2025ukb
South African Journal of Chemical Engineering,NA,1026-9185,2026-05-21,NA,eme2025ukb
Space Policy,NA,0265-9646,2026-05-21,NA,eme2025ukb
Spanish Journal of Legal Medicine,NA,2445-4249,2026-05-21,NA,eme2025ukb
Spanish Journal of Psychiatry and Mental Health,NA,2950-2853,2026-05-21,NA,eme2025ukb
Spatial and Spatio-temporal Epidemiology,NA,1877-5845,2026-05-21,NA,eme2025ukb
Spatial Statistics,NA,2211-6753,2026-05-21,NA,eme2025ukb
Spectrochimica Acta Part A: Molecular and Biomolecular Spectroscopy,NA,1386-1425,2026-05-21,NA,eme2025ukb
Spectrochimica Acta Part B: Atomic Spectroscopy,NA,0584-8547,2026-05-21,NA,eme2025ukb
Speech Communication,NA,0167-6393,2026-05-21,NA,eme2025ukb
Sports Economics Review,NA,2773-1618,2026-05-21,NA,eme2025ukb
Sports Orthopaedics and Traumatology,NA,0949-328X,2026-05-21,NA,eme2025ukb
SSM - Health Systems,NA,2949-8562,2026-05-21,NA,eme2025ukb
SSM - Mental Health,NA,2666-5603,2026-05-21,NA,eme2025ukb
SSM - Population Health,NA,2352-8273,2026-05-21,NA,eme2025ukb
SSM - Qualitative Research in Health,NA,2667-3215,2026-05-21,NA,eme2025ukb
STAR Protocols,NA,2666-1667,2026-05-21,NA,eme2025ukb
Statistics & Probability Letters,NA,0167-7152,2026-05-21,NA,eme2025ukb
Stem Cell Reports,NA,2213-6711,2026-05-21,NA,eme2025ukb
Stem Cell Research,NA,1873-5061,2026-05-21,NA,eme2025ukb
Steroids,NA,0039-128X,2026-05-21,NA,eme2025ukb
Stochastic Processes and their Applications,NA,0304-4149,2026-05-21,NA,eme2025ukb
Strategic Business Research,NA,3051-0643,2026-05-21,NA,eme2025ukb
Structural Change and Economic Dynamics,NA,0954-349X,2026-05-21,NA,eme2025ukb
Structural Heart,NA,2474-8706,2026-05-21,NA,eme2025ukb
Structural Safety,NA,0167-4730,2026-05-21,NA,eme2025ukb
Structures,NA,2352-0124,2026-05-21,NA,eme2025ukb
Studies in Educational Evaluation,NA,0191-491X,2026-05-21,NA,eme2025ukb
Studies in History and Philosophy of Science,NA,0039-3681,2026-05-21,NA,eme2025ukb
Superconductivity,NA,2772-8307,2026-05-21,NA,eme2025ukb
Supply Chain Analytics,NA,2949-8635,2026-05-21,NA,eme2025ukb
Surface and Coatings Technology,NA,0257-8972,2026-05-21,NA,eme2025ukb
Surface Science,NA,0039-6028,2026-05-21,NA,eme2025ukb
Surface Science Reports,NA,0167-5729,2026-05-21,NA,eme2025ukb
Surfaces and Interfaces,NA,2468-0230,2026-05-21,NA,eme2025ukb
Surgery,NA,0039-6060,2026-05-21,NA,eme2025ukb
Surgery Case Reports: Advances and Techniques,NA,2950-1032,2026-05-21,NA,eme2025ukb
Surgery for Obesity and Related Diseases,NA,1550-7289,2026-05-21,NA,eme2025ukb
Surgery in Practice and Science,NA,2666-2620,2026-05-21,NA,eme2025ukb
Surgery Open Digestive Advance,NA,2667-0089,2026-05-21,NA,eme2025ukb
Surgery Open Science,NA,2589-8450,2026-05-21,NA,eme2025ukb
Surgical Oncology,NA,0960-7404,2026-05-21,NA,eme2025ukb
Surgical Oncology Insight,NA,2950-2470,2026-05-21,NA,eme2025ukb
Survey of Ophthalmology,NA,0039-6257,2026-05-21,NA,eme2025ukb
Sustainable Chemistry and Pharmacy,NA,2352-5541,2026-05-21,NA,eme2025ukb
Sustainable Chemistry for Biodiversity,NA,3050-6212,2026-05-21,NA,eme2025ukb
Sustainable Chemistry for Climate Action,NA,2772-8269,2026-05-21,NA,eme2025ukb
Sustainable Chemistry for Energy Materials,NA,2950-4775,2026-05-21,NA,eme2025ukb
Sustainable Chemistry for the Environment,NA,2949-8392,2026-05-21,NA,eme2025ukb
Sustainable Chemistry One World,NA,2950-3574,2026-05-21,NA,eme2025ukb
Sustainable Cities and Society,NA,2210-6707,2026-05-21,NA,eme2025ukb
Sustainable Cities and Society: Advances,NA,3051-052X,2026-05-21,NA,eme2025ukb
Sustainable Computing: Informatics and Systems,NA,2210-5379,2026-05-21,NA,eme2025ukb
Sustainable Energy Technologies and Assessments,NA,2213-1388,2026-05-21,NA,eme2025ukb
"Sustainable Energy, Grids and Networks",NA,2352-4677,2026-05-21,NA,eme2025ukb
Sustainable Futures,NA,2666-1888,2026-05-21,NA,eme2025ukb
"Sustainable Geosciences: People, Planet and Prosperity",NA,2950-4929,2026-05-21,NA,eme2025ukb
Sustainable Materials and Technologies,NA,2214-9937,2026-05-21,NA,eme2025ukb
Sustainable Production and Consumption,NA,2352-5509,2026-05-21,NA,eme2025ukb
Sustainable Technology and Entrepreneurship,NA,2773-0328,2026-05-21,NA,eme2025ukb
Swarm and Evolutionary Computation,NA,2210-6502,2026-05-21,NA,eme2025ukb
Synthetic Metals,NA,0379-6779,2026-05-21,NA,eme2025ukb
System,NA,0346-251X,2026-05-21,NA,eme2025ukb
Systematic and Applied Microbiology,NA,0723-2020,2026-05-21,NA,eme2025ukb
Systems & Control Letters,NA,0167-6911,2026-05-21,NA,eme2025ukb
Systems and Soft Computing,NA,2772-9419,2026-05-21,NA,eme2025ukb
Systems Ethnopharmacology and Sustainable Bioresources,NA,3117-5767,2026-05-21,NA,eme2025ukb
Talanta,NA,0039-9140,2026-05-21,NA,eme2025ukb
Talanta Open,NA,2666-8319,2026-05-21,NA,eme2025ukb
Teaching and Learning in Nursing,NA,1557-3087,2026-05-21,NA,eme2025ukb
Teaching and Teacher Education,NA,0742-051X,2026-05-21,NA,eme2025ukb
Technical Innovations & Patient Support in Radiation Oncology,NA,2405-6324,2026-05-21,NA,eme2025ukb
Techniques and Innovations in Gastrointestinal Endoscopy,NA,2590-0307,2026-05-21,NA,eme2025ukb
Techniques in Vascular and Interventional Radiology,NA,1089-2516,2026-05-21,NA,eme2025ukb
Technological Forecasting and Social Change,NA,0040-1625,2026-05-21,NA,eme2025ukb
Technology in Society,NA,0160-791X,2026-05-21,NA,eme2025ukb
Technovation,NA,0166-4972,2026-05-21,NA,eme2025ukb
Tectonophysics,NA,0040-1951,2026-05-21,NA,eme2025ukb
Telecommunications Policy,NA,0308-5961,2026-05-21,NA,eme2025ukb
Telematics and Informatics,NA,0736-5853,2026-05-21,NA,eme2025ukb
Telematics and Informatics Reports,NA,2772-5030,2026-05-21,NA,eme2025ukb
Tetrahedron,NA,0040-4020,2026-05-21,NA,eme2025ukb
Tetrahedron Chem,NA,2666-951X,2026-05-21,NA,eme2025ukb
Tetrahedron Green Chem,NA,2773-2231,2026-05-21,NA,eme2025ukb
Tetrahedron Letters,NA,0040-4039,2026-05-21,NA,eme2025ukb
The American Journal of Cardiology,NA,0002-9149,2026-05-21,NA,eme2025ukb
The American Journal of Clinical Nutrition,NA,0002-9165,2026-05-21,NA,eme2025ukb
The American Journal of Geriatric Psychiatry,NA,1064-7481,2026-05-21,NA,eme2025ukb
"The American Journal of Geriatric Psychiatry: Open Science, Education, and Practice",NA,2950-3868,2026-05-21,NA,eme2025ukb
The American Journal of Medicine,NA,0002-9343,2026-05-21,NA,eme2025ukb
The American Journal of Pathology,NA,0002-9440,2026-05-21,NA,eme2025ukb
The American Journal of Surgery,NA,0002-9610,2026-05-21,NA,eme2025ukb
The American Journal of the Medical Sciences,NA,0002-9629,2026-05-21,NA,eme2025ukb
The Annals of Thoracic Surgery,NA,0003-4975,2026-05-21,NA,eme2025ukb
The Arts in Psychotherapy,NA,0197-4556,2026-05-21,NA,eme2025ukb
The Asian Journal of Shipping and Logistics,NA,2092-5212,2026-05-21,NA,eme2025ukb
The Brazilian Journal of Infectious Diseases,NA,1413-8670,2026-05-21,NA,eme2025ukb
The Breast,NA,0960-9776,2026-05-21,NA,eme2025ukb
The British Accounting Review,NA,0890-8389,2026-05-21,NA,eme2025ukb
The Cell Surface,NA,2468-2330,2026-05-21,NA,eme2025ukb
The EANM Journal,NA,3051-2921,2026-05-21,NA,eme2025ukb
The Egyptian Journal of Remote Sensing and Space Sciences,NA,1110-9823,2026-05-21,NA,eme2025ukb
The Egyptian Rheumatologist,NA,1110-1164,2026-05-21,NA,eme2025ukb
The Electricity Journal,NA,1040-6190,2026-05-21,NA,eme2025ukb
The European Journal of Psychiatry,NA,0213-6163,2026-05-21,NA,eme2025ukb
The Extractive Industries and Society,NA,2214-790X,2026-05-21,NA,eme2025ukb
The Foot,NA,0958-2592,2026-05-21,NA,eme2025ukb
The French Journal of Urology,NA,2950-3930,2026-05-21,NA,eme2025ukb
The Innovation,NA,2666-6758,2026-05-21,NA,eme2025ukb
The International Journal of Biochemistry & Cell Biology,NA,1357-2725,2026-05-21,NA,eme2025ukb
The International Journal of Management Education,NA,1472-8117,2026-05-21,NA,eme2025ukb
The Internet and Higher Education,NA,1096-7516,2026-05-21,NA,eme2025ukb
The Joint Commission Journal on Quality and Patient Safety,NA,1553-7250,2026-05-21,NA,eme2025ukb
The Journal for Nurse Practitioners,NA,1555-4155,2026-05-21,NA,eme2025ukb
The Journal of Academic Librarianship,NA,0099-1333,2026-05-21,NA,eme2025ukb
The Journal of Aging Research & Lifestyle,NA,2534-773X,2026-05-21,NA,eme2025ukb
The Journal of Allergy and Clinical Immunology: In Practice,NA,2213-2198,2026-05-21,NA,eme2025ukb
The Journal of Chemical Thermodynamics,NA,0021-9614,2026-05-21,NA,eme2025ukb
The Journal of Climate Change and Health,NA,2667-2782,2026-05-21,NA,eme2025ukb
The Journal of Economic Asymmetries,NA,1703-4949,2026-05-21,NA,eme2025ukb
The Journal of Emergency Medicine,NA,0736-4679,2026-05-21,NA,eme2025ukb
The Journal of Foot & Ankle Surgery,NA,1067-2516,2026-05-21,NA,eme2025ukb
The Journal of Frailty & Aging,NA,2260-1341,2026-05-21,NA,eme2025ukb
The Journal of Hand Surgery,NA,0363-5023,2026-05-21,NA,eme2025ukb
The Journal of Heart and Lung Transplantation,NA,1053-2498,2026-05-21,NA,eme2025ukb
The Journal of Liquid Biopsy,NA,2950-1954,2026-05-21,NA,eme2025ukb
The Journal of Mathematical Behavior,NA,0732-3123,2026-05-21,NA,eme2025ukb
The Journal of Molecular Diagnostics,NA,1525-1578,2026-05-21,NA,eme2025ukb
The Journal of Nutrition,NA,0022-3166,2026-05-21,NA,eme2025ukb
"The Journal of nutrition, health and aging",NA,1279-7707,2026-05-21,NA,eme2025ukb
The Journal of Nutritional Biochemistry,NA,0955-2863,2026-05-21,NA,eme2025ukb
The Journal of Nutritional Physiology,NA,3050-6247,2026-05-21,NA,eme2025ukb
The Journal of Pain,NA,1526-5900,2026-05-21,NA,eme2025ukb
The Journal of Pediatrics,NA,0022-3476,2026-05-21,NA,eme2025ukb
The Journal of Pediatrics: Clinical Practice,NA,2950-5410,2026-05-21,NA,eme2025ukb
The Journal of Pharmacology and Experimental Therapeutics,NA,0022-3565,2026-05-21,NA,eme2025ukb
The Journal of Physiological Sciences,NA,1880-6546,2026-05-21,NA,eme2025ukb
The Journal of Precision Medicine: Health and Disease,NA,3050-6328,2026-05-21,NA,eme2025ukb
The Journal of Prevention of Alzheimer's Disease,NA,2274-5807,2026-05-21,NA,eme2025ukb
The Journal of Prosthetic Dentistry,NA,0022-3913,2026-05-21,NA,eme2025ukb
The Journal of Steroid Biochemistry and Molecular Biology,NA,0960-0760,2026-05-21,NA,eme2025ukb
The Journal of Strategic Information Systems,NA,0963-8687,2026-05-21,NA,eme2025ukb
The Journal of Supercritical Fluids,NA,0896-8446,2026-05-21,NA,eme2025ukb
The Journal of the American Dental Association,NA,0002-8177,2026-05-21,NA,eme2025ukb
The Journal of the Economics of Ageing,NA,2212-828X,2026-05-21,NA,eme2025ukb
The Journal of Thoracic and Cardiovascular Surgery,NA,0022-5223,2026-05-21,NA,eme2025ukb
The Knee,NA,0968-0160,2026-05-21,NA,eme2025ukb
The Lancet Digital Health,NA,2589-7500,2026-05-21,NA,eme2025ukb
The Lancet Global Health,NA,2214-109X,2026-05-21,NA,eme2025ukb
The Lancet Healthy Longevity,NA,2666-7568,2026-05-21,NA,eme2025ukb
The Lancet Microbe,NA,2666-5247,2026-05-21,NA,eme2025ukb
The Lancet Planetary Health,NA,2542-5196,2026-05-21,NA,eme2025ukb
The Lancet Primary Care,NA,3050-5143,2026-05-21,NA,eme2025ukb
The Lancet Public Health,NA,2468-2667,2026-05-21,NA,eme2025ukb
The Lancet Regional Health - Africa,NA,3050-5011,2026-05-21,NA,eme2025ukb
The Lancet Regional Health - Americas,NA,2667-193X,2026-05-21,NA,eme2025ukb
The Lancet Regional Health - Europe,NA,2666-7762,2026-05-21,NA,eme2025ukb
The Lancet Regional Health - Southeast Asia,NA,2772-3682,2026-05-21,NA,eme2025ukb
The Lancet Regional Health - Western Pacific,NA,2666-6065,2026-05-21,NA,eme2025ukb
The Leadership Quarterly,NA,1048-9843,2026-05-21,NA,eme2025ukb
The Microbe,NA,2950-1946,2026-05-21,NA,eme2025ukb
The North American Journal of Economics and Finance,NA,1062-9408,2026-05-21,NA,eme2025ukb
The Ocular Surface,NA,1542-0124,2026-05-21,NA,eme2025ukb
The Quarterly Review of Economics and Finance,NA,1062-9769,2026-05-21,NA,eme2025ukb
The Royal College of Radiologists Open,NA,2773-0662,2026-05-21,NA,eme2025ukb
The Spine Journal,NA,1529-9430,2026-05-21,NA,eme2025ukb
The Surgeon,NA,1479-666X,2026-05-21,NA,eme2025ukb
The Swine Journal,NA,3117-4132,2026-05-21,NA,eme2025ukb
The Veterinary Journal,NA,1090-0233,2026-05-21,NA,eme2025ukb
The Veterinary Journal: Pharmacology & Toxicology,NA,3117-5252,2026-05-21,NA,eme2025ukb
Theoretical and Applied Fracture Mechanics,NA,0167-8442,2026-05-21,NA,eme2025ukb
Theoretical and Applied Mechanics Letters,NA,2095-0349,2026-05-21,NA,eme2025ukb
Theoretical Computer Science,NA,0304-3975,2026-05-21,NA,eme2025ukb
Theoretical Population Biology,NA,0040-5809,2026-05-21,NA,eme2025ukb
Therapies,NA,0040-5957,2026-05-21,NA,eme2025ukb
Theriogenology,NA,0093-691X,2026-05-21,NA,eme2025ukb
Theriogenology Wild,NA,2773-093X,2026-05-21,NA,eme2025ukb
Thermal Advances,NA,3050-4635,2026-05-21,NA,eme2025ukb
Thermal Science and Engineering Progress,NA,2451-9049,2026-05-21,NA,eme2025ukb
Thermochimica Acta,NA,0040-6031,2026-05-21,NA,eme2025ukb
Thin Solid Films,NA,0040-6090,2026-05-21,NA,eme2025ukb
Thinking Skills and Creativity,NA,1871-1871,2026-05-21,NA,eme2025ukb
Thin-Walled Structures,NA,0263-8231,2026-05-21,NA,eme2025ukb
Thrombosis Research,NA,0049-3848,2026-05-21,NA,eme2025ukb
Thrombosis Update,NA,2666-5727,2026-05-21,NA,eme2025ukb
Thyroid Science,NA,2950-3000,2026-05-21,NA,eme2025ukb
Ticks and Tick-borne Diseases,NA,1877-959X,2026-05-21,NA,eme2025ukb
Tissue and Cell,NA,0040-8166,2026-05-21,NA,eme2025ukb
Tomography of Materials and Structures,NA,2949-673X,2026-05-21,NA,eme2025ukb
Topics in Companion Animal Medicine,NA,1938-9736,2026-05-21,NA,eme2025ukb
Topology and its Applications,NA,0166-8641,2026-05-21,NA,eme2025ukb
Total Chemistry,NA,3050-581X,2026-05-21,NA,eme2025ukb
Total Environment Advances,NA,2950-3957,2026-05-21,NA,eme2025ukb
Total Environment Engineering,NA,2950-631X,2026-05-21,NA,eme2025ukb
Total Environment Microbiology,NA,3050-6417,2026-05-21,NA,eme2025ukb
Tourism Management,NA,0261-5177,2026-05-21,NA,eme2025ukb
Tourism Management Perspectives,NA,2211-9736,2026-05-21,NA,eme2025ukb
Toxicologie Analytique et Clinique,NA,2352-0078,2026-05-21,NA,eme2025ukb
Toxicology,NA,0300-483X,2026-05-21,NA,eme2025ukb
Toxicology and Applied Pharmacology,NA,0041-008X,2026-05-21,NA,eme2025ukb
Toxicology in Vitro,NA,0887-2333,2026-05-21,NA,eme2025ukb
Toxicology Letters,NA,0378-4274,2026-05-21,NA,eme2025ukb
Toxicology Reports,NA,2214-7500,2026-05-21,NA,eme2025ukb
Toxicon,NA,0041-0101,2026-05-21,NA,eme2025ukb
Toxicon: X,NA,2590-1710,2026-05-21,NA,eme2025ukb
Transcranial Magnetic Stimulation,NA,3050-5291,2026-05-21,NA,eme2025ukb
Transformative Energy,NA,3117-4639,2026-05-21,NA,eme2025ukb
Transfusion and Apheresis Science,NA,1473-0502,2026-05-21,NA,eme2025ukb
Transfusion Clinique et Biologique,NA,1246-7820,2026-05-21,NA,eme2025ukb
Transfusion Medicine Reviews,NA,0887-7963,2026-05-21,NA,eme2025ukb
Translational Oncology,NA,1936-5233,2026-05-21,NA,eme2025ukb
Translational Research,NA,1931-5244,2026-05-21,NA,eme2025ukb
Translational Research in Anatomy,NA,2214-854X,2026-05-21,NA,eme2025ukb
Transnational Mobilities,NA,3117-5511,2026-05-21,NA,eme2025ukb
Transplant Immunology,NA,0966-3274,2026-05-21,NA,eme2025ukb
Transplantation and Cellular Therapy,NA,2666-6367,2026-05-21,NA,eme2025ukb
Transplantation Proceedings,NA,0041-1345,2026-05-21,NA,eme2025ukb
Transplantation Reports,NA,2451-9596,2026-05-21,NA,eme2025ukb
Transplantation Reviews,NA,0955-470X,2026-05-21,NA,eme2025ukb
Transport Economics and Management,NA,2949-8996,2026-05-21,NA,eme2025ukb
Transport Policy,NA,0967-070X,2026-05-21,NA,eme2025ukb
Transportation Engineering,NA,2666-691X,2026-05-21,NA,eme2025ukb
Transportation Geotechnics,NA,2214-3912,2026-05-21,NA,eme2025ukb
Transportation Research Interdisciplinary Perspectives,NA,2590-1982,2026-05-21,NA,eme2025ukb
Transportation Research Part A: Policy and Practice,NA,0965-8564,2026-05-21,NA,eme2025ukb
Transportation Research Part B: Methodological,NA,0191-2615,2026-05-21,NA,eme2025ukb
Transportation Research Part C: Emerging Technologies,NA,0968-090X,2026-05-21,NA,eme2025ukb
Transportation Research Part D: Transport and Environment,NA,1361-9209,2026-05-21,NA,eme2025ukb
Transportation Research Part E: Logistics and Transportation Review,NA,1366-5545,2026-05-21,NA,eme2025ukb
Transportation Research Part F: Traffic Psychology and Behaviour,NA,1369-8478,2026-05-21,NA,eme2025ukb
Transportation Research Today,NA,3051-360X,2026-05-21,NA,eme2025ukb
Trauma Case Reports,NA,2352-6440,2026-05-21,NA,eme2025ukb
Travel Behaviour and Society,NA,2214-367X,2026-05-21,NA,eme2025ukb
Travel Medicine and Infectious Disease,NA,1477-8939,2026-05-21,NA,eme2025ukb
"Trees, Forests and People",NA,2666-7193,2026-05-21,NA,eme2025ukb
Trends in Anaesthesia and Critical Care,NA,2210-8440,2026-05-21,NA,eme2025ukb
Trends in Analytical Chemistry,NA,0165-9936,2026-05-21,NA,eme2025ukb
Trends in Cardiovascular Medicine,NA,1050-1738,2026-05-21,NA,eme2025ukb
Trends in Environmental Analytical Chemistry,NA,2214-1588,2026-05-21,NA,eme2025ukb
Trends in Food Science & Technology,NA,0924-2244,2026-05-21,NA,eme2025ukb
Trends in Neuroscience and Education,NA,2211-9493,2026-05-21,NA,eme2025ukb
Trends Open,NA,3117-3470,2026-05-21,NA,eme2025ukb
Tribology and Interfaces,NA,3117-3136,2026-05-21,NA,eme2025ukb
Tribology International,NA,0301-679X,2026-05-21,NA,eme2025ukb
Tuberculosis,NA,1472-9792,2026-05-21,NA,eme2025ukb
Tumour Virus Research,NA,2666-6790,2026-05-21,NA,eme2025ukb
Tunnelling and Underground Space Technology,NA,0886-7798,2026-05-21,NA,eme2025ukb
Ultramicroscopy,NA,0304-3991,2026-05-21,NA,eme2025ukb
Ultrasonics,NA,0041-624X,2026-05-21,NA,eme2025ukb
Ultrasonics Sonochemistry,NA,1350-4177,2026-05-21,NA,eme2025ukb
Ultrasound in Medicine & Biology,NA,0301-5629,2026-05-21,NA,eme2025ukb
Urban Climate,NA,2212-0955,2026-05-21,NA,eme2025ukb
Urban Forestry & Urban Greening,NA,1618-8667,2026-05-21,NA,eme2025ukb
Urban Transitions,NA,3050-6972,2026-05-21,NA,eme2025ukb
Urologic Oncology: Seminars and Original Investigations,NA,1078-1439,2026-05-21,NA,eme2025ukb
Urology,NA,0090-4295,2026-05-21,NA,eme2025ukb
Urology Case Reports,NA,2214-4420,2026-05-21,NA,eme2025ukb
Urology Horizons,NA,3117-3500,2026-05-21,NA,eme2025ukb
Urology Video Journal,NA,2590-0897,2026-05-21,NA,eme2025ukb
Utilities Policy,NA,0957-1787,2026-05-21,NA,eme2025ukb
Vaccine,NA,0264-410X,2026-05-21,NA,eme2025ukb
Vaccine: X,NA,2590-1362,2026-05-21,NA,eme2025ukb
Vacunas,NA,1576-9887,2026-05-21,NA,eme2025ukb
Vacunas (English Edition),NA,2445-1460,2026-05-21,NA,eme2025ukb
Vacuum,NA,0042-207X,2026-05-21,NA,eme2025ukb
Value in Health,NA,1098-3015,2026-05-21,NA,eme2025ukb
Value in Health Regional Issues,NA,2212-1099,2026-05-21,NA,eme2025ukb
Vascular Diseases,NA,3050-6581,2026-05-21,NA,eme2025ukb
Vascular Pharmacology,NA,1537-1891,2026-05-21,NA,eme2025ukb
Vehicular Communications,NA,2214-2096,2026-05-21,NA,eme2025ukb
Veterinary Anaesthesia and Analgesia,NA,1467-2987,2026-05-21,NA,eme2025ukb
Veterinary and Animal Science,NA,2451-943X,2026-05-21,NA,eme2025ukb
Veterinary Immunology and Immunopathology,NA,0165-2427,2026-05-21,NA,eme2025ukb
Veterinary Microbiology,NA,0378-1135,2026-05-21,NA,eme2025ukb
Veterinary Parasitology,NA,0304-4017,2026-05-21,NA,eme2025ukb
Veterinary Parasitology: Regional Studies and Reports,NA,2405-9390,2026-05-21,NA,eme2025ukb
Vibrational Spectroscopy,NA,0924-2031,2026-05-21,NA,eme2025ukb
VideoGIE,NA,2468-4481,2026-05-21,NA,eme2025ukb
Virology,NA,0042-6822,2026-05-21,NA,eme2025ukb
Virus Research,NA,0168-1702,2026-05-21,NA,eme2025ukb
Vision Research,NA,0042-6989,2026-05-21,NA,eme2025ukb
Visual Journal of Emergency Medicine,NA,2405-4690,2026-05-21,NA,eme2025ukb
Waste Management,NA,0956-053X,2026-05-21,NA,eme2025ukb
Waste Management Bulletin,NA,2949-7507,2026-05-21,NA,eme2025ukb
Water Research,NA,0043-1354,2026-05-21,NA,eme2025ukb
Water Research X,NA,2589-9147,2026-05-21,NA,eme2025ukb
Water Resources and Industry,NA,2212-3717,2026-05-21,NA,eme2025ukb
Water Security,NA,2468-3124,2026-05-21,NA,eme2025ukb
Wave Motion,NA,0165-2125,2026-05-21,NA,eme2025ukb
Wear,NA,0043-1648,2026-05-21,NA,eme2025ukb
Weather and Climate Extremes,NA,2212-0947,2026-05-21,NA,eme2025ukb
"Wellbeing, Space and Society",NA,2666-5581,2026-05-21,NA,eme2025ukb
WFUMB Ultrasound Open,NA,2949-6683,2026-05-21,NA,eme2025ukb
Wind Energy and Engineering Research,NA,2950-3604,2026-05-21,NA,eme2025ukb
Women and Birth,NA,1871-5192,2026-05-21,NA,eme2025ukb
Women's Health Issues,NA,1049-3867,2026-05-21,NA,eme2025ukb
Women's Studies International Forum,NA,0277-5395,2026-05-21,NA,eme2025ukb
World Allergy Organization Journal,NA,1939-4551,2026-05-21,NA,eme2025ukb
World Development,NA,0305-750X,2026-05-21,NA,eme2025ukb
World Development Perspectives,NA,2452-2929,2026-05-21,NA,eme2025ukb
World Development Sustainability,NA,2772-655X,2026-05-21,NA,eme2025ukb
World Neurosurgery,NA,1878-8750,2026-05-21,NA,eme2025ukb
World Neurosurgery: X,NA,2590-1397,2026-05-21,NA,eme2025ukb
World Patent Information,NA,0172-2190,2026-05-21,NA,eme2025ukb
"Zeitschrift für Evidenz, Fortbildung und Qualität im Gesundheitswesen",NA,1865-9217,2026-05-21,NA,eme2025ukb
Zeitschrift für Medizinische Physik,NA,0939-3889,2026-05-21,NA,eme2025ukb
Zoologischer Anzeiger,NA,0044-5231,2026-05-21,NA,eme2025ukb
Zoology,NA,0944-2006,2026-05-21,NA,eme2025ukb
Academic Pediatrics,NA,1876-2859,2026-04-01,NA,els2026jisc
Academic Radiology,NA,1076-6332,2026-04-01,NA,els2026jisc
Accident Analysis & Prevention,NA,0001-4575,2026-04-01,NA,els2026jisc
"Accounting, Organizations and Society",NA,0361-3682,2026-04-01,NA,els2026jisc
Acta Astronautica,NA,0094-5765,2026-04-01,NA,els2026jisc
Acta Biomaterialia,NA,1742-7061,2026-04-01,NA,els2026jisc
Acta Colombiana de Cuidado Intensivo,NA,0122-7262,2026-04-01,NA,els2026jisc
Acta Histochemica,NA,0065-1281,2026-04-01,NA,els2026jisc
Acta Materialia,NA,1359-6454,2026-04-01,NA,els2026jisc
Acta Oecologica,NA,1146-609X,2026-04-01,NA,els2026jisc
Acta Otorrinolaringológica (English Edition),NA,2173-5735,2026-04-01,NA,els2026jisc
Acta Otorrinolaringológica Española,NA,0001-6519,2026-04-01,NA,els2026jisc
Acta Physico-Chimica Sinica,NA,1000-6818,2026-04-01,NA,els2026jisc
Acta Tropica,NA,0001-706X,2026-04-01,NA,els2026jisc
Actas Urológicas Españolas,NA,0210-4806,2026-04-01,NA,els2026jisc
Actas Urológicas Españolas (English Edition),NA,2173-5786,2026-04-01,NA,els2026jisc
Ad Hoc Networks,NA,1570-8705,2026-04-01,NA,els2026jisc
Addictive Behaviors,NA,0306-4603,2026-04-01,NA,els2026jisc
Additive Manufacturing,NA,2214-8604,2026-04-01,NA,els2026jisc
Advanced Drug Delivery Reviews,NA,0169-409X,2026-04-01,NA,els2026jisc
Advanced Engineering Informatics,NA,1474-0346,2026-04-01,NA,els2026jisc
Advanced Powder Technology,NA,0921-8831,2026-04-01,NA,els2026jisc
Advances in Accounting,NA,0882-6110,2026-04-01,NA,els2026jisc
Advances in Applied Mathematics,NA,0196-8858,2026-04-01,NA,els2026jisc
Advances in Biological Regulation,NA,2212-4926,2026-04-01,NA,els2026jisc
Advances in Colloid and Interface Science,NA,0001-8686,2026-04-01,NA,els2026jisc
Advances in Engineering Software,NA,0965-9978,2026-04-01,NA,els2026jisc
Advances in Integrative Medicine,NA,2212-9588,2026-04-01,NA,els2026jisc
Advances in Kidney Disease and Health,NA,2949-8139,2026-04-01,NA,els2026jisc
Advances in Life Course Research,NA,1569-4909,2026-04-01,NA,els2026jisc
Advances in Mathematics,NA,0001-8708,2026-04-01,NA,els2026jisc
Advances in Medical Sciences,NA,1896-1126,2026-04-01,NA,els2026jisc
Advances in Space Research,NA,0273-1177,2026-04-01,NA,els2026jisc
Advances in Water Resources,NA,0309-1708,2026-04-01,NA,els2026jisc
Advancing Medical-Surgical Nursing,NA,3050-8592,2026-04-01,NA,els2026jisc
Aeolian Research,NA,1875-9637,2026-04-01,NA,els2026jisc
Aerospace Science and Technology,NA,1270-9638,2026-04-01,NA,els2026jisc
AEÜ - International Journal of Electronics and Communications,NA,1434-8411,2026-04-01,NA,els2026jisc
African Transport Studies,NA,2950-1962,2026-04-01,NA,els2026jisc
Ageing Research Reviews,NA,1568-1637,2026-04-01,NA,els2026jisc
Aggression and Violent Behavior,NA,1359-1789,2026-04-01,NA,els2026jisc
Agricultural and Forest Meteorology,NA,0168-1923,2026-04-01,NA,els2026jisc
Agricultural Systems,NA,0308-521X,2026-04-01,NA,els2026jisc
"Agriculture, Ecosystems & Environment",NA,0167-8809,2026-04-01,NA,els2026jisc
Air Medical Journal,NA,1067-991X,2026-04-01,NA,els2026jisc
AJO-DO Clinical Companion,NA,2666-4305,2026-04-01,NA,els2026jisc
Alcohol,NA,0741-8329,2026-04-01,NA,els2026jisc
Algal Research,NA,2211-9264,2026-04-01,NA,els2026jisc
American Heart Journal,NA,0002-8703,2026-04-01,NA,els2026jisc
American Journal of Emergency Medicine,NA,0735-6757,2026-04-01,NA,els2026jisc
American Journal of Infection Control,NA,0196-6553,2026-04-01,NA,els2026jisc
American Journal of Kidney Diseases,NA,0272-6386,2026-04-01,NA,els2026jisc
American Journal of Obstetrics & Gynecology,NA,0002-9378,2026-04-01,NA,els2026jisc
American Journal of Obstetrics & Gynecology MFM,NA,2589-9333,2026-04-01,NA,els2026jisc
American Journal of Ophthalmology,NA,0002-9394,2026-04-01,NA,els2026jisc
American Journal of Orthodontics and Dentofacial Orthopedics,NA,0889-5406,2026-04-01,NA,els2026jisc
American Journal of Pharmaceutical Education,NA,0002-9459,2026-04-01,NA,els2026jisc
American Journal of Preventive Medicine,NA,0749-3797,2026-04-01,NA,els2026jisc
American Journal of Transplantation,NA,1600-6135,2026-04-01,NA,els2026jisc
Anaerobe,NA,1075-9964,2026-04-01,NA,els2026jisc
Anaesthesia Critical Care & Pain Medicine,NA,2352-5568,2026-04-01,NA,els2026jisc
Analytic Methods in Accident Research,NA,2213-6657,2026-04-01,NA,els2026jisc
Analytica Chimica Acta,NA,0003-2670,2026-04-01,NA,els2026jisc
Analytical Biochemistry,NA,0003-2697,2026-04-01,NA,els2026jisc
Anesthésie & Réanimation,NA,2352-5800,2026-04-01,NA,els2026jisc
Animal Behaviour,NA,0003-3472,2026-04-01,NA,els2026jisc
Animal Feed Science and Technology,NA,0377-8401,2026-04-01,NA,els2026jisc
Animal Reproduction Science,NA,0378-4320,2026-04-01,NA,els2026jisc
Annales de Chirurgie Plastique Esthétique,NA,0294-1260,2026-04-01,NA,els2026jisc
Annales de Dermatologie et de Vénéréologie,NA,0151-9638,2026-04-01,NA,els2026jisc
Annales de Paléontologie,NA,0753-3969,2026-04-01,NA,els2026jisc
Annales de Pathologie,NA,0242-6498,2026-04-01,NA,els2026jisc
Annales d'Endocrinologie,NA,0003-4266,2026-04-01,NA,els2026jisc
Annales Françaises d'Oto-Rhino-Laryngologie et de Pathologie Cervico-Faciale,NA,1879-7261,2026-04-01,NA,els2026jisc
Annales Médico-Psychologiques,NA,0003-4487,2026-04-01,NA,els2026jisc
"Annals of Allergy, Asthma & Immunology",NA,1081-1206,2026-04-01,NA,els2026jisc
Annals of Anatomy,NA,0940-9602,2026-04-01,NA,els2026jisc
Annals of Diagnostic Pathology,NA,1092-9134,2026-04-01,NA,els2026jisc
Annals of Emergency Medicine,NA,0196-0644,2026-04-01,NA,els2026jisc
Annals of Epidemiology,NA,1047-2797,2026-04-01,NA,els2026jisc
Annals of Nuclear Energy,NA,0306-4549,2026-04-01,NA,els2026jisc
Annals of Oncology,NA,0923-7534,2026-04-01,NA,els2026jisc
Annals of Physical and Rehabilitation Medicine,NA,1877-0657,2026-04-01,NA,els2026jisc
Annals of Physics,NA,0003-4916,2026-04-01,NA,els2026jisc
Annals of Pure and Applied Logic,NA,0168-0072,2026-04-01,NA,els2026jisc
Annals of the Rheumatic Diseases,NA,0003-4967,2026-04-01,NA,els2026jisc
Annals of Tourism Research,NA,0160-7383,2026-04-01,NA,els2026jisc
Annals of Vascular Surgery,NA,0890-5096,2026-04-01,NA,els2026jisc
Annual Reviews in Control,NA,1367-5788,2026-04-01,NA,els2026jisc
Anthropocene,NA,2213-3054,2026-04-01,NA,els2026jisc
Antiviral Research,NA,0166-3542,2026-04-01,NA,els2026jisc
Appetite,NA,0195-6663,2026-04-01,NA,els2026jisc
Applied Acoustics,NA,0003-682X,2026-04-01,NA,els2026jisc
Applied and Computational Harmonic Analysis,NA,1063-5203,2026-04-01,NA,els2026jisc
Applied Animal Behaviour Science,NA,0168-1591,2026-04-01,NA,els2026jisc
Applied Catalysis A: General,NA,0926-860X,2026-04-01,NA,els2026jisc
Applied Catalysis B: Environment and Energy,NA,0926-3373,2026-04-01,NA,els2026jisc
Applied Clay Science,NA,0169-1317,2026-04-01,NA,els2026jisc
Applied Corpus Linguistics,NA,2666-7991,2026-04-01,NA,els2026jisc
Applied Energy,NA,0306-2619,2026-04-01,NA,els2026jisc
Applied Ergonomics,NA,0003-6870,2026-04-01,NA,els2026jisc
Applied Geochemistry,NA,0883-2927,2026-04-01,NA,els2026jisc
Applied Geography,NA,0143-6228,2026-04-01,NA,els2026jisc
Applied Materials Today,NA,2352-9407,2026-04-01,NA,els2026jisc
Applied Mathematical Modelling,NA,0307-904X,2026-04-01,NA,els2026jisc
Applied Mathematics and Computation,NA,0096-3003,2026-04-01,NA,els2026jisc
Applied Mathematics Letters,NA,0893-9659,2026-04-01,NA,els2026jisc
Applied Numerical Mathematics,NA,0168-9274,2026-04-01,NA,els2026jisc
Applied Nursing Research,NA,0897-1897,2026-04-01,NA,els2026jisc
Applied Radiation and Isotopes,NA,0969-8043,2026-04-01,NA,els2026jisc
Applied Soft Computing,NA,1568-4946,2026-04-01,NA,els2026jisc
Applied Soil Ecology,NA,0929-1393,2026-04-01,NA,els2026jisc
Applied Studies in Innovative Learning and Teaching,NA,3051-3243,2026-04-01,NA,els2026jisc
Applied Surface Science,NA,0169-4332,2026-04-01,NA,els2026jisc
Applied Thermal Engineering,NA,1359-4311,2026-04-01,NA,els2026jisc
Aquacultural Engineering,NA,0144-8609,2026-04-01,NA,els2026jisc
Aquaculture,NA,0044-8486,2026-04-01,NA,els2026jisc
Aquatic Botany,NA,0304-3770,2026-04-01,NA,els2026jisc
Aquatic Toxicology,NA,0166-445X,2026-04-01,NA,els2026jisc
Arab Journal of Gastroenterology,NA,1687-1979,2026-04-01,NA,els2026jisc
Archaeological Research in Asia,NA,2352-2267,2026-04-01,NA,els2026jisc
Archives de Pédiatrie,NA,0929-693X,2026-04-01,NA,els2026jisc
Archives des Maladies du Coeur et des Vaisseaux: Pratique,NA,1261-694X,2026-04-01,NA,els2026jisc
Archives des Maladies Professionnelles et de l'Environnement,NA,1775-8785,2026-04-01,NA,els2026jisc
Archives of Biochemistry and Biophysics,NA,0003-9861,2026-04-01,NA,els2026jisc
Archives of Cardiovascular Diseases,NA,1875-2136,2026-04-01,NA,els2026jisc
Archives of Gerontology and Geriatrics,NA,0167-4943,2026-04-01,NA,els2026jisc
Archives of Legal Medicine,NA,2950-3949,2026-04-01,NA,els2026jisc
Archives of Medical Research,NA,0188-4409,2026-04-01,NA,els2026jisc
Archives of Oral Biology,NA,0003-9969,2026-04-01,NA,els2026jisc
Archives of Physical Medicine and Rehabilitation,NA,0003-9993,2026-04-01,NA,els2026jisc
Archives of Psychiatric Nursing,NA,0883-9417,2026-04-01,NA,els2026jisc
Archivos de Bronconeumología,NA,0300-2896,2026-04-01,NA,els2026jisc
Archivos de la Sociedad Española de Oftalmología,NA,0365-6691,2026-04-01,NA,els2026jisc
Archivos de la Sociedad Española de Oftalmología (English Edition),NA,2173-5794,2026-04-01,NA,els2026jisc
Arthropod Structure & Development,NA,1467-8039,2026-04-01,NA,els2026jisc
Artificial Intelligence,NA,0004-3702,2026-04-01,NA,els2026jisc
Artificial Intelligence for Transportation,NA,3050-8606,2026-04-01,NA,els2026jisc
Artificial Intelligence in Medicine,NA,0933-3657,2026-04-01,NA,els2026jisc
Asian Journal of Psychiatry,NA,1876-2018,2026-04-01,NA,els2026jisc
Asian Journal of Social Science,NA,1568-4849,2026-04-01,NA,els2026jisc
Assessing Writing,NA,1075-2935,2026-04-01,NA,els2026jisc
Astronomy and Computing,NA,2213-1337,2026-04-01,NA,els2026jisc
Astroparticle Physics,NA,0927-6505,2026-04-01,NA,els2026jisc
Atherosclerosis,NA,0021-9150,2026-04-01,NA,els2026jisc
Atmospheric Environment,NA,1352-2310,2026-04-01,NA,els2026jisc
Atmospheric Pollution Research,NA,1309-1042,2026-04-01,NA,els2026jisc
Atmospheric Research,NA,0169-8095,2026-04-01,NA,els2026jisc
Atomic Data and Nuclear Data Tables,NA,0092-640X,2026-04-01,NA,els2026jisc
Auris Nasus Larynx,NA,0385-8146,2026-04-01,NA,els2026jisc
Australasian Emergency Care,NA,2588-994X,2026-04-01,NA,els2026jisc
Australian Critical Care,NA,1036-7314,2026-04-01,NA,els2026jisc
Autoimmunity Reviews,NA,1568-9972,2026-04-01,NA,els2026jisc
Automatica,NA,0005-1098,2026-04-01,NA,els2026jisc
Automation in Construction,NA,0926-5805,2026-04-01,NA,els2026jisc
Autonomic Neuroscience: Basic and Clinical,NA,1566-0702,2026-04-01,NA,els2026jisc
Behavior Therapy,NA,0005-7894,2026-04-01,NA,els2026jisc
Behaviour Research and Therapy,NA,0005-7967,2026-04-01,NA,els2026jisc
Behavioural Brain Research,NA,0166-4328,2026-04-01,NA,els2026jisc
Behavioural Processes,NA,0376-6357,2026-04-01,NA,els2026jisc
Best Practice & Research Clinical Anaesthesiology,NA,1521-6896,2026-04-01,NA,els2026jisc
Best Practice & Research Clinical Endocrinology & Metabolism,NA,1521-690X,2026-04-01,NA,els2026jisc
Best Practice & Research Clinical Gastroenterology,NA,1521-6918,2026-04-01,NA,els2026jisc
Best Practice & Research Clinical Haematology,NA,1521-6926,2026-04-01,NA,els2026jisc
Best Practice & Research Clinical Obstetrics & Gynaecology,NA,1521-6934,2026-04-01,NA,els2026jisc
Best Practice & Research Clinical Rheumatology,NA,1521-6942,2026-04-01,NA,els2026jisc
Big Data Research,NA,2214-5796,2026-04-01,NA,els2026jisc
Bioactive Carbohydrates and Dietary Fibre,NA,2212-6198,2026-04-01,NA,els2026jisc
Biocatalysis and Agricultural Biotechnology,NA,1878-8181,2026-04-01,NA,els2026jisc
Biochemical and Biophysical Research Communications,NA,0006-291X,2026-04-01,NA,els2026jisc
Biochemical Engineering Journal,NA,1369-703X,2026-04-01,NA,els2026jisc
Biochemical Pharmacology,NA,0006-2952,2026-04-01,NA,els2026jisc
Biochemical Systematics and Ecology,NA,0305-1978,2026-04-01,NA,els2026jisc
Biochimica et Biophysica Acta: Bioenergetics,NA,0005-2728,2026-04-01,NA,els2026jisc
Biochimica et Biophysica Acta: Biomembranes,NA,0005-2736,2026-04-01,NA,els2026jisc
Biochimica et Biophysica Acta: Gene Regulatory Mechanisms,NA,1874-9399,2026-04-01,NA,els2026jisc
Biochimica et Biophysica Acta: General Subjects,NA,0304-4165,2026-04-01,NA,els2026jisc
Biochimica et Biophysica Acta: Molecular and Cell Biology of Lipids,NA,1388-1981,2026-04-01,NA,els2026jisc
Biochimica et Biophysica Acta: Molecular Basis of Disease,NA,0925-4439,2026-04-01,NA,els2026jisc
Biochimica et Biophysica Acta: Molecular Cell Research,NA,0167-4889,2026-04-01,NA,els2026jisc
Biochimica et Biophysica Acta: Proteins and Proteomics,NA,1570-9639,2026-04-01,NA,els2026jisc
Biochimica et Biophysica Acta: Reviews on Cancer,NA,0304-419X,2026-04-01,NA,els2026jisc
Biochimie,NA,0300-9084,2026-04-01,NA,els2026jisc
Biocybernetics and Biomedical Engineering,NA,0208-5216,2026-04-01,NA,els2026jisc
Bioelectrochemistry,NA,1567-5394,2026-04-01,NA,els2026jisc
Biological Conservation,NA,0006-3207,2026-04-01,NA,els2026jisc
Biological Psychiatry,NA,0006-3223,2026-04-01,NA,els2026jisc
Biological Psychiatry: Cognitive Neuroscience and Neuroimaging,NA,2451-9022,2026-04-01,NA,els2026jisc
Biological Psychology,NA,0301-0511,2026-04-01,NA,els2026jisc
Biologicals,NA,1045-1056,2026-04-01,NA,els2026jisc
Biomass & Bioenergy,NA,0961-9534,2026-04-01,NA,els2026jisc
Biomaterials,NA,0142-9612,2026-04-01,NA,els2026jisc
Biomaterials Advances,NA,2772-9508,2026-04-01,NA,els2026jisc
Biomedical Signal Processing and Control,NA,1746-8094,2026-04-01,NA,els2026jisc
Bioorganic & Medicinal Chemistry,NA,0968-0896,2026-04-01,NA,els2026jisc
Bioorganic & Medicinal Chemistry Letters,NA,0960-894X,2026-04-01,NA,els2026jisc
Bioorganic Chemistry,NA,0045-2068,2026-04-01,NA,els2026jisc
Biophysical Chemistry,NA,0301-4622,2026-04-01,NA,els2026jisc
Biophysical Journal,NA,0006-3495,2026-04-01,NA,els2026jisc
Bioprinting,NA,2405-8866,2026-04-01,NA,els2026jisc
Bioresource Technology,NA,0960-8524,2026-04-01,NA,els2026jisc
Bioresource Technology Reports,NA,2589-014X,2026-04-01,NA,els2026jisc
Biosensors and Bioelectronics,NA,0956-5663,2026-04-01,NA,els2026jisc
BioSystems,NA,0303-2647,2026-04-01,NA,els2026jisc
Biosystems Engineering,NA,1537-5110,2026-04-01,NA,els2026jisc
Biotechnology Advances,NA,0734-9750,2026-04-01,NA,els2026jisc
BJA Education,NA,2058-5349,2026-04-01,NA,els2026jisc
"Blood Cells, Molecules and Diseases",NA,1079-9796,2026-04-01,NA,els2026jisc
Blood Reviews,NA,0268-960X,2026-04-01,NA,els2026jisc
Body Image,NA,1740-1445,2026-04-01,NA,els2026jisc
Bone,NA,8756-3282,2026-04-01,NA,els2026jisc
Brachytherapy,NA,1538-4721,2026-04-01,NA,els2026jisc
Brain & Development,NA,0387-7604,2026-04-01,NA,els2026jisc
Brain and Cognition,NA,0278-2626,2026-04-01,NA,els2026jisc
Brain and Language,NA,0093-934X,2026-04-01,NA,els2026jisc
Brain Mechanisms,NA,3050-6425,2026-04-01,NA,els2026jisc
Brain Research,NA,0006-8993,2026-04-01,NA,els2026jisc
"Brain, Behavior, and Immunity",NA,0889-1591,2026-04-01,NA,els2026jisc
Brazilian Journal of Physical Therapy,NA,1413-3555,2026-04-01,NA,els2026jisc
British Journal of Anaesthesia,NA,0007-0912,2026-04-01,NA,els2026jisc
British Journal of Oral and Maxillofacial Surgery,NA,0266-4356,2026-04-01,NA,els2026jisc
Building and Environment,NA,0360-1323,2026-04-01,NA,els2026jisc
Bulletin des Sciences Mathématiques,NA,0007-4497,2026-04-01,NA,els2026jisc
Bulletin du Cancer,NA,0007-4551,2026-04-01,NA,els2026jisc
Burns,NA,0305-4179,2026-04-01,NA,els2026jisc
Business Horizons,NA,0007-6813,2026-04-01,NA,els2026jisc
Cahiers de Nutrition et de Diététique,NA,0007-9960,2026-04-01,NA,els2026jisc
Calphad,NA,0364-5916,2026-04-01,NA,els2026jisc
Canadian Journal of Cardiology,NA,0828-282X,2026-04-01,NA,els2026jisc
Canadian Journal of Diabetes,NA,1499-2671,2026-04-01,NA,els2026jisc
Canadian Journal of Ophthalmology,NA,0008-4182,2026-04-01,NA,els2026jisc
Cancer Cell,NA,1535-6108,2026-04-01,NA,els2026jisc
Cancer Epidemiology,NA,1877-7821,2026-04-01,NA,els2026jisc
Cancer Genetics,NA,2210-7762,2026-04-01,NA,els2026jisc
Cancer Letters,NA,0304-3835,2026-04-01,NA,els2026jisc
Cancer Radiothérapie,NA,1278-3218,2026-04-01,NA,els2026jisc
Cancer Treatment Reviews,NA,0305-7372,2026-04-01,NA,els2026jisc
Carbohydrate Polymers,NA,0144-8617,2026-04-01,NA,els2026jisc
Carbohydrate Research,NA,0008-6215,2026-04-01,NA,els2026jisc
Carbon,NA,0008-6223,2026-04-01,NA,els2026jisc
Cardiovascular Pathology,NA,1054-8807,2026-04-01,NA,els2026jisc
Cardiovascular Revascularization Medicine,NA,1553-8389,2026-04-01,NA,els2026jisc
Case Studies on Transport Policy,NA,2213-624X,2026-04-01,NA,els2026jisc
Catalysis Today,NA,0920-5861,2026-04-01,NA,els2026jisc
CATENA,NA,0341-8162,2026-04-01,NA,els2026jisc
Cell,NA,0092-8674,2026-04-01,NA,els2026jisc
Cell Biomaterials,NA,3050-5623,2026-04-01,NA,els2026jisc
Cell Calcium,NA,0143-4160,2026-04-01,NA,els2026jisc
Cell Chemical Biology,NA,2451-9456,2026-04-01,NA,els2026jisc
Cell Host & Microbe,NA,1931-3128,2026-04-01,NA,els2026jisc
Cell Metabolism,NA,1550-4131,2026-04-01,NA,els2026jisc
Cell Stem Cell,NA,1934-5909,2026-04-01,NA,els2026jisc
Cell Systems,NA,2405-4712,2026-04-01,NA,els2026jisc
Cells & Development,NA,2667-2901,2026-04-01,NA,els2026jisc
Cellular Immunology,NA,0008-8749,2026-04-01,NA,els2026jisc
Cellular Signalling,NA,0898-6568,2026-04-01,NA,els2026jisc
Cement and Concrete Composites,NA,0958-9465,2026-04-01,NA,els2026jisc
Cement and Concrete Research,NA,0008-8846,2026-04-01,NA,els2026jisc
Ceramics International,NA,0272-8842,2026-04-01,NA,els2026jisc
"Chaos, Solitons & Fractals",NA,0960-0779,2026-04-01,NA,els2026jisc
Chem,NA,2451-9294,2026-04-01,NA,els2026jisc
Chem Catalysis,NA,2667-1093,2026-04-01,NA,els2026jisc
Chem Circularity,NA,3051-2948,2026-04-01,NA,els2026jisc
Chemical Data Collections,NA,2405-8300,2026-04-01,NA,els2026jisc
Chemical Engineering and Processing - Process Intensification,NA,0255-2701,2026-04-01,NA,els2026jisc
Chemical Engineering Journal,NA,1385-8947,2026-04-01,NA,els2026jisc
Chemical Engineering Research and Design,NA,0263-8762,2026-04-01,NA,els2026jisc
Chemical Engineering Science,NA,0009-2509,2026-04-01,NA,els2026jisc
Chemical Geology,NA,0009-2541,2026-04-01,NA,els2026jisc
Chemical Physics,NA,0301-0104,2026-04-01,NA,els2026jisc
Chemical Physics Letters,NA,0009-2614,2026-04-01,NA,els2026jisc
Chemico-Biological Interactions,NA,0009-2797,2026-04-01,NA,els2026jisc
Chemistry and Physics of Lipids,NA,0009-3084,2026-04-01,NA,els2026jisc
Chemometrics and Intelligent Laboratory Systems,NA,0169-7439,2026-04-01,NA,els2026jisc
Chemosphere,NA,0045-6535,2026-04-01,NA,els2026jisc
CHEST,NA,0012-3692,2026-04-01,NA,els2026jisc
Child Abuse & Neglect,NA,0145-2134,2026-04-01,NA,els2026jisc
Children and Youth Services Review,NA,0190-7409,2026-04-01,NA,els2026jisc
China Economic Review,NA,1043-951X,2026-04-01,NA,els2026jisc
Chinese Journal of Chemical Engineering,NA,1004-9541,2026-04-01,NA,els2026jisc
Chinese Journal of Physics,NA,0577-9073,2026-04-01,NA,els2026jisc
Chinese Journal of Structural Chemistry,NA,0254-5861,2026-04-01,NA,els2026jisc
CIRP Annals,NA,0007-8506,2026-04-01,NA,els2026jisc
CIRP Journal of Manufacturing Science and Technology,NA,1755-5817,2026-04-01,NA,els2026jisc
Cirugía Española,NA,0009-739X,2026-04-01,NA,els2026jisc
Cirugía Española (English edition),NA,2173-5077,2026-04-01,NA,els2026jisc
Cities,NA,0264-2751,2026-04-01,NA,els2026jisc
"City, Culture and Society",NA,1877-9166,2026-04-01,NA,els2026jisc
Clinica Chimica Acta,NA,0009-8981,2026-04-01,NA,els2026jisc
Clínica e Investigación en Arteriosclerosis,NA,0214-9168,2026-04-01,NA,els2026jisc
Clínica e Investigación en Arteriosclerosis (English Edition),NA,2529-9123,2026-04-01,NA,els2026jisc
Clínica e Investigación en Ginecología y Obstetricia,NA,0210-573X,2026-04-01,NA,els2026jisc
Clinical Biochemistry,NA,0009-9120,2026-04-01,NA,els2026jisc
Clinical Biomechanics,NA,0268-0033,2026-04-01,NA,els2026jisc
Clinical Breast Cancer,NA,1526-8209,2026-04-01,NA,els2026jisc
Clinical Colorectal Cancer,NA,1533-0028,2026-04-01,NA,els2026jisc
Clinical Gastroenterology and Hepatology,NA,1542-3565,2026-04-01,NA,els2026jisc
Clinical Genitourinary Cancer,NA,1558-7673,2026-04-01,NA,els2026jisc
Clinical Imaging,NA,0899-7071,2026-04-01,NA,els2026jisc
Clinical Immunology,NA,1521-6616,2026-04-01,NA,els2026jisc
Clinical Lung Cancer,NA,1525-7304,2026-04-01,NA,els2026jisc
"Clinical Lymphoma, Myeloma & Leukemia",NA,2152-2650,2026-04-01,NA,els2026jisc
Clinical Microbiology and Infection,NA,1198-743X,2026-04-01,NA,els2026jisc
Clinical Microbiology Newsletter,NA,0196-4399,2026-04-01,NA,els2026jisc
Clinical Neurology and Neurosurgery,NA,0303-8467,2026-04-01,NA,els2026jisc
Clinical Neurophysiology,NA,1388-2457,2026-04-01,NA,els2026jisc
Clinical Nutrition,NA,0261-5614,2026-04-01,NA,els2026jisc
Clinical Nutrition ESPEN,NA,2405-4577,2026-04-01,NA,els2026jisc
Clinical Oncology,NA,0936-6555,2026-04-01,NA,els2026jisc
Clinical Psychology Review,NA,0272-7358,2026-04-01,NA,els2026jisc
Clinical Radiology,NA,0009-9260,2026-04-01,NA,els2026jisc
Clinical Simulation in Nursing,NA,1876-1399,2026-04-01,NA,els2026jisc
Clinical Therapeutics,NA,0149-2918,2026-04-01,NA,els2026jisc
Clinics and Research in Hepatology and Gastroenterology,NA,2210-7401,2026-04-01,NA,els2026jisc
Clinics in Dermatology,NA,0738-081X,2026-04-01,NA,els2026jisc
Coastal Engineering,NA,0378-3839,2026-04-01,NA,els2026jisc
Cognition,NA,0010-0277,2026-04-01,NA,els2026jisc
Cognitive and Behavioral Practice,NA,1077-7229,2026-04-01,NA,els2026jisc
Cognitive Development,NA,0885-2014,2026-04-01,NA,els2026jisc
Cognitive Psychology,NA,0010-0285,2026-04-01,NA,els2026jisc
Cognitive Systems Research,NA,1389-0417,2026-04-01,NA,els2026jisc
Cold Regions Science and Technology,NA,0165-232X,2026-04-01,NA,els2026jisc
Collegian,NA,1322-7696,2026-04-01,NA,els2026jisc
Colloids and Surfaces A: Physicochemical and Engineering Aspects,NA,0927-7757,2026-04-01,NA,els2026jisc
Colloids and Surfaces B: Biointerfaces,NA,0927-7765,2026-04-01,NA,els2026jisc
Colloids and Surfaces C: Environmental Aspects,NA,2949-7590,2026-04-01,NA,els2026jisc
Combustion and Flame,NA,0010-2180,2026-04-01,NA,els2026jisc
Communications in Nonlinear Science and Numerical Simulation,NA,1007-5704,2026-04-01,NA,els2026jisc
Comparative Biochemistry and Physiology - Part A: Molecular & Integrative Physiology,NA,1095-6433,2026-04-01,NA,els2026jisc
Comparative Biochemistry and Physiology - Part B: Biochemistry & Molecular Biology,NA,1096-4959,2026-04-01,NA,els2026jisc
Comparative Biochemistry and Physiology - Part C: Toxicology & Pharmacology,NA,1532-0456,2026-04-01,NA,els2026jisc
Comparative Biochemistry and Physiology - Part D: Genomics and Proteomics,NA,1744-117X,2026-04-01,NA,els2026jisc
"Comparative Immunology, Microbiology & Infectious Diseases",NA,0147-9571,2026-04-01,NA,els2026jisc
Complementary Therapies in Clinical Practice,NA,1744-3881,2026-04-01,NA,els2026jisc
Composite Structures,NA,0263-8223,2026-04-01,NA,els2026jisc
Composites Communications,NA,2452-2139,2026-04-01,NA,els2026jisc
Composites Part A: Applied Science and Manufacturing,NA,1359-835X,2026-04-01,NA,els2026jisc
Composites Part B: Engineering,NA,1359-8368,2026-04-01,NA,els2026jisc
Composites Science and Technology,NA,0266-3538,2026-04-01,NA,els2026jisc
Computational and Theoretical Chemistry,NA,2210-271X,2026-04-01,NA,els2026jisc
Computational Biology and Chemistry,NA,1476-9271,2026-04-01,NA,els2026jisc
Computational Condensed Matter,NA,2352-2143,2026-04-01,NA,els2026jisc
Computational Geometry,NA,0925-7721,2026-04-01,NA,els2026jisc
Computational Materials Science,NA,0927-0256,2026-04-01,NA,els2026jisc
Computational Statistics & Data Analysis,NA,0167-9473,2026-04-01,NA,els2026jisc
Computational Toxicology,NA,2468-1113,2026-04-01,NA,els2026jisc
Computer Aided Geometric Design,NA,0167-8396,2026-04-01,NA,els2026jisc
Computer Communications,NA,0140-3664,2026-04-01,NA,els2026jisc
Computer Law & Security Review,NA,2212-473X,2026-04-01,NA,els2026jisc
Computer Methods and Programs in Biomedicine,NA,0169-2607,2026-04-01,NA,els2026jisc
Computer Methods in Applied Mechanics and Engineering,NA,0045-7825,2026-04-01,NA,els2026jisc
Computer Networks,NA,1389-1286,2026-04-01,NA,els2026jisc
Computer Physics Communications,NA,0010-4655,2026-04-01,NA,els2026jisc
Computer Science Review,NA,1574-0137,2026-04-01,NA,els2026jisc
Computer Speech and Language,NA,0885-2308,2026-04-01,NA,els2026jisc
Computer Standards & Interfaces,NA,0920-5489,2026-04-01,NA,els2026jisc
Computer Vision and Image Understanding,NA,1077-3142,2026-04-01,NA,els2026jisc
Computer-Aided Design,NA,0010-4485,2026-04-01,NA,els2026jisc
Computerized Medical Imaging and Graphics,NA,0895-6111,2026-04-01,NA,els2026jisc
Computers & Chemical Engineering,NA,0098-1354,2026-04-01,NA,els2026jisc
Computers & Education,NA,0360-1315,2026-04-01,NA,els2026jisc
Computers & Electrical Engineering,NA,0045-7906,2026-04-01,NA,els2026jisc
Computers & Fluids,NA,0045-7930,2026-04-01,NA,els2026jisc
Computers & Geosciences,NA,0098-3004,2026-04-01,NA,els2026jisc
Computers & Graphics,NA,0097-8493,2026-04-01,NA,els2026jisc
Computers & Industrial Engineering,NA,0360-8352,2026-04-01,NA,els2026jisc
Computers & Mathematics with Applications,NA,0898-1221,2026-04-01,NA,els2026jisc
Computers & Operations Research,NA,0305-0548,2026-04-01,NA,els2026jisc
Computers & Security,NA,0167-4048,2026-04-01,NA,els2026jisc
Computers & Structures,NA,0045-7949,2026-04-01,NA,els2026jisc
Computers and Composition,NA,8755-4615,2026-04-01,NA,els2026jisc
Computers and Electronics in Agriculture,NA,0168-1699,2026-04-01,NA,els2026jisc
Computers and Geotechnics,NA,0266-352X,2026-04-01,NA,els2026jisc
Computers in Biology and Medicine,NA,0010-4825,2026-04-01,NA,els2026jisc
Computers in Human Behavior,NA,0747-5632,2026-04-01,NA,els2026jisc
Computers in Industry,NA,0166-3615,2026-04-01,NA,els2026jisc
"Computers, Environment and Urban Systems",NA,0198-9715,2026-04-01,NA,els2026jisc
Consciousness and Cognition,NA,1053-8100,2026-04-01,NA,els2026jisc
Construction and Building Materials,NA,0950-0618,2026-04-01,NA,els2026jisc
Contact Lens & Anterior Eye,NA,1367-0484,2026-04-01,NA,els2026jisc
Contemporary Clinical Trials,NA,1551-7144,2026-04-01,NA,els2026jisc
Contemporary Educational Psychology,NA,0361-476X,2026-04-01,NA,els2026jisc
Continental Shelf Research,NA,0278-4343,2026-04-01,NA,els2026jisc
Contraception,NA,0010-7824,2026-04-01,NA,els2026jisc
Control Engineering Practice,NA,0967-0661,2026-04-01,NA,els2026jisc
Coordination Chemistry Reviews,NA,0010-8545,2026-04-01,NA,els2026jisc
Corrosion Science,NA,0010-938X,2026-04-01,NA,els2026jisc
Cortex,NA,0010-9452,2026-04-01,NA,els2026jisc
Cretaceous Research,NA,0195-6671,2026-04-01,NA,els2026jisc
Critical Perspectives on Accounting,NA,1045-2354,2026-04-01,NA,els2026jisc
Critical Reviews in Oncology/Hematology,NA,1040-8428,2026-04-01,NA,els2026jisc
Crop Protection,NA,0261-2194,2026-04-01,NA,els2026jisc
Cryobiology,NA,0011-2240,2026-04-01,NA,els2026jisc
Cryogenics,NA,0011-2275,2026-04-01,NA,els2026jisc
Current Applied Physics,NA,1567-1739,2026-04-01,NA,els2026jisc
Current Biology,NA,0960-9822,2026-04-01,NA,els2026jisc
Current Opinion in Behavioral Sciences,NA,2352-1546,2026-04-01,NA,els2026jisc
Current Opinion in Biomedical Engineering,NA,2468-4511,2026-04-01,NA,els2026jisc
Current Opinion in Biotechnology,NA,0958-1669,2026-04-01,NA,els2026jisc
Current Opinion in Cell Biology,NA,0955-0674,2026-04-01,NA,els2026jisc
Current Opinion in Chemical Biology,NA,1367-5931,2026-04-01,NA,els2026jisc
Current Opinion in Chemical Engineering,NA,2211-3398,2026-04-01,NA,els2026jisc
Current Opinion in Colloid & Interface Science,NA,1359-0294,2026-04-01,NA,els2026jisc
Current Opinion in Electrochemistry,NA,2451-9103,2026-04-01,NA,els2026jisc
Current Opinion in Endocrine and Metabolic Research,NA,2451-9650,2026-04-01,NA,els2026jisc
Current Opinion in Environmental Science & Health,NA,2468-5844,2026-04-01,NA,els2026jisc
Current Opinion in Environmental Sustainability,NA,1877-3435,2026-04-01,NA,els2026jisc
Current Opinion in Food Science,NA,2214-7993,2026-04-01,NA,els2026jisc
Current Opinion in Genetics & Development,NA,0959-437X,2026-04-01,NA,els2026jisc
Current Opinion in Green and Sustainable Chemistry,NA,2452-2236,2026-04-01,NA,els2026jisc
Current Opinion in Immunology,NA,0952-7915,2026-04-01,NA,els2026jisc
Current Opinion in Insect Science,NA,2214-5745,2026-04-01,NA,els2026jisc
Current Opinion in Microbiology,NA,1369-5274,2026-04-01,NA,els2026jisc
Current Opinion in Neurobiology,NA,0959-4388,2026-04-01,NA,els2026jisc
Current Opinion in Pharmacology,NA,1471-4892,2026-04-01,NA,els2026jisc
Current Opinion in Physiology,NA,2468-8673,2026-04-01,NA,els2026jisc
Current Opinion in Plant Biology,NA,1369-5266,2026-04-01,NA,els2026jisc
Current Opinion in Psychology,NA,2352-250X,2026-04-01,NA,els2026jisc
Current Opinion in Solid State & Materials Science,NA,1359-0286,2026-04-01,NA,els2026jisc
Current Opinion in Structural Biology,NA,0959-440X,2026-04-01,NA,els2026jisc
Current Opinion in Systems Biology,NA,2452-3100,2026-04-01,NA,els2026jisc
Current Opinion in Toxicology,NA,2468-2020,2026-04-01,NA,els2026jisc
Current Opinion in Virology,NA,1879-6257,2026-04-01,NA,els2026jisc
Current Problems in Cancer,NA,0147-0272,2026-04-01,NA,els2026jisc
Current Problems in Cardiology,NA,0146-2806,2026-04-01,NA,els2026jisc
Current Problems in Diagnostic Radiology,NA,0363-0188,2026-04-01,NA,els2026jisc
Current Problems in Pediatric and Adolescent Health Care,NA,1538-5442,2026-04-01,NA,els2026jisc
Current Research in Translational Medicine,NA,2452-3186,2026-04-01,NA,els2026jisc
Currents in Pharmacy Teaching and Learning,NA,1877-1297,2026-04-01,NA,els2026jisc
Cytokine,NA,1043-4666,2026-04-01,NA,els2026jisc
Cytokine & Growth Factor Reviews,NA,1359-6101,2026-04-01,NA,els2026jisc
Cytotherapy,NA,1465-3249,2026-04-01,NA,els2026jisc
Data & Knowledge Engineering,NA,0169-023X,2026-04-01,NA,els2026jisc
Decision Support Systems,NA,0167-9236,2026-04-01,NA,els2026jisc
Deep-Sea Research Part I: Oceanographic Research Papers,NA,0967-0637,2026-04-01,NA,els2026jisc
Deep-Sea Research Part II: Topical Studies in Oceanography,NA,0967-0645,2026-04-01,NA,els2026jisc
Dendrochronologia,NA,1125-7865,2026-04-01,NA,els2026jisc
Dental Materials,NA,0109-5641,2026-04-01,NA,els2026jisc
Desalination,NA,0011-9164,2026-04-01,NA,els2026jisc
Design Studies,NA,0142-694X,2026-04-01,NA,els2026jisc
Development and Sustainability in Economics and Finance,NA,2950-5240,2026-04-01,NA,els2026jisc
Developmental & Comparative Immunology,NA,0145-305X,2026-04-01,NA,els2026jisc
Developmental Biology,NA,0012-1606,2026-04-01,NA,els2026jisc
Developmental Cell,NA,1534-5807,2026-04-01,NA,els2026jisc
Developmental Review,NA,0273-2297,2026-04-01,NA,els2026jisc
Device,NA,2666-9986,2026-04-01,NA,els2026jisc
Diabetes & Metabolic Syndrome: Clinical Research & Reviews,NA,1871-4021,2026-04-01,NA,els2026jisc
Diabetes & Metabolism,NA,1262-3636,2026-04-01,NA,els2026jisc
Diabetes Research and Clinical Practice,NA,0168-8227,2026-04-01,NA,els2026jisc
Diagnostic and Interventional Imaging,NA,2211-5684,2026-04-01,NA,els2026jisc
Diagnostic Microbiology and Infectious Disease,NA,0732-8893,2026-04-01,NA,els2026jisc
Diamond and Related Materials,NA,0925-9635,2026-04-01,NA,els2026jisc
Differential Geometry and its Applications,NA,0926-2245,2026-04-01,NA,els2026jisc
Differentiation,NA,0301-4681,2026-04-01,NA,els2026jisc
Digital Applications in Archaeology and Cultural Heritage,NA,2212-0548,2026-04-01,NA,els2026jisc
Digital Signal Processing,NA,1051-2004,2026-04-01,NA,els2026jisc
Disability and Health Journal,NA,1936-6574,2026-04-01,NA,els2026jisc
"Discourse, Context & Media",NA,2211-6958,2026-04-01,NA,els2026jisc
Discrete Applied Mathematics,NA,0166-218X,2026-04-01,NA,els2026jisc
Discrete Mathematics,NA,0012-365X,2026-04-01,NA,els2026jisc
Discrete Optimization,NA,1572-5286,2026-04-01,NA,els2026jisc
Disease-A-Month,NA,0011-5029,2026-04-01,NA,els2026jisc
Displays,NA,0141-9382,2026-04-01,NA,els2026jisc
DNA Repair,NA,1568-7864,2026-04-01,NA,els2026jisc
Domestic Animal Endocrinology,NA,0739-7240,2026-04-01,NA,els2026jisc
Douleurs,NA,1624-5687,2026-04-01,NA,els2026jisc
Drug and Alcohol Dependence,NA,0376-8716,2026-04-01,NA,els2026jisc
Drug Discovery Today,NA,1359-6446,2026-04-01,NA,els2026jisc
Drug Metabolism and Disposition,NA,0090-9556,2026-04-01,NA,els2026jisc
Drug Metabolism and Pharmacokinetics,NA,1347-4367,2026-04-01,NA,els2026jisc
Drug Resistance Updates,NA,1368-7646,2026-04-01,NA,els2026jisc
Dyes and Pigments,NA,0143-7208,2026-04-01,NA,els2026jisc
Dynamics of Atmospheres and Oceans,NA,0377-0265,2026-04-01,NA,els2026jisc
Early Childhood Research Quarterly,NA,0885-2006,2026-04-01,NA,els2026jisc
Early Human Development,NA,0378-3782,2026-04-01,NA,els2026jisc
Earth and Planetary Science Letters,NA,0012-821X,2026-04-01,NA,els2026jisc
Earth-Science Reviews,NA,0012-8252,2026-04-01,NA,els2026jisc
Eating Behaviors,NA,1471-0153,2026-04-01,NA,els2026jisc
Ecohydrology & Hydrobiology,NA,1642-3593,2026-04-01,NA,els2026jisc
Ecological Complexity,NA,1476-945X,2026-04-01,NA,els2026jisc
Ecological Economics,NA,0921-8009,2026-04-01,NA,els2026jisc
Ecological Engineering,NA,0925-8574,2026-04-01,NA,els2026jisc
Ecological Frontiers,NA,2950-5097,2026-04-01,NA,els2026jisc
Ecological Genetics and Genomics,NA,2405-9854,2026-04-01,NA,els2026jisc
Ecological Modelling,NA,0304-3800,2026-04-01,NA,els2026jisc
Econometrics and Statistics,NA,2452-3062,2026-04-01,NA,els2026jisc
Economic Analysis and Policy,NA,0313-5926,2026-04-01,NA,els2026jisc
Economic Modelling,NA,0264-9993,2026-04-01,NA,els2026jisc
Economic Systems,NA,0939-3625,2026-04-01,NA,els2026jisc
Economics & Human Biology,NA,1570-677X,2026-04-01,NA,els2026jisc
Economics Letters,NA,0165-1765,2026-04-01,NA,els2026jisc
Economics of Education Review,NA,0272-7757,2026-04-01,NA,els2026jisc
Economics of Transportation,NA,2212-0122,2026-04-01,NA,els2026jisc
Ecosystem Services,NA,2212-0416,2026-04-01,NA,els2026jisc
Education for Chemical Engineers,NA,1749-7728,2026-04-01,NA,els2026jisc
Educational Research Review,NA,1747-938X,2026-04-01,NA,els2026jisc
Electoral Studies,NA,0261-3794,2026-04-01,NA,els2026jisc
Electric Power Systems Research,NA,0378-7796,2026-04-01,NA,els2026jisc
Electrochimica Acta,NA,0013-4686,2026-04-01,NA,els2026jisc
Electronic Commerce Research and Applications,NA,1567-4223,2026-04-01,NA,els2026jisc
Emerging Markets Review,NA,1566-0141,2026-04-01,NA,els2026jisc
"Emotion, Space and Society",NA,1755-4586,2026-04-01,NA,els2026jisc
Endeavour,NA,0160-9327,2026-04-01,NA,els2026jisc
Endocrine Practice,NA,1530-891X,2026-04-01,NA,els2026jisc
"Endocrinología, Diabetes y Nutrición",NA,2530-0164,2026-04-01,NA,els2026jisc
"Endocrinología, Diabetes y Nutrición (English Edition)",NA,2530-0180,2026-04-01,NA,els2026jisc
Energy,NA,0360-5442,2026-04-01,NA,els2026jisc
Energy 360,NA,2950-4872,2026-04-01,NA,els2026jisc
Energy and Buildings,NA,0378-7788,2026-04-01,NA,els2026jisc
Energy and Climate Change,NA,2666-2787,2026-04-01,NA,els2026jisc
Energy Conversion and Management,NA,0196-8904,2026-04-01,NA,els2026jisc
Energy Economics,NA,0140-9883,2026-04-01,NA,els2026jisc
Energy for Sustainable Development,NA,0973-0826,2026-04-01,NA,els2026jisc
Energy Policy,NA,0301-4215,2026-04-01,NA,els2026jisc
Energy Research & Social Science,NA,2214-6296,2026-04-01,NA,els2026jisc
Energy Storage Materials,NA,2405-8297,2026-04-01,NA,els2026jisc
EnergyChem,NA,2589-7780,2026-04-01,NA,els2026jisc
Enfermedades Infecciosas y Microbiología Clínica,NA,0213-005X,2026-04-01,NA,els2026jisc
Enfermedades Infecciosas y Microbiología Clínica (English Edition),NA,2529-993X,2026-04-01,NA,els2026jisc
Enfermería Clínica,NA,1130-8621,2026-04-01,NA,els2026jisc
Enfermería Clínica (English Edition),NA,2445-1479,2026-04-01,NA,els2026jisc
Enfermería intensiva,NA,1130-2399,2026-04-01,NA,els2026jisc
Enfermería Intensiva (English Edition),NA,2529-9840,2026-04-01,NA,els2026jisc
Engineering Analysis with Boundary Elements,NA,0955-7997,2026-04-01,NA,els2026jisc
Engineering Applications of Artificial Intelligence,NA,0952-1976,2026-04-01,NA,els2026jisc
Engineering Failure Analysis,NA,1350-6307,2026-04-01,NA,els2026jisc
Engineering Fracture Mechanics,NA,0013-7944,2026-04-01,NA,els2026jisc
Engineering Geology,NA,0013-7952,2026-04-01,NA,els2026jisc
Engineering Structures,NA,0141-0296,2026-04-01,NA,els2026jisc
English for Specific Purposes,NA,0889-4906,2026-04-01,NA,els2026jisc
Entertainment Computing,NA,1875-9521,2026-04-01,NA,els2026jisc
Environmental Development,NA,2211-4645,2026-04-01,NA,els2026jisc
Environmental Impact Assessment Review,NA,0195-9255,2026-04-01,NA,els2026jisc
Environmental Innovation and Societal Transitions,NA,2210-4224,2026-04-01,NA,els2026jisc
Environmental Modelling & Software,NA,1364-8152,2026-04-01,NA,els2026jisc
"Environmental Nanotechnology, Monitoring and Management",NA,2215-1532,2026-04-01,NA,els2026jisc
Environmental Pollution,NA,0269-7491,2026-04-01,NA,els2026jisc
Environmental Research,NA,0013-9351,2026-04-01,NA,els2026jisc
Environmental Science & Policy,NA,1462-9011,2026-04-01,NA,els2026jisc
Environmental Toxicology and Pharmacology,NA,1382-6689,2026-04-01,NA,els2026jisc
Enzyme and Microbial Technology,NA,0141-0229,2026-04-01,NA,els2026jisc
Epilepsy & Behavior,NA,1525-5050,2026-04-01,NA,els2026jisc
Epilepsy Research,NA,0920-1211,2026-04-01,NA,els2026jisc
"Estuarine, Coastal and Shelf Science",NA,0272-7714,2026-04-01,NA,els2026jisc
"Ethics, Medicine & Public Health",NA,2352-5525,2026-04-01,NA,els2026jisc
Éthique & Santé,NA,1765-4629,2026-04-01,NA,els2026jisc
eTransportation,NA,2590-1168,2026-04-01,NA,els2026jisc
"European Annals of Otorhinolaryngology, Head and Neck Diseases",NA,1879-7296,2026-04-01,NA,els2026jisc
European Economic Review,NA,0014-2921,2026-04-01,NA,els2026jisc
European Journal of Agronomy,NA,1161-0301,2026-04-01,NA,els2026jisc
European Journal of Cancer,NA,0959-8049,2026-04-01,NA,els2026jisc
European Journal of Combinatorics,NA,0195-6698,2026-04-01,NA,els2026jisc
European Journal of Control,NA,0947-3580,2026-04-01,NA,els2026jisc
European Journal of Integrative Medicine,NA,1876-3820,2026-04-01,NA,els2026jisc
European Journal of Internal Medicine,NA,0953-6205,2026-04-01,NA,els2026jisc
European Journal of Mechanics - A/Solids,NA,0997-7538,2026-04-01,NA,els2026jisc
European Journal of Mechanics - B/Fluids,NA,0997-7546,2026-04-01,NA,els2026jisc
European Journal of Medicinal Chemistry,NA,0223-5234,2026-04-01,NA,els2026jisc
European Journal of Obstetrics & Gynecology and Reproductive Biology,NA,0301-2115,2026-04-01,NA,els2026jisc
European Journal of Oncology Nursing,NA,1462-3889,2026-04-01,NA,els2026jisc
European Journal of Operational Research,NA,0377-2217,2026-04-01,NA,els2026jisc
European Journal of Paediatric Neurology,NA,1090-3798,2026-04-01,NA,els2026jisc
European Journal of Pharmaceutics and Biopharmaceutics,NA,0939-6411,2026-04-01,NA,els2026jisc
European Journal of Pharmacology,NA,0014-2999,2026-04-01,NA,els2026jisc
European Journal of Political Economy,NA,0176-2680,2026-04-01,NA,els2026jisc
European Journal of Protistology,NA,0932-4739,2026-04-01,NA,els2026jisc
European Journal of Radiology,NA,0720-048X,2026-04-01,NA,els2026jisc
European Journal of Soil Biology,NA,1164-5563,2026-04-01,NA,els2026jisc
European Journal of Surgical Oncology,NA,0748-7983,2026-04-01,NA,els2026jisc
European Journal of Trauma & Dissociation,NA,2468-7499,2026-04-01,NA,els2026jisc
European Journal of Vascular and Endovascular Surgery,NA,1078-5884,2026-04-01,NA,els2026jisc
European Management Journal,NA,0263-2373,2026-04-01,NA,els2026jisc
European Neuropsychopharmacology,NA,0924-977X,2026-04-01,NA,els2026jisc
European Polymer Journal,NA,0014-3057,2026-04-01,NA,els2026jisc
European Review of Applied Psychology,NA,1162-9088,2026-04-01,NA,els2026jisc
European Urology,NA,0302-2838,2026-04-01,NA,els2026jisc
European Urology Focus,NA,2405-4569,2026-04-01,NA,els2026jisc
European Urology Oncology,NA,2588-9311,2026-04-01,NA,els2026jisc
Evaluation and Program Planning,NA,0149-7189,2026-04-01,NA,els2026jisc
Evolution and Human Behavior,NA,1090-5138,2026-04-01,NA,els2026jisc
Experimental Cell Research,NA,0014-4827,2026-04-01,NA,els2026jisc
Experimental Eye Research,NA,0014-4835,2026-04-01,NA,els2026jisc
Experimental Hematology,NA,0301-472X,2026-04-01,NA,els2026jisc
Experimental Neurology,NA,0014-4886,2026-04-01,NA,els2026jisc
Experimental Parasitology,NA,0014-4894,2026-04-01,NA,els2026jisc
Experimental Thermal and Fluid Science,NA,0894-1777,2026-04-01,NA,els2026jisc
Expert Systems with Applications,NA,0957-4174,2026-04-01,NA,els2026jisc
Explorations in Economic History,NA,0014-4983,2026-04-01,NA,els2026jisc
EXPLORE,NA,1550-8307,2026-04-01,NA,els2026jisc
Expositiones Mathematicae,NA,0723-0869,2026-04-01,NA,els2026jisc
Extreme Mechanics Letters,NA,2352-4316,2026-04-01,NA,els2026jisc
F&S Reviews,NA,2666-5719,2026-04-01,NA,els2026jisc
F&S Science,NA,2666-335X,2026-04-01,NA,els2026jisc
Fertility and Sterility,NA,0015-0282,2026-04-01,NA,els2026jisc
Field Crops Research,NA,0378-4290,2026-04-01,NA,els2026jisc
Finance Research Letters,NA,1544-6123,2026-04-01,NA,els2026jisc
Finite Elements in Analysis and Design,NA,0168-874X,2026-04-01,NA,els2026jisc
Finite Fields and Their Applications,NA,1071-5797,2026-04-01,NA,els2026jisc
Fire Safety Journal,NA,0379-7112,2026-04-01,NA,els2026jisc
Fish & Shellfish Immunology,NA,1050-4648,2026-04-01,NA,els2026jisc
Fisheries Research,NA,0165-7836,2026-04-01,NA,els2026jisc
Fisioterapia,NA,0211-5638,2026-04-01,NA,els2026jisc
Fitoterapia,NA,0367-326X,2026-04-01,NA,els2026jisc
FlatChem,NA,2452-2627,2026-04-01,NA,els2026jisc
Flora,NA,0367-2530,2026-04-01,NA,els2026jisc
Flow Measurement and Instrumentation,NA,0955-5986,2026-04-01,NA,els2026jisc
Fluid Phase Equilibria,NA,0378-3812,2026-04-01,NA,els2026jisc
Food and Bioproducts Processing,NA,0960-3085,2026-04-01,NA,els2026jisc
Food and Chemical Toxicology,NA,0278-6915,2026-04-01,NA,els2026jisc
Food and Humanity,NA,2949-8244,2026-04-01,NA,els2026jisc
Food Bioscience,NA,2212-4292,2026-04-01,NA,els2026jisc
Food Chemistry,NA,0308-8146,2026-04-01,NA,els2026jisc
Food Control,NA,0956-7135,2026-04-01,NA,els2026jisc
Food Hydrocolloids,NA,0268-005X,2026-04-01,NA,els2026jisc
Food Microbiology,NA,0740-0020,2026-04-01,NA,els2026jisc
Food Packaging and Shelf Life,NA,2214-2894,2026-04-01,NA,els2026jisc
Food Policy,NA,0306-9192,2026-04-01,NA,els2026jisc
Food Quality and Preference,NA,0950-3293,2026-04-01,NA,els2026jisc
Food Research International,NA,0963-9969,2026-04-01,NA,els2026jisc
Food Structure,NA,2213-3291,2026-04-01,NA,els2026jisc
Food Webs,NA,2352-2496,2026-04-01,NA,els2026jisc
Foot and Ankle Surgery,NA,1268-7731,2026-04-01,NA,els2026jisc
Football Studies,NA,3051-2689,2026-04-01,NA,els2026jisc
Forensic Chemistry,NA,2468-1709,2026-04-01,NA,els2026jisc
Forensic Imaging,NA,2666-2256,2026-04-01,NA,els2026jisc
Forensic Science International,NA,0379-0738,2026-04-01,NA,els2026jisc
Forensic Science International: Digital Investigation,NA,2666-2817,2026-04-01,NA,els2026jisc
Forensic Science International: Genetics,NA,1872-4973,2026-04-01,NA,els2026jisc
Forensic Science International: Genetics Supplement Series,NA,1875-1768,2026-04-01,NA,els2026jisc
Forest Ecology and Management,NA,0378-1127,2026-04-01,NA,els2026jisc
Forest Policy and Economics,NA,1389-9341,2026-04-01,NA,els2026jisc
Free Radical Biology & Medicine,NA,0891-5849,2026-04-01,NA,els2026jisc
Frontiers in Neuroendocrinology,NA,0091-3022,2026-04-01,NA,els2026jisc
Fuel,NA,0016-2361,2026-04-01,NA,els2026jisc
Fungal Biology,NA,1878-6146,2026-04-01,NA,els2026jisc
Fungal Biology Reviews,NA,1749-4613,2026-04-01,NA,els2026jisc
Fungal Ecology,NA,1754-5048,2026-04-01,NA,els2026jisc
Fungal Genetics and Biology,NA,1087-1845,2026-04-01,NA,els2026jisc
Fusion Engineering and Design,NA,0920-3796,2026-04-01,NA,els2026jisc
Fuß & Sprunggelenk,NA,1619-9987,2026-04-01,NA,els2026jisc
Future Generation Computer Systems,NA,0167-739X,2026-04-01,NA,els2026jisc
Futures,NA,0016-3287,2026-04-01,NA,els2026jisc
Fuzzy Sets and Systems,NA,0165-0114,2026-04-01,NA,els2026jisc
Gait & Posture,NA,0966-6362,2026-04-01,NA,els2026jisc
Games and Economic Behavior,NA,0899-8256,2026-04-01,NA,els2026jisc
Gas Science and Engineering,NA,2949-9089,2026-04-01,NA,els2026jisc
Gastroenterología y Hepatología,NA,0210-5705,2026-04-01,NA,els2026jisc
Gastroenterología y Hepatología (English Edition),NA,2444-3824,2026-04-01,NA,els2026jisc
Gastroenterology,NA,0016-5085,2026-04-01,NA,els2026jisc
Gastrointestinal Endoscopy,NA,0016-5107,2026-04-01,NA,els2026jisc
Gene,NA,0378-1119,2026-04-01,NA,els2026jisc
Gene Expression Patterns,NA,1567-133X,2026-04-01,NA,els2026jisc
Gene Reports,NA,2452-0144,2026-04-01,NA,els2026jisc
General and Comparative Endocrinology,NA,0016-6480,2026-04-01,NA,els2026jisc
General Hospital Psychiatry,NA,0163-8343,2026-04-01,NA,els2026jisc
Genetics in Medicine,NA,1098-3600,2026-04-01,NA,els2026jisc
Geobios,NA,0016-6995,2026-04-01,NA,els2026jisc
Geochemistry,NA,0009-2819,2026-04-01,NA,els2026jisc
Geochimica et Cosmochimica Acta,NA,0016-7037,2026-04-01,NA,els2026jisc
Geoderma Regional,NA,2352-0094,2026-04-01,NA,els2026jisc
Geoenergy Science and Engineering,NA,2949-8910,2026-04-01,NA,els2026jisc
Geoforum,NA,0016-7185,2026-04-01,NA,els2026jisc
Geomechanics for Energy and the Environment,NA,2352-3808,2026-04-01,NA,els2026jisc
Geomorphology,NA,0169-555X,2026-04-01,NA,els2026jisc
Geotextiles and Geomembranes,NA,0266-1144,2026-04-01,NA,els2026jisc
Geothermics,NA,0375-6505,2026-04-01,NA,els2026jisc
Geriatric Nursing,NA,0197-4572,2026-04-01,NA,els2026jisc
Global and Planetary Change,NA,0921-8181,2026-04-01,NA,els2026jisc
Global Economics Research,NA,3050-8037,2026-04-01,NA,els2026jisc
Global Environmental Change,NA,0959-3780,2026-04-01,NA,els2026jisc
Global Finance Journal,NA,1044-0283,2026-04-01,NA,els2026jisc
Global Food Security,NA,2211-9124,2026-04-01,NA,els2026jisc
Gondwana Research,NA,1342-937X,2026-04-01,NA,els2026jisc
Government Information Quarterly,NA,0740-624X,2026-04-01,NA,els2026jisc
Groundwater for Sustainable Development,NA,2352-801X,2026-04-01,NA,els2026jisc
Growth Hormone & IGF Research,NA,1096-6374,2026-04-01,NA,els2026jisc
Gynecologic Oncology,NA,0090-8258,2026-04-01,NA,els2026jisc
Gynécologie Obstétrique Fertilité & Sénologie,NA,2468-7189,2026-04-01,NA,els2026jisc
Habitat International,NA,0197-3975,2026-04-01,NA,els2026jisc
Hand Surgery & Rehabilitation,NA,2468-1229,2026-04-01,NA,els2026jisc
Harmful Algae,NA,1568-9883,2026-04-01,NA,els2026jisc
Health & Place,NA,1353-8292,2026-04-01,NA,els2026jisc
Health Policy,NA,0168-8510,2026-04-01,NA,els2026jisc
Health Policy and Technology,NA,2211-8837,2026-04-01,NA,els2026jisc
Healthcare: The Journal of Delivery Science and Innovation,NA,2213-0764,2026-04-01,NA,els2026jisc
Hearing Research,NA,0378-5955,2026-04-01,NA,els2026jisc
Heart & Lung,NA,0147-9563,2026-04-01,NA,els2026jisc
Heart Rhythm,NA,1547-5271,2026-04-01,NA,els2026jisc
"Heart, Lung and Circulation",NA,1443-9506,2026-04-01,NA,els2026jisc
High Energy Density Physics,NA,1574-1818,2026-04-01,NA,els2026jisc
Hipertensión y Riesgo Vascular,NA,1889-1837,2026-04-01,NA,els2026jisc
Historia Mathematica,NA,0315-0860,2026-04-01,NA,els2026jisc
Hormones and Behavior,NA,0018-506X,2026-04-01,NA,els2026jisc
HPB,NA,1365-182X,2026-04-01,NA,els2026jisc
Human Gene,NA,2773-0441,2026-04-01,NA,els2026jisc
Human Immunology,NA,0198-8859,2026-04-01,NA,els2026jisc
Human Movement Science,NA,0167-9457,2026-04-01,NA,els2026jisc
Human Pathology,NA,0046-8177,2026-04-01,NA,els2026jisc
Human Resource Management Review,NA,1053-4822,2026-04-01,NA,els2026jisc
Hydrometallurgy,NA,0304-386X,2026-04-01,NA,els2026jisc
Icarus,NA,0019-1035,2026-04-01,NA,els2026jisc
IFAC Journal of Systems and Control,NA,2468-6018,2026-04-01,NA,els2026jisc
Image and Vision Computing,NA,0262-8856,2026-04-01,NA,els2026jisc
Imagerie de la Femme,NA,1776-9817,2026-04-01,NA,els2026jisc
Immunity,NA,1074-7613,2026-04-01,NA,els2026jisc
Immunology Letters,NA,0165-2478,2026-04-01,NA,els2026jisc
In Analysis,NA,2542-3606,2026-04-01,NA,els2026jisc
Indagationes Mathematicae,NA,0019-3577,2026-04-01,NA,els2026jisc
Indian Journal of Medical Microbiology,NA,0255-0857,2026-04-01,NA,els2026jisc
Industrial Marketing Management,NA,0019-8501,2026-04-01,NA,els2026jisc
Infant Behavior and Development,NA,0163-6383,2026-04-01,NA,els2026jisc
"Infection, Disease & Health",NA,2468-0451,2026-04-01,NA,els2026jisc
Infectious Diseases Now,NA,2666-9919,2026-04-01,NA,els2026jisc
Information & Management,NA,0378-7206,2026-04-01,NA,els2026jisc
Information and Computation,NA,0890-5401,2026-04-01,NA,els2026jisc
Information and Organization,NA,1471-7727,2026-04-01,NA,els2026jisc
Information and Software Technology,NA,0950-5849,2026-04-01,NA,els2026jisc
Information Economics and Policy,NA,0167-6245,2026-04-01,NA,els2026jisc
Information Fusion,NA,1566-2535,2026-04-01,NA,els2026jisc
Information Processing & Management,NA,0306-4573,2026-04-01,NA,els2026jisc
Information Processing Letters,NA,0020-0190,2026-04-01,NA,els2026jisc
Information Sciences,NA,0020-0255,2026-04-01,NA,els2026jisc
Information Systems,NA,0306-4379,2026-04-01,NA,els2026jisc
Infrared Physics & Technology,NA,1350-4495,2026-04-01,NA,els2026jisc
Injury,NA,0020-1383,2026-04-01,NA,els2026jisc
Innovative Food Science and Emerging Technologies,NA,1466-8564,2026-04-01,NA,els2026jisc
Inorganic Chemistry Communications,NA,1387-7003,2026-04-01,NA,els2026jisc
Inorganica Chimica Acta,NA,0020-1693,2026-04-01,NA,els2026jisc
Insect Biochemistry and Molecular Biology,NA,0965-1748,2026-04-01,NA,els2026jisc
Insurance: Mathematics and Economics,NA,0167-6687,2026-04-01,NA,els2026jisc
Integration,NA,0167-9260,2026-04-01,NA,els2026jisc
Intelligence,NA,0160-2896,2026-04-01,NA,els2026jisc
Intensive and Critical Care Nursing,NA,0964-3397,2026-04-01,NA,els2026jisc
Intermetallics,NA,0966-9795,2026-04-01,NA,els2026jisc
International Biodeterioration & Biodegradation,NA,0964-8305,2026-04-01,NA,els2026jisc
International Business Review,NA,0969-5931,2026-04-01,NA,els2026jisc
International Communications in Heat and Mass Transfer,NA,0735-1933,2026-04-01,NA,els2026jisc
International Dairy Journal,NA,0958-6946,2026-04-01,NA,els2026jisc
International Economics,NA,2110-7017,2026-04-01,NA,els2026jisc
International Emergency Nursing,NA,1755-599X,2026-04-01,NA,els2026jisc
International Immunopharmacology,NA,1567-5769,2026-04-01,NA,els2026jisc
International Journal for Parasitology,NA,0020-7519,2026-04-01,NA,els2026jisc
International Journal of Accounting Information Systems,NA,1467-0895,2026-04-01,NA,els2026jisc
International Journal of Adhesion and Adhesives,NA,0143-7496,2026-04-01,NA,els2026jisc
International Journal of Antimicrobial Agents,NA,0924-8579,2026-04-01,NA,els2026jisc
International Journal of Approximate Reasoning,NA,0888-613X,2026-04-01,NA,els2026jisc
International Journal of Biological Macromolecules,NA,0141-8130,2026-04-01,NA,els2026jisc
International Journal of Cardiology,NA,0167-5273,2026-04-01,NA,els2026jisc
International Journal of Child-Computer Interaction,NA,2212-8689,2026-04-01,NA,els2026jisc
International Journal of Coal Geology,NA,0166-5162,2026-04-01,NA,els2026jisc
International Journal of Critical Infrastructure Protection,NA,1874-5482,2026-04-01,NA,els2026jisc
International Journal of Drug Policy,NA,0955-3959,2026-04-01,NA,els2026jisc
International Journal of Educational Development,NA,0738-0593,2026-04-01,NA,els2026jisc
International Journal of Educational Research,NA,0883-0355,2026-04-01,NA,els2026jisc
International Journal of Engineering Science,NA,0020-7225,2026-04-01,NA,els2026jisc
International Journal of Fatigue,NA,0142-1123,2026-04-01,NA,els2026jisc
International Journal of Food Microbiology,NA,0168-1605,2026-04-01,NA,els2026jisc
International Journal of Forecasting,NA,0169-2070,2026-04-01,NA,els2026jisc
International Journal of Gastronomy and Food Science,NA,1878-450X,2026-04-01,NA,els2026jisc
International Journal of Greenhouse Gas Control,NA,1750-5836,2026-04-01,NA,els2026jisc
International Journal of Gynecological Cancer,NA,1048-891X,2026-04-01,NA,els2026jisc
International Journal of Heat and Fluid Flow,NA,0142-727X,2026-04-01,NA,els2026jisc
International Journal of Heat and Mass Transfer,NA,0017-9310,2026-04-01,NA,els2026jisc
International Journal of Hospitality Management,NA,0278-4319,2026-04-01,NA,els2026jisc
International Journal of Human-Computer Studies,NA,1071-5819,2026-04-01,NA,els2026jisc
International Journal of Hydrogen Energy,NA,0360-3199,2026-04-01,NA,els2026jisc
International Journal of Hygiene and Environmental Health,NA,1438-4639,2026-04-01,NA,els2026jisc
International Journal of Impact Engineering,NA,0734-743X,2026-04-01,NA,els2026jisc
International Journal of Industrial Ergonomics,NA,0169-8141,2026-04-01,NA,els2026jisc
International Journal of Industrial Organization,NA,0167-7187,2026-04-01,NA,els2026jisc
International Journal of Information Management,NA,0268-4012,2026-04-01,NA,els2026jisc
International Journal of Intercultural Relations,NA,0147-1767,2026-04-01,NA,els2026jisc
International Journal of Law and Psychiatry,NA,0160-2527,2026-04-01,NA,els2026jisc
"International Journal of Law, Crime and Justice",NA,1756-0616,2026-04-01,NA,els2026jisc
International Journal of Machine Tools and Manufacture,NA,0890-6955,2026-04-01,NA,els2026jisc
International Journal of Mass Spectrometry,NA,1387-3806,2026-04-01,NA,els2026jisc
International Journal of Mechanical Sciences,NA,0020-7403,2026-04-01,NA,els2026jisc
International Journal of Medical Informatics,NA,1386-5056,2026-04-01,NA,els2026jisc
International Journal of Multiphase Flow,NA,0301-9322,2026-04-01,NA,els2026jisc
International Journal of Non-Linear Mechanics,NA,0020-7462,2026-04-01,NA,els2026jisc
International Journal of Nursing Studies,NA,0020-7489,2026-04-01,NA,els2026jisc
International Journal of Obstetric Anesthesia,NA,0959-289X,2026-04-01,NA,els2026jisc
International Journal of Oral and Maxillofacial Surgery,NA,0901-5027,2026-04-01,NA,els2026jisc
International Journal of Orthopaedic and Trauma Nursing,NA,1878-1241,2026-04-01,NA,els2026jisc
International Journal of Osteopathic Medicine,NA,1746-0689,2026-04-01,NA,els2026jisc
International Journal of Paleopathology,NA,1879-9817,2026-04-01,NA,els2026jisc
International Journal of Pediatric Otorhinolaryngology,NA,0165-5876,2026-04-01,NA,els2026jisc
International Journal of Pharmaceutics,NA,0378-5173,2026-04-01,NA,els2026jisc
International Journal of Plasticity,NA,0749-6419,2026-04-01,NA,els2026jisc
International Journal of Pressure Vessels and Piping,NA,0308-0161,2026-04-01,NA,els2026jisc
International Journal of Production Economics,NA,0925-5273,2026-04-01,NA,els2026jisc
International Journal of Project Management,NA,0263-7863,2026-04-01,NA,els2026jisc
International Journal of Psychophysiology,NA,0167-8760,2026-04-01,NA,els2026jisc
"International Journal of Radiation Oncology, Biology, Physics",NA,0360-3016,2026-04-01,NA,els2026jisc
International Journal of Refractory Metals and Hard Materials,NA,0263-4368,2026-04-01,NA,els2026jisc
International Journal of Refrigeration,NA,0140-7007,2026-04-01,NA,els2026jisc
International Journal of Research in Marketing,NA,0167-8116,2026-04-01,NA,els2026jisc
International Journal of Rock Mechanics and Mining Sciences,NA,1365-1609,2026-04-01,NA,els2026jisc
International Journal of Solids and Structures,NA,0020-7683,2026-04-01,NA,els2026jisc
International Journal of Thermal Sciences,NA,1290-0729,2026-04-01,NA,els2026jisc
International Orthodontics,NA,1761-7227,2026-04-01,NA,els2026jisc
International Review of Economics Education,NA,1477-3880,2026-04-01,NA,els2026jisc
International Review of Financial Analysis,NA,1057-5219,2026-04-01,NA,els2026jisc
International Review of Law and Economics,NA,0144-8188,2026-04-01,NA,els2026jisc
Internet of Things,NA,2542-6605,2026-04-01,NA,els2026jisc
IRBM,NA,1959-0318,2026-04-01,NA,els2026jisc
ISA Transactions,NA,0019-0578,2026-04-01,NA,els2026jisc
ISPRS Journal of Photogrammetry and Remote Sensing,NA,0924-2716,2026-04-01,NA,els2026jisc
JACC: Cardiovascular Imaging,NA,1936-878X,2026-04-01,NA,els2026jisc
JACC: Cardiovascular Interventions,NA,1936-8798,2026-04-01,NA,els2026jisc
JACC: Clinical Electrophysiology,NA,2405-500X,2026-04-01,NA,els2026jisc
JACC: Heart Failure,NA,2213-1779,2026-04-01,NA,els2026jisc
Japan and the World Economy,NA,0922-1425,2026-04-01,NA,els2026jisc
Joint Bone Spine,NA,1297-319X,2026-04-01,NA,els2026jisc
Joule,NA,2542-4351,2026-04-01,NA,els2026jisc
Journal de Chirurgie Viscérale,NA,1878-786X,2026-04-01,NA,els2026jisc
Journal de Mathématiques Pures et Appliquées,NA,0021-7824,2026-04-01,NA,els2026jisc
Journal de Pédiatrie et de Puériculture,NA,0987-7983,2026-04-01,NA,els2026jisc
Journal de Traumatologie du Sport,NA,0762-915X,2026-04-01,NA,els2026jisc
Journal d'Imagerie Diagnostique et Interventionnelle,NA,2543-3431,2026-04-01,NA,els2026jisc
Journal for Nature Conservation,NA,1617-1381,2026-04-01,NA,els2026jisc
Journal Français d'Ophtalmologie,NA,0181-5512,2026-04-01,NA,els2026jisc
Journal of AAPOS,NA,1091-8531,2026-04-01,NA,els2026jisc
Journal of Accounting and Economics,NA,0165-4101,2026-04-01,NA,els2026jisc
Journal of Accounting and Public Policy,NA,0278-4254,2026-04-01,NA,els2026jisc
Journal of Accounting Education,NA,0748-5751,2026-04-01,NA,els2026jisc
Journal of Adolescent Health,NA,1054-139X,2026-04-01,NA,els2026jisc
Journal of Aerosol Science,NA,0021-8502,2026-04-01,NA,els2026jisc
Journal of Affective Disorders,NA,0165-0327,2026-04-01,NA,els2026jisc
Journal of African Earth Sciences,NA,1464-343X,2026-04-01,NA,els2026jisc
Journal of Aging Studies,NA,0890-4065,2026-04-01,NA,els2026jisc
Journal of Air Transport Management,NA,0969-6997,2026-04-01,NA,els2026jisc
Journal of Algebra,NA,0021-8693,2026-04-01,NA,els2026jisc
Journal of Allergy and Clinical Immunology,NA,0091-6749,2026-04-01,NA,els2026jisc
Journal of Alloys and Compounds,NA,0925-8388,2026-04-01,NA,els2026jisc
Journal of Alloys and Compounds Communications,NA,2950-2845,2026-04-01,NA,els2026jisc
Journal of Analytical and Applied Pyrolysis,NA,0165-2370,2026-04-01,NA,els2026jisc
Journal of Anthropological Archaeology,NA,0278-4165,2026-04-01,NA,els2026jisc
Journal of Anxiety Disorders,NA,0887-6185,2026-04-01,NA,els2026jisc
Journal of Applied Developmental Psychology,NA,0193-3973,2026-04-01,NA,els2026jisc
Journal of Applied Geophysics,NA,0926-9851,2026-04-01,NA,els2026jisc
Journal of Applied Research on Medicinal and Aromatic Plants,NA,2214-7861,2026-04-01,NA,els2026jisc
Journal of Approximation Theory,NA,0021-9045,2026-04-01,NA,els2026jisc
Journal of Archaeological Science,NA,0305-4403,2026-04-01,NA,els2026jisc
Journal of Archaeological Science: Reports,NA,2352-409X,2026-04-01,NA,els2026jisc
Journal of Arid Environments,NA,0140-1963,2026-04-01,NA,els2026jisc
Journal of Arthroplasty,NA,0883-5403,2026-04-01,NA,els2026jisc
Journal of Asian Earth Sciences,NA,1367-9120,2026-04-01,NA,els2026jisc
Journal of Asian Economics,NA,1049-0078,2026-04-01,NA,els2026jisc
Journal of Asia-Pacific Entomology,NA,1226-8615,2026-04-01,NA,els2026jisc
Journal of Atmospheric and Solar-Terrestrial Physics,NA,1364-6826,2026-04-01,NA,els2026jisc
Journal of Autoimmunity,NA,0896-8411,2026-04-01,NA,els2026jisc
Journal of Banking & Finance,NA,0378-4266,2026-04-01,NA,els2026jisc
Journal of Behavior Therapy and Experimental Psychiatry,NA,0005-7916,2026-04-01,NA,els2026jisc
Journal of Behavioral and Cognitive Therapy,NA,2589-9791,2026-04-01,NA,els2026jisc
Journal of Behavioral and Experimental Economics,NA,2214-8043,2026-04-01,NA,els2026jisc
Journal of Behavioral and Experimental Finance,NA,2214-6350,2026-04-01,NA,els2026jisc
Journal of Biomechanics,NA,0021-9290,2026-04-01,NA,els2026jisc
Journal of Biomedical Informatics,NA,1532-0464,2026-04-01,NA,els2026jisc
Journal of Biotechnology,NA,0168-1656,2026-04-01,NA,els2026jisc
Journal of Bodywork and Movement Therapies,NA,1360-8592,2026-04-01,NA,els2026jisc
Journal of Building Engineering,NA,2352-7102,2026-04-01,NA,els2026jisc
Journal of Business Research,NA,0148-2963,2026-04-01,NA,els2026jisc
Journal of Business Venturing,NA,0883-9026,2026-04-01,NA,els2026jisc
Journal of Business Venturing Design,NA,2667-2774,2026-04-01,NA,els2026jisc
Journal of Business Venturing Insights,NA,2352-6734,2026-04-01,NA,els2026jisc
Journal of Cancer Policy,NA,2213-5383,2026-04-01,NA,els2026jisc
Journal of Cardiac Failure,NA,1071-9164,2026-04-01,NA,els2026jisc
Journal of Cardiology,NA,0914-5087,2026-04-01,NA,els2026jisc
Journal of Cardiology Cases,NA,1878-5409,2026-04-01,NA,els2026jisc
Journal of Cardiothoracic and Vascular Anesthesia,NA,1053-0770,2026-04-01,NA,els2026jisc
Journal of Cardiovascular Computed Tomography,NA,1934-5925,2026-04-01,NA,els2026jisc
Journal of Catalysis,NA,0021-9517,2026-04-01,NA,els2026jisc
Journal of Cereal Science,NA,0733-5210,2026-04-01,NA,els2026jisc
Journal of Chiropractic Humanities,NA,1556-3499,2026-04-01,NA,els2026jisc
Journal of Chiropractic Medicine,NA,1556-3707,2026-04-01,NA,els2026jisc
Journal of Choice Modelling,NA,1755-5345,2026-04-01,NA,els2026jisc
Journal of Chromatography A,NA,0021-9673,2026-04-01,NA,els2026jisc
Journal of Chromatography B,NA,1570-0232,2026-04-01,NA,els2026jisc
Journal of Cleaner Production,NA,0959-6526,2026-04-01,NA,els2026jisc
Journal of Climate Finance,NA,2949-7280,2026-04-01,NA,els2026jisc
Journal of Clinical and Experimental Hepatology,NA,0973-6883,2026-04-01,NA,els2026jisc
Journal of Clinical Anesthesia,NA,0952-8180,2026-04-01,NA,els2026jisc
Journal of Clinical Densitometry,NA,1094-6950,2026-04-01,NA,els2026jisc
Journal of Clinical Epidemiology,NA,0895-4356,2026-04-01,NA,els2026jisc
Journal of Clinical Lipidology,NA,1933-2874,2026-04-01,NA,els2026jisc
Journal of Clinical Neuroscience,NA,0967-5868,2026-04-01,NA,els2026jisc
Journal of Clinical Orthopaedics and Trauma,NA,0976-5662,2026-04-01,NA,els2026jisc
Journal of Clinical Virology,NA,1386-6532,2026-04-01,NA,els2026jisc
Journal of Colloid and Interface Science,NA,0021-9797,2026-04-01,NA,els2026jisc
"Journal of Combinatorial Theory, Series A",NA,0097-3165,2026-04-01,NA,els2026jisc
"Journal of Combinatorial Theory, Series B",NA,0095-8956,2026-04-01,NA,els2026jisc
Journal of Commodity Markets,NA,2405-8513,2026-04-01,NA,els2026jisc
Journal of Communication Disorders,NA,0021-9924,2026-04-01,NA,els2026jisc
Journal of Comparative Economics,NA,0147-5967,2026-04-01,NA,els2026jisc
Journal of Comparative Pathology,NA,0021-9975,2026-04-01,NA,els2026jisc
Journal of Complexity,NA,0885-064X,2026-04-01,NA,els2026jisc
Journal of Computational and Applied Mathematics,NA,0377-0427,2026-04-01,NA,els2026jisc
Journal of Computational Physics,NA,0021-9991,2026-04-01,NA,els2026jisc
Journal of Computational Science,NA,1877-7503,2026-04-01,NA,els2026jisc
Journal of Computer and System Sciences,NA,0022-0000,2026-04-01,NA,els2026jisc
Journal of Computer Languages,NA,2590-1184,2026-04-01,NA,els2026jisc
Journal of Constructional Steel Research,NA,0143-974X,2026-04-01,NA,els2026jisc
Journal of Contaminant Hydrology,NA,0169-7722,2026-04-01,NA,els2026jisc
Journal of Contemporary Accounting & Economics,NA,1815-5669,2026-04-01,NA,els2026jisc
Journal of Contextual Behavioral Science,NA,2212-1447,2026-04-01,NA,els2026jisc
Journal of Controlled Release,NA,0168-3659,2026-04-01,NA,els2026jisc
Journal of Co-operative Organization and Management,NA,2213-297X,2026-04-01,NA,els2026jisc
Journal of Corporate Finance,NA,0929-1199,2026-04-01,NA,els2026jisc
Journal of Cranio-Maxillofacial Surgery,NA,1010-5182,2026-04-01,NA,els2026jisc
Journal of Criminal Justice,NA,0047-2352,2026-04-01,NA,els2026jisc
Journal of Critical Care,NA,0883-9441,2026-04-01,NA,els2026jisc
Journal of Crystal Growth,NA,0022-0248,2026-04-01,NA,els2026jisc
Journal of Cultural Heritage,NA,1296-2074,2026-04-01,NA,els2026jisc
Journal of Cystic Fibrosis,NA,1569-1993,2026-04-01,NA,els2026jisc
Journal of Dentistry,NA,0300-5712,2026-04-01,NA,els2026jisc
Journal of Dermatological Science,NA,0923-1811,2026-04-01,NA,els2026jisc
Journal of Destination Marketing & Management,NA,2212-571X,2026-04-01,NA,els2026jisc
Journal of Development Economics,NA,0304-3878,2026-04-01,NA,els2026jisc
Journal of Diabetes and its Complications,NA,1056-8727,2026-04-01,NA,els2026jisc
Journal of Differential Equations,NA,0022-0396,2026-04-01,NA,els2026jisc
Journal of Drug Delivery Science and Technology,NA,1773-2247,2026-04-01,NA,els2026jisc
Journal of Econometrics,NA,0304-4076,2026-04-01,NA,els2026jisc
Journal of Economic Behavior & Organization,NA,0167-2681,2026-04-01,NA,els2026jisc
Journal of Economic Dynamics and Control,NA,0165-1889,2026-04-01,NA,els2026jisc
Journal of Economic Psychology,NA,0167-4870,2026-04-01,NA,els2026jisc
Journal of Economic Theory,NA,0022-0531,2026-04-01,NA,els2026jisc
Journal of Economics and Business,NA,0148-6195,2026-04-01,NA,els2026jisc
Journal of Electroanalytical Chemistry,NA,1572-6657,2026-04-01,NA,els2026jisc
Journal of Electrocardiology,NA,0022-0736,2026-04-01,NA,els2026jisc
Journal of Electromyography and Kinesiology,NA,1050-6411,2026-04-01,NA,els2026jisc
Journal of Electron Spectroscopy and Related Phenomena,NA,0368-2048,2026-04-01,NA,els2026jisc
Journal of Electrostatics,NA,0304-3886,2026-04-01,NA,els2026jisc
Journal of Emergency Nursing,NA,0099-1767,2026-04-01,NA,els2026jisc
Journal of Empirical Finance,NA,0927-5398,2026-04-01,NA,els2026jisc
Journal of Endodontics,NA,0099-2399,2026-04-01,NA,els2026jisc
Journal of Energy Chemistry,NA,2095-4956,2026-04-01,NA,els2026jisc
Journal of Energy Storage,NA,2352-152X,2026-04-01,NA,els2026jisc
Journal of Engineering and Technology Management,NA,0923-4748,2026-04-01,NA,els2026jisc
Journal of English for Academic Purposes,NA,1475-1585,2026-04-01,NA,els2026jisc
Journal of Environmental Chemical Engineering,NA,2213-3437,2026-04-01,NA,els2026jisc
Journal of Environmental Economics and Management,NA,0095-0696,2026-04-01,NA,els2026jisc
Journal of Environmental Management,NA,0301-4797,2026-04-01,NA,els2026jisc
Journal of Environmental Psychology,NA,0272-4944,2026-04-01,NA,els2026jisc
Journal of Environmental Radioactivity,NA,0265-931X,2026-04-01,NA,els2026jisc
Journal of Environmental Sciences,NA,1001-0742,2026-04-01,NA,els2026jisc
Journal of Epidemiology and Population Health,NA,2950-4333,2026-04-01,NA,els2026jisc
Journal of Equine Veterinary Science,NA,0737-0806,2026-04-01,NA,els2026jisc
Journal of Ethnopharmacology,NA,0378-8741,2026-04-01,NA,els2026jisc
Journal of Evidence-Based Dental Practice,NA,1532-3382,2026-04-01,NA,els2026jisc
Journal of Exotic Pet Medicine,NA,1557-5063,2026-04-01,NA,els2026jisc
Journal of Experimental Child Psychology,NA,0022-0965,2026-04-01,NA,els2026jisc
Journal of Experimental Horticulture,NA,3051-1186,2026-04-01,NA,els2026jisc
Journal of Experimental Marine Biology and Ecology,NA,0022-0981,2026-04-01,NA,els2026jisc
Journal of Experimental Social Psychology,NA,0022-1031,2026-04-01,NA,els2026jisc
Journal of Family Business Strategy,NA,1877-8585,2026-04-01,NA,els2026jisc
Journal of Financial Economics,NA,0304-405X,2026-04-01,NA,els2026jisc
Journal of Financial Intermediation,NA,1042-9573,2026-04-01,NA,els2026jisc
Journal of Financial Markets,NA,1386-4181,2026-04-01,NA,els2026jisc
Journal of Financial Stability,NA,1572-3089,2026-04-01,NA,els2026jisc
Journal of Fluency Disorders,NA,0094-730X,2026-04-01,NA,els2026jisc
Journal of Fluids and Structures,NA,0889-9746,2026-04-01,NA,els2026jisc
Journal of Fluorine Chemistry,NA,0022-1139,2026-04-01,NA,els2026jisc
Journal of Food Engineering,NA,0260-8774,2026-04-01,NA,els2026jisc
Journal of Forensic and Legal Medicine,NA,1752-928X,2026-04-01,NA,els2026jisc
Journal of Functional Analysis,NA,0022-1236,2026-04-01,NA,els2026jisc
Journal of Gastrointestinal Surgery,NA,1091-255X,2026-04-01,NA,els2026jisc
Journal of Genetics and Genomics,NA,1673-8527,2026-04-01,NA,els2026jisc
Journal of Geochemical Exploration,NA,0375-6742,2026-04-01,NA,els2026jisc
Journal of Geodynamics,NA,0264-3707,2026-04-01,NA,els2026jisc
Journal of Geometry and Physics,NA,0393-0440,2026-04-01,NA,els2026jisc
Journal of Geriatric Oncology,NA,1879-4068,2026-04-01,NA,els2026jisc
Journal of Great Lakes Research,NA,0380-1330,2026-04-01,NA,els2026jisc
Journal of Gynecology Obstetrics and Human Reproduction,NA,2468-7847,2026-04-01,NA,els2026jisc
Journal of Hand and Microsurgery,NA,0974-3227,2026-04-01,NA,els2026jisc
Journal of Hand Therapy,NA,0894-1130,2026-04-01,NA,els2026jisc
Journal of Hazardous Materials,NA,0304-3894,2026-04-01,NA,els2026jisc
Journal of Health Economics,NA,0167-6296,2026-04-01,NA,els2026jisc
Journal of Healthcare Quality Research,NA,2603-6479,2026-04-01,NA,els2026jisc
Journal of Hepatology,NA,0168-8278,2026-04-01,NA,els2026jisc
Journal of Herbal Medicine,NA,2210-8033,2026-04-01,NA,els2026jisc
Journal of High Energy Astrophysics,NA,2214-4048,2026-04-01,NA,els2026jisc
Journal of Historical Geography,NA,0305-7488,2026-04-01,NA,els2026jisc
Journal of Hospital Infection,NA,0195-6701,2026-04-01,NA,els2026jisc
Journal of Hospitality and Tourism Management,NA,1447-6770,2026-04-01,NA,els2026jisc
"Journal of Hospitality, Leisure, Sport & Tourism Education",NA,1473-8376,2026-04-01,NA,els2026jisc
Journal of Housing Economics,NA,1051-1377,2026-04-01,NA,els2026jisc
Journal of Human Evolution,NA,0047-2484,2026-04-01,NA,els2026jisc
Journal of Hydro-environment Research,NA,1570-6443,2026-04-01,NA,els2026jisc
Journal of Hydrology,NA,0022-1694,2026-04-01,NA,els2026jisc
Journal of Immunological Methods,NA,0022-1759,2026-04-01,NA,els2026jisc
Journal of Industrial and Engineering Chemistry,NA,1226-086X,2026-04-01,NA,els2026jisc
Journal of Industrial Information Integration,NA,2452-414X,2026-04-01,NA,els2026jisc
Journal of Information Security and Applications,NA,2214-2126,2026-04-01,NA,els2026jisc
Journal of Informetrics,NA,1751-1577,2026-04-01,NA,els2026jisc
Journal of Inorganic Biochemistry,NA,0162-0134,2026-04-01,NA,els2026jisc
Journal of Insect Physiology,NA,0022-1910,2026-04-01,NA,els2026jisc
Journal of Integrative Medicine,NA,2095-4964,2026-04-01,NA,els2026jisc
"Journal of International Accounting, Auditing and Taxation",NA,1061-9518,2026-04-01,NA,els2026jisc
Journal of International Economics,NA,0022-1996,2026-04-01,NA,els2026jisc
"Journal of International Financial Markets, Institutions & Money",NA,1042-4431,2026-04-01,NA,els2026jisc
Journal of International Management,NA,1075-4253,2026-04-01,NA,els2026jisc
Journal of International Money and Finance,NA,0261-5606,2026-04-01,NA,els2026jisc
Journal of Interprofessional Education & Practice,NA,2405-4526,2026-04-01,NA,els2026jisc
Journal of Invertebrate Pathology,NA,0022-2011,2026-04-01,NA,els2026jisc
Journal of Investigative Dermatology,NA,0022-202X,2026-04-01,NA,els2026jisc
Journal of Logical and Algebraic Methods in Programming,NA,2352-2208,2026-04-01,NA,els2026jisc
Journal of Loss Prevention in the Process Industries,NA,0950-4230,2026-04-01,NA,els2026jisc
Journal of Luminescence,NA,0022-2313,2026-04-01,NA,els2026jisc
Journal of Macroeconomics,NA,0164-0704,2026-04-01,NA,els2026jisc
Journal of Magnetic Resonance,NA,1090-7807,2026-04-01,NA,els2026jisc
Journal of Magnetism and Magnetic Materials,NA,0304-8853,2026-04-01,NA,els2026jisc
Journal of Manufacturing Processes,NA,1526-6125,2026-04-01,NA,els2026jisc
Journal of Manufacturing Systems,NA,0278-6125,2026-04-01,NA,els2026jisc
Journal of Marine Systems,NA,0924-7963,2026-04-01,NA,els2026jisc
Journal of Materials Processing Technology,NA,0924-0136,2026-04-01,NA,els2026jisc
Journal of Materials Science & Technology,NA,1005-0302,2026-04-01,NA,els2026jisc
Journal of Mathematical Analysis and Applications,NA,0022-247X,2026-04-01,NA,els2026jisc
Journal of Mathematical Economics,NA,0304-4068,2026-04-01,NA,els2026jisc
Journal of Mathematical Psychology,NA,0022-2496,2026-04-01,NA,els2026jisc
Journal of Medical Imaging and Radiation Sciences,NA,1939-8654,2026-04-01,NA,els2026jisc
Journal of Medical Mycology,NA,1156-5233,2026-04-01,NA,els2026jisc
Journal of Membrane Science,NA,0376-7388,2026-04-01,NA,els2026jisc
Journal of Memory and Language,NA,0749-596X,2026-04-01,NA,els2026jisc
Journal of Microbiological Methods,NA,0167-7012,2026-04-01,NA,els2026jisc
Journal of Minimally Invasive Gynecology,NA,1553-4650,2026-04-01,NA,els2026jisc
Journal of Molecular and Cellular Cardiology,NA,0022-2828,2026-04-01,NA,els2026jisc
Journal of Molecular Biology,NA,0022-2836,2026-04-01,NA,els2026jisc
Journal of Molecular Graphics and Modelling,NA,1093-3263,2026-04-01,NA,els2026jisc
Journal of Molecular Liquids,NA,0167-7322,2026-04-01,NA,els2026jisc
Journal of Molecular Spectroscopy,NA,0022-2852,2026-04-01,NA,els2026jisc
Journal of Molecular Structure,NA,0022-2860,2026-04-01,NA,els2026jisc
Journal of Monetary Economics,NA,0304-3932,2026-04-01,NA,els2026jisc
Journal of Multinational Financial Management,NA,1042-444X,2026-04-01,NA,els2026jisc
Journal of Multivariate Analysis,NA,0047-259X,2026-04-01,NA,els2026jisc
Journal of Neonatal Nursing,NA,1355-1841,2026-04-01,NA,els2026jisc
Journal of Network and Computer Applications,NA,1084-8045,2026-04-01,NA,els2026jisc
Journal of Neuroimmunology,NA,0165-5728,2026-04-01,NA,els2026jisc
Journal of Neurolinguistics,NA,0911-6044,2026-04-01,NA,els2026jisc
Journal of Neuroradiology,NA,0150-9861,2026-04-01,NA,els2026jisc
Journal of Neuroscience Methods,NA,0165-0270,2026-04-01,NA,els2026jisc
Journal of Non-Crystalline Solids,NA,0022-3093,2026-04-01,NA,els2026jisc
Journal of Non-Newtonian Fluid Mechanics,NA,0377-0257,2026-04-01,NA,els2026jisc
Journal of Nuclear Cardiology,NA,1071-3581,2026-04-01,NA,els2026jisc
Journal of Nuclear Materials,NA,0022-3115,2026-04-01,NA,els2026jisc
Journal of Number Theory,NA,0022-314X,2026-04-01,NA,els2026jisc
Journal of Nursing Regulation,NA,2155-8256,2026-04-01,NA,els2026jisc
Journal of Nutrition Education and Behavior,NA,1499-4046,2026-04-01,NA,els2026jisc
Journal of Obsessive-Compulsive and Related Disorders,NA,2211-3649,2026-04-01,NA,els2026jisc
"Journal of Obstetric, Gynecologic, & Neonatal Nursing",NA,0884-2175,2026-04-01,NA,els2026jisc
Journal of Obstetrics and Gynaecology Canada,NA,1701-2163,2026-04-01,NA,els2026jisc
Journal of Oral and Maxillofacial Surgery,NA,0278-2391,2026-04-01,NA,els2026jisc
"Journal of Oral and Maxillofacial Surgery, Medicine, and Pathology",NA,2212-5558,2026-04-01,NA,els2026jisc
Journal of Oral Biosciences,NA,1349-0079,2026-04-01,NA,els2026jisc
Journal of Organometallic Chemistry,NA,0022-328X,2026-04-01,NA,els2026jisc
Journal of Orthopaedic Science,NA,0949-2658,2026-04-01,NA,els2026jisc
Journal of Orthopaedics,NA,0972-978X,2026-04-01,NA,els2026jisc
Journal of Outdoor Recreation and Tourism,NA,2213-0780,2026-04-01,NA,els2026jisc
Journal of Pain and Symptom Management,NA,0885-3924,2026-04-01,NA,els2026jisc
Journal of Parallel and Distributed Computing,NA,0743-7315,2026-04-01,NA,els2026jisc
Journal of Pediatric and Adolescent Gynecology,NA,1083-3188,2026-04-01,NA,els2026jisc
Journal of Pediatric Health Care,NA,0891-5245,2026-04-01,NA,els2026jisc
Journal of Pediatric Nursing,NA,0882-5963,2026-04-01,NA,els2026jisc
Journal of Pediatric Surgery,NA,0022-3468,2026-04-01,NA,els2026jisc
Journal of Pediatric Urology,NA,1477-5131,2026-04-01,NA,els2026jisc
Journal of PeriAnesthesia Nursing,NA,1089-9472,2026-04-01,NA,els2026jisc
Journal of Pharmaceutical and Biomedical Analysis,NA,0731-7085,2026-04-01,NA,els2026jisc
Journal of Pharmaceutical Sciences,NA,0022-3549,2026-04-01,NA,els2026jisc
Journal of Pharmacological and Toxicological Methods,NA,1056-8719,2026-04-01,NA,els2026jisc
Journal of Phonetics,NA,0095-4470,2026-04-01,NA,els2026jisc
Journal of Photochemistry and Photobiology A: Chemistry,NA,1010-6030,2026-04-01,NA,els2026jisc
Journal of Photochemistry and Photobiology B: Biology,NA,1011-1344,2026-04-01,NA,els2026jisc
Journal of Photochemistry and Photobiology C: Photochemistry Reviews,NA,1389-5567,2026-04-01,NA,els2026jisc
Journal of Physics and Chemistry of Solids,NA,0022-3697,2026-04-01,NA,els2026jisc
Journal of Plant Physiology,NA,0176-1617,2026-04-01,NA,els2026jisc
"Journal of Plastic, Reconstructive & Aesthetic Surgery",NA,1748-6815,2026-04-01,NA,els2026jisc
Journal of Policy Modeling,NA,0161-8938,2026-04-01,NA,els2026jisc
Journal of Power Sources,NA,0378-7753,2026-04-01,NA,els2026jisc
Journal of Pragmatics,NA,0378-2166,2026-04-01,NA,els2026jisc
Journal of Process Control,NA,0959-1524,2026-04-01,NA,els2026jisc
Journal of Professional Nursing,NA,8755-7223,2026-04-01,NA,els2026jisc
Journal of Proteomics,NA,1874-3919,2026-04-01,NA,els2026jisc
Journal of Psychiatric Research,NA,0022-3956,2026-04-01,NA,els2026jisc
Journal of Psychosomatic Research,NA,0022-3999,2026-04-01,NA,els2026jisc
Journal of Public Economics,NA,0047-2727,2026-04-01,NA,els2026jisc
Journal of Purchasing and Supply Management,NA,1478-4092,2026-04-01,NA,els2026jisc
Journal of Pure and Applied Algebra,NA,0022-4049,2026-04-01,NA,els2026jisc
Journal of Quantitative Spectroscopy & Radiative Transfer,NA,0022-4073,2026-04-01,NA,els2026jisc
Journal of Radiology Nursing,NA,1546-0843,2026-04-01,NA,els2026jisc
Journal of Rail Transport Planning & Management,NA,2210-9706,2026-04-01,NA,els2026jisc
Journal of Rare Earths,NA,1002-0721,2026-04-01,NA,els2026jisc
Journal of Renal Nutrition,NA,1051-2276,2026-04-01,NA,els2026jisc
Journal of Reproductive Immunology,NA,0165-0378,2026-04-01,NA,els2026jisc
Journal of Research in Personality,NA,0092-6566,2026-04-01,NA,els2026jisc
Journal of Retailing,NA,0022-4359,2026-04-01,NA,els2026jisc
Journal of Retailing and Consumer Services,NA,0969-6989,2026-04-01,NA,els2026jisc
Journal of Rural Studies,NA,0743-0167,2026-04-01,NA,els2026jisc
Journal of Safety Research,NA,0022-4375,2026-04-01,NA,els2026jisc
Journal of School Psychology,NA,0022-4405,2026-04-01,NA,els2026jisc
Journal of Science and Medicine in Sport,NA,1440-2440,2026-04-01,NA,els2026jisc
Journal of Second Language Writing,NA,1060-3743,2026-04-01,NA,els2026jisc
Journal of Shoulder and Elbow Surgery,NA,1058-2746,2026-04-01,NA,els2026jisc
Journal of Solid State Chemistry,NA,0022-4596,2026-04-01,NA,els2026jisc
Journal of Sound and Vibration,NA,0022-460X,2026-04-01,NA,els2026jisc
Journal of South American Earth Sciences,NA,0895-9811,2026-04-01,NA,els2026jisc
Journal of Space Safety Engineering,NA,2468-8967,2026-04-01,NA,els2026jisc
Journal of Statistical Planning and Inference,NA,0378-3758,2026-04-01,NA,els2026jisc
"Journal of Stomatology, Oral and Maxillofacial Surgery",NA,2468-7855,2026-04-01,NA,els2026jisc
Journal of Stored Products Research,NA,0022-474X,2026-04-01,NA,els2026jisc
Journal of Strategy & Innovation,NA,3050-7901,2026-04-01,NA,els2026jisc
Journal of Structural Biology,NA,1047-8477,2026-04-01,NA,els2026jisc
Journal of Structural Geology,NA,0191-8141,2026-04-01,NA,els2026jisc
Journal of Subatomic Particles and Cosmology,NA,3050-4805,2026-04-01,NA,els2026jisc
Journal of Substance Use and Addiction Treatment,NA,2949-8759,2026-04-01,NA,els2026jisc
Journal of Surgical Education,NA,1931-7204,2026-04-01,NA,els2026jisc
Journal of Surgical Research,NA,0022-4804,2026-04-01,NA,els2026jisc
Journal of Sustainable Finance and Accounting,NA,2950-3701,2026-04-01,NA,els2026jisc
Journal of Symbolic Computation,NA,0747-7171,2026-04-01,NA,els2026jisc
Journal of Systems and Software,NA,0164-1212,2026-04-01,NA,els2026jisc
Journal of Systems Architecture,NA,1383-7621,2026-04-01,NA,els2026jisc
Journal of the Academy of Consultation-Liaison Psychiatry,NA,2667-2960,2026-04-01,NA,els2026jisc
Journal of the Academy of Nutrition and Dietetics,NA,2212-2672,2026-04-01,NA,els2026jisc
Journal of the American Academy of Child & Adolescent Psychiatry,NA,0890-8567,2026-04-01,NA,els2026jisc
Journal of the American Academy of Dermatology,NA,0190-9622,2026-04-01,NA,els2026jisc
Journal of the American College of Radiology,NA,1546-1440,2026-04-01,NA,els2026jisc
Journal of the American Medical Directors Association,NA,1525-8610,2026-04-01,NA,els2026jisc
Journal of the American Pharmacists Association,NA,1544-3191,2026-04-01,NA,els2026jisc
Journal of the American Society of Cytopathology,NA,2213-2945,2026-04-01,NA,els2026jisc
Journal of the American Society of Echocardiography,NA,0894-7317,2026-04-01,NA,els2026jisc
Journal of the Energy Institute,NA,1743-9671,2026-04-01,NA,els2026jisc
Journal of the European Ceramic Society,NA,0955-2219,2026-04-01,NA,els2026jisc
Journal of the Franklin Institute,NA,0016-0032,2026-04-01,NA,els2026jisc
Journal of the Indian Chemical Society,NA,0019-4522,2026-04-01,NA,els2026jisc
Journal of the Japanese and International Economies,NA,0889-1583,2026-04-01,NA,els2026jisc
Journal of the Mechanical Behavior of Biomedical Materials,NA,1751-6161,2026-04-01,NA,els2026jisc
Journal of the Mechanics and Physics of Solids,NA,0022-5096,2026-04-01,NA,els2026jisc
Journal of the National Medical Association,NA,0027-9684,2026-04-01,NA,els2026jisc
Journal of the Neurological Sciences,NA,0022-510X,2026-04-01,NA,els2026jisc
Journal of the Taiwan Institute of Chemical Engineers,NA,1876-1070,2026-04-01,NA,els2026jisc
Journal of the World Federation of Orthodontists,NA,2212-4438,2026-04-01,NA,els2026jisc
Journal of Theoretical Biology,NA,0022-5193,2026-04-01,NA,els2026jisc
Journal of Thermal Biology,NA,0306-4565,2026-04-01,NA,els2026jisc
Journal of Thoracic Oncology,NA,1556-0864,2026-04-01,NA,els2026jisc
Journal of Thrombosis and Haemostasis,NA,1538-7836,2026-04-01,NA,els2026jisc
Journal of Trace Elements in Medicine and Biology,NA,0946-672X,2026-04-01,NA,els2026jisc
Journal of Transport & Health,NA,2214-1405,2026-04-01,NA,els2026jisc
Journal of Transport Geography,NA,0966-6923,2026-04-01,NA,els2026jisc
Journal of Urban Economics,NA,0094-1190,2026-04-01,NA,els2026jisc
Journal of Vascular and Interventional Radiology,NA,1051-0443,2026-04-01,NA,els2026jisc
Journal of Vascular Nursing,NA,1062-0303,2026-04-01,NA,els2026jisc
Journal of Vascular Surgery,NA,0741-5214,2026-04-01,NA,els2026jisc
Journal of Veterinary Behavior,NA,1558-7878,2026-04-01,NA,els2026jisc
Journal of Veterinary Cardiology,NA,1760-2734,2026-04-01,NA,els2026jisc
Journal of Virological Methods,NA,0166-0934,2026-04-01,NA,els2026jisc
Journal of Visceral Surgery,NA,1878-7886,2026-04-01,NA,els2026jisc
Journal of Visual Communication and Image Representation,NA,1047-3203,2026-04-01,NA,els2026jisc
Journal of Vocational Behavior,NA,0001-8791,2026-04-01,NA,els2026jisc
Journal of Voice,NA,0892-1997,2026-04-01,NA,els2026jisc
Journal of Volcanology and Geothermal Research,NA,0377-0273,2026-04-01,NA,els2026jisc
Journal of Water Process Engineering,NA,2214-7144,2026-04-01,NA,els2026jisc
Journal of Wind Engineering and Industrial Aerodynamics,NA,0167-6105,2026-04-01,NA,els2026jisc
Journal of World Business,NA,1090-9516,2026-04-01,NA,els2026jisc
Kidney International,NA,0085-2538,2026-04-01,NA,els2026jisc
"Kinésithérapie, la Revue",NA,1779-0123,2026-04-01,NA,els2026jisc
Knowledge-Based Systems,NA,0950-7051,2026-04-01,NA,els2026jisc
La Presse Médicale,NA,0755-4982,2026-04-01,NA,els2026jisc
La Presse Médicale Formation,NA,2666-4798,2026-04-01,NA,els2026jisc
La Revue de Médecine Interne,NA,0248-8663,2026-04-01,NA,els2026jisc
Laboratory Investigation,NA,0023-6837,2026-04-01,NA,els2026jisc
Labour Economics,NA,0927-5371,2026-04-01,NA,els2026jisc
Land Use Policy,NA,0264-8377,2026-04-01,NA,els2026jisc
Landscape and Urban Planning,NA,0169-2046,2026-04-01,NA,els2026jisc
Language & Communication,NA,0271-5309,2026-04-01,NA,els2026jisc
Language Sciences,NA,0388-0001,2026-04-01,NA,els2026jisc
L'Anthropologie,NA,0003-5521,2026-04-01,NA,els2026jisc
Latin American Transport Studies,NA,2950-0249,2026-04-01,NA,els2026jisc
Le Pharmacien Clinicien,NA,2772-9532,2026-04-01,NA,els2026jisc
Le Praticien en Anesthésie Réanimation,NA,1279-7960,2026-04-01,NA,els2026jisc
Learning and Individual Differences,NA,1041-6080,2026-04-01,NA,els2026jisc
Learning and Instruction,NA,0959-4752,2026-04-01,NA,els2026jisc
Learning and Motivation,NA,0023-9690,2026-04-01,NA,els2026jisc
Learning in Context,NA,3050-578X,2026-04-01,NA,els2026jisc
"Learning, Culture and Social Interaction",NA,2210-6561,2026-04-01,NA,els2026jisc
Legal Medicine,NA,1344-6223,2026-04-01,NA,els2026jisc
L'Encéphale,NA,0013-7006,2026-04-01,NA,els2026jisc
Leukemia Research,NA,0145-2126,2026-04-01,NA,els2026jisc
L'Évolution Psychiatrique,NA,0014-3855,2026-04-01,NA,els2026jisc
Library & Information Science Research,NA,0740-8188,2026-04-01,NA,els2026jisc
Life Sciences,NA,0024-3205,2026-04-01,NA,els2026jisc
Life Sciences in Space Research,NA,2214-5524,2026-04-01,NA,els2026jisc
Limnologica,NA,0075-9511,2026-04-01,NA,els2026jisc
Linear Algebra and its Applications,NA,0024-3795,2026-04-01,NA,els2026jisc
Lingua,NA,0024-3841,2026-04-01,NA,els2026jisc
Linguistics and Education,NA,0898-5898,2026-04-01,NA,els2026jisc
Lithos,NA,0024-4937,2026-04-01,NA,els2026jisc
Livestock Science,NA,1871-1413,2026-04-01,NA,els2026jisc
Long Range Planning,NA,0024-6301,2026-04-01,NA,els2026jisc
Lung Cancer,NA,0169-5002,2026-04-01,NA,els2026jisc
Magnetic Resonance Imaging,NA,0730-725X,2026-04-01,NA,els2026jisc
Management Accounting Research,NA,1044-5005,2026-04-01,NA,els2026jisc
Manufacturing Letters,NA,2213-8463,2026-04-01,NA,els2026jisc
Marine Chemistry,NA,0304-4203,2026-04-01,NA,els2026jisc
Marine Environmental Research,NA,0141-1136,2026-04-01,NA,els2026jisc
Marine Genomics,NA,1874-7787,2026-04-01,NA,els2026jisc
Marine Geology,NA,0025-3227,2026-04-01,NA,els2026jisc
Marine Geoscience and Energy Resources,NA,3117-5775,2026-04-01,NA,els2026jisc
Marine Micropaleontology,NA,0377-8398,2026-04-01,NA,els2026jisc
Marine Policy,NA,0308-597X,2026-04-01,NA,els2026jisc
Marine Pollution Bulletin,NA,0025-326X,2026-04-01,NA,els2026jisc
Marine Structures,NA,0951-8339,2026-04-01,NA,els2026jisc
Marketing Strategy Journal,NA,2950-3086,2026-04-01,NA,els2026jisc
Materialia,NA,2589-1529,2026-04-01,NA,els2026jisc
Materials Characterization,NA,1044-5803,2026-04-01,NA,els2026jisc
Materials Chemistry and Physics,NA,0254-0584,2026-04-01,NA,els2026jisc
Materials Chemistry and Physics: Sustainability and Energy,NA,3050-4716,2026-04-01,NA,els2026jisc
Materials Letters,NA,0167-577X,2026-04-01,NA,els2026jisc
Materials Research Bulletin,NA,0025-5408,2026-04-01,NA,els2026jisc
Materials Science and Engineering: A,NA,0921-5093,2026-04-01,NA,els2026jisc
Materials Science and Engineering: B,NA,0921-5107,2026-04-01,NA,els2026jisc
Materials Science and Engineering: R: Reports,NA,0927-796X,2026-04-01,NA,els2026jisc
Materials Science in Semiconductor Processing,NA,1369-8001,2026-04-01,NA,els2026jisc
Materials Today,NA,1369-7021,2026-04-01,NA,els2026jisc
Materials Today Chemistry,NA,2468-5194,2026-04-01,NA,els2026jisc
Materials Today Energy,NA,2468-6069,2026-04-01,NA,els2026jisc
Materials Today Nano,NA,2588-8420,2026-04-01,NA,els2026jisc
Materials Today Physics,NA,2542-5293,2026-04-01,NA,els2026jisc
Mathematical Biosciences,NA,0025-5564,2026-04-01,NA,els2026jisc
Mathematical Social Sciences,NA,0165-4896,2026-04-01,NA,els2026jisc
Mathematics and Computers in Simulation,NA,0378-4754,2026-04-01,NA,els2026jisc
Matrix Biology,NA,0945-053X,2026-04-01,NA,els2026jisc
Matter,NA,2590-2385,2026-04-01,NA,els2026jisc
Maturitas,NA,0378-5122,2026-04-01,NA,els2026jisc
Mayo Clinic Proceedings,NA,0025-6196,2026-04-01,NA,els2026jisc
Measurement,NA,0263-2241,2026-04-01,NA,els2026jisc
Meat Science,NA,0309-1740,2026-04-01,NA,els2026jisc
Mechanical Systems and Signal Processing,NA,0888-3270,2026-04-01,NA,els2026jisc
Mechanics of Materials,NA,0167-6636,2026-04-01,NA,els2026jisc
Mechanics Research Communications,NA,0093-6413,2026-04-01,NA,els2026jisc
Mechanism and Machine Theory,NA,0094-114X,2026-04-01,NA,els2026jisc
Mechanisms of Ageing and Development,NA,0047-6374,2026-04-01,NA,els2026jisc
Mechatronics,NA,0957-4158,2026-04-01,NA,els2026jisc
Med,NA,2666-6340,2026-04-01,NA,els2026jisc
Médecine & Droit,NA,1246-7391,2026-04-01,NA,els2026jisc
Médecine de Catastrophe - Urgences Collectives,NA,1279-8479,2026-04-01,NA,els2026jisc
Médecine des Maladies Métaboliques,NA,1957-2557,2026-04-01,NA,els2026jisc
Médecine du Sommeil,NA,1769-4493,2026-04-01,NA,els2026jisc
Médecine Nucléaire,NA,0928-1258,2026-04-01,NA,els2026jisc
Médecine Palliative,NA,1636-6522,2026-04-01,NA,els2026jisc
Medical Dosimetry,NA,0958-3947,2026-04-01,NA,els2026jisc
Medical Hypotheses,NA,0306-9877,2026-04-01,NA,els2026jisc
Medical Image Analysis,NA,1361-8415,2026-04-01,NA,els2026jisc
Medicina Clínica,NA,0025-7753,2026-04-01,NA,els2026jisc
Medicina Clínica (English Edition),NA,2387-0206,2026-04-01,NA,els2026jisc
Medicina de Familia. SEMERGEN,NA,1138-3593,2026-04-01,NA,els2026jisc
Medicina Intensiva,NA,0210-5691,2026-04-01,NA,els2026jisc
Medicina Intensiva (English Edition),NA,2173-5727,2026-04-01,NA,els2026jisc
Mental Health & Prevention,NA,2212-6570,2026-04-01,NA,els2026jisc
Mental Health and Physical Activity,NA,1755-2966,2026-04-01,NA,els2026jisc
Metabolic Engineering,NA,1096-7176,2026-04-01,NA,els2026jisc
Metabolism,NA,0026-0495,2026-04-01,NA,els2026jisc
Methods,NA,1046-2023,2026-04-01,NA,els2026jisc
Micro and Nanostructures,NA,2773-0123,2026-04-01,NA,els2026jisc
Microbial Pathogenesis,NA,0882-4010,2026-04-01,NA,els2026jisc
Microbial Risk Analysis,NA,2352-3522,2026-04-01,NA,els2026jisc
Microbiological Research,NA,0944-5013,2026-04-01,NA,els2026jisc
Microchemical Journal,NA,0026-265X,2026-04-01,NA,els2026jisc
Microelectronic Engineering,NA,0167-9317,2026-04-01,NA,els2026jisc
Microelectronics Journal,NA,1879-2391,2026-04-01,NA,els2026jisc
Microelectronics Reliability,NA,0026-2714,2026-04-01,NA,els2026jisc
Micron,NA,0968-4328,2026-04-01,NA,els2026jisc
Microporous and Mesoporous Materials,NA,1387-1811,2026-04-01,NA,els2026jisc
Microprocessors and Microsystems,NA,0141-9331,2026-04-01,NA,els2026jisc
Microvascular Research,NA,0026-2862,2026-04-01,NA,els2026jisc
Midwifery,NA,0266-6138,2026-04-01,NA,els2026jisc
Minerals Engineering,NA,0892-6875,2026-04-01,NA,els2026jisc
Mitochondrion,NA,1567-7249,2026-04-01,NA,els2026jisc
Modern Pathology,NA,0893-3952,2026-04-01,NA,els2026jisc
Molecular and Biochemical Parasitology,NA,0166-6851,2026-04-01,NA,els2026jisc
Molecular and Cellular Endocrinology,NA,0303-7207,2026-04-01,NA,els2026jisc
Molecular and Cellular Neuroscience,NA,1044-7431,2026-04-01,NA,els2026jisc
Molecular Aspects of Medicine,NA,0098-2997,2026-04-01,NA,els2026jisc
Molecular Catalysis,NA,2468-8231,2026-04-01,NA,els2026jisc
Molecular Cell,NA,1097-2765,2026-04-01,NA,els2026jisc
Molecular Genetics and Metabolism,NA,1096-7192,2026-04-01,NA,els2026jisc
Molecular Immunology,NA,0161-5890,2026-04-01,NA,els2026jisc
Molecular Pharmacology,NA,0026-895X,2026-04-01,NA,els2026jisc
Molecular Phylogenetics and Evolution,NA,1055-7903,2026-04-01,NA,els2026jisc
Molecular Plant,NA,1674-2052,2026-04-01,NA,els2026jisc
Molecular Therapy,NA,1525-0016,2026-04-01,NA,els2026jisc
Morphologie,NA,1286-0115,2026-04-01,NA,els2026jisc
Motricité Cérébrale,NA,0245-5919,2026-04-01,NA,els2026jisc
Multiple Sclerosis and Related Disorders,NA,2211-0348,2026-04-01,NA,els2026jisc
Musculoskeletal Science and Practice,NA,2468-7812,2026-04-01,NA,els2026jisc
Mutation Research: Fundamental and Molecular Mechanisms of Mutagenesis,NA,1386-1964,2026-04-01,NA,els2026jisc
Mutation Research: Genetic Toxicology and Environmental Mutagenesis,NA,1383-5718,2026-04-01,NA,els2026jisc
Mutation Research: Reviews in Mutation Research,NA,1383-5742,2026-04-01,NA,els2026jisc
Nano Communication Networks,NA,1878-7789,2026-04-01,NA,els2026jisc
Nano Energy,NA,2211-2855,2026-04-01,NA,els2026jisc
Nano Today,NA,1748-0132,2026-04-01,NA,els2026jisc
NanoImpact,NA,2452-0748,2026-04-01,NA,els2026jisc
"Nanomedicine: Nanotechnology, Biology and Medicine",NA,1549-9634,2026-04-01,NA,els2026jisc
Nano-Structures & Nano-Objects,NA,2352-507X,2026-04-01,NA,els2026jisc
NDT & E International,NA,0963-8695,2026-04-01,NA,els2026jisc
Neural Networks,NA,0893-6080,2026-04-01,NA,els2026jisc
Neurobiology of Aging,NA,0197-4580,2026-04-01,NA,els2026jisc
Neurobiology of Learning and Memory,NA,1074-7427,2026-04-01,NA,els2026jisc
Neurochemistry International,NA,0197-0186,2026-04-01,NA,els2026jisc
Neurochirurgie,NA,0028-3770,2026-04-01,NA,els2026jisc
Neurocirugía,NA,1130-1473,2026-04-01,NA,els2026jisc
Neurocirugía (English Edition),NA,2529-8496,2026-04-01,NA,els2026jisc
Neurocomputing,NA,0925-2312,2026-04-01,NA,els2026jisc
Neuromodulation: Technology at the Neural Interface,NA,1094-7159,2026-04-01,NA,els2026jisc
Neuromuscular Disorders,NA,0960-8966,2026-04-01,NA,els2026jisc
Neuron,NA,0896-6273,2026-04-01,NA,els2026jisc
Neuropeptides,NA,0143-4179,2026-04-01,NA,els2026jisc
Neuropharmacology,NA,0028-3908,2026-04-01,NA,els2026jisc
Neurophysiologie Clinique,NA,0987-7053,2026-04-01,NA,els2026jisc
Neuropsychiatrie de l'Enfance et de l'Adolescence,NA,0222-9617,2026-04-01,NA,els2026jisc
Neuropsychologia,NA,0028-3932,2026-04-01,NA,els2026jisc
Neuroscience,NA,0306-4522,2026-04-01,NA,els2026jisc
Neuroscience & Biobehavioral Reviews,NA,0149-7634,2026-04-01,NA,els2026jisc
Neuroscience Letters,NA,0304-3940,2026-04-01,NA,els2026jisc
NeuroToxicology,NA,0161-813X,2026-04-01,NA,els2026jisc
Neurotoxicology and Teratology,NA,0892-0362,2026-04-01,NA,els2026jisc
New Astronomy,NA,1384-1076,2026-04-01,NA,els2026jisc
New Astronomy Reviews,NA,1387-6473,2026-04-01,NA,els2026jisc
New Ideas in Psychology,NA,0732-118X,2026-04-01,NA,els2026jisc
Newton,NA,2950-6360,2026-04-01,NA,els2026jisc
Next Research,NA,3050-4759,2026-04-01,NA,els2026jisc
Nitric Oxide,NA,1089-8603,2026-04-01,NA,els2026jisc
Nonlinear Analysis,NA,0362-546X,2026-04-01,NA,els2026jisc
Nonlinear Analysis: Hybrid Systems,NA,1751-570X,2026-04-01,NA,els2026jisc
Nonlinear Analysis: Real World Applications,NA,1468-1218,2026-04-01,NA,els2026jisc
Nonlinear Science,NA,3050-5178,2026-04-01,NA,els2026jisc
NPG Neurologie - Psychiatrie - Gériatrie,NA,1627-4830,2026-04-01,NA,els2026jisc
Nuclear Data Sheets,NA,0090-3752,2026-04-01,NA,els2026jisc
Nuclear Engineering and Design,NA,0029-5493,2026-04-01,NA,els2026jisc
"Nuclear Instruments and Methods in Physics Research Section A: Accelerators, Spectrometers, Detectors and Associated Equipment",NA,0168-9002,2026-04-01,NA,els2026jisc
Nuclear Instruments and Methods in Physics Research Section B: Beam Interactions with Materials and Atoms,NA,0168-583X,2026-04-01,NA,els2026jisc
Nuclear Medicine and Biology,NA,0969-8051,2026-04-01,NA,els2026jisc
Nuclear Physics A,NA,0375-9474,2026-04-01,NA,els2026jisc
Nurse Education in Practice,NA,1471-5953,2026-04-01,NA,els2026jisc
Nurse Education Today,NA,0260-6917,2026-04-01,NA,els2026jisc
Nurse Leader,NA,1541-4612,2026-04-01,NA,els2026jisc
Nursing for Women's Health,NA,1751-4851,2026-04-01,NA,els2026jisc
Nursing Outlook,NA,0029-6554,2026-04-01,NA,els2026jisc
Nutrition,NA,0899-9007,2026-04-01,NA,els2026jisc
Nutrition Clinique et Métabolisme,NA,0985-0562,2026-04-01,NA,els2026jisc
Nutrition Research,NA,0271-5317,2026-04-01,NA,els2026jisc
"Nutrition, Metabolism & Cardiovascular Diseases",NA,0939-4753,2026-04-01,NA,els2026jisc
Obesity Medicine,NA,2451-8476,2026-04-01,NA,els2026jisc
Obesity Research & Clinical Practice,NA,1871-403X,2026-04-01,NA,els2026jisc
Ocean & Coastal Management,NA,0964-5691,2026-04-01,NA,els2026jisc
Ocean Engineering,NA,0029-8018,2026-04-01,NA,els2026jisc
Ocean Modelling,NA,1463-5003,2026-04-01,NA,els2026jisc
Omega,NA,0305-0483,2026-04-01,NA,els2026jisc
One Earth,NA,2590-3322,2026-04-01,NA,els2026jisc
Online Social Networks and Media,NA,2468-6964,2026-04-01,NA,els2026jisc
Operations Research Letters,NA,0167-6377,2026-04-01,NA,els2026jisc
"Operations Research, Data Analytics and Logistics",NA,3050-7847,2026-04-01,NA,els2026jisc
Operative Techniques in Orthopaedics,NA,1048-6666,2026-04-01,NA,els2026jisc
Operative Techniques in Otolaryngology - Head and Neck Surgery,NA,1043-1810,2026-04-01,NA,els2026jisc
Operative Techniques in Sports Medicine,NA,1060-1872,2026-04-01,NA,els2026jisc
Operative Techniques in Thoracic and Cardiovascular Surgery,NA,1522-2942,2026-04-01,NA,els2026jisc
Ophthalmology,NA,0161-6420,2026-04-01,NA,els2026jisc
Ophthalmology Glaucoma,NA,2589-4196,2026-04-01,NA,els2026jisc
Ophthalmology Retina,NA,2468-6530,2026-04-01,NA,els2026jisc
Optical Fiber Technology,NA,1068-5200,2026-04-01,NA,els2026jisc
Optical Materials,NA,0925-3467,2026-04-01,NA,els2026jisc
Optical Switching and Networking,NA,1573-4277,2026-04-01,NA,els2026jisc
Optics & Laser Technology,NA,0030-3992,2026-04-01,NA,els2026jisc
Optics and Lasers in Engineering,NA,0143-8166,2026-04-01,NA,els2026jisc
Optics Communications,NA,0030-4018,2026-04-01,NA,els2026jisc
Optik,NA,0030-4026,2026-04-01,NA,els2026jisc
Oral Oncology,NA,1368-8375,2026-04-01,NA,els2026jisc
"Oral Surgery, Oral Medicine, Oral Pathology and Oral Radiology",NA,2212-4403,2026-04-01,NA,els2026jisc
Ore and Energy Resource Geology,NA,2666-2612,2026-04-01,NA,els2026jisc
Organic Electronics,NA,1566-1199,2026-04-01,NA,els2026jisc
Organic Geochemistry,NA,0146-6380,2026-04-01,NA,els2026jisc
Organizational Behavior and Human Decision Processes,NA,0749-5978,2026-04-01,NA,els2026jisc
Organizational Dynamics,NA,0090-2616,2026-04-01,NA,els2026jisc
Orthopaedics & Traumatology: Surgery & Research,NA,1877-0568,2026-04-01,NA,els2026jisc
Osteoarthritis and Cartilage,NA,1063-4584,2026-04-01,NA,els2026jisc
Osteopathische Medizin,NA,1615-9071,2026-04-01,NA,els2026jisc
Pacific-Basin Finance Journal,NA,0927-538X,2026-04-01,NA,els2026jisc
Paediatric Respiratory Reviews,NA,1526-0542,2026-04-01,NA,els2026jisc
Pain Management Nursing,NA,1524-9042,2026-04-01,NA,els2026jisc
"Palaeogeography, Palaeoclimatology, Palaeoecology",NA,0031-0182,2026-04-01,NA,els2026jisc
Palaeoworld,NA,1871-174X,2026-04-01,NA,els2026jisc
Pancreatology,NA,1424-3903,2026-04-01,NA,els2026jisc
Parallel Computing,NA,0167-8191,2026-04-01,NA,els2026jisc
Parasitology International,NA,1383-5769,2026-04-01,NA,els2026jisc
Parkinsonism & Related Disorders,NA,1353-8020,2026-04-01,NA,els2026jisc
Particuology,NA,1674-2001,2026-04-01,NA,els2026jisc
Pathology,NA,0031-3025,2026-04-01,NA,els2026jisc
Pathology - Research and Practice,NA,0344-0338,2026-04-01,NA,els2026jisc
Patient Education and Counseling,NA,0738-3991,2026-04-01,NA,els2026jisc
Pattern Recognition,NA,0031-3203,2026-04-01,NA,els2026jisc
Pattern Recognition Letters,NA,0167-8655,2026-04-01,NA,els2026jisc
Peace and Sustainability,NA,2950-6425,2026-04-01,NA,els2026jisc
Pediatric Dental Journal,NA,0917-2394,2026-04-01,NA,els2026jisc
Pediatric Neurology,NA,0887-8994,2026-04-01,NA,els2026jisc
Pedobiologia,NA,0031-4056,2026-04-01,NA,els2026jisc
Peptides,NA,0196-9781,2026-04-01,NA,els2026jisc
Perfectionnement en Pédiatrie,NA,2588-932X,2026-04-01,NA,els2026jisc
Performance Enhancement & Health,NA,2211-2669,2026-04-01,NA,els2026jisc
Performance Evaluation,NA,0166-5316,2026-04-01,NA,els2026jisc
Perioperative Care and Operating Room Management,NA,2405-6030,2026-04-01,NA,els2026jisc
Personality and Individual Differences,NA,0191-8869,2026-04-01,NA,els2026jisc
Personalized Medicine in Psychiatry,NA,2468-1717,2026-04-01,NA,els2026jisc
"Perspectives in Plant Ecology, Evolution and Systematics",NA,1433-8319,2026-04-01,NA,els2026jisc
Pervasive and Mobile Computing,NA,1574-1192,2026-04-01,NA,els2026jisc
Pesticide Biochemistry and Physiology,NA,0048-3575,2026-04-01,NA,els2026jisc
Pharmacological Research - Natural Products,NA,2950-1997,2026-04-01,NA,els2026jisc
Pharmacological Research - Reports,NA,2950-2004,2026-04-01,NA,els2026jisc
Pharmacological Reviews,NA,0031-6997,2026-04-01,NA,els2026jisc
Pharmacology & Therapeutics,NA,0163-7258,2026-04-01,NA,els2026jisc
Pharmacology Biochemistry and Behavior,NA,0091-3057,2026-04-01,NA,els2026jisc
PharmaNutrition,NA,2213-4344,2026-04-01,NA,els2026jisc
Photonics and Nanostructures - Fundamentals and Applications,NA,1569-4410,2026-04-01,NA,els2026jisc
Physica A: Statistical Mechanics and its Applications,NA,0378-4371,2026-04-01,NA,els2026jisc
Physica B: Condensed Matter,NA,0921-4526,2026-04-01,NA,els2026jisc
Physica C: Superconductivity and its Applications,NA,0921-4534,2026-04-01,NA,els2026jisc
Physica D: Nonlinear Phenomena,NA,0167-2789,2026-04-01,NA,els2026jisc
Physica E: Low-Dimensional Systems and Nanostructures,NA,1386-9477,2026-04-01,NA,els2026jisc
Physica Medica,NA,1120-1797,2026-04-01,NA,els2026jisc
Physical Communication,NA,1874-4907,2026-04-01,NA,els2026jisc
Physical Therapy in Sport,NA,1466-853X,2026-04-01,NA,els2026jisc
"Physics and Chemistry of the Earth, Parts A/B/C",NA,1474-7065,2026-04-01,NA,els2026jisc
Physics Letters A,NA,0375-9601,2026-04-01,NA,els2026jisc
Physics of Life Reviews,NA,1571-0645,2026-04-01,NA,els2026jisc
Physics of the Dark Universe,NA,2212-6864,2026-04-01,NA,els2026jisc
Physics of the Earth and Planetary Interiors,NA,0031-9201,2026-04-01,NA,els2026jisc
Physics Reports,NA,0370-1573,2026-04-01,NA,els2026jisc
Physiological and Molecular Plant Pathology,NA,0885-5765,2026-04-01,NA,els2026jisc
Physiology & Behavior,NA,0031-9384,2026-04-01,NA,els2026jisc
Physiotherapy,NA,0031-9406,2026-04-01,NA,els2026jisc
Phytochemistry,NA,0031-9422,2026-04-01,NA,els2026jisc
Phytochemistry Letters,NA,1874-3900,2026-04-01,NA,els2026jisc
Phytomedicine,NA,0944-7113,2026-04-01,NA,els2026jisc
Piel,NA,0213-9251,2026-04-01,NA,els2026jisc
Placenta,NA,0143-4004,2026-04-01,NA,els2026jisc
Planetary and Space Science,NA,0032-0633,2026-04-01,NA,els2026jisc
Plant Gene,NA,2352-4073,2026-04-01,NA,els2026jisc
Plant Research,NA,3117-5821,2026-04-01,NA,els2026jisc
Plant Science,NA,0168-9452,2026-04-01,NA,els2026jisc
Plasmid,NA,0147-619X,2026-04-01,NA,els2026jisc
Poetics,NA,0304-422X,2026-04-01,NA,els2026jisc
Polar Science,NA,1873-9652,2026-04-01,NA,els2026jisc
Political Geography,NA,0962-6298,2026-04-01,NA,els2026jisc
Polyhedron,NA,0277-5387,2026-04-01,NA,els2026jisc
Polymer,NA,0032-3861,2026-04-01,NA,els2026jisc
Polymer Degradation and Stability,NA,0141-3910,2026-04-01,NA,els2026jisc
Postharvest Biology and Technology,NA,0925-5214,2026-04-01,NA,els2026jisc
Powder Technology,NA,0032-5910,2026-04-01,NA,els2026jisc
Practical Radiation Oncology,NA,1879-8500,2026-04-01,NA,els2026jisc
Pratique Neurologique - FMC,NA,1878-7762,2026-04-01,NA,els2026jisc
Pratiques Psychologiques,NA,1269-1763,2026-04-01,NA,els2026jisc
Precambrian Research,NA,0301-9268,2026-04-01,NA,els2026jisc
Precision Engineering,NA,0141-6359,2026-04-01,NA,els2026jisc
Pregnancy Hypertension,NA,2210-7789,2026-04-01,NA,els2026jisc
Preventive Medicine,NA,0091-7435,2026-04-01,NA,els2026jisc
Preventive Veterinary Medicine,NA,0167-5877,2026-04-01,NA,els2026jisc
Primary Care Diabetes,NA,1751-9918,2026-04-01,NA,els2026jisc
Probabilistic Engineering Mechanics,NA,0266-8920,2026-04-01,NA,els2026jisc
Proceedings of the Combustion Institute,NA,1540-7489,2026-04-01,NA,els2026jisc
Proceedings of the Geologists' Association,NA,0016-7878,2026-04-01,NA,els2026jisc
Process Biochemistry,NA,1359-5113,2026-04-01,NA,els2026jisc
Process Safety and Environmental Protection,NA,0957-5820,2026-04-01,NA,els2026jisc
Progress in Aerospace Sciences,NA,0376-0421,2026-04-01,NA,els2026jisc
Progress in Biophysics & Molecular Biology,NA,0079-6107,2026-04-01,NA,els2026jisc
Progress in Cardiovascular Diseases,NA,0033-0620,2026-04-01,NA,els2026jisc
Progress in Economic Geography,NA,2949-6942,2026-04-01,NA,els2026jisc
Progress in Energy and Combustion Science,NA,0360-1285,2026-04-01,NA,els2026jisc
Progress in Engineering Science,NA,2950-4252,2026-04-01,NA,els2026jisc
Progress in Lipid Research,NA,0163-7827,2026-04-01,NA,els2026jisc
Progress in Materials Science,NA,0079-6425,2026-04-01,NA,els2026jisc
Progress in Natural Science: Materials International,NA,1002-0071,2026-04-01,NA,els2026jisc
Progress in Neurobiology,NA,0301-0082,2026-04-01,NA,els2026jisc
Progress in Neuro-Psychopharmacology & Biological Psychiatry,NA,0278-5846,2026-04-01,NA,els2026jisc
Progress in Nuclear Energy,NA,0149-1970,2026-04-01,NA,els2026jisc
Progress in Nuclear Magnetic Resonance Spectroscopy,NA,0079-6565,2026-04-01,NA,els2026jisc
Progress in Oceanography,NA,0079-6611,2026-04-01,NA,els2026jisc
Progress in Organic Coatings,NA,0300-9440,2026-04-01,NA,els2026jisc
Progress in Particle and Nuclear Physics,NA,0146-6410,2026-04-01,NA,els2026jisc
Progress in Pediatric Cardiology,NA,1058-9813,2026-04-01,NA,els2026jisc
Progress in Planning,NA,0305-9006,2026-04-01,NA,els2026jisc
Progress in Polymer Science,NA,0079-6700,2026-04-01,NA,els2026jisc
Progress in Quantum Electronics,NA,0079-6727,2026-04-01,NA,els2026jisc
Progress in Retinal and Eye Research,NA,1350-9462,2026-04-01,NA,els2026jisc
Progress in Solid State Chemistry,NA,0079-6786,2026-04-01,NA,els2026jisc
Progress in Surface Science,NA,0079-6816,2026-04-01,NA,els2026jisc
Prostaglandins & Other Lipid Mediators,NA,1098-8823,2026-04-01,NA,els2026jisc
"Prostaglandins, Leukotrienes & Essential Fatty Acids",NA,0952-3278,2026-04-01,NA,els2026jisc
Protein Expression and Purification,NA,1046-5928,2026-04-01,NA,els2026jisc
Protist,NA,1434-4610,2026-04-01,NA,els2026jisc
Psiquiatría Biológica,NA,1134-5934,2026-04-01,NA,els2026jisc
Psychiatry Research,NA,0165-1781,2026-04-01,NA,els2026jisc
Psychiatry Research: Neuroimaging,NA,0925-4927,2026-04-01,NA,els2026jisc
Psychologie du Travail et des Organisations,NA,1420-2530,2026-04-01,NA,els2026jisc
Psychology of Sport and Exercise,NA,1469-0292,2026-04-01,NA,els2026jisc
Psychoneuroendocrinology,NA,0306-4530,2026-04-01,NA,els2026jisc
Public Health,NA,0033-3506,2026-04-01,NA,els2026jisc
Public Relations Review,NA,0363-8111,2026-04-01,NA,els2026jisc
Pulmonary Pharmacology & Therapeutics,NA,1094-5539,2026-04-01,NA,els2026jisc
Quaternary Geochronology,NA,1871-1014,2026-04-01,NA,els2026jisc
Quaternary International,NA,1040-6182,2026-04-01,NA,els2026jisc
Quaternary Science Reviews,NA,0277-3791,2026-04-01,NA,els2026jisc
Radiation Measurements,NA,1350-4487,2026-04-01,NA,els2026jisc
Radiation Physics and Chemistry,NA,0969-806X,2026-04-01,NA,els2026jisc
Radiography,NA,1078-8174,2026-04-01,NA,els2026jisc
Radiología,NA,0033-8338,2026-04-01,NA,els2026jisc
Radiología (English Edition),NA,2173-5107,2026-04-01,NA,els2026jisc
Radiotherapy & Oncology,NA,0167-8140,2026-04-01,NA,els2026jisc
Rangelands,NA,0190-0528,2026-04-01,NA,els2026jisc
Reactive and Functional Polymers,NA,1381-5148,2026-04-01,NA,els2026jisc
REC: CardioClinics,NA,2605-1532,2026-04-01,NA,els2026jisc
Regional Science and Urban Economics,NA,0166-0462,2026-04-01,NA,els2026jisc
Regional Studies in Marine Science,NA,2352-4855,2026-04-01,NA,els2026jisc
Regulatory Toxicology and Pharmacology,NA,0273-2300,2026-04-01,NA,els2026jisc
Rehabilitación,NA,0048-7120,2026-04-01,NA,els2026jisc
Reliability Engineering & System Safety,NA,0951-8320,2026-04-01,NA,els2026jisc
Remote Sensing Applications: Society and Environment,NA,2352-9385,2026-04-01,NA,els2026jisc
Remote Sensing of Environment,NA,0034-4257,2026-04-01,NA,els2026jisc
Renewable & Sustainable Energy Reviews,NA,1364-0321,2026-04-01,NA,els2026jisc
Renewable Energy,NA,0960-1481,2026-04-01,NA,els2026jisc
Renewable Energy Focus,NA,1755-0084,2026-04-01,NA,els2026jisc
Reproductive Biology,NA,1642-431X,2026-04-01,NA,els2026jisc
Reproductive BioMedicine Online,NA,1472-6483,2026-04-01,NA,els2026jisc
Reproductive Toxicology,NA,0890-6238,2026-04-01,NA,els2026jisc
Research in Autism,NA,3050-6565,2026-04-01,NA,els2026jisc
Research in Developmental Disabilities,NA,0891-4222,2026-04-01,NA,els2026jisc
Research in Economics,NA,1090-9443,2026-04-01,NA,els2026jisc
Research in International Business and Finance,NA,0275-5319,2026-04-01,NA,els2026jisc
Research in Neurodiversity,NA,3050-5798,2026-04-01,NA,els2026jisc
Research in Organizational Behavior,NA,0191-3085,2026-04-01,NA,els2026jisc
Research in Social and Administrative Pharmacy,NA,1551-7411,2026-04-01,NA,els2026jisc
Research in Social Stratification and Mobility,NA,0276-5624,2026-04-01,NA,els2026jisc
Research in Transportation Business & Management,NA,2210-5395,2026-04-01,NA,els2026jisc
Research in Transportation Economics,NA,0739-8859,2026-04-01,NA,els2026jisc
Research in Veterinary Science,NA,0034-5288,2026-04-01,NA,els2026jisc
Research Methods in Applied Linguistics,NA,2772-7661,2026-04-01,NA,els2026jisc
Research Policy,NA,0048-7333,2026-04-01,NA,els2026jisc
Resource and Energy Economics,NA,0928-7655,2026-04-01,NA,els2026jisc
Resources Policy,NA,0301-4207,2026-04-01,NA,els2026jisc
"Resources, Conservation & Recycling",NA,0921-3449,2026-04-01,NA,els2026jisc
Respiratory Investigation,NA,2212-5345,2026-04-01,NA,els2026jisc
Respiratory Medicine,NA,0954-6111,2026-04-01,NA,els2026jisc
Respiratory Medicine and Research,NA,2590-0412,2026-04-01,NA,els2026jisc
Respiratory Physiology & Neurobiology,NA,1569-9048,2026-04-01,NA,els2026jisc
Resuscitation,NA,0300-9572,2026-04-01,NA,els2026jisc
Reumatología Clínica,NA,1699-258X,2026-04-01,NA,els2026jisc
Reumatología Clínica (English Edition),NA,2173-5743,2026-04-01,NA,els2026jisc
Review of Economic Dynamics,NA,1094-2025,2026-04-01,NA,els2026jisc
Review of Palaeobotany and Palynology,NA,0034-6667,2026-04-01,NA,els2026jisc
Revista Clínica Española,NA,0014-2565,2026-04-01,NA,els2026jisc
Revista Clínica Española (English Edition),NA,2254-8874,2026-04-01,NA,els2026jisc
Revista Colombiana de Reumatología,NA,0121-8123,2026-04-01,NA,els2026jisc
Revista Colombiana de Reumatología (English Edition),NA,2444-4405,2026-04-01,NA,els2026jisc
"Revista de Logopedia, Foniatría y Audiología",NA,0214-4603,2026-04-01,NA,els2026jisc
Revista de Psicodidáctica,NA,1136-1034,2026-04-01,NA,els2026jisc
Revista de Psicodidáctica (English Edition),NA,2530-3805,2026-04-01,NA,els2026jisc
Revista de Senología y Patología Mamaria,NA,0214-1582,2026-04-01,NA,els2026jisc
Revista Española de Anestesiología y Reanimación,NA,0034-9356,2026-04-01,NA,els2026jisc
Revista Española de Anestesiología y Reanimación (English Edition),NA,2341-1929,2026-04-01,NA,els2026jisc
Revista Española de Cardiología,NA,0300-8932,2026-04-01,NA,els2026jisc
Revista Española de Cardiología (English Edition),NA,1885-5857,2026-04-01,NA,els2026jisc
Revista Española de Geriatría y Gerontología,NA,0211-139X,2026-04-01,NA,els2026jisc
Revista Española de Medicina Legal,NA,0377-4732,2026-04-01,NA,els2026jisc
Revista Española de Medicina Nuclear e Imagen Molecular,NA,2253-654X,2026-04-01,NA,els2026jisc
Revista Española de Medicina Nuclear e Imagen Molecular (English Edition),NA,2253-8089,2026-04-01,NA,els2026jisc
Revista Española de Patología,NA,1699-8855,2026-04-01,NA,els2026jisc
Revista Iberoamericana de Micología,NA,1130-1406,2026-04-01,NA,els2026jisc
Revue de Chirurgie Orthopédique et Traumatologique,NA,1877-0517,2026-04-01,NA,els2026jisc
Revue de Micropaléontologie,NA,0035-1598,2026-04-01,NA,els2026jisc
Revue du Rhumatisme,NA,1169-8330,2026-04-01,NA,els2026jisc
Revue Française d'Allergologie,NA,1877-0320,2026-04-01,NA,els2026jisc
Revue Neurologique,NA,0035-3787,2026-04-01,NA,els2026jisc
Rhizosphere,NA,2452-2198,2026-04-01,NA,els2026jisc
Robotics and Autonomous Systems,NA,0921-8890,2026-04-01,NA,els2026jisc
Robotics and Computer-Integrated Manufacturing,NA,0736-5845,2026-04-01,NA,els2026jisc
Safety Science,NA,0925-7535,2026-04-01,NA,els2026jisc
Sages-Femmes,NA,1637-4088,2026-04-01,NA,els2026jisc
Scandinavian Journal of Management,NA,0956-5221,2026-04-01,NA,els2026jisc
Schizophrenia Research,NA,0920-9964,2026-04-01,NA,els2026jisc
Science & Justice,NA,1355-0306,2026-04-01,NA,els2026jisc
Science & Sports,NA,0765-1597,2026-04-01,NA,els2026jisc
Science Bulletin,NA,2095-9273,2026-04-01,NA,els2026jisc
Science of Computer Programming,NA,0167-6423,2026-04-01,NA,els2026jisc
Science of the Total Environment,NA,0048-9697,2026-04-01,NA,els2026jisc
Scripta Materialia,NA,1359-6462,2026-04-01,NA,els2026jisc
Sedimentary Geology,NA,0037-0738,2026-04-01,NA,els2026jisc
Seizure: European Journal of Epilepsy,NA,1059-1311,2026-04-01,NA,els2026jisc
Seminars in Arthritis and Rheumatism,NA,0049-0172,2026-04-01,NA,els2026jisc
Seminars in Arthroplasty: JSES,NA,1045-4527,2026-04-01,NA,els2026jisc
Seminars in Cancer Biology,NA,1044-579X,2026-04-01,NA,els2026jisc
Seminars in Cell and Developmental Biology,NA,1084-9521,2026-04-01,NA,els2026jisc
Seminars in Colon and Rectal Surgery,NA,1043-1489,2026-04-01,NA,els2026jisc
Seminars in Diagnostic Pathology,NA,0740-2570,2026-04-01,NA,els2026jisc
Seminars in Fetal & Neonatal Medicine,NA,1744-165X,2026-04-01,NA,els2026jisc
Seminars in Hematology,NA,0037-1963,2026-04-01,NA,els2026jisc
Seminars in Immunology,NA,1044-5323,2026-04-01,NA,els2026jisc
Seminars in Nephrology,NA,0270-9295,2026-04-01,NA,els2026jisc
Seminars in Nuclear Medicine,NA,0001-2998,2026-04-01,NA,els2026jisc
Seminars in Oncology,NA,0093-7754,2026-04-01,NA,els2026jisc
Seminars in Oncology Nursing,NA,0749-2081,2026-04-01,NA,els2026jisc
Seminars in Orthodontics,NA,1073-8746,2026-04-01,NA,els2026jisc
Seminars in Pediatric Neurology,NA,1071-9091,2026-04-01,NA,els2026jisc
Seminars in Pediatric Surgery,NA,1055-8586,2026-04-01,NA,els2026jisc
Seminars in Perinatology,NA,0146-0005,2026-04-01,NA,els2026jisc
Seminars in Radiation Oncology,NA,1053-4296,2026-04-01,NA,els2026jisc
Seminars in Roentgenology,NA,0037-198X,2026-04-01,NA,els2026jisc
Seminars in Spine Surgery,NA,1040-7383,2026-04-01,NA,els2026jisc
Seminars in Thoracic and Cardiovascular Surgery,NA,1043-0679,2026-04-01,NA,els2026jisc
Seminars in Thoracic and Cardiovascular Surgery: Pediatric Cardiac Surgery Annual,NA,1092-9126,2026-04-01,NA,els2026jisc
"Seminars in Ultrasound, CT and MRI",NA,0887-2171,2026-04-01,NA,els2026jisc
Seminars in Vascular Surgery,NA,0895-7967,2026-04-01,NA,els2026jisc
Sensors and Actuators A: Physical,NA,0924-4247,2026-04-01,NA,els2026jisc
Sensors and Actuators B: Chemical,NA,0925-4005,2026-04-01,NA,els2026jisc
Separation and Purification Technology,NA,1383-5866,2026-04-01,NA,els2026jisc
Signal Processing,NA,0165-1684,2026-04-01,NA,els2026jisc
Signal Processing: Image Communication,NA,0923-5965,2026-04-01,NA,els2026jisc
Simulation Modelling Practice and Theory,NA,1569-190X,2026-04-01,NA,els2026jisc
Slavic Literatures,NA,2950-3965,2026-04-01,NA,els2026jisc
Sleep Health,NA,2352-7218,2026-04-01,NA,els2026jisc
Sleep Medicine,NA,1389-9457,2026-04-01,NA,els2026jisc
Sleep Medicine Reviews,NA,1087-0792,2026-04-01,NA,els2026jisc
Small Ruminant Research,NA,0921-4488,2026-04-01,NA,els2026jisc
Smart Health,NA,2352-6483,2026-04-01,NA,els2026jisc
Social Networks,NA,0378-8733,2026-04-01,NA,els2026jisc
Social Science & Medicine,NA,0277-9536,2026-04-01,NA,els2026jisc
Social Science Research,NA,0049-089X,2026-04-01,NA,els2026jisc
Socio-Economic Planning Sciences,NA,0038-0121,2026-04-01,NA,els2026jisc
Soil & Tillage Research,NA,0167-1987,2026-04-01,NA,els2026jisc
Soil Biology & Biochemistry,NA,0038-0717,2026-04-01,NA,els2026jisc
Soil Dynamics and Earthquake Engineering,NA,0267-7261,2026-04-01,NA,els2026jisc
Solar Energy,NA,0038-092X,2026-04-01,NA,els2026jisc
Solar Energy Materials and Solar Cells,NA,0927-0248,2026-04-01,NA,els2026jisc
Solid State Communications,NA,0038-1098,2026-04-01,NA,els2026jisc
Solid State Ionics,NA,0167-2738,2026-04-01,NA,els2026jisc
Solid State Nuclear Magnetic Resonance,NA,0926-2040,2026-04-01,NA,els2026jisc
Solid State Sciences,NA,1293-2558,2026-04-01,NA,els2026jisc
Solid-State Electronics,NA,0038-1101,2026-04-01,NA,els2026jisc
South African Journal of Botany,NA,0254-6299,2026-04-01,NA,els2026jisc
Space Policy,NA,0265-9646,2026-04-01,NA,els2026jisc
Spanish Journal of Legal Medicine,NA,2445-4249,2026-04-01,NA,els2026jisc
Spanish Journal of Psychiatry and Mental Health,NA,2950-2853,2026-04-01,NA,els2026jisc
Spatial and Spatio-temporal Epidemiology,NA,1877-5845,2026-04-01,NA,els2026jisc
Spatial Statistics,NA,2211-6753,2026-04-01,NA,els2026jisc
Spectrochimica Acta Part A: Molecular and Biomolecular Spectroscopy,NA,1386-1425,2026-04-01,NA,els2026jisc
Spectrochimica Acta Part B: Atomic Spectroscopy,NA,0584-8547,2026-04-01,NA,els2026jisc
Speech Communication,NA,0167-6393,2026-04-01,NA,els2026jisc
Sports Economics Review,NA,2773-1618,2026-04-01,NA,els2026jisc
Sports Orthopaedics and Traumatology,NA,0949-328X,2026-04-01,NA,els2026jisc
Statistics & Probability Letters,NA,0167-7152,2026-04-01,NA,els2026jisc
Steroids,NA,0039-128X,2026-04-01,NA,els2026jisc
Stochastic Processes and their Applications,NA,0304-4149,2026-04-01,NA,els2026jisc
Strategic Business Research,NA,3051-0643,2026-04-01,NA,els2026jisc
Structural Change and Economic Dynamics,NA,0954-349X,2026-04-01,NA,els2026jisc
Structural Safety,NA,0167-4730,2026-04-01,NA,els2026jisc
Structure,NA,0969-2126,2026-04-01,NA,els2026jisc
Structures,NA,2352-0124,2026-04-01,NA,els2026jisc
Studies in Educational Evaluation,NA,0191-491X,2026-04-01,NA,els2026jisc
Studies in History and Philosophy of Science,NA,0039-3681,2026-04-01,NA,els2026jisc
Surface and Coatings Technology,NA,0257-8972,2026-04-01,NA,els2026jisc
Surface Science,NA,0039-6028,2026-04-01,NA,els2026jisc
Surface Science Reports,NA,0167-5729,2026-04-01,NA,els2026jisc
Surfaces and Interfaces,NA,2468-0230,2026-04-01,NA,els2026jisc
Surgery,NA,0039-6060,2026-04-01,NA,els2026jisc
Surgery for Obesity and Related Diseases,NA,1550-7289,2026-04-01,NA,els2026jisc
Surgical Oncology,NA,0960-7404,2026-04-01,NA,els2026jisc
Survey of Ophthalmology,NA,0039-6257,2026-04-01,NA,els2026jisc
Sustainable Chemistry and Pharmacy,NA,2352-5541,2026-04-01,NA,els2026jisc
Sustainable Chemistry One World,NA,2950-3574,2026-04-01,NA,els2026jisc
Sustainable Cities and Society,NA,2210-6707,2026-04-01,NA,els2026jisc
Sustainable Computing: Informatics and Systems,NA,2210-5379,2026-04-01,NA,els2026jisc
Sustainable Energy Technologies and Assessments,NA,2213-1388,2026-04-01,NA,els2026jisc
"Sustainable Energy, Grids and Networks",NA,2352-4677,2026-04-01,NA,els2026jisc
Sustainable Materials and Technologies,NA,2214-9937,2026-04-01,NA,els2026jisc
Sustainable Production and Consumption,NA,2352-5509,2026-04-01,NA,els2026jisc
Swarm and Evolutionary Computation,NA,2210-6502,2026-04-01,NA,els2026jisc
Synthetic Metals,NA,0379-6779,2026-04-01,NA,els2026jisc
System,NA,0346-251X,2026-04-01,NA,els2026jisc
Systematic and Applied Microbiology,NA,0723-2020,2026-04-01,NA,els2026jisc
Systems & Control Letters,NA,0167-6911,2026-04-01,NA,els2026jisc
Systems Ethnopharmacology and Sustainable Bioresources,NA,3117-5767,2026-04-01,NA,els2026jisc
Talanta,NA,0039-9140,2026-04-01,NA,els2026jisc
Teaching and Learning in Nursing,NA,1557-3087,2026-04-01,NA,els2026jisc
Teaching and Teacher Education,NA,0742-051X,2026-04-01,NA,els2026jisc
Techniques and Innovations in Gastrointestinal Endoscopy,NA,2590-0307,2026-04-01,NA,els2026jisc
Techniques in Vascular and Interventional Radiology,NA,1089-2516,2026-04-01,NA,els2026jisc
Technological Forecasting and Social Change,NA,0040-1625,2026-04-01,NA,els2026jisc
Technology in Society,NA,0160-791X,2026-04-01,NA,els2026jisc
Technovation,NA,0166-4972,2026-04-01,NA,els2026jisc
Tectonophysics,NA,0040-1951,2026-04-01,NA,els2026jisc
Telecommunications Policy,NA,0308-5961,2026-04-01,NA,els2026jisc
Telematics and Informatics,NA,0736-5853,2026-04-01,NA,els2026jisc
Tetrahedron,NA,0040-4020,2026-04-01,NA,els2026jisc
Tetrahedron Letters,NA,0040-4039,2026-04-01,NA,els2026jisc
The American Journal of Cardiology,NA,0002-9149,2026-04-01,NA,els2026jisc
The American Journal of Clinical Nutrition,NA,0002-9165,2026-04-01,NA,els2026jisc
The American Journal of Geriatric Psychiatry,NA,1064-7481,2026-04-01,NA,els2026jisc
The American Journal of Human Genetics,NA,0002-9297,2026-04-01,NA,els2026jisc
The American Journal of Medicine,NA,0002-9343,2026-04-01,NA,els2026jisc
The American Journal of Pathology,NA,0002-9440,2026-04-01,NA,els2026jisc
The American Journal of Surgery,NA,0002-9610,2026-04-01,NA,els2026jisc
The American Journal of the Medical Sciences,NA,0002-9629,2026-04-01,NA,els2026jisc
The Annals of Thoracic Surgery,NA,0003-4975,2026-04-01,NA,els2026jisc
The Arts in Psychotherapy,NA,0197-4556,2026-04-01,NA,els2026jisc
The British Accounting Review,NA,0890-8389,2026-04-01,NA,els2026jisc
The Egyptian Rheumatologist,NA,1110-1164,2026-04-01,NA,els2026jisc
The Electricity Journal,NA,1040-6190,2026-04-01,NA,els2026jisc
The European Journal of Psychiatry,NA,0213-6163,2026-04-01,NA,els2026jisc
The Extractive Industries and Society,NA,2214-790X,2026-04-01,NA,els2026jisc
The Foot,NA,0958-2592,2026-04-01,NA,els2026jisc
The French Journal of Urology,NA,2950-3930,2026-04-01,NA,els2026jisc
The International Journal of Biochemistry & Cell Biology,NA,1357-2725,2026-04-01,NA,els2026jisc
The International Journal of Management Education,NA,1472-8117,2026-04-01,NA,els2026jisc
The Internet and Higher Education,NA,1096-7516,2026-04-01,NA,els2026jisc
The Joint Commission Journal on Quality and Patient Safety,NA,1553-7250,2026-04-01,NA,els2026jisc
The Journal for Nurse Practitioners,NA,1555-4155,2026-04-01,NA,els2026jisc
The Journal of Academic Librarianship,NA,0099-1333,2026-04-01,NA,els2026jisc
The Journal of Allergy and Clinical Immunology: In Practice,NA,2213-2198,2026-04-01,NA,els2026jisc
The Journal of Chemical Thermodynamics,NA,0021-9614,2026-04-01,NA,els2026jisc
The Journal of Economic Asymmetries,NA,1703-4949,2026-04-01,NA,els2026jisc
The Journal of Emergency Medicine,NA,0736-4679,2026-04-01,NA,els2026jisc
The Journal of Foot & Ankle Surgery,NA,1067-2516,2026-04-01,NA,els2026jisc
The Journal of Hand Surgery,NA,0363-5023,2026-04-01,NA,els2026jisc
The Journal of Heart and Lung Transplantation,NA,1053-2498,2026-04-01,NA,els2026jisc
The Journal of Mathematical Behavior,NA,0732-3123,2026-04-01,NA,els2026jisc
The Journal of Molecular Diagnostics,NA,1525-1578,2026-04-01,NA,els2026jisc
The Journal of Nutrition,NA,0022-3166,2026-04-01,NA,els2026jisc
The Journal of Nutritional Biochemistry,NA,0955-2863,2026-04-01,NA,els2026jisc
The Journal of Pain,NA,1526-5900,2026-04-01,NA,els2026jisc
The Journal of Pediatrics,NA,0022-3476,2026-04-01,NA,els2026jisc
The Journal of Pharmacology and Experimental Therapeutics,NA,0022-3565,2026-04-01,NA,els2026jisc
The Journal of Prosthetic Dentistry,NA,0022-3913,2026-04-01,NA,els2026jisc
The Journal of Steroid Biochemistry and Molecular Biology,NA,0960-0760,2026-04-01,NA,els2026jisc
The Journal of Strategic Information Systems,NA,0963-8687,2026-04-01,NA,els2026jisc
The Journal of Supercritical Fluids,NA,0896-8446,2026-04-01,NA,els2026jisc
The Journal of the American Dental Association,NA,0002-8177,2026-04-01,NA,els2026jisc
The Journal of the Economics of Ageing,NA,2212-828X,2026-04-01,NA,els2026jisc
The Journal of Thoracic and Cardiovascular Surgery,NA,0022-5223,2026-04-01,NA,els2026jisc
The Knee,NA,0968-0160,2026-04-01,NA,els2026jisc
The Lancet,NA,0140-6736,2026-04-01,NA,els2026jisc
The Lancet Child & Adolescent Health,NA,2352-4642,2026-04-01,NA,els2026jisc
The Lancet Diabetes & Endocrinology,NA,2213-8587,2026-04-01,NA,els2026jisc
The Lancet Gastroenterology & Hepatology,NA,2468-1253,2026-04-01,NA,els2026jisc
The Lancet Haematology,NA,2352-3026,2026-04-01,NA,els2026jisc
The Lancet HIV,NA,2352-3018,2026-04-01,NA,els2026jisc
The Lancet Infectious Diseases,NA,1473-3099,2026-04-01,NA,els2026jisc
The Lancet Neurology,NA,1474-4422,2026-04-01,NA,els2026jisc
"The Lancet Obstetrics, Gynaecology, & Women’s Health",NA,3050-5038,2026-04-01,NA,els2026jisc
The Lancet Oncology,NA,1470-2045,2026-04-01,NA,els2026jisc
The Lancet Psychiatry,NA,2215-0366,2026-04-01,NA,els2026jisc
The Lancet Respiratory Medicine,NA,2213-2600,2026-04-01,NA,els2026jisc
The Lancet Rheumatology,NA,2665-9913,2026-04-01,NA,els2026jisc
The Leadership Quarterly,NA,1048-9843,2026-04-01,NA,els2026jisc
The North American Journal of Economics and Finance,NA,1062-9408,2026-04-01,NA,els2026jisc
The Ocular Surface,NA,1542-0124,2026-04-01,NA,els2026jisc
The Quarterly Review of Economics and Finance,NA,1062-9769,2026-04-01,NA,els2026jisc
The Spine Journal,NA,1529-9430,2026-04-01,NA,els2026jisc
The Surgeon,NA,1479-666X,2026-04-01,NA,els2026jisc
The Veterinary Journal,NA,1090-0233,2026-04-01,NA,els2026jisc
Theoretical and Applied Fracture Mechanics,NA,0167-8442,2026-04-01,NA,els2026jisc
Theoretical Computer Science,NA,0304-3975,2026-04-01,NA,els2026jisc
Theoretical Population Biology,NA,0040-5809,2026-04-01,NA,els2026jisc
Therapies,NA,0040-5957,2026-04-01,NA,els2026jisc
Theriogenology,NA,0093-691X,2026-04-01,NA,els2026jisc
Thermal Advances,NA,3050-4635,2026-04-01,NA,els2026jisc
Thermochimica Acta,NA,0040-6031,2026-04-01,NA,els2026jisc
Thin Solid Films,NA,0040-6090,2026-04-01,NA,els2026jisc
Thinking Skills and Creativity,NA,1871-1871,2026-04-01,NA,els2026jisc
Thin-Walled Structures,NA,0263-8231,2026-04-01,NA,els2026jisc
Thrombosis Research,NA,0049-3848,2026-04-01,NA,els2026jisc
Tissue and Cell,NA,0040-8166,2026-04-01,NA,els2026jisc
Topics in Companion Animal Medicine,NA,1938-9736,2026-04-01,NA,els2026jisc
Topology and its Applications,NA,0166-8641,2026-04-01,NA,els2026jisc
Total Chemistry,NA,3050-581X,2026-04-01,NA,els2026jisc
Total Environment Advances,NA,2950-3957,2026-04-01,NA,els2026jisc
Total Environment Engineering,NA,2950-631X,2026-04-01,NA,els2026jisc
Tourism Management,NA,0261-5177,2026-04-01,NA,els2026jisc
Tourism Management Perspectives,NA,2211-9736,2026-04-01,NA,els2026jisc
Toxicologie Analytique et Clinique,NA,2352-0078,2026-04-01,NA,els2026jisc
Toxicology,NA,0300-483X,2026-04-01,NA,els2026jisc
Toxicology and Applied Pharmacology,NA,0041-008X,2026-04-01,NA,els2026jisc
Toxicology in Vitro,NA,0887-2333,2026-04-01,NA,els2026jisc
Toxicology Letters,NA,0378-4274,2026-04-01,NA,els2026jisc
Toxicon,NA,0041-0101,2026-04-01,NA,els2026jisc
Transfusion and Apheresis Science,NA,1473-0502,2026-04-01,NA,els2026jisc
Transfusion Clinique et Biologique,NA,1246-7820,2026-04-01,NA,els2026jisc
Transfusion Medicine Reviews,NA,0887-7963,2026-04-01,NA,els2026jisc
Translational Research,NA,1931-5244,2026-04-01,NA,els2026jisc
Transnational Mobilities,NA,3117-5511,2026-04-01,NA,els2026jisc
Transplant Immunology,NA,0966-3274,2026-04-01,NA,els2026jisc
Transplantation and Cellular Therapy,NA,2666-6367,2026-04-01,NA,els2026jisc
Transplantation Proceedings,NA,0041-1345,2026-04-01,NA,els2026jisc
Transplantation Reviews,NA,0955-470X,2026-04-01,NA,els2026jisc
Transport Policy,NA,0967-070X,2026-04-01,NA,els2026jisc
Transportation Geotechnics,NA,2214-3912,2026-04-01,NA,els2026jisc
Transportation Research Part A: Policy and Practice,NA,0965-8564,2026-04-01,NA,els2026jisc
Transportation Research Part B: Methodological,NA,0191-2615,2026-04-01,NA,els2026jisc
Transportation Research Part C: Emerging Technologies,NA,0968-090X,2026-04-01,NA,els2026jisc
Transportation Research Part D: Transport and Environment,NA,1361-9209,2026-04-01,NA,els2026jisc
Transportation Research Part E: Logistics and Transportation Review,NA,1366-5545,2026-04-01,NA,els2026jisc
Transportation Research Part F: Traffic Psychology and Behaviour,NA,1369-8478,2026-04-01,NA,els2026jisc
Travel Behaviour and Society,NA,2214-367X,2026-04-01,NA,els2026jisc
Trends in Anaesthesia and Critical Care,NA,2210-8440,2026-04-01,NA,els2026jisc
Trends in Analytical Chemistry,NA,0165-9936,2026-04-01,NA,els2026jisc
Trends in Biochemical Sciences,NA,0968-0004,2026-04-01,NA,els2026jisc
Trends in Biotechnology,NA,0167-7799,2026-04-01,NA,els2026jisc
Trends in Cancer,NA,2405-8033,2026-04-01,NA,els2026jisc
Trends in Cardiovascular Medicine,NA,1050-1738,2026-04-01,NA,els2026jisc
Trends in Cell Biology,NA,0962-8924,2026-04-01,NA,els2026jisc
Trends in Chemistry,NA,2589-5974,2026-04-01,NA,els2026jisc
Trends in Cognitive Sciences,NA,1364-6613,2026-04-01,NA,els2026jisc
Trends in Ecology & Evolution,NA,0169-5347,2026-04-01,NA,els2026jisc
Trends in Endocrinology & Metabolism,NA,1043-2760,2026-04-01,NA,els2026jisc
Trends in Environmental Analytical Chemistry,NA,2214-1588,2026-04-01,NA,els2026jisc
Trends in Food Science & Technology,NA,0924-2244,2026-04-01,NA,els2026jisc
Trends in Genetics,NA,0168-9525,2026-04-01,NA,els2026jisc
Trends in Immunology,NA,1471-4906,2026-04-01,NA,els2026jisc
Trends in Microbiology,NA,0966-842X,2026-04-01,NA,els2026jisc
Trends in Molecular Medicine,NA,1471-4914,2026-04-01,NA,els2026jisc
Trends in Neuroscience and Education,NA,2211-9493,2026-04-01,NA,els2026jisc
Trends in Neurosciences,NA,0166-2236,2026-04-01,NA,els2026jisc
Trends in Parasitology,NA,1471-4922,2026-04-01,NA,els2026jisc
Trends in Pharmacological Sciences,NA,0165-6147,2026-04-01,NA,els2026jisc
Trends in Plant Science,NA,1360-1385,2026-04-01,NA,els2026jisc
Tribology International,NA,0301-679X,2026-04-01,NA,els2026jisc
Tuberculosis,NA,1472-9792,2026-04-01,NA,els2026jisc
Tunnelling and Underground Space Technology,NA,0886-7798,2026-04-01,NA,els2026jisc
Ultramicroscopy,NA,0304-3991,2026-04-01,NA,els2026jisc
Ultrasonics,NA,0041-624X,2026-04-01,NA,els2026jisc
Ultrasound in Medicine & Biology,NA,0301-5629,2026-04-01,NA,els2026jisc
Urban Climate,NA,2212-0955,2026-04-01,NA,els2026jisc
Urban Forestry & Urban Greening,NA,1618-8667,2026-04-01,NA,els2026jisc
Urologic Oncology: Seminars and Original Investigations,NA,1078-1439,2026-04-01,NA,els2026jisc
Urology,NA,0090-4295,2026-04-01,NA,els2026jisc
Utilities Policy,NA,0957-1787,2026-04-01,NA,els2026jisc
Vaccine,NA,0264-410X,2026-04-01,NA,els2026jisc
Vacunas,NA,1576-9887,2026-04-01,NA,els2026jisc
Vacunas (English Edition),NA,2445-1460,2026-04-01,NA,els2026jisc
Vacuum,NA,0042-207X,2026-04-01,NA,els2026jisc
Value in Health,NA,1098-3015,2026-04-01,NA,els2026jisc
Vascular Diseases,NA,3050-6581,2026-04-01,NA,els2026jisc
Vascular Pharmacology,NA,1537-1891,2026-04-01,NA,els2026jisc
Vehicular Communications,NA,2214-2096,2026-04-01,NA,els2026jisc
Veterinary Immunology and Immunopathology,NA,0165-2427,2026-04-01,NA,els2026jisc
Veterinary Microbiology,NA,0378-1135,2026-04-01,NA,els2026jisc
Veterinary Parasitology,NA,0304-4017,2026-04-01,NA,els2026jisc
Veterinary Parasitology: Regional Studies and Reports,NA,2405-9390,2026-04-01,NA,els2026jisc
Vibrational Spectroscopy,NA,0924-2031,2026-04-01,NA,els2026jisc
Virology,NA,0042-6822,2026-04-01,NA,els2026jisc
Vision Research,NA,0042-6989,2026-04-01,NA,els2026jisc
Visual Journal of Emergency Medicine,NA,2405-4690,2026-04-01,NA,els2026jisc
Waste Management,NA,0956-053X,2026-04-01,NA,els2026jisc
Water Research,NA,0043-1354,2026-04-01,NA,els2026jisc
Water Security,NA,2468-3124,2026-04-01,NA,els2026jisc
Wave Motion,NA,0165-2125,2026-04-01,NA,els2026jisc
Wear,NA,0043-1648,2026-04-01,NA,els2026jisc
Women and Birth,NA,1871-5192,2026-04-01,NA,els2026jisc
Women's Health Issues,NA,1049-3867,2026-04-01,NA,els2026jisc
Women's Studies International Forum,NA,0277-5395,2026-04-01,NA,els2026jisc
World Development,NA,0305-750X,2026-04-01,NA,els2026jisc
World Development Perspectives,NA,2452-2929,2026-04-01,NA,els2026jisc
World Patent Information,NA,0172-2190,2026-04-01,NA,els2026jisc
"Zeitschrift für Evidenz, Fortbildung und Qualität im Gesundheitswesen",NA,1865-9217,2026-04-01,NA,els2026jisc
Zoologischer Anzeiger,NA,0044-5231,2026-04-01,NA,els2026jisc
Zoology,NA,0944-2006,2026-04-01,NA,els2026jisc
Biology Open,2046-6390,NA,2026-04-03,NA,compbio2024mssm
Development,0950-1991,1477-9129,2026-04-03,NA,compbio2024mssm
Disease Models & Mechanisms,1754-8403,1754-8411,2026-04-03,NA,compbio2024mssm
Journal of Cell Science,0021-9533,1477-9137,2026-04-03,NA,compbio2024mssm
Journal of Experimental Biology,0022-0949,1477-9145,2026-04-03,NA,compbio2024mssm
Biology Open,2046-6390,NA,2026-04-03,NA,compbio2024eifl
Development,0950-1991,1477-9129,2026-04-03,NA,compbio2024eifl
Disease Models & Mechanisms,1754-8403,1754-8411,2026-04-03,NA,compbio2024eifl
Journal of Cell Science,0021-9533,1477-9137,2026-04-03,NA,compbio2024eifl
Journal of Experimental Biology,0022-0949,1477-9145,2026-04-03,NA,compbio2024eifl
Biology Open,2046-6390,NA,2026-04-03,NA,compbio2024cdl
Development,0950-1991,1477-9129,2026-04-03,NA,compbio2024cdl
Disease Models & Mechanisms,1754-8403,1754-8411,2026-04-03,NA,compbio2024cdl
Journal of Cell Science,0021-9533,1477-9137,2026-04-03,NA,compbio2024cdl
Journal of Experimental Biology,0022-0949,1477-9145,2026-04-03,NA,compbio2024cdl
Acta Neuropsychiatrica,0924-2708,1601-5215,2026-04-03,NA,cam2025kaust
Acta Numerica,0962-4929,1474-0508,2026-04-03,NA,cam2025kaust
Advances in Applied Probability,0001-8678,1475-6064,2026-04-03,NA,cam2025kaust
Advances in Archaeological Practice,NA,2326-3768,2026-04-03,NA,cam2025kaust
Africa,0001-9720,1750-0184,2026-04-03,NA,cam2025kaust
"Africa Bibliography, Research and Documentation",2752-6399,2752-6402,2026-04-03,NA,cam2025kaust
African Studies Review,0002-0206,1555-2462,2026-04-03,NA,cam2025kaust
Ageing & Society,0144-686X,1469-1779,2026-04-03,NA,cam2025kaust
Agricultural and Resource Economics Review,1068-2805,2372-2614,2026-04-03,NA,cam2025kaust
AI EDAM,0890-0604,1469-1760,2026-04-03,NA,cam2025kaust
American Antiquity,0002-7316,2325-5064,2026-04-03,NA,cam2025kaust
American Journal of International Law,0002-9300,2161-7953,2026-04-03,NA,cam2025kaust
American Journal of Law & Medicine,0098-8588,2375-835X,2026-04-03,NA,cam2025kaust
American Political Science Review,0003-0554,1537-5943,2026-04-03,NA,cam2025kaust
Anatolian Studies,0066-1546,2048-0849,2026-04-03,NA,cam2025kaust
Ancient Mesoamerica,0956-5361,1469-1787,2026-04-03,NA,cam2025kaust
Animal Health Research Reviews,1466-2523,1475-2654,2026-04-03,NA,cam2025kaust
Animal Nutriomics,2977-3776,2977-3784,2026-04-03,NA,cam2025kaust
Animal Welfare,NA,2054-1538,2026-04-03,NA,cam2025kaust
"Annales. Histoire, Sciences Sociales",0395-2649,1953-8146,2026-04-03,NA,cam2025kaust
Annals of Actuarial Science,1748-4995,1748-5002,2026-04-03,NA,cam2025kaust
Annals of Glaciology,0260-3055,1727-5644,2026-04-03,NA,cam2025kaust
Annual of the British School at Athens,0068-2454,2045-2403,2026-04-03,NA,cam2025kaust
Annual Review of Applied Linguistics,0267-1905,1471-6356,2026-04-03,NA,cam2025kaust
Antarctic Science,0954-1020,1365-2079,2026-04-03,NA,cam2025kaust
Antichthon,0066-4774,2056-8819,2026-04-03,NA,cam2025kaust
Antimicrobial Stewardship & Healthcare Epidemiology,NA,2732-494X,2026-04-03,NA,cam2025kaust
Antiquity,0003-598X,1745-1744,2026-04-03,NA,cam2025kaust
Applied Psycholinguistics,0142-7164,1469-1817,2026-04-03,NA,cam2025kaust
Archaeological Dialogues,1380-2038,1478-2294,2026-04-03,NA,cam2025kaust
Archaeological Reports,0570-6084,2041-4102,2026-04-03,NA,cam2025kaust
Art Libraries Journal,0307-4722,2059-7525,2026-04-03,NA,cam2025kaust
Asia-Pacific Journal,NA,1557-4660,2026-04-03,NA,cam2025kaust
Asian Journal of Comparative Law,2194-6078,1932-0205,2026-04-03,NA,cam2025kaust
Asian Journal of International Law,2044-2513,2044-2521,2026-04-03,NA,cam2025kaust
Asian Journal of Law and Society,2052-9015,2052-9023,2026-04-03,NA,cam2025kaust
ASTIN Bulletin: The Journal of the IAA,0515-0361,1783-1350,2026-04-03,NA,cam2025kaust
Australasian Journal of Special and Inclusive Education,2515-0731,2515-074X,2026-04-03,NA,cam2025kaust
Australian Journal of Environmental Education,0814-0626,2049-775X,2026-04-03,NA,cam2025kaust
Austrian History Yearbook,0067-2378,1558-5255,2026-04-03,NA,cam2025kaust
Behavioural and Cognitive Psychotherapy,1352-4658,1469-1833,2026-04-03,NA,cam2025kaust
Behavioural Public Policy,2398-063X,2398-0648,2026-04-03,NA,cam2025kaust
Bilingualism: Language and Cognition,1366-7289,1469-1841,2026-04-03,NA,cam2025kaust
Biotechnology Design,NA,2977-9057,2026-04-03,NA,cam2025kaust
Bird Conservation International,0959-2709,1474-0001,2026-04-03,NA,cam2025kaust
BJHS Themes,2058-850X,2056-354X,2026-04-03,NA,cam2025kaust
BJPsych Advances,2056-4678,2056-4686,2026-04-03,NA,cam2025kaust
BJPsych Bulletin,2056-4694,2056-4708,2026-04-03,NA,cam2025kaust
BJPsych International,2056-4740,2058-6264,2026-04-03,NA,cam2025kaust
BJPsych Open,NA,2056-4724,2026-04-03,NA,cam2025kaust
Britannia,0068-113X,1753-5352,2026-04-03,NA,cam2025kaust
British Catholic History,2055-7973,2055-7981,2026-04-03,NA,cam2025kaust
British Journal of Music Education,0265-0517,1469-2104,2026-04-03,NA,cam2025kaust
British Journal of Nutrition,0007-1145,1475-2662,2026-04-03,NA,cam2025kaust
British Journal of Political Science,0007-1234,1469-2112,2026-04-03,NA,cam2025kaust
Bulletin of Entomological Research,0007-4853,1475-2670,2026-04-03,NA,cam2025kaust
Bulletin of SOAS,0041-977X,1474-0699,2026-04-03,NA,cam2025kaust
Bulletin of Symbolic Logic,1079-8986,1943-5894,2026-04-03,NA,cam2025kaust
Bulletin of the Australian Mathematical Society,0004-9727,1755-1633,2026-04-03,NA,cam2025kaust
Business and Human Rights Journal,2057-0198,2057-0201,2026-04-03,NA,cam2025kaust
Business and Politics,1369-5258,1469-3569,2026-04-03,NA,cam2025kaust
Business Ethics Quarterly,1052-150X,2153-3326,2026-04-03,NA,cam2025kaust
Business History Review,0007-6805,2044-768X,2026-04-03,NA,cam2025kaust
Byzantine and Modern Greek Studies,0307-0131,1749-625X,2026-04-03,NA,cam2025kaust
Cambridge Archaeological Journal,0959-7743,1474-0540,2026-04-03,NA,cam2025kaust
Cambridge Forum on AI: Culture and Society,NA,3033-3725,2026-04-03,NA,cam2025kaust
Cambridge Forum on AI: Law and Governance,NA,3033-3733,2026-04-03,NA,cam2025kaust
Cambridge Forum on Corporate Climate Governance,NA,3049-8503,2026-04-03,NA,cam2025kaust
Cambridge Forum on Technology and Global Affairs,NA,2977-6708,2026-04-03,NA,cam2025kaust
Cambridge Journal of Postcolonial Literary Inquiry,2052-2614,2052-2622,2026-04-03,NA,cam2025kaust
Cambridge Materials: Circularity,NA,2978-168X,2026-04-03,NA,cam2025kaust
Cambridge Materials: Energy,NA,2978-1698,2026-04-03,NA,cam2025kaust
Cambridge Materials: Health,NA,2978-1701,2026-04-03,NA,cam2025kaust
Cambridge Materials: Water,NA,2978-171X,2026-04-03,NA,cam2025kaust
Cambridge Opera Journal,0954-5867,1474-0621,2026-04-03,NA,cam2025kaust
Cambridge Prisms: Antimicrobial Resistance,NA,2977-7550,2026-04-03,NA,cam2025kaust
Cambridge Prisms: Carbon Technologies,NA,2977-0505,2026-04-03,NA,cam2025kaust
Cambridge Prisms: Coastal Futures,NA,2754-7205,2026-04-03,NA,cam2025kaust
Cambridge Prisms: Drylands,NA,2976-5293,2026-04-03,NA,cam2025kaust
Cambridge Prisms: Energy Transitions,NA,3049-4672,2026-04-03,NA,cam2025kaust
Cambridge Prisms: Extinction,NA,2755-0958,2026-04-03,NA,cam2025kaust
Cambridge Prisms: Global Mental Health,NA,2054-4251,2026-04-03,NA,cam2025kaust
Cambridge Prisms: Plastics,NA,2755-094X,2026-04-03,NA,cam2025kaust
Cambridge Prisms: Water,NA,2755-1776,2026-04-03,NA,cam2025kaust
Cambridge Quarterly of Healthcare Ethics,0963-1801,1469-2147,2026-04-03,NA,cam2025kaust
Cambridge Yearbook of European Legal Studies,1528-8870,2049-7636,2026-04-03,NA,cam2025kaust
Canadian Journal of Law & Jurisprudence,0841-8209,2056-4260,2026-04-03,NA,cam2025kaust
Canadian Journal of Law and Society / La Revue Canadienne Droit et Société,0829-3201,1911-0227,2026-04-03,NA,cam2025kaust
Canadian Journal of Linguistics/Revue canadienne de linguistique,0008-4131,1710-1115,2026-04-03,NA,cam2025kaust
Canadian Journal of Mathematics,0008-414X,1496-4279,2026-04-03,NA,cam2025kaust
Canadian Journal of Neurological Sciences,0317-1671,2057-0155,2026-04-03,NA,cam2025kaust
Canadian Journal of Philosophy,0045-5091,1911-0820,2026-04-03,NA,cam2025kaust
Canadian Journal of Political Science/Revue canadienne de science politique,0008-4239,1744-9324,2026-04-03,NA,cam2025kaust
Canadian Journal on Aging / La Revue canadienne du vieillissement,0714-9808,1710-1107,2026-04-03,NA,cam2025kaust
Canadian Mathematical Bulletin,0008-4395,1496-4287,2026-04-03,NA,cam2025kaust
Canadian Mathematical Communications,NA,2976-8594,2026-04-03,NA,cam2025kaust
Canadian Yearbook of International Law/Annuaire canadien de droit international,0069-0058,1925-0169,2026-04-03,NA,cam2025kaust
Cardiology in the Young,1047-9511,1467-1107,2026-04-03,NA,cam2025kaust
Central European History,0008-9389,1569-1616,2026-04-03,NA,cam2025kaust
Church History,0009-6407,1755-2613,2026-04-03,NA,cam2025kaust
Clay Minerals,0009-8558,1471-8030,2026-04-03,NA,cam2025kaust
Clays and Clay Minerals,0009-8604,1552-8367,2026-04-03,NA,cam2025kaust
CNS Spectrums,1092-8529,2165-6509,2026-04-03,NA,cam2025kaust
"Combinatorics, Probability and Computing",0963-5483,1469-2163,2026-04-03,NA,cam2025kaust
Comparative Studies in Society and History,0010-4175,1475-2999,2026-04-03,NA,cam2025kaust
Compositio Mathematica,0010-437X,1570-5846,2026-04-03,NA,cam2025kaust
Computational Humanities Research,NA,2977-8158,2026-04-03,NA,cam2025kaust
Contemporary European History,0960-7773,1469-2171,2026-04-03,NA,cam2025kaust
Critical Pakistan Studies,NA,2753-2712,2026-04-03,NA,cam2025kaust
Dance Research Journal,0149-7677,1940-509X,2026-04-03,NA,cam2025kaust
Data & Policy,NA,2632-3249,2026-04-03,NA,cam2025kaust
Data-Centric Engineering,NA,2632-6736,2026-04-03,NA,cam2025kaust
Democratic Theory,2332-8894,2332-8908,2026-04-03,NA,cam2025kaust
Design Science,NA,2053-4701,2026-04-03,NA,cam2025kaust
Development and Psychopathology,0954-5794,1469-2198,2026-04-03,NA,cam2025kaust
Dialogue: Canadian Philosophical Review / Revue canadienne de philosophie,0012-2173,1759-0949,2026-04-03,NA,cam2025kaust
Disaster Medicine and Public Health Preparedness,1935-7893,1938-744X,2026-04-03,NA,cam2025kaust
Du Bois Review: Social Science Research on Race,1742-058X,1742-0598,2026-04-03,NA,cam2025kaust
Early China,0362-5028,2325-2324,2026-04-03,NA,cam2025kaust
Early Medieval England and its Neighbours,NA,3033-3679,2026-04-03,NA,cam2025kaust
Early Music History,0261-1279,1474-0559,2026-04-03,NA,cam2025kaust
Earth and Environmental Science Transactions of The Royal Society of Edinburgh,1755-6910,1755-6929,2026-04-03,NA,cam2025kaust
Ecclesiastical Law Journal,0956-618X,1751-8539,2026-04-03,NA,cam2025kaust
Econometric Theory,0266-4666,1469-4360,2026-04-03,NA,cam2025kaust
Economics & Philosophy,0266-2671,1474-0028,2026-04-03,NA,cam2025kaust
Eighteenth-Century Music,1478-5706,1478-5714,2026-04-03,NA,cam2025kaust
English Language & Linguistics,1360-6743,1469-4379,2026-04-03,NA,cam2025kaust
English Today,0266-0784,1474-0567,2026-04-03,NA,cam2025kaust
Enterprise & Society,1467-2227,1467-2235,2026-04-03,NA,cam2025kaust
Environment and Development Economics,1355-770X,1469-4395,2026-04-03,NA,cam2025kaust
Environmental Conservation,0376-8929,1469-4387,2026-04-03,NA,cam2025kaust
Environmental Data Science,NA,2634-4602,2026-04-03,NA,cam2025kaust
Epidemiology & Infection,0950-2688,1469-4409,2026-04-03,NA,cam2025kaust
Epidemiology and Psychiatric Sciences,2045-7960,2045-7979,2026-04-03,NA,cam2025kaust
Episteme,1742-3600,1750-0117,2026-04-03,NA,cam2025kaust
Ergodic Theory and Dynamical Systems,0143-3857,1469-4417,2026-04-03,NA,cam2025kaust
Ethics & International Affairs,0892-6794,1747-7093,2026-04-03,NA,cam2025kaust
European Constitutional Law Review,1574-0196,1744-5515,2026-04-03,NA,cam2025kaust
European Journal of Applied Mathematics,0956-7925,1469-4425,2026-04-03,NA,cam2025kaust
European Journal of Archaeology,1461-9571,1741-2722,2026-04-03,NA,cam2025kaust
European Journal of International Security,2057-5637,2057-5645,2026-04-03,NA,cam2025kaust
European Journal of Political Research,0304-4130,1475-6765,2026-04-03,NA,cam2025kaust
European Journal of Risk Regulation,1867-299X,2190-8249,2026-04-03,NA,cam2025kaust
European Journal of Sociology / Archives Européennes de Sociologie,0003-9756,1474-0583,2026-04-03,NA,cam2025kaust
European Law Open,NA,2752-6135,2026-04-03,NA,cam2025kaust
European Political Science,1680-4333,1682-0983,2026-04-03,NA,cam2025kaust
European Political Science Review,1755-7739,1755-7747,2026-04-03,NA,cam2025kaust
European Psychiatry,0924-9338,1778-3585,2026-04-03,NA,cam2025kaust
European Review,1062-7987,1474-0575,2026-04-03,NA,cam2025kaust
Evolutionary Human Sciences,NA,2513-843X,2026-04-03,NA,cam2025kaust
Experimental Agriculture,0014-4797,1469-4441,2026-04-03,NA,cam2025kaust
Experimental Economics,1386-4157,1573-6938,2026-04-03,NA,cam2025kaust
Expert Reviews in Molecular Medicine,NA,1462-3994,2026-04-03,NA,cam2025kaust
Federal Law Review,0067-205X,1444-6928,2026-04-03,NA,cam2025kaust
Finance and Society,NA,2059-5999,2026-04-03,NA,cam2025kaust
Financial History Review,0968-5650,1474-0052,2026-04-03,NA,cam2025kaust
Flow,NA,2633-4259,2026-04-03,NA,cam2025kaust
"Forum of Mathematics, Pi",NA,2050-5086,2026-04-03,NA,cam2025kaust
"Forum of Mathematics, Sigma",NA,2050-5094,2026-04-03,NA,cam2025kaust
Geo-Bio Interfaces,NA,2755-385X,2026-04-03,NA,cam2025kaust
Geological Magazine,0016-7568,1469-5081,2026-04-03,NA,cam2025kaust
German Law Journal,NA,2071-8322,2026-04-03,NA,cam2025kaust
Glasgow Mathematical Journal,0017-0895,1469-509X,2026-04-03,NA,cam2025kaust
Global Constitutionalism,2045-3817,2045-3825,2026-04-03,NA,cam2025kaust
Global Sustainability,NA,2059-4798,2026-04-03,NA,cam2025kaust
Government and Opposition,0017-257X,1477-7053,2026-04-03,NA,cam2025kaust
Greece & Rome,0017-3835,1477-4550,2026-04-03,NA,cam2025kaust
Gut Microbiome,NA,2632-2897,2026-04-03,NA,cam2025kaust
Harvard Theological Review,0017-8160,1475-4517,2026-04-03,NA,cam2025kaust
"Health Economics, Policy and Law",1744-1331,1744-134X,2026-04-03,NA,cam2025kaust
Hegel Bulletin,2051-5367,2051-5375,2026-04-03,NA,cam2025kaust
High Power Laser Science and Engineering,2095-4719,2052-3289,2026-04-03,NA,cam2025kaust
History in Africa,0361-5413,1558-2744,2026-04-03,NA,cam2025kaust
History of Education Quarterly,0018-2680,1748-5959,2026-04-03,NA,cam2025kaust
Horizons,0360-9669,2050-8557,2026-04-03,NA,cam2025kaust
Hypatia,0887-5367,1527-2001,2026-04-03,NA,cam2025kaust
Industrial and Organizational Psychology,1754-9426,1754-9434,2026-04-03,NA,cam2025kaust
Infection Control & Hospital Epidemiology,0899-823X,1559-6834,2026-04-03,NA,cam2025kaust
International & Comparative Law Quarterly,0020-5893,1471-6895,2026-04-03,NA,cam2025kaust
International Annals of Criminology,0003-4452,2398-676X,2026-04-03,NA,cam2025kaust
International Journal of Asian Studies,1479-5914,1479-5922,2026-04-03,NA,cam2025kaust
International Journal of Astrobiology,1473-5504,1475-3006,2026-04-03,NA,cam2025kaust
International Journal of Cultural Property,0940-7391,1465-7317,2026-04-03,NA,cam2025kaust
International Journal of Law in Context,1744-5523,1744-5531,2026-04-03,NA,cam2025kaust
International Journal of Microwave and Wireless Technologies,1759-0787,1759-0795,2026-04-03,NA,cam2025kaust
International Journal of Middle East Studies,0020-7438,1471-6380,2026-04-03,NA,cam2025kaust
International Journal of Technology Assessment in Health Care,0266-4623,1471-6348,2026-04-03,NA,cam2025kaust
International Labor and Working-Class History,0147-5479,1471-6445,2026-04-03,NA,cam2025kaust
International Legal Materials,0020-7829,1930-6571,2026-04-03,NA,cam2025kaust
International Organization,0020-8183,1531-5088,2026-04-03,NA,cam2025kaust
International Review of Social History,0020-8590,1469-512X,2026-04-03,NA,cam2025kaust
International Review of the Red Cross,1816-3831,1607-5889,2026-04-03,NA,cam2025kaust
International Theory,1752-9719,1752-9727,2026-04-03,NA,cam2025kaust
Invasive Plant Science and Management,1939-7291,1939-747X,2026-04-03,NA,cam2025kaust
Iranian studies,0021-0862,1475-4819,2026-04-03,NA,cam2025kaust
IRAQ,0021-0889,2053-4744,2026-04-03,NA,cam2025kaust
Irish Historical Studies,0021-1214,2056-4139,2026-04-03,NA,cam2025kaust
Irish Journal of Psychological Medicine,0790-9667,2051-6967,2026-04-03,NA,cam2025kaust
Israel Law Review,0021-2237,2047-9336,2026-04-03,NA,cam2025kaust
Italian Political Science Review / Rivista Italiana di Scienza Politica,0048-8402,2057-4908,2026-04-03,NA,cam2025kaust
Itinerario,0165-1153,2041-2827,2026-04-03,NA,cam2025kaust
Japanese Journal of Political Science,1468-1099,1474-0060,2026-04-03,NA,cam2025kaust
Journal of African Law,0021-8553,1464-3731,2026-04-03,NA,cam2025kaust
Journal of Agricultural and Applied Economics,1074-0708,2056-7405,2026-04-03,NA,cam2025kaust
Journal of American Studies,0021-8758,1469-5154,2026-04-03,NA,cam2025kaust
Journal of Anglican Studies,1740-3553,1745-5278,2026-04-03,NA,cam2025kaust
Journal of Applied Probability,0021-9002,1475-6072,2026-04-03,NA,cam2025kaust
Journal of Benefit-Cost Analysis,2194-5888,2152-2812,2026-04-03,NA,cam2025kaust
Journal of Biosocial Science,0021-9320,1469-7599,2026-04-03,NA,cam2025kaust
Journal of British Studies,0021-9371,1545-6986,2026-04-03,NA,cam2025kaust
Journal of Child Language,0305-0009,1469-7602,2026-04-03,NA,cam2025kaust
Journal of Chinese History 中國歷史學刊,2059-1632,2059-1640,2026-04-03,NA,cam2025kaust
Journal of Clinical and Translational Science,NA,2059-8661,2026-04-03,NA,cam2025kaust
Journal of Dairy Research,0022-0299,1469-7629,2026-04-03,NA,cam2025kaust
Journal of Demographic Economics,2054-0892,2054-0906,2026-04-03,NA,cam2025kaust
Journal of Developmental Origins of Health and Disease,2040-1744,2040-1752,2026-04-03,NA,cam2025kaust
Journal of East Asian Studies,1598-2408,2234-6643,2026-04-03,NA,cam2025kaust
Journal of Experimental Political Science,2052-2630,2052-2649,2026-04-03,NA,cam2025kaust
Journal of Financial and Quantitative Analysis,0022-1090,1756-6916,2026-04-03,NA,cam2025kaust
Journal of Financial Literacy and Wellbeing,NA,2753-3212,2026-04-03,NA,cam2025kaust
Journal of Fluid Mechanics,0022-1120,1469-7645,2026-04-03,NA,cam2025kaust
Journal of French Language Studies,0959-2695,1474-0079,2026-04-03,NA,cam2025kaust
Journal of Germanic Linguistics,1470-5427,1475-3014,2026-04-03,NA,cam2025kaust
Journal of Glaciology,0022-1430,1727-5652,2026-04-03,NA,cam2025kaust
Journal of Global History,1740-0228,1740-0236,2026-04-03,NA,cam2025kaust
Journal of Helminthology,0022-149X,1475-2697,2026-04-03,NA,cam2025kaust
Journal of Institutional Economics,1744-1374,1744-1382,2026-04-03,NA,cam2025kaust
Journal of International and Comparative Social Policy,2169-9763,2169-978X,2026-04-03,NA,cam2025kaust
Journal of Latin American Studies,0022-216X,1469-767X,2026-04-03,NA,cam2025kaust
Journal of Law and Courts,2164-6570,2164-6589,2026-04-03,NA,cam2025kaust
Journal of Law and Religion,0748-0814,2163-3088,2026-04-03,NA,cam2025kaust
"Journal of Law, Medicine & Ethics",1073-1105,1748-720X,2026-04-03,NA,cam2025kaust
Journal of Linguistic Geography,NA,2049-7547,2026-04-03,NA,cam2025kaust
Journal of Linguistics,0022-2267,1469-7742,2026-04-03,NA,cam2025kaust
Journal of Management & Organization,1833-3672,1839-3527,2026-04-03,NA,cam2025kaust
Journal of Nonlinear Waves,NA,3033-4268,2026-04-03,NA,cam2025kaust
Journal of Nutritional Science,2048-6790,2048-6790,2026-04-03,NA,cam2025kaust
Journal of Paleontology,0022-3360,1937-2337,2026-04-03,NA,cam2025kaust
Journal of Pension Economics & Finance,1474-7472,1475-3022,2026-04-03,NA,cam2025kaust
Journal of Plasma Physics,0022-3778,1469-7807,2026-04-03,NA,cam2025kaust
Journal of Policy History,0898-0306,1528-4190,2026-04-03,NA,cam2025kaust
Journal of Public Policy,0143-814X,1469-7815,2026-04-03,NA,cam2025kaust
"Journal of Race, Ethnicity, and Politics",NA,2056-6085,2026-04-03,NA,cam2025kaust
Journal of Radiotherapy in Practice,1460-3969,1467-1131,2026-04-03,NA,cam2025kaust
Journal of Roman Archaeology,1047-7594,2331-5709,2026-04-03,NA,cam2025kaust
Journal of Social Policy,0047-2794,1469-7823,2026-04-03,NA,cam2025kaust
Journal of the American Philosophical Association,2053-4477,2053-4485,2026-04-03,NA,cam2025kaust
Journal of the Australian Mathematical Society,1446-7887,1446-8107,2026-04-03,NA,cam2025kaust
Journal of the Economic Science Association,2199-6784,2199-6776,2026-04-03,NA,cam2025kaust
Journal of the History of Economic Thought,1053-8372,1469-9656,2026-04-03,NA,cam2025kaust
Journal of the Institute of Mathematics of Jussieu,1474-7480,1475-3030,2026-04-03,NA,cam2025kaust
Journal of the International Neuropsychological Society,1355-6177,1469-7661,2026-04-03,NA,cam2025kaust
Journal of the International Phonetic Association,0025-1003,1475-3502,2026-04-03,NA,cam2025kaust
Journal of the Marine Biological Association of the United Kingdom,0025-3154,1469-7769,2026-04-03,NA,cam2025kaust
Journal of the Royal Asiatic Society,1356-1863,1474-0591,2026-04-03,NA,cam2025kaust
Journal of the Royal Musical Association,0269-0403,1471-6933,2026-04-03,NA,cam2025kaust
Journal of the Society for American Music,1752-1963,1752-1971,2026-04-03,NA,cam2025kaust
Journal of Tropical Ecology,0266-4674,1469-7831,2026-04-03,NA,cam2025kaust
Journal of Wine Economics,1931-4361,1931-437X,2026-04-03,NA,cam2025kaust
Judgment and Decision Making,NA,1930-2975,2026-04-03,NA,cam2025kaust
Kantian Review,1369-4154,2044-2394,2026-04-03,NA,cam2025kaust
Language,0097-8507,1535-0665,2026-04-03,NA,cam2025kaust
Language and Cognition,1866-9808,1866-9859,2026-04-03,NA,cam2025kaust
Language in Society,0047-4045,1469-8013,2026-04-03,NA,cam2025kaust
Language Teaching,0261-4448,1475-3049,2026-04-03,NA,cam2025kaust
Language Variation and Change,0954-3945,1469-8021,2026-04-03,NA,cam2025kaust
Latin American Antiquity,1045-6635,2325-5080,2026-04-03,NA,cam2025kaust
Latin American Politics and Society,1531-426X,1548-2456,2026-04-03,NA,cam2025kaust
Latin American research review,0023-8791,1542-4278,2026-04-03,NA,cam2025kaust
Law & Social Inquiry,0897-6546,1747-4469,2026-04-03,NA,cam2025kaust
Law & Society Review,0738-2480,1939-9022,2026-04-03,NA,cam2025kaust
Law and History Review,0738-2480,1939-9022,2026-04-03,NA,cam2025kaust
Legal Studies,0261-3875,1748-121X,2026-04-03,NA,cam2025kaust
Legal Theory,1352-3252,1469-8048,2026-04-03,NA,cam2025kaust
Leiden Journal of International Law,0922-1565,1478-9698,2026-04-03,NA,cam2025kaust
Libyan Studies,0263-7189,2052-6148,2026-04-03,NA,cam2025kaust
Macroeconomic Dynamics,1365-1005,1469-8056,2026-04-03,NA,cam2025kaust
Management and Organization Review,1740-8776,1740-8784,2026-04-03,NA,cam2025kaust
Mathematical Proceedings of the Cambridge Philosophical Society,0305-0041,1469-8064,2026-04-03,NA,cam2025kaust
Mathematical Structures in Computer Science,0960-1295,1469-8072,2026-04-03,NA,cam2025kaust
Medical History,0025-7273,2048-8343,2026-04-03,NA,cam2025kaust
"Memory, Mind & Media",NA,2635-0238,2026-04-03,NA,cam2025kaust
Mineralogical Magazine,0026-461X,1471-8022,2026-04-03,NA,cam2025kaust
Modern American History,2515-0456,2397-1851,2026-04-03,NA,cam2025kaust
Modern Asian Studies,0026-749X,1469-8099,2026-04-03,NA,cam2025kaust
Modern Intellectual History,1479-2443,1479-2451,2026-04-03,NA,cam2025kaust
Modern Italy,1353-2944,1469-9877,2026-04-03,NA,cam2025kaust
Moduli,2949-7647,2977-1382,2026-04-03,NA,cam2025kaust
Nagoya Mathematical Journal,0027-7630,2152-6842,2026-04-03,NA,cam2025kaust
National Institute Economic Review,0027-9501,1741-3036,2026-04-03,NA,cam2025kaust
Nationalities Papers,0090-5992,1465-3923,2026-04-03,NA,cam2025kaust
Natural Language Processing,NA,2977-0424,2026-04-03,NA,cam2025kaust
Network Science,2050-1242,2050-1250,2026-04-03,NA,cam2025kaust
New Blackfriars,0028-4289,1741-2005,2026-04-03,NA,cam2025kaust
New Perspectives on Turkey,0896-6346,1305-3299,2026-04-03,NA,cam2025kaust
New Testament Studies,0028-6885,1469-8145,2026-04-03,NA,cam2025kaust
New Theatre Quarterly,0266-464X,1474-0613,2026-04-03,NA,cam2025kaust
Nineteenth-Century Music Review,1479-4098,2044-8414,2026-04-03,NA,cam2025kaust
Nordic Journal of Linguistics,0332-5865,1502-4717,2026-04-03,NA,cam2025kaust
Nutrition Research Reviews,0954-4224,1475-2700,2026-04-03,NA,cam2025kaust
Organised Sound,1355-7718,1469-8153,2026-04-03,NA,cam2025kaust
Oryx,0030-6053,1365-3008,2026-04-03,NA,cam2025kaust
Paleobiology,0094-8373,1938-5331,2026-04-03,NA,cam2025kaust
Palliative & Supportive Care,1478-9515,1478-9523,2026-04-03,NA,cam2025kaust
Parasitology,0031-1820,1469-8161,2026-04-03,NA,cam2025kaust
Personality Neuroscience,NA,2513-9886,2026-04-03,NA,cam2025kaust
Perspectives on Politics,1537-5927,1541-0986,2026-04-03,NA,cam2025kaust
Philosophy,0031-8191,1469-817X,2026-04-03,NA,cam2025kaust
Philosophy of Science,0031-8248,1539-767X,2026-04-03,NA,cam2025kaust
Phonological Data and Analysis,NA,2642-1828,2026-04-03,NA,cam2025kaust
Phonology,0952-6757,1469-8188,2026-04-03,NA,cam2025kaust
Plainsong & Medieval Music,0961-1371,1474-0087,2026-04-03,NA,cam2025kaust
Plant Genetic Resources,1479-2621,1479-263X,2026-04-03,NA,cam2025kaust
Polar Record,0032-2474,1475-3057,2026-04-03,NA,cam2025kaust
Political Analysis,1047-1987,1476-4989,2026-04-03,NA,cam2025kaust
Political Data Yearbook,2047-8844,2047-8852,2026-04-03,NA,cam2025kaust
Political Science Research and Methods,2049-8470,2049-8489,2026-04-03,NA,cam2025kaust
Politics & Gender,1743-923X,1743-9248,2026-04-03,NA,cam2025kaust
Politics and Religion,1755-0483,1755-0491,2026-04-03,NA,cam2025kaust
Politics and the Life Sciences,0730-9384,1471-5457,2026-04-03,NA,cam2025kaust
Popular Music,0261-1430,1474-0095,2026-04-03,NA,cam2025kaust
Prehospital and Disaster Medicine,1049-023X,1945-1938,2026-04-03,NA,cam2025kaust
Primary Health Care Research & Development,1463-4236,1477-1128,2026-04-03,NA,cam2025kaust
Probability in the Engineering and Informational Sciences,0269-9648,1469-8951,2026-04-03,NA,cam2025kaust
Proceedings of the ASIL Annual Meeting,0272-5037,2169-1118,2026-04-03,NA,cam2025kaust
Proceedings of the Edinburgh Mathematical Society,0013-0915,1464-3839,2026-04-03,NA,cam2025kaust
Proceedings of the International Astronomical Union,1743-9213,1743-9221,2026-04-03,NA,cam2025kaust
Proceedings of the Nutrition Society,0029-6651,1475-2719,2026-04-03,NA,cam2025kaust
Proceedings of the Prehistoric Society,0079-497X,2050-2729,2026-04-03,NA,cam2025kaust
Proceedings of the Royal Society of Edinburgh Section A: Mathematics,0308-2105,1473-7124,2026-04-03,NA,cam2025kaust
PS: Political Science & Politics,1049-0965,1537-5935,2026-04-03,NA,cam2025kaust
Psychological Medicine,0033-2917,1469-8978,2026-04-03,NA,cam2025kaust
Psychometrika,0033-3123,1860-0980,2026-04-03,NA,cam2025kaust
Public Health Nutrition,1368-9800,1475-2727,2026-04-03,NA,cam2025kaust
Public Humanities,NA,2977-0173,2026-04-03,NA,cam2025kaust
Publications of the Astronomical Society of Australia,1323-3580,1448-6083,2026-04-03,NA,cam2025kaust
QRB Discovery,NA,2633-2892,2026-04-03,NA,cam2025kaust
Quantitative Plant Biology,NA,2632-8828,2026-04-03,NA,cam2025kaust
Quarterly Reviews of Biophysics,0033-5835,1469-8994,2026-04-03,NA,cam2025kaust
Quaternary Research,0033-5894,1096-0287,2026-04-03,NA,cam2025kaust
Radiocarbon,0033-8222,1945-5755,2026-04-03,NA,cam2025kaust
ReCALL,0958-3440,1474-0109,2026-04-03,NA,cam2025kaust
Religion and American Culture,1052-1151,1533-8568,2026-04-03,NA,cam2025kaust
Religious Studies,0034-4125,1469-901X,2026-04-03,NA,cam2025kaust
Renewable Agriculture and Food Systems,1742-1705,1742-1713,2026-04-03,NA,cam2025kaust
Research Synthesis Methods,1759-2879,1759-2887,2026-04-03,NA,cam2025kaust
Review of International Studies,0260-2105,1469-9044,2026-04-03,NA,cam2025kaust
Review of Middle East Studies,2151-3481,2329-3225,2026-04-03,NA,cam2025kaust
Revista de Historia Economica - Journal of Iberian and Latin American Economic History,0212-6109,2041-3335,2026-04-03,NA,cam2025kaust
Robotica,0263-5747,1469-8668,2026-04-03,NA,cam2025kaust
Royal Institute of Philosophy Supplements,1358-2461,1755-3555,2026-04-03,NA,cam2025kaust
Royal Musical Association Research Chronicle,1472-3808,2167-4027,2026-04-03,NA,cam2025kaust
Rural History,0956-7933,1474-0656,2026-04-03,NA,cam2025kaust
Science in Context,0269-8897,1474-0664,2026-04-03,NA,cam2025kaust
Scottish Journal of Theology,0036-9306,1475-3065,2026-04-03,NA,cam2025kaust
Seed Science Research,0960-2585,1475-2735,2026-04-03,NA,cam2025kaust
Signs and Society,2326-4489,2326-4497,2026-04-03,NA,cam2025kaust
Slavic Review,0037-6779,2325-7784,2026-04-03,NA,cam2025kaust
Social Philosophy and Policy,0265-0525,1471-6437,2026-04-03,NA,cam2025kaust
Social Policy and Society,1474-7464,1475-3073,2026-04-03,NA,cam2025kaust
Social Science History,0145-5532,1527-8034,2026-04-03,NA,cam2025kaust
State Politics & Policy Quarterly,1532-4400,1946-1607,2026-04-03,NA,cam2025kaust
Studies in American Political Development,0898-588X,1469-8692,2026-04-03,NA,cam2025kaust
Studies in Church History,0424-2084,2059-0644,2026-04-03,NA,cam2025kaust
Studies in Second Language Acquisition,0272-2631,1470-1545,2026-04-03,NA,cam2025kaust
TDR,1054-2043,1531-4715,2026-04-03,NA,cam2025kaust
The Aeronautical Journal,0001-9240,2059-6464,2026-04-03,NA,cam2025kaust
The Americas,0003-1615,1533-6247,2026-04-03,NA,cam2025kaust
The Antiquaries Journal,0003-5815,1758-5309,2026-04-03,NA,cam2025kaust
The ANZIAM Journal,1446-1811,1446-8735,2026-04-03,NA,cam2025kaust
The British Journal for the History of Science,0007-0874,1474-001X,2026-04-03,NA,cam2025kaust
The British Journal of Psychiatry,0007-1250,1472-1465,2026-04-03,NA,cam2025kaust
The Cambridge Classical Journal,1750-2705,2047-993X,2026-04-03,NA,cam2025kaust
The Cambridge Law Journal,0008-1973,1469-2139,2026-04-03,NA,cam2025kaust
The Canadian Entomologist,0008-347X,1918-3240,2026-04-03,NA,cam2025kaust
The China Quarterly,0305-7410,1468-2648,2026-04-03,NA,cam2025kaust
The Classical Quarterly,0009-8388,1471-6844,2026-04-03,NA,cam2025kaust
The Classical Review,0009-840X,1464-3561,2026-04-03,NA,cam2025kaust
The Cognitive Behaviour Therapist,NA,1754-470X,2026-04-03,NA,cam2025kaust
The Economic and Labour Relations Review,1035-3046,1838-2673,2026-04-03,NA,cam2025kaust
The Historical Journal,0018-246X,1469-5103,2026-04-03,NA,cam2025kaust
The Journal of African History,0021-8537,1469-5138,2026-04-03,NA,cam2025kaust
The Journal of Agricultural Science,0021-8596,1469-5146,2026-04-03,NA,cam2025kaust
The Journal of Ecclesiastical History,0022-0469,1469-7637,2026-04-03,NA,cam2025kaust
The Journal of Economic History,0022-0507,1471-6372,2026-04-03,NA,cam2025kaust
The Journal of Hellenic Studies,0075-4269,2041-4099,2026-04-03,NA,cam2025kaust
The Journal of Laryngology & Otology,0022-2151,1748-5460,2026-04-03,NA,cam2025kaust
The Journal of Modern African Studies,0022-278X,1469-7777,2026-04-03,NA,cam2025kaust
The Journal of Navigation,0373-4633,1469-7785,2026-04-03,NA,cam2025kaust
The Journal of Roman Studies,0075-4358,1753-528X,2026-04-03,NA,cam2025kaust
The Journal of Symbolic Logic,0022-4812,1943-5886,2026-04-03,NA,cam2025kaust
The Journal of the Gilded Age and Progressive Era,1537-7814,1943-3557,2026-04-03,NA,cam2025kaust
The Lichenologist,0024-2829,1096-1135,2026-04-03,NA,cam2025kaust
The Review of Politics,0034-6705,1748-6858,2026-04-03,NA,cam2025kaust
The Review of Symbolic Logic,1755-0203,1755-0211,2026-04-03,NA,cam2025kaust
The Spanish Journal of Psychology,1138-7416,1988-2904,2026-04-03,NA,cam2025kaust
Theory and Practice of Logic Programming,1471-0684,1475-3081,2026-04-03,NA,cam2025kaust
Think,1477-1756,1755-1196,2026-04-03,NA,cam2025kaust
Traditions of Music and Dance,3033-4233,3033-4241,2026-04-03,NA,cam2025kaust
TRaNS: Trans-Regional and -National Studies of Southeast Asia,2051-364X,2051-3658,2026-04-03,NA,cam2025kaust
Transactions of the Royal Historical Society,0080-4401,1474-0648,2026-04-03,NA,cam2025kaust
Transnational Environmental Law,2047-1025,2047-1033,2026-04-03,NA,cam2025kaust
Twentieth-century music,1478-5722,1478-5730,2026-04-03,NA,cam2025kaust
Twin Research and Human Genetics,1832-4274,1839-2628,2026-04-03,NA,cam2025kaust
Urban History,0963-9268,1469-8706,2026-04-03,NA,cam2025kaust
Utilitas,0953-8208,1741-6183,2026-04-03,NA,cam2025kaust
Victorian Literature and Culture,1060-1503,1470-1553,2026-04-03,NA,cam2025kaust
Voluntas: International Journal of Voluntary and Nonprofit Organizations,0957-8765,1573-7888,2026-04-03,NA,cam2025kaust
Wearable Technologies,NA,2631-7176,2026-04-03,NA,cam2025kaust
Weed Science,0043-1745,1550-2759,2026-04-03,NA,cam2025kaust
Weed Technology,0890-037X,1550-2740,2026-04-03,NA,cam2025kaust
World Trade Review,1474-7456,1475-3138,2026-04-03,NA,cam2025kaust
Zygote,0967-1994,1469-8730,2026-04-03,NA,cam2025kaust
Advances in Archaeological Practice,NA,2326-3768,2026-04-03,NA,cam2024julac
Africa,0001-9720,1750-0184,2026-04-03,NA,cam2024julac
"Africa Bibliography, Research and Documentation",2752-6399,2752-6402,2026-04-03,NA,cam2024julac
African Studies Review,0002-0206,1555-2462,2026-04-03,NA,cam2024julac
Ageing & Society,0144-686X,1469-1779,2026-04-03,NA,cam2024julac
Agricultural and Resource Economics Review,1068-2805,2372-2614,2026-04-03,NA,cam2024julac
American Antiquity,0002-7316,2325-5064,2026-04-03,NA,cam2024julac
American Journal of International Law,0002-9300,2161-7953,2026-04-03,NA,cam2024julac
American Journal of Law & Medicine,0098-8588,2375-835X,2026-04-03,NA,cam2024julac
American Political Science Review,0003-0554,1537-5943,2026-04-03,NA,cam2024julac
Anatolian Studies,0066-1546,2048-0849,2026-04-03,NA,cam2024julac
Ancient Mesoamerica,0956-5361,1469-1787,2026-04-03,NA,cam2024julac
"Annales. Histoire, Sciences Sociales",0395-2649,1953-8146,2026-04-03,NA,cam2024julac
Annals of Actuarial Science,1748-4995,1748-5002,2026-04-03,NA,cam2024julac
Annual of the British School at Athens,0068-2454,2045-2403,2026-04-03,NA,cam2024julac
Annual Review of Applied Linguistics,0267-1905,1471-6356,2026-04-03,NA,cam2024julac
Antichthon,0066-4774,2056-8819,2026-04-03,NA,cam2024julac
Antiquity,0003-598X,1745-1744,2026-04-03,NA,cam2024julac
Applied Psycholinguistics,0142-7164,1469-1817,2026-04-03,NA,cam2024julac
Archaeological Dialogues,1380-2038,1478-2294,2026-04-03,NA,cam2024julac
Archaeological Reports,0570-6084,2041-4102,2026-04-03,NA,cam2024julac
Art Libraries Journal,0307-4722,2059-7525,2026-04-03,NA,cam2024julac
Asia-Pacific Journal,NA,1557-4660,2026-04-03,NA,cam2024julac
Asian Journal of Comparative Law,2194-6078,1932-0205,2026-04-03,NA,cam2024julac
Asian Journal of International Law,2044-2513,2044-2521,2026-04-03,NA,cam2024julac
Asian Journal of Law and Society,2052-9015,2052-9023,2026-04-03,NA,cam2024julac
ASTIN Bulletin: The Journal of the IAA,0515-0361,1783-1350,2026-04-03,NA,cam2024julac
Australasian Journal of Special and Inclusive Education,2515-0731,2515-074X,2026-04-03,NA,cam2024julac
Australian Journal of Environmental Education,0814-0626,2049-775X,2026-04-03,NA,cam2024julac
Austrian History Yearbook,0067-2378,1558-5255,2026-04-03,NA,cam2024julac
Behavioural Public Policy,2398-063X,2398-0648,2026-04-03,NA,cam2024julac
Bilingualism: Language and Cognition,1366-7289,1469-1841,2026-04-03,NA,cam2024julac
BJHS Themes,2058-850X,2056-354X,2026-04-03,NA,cam2024julac
Britannia,0068-113X,1753-5352,2026-04-03,NA,cam2024julac
British Catholic History,2055-7973,2055-7981,2026-04-03,NA,cam2024julac
British Journal of Music Education,0265-0517,1469-2104,2026-04-03,NA,cam2024julac
British Journal of Political Science,0007-1234,1469-2112,2026-04-03,NA,cam2024julac
Bulletin of SOAS,0041-977X,1474-0699,2026-04-03,NA,cam2024julac
Business and Human Rights Journal,2057-0198,2057-0201,2026-04-03,NA,cam2024julac
Business and Politics,NA,1469-3569,2026-04-03,NA,cam2024julac
Business Ethics Quarterly,1052-150X,2153-3326,2026-04-03,NA,cam2024julac
Business History Review,0007-6805,2044-768X,2026-04-03,NA,cam2024julac
Byzantine and Modern Greek Studies,0307-0131,1749-625X,2026-04-03,NA,cam2024julac
Cambridge Archaeological Journal,0959-7743,1474-0540,2026-04-03,NA,cam2024julac
Cambridge Forum on AI: Culture and Society,NA,3033-3725,2026-04-03,NA,cam2024julac
Cambridge Forum on AI: Law and Governance,NA,3033-3733,2026-04-03,NA,cam2024julac
Cambridge Forum on Corporate Climate Governance,3049-8503,NA,2026-04-03,NA,cam2024julac
Cambridge Forum on Technology and Global Affairs,2977-6708,NA,2026-04-03,NA,cam2024julac
Cambridge Journal of Postcolonial Literary Inquiry,2052-2614,2052-2622,2026-04-03,NA,cam2024julac
Cambridge Opera Journal,0954-5867,1474-0621,2026-04-03,NA,cam2024julac
Cambridge Quarterly of Healthcare Ethics,0963-1801,1469-2147,2026-04-03,NA,cam2024julac
Cambridge Yearbook of European Legal Studies,1528-8870,2049-7636,2026-04-03,NA,cam2024julac
Canadian Journal of Law & Jurisprudence,0841-8209,2056-4260,2026-04-03,NA,cam2024julac
Canadian Journal of Law and Society / La Revue Canadienne Droit et Société,0829-3201,1911-0227,2026-04-03,NA,cam2024julac
Canadian Journal of Linguistics/Revue canadienne de linguistique,0008-4131,1710-1115,2026-04-03,NA,cam2024julac
Canadian Journal of Philosophy,0045-5091,1911-0820,2026-04-03,NA,cam2024julac
Canadian Journal of Political Science/Revue canadienne de science politique,0008-4239,1744-9324,2026-04-03,NA,cam2024julac
Canadian Journal on Aging / La Revue canadienne du vieillissement,0714-9808,1710-1107,2026-04-03,NA,cam2024julac
Canadian Yearbook of International Law/Annuaire canadien de droit international,0069-0058,1925-0169,2026-04-03,NA,cam2024julac
Central European History,0008-9389,1569-1616,2026-04-03,NA,cam2024julac
Church History,0009-6407,1755-2613,2026-04-03,NA,cam2024julac
Comparative Studies in Society and History,0010-4175,1475-2999,2026-04-03,NA,cam2024julac
Computational Humanities Research,NA,2977-8158,2026-04-03,NA,cam2024julac
Contemporary European History,0960-7773,1469-2171,2026-04-03,NA,cam2024julac
Critical Pakistan Studies,NA,2753-2712,2026-04-03,NA,cam2024julac
Dance Research Journal,0149-7677,1940-509X,2026-04-03,NA,cam2024julac
Data & Policy,NA,2632-3249,2026-04-03,NA,cam2024julac
Democratic Theory,2332-8894,2332-8908,2026-04-03,NA,cam2024julac
Design Science,NA,2053-4701,2026-04-03,NA,cam2024julac
Development and Psychopathology,0954-5794,1469-2198,2026-04-03,NA,cam2024julac
Dialogue: Canadian Philosophical Review / Revue canadienne de philosophie,0012-2173,1759-0949,2026-04-03,NA,cam2024julac
Du Bois Review: Social Science Research on Race,1742-058X,1742-0598,2026-04-03,NA,cam2024julac
Early China,0362-5028,2325-2324,2026-04-03,NA,cam2024julac
Early Medieval England and its Neighbours,NA,3033-3679,2026-04-03,NA,cam2024julac
Early Music History,0261-1279,1474-0559,2026-04-03,NA,cam2024julac
Ecclesiastical Law Journal,0956-618X,1751-8539,2026-04-03,NA,cam2024julac
Econometric Theory,0266-4666,1469-4360,2026-04-03,NA,cam2024julac
Economics & Philosophy,0266-2671,1474-0028,2026-04-03,NA,cam2024julac
Eighteenth-Century Music,1478-5706,1478-5714,2026-04-03,NA,cam2024julac
English Language & Linguistics,1360-6743,1469-4379,2026-04-03,NA,cam2024julac
English Today,0266-0784,1474-0567,2026-04-03,NA,cam2024julac
Enterprise & Society,1467-2227,1467-2235,2026-04-03,NA,cam2024julac
Environment and Development Economics,1355-770X,1469-4395,2026-04-03,NA,cam2024julac
Episteme,1742-3600,1750-0117,2026-04-03,NA,cam2024julac
Ethics & International Affairs,0892-6794,1747-7093,2026-04-03,NA,cam2024julac
European Constitutional Law Review,1574-0196,1744-5515,2026-04-03,NA,cam2024julac
European Journal of Archaeology,1461-9571,1741-2722,2026-04-03,NA,cam2024julac
European Journal of International Security,2057-5637,2057-5645,2026-04-03,NA,cam2024julac
European Journal of Political Research,0304-4130,1475-6765,2026-04-03,NA,cam2024julac
European Journal of Risk Regulation,1867-299X,2190-8249,2026-04-03,NA,cam2024julac
European Journal of Sociology / Archives Européennes de Sociologie,0003-9756,1474-0583,2026-04-03,NA,cam2024julac
European Law Open,NA,2752-6135,2026-04-03,NA,cam2024julac
European Political Science,1680-4333,1682-0983,2026-04-03,NA,cam2024julac
European Political Science Review,1755-7739,1755-7747,2026-04-03,NA,cam2024julac
European Review,1062-7987,1474-0575,2026-04-03,NA,cam2024julac
Experimental Economics,NA,1573-6938,2026-04-03,NA,cam2024julac
Federal Law Review,NA,1444-6928,2026-04-03,NA,cam2024julac
Finance and Society,NA,2059-5999,2026-04-03,NA,cam2024julac
Financial History Review,0968-5650,1474-0052,2026-04-03,NA,cam2024julac
German Law Journal,NA,2071-8322,2026-04-03,NA,cam2024julac
Global Constitutionalism,2045-3817,2045-3825,2026-04-03,NA,cam2024julac
Global Sustainability,NA,2059-4798,2026-04-03,NA,cam2024julac
Government and Opposition,0017-257X,1477-7053,2026-04-03,NA,cam2024julac
Greece & Rome,0017-3835,1477-4550,2026-04-03,NA,cam2024julac
Harvard Theological Review,0017-8160,1475-4517,2026-04-03,NA,cam2024julac
"Health Economics, Policy and Law",1744-1331,1744-134X,2026-04-03,NA,cam2024julac
Hegel Bulletin,2051-5367,2051-5375,2026-04-03,NA,cam2024julac
History in Africa,0361-5413,1558-2744,2026-04-03,NA,cam2024julac
History of Education Quarterly,0018-2680,1748-5959,2026-04-03,NA,cam2024julac
Horizons,0360-9669,2050-8557,2026-04-03,NA,cam2024julac
Hypatia,0887-5367,1527-2001,2026-04-03,NA,cam2024julac
Industrial and Organizational Psychology,1754-9426,1754-9434,2026-04-03,NA,cam2024julac
International & Comparative Law Quarterly,0020-5893,1471-6895,2026-04-03,NA,cam2024julac
International Annals of Criminology,0003-4452,2398-676X,2026-04-03,NA,cam2024julac
International Journal of Asian Studies,1479-5914,1479-5922,2026-04-03,NA,cam2024julac
International Journal of Cultural Property,0940-7391,1465-7317,2026-04-03,NA,cam2024julac
International Journal of Law in Context,1744-5523,1744-5531,2026-04-03,NA,cam2024julac
International Journal of Middle East Studies,0020-7438,1471-6380,2026-04-03,NA,cam2024julac
International Journal of Technology Assessment in Health Care,0266-4623,1471-6348,2026-04-03,NA,cam2024julac
International Labor and Working-Class History,0147-5479,1471-6445,2026-04-03,NA,cam2024julac
International Legal Materials,0020-7829,1930-6571,2026-04-03,NA,cam2024julac
International Organization,0020-8183,1531-5088,2026-04-03,NA,cam2024julac
International Review of Social History,0020-8590,1469-512X,2026-04-03,NA,cam2024julac
International Review of the Red Cross,1816-3831,1607-5889,2026-04-03,NA,cam2024julac
International Theory,1752-9719,1752-9727,2026-04-03,NA,cam2024julac
Iranian Studies,0021-0862,1475-4819,2026-04-03,NA,cam2024julac
IRAQ,0021-0889,2053-4744,2026-04-03,NA,cam2024julac
Irish Historical Studies,0021-1214,2056-4139,2026-04-03,NA,cam2024julac
Israel Law Review,0021-2237,2047-9336,2026-04-03,NA,cam2024julac
Italian Political Science Review / Rivista Italiana di Scienza Politica,0048-8402,2057-4908,2026-04-03,NA,cam2024julac
Itinerario,0165-1153,2041-2827,2026-04-03,NA,cam2024julac
Japanese Journal of Political Science,1468-1099,1474-0060,2026-04-03,NA,cam2024julac
Journal of African Law,0021-8553,1464-3731,2026-04-03,NA,cam2024julac
Journal of Agricultural and Applied Economics,1074-0708,2056-7405,2026-04-03,NA,cam2024julac
Journal of American Studies,0021-8758,1469-5154,2026-04-03,NA,cam2024julac
Journal of Anglican Studies,1740-3553,1745-5278,2026-04-03,NA,cam2024julac
Journal of Benefit-Cost Analysis,2194-5888,2152-2812,2026-04-03,NA,cam2024julac
Journal of Biosocial Science,0021-9320,1469-7599,2026-04-03,NA,cam2024julac
Journal of British Studies,0021-9371,1545-6986,2026-04-03,NA,cam2024julac
Journal of Child Language,0305-0009,1469-7602,2026-04-03,NA,cam2024julac
Journal of Chinese History 中國歷史學刊,2059-1632,2059-1640,2026-04-03,NA,cam2024julac
Journal of Demographic Economics,2054-0892,2054-0906,2026-04-03,NA,cam2024julac
Journal of East Asian Studies,1598-2408,2234-6643,2026-04-03,NA,cam2024julac
Journal of Experimental Political Science,2052-2630,2052-2649,2026-04-03,NA,cam2024julac
Journal of Financial and Quantitative Analysis,0022-1090,1756-6916,2026-04-03,NA,cam2024julac
Journal of Financial Literacy and Wellbeing,NA,2753-3212,2026-04-03,NA,cam2024julac
Journal of French Language Studies,0959-2695,1474-0079,2026-04-03,NA,cam2024julac
Journal of Germanic Linguistics,1470-5427,1475-3014,2026-04-03,NA,cam2024julac
Journal of Global History,1740-0228,1740-0236,2026-04-03,NA,cam2024julac
Journal of Institutional Economics,1744-1374,1744-1382,2026-04-03,NA,cam2024julac
Journal of International and Comparative Social Policy,2169-9763,2169-978X,2026-04-03,NA,cam2024julac
Journal of Latin American Studies,0022-216X,1469-767X,2026-04-03,NA,cam2024julac
Journal of Law and Courts,2164-6570,2164-6589,2026-04-03,NA,cam2024julac
Journal of Law and Religion,0748-0814,2163-3088,2026-04-03,NA,cam2024julac
"Journal of Law, Medicine & Ethics",1073-1105,1748-720X,2026-04-03,NA,cam2024julac
Journal of Linguistic Geography,NA,2049-7547,2026-04-03,NA,cam2024julac
Journal of Linguistics,0022-2267,1469-7742,2026-04-03,NA,cam2024julac
Journal of Management & Organization,1833-3672,1839-3527,2026-04-03,NA,cam2024julac
Journal of Pension Economics & Finance,1474-7472,1475-3022,2026-04-03,NA,cam2024julac
Journal of Policy History,0898-0306,1528-4190,2026-04-03,NA,cam2024julac
Journal of Public Policy,0143-814X,1469-7815,2026-04-03,NA,cam2024julac
"Journal of Race, Ethnicity, and Politics",NA,2056-6085,2026-04-03,NA,cam2024julac
Journal of Roman Archaeology,1047-7594,2331-5709,2026-04-03,NA,cam2024julac
Journal of Social Policy,0047-2794,1469-7823,2026-04-03,NA,cam2024julac
Journal of the American Philosophical Association,2053-4477,2053-4485,2026-04-03,NA,cam2024julac
Journal of the Economic Science Association,NA,2199-6776,2026-04-03,NA,cam2024julac
Journal of the History of Economic Thought,1053-8372,1469-9656,2026-04-03,NA,cam2024julac
Journal of the International Phonetic Association,0025-1003,1475-3502,2026-04-03,NA,cam2024julac
Journal of the Royal Asiatic Society,1356-1863,1474-0591,2026-04-03,NA,cam2024julac
Journal of the Royal Musical Association,0269-0403,1471-6933,2026-04-03,NA,cam2024julac
Journal of the Society for American Music,1752-1963,1752-1971,2026-04-03,NA,cam2024julac
Journal of Wine Economics,1931-4361,1931-437X,2026-04-03,NA,cam2024julac
Judgment and Decision Making,NA,1930-2975,2026-04-03,NA,cam2024julac
Kantian Review,1369-4154,2044-2394,2026-04-03,NA,cam2024julac
Language,0097-8507,1535-0665,2026-04-03,NA,cam2024julac
Language and Cognition,1866-9808,1866-9859,2026-04-03,NA,cam2024julac
Language in Society,0047-4045,1469-8013,2026-04-03,NA,cam2024julac
Language Teaching,0261-4448,1475-3049,2026-04-03,NA,cam2024julac
Language Variation and Change,0954-3945,1469-8021,2026-04-03,NA,cam2024julac
Latin American Antiquity,1045-6635,2325-5080,2026-04-03,NA,cam2024julac
Latin American Politics and Society,1531-426X,1548-2456,2026-04-03,NA,cam2024julac
Latin American Research Review,NA,1542-4278,2026-04-03,NA,cam2024julac
Law & Social Inquiry,0897-6546,1747-4469,2026-04-03,NA,cam2024julac
Law & Society Review,0023-9216,1540-5893,2026-04-03,NA,cam2024julac
Law and History Review,0738-2480,1939-9022,2026-04-03,NA,cam2024julac
Legal Studies,0261-3875,1748-121X,2026-04-03,NA,cam2024julac
Legal Theory,1352-3252,1469-8048,2026-04-03,NA,cam2024julac
Leiden Journal of International Law,0922-1565,1478-9698,2026-04-03,NA,cam2024julac
Libyan Studies,0263-7189,2052-6148,2026-04-03,NA,cam2024julac
Macroeconomic Dynamics,1365-1005,1469-8056,2026-04-03,NA,cam2024julac
Management and Organization Review,1740-8776,1740-8784,2026-04-03,NA,cam2024julac
Medical History,0025-7273,2048-8343,2026-04-03,NA,cam2024julac
"Memory, Mind & Media",NA,2635-0238,2026-04-03,NA,cam2024julac
Modern American History,2515-0456,2397-1851,2026-04-03,NA,cam2024julac
Modern Asian Studies,0026-749X,1469-8099,2026-04-03,NA,cam2024julac
Modern Intellectual History,1479-2443,1479-2451,2026-04-03,NA,cam2024julac
Modern Italy,1353-2944,1469-9877,2026-04-03,NA,cam2024julac
National Institute Economic Review,0027-9501,1741-3036,2026-04-03,NA,cam2024julac
Nationalities Papers,0090-5992,1465-3923,2026-04-03,NA,cam2024julac
Natural Language Processing,2977-0424,NA,2026-04-03,NA,cam2024julac
Network Science,2050-1242,2050-1250,2026-04-03,NA,cam2024julac
New Blackfriars,0028-4289,1741-2005,2026-04-03,NA,cam2024julac
New Perspectives on Turkey,0896-6346,1305-3299,2026-04-03,NA,cam2024julac
New Testament Studies,0028-6885,1469-8145,2026-04-03,NA,cam2024julac
New Theatre Quarterly,0266-464X,1474-0613,2026-04-03,NA,cam2024julac
Nineteenth-Century Music Review,1479-4098,2044-8414,2026-04-03,NA,cam2024julac
Nordic Journal of Linguistics,0332-5865,1502-4717,2026-04-03,NA,cam2024julac
Organised Sound,1355-7718,1469-8153,2026-04-03,NA,cam2024julac
Perspectives on Politics,1537-5927,1541-0986,2026-04-03,NA,cam2024julac
Philosophy,0031-8191,1469-817X,2026-04-03,NA,cam2024julac
Philosophy of Science,0031-8248,1539-767X,2026-04-03,NA,cam2024julac
Phonological Data and Analysis,2642-1828,NA,2026-04-03,NA,cam2024julac
Phonology,0952-6757,1469-8188,2026-04-03,NA,cam2024julac
Plainsong & Medieval Music,0961-1371,1474-0087,2026-04-03,NA,cam2024julac
Polar Record,0032-2474,1475-3057,2026-04-03,NA,cam2024julac
Political Analysis,1047-1987,1476-4989,2026-04-03,NA,cam2024julac
Political Data Yearbook,2047-8844,2047-8852,2026-04-03,NA,cam2024julac
Political Science Research and Methods,2049-8470,2049-8489,2026-04-03,NA,cam2024julac
Politics & Gender,1743-923X,1743-9248,2026-04-03,NA,cam2024julac
Politics and Religion,1755-0483,1755-0491,2026-04-03,NA,cam2024julac
Politics and the Life Sciences,0730-9384,1471-5457,2026-04-03,NA,cam2024julac
Popular Music,0261-1430,1474-0095,2026-04-03,NA,cam2024julac
Primary Health Care Research & Development,1463-4236,1477-1128,2026-04-03,NA,cam2024julac
Probability in the Engineering and Informational Sciences,0269-9648,1469-8951,2026-04-03,NA,cam2024julac
Proceedings of the ASIL Annual Meeting,0272-5037,2169-1118,2026-04-03,NA,cam2024julac
Proceedings of the Prehistoric Society,0079-497X,2050-2729,2026-04-03,NA,cam2024julac
PS: Political Science & Politics,1049-0965,1537-5935,2026-04-03,NA,cam2024julac
Psychometrika,NA,1860-0980,2026-04-03,NA,cam2024julac
Public Humanities,NA,2977-0173,2026-04-03,NA,cam2024julac
Radiocarbon,0033-8222,1945-5755,2026-04-03,NA,cam2024julac
ReCALL,0958-3440,1474-0109,2026-04-03,NA,cam2024julac
Religion and American Culture,1052-1151,1533-8568,2026-04-03,NA,cam2024julac
Religious Studies,0034-4125,1469-901X,2026-04-03,NA,cam2024julac
Research Synthesis Methods,NA,1759-2887,2026-04-03,NA,cam2024julac
Review of International Studies,0260-2105,1469-9044,2026-04-03,NA,cam2024julac
Review of Middle East Studies,2151-3481,2329-3225,2026-04-03,NA,cam2024julac
Revista de Historia Economica - Journal of Iberian and Latin American Economic History,0212-6109,2041-3335,2026-04-03,NA,cam2024julac
Royal Institute of Philosophy Supplements,1358-2461,1755-3555,2026-04-03,NA,cam2024julac
Royal Musical Association Research Chronicle,1472-3808,2167-4027,2026-04-03,NA,cam2024julac
Rural History,0956-7933,1474-0656,2026-04-03,NA,cam2024julac
Science in Context,0269-8897,1474-0664,2026-04-03,NA,cam2024julac
Scottish Journal of Theology,0036-9306,1475-3065,2026-04-03,NA,cam2024julac
Signs and Society,NA,2326-4497,2026-04-03,NA,cam2024julac
Slavic Review,0037-6779,2325-7784,2026-04-03,NA,cam2024julac
Social Philosophy and Policy,0265-0525,1471-6437,2026-04-03,NA,cam2024julac
Social Policy and Society,1474-7464,1475-3073,2026-04-03,NA,cam2024julac
Social Science History,0145-5532,1527-8034,2026-04-03,NA,cam2024julac
State Politics & Policy Quarterly,1532-4400,1946-1607,2026-04-03,NA,cam2024julac
Studies in American Political Development,0898-588X,1469-8692,2026-04-03,NA,cam2024julac
Studies in Church History,0424-2084,2059-0644,2026-04-03,NA,cam2024julac
Studies in Second Language Acquisition,0272-2631,1470-1545,2026-04-03,NA,cam2024julac
TDR,1054-2043,1531-4715,2026-04-03,NA,cam2024julac
The Americas,0003-1615,1533-6247,2026-04-03,NA,cam2024julac
The Antiquaries Journal,0001-9240,2059-6464,2026-04-03,NA,cam2024julac
The British Journal for the History of Science,0007-0874,1474-001X,2026-04-03,NA,cam2024julac
The Cambridge Classical Journal,1750-2705,2047-993X,2026-04-03,NA,cam2024julac
The Cambridge Law Journal,0008-1973,1469-2139,2026-04-03,NA,cam2024julac
The China Quarterly,0305-7410,1468-2648,2026-04-03,NA,cam2024julac
The Classical Quarterly,0009-8388,1471-6844,2026-04-03,NA,cam2024julac
The Classical Review,0009-840X,1464-3561,2026-04-03,NA,cam2024julac
The Economic and Labour Relations Review,1035-3046,1838-2673,2026-04-03,NA,cam2024julac
The Historical Journal,0018-246X,1469-5103,2026-04-03,NA,cam2024julac
The Journal of African History,0021-8537,1469-5138,2026-04-03,NA,cam2024julac
The Journal of Ecclesiastical History,0022-0469,1469-7637,2026-04-03,NA,cam2024julac
The Journal of Economic History,0022-0507,1471-6372,2026-04-03,NA,cam2024julac
The Journal of Hellenic Studies,0075-4269,2041-4099,2026-04-03,NA,cam2024julac
The Journal of Modern African Studies,0022-278X,1469-7777,2026-04-03,NA,cam2024julac
The Journal of Roman Studies,0075-4358,1753-528X,2026-04-03,NA,cam2024julac
The Journal of the Gilded Age and Progressive Era,1537-7814,1943-3557,2026-04-03,NA,cam2024julac
The Review of Politics,0034-6705,1748-6858,2026-04-03,NA,cam2024julac
Think,1477-1756,1755-1196,2026-04-03,NA,cam2024julac
Traditions of Music and Dance,3033-4233,3033-4241,2026-04-03,NA,cam2024julac
TRaNS: Trans-Regional and -National Studies of Southeast Asia,2051-364X,2051-3658,2026-04-03,NA,cam2024julac
Transactions of the Royal Historical Society,0080-4401,1474-0648,2026-04-03,NA,cam2024julac
Transnational Environmental Law,2047-1025,2047-1033,2026-04-03,NA,cam2024julac
Twentieth-Century Music,1478-5722,1478-5730,2026-04-03,NA,cam2024julac
Urban History,0963-9268,1469-8706,2026-04-03,NA,cam2024julac
Utilitas,0953-8208,1741-6183,2026-04-03,NA,cam2024julac
Victorian Literature and Culture,1060-1503,1470-1553,2026-04-03,NA,cam2024julac
Voluntas: International Journal of Voluntary and Nonprofit Organizations,0957-8765,1573-7888,2026-04-03,NA,cam2024julac
World Trade Review,1474-7456,1475-3138,2026-04-03,NA,cam2024julac
Acta Neuropsychiatrica,0924-2708,1601-5215,2026-04-03,NA,cam2024julac
Acta Numerica,0962-4929,1474-0508,2026-04-03,NA,cam2024julac
Advances in Applied Probability,0001-8678,1475-6064,2026-04-03,NA,cam2024julac
Advances in Archaeological Practice,NA,2326-3768,2026-04-03,NA,cam2024julac
Africa,0001-9720,1750-0184,2026-04-03,NA,cam2024julac
"Africa Bibliography, Research and Documentation",2752-6399,2752-6402,2026-04-03,NA,cam2024julac
African Studies Review,0002-0206,1555-2462,2026-04-03,NA,cam2024julac
Ageing & Society,0144-686X,1469-1779,2026-04-03,NA,cam2024julac
Agricultural and Resource Economics Review,1068-2805,2372-2614,2026-04-03,NA,cam2024julac
AI EDAM,0890-0604,1469-1760,2026-04-03,NA,cam2024julac
American Antiquity,0002-7316,2325-5064,2026-04-03,NA,cam2024julac
American Journal of International Law,0002-9300,2161-7953,2026-04-03,NA,cam2024julac
American Journal of Law & Medicine,0098-8588,2375-835X,2026-04-03,NA,cam2024julac
American Political Science Review,0003-0554,1537-5943,2026-04-03,NA,cam2024julac
Anatolian Studies,0066-1546,2048-0849,2026-04-03,NA,cam2024julac
Ancient Mesoamerica,0956-5361,1469-1787,2026-04-03,NA,cam2024julac
Animal Health Research Reviews,1466-2523,1475-2654,2026-04-03,NA,cam2024julac
Animal Nutriomics,2977-3776,2977-3784,2026-04-03,NA,cam2024julac
Animal Welfare,NA,2054-1538,2026-04-03,NA,cam2024julac
"Annales. Histoire, Sciences Sociales",0395-2649,1953-8146,2026-04-03,NA,cam2024julac
Annals of Actuarial Science,1748-4995,1748-5002,2026-04-03,NA,cam2024julac
Annals of Glaciology,0260-3055,1727-5644,2026-04-03,NA,cam2024julac
Annual of the British School at Athens,0068-2454,2045-2403,2026-04-03,NA,cam2024julac
Annual Review of Applied Linguistics,0267-1905,1471-6356,2026-04-03,NA,cam2024julac
Antarctic Science,0954-1020,1365-2079,2026-04-03,NA,cam2024julac
Antichthon,0066-4774,2056-8819,2026-04-03,NA,cam2024julac
Antimicrobial Stewardship & Healthcare Epidemiology,NA,2732-494X,2026-04-03,NA,cam2024julac
Antiquity,0003-598X,1745-1744,2026-04-03,NA,cam2024julac
Applied Psycholinguistics,0142-7164,1469-1817,2026-04-03,NA,cam2024julac
Archaeological Dialogues,1380-2038,1478-2294,2026-04-03,NA,cam2024julac
Archaeological Reports,0570-6084,2041-4102,2026-04-03,NA,cam2024julac
Art Libraries Journal,0307-4722,2059-7525,2026-04-03,NA,cam2024julac
Asia-Pacific Journal,NA,1557-4660,2026-04-03,NA,cam2024julac
Asian Journal of Comparative Law,2194-6078,1932-0205,2026-04-03,NA,cam2024julac
Asian Journal of International Law,2044-2513,2044-2521,2026-04-03,NA,cam2024julac
Asian Journal of Law and Society,2052-9015,2052-9023,2026-04-03,NA,cam2024julac
ASTIN Bulletin: The Journal of the IAA,0515-0361,1783-1350,2026-04-03,NA,cam2024julac
Australasian Journal of Special and Inclusive Education,2515-0731,2515-074X,2026-04-03,NA,cam2024julac
Australian Journal of Environmental Education,0814-0626,2049-775X,2026-04-03,NA,cam2024julac
Austrian History Yearbook,0067-2378,1558-5255,2026-04-03,NA,cam2024julac
Behavioural and Cognitive Psychotherapy,1352-4658,1469-1833,2026-04-03,NA,cam2024julac
Behavioural Public Policy,2398-063X,2398-0648,2026-04-03,NA,cam2024julac
Bilingualism: Language and Cognition,1366-7289,1469-1841,2026-04-03,NA,cam2024julac
Biotechnology Design,NA,2977-9057,2026-04-03,NA,cam2024julac
Bird Conservation International,0959-2709,1474-0001,2026-04-03,NA,cam2024julac
BJHS Themes,2058-850X,2056-354X,2026-04-03,NA,cam2024julac
BJPsych Advances,2056-4678,2056-4686,2026-04-03,NA,cam2024julac
BJPsych Bulletin,2056-4694,2056-4708,2026-04-03,NA,cam2024julac
BJPsych International,2056-4740,2058-6264,2026-04-03,NA,cam2024julac
BJPsych Open,NA,2056-4724,2026-04-03,NA,cam2024julac
Britannia,0068-113X,1753-5352,2026-04-03,NA,cam2024julac
British Catholic History,2055-7973,2055-7981,2026-04-03,NA,cam2024julac
British Journal of Music Education,0265-0517,1469-2104,2026-04-03,NA,cam2024julac
British Journal of Nutrition,0007-1145,1475-2662,2026-04-03,NA,cam2024julac
British Journal of Political Science,0007-1234,1469-2112,2026-04-03,NA,cam2024julac
Bulletin of Entomological Research,0007-4853,1475-2670,2026-04-03,NA,cam2024julac
Bulletin of SOAS,0041-977X,1474-0699,2026-04-03,NA,cam2024julac
Bulletin of Symbolic Logic,1079-8986,1943-5894,2026-04-03,NA,cam2024julac
Bulletin of the Australian Mathematical Society,0004-9727,1755-1633,2026-04-03,NA,cam2024julac
Business and Human Rights Journal,2057-0198,2057-0201,2026-04-03,NA,cam2024julac
Business and Politics,1369-5258,1469-3569,2026-04-03,NA,cam2024julac
Business Ethics Quarterly,1052-150X,2153-3326,2026-04-03,NA,cam2024julac
Business History Review,0007-6805,2044-768X,2026-04-03,NA,cam2024julac
Byzantine and Modern Greek Studies,0307-0131,1749-625X,2026-04-03,NA,cam2024julac
Cambridge Archaeological Journal,0959-7743,1474-0540,2026-04-03,NA,cam2024julac
Cambridge Forum on AI: Culture and Society,NA,3033-3725,2026-04-03,NA,cam2024julac
Cambridge Forum on AI: Law and Governance,NA,3033-3733,2026-04-03,NA,cam2024julac
Cambridge Forum on Corporate Climate Governance,NA,3049-8503,2026-04-03,NA,cam2024julac
Cambridge Forum on Technology and Global Affairs,NA,2977-6708,2026-04-03,NA,cam2024julac
Cambridge Journal of Postcolonial Literary Inquiry,2052-2614,2052-2622,2026-04-03,NA,cam2024julac
Cambridge Materials: Circularity,NA,2978-168X,2026-04-03,NA,cam2024julac
Cambridge Materials: Energy,NA,2978-1698,2026-04-03,NA,cam2024julac
Cambridge Materials: Health,NA,2978-1701,2026-04-03,NA,cam2024julac
Cambridge Materials: Water,NA,2978-171X,2026-04-03,NA,cam2024julac
Cambridge Opera Journal,0954-5867,1474-0621,2026-04-03,NA,cam2024julac
Cambridge Prisms: Antimicrobial Resistance,NA,2977-7550,2026-04-03,NA,cam2024julac
Cambridge Prisms: Carbon Technologies,NA,2977-0505,2026-04-03,NA,cam2024julac
Cambridge Prisms: Coastal Futures,NA,2754-7205,2026-04-03,NA,cam2024julac
Cambridge Prisms: Drylands,NA,2976-5293,2026-04-03,NA,cam2024julac
Cambridge Prisms: Energy Transitions,NA,3049-4672,2026-04-03,NA,cam2024julac
Cambridge Prisms: Extinction,NA,2755-0958,2026-04-03,NA,cam2024julac
Cambridge Prisms: Global Mental Health,NA,2054-4251,2026-04-03,NA,cam2024julac
Cambridge Prisms: Plastics,NA,2755-094X,2026-04-03,NA,cam2024julac
Cambridge Prisms: Water,NA,2755-1776,2026-04-03,NA,cam2024julac
Cambridge Quarterly of Healthcare Ethics,0963-1801,1469-2147,2026-04-03,NA,cam2024julac
Cambridge Yearbook of European Legal Studies,1528-8870,2049-7636,2026-04-03,NA,cam2024julac
Canadian Journal of Law & Jurisprudence,0841-8209,2056-4260,2026-04-03,NA,cam2024julac
Canadian Journal of Law and Society / La Revue Canadienne Droit et Société,0829-3201,1911-0227,2026-04-03,NA,cam2024julac
Canadian Journal of Linguistics/Revue canadienne de linguistique,0008-4131,1710-1115,2026-04-03,NA,cam2024julac
Canadian Journal of Mathematics,0008-414X,1496-4279,2026-04-03,NA,cam2024julac
Canadian Journal of Neurological Sciences,0317-1671,2057-0155,2026-04-03,NA,cam2024julac
Canadian Journal of Philosophy,0045-5091,1911-0820,2026-04-03,NA,cam2024julac
Canadian Journal of Political Science/Revue canadienne de science politique,0008-4239,1744-9324,2026-04-03,NA,cam2024julac
Canadian Journal on Aging / La Revue canadienne du vieillissement,0714-9808,1710-1107,2026-04-03,NA,cam2024julac
Canadian Mathematical Bulletin,0008-4395,1496-4287,2026-04-03,NA,cam2024julac
Canadian Mathematical Communications,NA,2976-8594,2026-04-03,NA,cam2024julac
Canadian Yearbook of International Law/Annuaire canadien de droit international,0069-0058,1925-0169,2026-04-03,NA,cam2024julac
Cardiology in the Young,1047-9511,1467-1107,2026-04-03,NA,cam2024julac
Central European History,0008-9389,1569-1616,2026-04-03,NA,cam2024julac
Church History,0009-6407,1755-2613,2026-04-03,NA,cam2024julac
Clay Minerals,0009-8558,1471-8030,2026-04-03,NA,cam2024julac
Clays and Clay Minerals,0009-8604,1552-8367,2026-04-03,NA,cam2024julac
CNS Spectrums,1092-8529,2165-6509,2026-04-03,NA,cam2024julac
"Combinatorics, Probability and Computing",0963-5483,1469-2163,2026-04-03,NA,cam2024julac
Comparative Studies in Society and History,0010-4175,1475-2999,2026-04-03,NA,cam2024julac
Compositio Mathematica,0010-437X,1570-5846,2026-04-03,NA,cam2024julac
Computational Humanities Research,NA,2977-8158,2026-04-03,NA,cam2024julac
Contemporary European History,0960-7773,1469-2171,2026-04-03,NA,cam2024julac
Critical Pakistan Studies,NA,2753-2712,2026-04-03,NA,cam2024julac
Dance Research Journal,0149-7677,1940-509X,2026-04-03,NA,cam2024julac
Data & Policy,NA,2632-3249,2026-04-03,NA,cam2024julac
Data-Centric Engineering,NA,2632-6736,2026-04-03,NA,cam2024julac
Democratic Theory,2332-8894,2332-8908,2026-04-03,NA,cam2024julac
Design Science,NA,2053-4701,2026-04-03,NA,cam2024julac
Development and Psychopathology,0954-5794,1469-2198,2026-04-03,NA,cam2024julac
Dialogue: Canadian Philosophical Review / Revue canadienne de philosophie,0012-2173,1759-0949,2026-04-03,NA,cam2024julac
Disaster Medicine and Public Health Preparedness,1935-7893,1938-744X,2026-04-03,NA,cam2024julac
Du Bois Review: Social Science Research on Race,1742-058X,1742-0598,2026-04-03,NA,cam2024julac
Early China,0362-5028,2325-2324,2026-04-03,NA,cam2024julac
Early Medieval England and its Neighbours,NA,3033-3679,2026-04-03,NA,cam2024julac
Early Music History,0261-1279,1474-0559,2026-04-03,NA,cam2024julac
Earth and Environmental Science Transactions of The Royal Society of Edinburgh,1755-6910,1755-6929,2026-04-03,NA,cam2024julac
Ecclesiastical Law Journal,0956-618X,1751-8539,2026-04-03,NA,cam2024julac
Econometric Theory,0266-4666,1469-4360,2026-04-03,NA,cam2024julac
Economics & Philosophy,0266-2671,1474-0028,2026-04-03,NA,cam2024julac
Eighteenth-Century Music,1478-5706,1478-5714,2026-04-03,NA,cam2024julac
English Language & Linguistics,1360-6743,1469-4379,2026-04-03,NA,cam2024julac
English Today,0266-0784,1474-0567,2026-04-03,NA,cam2024julac
Enterprise & Society,1467-2227,1467-2235,2026-04-03,NA,cam2024julac
Environment and Development Economics,1355-770X,1469-4395,2026-04-03,NA,cam2024julac
Environmental Conservation,0376-8929,1469-4387,2026-04-03,NA,cam2024julac
Environmental Data Science,NA,2634-4602,2026-04-03,NA,cam2024julac
Epidemiology & Infection,0950-2688,1469-4409,2026-04-03,NA,cam2024julac
Epidemiology and Psychiatric Sciences,2045-7960,2045-7979,2026-04-03,NA,cam2024julac
Episteme,1742-3600,1750-0117,2026-04-03,NA,cam2024julac
Ergodic Theory and Dynamical Systems,0143-3857,1469-4417,2026-04-03,NA,cam2024julac
Ethics & International Affairs,0892-6794,1747-7093,2026-04-03,NA,cam2024julac
European Constitutional Law Review,1574-0196,1744-5515,2026-04-03,NA,cam2024julac
European Journal of Applied Mathematics,0956-7925,1469-4425,2026-04-03,NA,cam2024julac
European Journal of Archaeology,1461-9571,1741-2722,2026-04-03,NA,cam2024julac
European Journal of International Security,2057-5637,2057-5645,2026-04-03,NA,cam2024julac
European Journal of Political Research,0304-4130,1475-6765,2026-04-03,NA,cam2024julac
European Journal of Risk Regulation,1867-299X,2190-8249,2026-04-03,NA,cam2024julac
European Journal of Sociology / Archives Européennes de Sociologie,0003-9756,1474-0583,2026-04-03,NA,cam2024julac
European Law Open,NA,2752-6135,2026-04-03,NA,cam2024julac
European Political Science,1680-4333,1682-0983,2026-04-03,NA,cam2024julac
European Political Science Review,1755-7739,1755-7747,2026-04-03,NA,cam2024julac
European Psychiatry,0924-9338,1778-3585,2026-04-03,NA,cam2024julac
European Review,1062-7987,1474-0575,2026-04-03,NA,cam2024julac
Evolutionary Human Sciences,NA,2513-843X,2026-04-03,NA,cam2024julac
Experimental Agriculture,0014-4797,1469-4441,2026-04-03,NA,cam2024julac
Experimental Economics,1386-4157,1573-6938,2026-04-03,NA,cam2024julac
Expert Reviews in Molecular Medicine,NA,1462-3994,2026-04-03,NA,cam2024julac
Federal Law Review,0067-205X,1444-6928,2026-04-03,NA,cam2024julac
Finance and Society,NA,2059-5999,2026-04-03,NA,cam2024julac
Financial History Review,0968-5650,1474-0052,2026-04-03,NA,cam2024julac
Flow,NA,2633-4259,2026-04-03,NA,cam2024julac
"Forum of Mathematics, Pi",NA,2050-5086,2026-04-03,NA,cam2024julac
"Forum of Mathematics, Sigma",NA,2050-5094,2026-04-03,NA,cam2024julac
Geo-Bio Interfaces,NA,2755-385X,2026-04-03,NA,cam2024julac
Geological Magazine,0016-7568,1469-5081,2026-04-03,NA,cam2024julac
German Law Journal,NA,2071-8322,2026-04-03,NA,cam2024julac
Glasgow Mathematical Journal,0017-0895,1469-509X,2026-04-03,NA,cam2024julac
Global Constitutionalism,2045-3817,2045-3825,2026-04-03,NA,cam2024julac
Global Sustainability,NA,2059-4798,2026-04-03,NA,cam2024julac
Government and Opposition,0017-257X,1477-7053,2026-04-03,NA,cam2024julac
Greece & Rome,0017-3835,1477-4550,2026-04-03,NA,cam2024julac
Gut Microbiome,NA,2632-2897,2026-04-03,NA,cam2024julac
Harvard Theological Review,0017-8160,1475-4517,2026-04-03,NA,cam2024julac
"Health Economics, Policy and Law",1744-1331,1744-134X,2026-04-03,NA,cam2024julac
Hegel Bulletin,2051-5367,2051-5375,2026-04-03,NA,cam2024julac
High Power Laser Science and Engineering,2095-4719,2052-3289,2026-04-03,NA,cam2024julac
History in Africa,0361-5413,1558-2744,2026-04-03,NA,cam2024julac
History of Education Quarterly,0018-2680,1748-5959,2026-04-03,NA,cam2024julac
Horizons,0360-9669,2050-8557,2026-04-03,NA,cam2024julac
Hypatia,0887-5367,1527-2001,2026-04-03,NA,cam2024julac
Industrial and Organizational Psychology,1754-9426,1754-9434,2026-04-03,NA,cam2024julac
Infection Control & Hospital Epidemiology,0899-823X,1559-6834,2026-04-03,NA,cam2024julac
International & Comparative Law Quarterly,0020-5893,1471-6895,2026-04-03,NA,cam2024julac
International Annals of Criminology,0003-4452,2398-676X,2026-04-03,NA,cam2024julac
International Journal of Asian Studies,1479-5914,1479-5922,2026-04-03,NA,cam2024julac
International Journal of Astrobiology,1473-5504,1475-3006,2026-04-03,NA,cam2024julac
International Journal of Cultural Property,0940-7391,1465-7317,2026-04-03,NA,cam2024julac
International Journal of Law in Context,1744-5523,1744-5531,2026-04-03,NA,cam2024julac
International Journal of Microwave and Wireless Technologies,1759-0787,1759-0795,2026-04-03,NA,cam2024julac
International Journal of Middle East Studies,0020-7438,1471-6380,2026-04-03,NA,cam2024julac
International Journal of Technology Assessment in Health Care,0266-4623,1471-6348,2026-04-03,NA,cam2024julac
International Labor and Working-Class History,0147-5479,1471-6445,2026-04-03,NA,cam2024julac
International Legal Materials,0020-7829,1930-6571,2026-04-03,NA,cam2024julac
International Organization,0020-8183,1531-5088,2026-04-03,NA,cam2024julac
International Review of Social History,0020-8590,1469-512X,2026-04-03,NA,cam2024julac
International Review of the Red Cross,1816-3831,1607-5889,2026-04-03,NA,cam2024julac
International Theory,1752-9719,1752-9727,2026-04-03,NA,cam2024julac
Invasive Plant Science and Management,1939-7291,1939-747X,2026-04-03,NA,cam2024julac
Iranian studies,0021-0862,1475-4819,2026-04-03,NA,cam2024julac
IRAQ,0021-0889,2053-4744,2026-04-03,NA,cam2024julac
Irish Historical Studies,0021-1214,2056-4139,2026-04-03,NA,cam2024julac
Irish Journal of Psychological Medicine,0790-9667,2051-6967,2026-04-03,NA,cam2024julac
Israel Law Review,0021-2237,2047-9336,2026-04-03,NA,cam2024julac
Italian Political Science Review / Rivista Italiana di Scienza Politica,0048-8402,2057-4908,2026-04-03,NA,cam2024julac
Itinerario,0165-1153,2041-2827,2026-04-03,NA,cam2024julac
Japanese Journal of Political Science,1468-1099,1474-0060,2026-04-03,NA,cam2024julac
Journal of African Law,0021-8553,1464-3731,2026-04-03,NA,cam2024julac
Journal of Agricultural and Applied Economics,1074-0708,2056-7405,2026-04-03,NA,cam2024julac
Journal of American Studies,0021-8758,1469-5154,2026-04-03,NA,cam2024julac
Journal of Anglican Studies,1740-3553,1745-5278,2026-04-03,NA,cam2024julac
Journal of Applied Probability,0021-9002,1475-6072,2026-04-03,NA,cam2024julac
Journal of Benefit-Cost Analysis,2194-5888,2152-2812,2026-04-03,NA,cam2024julac
Journal of Biosocial Science,0021-9320,1469-7599,2026-04-03,NA,cam2024julac
Journal of British Studies,0021-9371,1545-6986,2026-04-03,NA,cam2024julac
Journal of Child Language,0305-0009,1469-7602,2026-04-03,NA,cam2024julac
Journal of Chinese History 中國歷史學刊,2059-1632,2059-1640,2026-04-03,NA,cam2024julac
Journal of Clinical and Translational Science,NA,2059-8661,2026-04-03,NA,cam2024julac
Journal of Dairy Research,0022-0299,1469-7629,2026-04-03,NA,cam2024julac
Journal of Demographic Economics,2054-0892,2054-0906,2026-04-03,NA,cam2024julac
Journal of Developmental Origins of Health and Disease,2040-1744,2040-1752,2026-04-03,NA,cam2024julac
Journal of East Asian Studies,1598-2408,2234-6643,2026-04-03,NA,cam2024julac
Journal of Experimental Political Science,2052-2630,2052-2649,2026-04-03,NA,cam2024julac
Journal of Financial and Quantitative Analysis,0022-1090,1756-6916,2026-04-03,NA,cam2024julac
Journal of Financial Literacy and Wellbeing,NA,2753-3212,2026-04-03,NA,cam2024julac
Journal of Fluid Mechanics,0022-1120,1469-7645,2026-04-03,NA,cam2024julac
Journal of French Language Studies,0959-2695,1474-0079,2026-04-03,NA,cam2024julac
Journal of Germanic Linguistics,1470-5427,1475-3014,2026-04-03,NA,cam2024julac
Journal of Glaciology,0022-1430,1727-5652,2026-04-03,NA,cam2024julac
Journal of Global History,1740-0228,1740-0236,2026-04-03,NA,cam2024julac
Journal of Helminthology,0022-149X,1475-2697,2026-04-03,NA,cam2024julac
Journal of Institutional Economics,1744-1374,1744-1382,2026-04-03,NA,cam2024julac
Journal of International and Comparative Social Policy,2169-9763,2169-978X,2026-04-03,NA,cam2024julac
Journal of Latin American Studies,0022-216X,1469-767X,2026-04-03,NA,cam2024julac
Journal of Law and Courts,2164-6570,2164-6589,2026-04-03,NA,cam2024julac
Journal of Law and Religion,0748-0814,2163-3088,2026-04-03,NA,cam2024julac
"Journal of Law, Medicine & Ethics",1073-1105,1748-720X,2026-04-03,NA,cam2024julac
Journal of Linguistic Geography,NA,2049-7547,2026-04-03,NA,cam2024julac
Journal of Linguistics,0022-2267,1469-7742,2026-04-03,NA,cam2024julac
Journal of Management & Organization,1833-3672,1839-3527,2026-04-03,NA,cam2024julac
Journal of Nonlinear Waves,NA,3033-4268,2026-04-03,NA,cam2024julac
Journal of Nutritional Science,2048-6790,2048-6790,2026-04-03,NA,cam2024julac
Journal of Paleontology,0022-3360,1937-2337,2026-04-03,NA,cam2024julac
Journal of Pension Economics & Finance,1474-7472,1475-3022,2026-04-03,NA,cam2024julac
Journal of Plasma Physics,0022-3778,1469-7807,2026-04-03,NA,cam2024julac
Journal of Policy History,0898-0306,1528-4190,2026-04-03,NA,cam2024julac
Journal of Public Policy,0143-814X,1469-7815,2026-04-03,NA,cam2024julac
"Journal of Race, Ethnicity, and Politics",NA,2056-6085,2026-04-03,NA,cam2024julac
Journal of Radiotherapy in Practice,1460-3969,1467-1131,2026-04-03,NA,cam2024julac
Journal of Roman Archaeology,1047-7594,2331-5709,2026-04-03,NA,cam2024julac
Journal of Social Policy,0047-2794,1469-7823,2026-04-03,NA,cam2024julac
Journal of the American Philosophical Association,2053-4477,2053-4485,2026-04-03,NA,cam2024julac
Journal of the Australian Mathematical Society,1446-7887,1446-8107,2026-04-03,NA,cam2024julac
Journal of the Economic Science Association,2199-6784,2199-6776,2026-04-03,NA,cam2024julac
Journal of the History of Economic Thought,1053-8372,1469-9656,2026-04-03,NA,cam2024julac
Journal of the Institute of Mathematics of Jussieu,1474-7480,1475-3030,2026-04-03,NA,cam2024julac
Journal of the International Neuropsychological Society,1355-6177,1469-7661,2026-04-03,NA,cam2024julac
Journal of the International Phonetic Association,0025-1003,1475-3502,2026-04-03,NA,cam2024julac
Journal of the Marine Biological Association of the United Kingdom,0025-3154,1469-7769,2026-04-03,NA,cam2024julac
Journal of the Royal Asiatic Society,1356-1863,1474-0591,2026-04-03,NA,cam2024julac
Journal of the Royal Musical Association,0269-0403,1471-6933,2026-04-03,NA,cam2024julac
Journal of the Society for American Music,1752-1963,1752-1971,2026-04-03,NA,cam2024julac
Journal of Tropical Ecology,0266-4674,1469-7831,2026-04-03,NA,cam2024julac
Journal of Wine Economics,1931-4361,1931-437X,2026-04-03,NA,cam2024julac
Judgment and Decision Making,NA,1930-2975,2026-04-03,NA,cam2024julac
Kantian Review,1369-4154,2044-2394,2026-04-03,NA,cam2024julac
Language,0097-8507,1535-0665,2026-04-03,NA,cam2024julac
Language and Cognition,1866-9808,1866-9859,2026-04-03,NA,cam2024julac
Language in Society,0047-4045,1469-8013,2026-04-03,NA,cam2024julac
Language Teaching,0261-4448,1475-3049,2026-04-03,NA,cam2024julac
Language Variation and Change,0954-3945,1469-8021,2026-04-03,NA,cam2024julac
Latin American Antiquity,1045-6635,2325-5080,2026-04-03,NA,cam2024julac
Latin American Politics and Society,1531-426X,1548-2456,2026-04-03,NA,cam2024julac
Latin American research review,0023-8791,1542-4278,2026-04-03,NA,cam2024julac
Law & Social Inquiry,0897-6546,1747-4469,2026-04-03,NA,cam2024julac
Law & Society Review,0738-2480,1939-9022,2026-04-03,NA,cam2024julac
Law and History Review,0738-2480,1939-9022,2026-04-03,NA,cam2024julac
Legal Studies,0261-3875,1748-121X,2026-04-03,NA,cam2024julac
Legal Theory,1352-3252,1469-8048,2026-04-03,NA,cam2024julac
Leiden Journal of International Law,0922-1565,1478-9698,2026-04-03,NA,cam2024julac
Libyan Studies,0263-7189,2052-6148,2026-04-03,NA,cam2024julac
Macroeconomic Dynamics,1365-1005,1469-8056,2026-04-03,NA,cam2024julac
Management and Organization Review,1740-8776,1740-8784,2026-04-03,NA,cam2024julac
Mathematical Proceedings of the Cambridge Philosophical Society,0305-0041,1469-8064,2026-04-03,NA,cam2024julac
Mathematical Structures in Computer Science,0960-1295,1469-8072,2026-04-03,NA,cam2024julac
Medical History,0025-7273,2048-8343,2026-04-03,NA,cam2024julac
"Memory, Mind & Media",NA,2635-0238,2026-04-03,NA,cam2024julac
Mineralogical Magazine,0026-461X,1471-8022,2026-04-03,NA,cam2024julac
Modern American History,2515-0456,2397-1851,2026-04-03,NA,cam2024julac
Modern Asian Studies,0026-749X,1469-8099,2026-04-03,NA,cam2024julac
Modern Intellectual History,1479-2443,1479-2451,2026-04-03,NA,cam2024julac
Modern Italy,1353-2944,1469-9877,2026-04-03,NA,cam2024julac
Moduli,2949-7647,2977-1382,2026-04-03,NA,cam2024julac
Nagoya Mathematical Journal,0027-7630,2152-6842,2026-04-03,NA,cam2024julac
National Institute Economic Review,0027-9501,1741-3036,2026-04-03,NA,cam2024julac
Nationalities Papers,0090-5992,1465-3923,2026-04-03,NA,cam2024julac
Natural Language Processing,NA,2977-0424,2026-04-03,NA,cam2024julac
Network Science,2050-1242,2050-1250,2026-04-03,NA,cam2024julac
New Blackfriars,0028-4289,1741-2005,2026-04-03,NA,cam2024julac
New Perspectives on Turkey,0896-6346,1305-3299,2026-04-03,NA,cam2024julac
New Testament Studies,0028-6885,1469-8145,2026-04-03,NA,cam2024julac
New Theatre Quarterly,0266-464X,1474-0613,2026-04-03,NA,cam2024julac
Nineteenth-Century Music Review,1479-4098,2044-8414,2026-04-03,NA,cam2024julac
Nordic Journal of Linguistics,0332-5865,1502-4717,2026-04-03,NA,cam2024julac
Nutrition Research Reviews,0954-4224,1475-2700,2026-04-03,NA,cam2024julac
Organised Sound,1355-7718,1469-8153,2026-04-03,NA,cam2024julac
Oryx,0030-6053,1365-3008,2026-04-03,NA,cam2024julac
Paleobiology,0094-8373,1938-5331,2026-04-03,NA,cam2024julac
Palliative & Supportive Care,1478-9515,1478-9523,2026-04-03,NA,cam2024julac
Parasitology,0031-1820,1469-8161,2026-04-03,NA,cam2024julac
Personality Neuroscience,NA,2513-9886,2026-04-03,NA,cam2024julac
Perspectives on Politics,1537-5927,1541-0986,2026-04-03,NA,cam2024julac
Philosophy,0031-8191,1469-817X,2026-04-03,NA,cam2024julac
Philosophy of Science,0031-8248,1539-767X,2026-04-03,NA,cam2024julac
Phonological Data and Analysis,NA,2642-1828,2026-04-03,NA,cam2024julac
Phonology,0952-6757,1469-8188,2026-04-03,NA,cam2024julac
Plainsong & Medieval Music,0961-1371,1474-0087,2026-04-03,NA,cam2024julac
Plant Genetic Resources,1479-2621,1479-263X,2026-04-03,NA,cam2024julac
Polar Record,0032-2474,1475-3057,2026-04-03,NA,cam2024julac
Political Analysis,1047-1987,1476-4989,2026-04-03,NA,cam2024julac
Political Data Yearbook,2047-8844,2047-8852,2026-04-03,NA,cam2024julac
Political Science Research and Methods,2049-8470,2049-8489,2026-04-03,NA,cam2024julac
Politics & Gender,1743-923X,1743-9248,2026-04-03,NA,cam2024julac
Politics and Religion,1755-0483,1755-0491,2026-04-03,NA,cam2024julac
Politics and the Life Sciences,0730-9384,1471-5457,2026-04-03,NA,cam2024julac
Popular Music,0261-1430,1474-0095,2026-04-03,NA,cam2024julac
Prehospital and Disaster Medicine,1049-023X,1945-1938,2026-04-03,NA,cam2024julac
Primary Health Care Research & Development,1463-4236,1477-1128,2026-04-03,NA,cam2024julac
Probability in the Engineering and Informational Sciences,0269-9648,1469-8951,2026-04-03,NA,cam2024julac
Proceedings of the ASIL Annual Meeting,0272-5037,2169-1118,2026-04-03,NA,cam2024julac
Proceedings of the Edinburgh Mathematical Society,0013-0915,1464-3839,2026-04-03,NA,cam2024julac
Proceedings of the International Astronomical Union,1743-9213,1743-9221,2026-04-03,NA,cam2024julac
Proceedings of the Nutrition Society,0029-6651,1475-2719,2026-04-03,NA,cam2024julac
Proceedings of the Prehistoric Society,0079-497X,2050-2729,2026-04-03,NA,cam2024julac
Proceedings of the Royal Society of Edinburgh Section A: Mathematics,0308-2105,1473-7124,2026-04-03,NA,cam2024julac
PS: Political Science & Politics,1049-0965,1537-5935,2026-04-03,NA,cam2024julac
Psychological Medicine,0033-2917,1469-8978,2026-04-03,NA,cam2024julac
Psychometrika,0033-3123,1860-0980,2026-04-03,NA,cam2024julac
Public Health Nutrition,1368-9800,1475-2727,2026-04-03,NA,cam2024julac
Public Humanities,NA,2977-0173,2026-04-03,NA,cam2024julac
Publications of the Astronomical Society of Australia,1323-3580,1448-6083,2026-04-03,NA,cam2024julac
QRB Discovery,NA,2633-2892,2026-04-03,NA,cam2024julac
Quantitative Plant Biology,NA,2632-8828,2026-04-03,NA,cam2024julac
Quarterly Reviews of Biophysics,0033-5835,1469-8994,2026-04-03,NA,cam2024julac
Quaternary Research,0033-5894,1096-0287,2026-04-03,NA,cam2024julac
Radiocarbon,0033-8222,1945-5755,2026-04-03,NA,cam2024julac
ReCALL,0958-3440,1474-0109,2026-04-03,NA,cam2024julac
Religion and American Culture,1052-1151,1533-8568,2026-04-03,NA,cam2024julac
Religious Studies,0034-4125,1469-901X,2026-04-03,NA,cam2024julac
Renewable Agriculture and Food Systems,1742-1705,1742-1713,2026-04-03,NA,cam2024julac
Research Synthesis Methods,1759-2879,1759-2887,2026-04-03,NA,cam2024julac
Review of International Studies,0260-2105,1469-9044,2026-04-03,NA,cam2024julac
Review of Middle East Studies,2151-3481,2329-3225,2026-04-03,NA,cam2024julac
Revista de Historia Economica - Journal of Iberian and Latin American Economic History,0212-6109,2041-3335,2026-04-03,NA,cam2024julac
Robotica,0263-5747,1469-8668,2026-04-03,NA,cam2024julac
Royal Institute of Philosophy Supplements,1358-2461,1755-3555,2026-04-03,NA,cam2024julac
Royal Musical Association Research Chronicle,1472-3808,2167-4027,2026-04-03,NA,cam2024julac
Rural History,0956-7933,1474-0656,2026-04-03,NA,cam2024julac
Science in Context,0269-8897,1474-0664,2026-04-03,NA,cam2024julac
Scottish Journal of Theology,0036-9306,1475-3065,2026-04-03,NA,cam2024julac
Seed Science Research,0960-2585,1475-2735,2026-04-03,NA,cam2024julac
Signs and Society,2326-4489,2326-4497,2026-04-03,NA,cam2024julac
Slavic Review,0037-6779,2325-7784,2026-04-03,NA,cam2024julac
Social Philosophy and Policy,0265-0525,1471-6437,2026-04-03,NA,cam2024julac
Social Policy and Society,1474-7464,1475-3073,2026-04-03,NA,cam2024julac
Social Science History,0145-5532,1527-8034,2026-04-03,NA,cam2024julac
State Politics & Policy Quarterly,1532-4400,1946-1607,2026-04-03,NA,cam2024julac
Studies in American Political Development,0898-588X,1469-8692,2026-04-03,NA,cam2024julac
Studies in Church History,0424-2084,2059-0644,2026-04-03,NA,cam2024julac
Studies in Second Language Acquisition,0272-2631,1470-1545,2026-04-03,NA,cam2024julac
TDR,1054-2043,1531-4715,2026-04-03,NA,cam2024julac
The Aeronautical Journal,0001-9240,2059-6464,2026-04-03,NA,cam2024julac
The Americas,0003-1615,1533-6247,2026-04-03,NA,cam2024julac
The Antiquaries Journal,0003-5815,1758-5309,2026-04-03,NA,cam2024julac
The ANZIAM Journal,1446-1811,1446-8735,2026-04-03,NA,cam2024julac
The British Journal for the History of Science,0007-0874,1474-001X,2026-04-03,NA,cam2024julac
The British Journal of Psychiatry,0007-1250,1472-1465,2026-04-03,NA,cam2024julac
The Cambridge Classical Journal,1750-2705,2047-993X,2026-04-03,NA,cam2024julac
The Cambridge Law Journal,0008-1973,1469-2139,2026-04-03,NA,cam2024julac
The Canadian Entomologist,0008-347X,1918-3240,2026-04-03,NA,cam2024julac
The China Quarterly,0305-7410,1468-2648,2026-04-03,NA,cam2024julac
The Classical Quarterly,0009-8388,1471-6844,2026-04-03,NA,cam2024julac
The Classical Review,0009-840X,1464-3561,2026-04-03,NA,cam2024julac
The Cognitive Behaviour Therapist,NA,1754-470X,2026-04-03,NA,cam2024julac
The Economic and Labour Relations Review,1035-3046,1838-2673,2026-04-03,NA,cam2024julac
The Historical Journal,0018-246X,1469-5103,2026-04-03,NA,cam2024julac
The Journal of African History,0021-8537,1469-5138,2026-04-03,NA,cam2024julac
The Journal of Agricultural Science,0021-8596,1469-5146,2026-04-03,NA,cam2024julac
The Journal of Ecclesiastical History,0022-0469,1469-7637,2026-04-03,NA,cam2024julac
The Journal of Economic History,0022-0507,1471-6372,2026-04-03,NA,cam2024julac
The Journal of Hellenic Studies,0075-4269,2041-4099,2026-04-03,NA,cam2024julac
The Journal of Laryngology & Otology,0022-2151,1748-5460,2026-04-03,NA,cam2024julac
The Journal of Modern African Studies,0022-278X,1469-7777,2026-04-03,NA,cam2024julac
The Journal of Navigation,0373-4633,1469-7785,2026-04-03,NA,cam2024julac
The Journal of Roman Studies,0075-4358,1753-528X,2026-04-03,NA,cam2024julac
The Journal of Symbolic Logic,0022-4812,1943-5886,2026-04-03,NA,cam2024julac
The Journal of the Gilded Age and Progressive Era,1537-7814,1943-3557,2026-04-03,NA,cam2024julac
The Lichenologist,0024-2829,1096-1135,2026-04-03,NA,cam2024julac
The Review of Politics,0034-6705,1748-6858,2026-04-03,NA,cam2024julac
The Review of Symbolic Logic,1755-0203,1755-0211,2026-04-03,NA,cam2024julac
The Spanish Journal of Psychology,1138-7416,1988-2904,2026-04-03,NA,cam2024julac
Theory and Practice of Logic Programming,1471-0684,1475-3081,2026-04-03,NA,cam2024julac
Think,1477-1756,1755-1196,2026-04-03,NA,cam2024julac
Traditions of Music and Dance,3033-4233,3033-4241,2026-04-03,NA,cam2024julac
TRaNS: Trans-Regional and -National Studies of Southeast Asia,2051-364X,2051-3658,2026-04-03,NA,cam2024julac
Transactions of the Royal Historical Society,0080-4401,1474-0648,2026-04-03,NA,cam2024julac
Transnational Environmental Law,2047-1025,2047-1033,2026-04-03,NA,cam2024julac
Twentieth-century music,1478-5722,1478-5730,2026-04-03,NA,cam2024julac
Twin Research and Human Genetics,1832-4274,1839-2628,2026-04-03,NA,cam2024julac
Urban History,0963-9268,1469-8706,2026-04-03,NA,cam2024julac
Utilitas,0953-8208,1741-6183,2026-04-03,NA,cam2024julac
Victorian Literature and Culture,1060-1503,1470-1553,2026-04-03,NA,cam2024julac
Voluntas: International Journal of Voluntary and Nonprofit Organizations,0957-8765,1573-7888,2026-04-03,NA,cam2024julac
Wearable Technologies,NA,2631-7176,2026-04-03,NA,cam2024julac
Weed Science,0043-1745,1550-2759,2026-04-03,NA,cam2024julac
Weed Technology,0890-037X,1550-2740,2026-04-03,NA,cam2024julac
World Trade Review,1474-7456,1475-3138,2026-04-03,NA,cam2024julac
Zygote,0967-1994,1469-8730,2026-04-03,NA,cam2024julac
Abgadiyat,NA,2213-8609,2026-04-03,NA,brill2023shedl
Acta Archaeologica,0065-101X,1600-0390,2026-04-03,NA,brill2023shedl
Africa Review,0974-4053,0974-4061,2026-04-03,NA,brill2023shedl
African and Asian Studies,1569-2094,1569-2108,2026-04-03,NA,brill2023shedl
African Diaspora,NA,1872-5465,2026-04-03,NA,brill2023shedl
African Journal of Legal Studies,NA,1708-7384,2026-04-03,NA,brill2023shedl
"African Review, The",0856-0056,1821-889X,2026-04-03,NA,brill2023shedl
Afrika Focus,0772-084X,2031-356X,2026-04-03,NA,brill2023shedl
Al Abhath,0002-3973,2589-997X,2026-04-03,NA,brill2023shedl
Al-Bayan: Journal of Qur'an and Hadith Studies,2232-1950,2232-1969,2026-04-03,NA,brill2023shedl
Al-Karmil: Studies in Arabic Language and Literature,0334-8547,2949-7841,2026-04-03,NA,brill2023shedl
Al-Markaz: Majallat al-Dirāsāt al-ʿArabiyya/ المركز: مجلة الدراسات العربية,2772-8242,2772-8250,2026-04-03,NA,brill2023shedl
Alif: Journal of Comparative Poetics,1110-8673,3050-760X,2026-04-03,NA,brill2023shedl
Amphibia-Reptilia,0173-5373,1568-5381,2026-04-03,NA,brill2023shedl
Amsterdamer Beiträge zur älteren Germanistik,0165-7305,1875-6719,2026-04-03,NA,brill2023shedl
Ancient Civilizations from Scythia to Siberia,0929-077X,1570-0577,2026-04-03,NA,brill2023shedl
Animal Biology,1570-7555,1570-7563,2026-04-03,NA,brill2023shedl
"Annali Dell'Università degli Studi di Napoli ""L'Orientale""",1128-7209,1724-6172,2026-04-03,NA,brill2023shedl
"Annali, Sezione Orientale",0393-3180,2468-5631,2026-04-03,NA,brill2023shedl
Applied Linguistics Journal,2950-2233,2950-2225,2026-04-03,NA,brill2023shedl
Arab Law Quarterly,0268-0556,1573-0255,2026-04-03,NA,brill2023shedl
"Arab Yearbook of Public & Private International Law, The",NA,3050-5046,2026-04-03,NA,brill2023shedl
Arabica,0570-5398,1570-0585,2026-04-03,NA,brill2023shedl
Aramaic Studies,1477-8351,1745-5227,2026-04-03,NA,brill2023shedl
Archiv für Katholisches Kirchenrecht,0003-9160,2589-045X,2026-04-03,NA,brill2023shedl
Aries,1567-9896,1570-0593,2026-04-03,NA,brill2023shedl
Art & Perception,NA,2213-4913,2026-04-03,NA,brill2023shedl
Artes,2772-7610,2772-7629,2026-04-03,NA,brill2023shedl
Artic Review on Law and Politics,NA,2387-4562,2026-04-03,NA,brill2023shedl
Asia-Pacific Journal of Ocean Law and Policy,NA,2451-9391,2026-04-03,NA,brill2023shedl
Asia-Pacific Journal on Human Rights and the Law,1388-1906,1571-8158,2026-04-03,NA,brill2023shedl
Asia-Pacific Science Education,NA,2364-1177,2026-04-03,NA,brill2023shedl
Asian Diasporic Visual Cultures and the Americas,NA,2352-3085,2026-04-03,NA,brill2023shedl
Asian International Studies Review,2667-0836,2667-078X,2026-04-03,NA,brill2023shedl
Asian Medicine,1573-420X,1573-4218,2026-04-03,NA,brill2023shedl
Asian Review of World Histories,NA,2287-9811,2026-04-03,NA,brill2023shedl
Asiascape: Digital Asia,NA,2214-2312,2026-04-03,NA,brill2023shedl
Athīrat: Journal of Ancient Arabia,3050-4872,3050-4880,2026-04-03,NA,brill2023shedl
"Australian Year Book of International Law Online, The",NA,2666-0229,2026-04-03,NA,brill2023shedl
Austrian Review of International and European Law Online,NA,1573-6512,2026-04-03,NA,brill2023shedl
Baltic Yearbook of International Law Online,NA,2211-5897,2026-04-03,NA,brill2023shedl
Bamboo and Silk,2468-9238,2468-9246,2026-04-03,NA,brill2023shedl
Bandung: Journal of the Global South,NA,2198-3534,2026-04-03,NA,brill2023shedl
Behaviour,0005-7959,1568-539X,2026-04-03,NA,brill2023shedl
Beneficial Microbes,NA,1876-2891,2026-04-03,NA,brill2023shedl
Biblical Interpretation,0927-2569,1568-5152,2026-04-03,NA,brill2023shedl
Biblische Zeitschrift,0006-2014,2589-0468,2026-04-03,NA,brill2023shedl
"Bijdragen tot de Taal-, Land- en Volkenkunde / Journal of the Humanities and Social Sciences of Southeast Asia",0006-2294,2213-4379,2026-04-03,NA,brill2023shedl
Brill's Journal of Afroasiatic Languages and Linguistics,NA,1877-6930,2026-04-03,NA,brill2023shedl
"Buddhism, Law & Society",NA,2475-9279,2026-04-03,NA,brill2023shedl
Cahiers de Linguistique Asie Orientale,0153-3320,1960-6028,2026-04-03,NA,brill2023shedl
Canadian-American Slavic Studies,0090-8290,2210-2396,2026-04-03,NA,brill2023shedl
Caucasus Survey,2376-1199,2376-1202,2026-04-03,NA,brill2023shedl
Central Asian Affairs,2214-2282,2214-2290,2026-04-03,NA,brill2023shedl
China and Asia,NA,2589-465X,2026-04-03,NA,brill2023shedl
China Law and Society Review,NA,2542-7466,2026-04-03,NA,brill2023shedl
China Middle East Review,NA,3117-7034,2026-04-03,NA,brill2023shedl
Chinese Journal of Environmental Law,NA,2468-6042,2026-04-03,NA,brill2023shedl
Church History and Religious Culture,1871-241X,1871-2428,2026-04-03,NA,brill2023shedl
Climate Law,1878-6553,1878-6561,2026-04-03,NA,brill2023shedl
Cognitive Semantics,NA,2352-6416,2026-04-03,NA,brill2023shedl
Comparative Exercise Physiology,NA,1755-2559,2026-04-03,NA,brill2023shedl
Comparative Political Theory,NA,2666-9773,2026-04-03,NA,brill2023shedl
Comparative Sociology,1569-1322,1569-1330,2026-04-03,NA,brill2023shedl
Contemporary Arab Affairs,1755-0912,1755-0920,2026-04-03,NA,brill2023shedl
Contemporary Pragmatism,NA,1875-8185,2026-04-03,NA,brill2023shedl
Contrastive Pragmatics,NA,2666-0393,2026-04-03,NA,brill2023shedl
Contributions to Zoology,NA,1875-9866,2026-04-03,NA,brill2023shedl
Counseling and Values,0160-7960,2161-007x,2026-04-03,NA,brill2023shedl
Crossroads: An Interdisciplinary Journal of Asian Interactions,NA,2666-2523,2026-04-03,NA,brill2023shedl
Crustaceana,0011-216X,1568-5403,2026-04-03,NA,brill2023shedl
Culture and Dialogue,NA,2468-3949,2026-04-03,NA,brill2023shedl
DABIR: Digital Archive of Brief Notes & Iran Review,2470-4040,2949-7833,2026-04-03,NA,brill2023shedl
Danish Yearbook of Philosophy,0070-2749,2468-9300,2026-04-03,NA,brill2023shedl
Daphnis,0300-693X,1879-6583,2026-04-03,NA,brill2023shedl
Darah Journal of Arabian Peninsula Studies,2950-1776,2950-1768,2026-04-03,NA,brill2023shedl
Dead Sea Discoveries,0929-0761,1568-5179,2026-04-03,NA,brill2023shedl
Diaspora Studies,0973-9572,0976-3457,2026-04-03,NA,brill2023shedl
Die Welt des Islams,0043-2539,1570-0607,2026-04-03,NA,brill2023shedl
Diplomatica,2589-1766,2589-1774,2026-04-03,NA,brill2023shedl
e-Journal of Portuguese History,NA,1645-6432,2026-04-03,NA,brill2023shedl
Early Science and Medicine,1383-7427,1573-3823,2026-04-03,NA,brill2023shedl
East Asian Publishing and Society,NA,2210-6286,2026-04-03,NA,brill2023shedl
"East Asian Science, Technology, and Medicine",1562-918X,2666-9323,2026-04-03,NA,brill2023shedl
East Central Europe,0094-3037,1876-3308,2026-04-03,NA,brill2023shedl
Ecclesial Practices,2214-4463,2214-4471,2026-04-03,NA,brill2023shedl
Ecclesiology,1744-1366,1745-5316,2026-04-03,NA,brill2023shedl
"Emotions: History, Culture, Society",2206-7485,2208-522X,2026-04-03,NA,brill2023shedl
Endowments Studies,NA,2468-5968,2026-04-03,NA,brill2023shedl
Erasmus Studies,0276-2854,1874-9275,2026-04-03,NA,brill2023shedl
Erudition and the Republic of Letters,2405-5050,2405-5069,2026-04-03,NA,brill2023shedl
Eurasian Studies,1722-0750,2468-5623,2026-04-03,NA,brill2023shedl
"European Convention on Human Rights Law Review, The",2666-3228,2666-3236,2026-04-03,NA,brill2023shedl
European Journal for the History of Medicine and Health,2666-7703,2666-7711,2026-04-03,NA,brill2023shedl
European Journal of Comparative Law and Governance,NA,2213-4514,2026-04-03,NA,brill2023shedl
"European Journal of Crime, Criminal Law and Criminal Justice",0928-9569,1571-8174,2026-04-03,NA,brill2023shedl
European Journal of East Asian Studies,1568-0584,1570-0615,2026-04-03,NA,brill2023shedl
European Journal of Health Law,0929-0273,1571-8093,2026-04-03,NA,brill2023shedl
European Journal of Jewish Studies,1025-9996,1872-471X,2026-04-03,NA,brill2023shedl
European Journal of Migration and Law,1388-364X,1571-8166,2026-04-03,NA,brill2023shedl
European Review of International Studies,NA,2196-7415,2026-04-03,NA,brill2023shedl
European Yearbook of Minority Issues Online,NA,2211-6117,2026-04-03,NA,brill2023shedl
Evangelical Quarterly: An International Review of Bible and Theology,0014-3367,2772-5472,2026-04-03,NA,brill2023shedl
Exchange,0166-2740,1572-543X,2026-04-03,NA,brill2023shedl
Experiment,1084-4945,2211-730X,2026-04-03,NA,brill2023shedl
Explorations in Renaissance Culture,0098-2474,2352-6963,2026-04-03,NA,brill2023shedl
Faits de Langues,1244-5460,1958-9514,2026-04-03,NA,brill2023shedl
Fichte-Studien,0925-0166,1879-5811,2026-04-03,NA,brill2023shedl
Folia Primatologica,0015-5713,1421-9980,2026-04-03,NA,brill2023shedl
Frankokratia: A Journal for the Study of Greek Lands Under Latin Rule,2589-5923,2589-5931,2026-04-03,NA,brill2023shedl
Global Governance,1075-2846,1942-6720,2026-04-03,NA,brill2023shedl
Global Journal of Comparative Law,NA,2211-906X,2026-04-03,NA,brill2023shedl
Global Responsibility to Protect,1875-9858,1875-984X,2026-04-03,NA,brill2023shedl
Gnosis: Journal of Gnostic Studies,NA,2451-859X,2026-04-03,NA,brill2023shedl
Grazer Philosophische Studien,0165-9227,1875-6735,2026-04-03,NA,brill2023shedl
Greek and Roman Musical Studies,2212-974X,2212-9758,2026-04-03,NA,brill2023shedl
Grotiana,0167-3831,1876-0759,2026-04-03,NA,brill2023shedl
"Hague Journal of Diplomacy, The",1871-1901,1871-191X,2026-04-03,NA,brill2023shedl
Hallyu: The Korean Wave,NA,3050-5526,2026-04-03,NA,brill2023shedl
Hawwa,1569-2078,1569-2086,2026-04-03,NA,brill2023shedl
Heritage Language Journal,NA,1550-7076,2026-04-03,NA,brill2023shedl
Historical Materialism,1465-4466,1569-206X,2026-04-03,NA,brill2023shedl
History of Philosophy & Logical Analysis,2666-4283,2666-4275,2026-04-03,NA,brill2023shedl
Hobbes Studies,0921-5891,1875-0257,2026-04-03,NA,brill2023shedl
Horizons in Biblical Theology,0195-9085,1871-2207,2026-04-03,NA,brill2023shedl
IAWA Journal,NA,2294-1932,2026-04-03,NA,brill2023shedl
IMAGES,1871-7993,1871-8000,2026-04-03,NA,brill2023shedl
Implementation and Replication Studies in Mathematics Education,2667-0135,2667-0127,2026-04-03,NA,brill2023shedl
Index Islamicus,1360-0982,NA,2026-04-03,NA,brill2023shedl
Indo-European Linguistics,NA,2212-5892,2026-04-03,NA,brill2023shedl
Indo-Iranian Journal,0019-7246,1572-8536,2026-04-03,NA,brill2023shedl
Inner Asia,1464-8172,2210-5018,2026-04-03,NA,brill2023shedl
Innovation and Education,NA,2524-8502,2026-04-03,NA,brill2023shedl
Innovation in the Social Sciences,NA,2773-0611,2026-04-03,NA,brill2023shedl
Insect Systematics & Evolution,1399-560X,1876-312X,2026-04-03,NA,brill2023shedl
Intellectual History of the Islamicate World,2212-9421,2212-943X,2026-04-03,NA,brill2023shedl
Intercultural Dialogue: A Multidisciplinary Journal on Languages and Cultures,NA,3050-6107,2026-04-03,NA,brill2023shedl
Interdisciplinary Journal for Religion and Transformation in Contemporary Society,2365-3140,2364-2807,2026-04-03,NA,brill2023shedl
International Community Law Review,1871-9740,1871-9732,2026-04-03,NA,brill2023shedl
International Criminal Law Review,1567-536X,1571-8123,2026-04-03,NA,brill2023shedl
International Food and Agribusiness Management Review,NA,1559-2448,2026-04-03,NA,brill2023shedl
International Human Rights Law Review,NA,2213-1035,2026-04-03,NA,brill2023shedl
"International Journal for History, Culture and Modernity",NA,2213-0624,2026-04-03,NA,brill2023shedl
International Journal for the Study of Skepticism,2210-5697,2210-5700,2026-04-03,NA,brill2023shedl
International Journal of Asian Christianity,2542-4238,2542-4246,2026-04-03,NA,brill2023shedl
"International Journal of Children's Rights, The",0927-5568,1571-8182,2026-04-03,NA,brill2023shedl
International Journal of Divination and Prognostication,2589-9198,2589-9201,2026-04-03,NA,brill2023shedl
International Journal of Eurasian Linguistics,NA,2589-8833,2026-04-03,NA,brill2023shedl
"International Journal of Food System Dynamics, The",NA,1869-6945,2026-04-03,NA,brill2023shedl
International Journal of Islam in Asia,NA,2589-9996,2026-04-03,NA,brill2023shedl
International Journal of Jungian Studies,1940-9052,1940-9060,2026-04-03,NA,brill2023shedl
"International Journal of Marine and Coastal Law, The",0927-3522,1571-8085,2026-04-03,NA,brill2023shedl
International Journal of Military History and Historiography,2468-3299,2468-3302,2026-04-03,NA,brill2023shedl
International Journal of Parliamentary Studies,2666-8904,2666-8912,2026-04-03,NA,brill2023shedl
"International Journal of Platonic Tradition, The",NA,1872-5473,2026-04-03,NA,brill2023shedl
International Journal of Procedural Law,2034-5275,3050-4856,2026-04-03,NA,brill2023shedl
International Journal of Public Theology,NA,1569-7320,2026-04-03,NA,brill2023shedl
"International Journal of Restorative Justice, The",2589-0891,2589-0905,2026-04-03,NA,brill2023shedl
International Journal of Social Imaginaries,NA,2772-7866,2026-04-03,NA,brill2023shedl
International Journal of Taiwan Studies,2468-8797,2468-8800,2026-04-03,NA,brill2023shedl
International Journal of Wood Culture,2772-3186,2772-3194,2026-04-03,NA,brill2023shedl
International Journal on Minority and Group Rights,1385-4879,1571-8115,2026-04-03,NA,brill2023shedl
International Labor Rights Case Law,2405-688X,2405-6901,2026-04-03,NA,brill2023shedl
International Labour Law Reports Online,NA,2211-6028,2026-04-03,NA,brill2023shedl
International Negotiation,1382-340X,1571-8069,2026-04-03,NA,brill2023shedl
International Organizations Law Review,1572-3739,1572-3747,2026-04-03,NA,brill2023shedl
International Review of Pragmatics,1877-3095,1877-3109,2026-04-03,NA,brill2023shedl
Iran and the Caucasus,1609-8498,1573-384X,2026-04-03,NA,brill2023shedl
Islamic Africa,0803-0685,2154-0993,2026-04-03,NA,brill2023shedl
Islamic Intellectual Traditions,3051-1526,3051-1534,2026-04-03,NA,brill2023shedl
Islamic Law and Society,0928-9380,1568-5195,2026-04-03,NA,brill2023shedl
Islamic Studies Journal,2950-2284,2950-2276,2026-04-03,NA,brill2023shedl
Israel Journal of Ecology and Evolution,NA,2224-4662,2026-04-03,NA,brill2023shedl
Israel Journal of Plant Sciences,NA,2223-8980,2026-04-03,NA,brill2023shedl
"Italian Yearbook of International Law Online, The",NA,2211-6133,2026-04-03,NA,brill2023shedl
Journal for Continental Philosophy of Religion,NA,2588-9613,2026-04-03,NA,brill2023shedl
Journal for European Environmental & Planning Law,1613-7272,1876-0104,2026-04-03,NA,brill2023shedl
Journal for the Study of Judaism,0047-2212,1570-0631,2026-04-03,NA,brill2023shedl
Journal for the Study of the Historical Jesus,1476-8690,1745-5197,2026-04-03,NA,brill2023shedl
Journal of Abbasid Studies,2214-2363,2214-2371,2026-04-03,NA,brill2023shedl
Journal of African Archaeology,1612-1651,2191-5784,2026-04-03,NA,brill2023shedl
Journal of African Military History,NA,2468-0966,2026-04-03,NA,brill2023shedl
Journal of American-East Asian Relations,1058-3947,1876-5610,2026-04-03,NA,brill2023shedl
Journal of Ancient Judaism,1869-3296,2196-7954,2026-04-03,NA,brill2023shedl
Journal of Ancient Near Eastern Religions,1569-2116,1569-2124,2026-04-03,NA,brill2023shedl
Journal of Applied Animal Ethics Research,NA,2588-9567,2026-04-03,NA,brill2023shedl
Journal of Applied History,NA,2589-5893,2026-04-03,NA,brill2023shedl
Journal of Arabic Literature,0085-2376,1570-064x,2026-04-03,NA,brill2023shedl
"Journal of Artificial Intelligence, Risk Regulation, Law, and Policy",NA,3050-7197,2026-04-03,NA,brill2023shedl
Journal of Avant Garde Studies,NA,2589-6377,2026-04-03,NA,brill2023shedl
Journal of Bangladesh Studies,NA,2771-5086,2026-04-03,NA,brill2023shedl
Journal of Belarusian Studies,NA,2052-6512,2026-04-03,NA,brill2023shedl
Journal of Black Religious Thought,2772-7955,2772-7963,2026-04-03,NA,brill2023shedl
Journal of Central Asian History,2772-865X,2772-8668,2026-04-03,NA,brill2023shedl
Journal of Chan Buddhism,2589-7160,2589-7179,2026-04-03,NA,brill2023shedl
Journal of Chinese Humanities,NA,2352-1341,2026-04-03,NA,brill2023shedl
Journal of Chinese Military History,2212-7445,2212-7453,2026-04-03,NA,brill2023shedl
Journal of Chinese Overseas,1793-0391,1793-2548,2026-04-03,NA,brill2023shedl
Journal of Chinese Philosophy,0301-8121,1540-6253,2026-04-03,NA,brill2023shedl
Journal of Chinese Theology,NA,2772-6606,2026-04-03,NA,brill2023shedl
Journal of Cognition and Culture,1567-7095,1568-5373,2026-04-03,NA,brill2023shedl
Journal of Contemporary Chinese Philosophy,NA,2950-2799,2026-04-03,NA,brill2023shedl
Journal of Digital Islamicate Research,NA,2773-2363,2026-04-03,NA,brill2023shedl
Journal of Disability Studies in Education,NA,2588-8803,2026-04-03,NA,brill2023shedl
Journal of Early American History,1877-0223,1877-0703,2026-04-03,NA,brill2023shedl
Journal of Early Modern History,1385-3783,1570-0658,2026-04-03,NA,brill2023shedl
Journal of Eastern Christian Studies,1783-1555,1783-1520,2026-04-03,NA,brill2023shedl
Journal of Egyptian History,1874-1657,1874-1665,2026-04-03,NA,brill2023shedl
Journal of Empirical Theology,0922-2936,1570-9256,2026-04-03,NA,brill2023shedl
Journal of Femininities,NA,2950-1229,2026-04-03,NA,brill2023shedl
Journal of Global Slavery,NA,2405-836X,2026-04-03,NA,brill2023shedl
Journal of Greek Linguistics,NA,1569-9846,2026-04-03,NA,brill2023shedl
Journal of Hip-Hop and Education,NA,3050-5887,2026-04-03,NA,brill2023shedl
Journal of Indian Knowledge Systems,NA,3051-0171,2026-04-03,NA,brill2023shedl
Journal of Insects as Food and Feed,NA,2352-4588,2026-04-03,NA,brill2023shedl
Journal of International Humanitarian Legal Studies,1878-1373,1878-1527,2026-04-03,NA,brill2023shedl
Journal of International Peacekeeping,1875-4104,1875-4112,2026-04-03,NA,brill2023shedl
Journal of Islamic Ethics,2468-5534,2468-5542,2026-04-03,NA,brill2023shedl
Journal of Islamic Manuscripts,1878-4631,1878-464X,2026-04-03,NA,brill2023shedl
Journal of Japonisme,2405-4984,2405-4992,2026-04-03,NA,brill2023shedl
Journal of Jesuit Studies,2214-1324,2214-1332,2026-04-03,NA,brill2023shedl
Journal of Jewish Languages,NA,2213-4638,2026-04-03,NA,brill2023shedl
"Journal of Jewish Thought and Philosophy, The",1053-699X,1477-285X,2026-04-03,NA,brill2023shedl
Journal of Labor and Society,NA,2471-4607,2026-04-03,NA,brill2023shedl
Journal of Language Contact,NA,1955-2629,2026-04-03,NA,brill2023shedl
Journal of Literary Multilingualism,NA,2667-324x,2026-04-03,NA,brill2023shedl
Journal of Material Cultures in the Muslim World,2666-6278,2666-6286,2026-04-03,NA,brill2023shedl
Journal of Migration History,2351-9916,2351-9924,2026-04-03,NA,brill2023shedl
Journal of Modern Russian History and Historiography,1947-9956,2210-2388,2026-04-03,NA,brill2023shedl
Journal of Moral Philosophy,1740-4681,1745-5243,2026-04-03,NA,brill2023shedl
Journal of Muslims in Europe,2211-792X,2211-7954,2026-04-03,NA,brill2023shedl
Journal of Pacifism and Nonviolence,NA,2772-7882,2026-04-03,NA,brill2023shedl
Journal of Pentecostal Theology,0966-7369,1745-5251,2026-04-03,NA,brill2023shedl
Journal of Persianate Studies,1874-7094,1874-7167,2026-04-03,NA,brill2023shedl
Journal of Phenomenological Psychology,0047-2662,1569-1624,2026-04-03,NA,brill2023shedl
Journal of Plant-Arthropod-Microbe Interactions,NA,2950-1679,2026-04-03,NA,brill2023shedl
Journal of Reformed Theology,1872-5163,1569-7312,2026-04-03,NA,brill2023shedl
Journal of Religion in Africa,0022-4200,1570-0666,2026-04-03,NA,brill2023shedl
Journal of Religion in Europe,1874-8910,1874-8929,2026-04-03,NA,brill2023shedl
Journal of Religion in Japan,2211-8330,2211-8349,2026-04-03,NA,brill2023shedl
"Journal of Religion, Media and Digital Culture",NA,2165-9214,2026-04-03,NA,brill2023shedl
Journal of Religious Minorities under Muslim Rule,2773-2134,2773-2142,2026-04-03,NA,brill2023shedl
Journal of Science of Learning and Innovations,NA,2949-7736,2026-04-03,NA,brill2023shedl
Journal of Silk Roads Heritage,NA,3117-3802,2026-04-03,NA,brill2023shedl
Journal of Sindhi Studies,NA,2667-0925,2026-04-03,NA,brill2023shedl
Journal of Social Innovation and Knowledge,NA,2950-2683,2026-04-03,NA,brill2023shedl
"Journal of South Asian Intellectual History, The",2542-5544,2542-5552,2026-04-03,NA,brill2023shedl
Journal of Sufi Studies,2210-5948,2210-5956,2026-04-03,NA,brill2023shedl
Journal of the Economic and Social History of the Orient,0022-4995,1568-5209,2026-04-03,NA,brill2023shedl
Journal of the European Mosquito Control Association,NA,2054-930X,2026-04-03,NA,brill2023shedl
Journal of the History of International Law / Revue d'histoire du droit international,1388-199X,1571-8050,2026-04-03,NA,brill2023shedl
Journal of the History of Women Philosophers and Scientists,NA,2666-318X,2026-04-03,NA,brill2023shedl
Journal of the Philosophy of History,1872-261X,1872-2636,2026-04-03,NA,brill2023shedl
Journal of Urdu Studies,2665-9042,2665-9050,2026-04-03,NA,brill2023shedl
"Journal of World Investment & Trade, The",1660-7112,2211-9000,2026-04-03,NA,brill2023shedl
Journal of World Literature,2405-6472,2405-6480,2026-04-03,NA,brill2023shedl
Journal of Youth and Theology,NA,2405-5093,2026-04-03,NA,brill2023shedl
"Korean Journal of International and Comparative Law, The",NA,2213-4484,2026-04-03,NA,brill2023shedl
KronoScope,NA,1568-5241,2026-04-03,NA,brill2023shedl
Kurdish Studies Journal,2950-2306,2950-2292,2026-04-03,NA,brill2023shedl
Language Dynamics and Change,NA,2210-5832,2026-04-03,NA,brill2023shedl
Latin American and Caribbean Journal of International Law,NA,3050-8088,2026-04-03,NA,brill2023shedl
Law & Geoeconomics,NA,2950-5720,2026-04-03,NA,brill2023shedl
"Law & Practice of International Courts and Tribunals, The",1569-1853,1571-8034,2026-04-03,NA,brill2023shedl
Lithuanian Historical Studies,1392-2343,2538-6565,2026-04-03,NA,brill2023shedl
Logos,0957-9656,1878-4712,2026-04-03,NA,brill2023shedl
Malta Journal for Legal Studies,NA,3050-8762,2026-04-03,NA,brill2023shedl
Matatu,0932-9714,1875-7421,2026-04-03,NA,brill2023shedl
Max Planck Yearbook of United Nations Law Online,NA,1875-7413,2026-04-03,NA,brill2023shedl
"Medieval Chronicle, The",1567-2336,1879-5927,2026-04-03,NA,brill2023shedl
Medieval Encounters,1380-7854,1570-0674,2026-04-03,NA,brill2023shedl
Memory Studies Review,NA,2949-8902,2026-04-03,NA,brill2023shedl
Méthexis,0327-0289,2468-0974,2026-04-03,NA,brill2023shedl
Method & Theory in the Study of Religion,0943-3058,1570-0682,2026-04-03,NA,brill2023shedl
Middle East Journal of Culture and Communication,NA,1873-9865,2026-04-03,NA,brill2023shedl
Middle East Journal of Social Sciences: گۆڤارا ڕۆژهەلاتا ناڤەڕاست یا زانستێن جڤاکی,NA,3051-1801,2026-04-03,NA,brill2023shedl
Middle East Law and Governance,1876-3367,1876-3375,2026-04-03,NA,brill2023shedl
Ming Qing Yanjiu,NA,2468-4791,2026-04-03,NA,brill2023shedl
Mission Studies,0168-9789,1573-3831,2026-04-03,NA,brill2023shedl
Mnemosyne,0026-7074,1568-525X,2026-04-03,NA,brill2023shedl
Multisensory Research,2213-4794,2213-4808,2026-04-03,NA,brill2023shedl
Muqarnas Online,NA,2211-8993,2026-04-03,NA,brill2023shedl
NAN NÜ,1387-6805,1568-5268,2026-04-03,NA,brill2023shedl
Nematology,1388-5545,1568-5411,2026-04-03,NA,brill2023shedl
Netherlands Yearbook for History of Art / Nederlands Kunsthistorisch Jaarboek Online,NA,2214-5966,2026-04-03,NA,brill2023shedl
New West Indian Guide / Nieuwe West-Indische Gids,1382-2373,2213-4360,2026-04-03,NA,brill2023shedl
New Zealand Yearbook of International Law Online,NA,3050-5631,2026-04-03,NA,brill2023shedl
Nordic Journal of International Law,0902-7351,1571-8107,2026-04-03,NA,brill2023shedl
Notebooks: The Journal for Studies on Power,2666-7177,2666-7185,2026-04-03,NA,brill2023shedl
Novum Testamentum,0048-1009,1568-5365,2026-04-03,NA,brill2023shedl
Numen,0029-5973,1568-5276,2026-04-03,NA,brill2023shedl
Nuncius,0394-7394,1825-3911,2026-04-03,NA,brill2023shedl
Ocean Yearbook Online,NA,2211-6001,2026-04-03,NA,brill2023shedl
Old World: Journal of Ancient Africa and Eurasia,NA,2667-0755,2026-04-03,NA,brill2023shedl
Oriens,0078-6527,1877-8372,2026-04-03,NA,brill2023shedl
Oriente Moderno,0030-5472,2213-8617,2026-04-03,NA,brill2023shedl
Oud Holland - Quarterly for Dutch Art History,0030-672X,1875-0176,2026-04-03,NA,brill2023shedl
"Palestine Yearbook of International Law Online, The",NA,2211-6141,2026-04-03,NA,brill2023shedl
Papers in Education and Development,NA,2665-0746,2026-04-03,NA,brill2023shedl
Paragone: Past and Present,NA,2476-1168,2026-04-03,NA,brill2023shedl
Perspectives on Global Development and Technology,1569-1500,1569-1497,2026-04-03,NA,brill2023shedl
Philippine Political Science Journal,0115-4451,2165-025X,2026-04-03,NA,brill2023shedl
Philological Encounters,2451-9189,2451-9197,2026-04-03,NA,brill2023shedl
Philosophia Reformata,0031-8035,2352-8230,2026-04-03,NA,brill2023shedl
Philosophical Studies Journal,2950-2268,2950-225X,2026-04-03,NA,brill2023shedl
Phronesis,0031-8868,1568-5284,2026-04-03,NA,brill2023shedl
Pneuma,0272-0965,1570-0747,2026-04-03,NA,brill2023shedl
Poetica,0303-4178,2589-0530,2026-04-03,NA,brill2023shedl
Polis: The Journal for Ancient Greek Political Thought,0142-257X,2051-2996,2026-04-03,NA,brill2023shedl
Political Anthropological Research on International Social Sciences (PARISS),2590-3284,2590-3276,2026-04-03,NA,brill2023shedl
Populism,NA,2588-8072,2026-04-03,NA,brill2023shedl
Portuguese Yearbook of the Law of the Sea,NA,2950-1636,2026-04-03,NA,brill2023shedl
Proceedings of the Boston Area Colloquium in Ancient Philosophy,NA,2213-4417,2026-04-03,NA,brill2023shedl
Protest,NA,2667-372X,2026-04-03,NA,brill2023shedl
Public Anthropologist,NA,2589-1715,2026-04-03,NA,brill2023shedl
Quaderni di Studi Arabi,1121-2306,2667-016X,2026-04-03,NA,brill2023shedl
Quaerendo,0014-9527,1570-0690,2026-04-03,NA,brill2023shedl
Religion & Human Rights,1871-031X,1871-0328,2026-04-03,NA,brill2023shedl
Religion and Development,2750-7947,2750-7955,2026-04-03,NA,brill2023shedl
Religion and Gender,2589-8051,1878-5417,2026-04-03,NA,brill2023shedl
Religion and the Arts,1079-9265,1568-5292,2026-04-03,NA,brill2023shedl
Religion and Theology,1023-0807,1574-3012,2026-04-03,NA,brill2023shedl
Research in Integrated STEM Education,NA,2772-6673,2026-04-03,NA,brill2023shedl
Research in Phenomenology,0085-5553,1569-1640,2026-04-03,NA,brill2023shedl
Review of Central and East European Law,0925-9880,1573-0352,2026-04-03,NA,brill2023shedl
Review of Rabbinic Judaism,NA,1570-0704,2026-04-03,NA,brill2023shedl
Review of Religion and Chinese Society,NA,2214-3955,2026-04-03,NA,brill2023shedl
Revue de Synthèse,0035-1776,1955-2343,2026-04-03,NA,brill2023shedl
Rural China,NA,2213-6746,2026-04-03,NA,brill2023shedl
Russian History,0094-288X,1876-3316,2026-04-03,NA,brill2023shedl
Russian Politics,2451-8913,2451-8921,2026-04-03,NA,brill2023shedl
Samuel Beckett Today / Aujourd'hui,0927-3131,1875-7405,2026-04-03,NA,brill2023shedl
Scottish Educational Review,NA,2773-0840,2026-04-03,NA,brill2023shedl
Scrinium,NA,1817-7565,2026-04-03,NA,brill2023shedl
Secular Studies,NA,2589-2525,2026-04-03,NA,brill2023shedl
Shii Studies Review,2468-2462,2468-2470,2026-04-03,NA,brill2023shedl
Simone de Beauvoir Studies,1063-2042,2589-7616,2026-04-03,NA,brill2023shedl
Social Sciences and Missions,1874-8937,1874-8945,2026-04-03,NA,brill2023shedl
Society & Animals,1063-1119,1568-5306,2026-04-03,NA,brill2023shedl
Sociology of Islam,2213-140X,2213-1418,2026-04-03,NA,brill2023shedl
Southeastern Europe,0094-4467,1876-3332,2026-04-03,NA,brill2023shedl
"Soviet and Post-Soviet Review, The",1075-1262,1876-3324,2026-04-03,NA,brill2023shedl
Sprache und Literatur,1438-1680,2589-0859,2026-04-03,NA,brill2023shedl
Studi Maghrebini/North African Studies,0585-4954,2590-034X,2026-04-03,NA,brill2023shedl
Studia Islamica,0585-5292,1958-5705,2026-04-03,NA,brill2023shedl
Studies in the African Past,NA,2546-2237,2026-04-03,NA,brill2023shedl
Studies in World Cinema,2665-9883,2665-9891,2026-04-03,NA,brill2023shedl
T'oung Pao,0082-5433,1568-5322,2026-04-03,NA,brill2023shedl
Taḥqīq: Journal of Islamic Thought and History,3051-2859,3051-2867,2026-04-03,NA,brill2023shedl
Textus,0082-3767,2589-255X,2026-04-03,NA,brill2023shedl
Tijdschrift voor Rechtsgeschiedenis / Revue d’histoire du droit / The Legal History Review,0040-7585,1571-8190,2026-04-03,NA,brill2023shedl
Timing & Time Perception,NA,2213-4468,2026-04-03,NA,brill2023shedl
Translocal Chinese: East Asian Perspectives,2452-2007,2452-2015,2026-04-03,NA,brill2023shedl
Triple Helix,NA,2197-1927,2026-04-03,NA,brill2023shedl
Turkish Historical Review,1877-5454,1877-5462,2026-04-03,NA,brill2023shedl
"Utafiti, Journal of the Humanities of Tanzania",0856-096X,2683-6408,2026-04-03,NA,brill2023shedl
"Vatican Library Review, The",2772-8633,2772-8641,2026-04-03,NA,brill2023shedl
Vetus Testamentum,0042-4935,1568-5330,2026-04-03,NA,brill2023shedl
Video Journal of Education and Pedagogy,NA,2364-4583,2026-04-03,NA,brill2023shedl
Vierteljahrsschrift für wissenschaftliche Pädagogik,0507-7230,2589-0581,2026-04-03,NA,brill2023shedl
Vigiliae Christianae,0042-6032,1570-0720,2026-04-03,NA,brill2023shedl
Vivarium,0042-7543,1568-5349,2026-04-03,NA,brill2023shedl
World Mycotoxin Journal,NA,1875-0796,2026-04-03,NA,brill2023shedl
"Worldviews: Religions, Culture, and Ecology",1363-5247,1568-5357,2026-04-03,NA,brill2023shedl
"Year's Work in Modern Language Studies, The",0084-4152,2222-4297,2026-04-03,NA,brill2023shedl
Yearbook of Ancient Greek Epic Online,NA,2468-8487,2026-04-03,NA,brill2023shedl
Yearbook of International Disaster Law,NA,2666-2531,2026-04-03,NA,brill2023shedl
Yearbook of Islamic and Middle Eastern Law Online,NA,2211-2987,2026-04-03,NA,brill2023shedl
Yearbook of Legal Practices and International Organizations,NA,3050-550X,2026-04-03,NA,brill2023shedl
"Yearbook of Polar Law Online, The",NA,2211-6427,2026-04-03,NA,brill2023shedl
Yearbook of Private International Law,1566-6352,2510-8948,2026-04-03,NA,brill2023shedl
Youth and Globalization,2589-5737,2589-5745,2026-04-03,NA,brill2023shedl
Zeitschrift für medizinische Ethik,0944-7652,2949-8570,2026-04-03,NA,brill2023shedl
Zeitschrift für Religions- und Geistesgeschichte,0044-3441,1570-0739,2026-04-03,NA,brill2023shedl
Zutot: Perspectives on Jewish Culture,NA,1875-0214,2026-04-03,NA,brill2023shedl
